Frame,root_translateX,root_translateY,root_translateZ,root_rotateX,root_rotateY,root_rotateZ,left_hip_pitch_joint_dof,left_hip_roll_joint_dof,left_hip_yaw_joint_dof,left_knee_joint_dof,left_ankle_pitch_joint_dof,left_ankle_roll_joint_dof,right_hip_pitch_joint_dof,right_hip_roll_joint_dof,right_hip_yaw_joint_dof,right_knee_joint_dof,right_ankle_pitch_joint_dof,right_ankle_roll_joint_dof,waist_yaw_joint_dof,waist_roll_joint_dof,waist_pitch_joint_dof,left_shoulder_pitch_joint_dof,left_shoulder_roll_joint_dof,left_shoulder_yaw_joint_dof,left_elbow_joint_dof,left_wrist_roll_joint_dof,left_wrist_pitch_joint_dof,left_wrist_yaw_joint_dof,right_shoulder_pitch_joint_dof,right_shoulder_roll_joint_dof,right_shoulder_yaw_joint_dof,right_elbow_joint_dof,right_wrist_roll_joint_dof,right_wrist_pitch_joint_dof,right_wrist_yaw_joint_dof
0.000000,788.924377,1005.315430,78.695770,-1.474828,-0.028892,85.172290,3.248047,4.633591,8.338083,9.114456,-11.905404,-2.237275,-2.161336,-3.621435,-18.382675,8.300694,-4.984043,1.111373,0.273351,1.289603,0.400787,-2.822879,14.757004,-35.566948,64.898323,-5.389747,-2.881041,2.749156,-1.928698,-15.019031,37.782970,65.059242,13.143563,-4.978420,-14.238331
1.000000,788.923950,1005.320557,78.695503,-1.475526,-0.024152,85.170440,3.248658,4.631915,8.339073,9.111659,-11.908147,-2.235504,-2.163097,-3.620285,-18.384796,8.302808,-4.988716,1.111645,0.273724,1.284004,0.402974,-2.822698,14.759311,-35.566238,64.895302,-5.390703,-2.880203,2.750344,-1.927291,-15.018852,37.782532,65.055252,13.139499,-4.976750,-14.240788
2.000000,788.923401,1005.326660,78.695183,-1.476390,-0.018548,85.168129,3.249336,4.629725,8.340483,9.108218,-11.911735,-2.233202,-2.165383,-3.618788,-18.387421,8.305338,-4.994583,1.111851,0.274211,1.276647,0.405661,-2.822463,14.762318,-35.565304,64.891441,-5.391950,-2.879129,2.751847,-1.925433,-15.018566,37.781994,65.050133,13.134232,-4.974508,-14.243930
3.000000,788.922668,1005.332642,78.694878,-1.477310,-0.012928,85.165717,3.249860,4.627546,8.342025,9.105007,-11.915393,-2.230868,-2.167700,-3.617249,-18.389954,8.307676,-5.000252,1.111973,0.274716,1.269009,0.408138,-2.822216,14.765383,-35.564342,64.887611,-5.393221,-2.878034,2.753313,-1.923506,-15.018182,37.781517,65.045021,13.128899,-4.972135,-14.247053
4.000000,788.921936,1005.338867,78.694557,-1.478334,-0.007117,85.163142,3.250230,4.625424,8.343657,9.102098,-11.919116,-2.228534,-2.169997,-3.615672,-18.392397,8.309809,-5.005656,1.112088,0.275230,1.261248,0.410377,-2.821957,14.768451,-35.563400,64.883858,-5.394490,-2.876920,2.754724,-1.921532,-15.017727,37.781094,65.039986,13.123572,-4.969675,-14.250129
5.000000,788.920959,1005.345032,78.694252,-1.479436,-0.001308,85.160485,3.250401,4.623849,8.344954,9.100106,-11.922012,-2.226750,-2.171727,-3.614452,-18.394201,8.311287,-5.009570,1.112197,0.275624,1.255377,0.411913,-2.821744,14.770758,-35.562702,64.881042,-5.395453,-2.876055,2.755764,-1.920008,-15.017362,37.780800,65.036224,13.119535,-4.967754,-14.252449
6.000000,788.919983,1005.351257,78.693947,-1.480610,0.004519,85.157750,3.250491,4.621781,8.346763,9.097730,-11.925980,-2.224338,-2.174011,-3.612813,-18.396549,8.313079,-5.014546,1.112392,0.276150,1.247702,0.413752,-2.821429,14.773779,-35.561813,64.877350,-5.396733,-2.874871,2.757116,-1.917953,-15.016880,37.780426,65.031296,13.114169,-4.965131,-14.255548
7.000000,788.918762,1005.357544,78.693642,-1.481877,0.010485,85.154858,3.250433,4.619724,8.348661,9.095634,-11.930081,-2.221857,-2.176288,-3.611161,-18.398848,8.314690,-5.019281,1.112654,0.276677,1.240250,0.415367,-2.821066,14.776730,-35.560966,64.873695,-5.398011,-2.873641,2.758446,-1.915873,-15.016421,37.780067,65.026428,13.108802,-4.962433,-14.258685
8.000000,788.917480,1005.363770,78.693336,-1.483195,0.016385,85.151924,3.250225,4.617680,8.350649,9.093820,-11.934301,-2.219301,-2.178559,-3.609502,-18.401093,8.316115,-5.023749,1.112982,0.277205,1.233165,0.416757,-2.820645,14.779575,-35.560184,64.870071,-5.399281,-2.872363,2.759759,-1.913785,-15.016020,37.779709,65.021652,13.103445,-4.959670,-14.261875
9.000000,788.916077,1005.369934,78.693047,-1.484572,0.022285,85.148898,3.249878,4.615670,8.352694,9.092298,-11.938566,-2.216694,-2.180797,-3.607859,-18.403271,8.317360,-5.027896,1.113365,0.277726,1.226628,0.417904,-2.820162,14.782256,-35.559483,64.866547,-5.400522,-2.871047,2.761049,-1.911726,-15.015700,37.779339,65.017014,13.098173,-4.956886,-14.265092
10.000000,788.914612,1005.376038,78.692764,-1.486011,0.028121,85.145814,3.249362,4.613656,8.354849,9.091039,-11.942966,-2.213924,-2.183091,-3.606165,-18.405487,8.318487,-5.031769,1.113799,0.278253,1.220548,0.418784,-2.819574,14.784822,-35.558846,64.863007,-5.401773,-2.869622,2.762368,-1.909631,-15.015482,37.778942,65.012375,13.092794,-4.953969,-14.268465
11.000000,788.913086,1005.381775,78.692497,-1.487424,0.033708,85.142772,3.248746,4.611668,8.357043,9.090030,-11.947376,-2.211110,-2.185346,-3.604501,-18.407658,8.319485,-5.035378,1.114277,0.278772,1.215067,0.419401,-2.818905,14.787202,-35.558304,64.859558,-5.402983,-2.868145,2.763675,-1.907572,-15.015364,37.778538,65.007881,13.087494,-4.951036,-14.271873
12.000000,788.911438,1005.387695,78.692215,-1.488898,0.039419,85.139525,3.248051,4.609704,8.359274,9.089236,-11.951776,-2.208259,-2.187564,-3.602857,-18.409801,8.320380,-5.038757,1.114776,0.279284,1.210123,0.419775,-2.818153,14.789412,-35.557835,64.856194,-5.404149,-2.866610,2.764973,-1.905543,-15.015330,37.778122,65.003510,13.082253,-4.948082,-14.275320
13.000000,788.909851,1005.393188,78.691963,-1.490301,0.044748,85.136370,3.247472,4.608215,8.361005,9.088764,-11.955120,-2.206052,-2.189240,-3.601607,-18.411432,8.321009,-5.041194,1.115156,0.279670,1.206687,0.419899,-2.817520,14.790999,-35.557537,64.853676,-5.405012,-2.865390,2.765967,-1.904004,-15.015371,37.777794,65.000237,13.078268,-4.945802,-14.277991
14.000000,788.908264,1005.398560,78.691711,-1.491692,0.049955,85.133134,3.246667,4.606264,8.363320,9.088300,-11.959490,-2.203115,-2.191420,-3.599964,-18.413586,8.321787,-5.044231,1.115640,0.280170,1.202594,0.419859,-2.816605,14.792954,-35.557209,64.850403,-5.406110,-2.863721,2.767284,-1.901986,-15.015501,37.777348,64.996002,13.073038,-4.942766,-14.281564
15.000000,788.906677,1005.403687,78.691467,-1.493082,0.054997,85.129833,3.245817,4.604342,8.365659,9.088017,-11.963766,-2.200127,-2.193574,-3.598316,-18.415768,8.322539,-5.046997,1.116076,0.280655,1.199027,0.419545,-2.815584,14.794745,-35.556961,64.847191,-5.407161,-2.861958,2.768618,-1.899971,-15.015731,37.776882,64.991852,13.067813,-4.939673,-14.285210
16.000000,788.905090,1005.408569,78.691246,-1.494435,0.059835,85.126457,3.244951,4.602423,8.368032,9.087895,-11.967964,-2.197128,-2.195678,-3.596676,-18.417955,8.323257,-5.049592,1.116453,0.281128,1.195957,0.418999,-2.814466,14.796381,-35.556797,64.844025,-5.408164,-2.860117,2.769964,-1.897964,-15.016059,37.776402,64.987793,13.062599,-4.936540,-14.288921
17.000000,788.903625,1005.413086,78.691025,-1.495701,0.064295,85.123105,3.244092,4.600528,8.370405,9.087927,-11.971998,-2.194165,-2.197699,-3.595065,-18.420120,8.323936,-5.051978,1.116740,0.281583,1.193419,0.418254,-2.813267,14.797852,-35.556713,64.840958,-5.409109,-2.858228,2.771307,-1.895991,-15.016479,37.775894,64.983864,13.057466,-4.933411,-14.292647
18.000000,788.902222,1005.417053,78.690834,-1.496837,0.068241,85.119900,3.243449,4.599099,8.372214,9.088045,-11.974944,-2.191932,-2.199182,-3.593857,-18.421759,8.324436,-5.053649,1.116886,0.281916,1.191831,0.417561,-2.812303,14.798861,-35.556694,64.838684,-5.409791,-2.856758,2.772327,-1.894510,-15.016860,37.775505,64.980949,13.053602,-4.931029,-14.295497
19.000000,788.900879,1005.420776,78.690651,-1.497910,0.071999,85.116571,3.242620,4.597207,8.374616,9.088303,-11.978663,-2.189005,-2.201084,-3.592278,-18.423920,8.325098,-5.055701,1.116966,0.282350,1.190040,0.416487,-2.810959,14.800096,-35.556728,64.835716,-5.410652,-2.854762,2.773681,-1.892558,-15.017415,37.774979,64.977165,13.048519,-4.927858,-14.299299
20.000000,788.899597,1005.424194,78.690475,-1.498905,0.075460,85.113208,3.241821,4.595311,8.377032,9.088659,-11.982175,-2.186062,-2.202943,-3.590689,-18.426144,8.325811,-5.057563,1.116882,0.282788,1.188368,0.415190,-2.809528,14.801280,-35.556808,64.832787,-5.411472,-2.852664,2.775053,-1.890562,-15.017985,37.774460,64.973396,13.043386,-4.924599,-14.303172
21.000000,788.898438,1005.427246,78.690323,-1.499808,0.078574,85.109816,3.241082,4.593446,8.379415,9.089101,-11.985423,-2.183191,-2.204705,-3.589111,-18.428373,8.326558,-5.059259,1.116634,0.283221,1.186785,0.413737,-2.808048,14.802407,-35.556923,64.829933,-5.412236,-2.850524,2.776412,-1.888556,-15.018552,37.773964,64.969711,13.038302,-4.921326,-14.307024
22.000000,788.897400,1005.430054,78.690178,-1.500625,0.081332,85.106366,3.240412,4.591615,8.381761,9.089620,-11.988391,-2.180406,-2.206361,-3.587547,-18.430601,8.327322,-5.060765,1.116209,0.283646,1.185291,0.412162,-2.806534,14.803476,-35.557068,64.827156,-5.412947,-2.848358,2.777755,-1.886546,-15.019114,37.773483,64.966125,13.033295,-4.918055,-14.310834
23.000000,788.896423,1005.432251,78.690048,-1.501345,0.083679,85.102897,3.239806,4.589780,8.384115,9.090228,-11.991117,-2.177653,-2.207932,-3.585971,-18.432859,8.328115,-5.062080,1.115584,0.284067,1.183857,0.410458,-2.804964,14.804515,-35.557243,64.824402,-5.413622,-2.846132,2.779110,-1.884494,-15.019681,37.773026,64.962570,13.028269,-4.914731,-14.314662
24.000000,788.895569,1005.434021,78.689949,-1.501963,0.085583,85.099424,3.239287,4.587990,8.386411,9.090903,-11.993525,-2.175011,-2.209371,-3.584432,-18.435076,8.328913,-5.063158,1.114778,0.284469,1.182524,0.408696,-2.803390,14.805491,-35.557438,64.821747,-5.414248,-2.843918,2.780439,-1.882462,-15.020239,37.772583,64.959122,13.023373,-4.911457,-14.318397
25.000000,788.894775,1005.435364,78.689865,-1.502471,0.087018,85.096025,3.238943,4.586617,8.388174,9.091475,-11.995192,-2.173015,-2.210405,-3.583253,-18.436779,8.329535,-5.063834,1.114020,0.284773,1.181550,0.407287,-2.802157,14.806217,-35.557598,64.819733,-5.414704,-2.842196,2.781462,-1.880885,-15.020669,37.772243,64.956512,13.019628,-4.908928,-14.321259
26.000000,788.894104,1005.436218,78.689804,-1.502882,0.088028,85.092617,3.238562,4.584809,8.390492,9.092297,-11.997144,-2.170432,-2.211674,-3.581708,-18.439014,8.330374,-5.064524,1.112846,0.285167,1.180333,0.405373,-2.800506,14.807142,-35.557835,64.817108,-5.415277,-2.839906,2.782815,-1.878792,-15.021238,37.771820,64.953094,13.014718,-4.905587,-14.325018
27.000000,788.893494,1005.436707,78.689766,-1.503196,0.088614,85.089191,3.238269,4.583006,8.392801,9.093187,-11.998812,-2.167915,-2.212834,-3.580182,-18.441229,8.331229,-5.064985,1.111478,0.285551,1.179193,0.403409,-2.798834,14.808034,-35.558075,64.814522,-5.415817,-2.837604,2.784164,-1.876692,-15.021811,37.771397,64.949753,13.009865,-4.902252,-14.328751
28.000000,788.893005,1005.436707,78.689751,-1.503412,0.088783,85.085800,3.238066,4.581207,8.395103,9.094142,-12.000202,-2.165452,-2.213883,-3.578672,-18.443417,8.332096,-5.065221,1.109920,0.285927,1.178129,0.401417,-2.797147,14.808891,-35.558331,64.811974,-5.416328,-2.835293,2.785512,-1.874588,-15.022384,37.770977,64.946449,13.005065,-4.898927,-14.332459
29.000000,788.892578,1005.436340,78.689743,-1.503542,0.088547,85.082428,3.237964,4.579416,8.397393,9.095149,-12.001341,-2.163020,-2.214810,-3.577177,-18.445585,8.332972,-5.065228,1.108167,0.286293,1.177156,0.399429,-2.795452,14.809712,-35.558594,64.809464,-5.416814,-2.832973,2.786866,-1.872491,-15.022966,37.770561,64.943192,13.000313,-4.895615,-14.336162
30.000000,788.892151,1005.435547,78.689758,-1.503580,0.087918,85.079004,3.237953,4.577614,8.399693,9.096213,-12.002212,-2.160631,-2.215630,-3.575693,-18.447733,8.333853,-5.065034,1.106220,0.286656,1.176255,0.397450,-2.793744,14.810508,-35.558868,64.806946,-5.417284,-2.830643,2.788230,-1.870389,-15.023557,37.770138,64.939957,12.995587,-4.892307,-14.339867
31.000000,788.891907,1005.434326,78.689789,-1.503524,0.086905,85.075541,3.238004,4.576241,8.401441,9.097051,-12.002693,-2.158851,-2.216182,-3.574577,-18.449343,8.334520,-5.064754,1.104618,0.286929,1.175620,0.395972,-2.792445,14.811097,-35.559074,64.805061,-5.417630,-2.828876,2.789269,-1.868799,-15.024011,37.769814,64.937523,12.992031,-4.889812,-14.342674
32.000000,788.891663,1005.432800,78.689842,-1.503376,0.085542,85.072098,3.238144,4.574428,8.403743,9.098186,-12.003099,-2.156554,-2.216824,-3.573118,-18.451433,8.335402,-5.064220,1.102355,0.287283,1.174847,0.394064,-2.790736,14.811853,-35.559349,64.802574,-5.418073,-2.826557,2.790640,-1.866716,-15.024621,37.769375,64.934334,12.987391,-4.886553,-14.346362
33.000000,788.891479,1005.430908,78.689911,-1.503142,0.083867,85.068697,3.238364,4.572602,8.406052,9.099359,-12.003252,-2.154301,-2.217379,-3.571666,-18.453501,8.336290,-5.063504,1.099910,0.287635,1.174141,0.392204,-2.789024,14.812594,-35.559620,64.800095,-5.418507,-2.824239,2.792020,-1.864638,-15.025242,37.768925,64.931160,12.982784,-4.883314,-14.350058
34.000000,788.891479,1005.428711,78.689987,-1.502824,0.081868,85.065262,3.238660,4.570784,8.408342,9.100544,-12.003165,-2.152110,-2.217844,-3.570235,-18.455521,8.337173,-5.062627,1.097317,0.287979,1.173509,0.390429,-2.787333,14.813310,-35.559879,64.797615,-5.418929,-2.821952,2.793393,-1.862593,-15.025872,37.768463,64.928024,12.978264,-4.880136,-14.353719
35.000000,788.891479,1005.426208,78.690079,-1.502438,0.079618,85.061889,3.239047,4.568940,8.410658,9.101748,-12.002886,-2.149918,-2.218220,-3.568794,-18.457537,8.338058,-5.061603,1.094519,0.288325,1.172954,0.388751,-2.785641,14.814017,-35.560139,64.795120,-5.419352,-2.819653,2.794793,-1.860552,-15.026531,37.767971,64.924850,12.973733,-4.876963,-14.357430
36.000000,788.891479,1005.423462,78.690186,-1.501970,0.077075,85.058461,3.239494,4.567113,8.412938,9.102941,-12.002385,-2.147801,-2.218517,-3.567380,-18.459499,8.338920,-5.060457,1.091604,0.288665,1.172476,0.387205,-2.783989,14.814703,-35.560379,64.792625,-5.419769,-2.817406,2.796181,-1.858566,-15.027196,37.767460,64.921722,12.969310,-4.873879,-14.361094
37.000000,788.891602,1005.420410,78.690308,-1.501421,0.074249,85.054975,3.239875,4.565723,8.414663,9.103843,-12.001863,-2.146227,-2.218698,-3.566310,-18.460968,8.339568,-5.059506,1.089296,0.288922,1.172158,0.386112,-2.782750,14.815214,-35.560551,64.790733,-5.420086,-2.815721,2.797236,-1.857080,-15.027711,37.767059,64.919365,12.965990,-4.871577,-14.363870
38.000000,788.891785,1005.417053,78.690437,-1.500809,0.071228,85.051505,3.240405,4.563940,8.416865,9.104990,-12.001036,-2.144253,-2.218883,-3.564945,-18.462824,8.340393,-5.058197,1.086232,0.289250,1.171806,0.384814,-2.781184,14.815863,-35.560764,64.788292,-5.420495,-2.813588,2.798590,-1.855204,-15.028389,37.766525,64.916328,12.961783,-4.868676,-14.367420
39.000000,788.892029,1005.413635,78.690582,-1.500139,0.068033,85.048057,3.241017,4.562038,8.419199,9.106199,-11.999969,-2.142200,-2.219029,-3.563493,-18.464771,8.341262,-5.056701,1.082844,0.289599,1.171498,0.383563,-2.779543,14.816545,-35.560974,64.785683,-5.420934,-2.811348,2.800034,-1.853241,-15.029130,37.765926,64.913101,12.957361,-4.865647,-14.371196
40.000000,788.892334,1005.410034,78.690735,-1.499427,0.064728,85.044654,3.241658,4.560173,8.421469,9.107360,-11.998763,-2.140234,-2.219130,-3.562072,-18.466654,8.342102,-5.055155,1.079412,0.289939,1.171261,0.382480,-2.777966,14.817205,-35.561161,64.783112,-5.421369,-2.809192,2.801449,-1.851357,-15.029879,37.765312,64.909943,12.953090,-4.862747,-14.374882
41.000000,788.892639,1005.406189,78.690887,-1.498651,0.061230,85.041196,3.242337,4.558313,8.423718,9.108474,-11.997468,-2.138303,-2.219186,-3.560660,-18.468498,8.342912,-5.053587,1.075884,0.290279,1.171097,0.381583,-2.776438,14.817857,-35.561321,64.780518,-5.421811,-2.807085,2.802862,-1.849532,-15.030643,37.764664,64.906769,12.948889,-4.859932,-14.378556
42.000000,788.893005,1005.402283,78.691048,-1.497854,0.057724,85.037820,3.243037,4.556455,8.425948,9.109549,-11.996039,-2.136415,-2.219220,-3.559251,-18.470314,8.343698,-5.051968,1.072273,0.290620,1.170995,0.380849,-2.774949,14.818506,-35.561459,64.777893,-5.422263,-2.805023,2.804274,-1.847755,-15.031430,37.763985,64.903603,12.944753,-4.857196,-14.382215
43.000000,788.893433,1005.398376,78.691216,-1.497028,0.054174,85.034473,3.243746,4.554611,8.428140,9.110574,-11.994510,-2.134582,-2.219238,-3.557851,-18.472095,8.344458,-5.050322,1.068619,0.290959,1.170952,0.380274,-2.773509,14.819145,-35.561577,64.775269,-5.422722,-2.803021,2.805673,-1.846036,-15.032231,37.763279,64.900452,12.940704,-4.854553,-14.385831
44.000000,788.893860,1005.394348,78.691383,-1.496166,0.050540,85.031099,3.244287,4.553219,8.429782,9.111318,-11.993299,-2.133220,-2.219245,-3.556791,-18.473427,8.345018,-5.049065,1.065817,0.291216,1.170957,0.379940,-2.772446,14.819628,-35.561649,64.773277,-5.423075,-2.801536,2.806730,-1.844767,-15.032851,37.762722,64.898064,12.937684,-4.852605,-14.388556
45.000000,788.894348,1005.390259,78.691551,-1.495283,0.046888,85.027715,3.245014,4.551349,8.431971,9.112275,-11.991608,-2.131420,-2.219255,-3.555362,-18.475203,8.345752,-5.047366,1.062011,0.291562,1.171011,0.379627,-2.771052,14.820275,-35.561726,64.770561,-5.423559,-2.799580,2.808146,-1.843102,-15.033705,37.761951,64.894836,12.933672,-4.850054,-14.392205
46.000000,788.894775,1005.386230,78.691727,-1.494398,0.043295,85.024393,3.245673,4.549478,8.434079,9.113240,-11.989919,-2.129627,-2.219233,-3.553918,-18.476931,8.346319,-5.045646,1.058251,0.291950,1.171133,0.379458,-2.769701,14.820902,-35.561764,64.767815,-5.423994,-2.797681,2.809566,-1.841484,-15.034574,37.761154,64.891632,12.929691,-4.847569,-14.395835
47.000000,788.894775,1005.382263,78.691841,-1.493463,0.041398,85.021576,3.243340,4.546873,8.433909,9.117287,-11.990615,-2.125978,-2.217216,-3.551607,-18.477514,8.339655,-5.042378,1.057331,0.294454,1.172053,0.379032,-2.768241,14.820617,-35.560707,64.763611,-5.421523,-2.796018,2.811718,-1.839554,-15.035445,37.760365,64.888512,12.923326,-4.844100,-14.400366
48.000000,788.893860,1005.378723,78.691917,-1.493280,0.042519,85.020184,3.235429,4.543935,8.430884,9.125922,-11.994130,-2.121217,-2.214035,-3.548178,-18.477524,8.324447,-5.036450,1.058079,0.298608,1.174933,0.378297,-2.766692,14.819275,-35.558685,64.757751,-5.415705,-2.794773,2.814606,-1.837593,-15.036359,37.759514,64.885521,12.914701,-4.839572,-14.405881
49.000000,788.892029,1005.375977,78.692001,-1.493708,0.045443,85.019405,3.224201,4.540657,8.426514,9.136425,-11.998819,-2.116211,-2.211228,-3.544087,-18.477449,8.305464,-5.028539,1.057929,0.302546,1.180165,0.377685,-2.764911,14.817392,-35.556301,64.750603,-5.407804,-2.793333,2.818071,-1.835717,-15.037547,37.758282,64.882080,12.904854,-4.834393,-14.412793
50.000000,788.889404,1005.374451,78.692085,-1.494507,0.049274,85.018755,3.213498,4.537003,8.422002,9.145851,-12.003359,-2.111447,-2.209384,-3.540643,-18.477106,8.288661,-5.021144,1.056774,0.305867,1.186253,0.377327,-2.763151,14.815528,-35.553886,64.743279,-5.399661,-2.791557,2.821598,-1.833983,-15.038889,37.756824,64.878601,12.895438,-4.829421,-14.420323
51.000000,788.886047,1005.374268,78.692131,-1.495698,0.053600,85.018117,3.203832,4.533082,8.417500,9.154548,-12.008000,-2.106692,-2.208175,-3.537840,-18.476528,8.274653,-5.014821,1.055226,0.308887,1.192807,0.377036,-2.761381,14.813725,-35.551498,64.735832,-5.391659,-2.789391,2.825140,-1.832289,-15.040399,37.755226,64.875153,12.886475,-4.824672,-14.428349
52.000000,788.882202,1005.375366,78.692131,-1.497249,0.058322,85.017478,3.197169,4.529990,8.414131,9.160778,-12.011724,-2.103056,-2.207588,-3.536062,-18.475981,8.265751,-5.010802,1.054093,0.311100,1.198120,0.376816,-2.760000,14.812352,-35.549751,64.730087,-5.385733,-2.787490,2.827857,-1.831021,-15.041691,37.753956,64.872566,12.879915,-4.821177,-14.434725
53.000000,788.878540,1005.377869,78.692154,-1.499036,0.062083,85.016020,3.191400,4.526191,8.411302,9.165895,-12.015275,-2.099394,-2.207966,-3.534394,-18.475615,8.259312,-5.007151,1.051144,0.312965,1.204586,0.376858,-2.758219,14.811186,-35.548119,64.723206,-5.379832,-2.784573,2.831112,-1.829550,-15.043407,37.752258,64.869080,12.872849,-4.817196,-14.442931
54.000000,788.875793,1005.381226,78.692215,-1.500865,0.064836,85.013357,3.190728,4.523775,8.411883,9.166200,-12.016054,-2.097872,-2.210060,-3.533207,-18.476278,8.261307,-5.005993,1.045868,0.312495,1.207575,0.377082,-2.756752,14.811797,-35.547836,64.718330,-5.378246,-2.781042,2.833206,-1.828184,-15.044641,37.750797,64.865547,12.869143,-4.814631,-14.449993
55.000000,788.873657,1005.384644,78.692284,-1.502502,0.067300,85.010277,3.191221,4.521938,8.413444,9.165713,-12.016316,-2.096200,-2.212382,-3.531951,-18.477497,8.265032,-5.005667,1.041864,0.312125,1.209067,0.377140,-2.755463,14.812834,-35.548035,64.714195,-5.378990,-2.777403,2.834782,-1.826648,-15.045933,37.749565,64.862206,12.866584,-4.812652,-14.456177
56.000000,788.872070,1005.387756,78.692345,-1.503840,0.069590,85.007296,3.191884,4.520245,8.415133,9.164948,-12.016594,-2.094126,-2.214617,-3.530723,-18.479143,8.268822,-5.005817,1.039553,0.312224,1.210457,0.377350,-2.754229,14.813692,-35.548519,64.710335,-5.380524,-2.774027,2.836313,-1.825178,-15.047360,37.748444,64.858940,12.864287,-4.810881,-14.461571
57.000000,788.871033,1005.390381,78.692398,-1.504824,0.071598,85.004653,3.192505,4.518606,8.416667,9.163848,-12.016845,-2.091813,-2.216805,-3.529547,-18.481228,8.272513,-5.006328,1.038444,0.312592,1.211966,0.377802,-2.753032,14.814322,-35.549191,64.706673,-5.382157,-2.770972,2.837942,-1.823867,-15.048830,37.747391,64.855629,12.861973,-4.809184,-14.466301
58.000000,788.870483,1005.392334,78.692459,-1.505484,0.073184,85.002363,3.193131,4.516994,8.417953,9.162348,-12.016884,-2.089227,-2.218952,-3.528424,-18.483782,8.276175,-5.006926,1.038120,0.313035,1.213505,0.378468,-2.751856,14.814756,-35.549919,64.703262,-5.383646,-2.768259,2.839706,-1.822702,-15.050251,37.746361,64.852211,12.859560,-4.807552,-14.470431
59.000000,788.870422,1005.393494,78.692505,-1.505803,0.074200,85.000334,3.193857,4.515420,8.419034,9.160585,-12.016865,-2.086645,-2.220923,-3.527339,-18.486616,8.279727,-5.007806,1.038050,0.313420,1.214912,0.379211,-2.750707,14.815113,-35.550594,64.700142,-5.384901,-2.765853,2.841511,-1.821627,-15.051576,37.745361,64.848869,12.857071,-4.806039,-14.474091
60.000000,788.870728,1005.393860,78.692551,-1.505816,0.074572,84.998390,3.194798,4.513834,8.420056,9.158621,-12.016709,-2.084111,-2.222715,-3.526241,-18.489645,8.283296,-5.008940,1.037861,0.313730,1.216184,0.380001,-2.749556,14.815454,-35.551155,64.697205,-5.385891,-2.763646,2.843367,-1.820567,-15.052856,37.744354,64.845543,12.854459,-4.804621,-14.477476
61.000000,788.871277,1005.393616,78.692589,-1.505555,0.074265,84.996485,3.195938,4.512273,8.421062,9.156670,-12.016375,-2.081812,-2.224236,-3.525170,-18.492672,8.286790,-5.010235,1.037357,0.313956,1.217292,0.380791,-2.748432,14.815796,-35.551567,64.694511,-5.386616,-2.761656,2.845179,-1.819529,-15.054076,37.743359,64.842354,12.851807,-4.803336,-14.480573
62.000000,788.872131,1005.392578,78.692627,-1.505041,0.073305,84.994506,3.196934,4.511074,8.421865,9.155229,-12.015992,-2.080243,-2.225220,-3.524363,-18.494965,8.289393,-5.011292,1.036674,0.314080,1.218058,0.381399,-2.747575,14.816074,-35.551777,64.692535,-5.387060,-2.760236,2.846530,-1.818732,-15.054981,37.742596,64.840012,12.849736,-4.802426,-14.482804
63.000000,788.873169,1005.391052,78.692665,-1.504328,0.071810,84.992477,3.198359,4.509478,8.422989,9.153428,-12.015321,-2.078429,-2.226289,-3.523325,-18.497889,8.292641,-5.012701,1.035383,0.314202,1.218986,0.382209,-2.746454,14.816471,-35.551937,64.690033,-5.387529,-2.758481,2.848249,-1.817683,-15.056146,37.741577,64.837029,12.846956,-4.801301,-14.485602
64.000000,788.873840,1005.389221,78.692612,-1.503376,0.070732,84.990824,3.198453,4.507272,8.422886,9.153544,-12.015916,-2.075648,-2.226299,-3.522061,-18.500065,8.292885,-5.013882,1.035428,0.315521,1.220361,0.382902,-2.745215,14.816348,-35.551357,64.686646,-5.386085,-2.756865,2.850406,-1.816414,-15.057360,37.740490,64.834053,12.842580,-4.799598,-14.488946
65.000000,788.873596,1005.387390,78.692497,-1.502499,0.070939,84.990068,3.195116,4.503747,8.419820,9.157184,-12.019162,-2.071026,-2.224387,-3.520462,-18.500807,8.286116,-5.013816,1.037982,0.319320,1.224019,0.383432,-2.743695,14.814778,-35.549442,64.681290,-5.380519,-2.755638,2.853655,-1.814992,-15.058773,37.739288,64.831177,12.835100,-4.796516,-14.493510
66.000000,788.872437,1005.386169,78.692360,-1.501916,0.072813,84.989788,3.189655,4.499431,8.415680,9.161589,-12.023348,-2.066339,-2.222212,-3.518709,-18.500992,8.275450,-5.012641,1.039567,0.322825,1.230152,0.383805,-2.741880,14.812562,-35.547241,64.674904,-5.372532,-2.754210,2.857409,-1.813709,-15.060401,37.737755,64.828064,12.826539,-4.792730,-14.499330
67.000000,788.870483,1005.385803,78.692245,-1.501733,0.075646,84.989504,3.183547,4.494813,8.411390,9.166108,-12.027302,-2.061855,-2.220691,-3.517099,-18.500698,8.264851,-5.010948,1.039663,0.325847,1.237389,0.384211,-2.740024,14.810309,-35.544937,64.668144,-5.364141,-2.752444,2.861196,-1.812487,-15.062168,37.736019,64.824852,12.818070,-4.788875,-14.505898
68.000000,788.867920,1005.386658,78.692123,-1.502036,0.079237,84.989070,3.177568,4.490187,8.407132,9.170725,-12.031245,-2.057457,-2.219717,-3.515595,-18.500010,8.255587,-5.009361,1.038865,0.328640,1.244873,0.384600,-2.738160,14.808203,-35.542576,64.661186,-5.355876,-2.750298,2.864921,-1.811235,-15.064000,37.734173,64.821617,12.809864,-4.785062,-14.513046
69.000000,788.864929,1005.388672,78.691994,-1.502847,0.083466,84.988511,3.171964,4.485737,8.402989,9.175353,-12.035416,-2.053204,-2.219215,-3.514156,-18.499079,8.247972,-5.008228,1.037782,0.331346,1.252260,0.384914,-2.736295,14.806250,-35.540253,64.654106,-5.347933,-2.747820,2.868552,-1.809950,-15.065871,37.732307,64.818413,12.801981,-4.781315,-14.520576
70.000000,788.862183,1005.391907,78.691917,-1.504075,0.087346,84.987298,3.169551,4.482989,8.401337,9.176875,-12.037284,-2.051266,-2.219900,-3.513299,-18.498913,8.246013,-5.008111,1.035217,0.332293,1.256778,0.385312,-2.734997,14.805550,-35.539124,64.649475,-5.343866,-2.745644,2.870816,-1.809111,-15.067134,37.730957,64.815903,12.797529,-4.779024,-14.525952
71.000000,788.860352,1005.395691,78.691910,-1.505429,0.090567,84.985088,3.169430,4.480715,8.401838,9.175804,-12.037590,-2.050477,-2.222285,-3.512217,-18.499792,8.249095,-5.009181,1.029839,0.331560,1.259366,0.385821,-2.733608,14.806235,-35.538723,64.644966,-5.342217,-2.742243,2.872692,-1.807976,-15.068325,37.729412,64.812531,12.794411,-4.777102,-14.532140
72.000000,788.858948,1005.399719,78.691925,-1.506738,0.093633,84.982435,3.170258,4.479059,8.403251,9.174073,-12.037367,-2.049560,-2.224921,-3.511039,-18.501196,8.253638,-5.010641,1.025670,0.330923,1.260571,0.386199,-2.732434,14.807308,-35.538792,64.641220,-5.342957,-2.738818,2.873996,-1.806688,-15.069589,37.728100,64.809372,12.792461,-4.775740,-14.537371
73.000000,788.857910,1005.403442,78.691940,-1.507826,0.096522,84.979886,3.171181,4.477562,8.404774,9.172177,-12.037176,-2.048250,-2.227461,-3.509894,-18.502966,8.258164,-5.012288,1.023149,0.330750,1.261641,0.386666,-2.731330,14.808225,-35.539131,64.637779,-5.344507,-2.735688,2.875211,-1.805450,-15.070962,37.726917,64.806313,12.790772,-4.774530,-14.541797
74.000000,788.857361,1005.406555,78.691956,-1.508630,0.099127,84.977660,3.172056,4.476069,8.406207,9.169971,-12.037006,-2.046597,-2.230042,-3.508770,-18.505203,8.262723,-5.014177,1.021811,0.330862,1.262799,0.387301,-2.730214,14.808948,-35.539677,64.634438,-5.346245,-2.732801,2.876537,-1.804302,-15.072398,37.725792,64.803101,12.788991,-4.773285,-14.545698
75.000000,788.857239,1005.409119,78.691971,-1.509132,0.101333,84.975730,3.172856,4.474613,8.407429,9.167544,-12.036793,-2.044736,-2.232545,-3.507720,-18.507771,8.267112,-5.016161,1.021230,0.331079,1.263894,0.388022,-2.729128,14.809507,-35.540264,64.631371,-5.347865,-2.730265,2.877920,-1.803276,-15.073744,37.724743,64.799873,12.787158,-4.772051,-14.549006
76.000000,788.857483,1005.410889,78.691994,-1.509355,0.102929,84.974065,3.173779,4.473172,8.408465,9.164869,-12.036482,-2.042637,-2.234904,-3.506706,-18.510672,8.271485,-5.018160,1.021107,0.331220,1.264757,0.388751,-2.728035,14.810000,-35.540802,64.628616,-5.349242,-2.728024,2.879359,-1.802306,-15.074966,37.723736,64.796638,12.785180,-4.770865,-14.551835
77.000000,788.858032,1005.411926,78.692009,-1.509309,0.103878,84.972452,3.174898,4.471746,8.409434,9.162096,-12.036121,-2.040560,-2.237030,-3.505707,-18.513689,8.275793,-5.020316,1.020957,0.331284,1.265347,0.389443,-2.726954,14.810488,-35.541225,64.626137,-5.350335,-2.726027,2.880798,-1.801347,-15.076086,37.722771,64.793495,12.783113,-4.769756,-14.554326
78.000000,788.858826,1005.412170,78.692009,-1.509016,0.104121,84.970859,3.176193,4.470349,8.410404,9.159439,-12.035674,-2.038683,-2.238852,-3.504751,-18.516640,8.279942,-5.022552,1.020556,0.331273,1.265686,0.390074,-2.725904,14.810987,-35.541492,64.623909,-5.351161,-2.724260,2.882171,-1.800395,-15.077102,37.721859,64.790550,12.781013,-4.768745,-14.556520
79.000000,788.859863,1005.411926,78.692009,-1.508504,0.103735,84.969196,3.177347,4.469224,8.411231,9.157426,-12.035232,-2.037361,-2.240098,-3.504008,-18.518936,8.283139,-5.024363,1.019960,0.331215,1.265812,0.390540,-2.725068,14.811415,-35.541595,64.622246,-5.351708,-2.722963,2.883220,-1.799619,-15.077866,37.721138,64.788292,12.779291,-4.767992,-14.558131
80.000000,788.860962,1005.410950,78.692017,-1.507795,0.102785,84.967402,3.178992,4.467726,8.412422,9.154924,-12.034508,-2.035865,-2.241483,-3.503062,-18.521826,8.287127,-5.026707,1.018776,0.331089,1.265828,0.391119,-2.723975,14.812022,-35.541618,64.620193,-5.352321,-2.721380,2.884526,-1.798581,-15.078815,37.720196,64.785461,12.776975,-4.767055,-14.560104
81.000000,788.862122,1005.409607,78.692017,-1.506927,0.101369,84.965435,3.180782,4.466183,8.413786,9.152553,-12.033587,-2.034601,-2.242643,-3.502131,-18.524549,8.290933,-5.029016,1.017101,0.330924,1.265709,0.391681,-2.722878,14.812696,-35.541542,64.618187,-5.352842,-2.719894,2.885756,-1.797519,-15.079725,37.719257,64.782684,12.774574,-4.766136,-14.561981
82.000000,788.863403,1005.408020,78.692032,-1.505962,0.099654,84.963341,3.182413,4.464578,8.414974,9.150587,-12.032511,-2.033445,-2.243562,-3.501189,-18.527279,8.294398,-5.031221,1.014943,0.330737,1.265497,0.392248,-2.721806,14.813417,-35.541382,64.616180,-5.353242,-2.718485,2.886922,-1.796427,-15.080609,37.718323,64.779922,12.772107,-4.765182,-14.563828
83.000000,788.865112,1005.405518,78.692039,-1.506010,0.099750,84.978168,3.173400,4.462416,8.400361,9.161447,-12.034767,-2.031331,-2.240087,-3.500380,-18.539240,8.290792,-5.032810,1.013762,0.329988,1.265515,0.392459,-2.721484,14.814179,-35.540379,64.613136,-5.349595,-2.717798,2.888027,-1.794960,-15.081277,37.718098,64.777153,12.768064,-4.763358,-14.566988
84.000000,788.867310,1005.403320,78.692123,-1.505420,0.099212,84.995170,3.161124,4.459247,8.374463,9.172825,-12.036475,-2.029188,-2.233086,-3.500685,-18.558510,8.285211,-5.035614,1.012608,0.332176,1.265524,0.393087,-2.720704,14.815208,-35.538311,64.608948,-5.343845,-2.718173,2.890376,-1.793941,-15.081438,37.718739,64.774879,12.762524,-4.759785,-14.570958
85.000000,788.869080,1005.401611,78.692207,-1.503910,0.097914,84.999468,3.160952,4.456673,8.369466,9.170257,-12.034482,-2.028420,-2.232471,-3.500745,-18.564241,8.288291,-5.038986,1.009462,0.333260,1.265140,0.393802,-2.718977,14.816484,-35.537312,64.605927,-5.342693,-2.717224,2.893085,-1.793321,-15.081676,37.718304,64.772652,12.759535,-4.757476,-14.573902
86.000000,788.870544,1005.400208,78.692238,-1.502279,0.096442,84.998320,3.163046,4.454338,8.370513,9.166858,-12.032150,-2.027803,-2.233390,-3.500317,-18.565783,8.292092,-5.041790,1.005894,0.332736,1.264539,0.394533,-2.717605,14.817733,-35.536896,64.603264,-5.343279,-2.715422,2.895210,-1.792283,-15.082155,37.717342,64.770378,12.757351,-4.756310,-14.576666
87.000000,788.871765,1005.398865,78.692261,-1.500907,0.094925,84.995117,3.165580,4.452380,8.373302,9.163900,-12.029909,-2.027228,-2.234639,-3.499412,-18.566183,8.295718,-5.044176,1.002335,0.331848,1.263729,0.395395,-2.716538,14.818895,-35.536728,64.600670,-5.344367,-2.713372,2.896877,-1.791068,-15.082787,37.716202,64.767967,12.755266,-4.755574,-14.579292
88.000000,788.872864,1005.397583,78.692276,-1.499811,0.093489,84.991400,3.167441,4.451093,8.375629,9.161874,-12.028289,-2.026836,-2.235677,-3.498522,-18.566439,8.298402,-5.045777,0.999683,0.331279,1.262963,0.396128,-2.715836,14.819732,-35.536671,64.598709,-5.345236,-2.711843,2.897936,-1.790148,-15.083329,37.715328,64.765984,12.753671,-4.755023,-14.581195
89.000000,788.873840,1005.396362,78.692314,-1.498921,0.092230,84.987840,3.169642,4.449543,8.378549,9.159348,-12.026250,-2.026326,-2.237092,-3.497252,-18.566992,8.301780,-5.047654,0.996349,0.330808,1.261802,0.397133,-2.714970,14.820791,-35.536598,64.596176,-5.346331,-2.709996,2.899119,-1.788999,-15.084054,37.714226,64.763168,12.751477,-4.754152,-14.583541
90.000000,788.874817,1005.395142,78.692360,-1.498128,0.091119,84.984471,3.171580,4.448026,8.381279,9.156919,-12.024329,-2.025673,-2.238472,-3.495935,-18.567833,8.304885,-5.049309,0.993156,0.330574,1.260511,0.398102,-2.714098,14.821863,-35.536495,64.593719,-5.347392,-2.708352,2.900143,-1.787892,-15.084757,37.713161,64.760147,12.749145,-4.753047,-14.585727
91.000000,788.875610,1005.394104,78.692406,-1.497408,0.090139,84.981362,3.173288,4.446470,8.383843,9.154627,-12.022612,-2.024789,-2.239758,-3.494631,-18.568781,8.307628,-5.050766,0.990108,0.330493,1.259133,0.399049,-2.713223,14.822935,-35.536327,64.591408,-5.348414,-2.706933,2.901084,-1.786818,-15.085418,37.712147,64.757065,12.746822,-4.751792,-14.587760
92.000000,788.876038,1005.393127,78.692368,-1.496613,0.090015,84.978836,3.173394,4.444355,8.384927,9.154253,-12.022549,-2.022594,-2.240079,-3.493154,-18.569136,8.307279,-5.051923,0.989081,0.331726,1.258055,0.399800,-2.712281,14.823477,-35.535446,64.588379,-5.347487,-2.705806,2.902406,-1.785560,-15.086048,37.711182,64.753990,12.743081,-4.749839,-14.590231
93.000000,788.875488,1005.392761,78.692253,-1.495963,0.092225,84.977624,3.169225,4.440908,8.382611,9.157559,-12.025782,-2.018299,-2.238334,-3.491040,-18.568249,8.298273,-5.051615,0.991201,0.335470,1.258146,0.400106,-2.711037,14.822809,-35.533070,64.583298,-5.341849,-2.705090,2.904838,-1.784032,-15.086461,37.710232,64.750900,12.735819,-4.746171,-14.594172
94.000000,788.874207,1005.393127,78.692131,-1.495799,0.096169,84.977113,3.163076,4.437071,8.379174,9.161371,-12.029578,-2.014102,-2.236770,-3.488741,-18.567268,8.286617,-5.050125,0.992503,0.339075,1.258758,0.400355,-2.709713,14.822017,-35.530281,64.577492,-5.334451,-2.704342,2.907578,-1.782535,-15.086642,37.709190,64.747673,12.727687,-4.741976,-14.599023
95.000000,788.872131,1005.394653,78.692001,-1.496237,0.101023,84.976749,3.156600,4.433196,8.375503,9.165272,-12.033628,-2.010143,-2.235969,-3.486558,-18.566139,8.276023,-5.048553,0.992670,0.342240,1.259434,0.400599,-2.708415,14.821427,-35.527279,64.571388,-5.326624,-2.703322,2.910328,-1.780983,-15.086752,37.708073,64.744431,12.719630,-4.737764,-14.604574
96.000000,788.869873,1005.397522,78.691917,-1.497482,0.105120,84.975465,3.153542,4.430375,8.374359,9.166162,-12.035909,-2.008155,-2.237071,-3.484852,-18.565678,8.272759,-5.048215,0.989341,0.343143,1.259461,0.401149,-2.707272,14.821926,-35.525249,64.566498,-5.321764,-2.701766,2.912325,-1.779656,-15.086882,37.706902,64.741180,12.714239,-4.734640,-14.609788
97.000000,788.867737,1005.401306,78.691879,-1.499149,0.108514,84.972754,3.153814,4.428666,8.375953,9.164728,-12.036652,-2.007393,-2.239409,-3.483408,-18.565783,8.275413,-5.048974,0.984322,0.342138,1.258527,0.401439,-2.706316,14.823401,-35.524364,64.563217,-5.320700,-2.699635,2.913272,-1.778304,-15.087221,37.705791,64.738182,12.711738,-4.732817,-14.614139
98.000000,788.865845,1005.405518,78.691856,-1.500689,0.111700,84.969452,3.154554,4.427505,8.377817,9.163528,-12.037125,-2.006624,-2.241234,-3.482399,-18.565950,8.278114,-5.049804,0.981330,0.341524,1.257615,0.401473,-2.705642,14.824617,-35.523979,64.561104,-5.321242,-2.697942,2.913694,-1.777186,-15.087668,37.705048,64.736084,12.710483,-4.731765,-14.616973
99.000000,788.864197,1005.409729,78.691826,-1.502076,0.114931,84.966100,3.155566,4.426018,8.380484,9.161995,-12.037946,-2.005312,-2.243543,-3.481150,-18.566418,8.281617,-5.051156,0.978793,0.341148,1.256491,0.401495,-2.704737,14.826088,-35.523712,64.558479,-5.322713,-2.695822,2.914169,-1.775738,-15.088401,37.704151,64.733406,12.708989,-4.730492,-14.620196
100.000000,788.862854,1005.413818,78.691772,-1.503268,0.118167,84.962956,3.156365,4.424554,8.382850,9.160374,-12.038917,-2.003744,-2.245766,-3.479976,-18.567415,8.284883,-5.052754,0.977564,0.341066,1.255515,0.401561,-2.703802,14.827356,-35.523685,64.556007,-5.324419,-2.693916,2.914685,-1.774398,-15.089180,37.703350,64.730690,12.707429,-4.729210,-14.622920
101.000000,788.862671,1005.417053,78.691849,-1.504662,0.121776,84.971314,3.153508,4.422437,8.374722,9.160893,-12.039038,-2.002062,-2.246185,-3.479501,-18.575323,8.287329,-5.055329,0.976653,0.340232,1.254301,0.401567,-2.703235,14.828927,-35.523670,64.553650,-5.323866,-2.692665,2.915055,-1.773127,-15.089729,37.703384,64.727791,12.705400,-4.727564,-14.625868
102.000000,788.863586,1005.419922,78.692017,-1.505380,0.124872,84.983287,3.148163,4.419945,8.357424,9.161231,-12.037615,-2.000195,-2.244655,-3.480050,-18.590097,8.290113,-5.059237,0.976433,0.340828,1.252529,0.401516,-2.702398,14.830953,-35.523182,64.551300,-5.322475,-2.692356,2.916203,-1.772267,-15.089850,37.704277,64.725365,12.703199,-4.725109,-14.628631
103.000000,788.864563,1005.422302,78.692032,-1.505052,0.127089,84.986705,3.147846,4.418078,8.354041,9.158395,-12.037387,-1.998101,-2.245295,-3.479862,-18.595411,8.293743,-5.062755,0.977347,0.341907,1.251194,0.401606,-2.700917,14.832385,-35.522919,64.549095,-5.323605,-2.691466,2.918170,-1.771490,-15.090102,37.704193,64.723335,12.701891,-4.723234,-14.630551
104.000000,788.865540,1005.424133,78.691956,-1.504382,0.128616,84.985700,3.149080,4.416335,8.355250,9.155297,-12.037696,-1.996143,-2.246816,-3.479224,-18.597309,8.297210,-5.066104,0.978082,0.341792,1.249915,0.401771,-2.699622,14.833487,-35.522964,64.547050,-5.325087,-2.690077,2.919991,-1.770463,-15.090438,37.703598,64.721268,12.700458,-4.722142,-14.632271
105.000000,788.866455,1005.425354,78.691841,-1.503756,0.129546,84.983025,3.150393,4.415169,8.357134,9.153119,-12.038005,-1.994848,-2.248087,-3.478479,-18.598068,8.299731,-5.068522,0.978277,0.341316,1.248809,0.401923,-2.698786,14.834248,-35.523067,64.545586,-5.326119,-2.688901,2.921164,-1.769572,-15.090721,37.703007,64.719627,12.699188,-4.721574,-14.633497
106.000000,788.867310,1005.426147,78.691727,-1.503235,0.129986,84.979718,3.152262,4.413824,8.359911,9.150523,-12.038381,-1.993406,-2.249711,-3.477263,-18.598959,8.302978,-5.071476,0.977985,0.340619,1.247109,0.402096,-2.697785,14.835247,-35.523170,64.543724,-5.327268,-2.687363,2.922465,-1.768334,-15.091120,37.702183,64.717354,12.697366,-4.720887,-14.635020
107.000000,788.868164,1005.426392,78.691635,-1.502806,0.129996,84.976368,3.154155,4.412606,8.362697,9.148154,-12.038597,-1.992219,-2.251187,-3.475914,-18.599939,8.306089,-5.074129,0.977076,0.340067,1.245099,0.402185,-2.696826,14.836302,-35.523159,64.541977,-5.328175,-2.685958,2.923510,-1.767070,-15.091492,37.701393,64.714958,12.695347,-4.720096,-14.636432
108.000000,788.868835,1005.426331,78.691574,-1.502417,0.129669,84.973143,3.156014,4.411403,8.365459,9.145986,-12.038634,-1.991109,-2.252447,-3.474520,-18.600975,8.308902,-5.076403,0.975608,0.339714,1.242899,0.402184,-2.695866,14.837416,-35.523033,64.540337,-5.328935,-2.684726,2.924380,-1.765794,-15.091831,37.700642,64.712494,12.693233,-4.719118,-14.637725
109.000000,788.869385,1005.425903,78.691528,-1.502017,0.129029,84.969898,3.157847,4.410129,8.368264,9.144046,-12.038544,-1.989941,-2.253490,-3.473155,-18.601954,8.311426,-5.078327,0.973681,0.339480,1.240637,0.402160,-2.694895,14.838552,-35.522808,64.538834,-5.329669,-2.683648,2.925151,-1.764521,-15.092146,37.699928,64.710014,12.691156,-4.717993,-14.638927
110.000000,788.869812,1005.425354,78.691498,-1.501613,0.128173,84.966753,3.159671,4.408779,8.371083,9.142292,-12.038344,-1.988767,-2.254345,-3.471853,-18.602896,8.313779,-5.080035,0.971533,0.339338,1.238348,0.402112,-2.693926,14.839707,-35.522511,64.537437,-5.330346,-2.682699,2.925843,-1.763236,-15.092438,37.699249,64.707512,12.689059,-4.716739,-14.640066
111.000000,788.870178,1005.424683,78.691483,-1.501216,0.127169,84.963596,3.161378,4.407369,8.373560,9.140733,-12.038083,-1.987599,-2.254977,-3.470606,-18.604053,8.315933,-5.081610,0.969193,0.339196,1.236046,0.402035,-2.692958,14.840907,-35.522186,64.536095,-5.331048,-2.681858,2.926425,-1.761950,-15.092686,37.698612,64.704994,12.686808,-4.715356,-14.641172
112.000000,788.871887,1005.423645,78.691643,-1.501290,0.125312,84.977133,3.161643,4.402968,8.359884,9.138867,-12.033937,-1.986842,-2.255059,-3.473467,-18.614573,8.327294,-5.090301,0.965707,0.340774,1.228655,0.403546,-2.690817,14.844213,-35.513020,64.528198,-5.316130,-2.681355,2.926554,-1.760164,-15.091516,37.699314,64.702408,12.689934,-4.713363,-14.643819
113.000000,788.894531,1005.411926,78.685822,-1.417555,0.078197,84.927241,3.286541,4.322689,8.404389,8.967513,-11.933696,-1.988588,-2.435683,-3.601558,-18.545214,8.793041,-5.338566,0.955837,0.467287,1.061105,0.455181,-2.605844,14.896406,-35.139442,64.233421,-4.779197,-2.659739,2.924150,-1.740072,-15.055401,37.696552,64.701508,12.960453,-4.713870,-14.667688
114.000000,788.950256,1005.397705,78.675499,-1.307056,-0.016467,84.961138,3.481807,4.214835,8.386126,8.753716,-11.797956,-2.004661,-2.657146,-3.806060,-18.528654,9.544291,-5.763445,0.938489,0.627739,0.669653,0.547275,-2.395704,15.050606,-34.376110,63.518742,-3.676843,-2.659375,2.925887,-1.658961,-14.954613,37.678188,64.699142,13.481402,-4.719452,-14.788557
115.000000,789.031738,1005.389038,78.663544,-1.211572,-0.113441,85.015248,3.615779,4.163493,8.359874,8.625619,-11.716665,-2.035765,-2.793859,-3.930792,-18.536034,10.067235,-6.069907,0.918262,0.756518,0.283785,0.571368,-2.212315,15.186971,-33.744858,62.936344,-2.752885,-2.735788,2.932966,-1.558438,-14.850750,37.656086,64.694275,13.855983,-4.726447,-14.924953
116.000000,789.123230,1005.390930,78.654076,-1.156146,-0.215179,85.050699,3.794193,4.152997,8.343915,8.497176,-11.647601,-2.099241,-2.870852,-4.011042,-18.546560,10.551854,-6.376108,0.879320,0.953363,-0.285508,0.562109,-1.996985,15.341050,-32.917171,62.290337,-1.613564,-2.950281,2.958286,-1.350074,-14.713405,37.648777,64.647858,14.301241,-4.739053,-15.086700
117.000000,789.209717,1005.405701,78.648361,-1.135580,-0.335382,85.076334,3.997810,4.190047,8.330726,8.377061,-11.607244,-2.172198,-2.799458,-4.000541,-18.569759,10.755781,-6.552147,0.838332,1.207008,-0.860178,0.503767,-1.751006,15.441443,-32.043858,61.681900,-0.706768,-3.245958,3.009240,-1.012781,-14.624756,37.642639,64.522713,14.888104,-4.813000,-15.272575
118.000000,789.283020,1005.428345,78.645287,-1.144543,-0.507470,85.103927,4.259313,4.252045,8.313712,8.267725,-11.591248,-2.244798,-2.579874,-3.937926,-18.612661,10.768437,-6.637770,0.796648,1.501656,-1.398054,0.468785,-1.520610,15.443394,-31.112057,61.240299,0.138596,-3.661244,3.126723,-0.602217,-14.599066,37.607769,64.419861,15.589897,-4.993001,-15.446181
119.000000,789.341431,1005.457275,78.643326,-1.174742,-0.672153,85.105395,4.531682,4.334258,8.309622,8.186967,-11.601954,-2.314237,-2.291559,-3.835787,-18.644123,10.660559,-6.660067,0.753007,1.781419,-1.886330,0.433053,-1.202266,15.435327,-30.161585,60.829525,1.025190,-4.190347,3.351095,-0.108081,-14.632476,37.509724,64.256836,16.034163,-5.264480,-15.609075
120.000000,789.378479,1005.480103,78.640419,-1.211881,-0.802267,85.035443,4.739481,4.422256,8.372957,8.161625,-11.647613,-2.363777,-2.074553,-3.719022,-18.602856,10.538689,-6.644868,0.708180,2.073110,-2.301199,0.391582,-0.722932,15.437398,-29.224482,60.261971,1.680992,-4.800422,3.732393,0.426115,-14.738585,37.312183,63.933361,16.178663,-5.656089,-15.824847
121.000000,789.393066,1005.494019,78.637169,-1.251049,-0.868162,84.891277,4.857878,4.505213,8.500464,8.201732,-11.724655,-2.394331,-1.960618,-3.604656,-18.486937,10.434319,-6.600914,0.669526,2.408370,-2.636985,0.352325,-0.137476,15.470160,-28.383831,59.581921,2.040144,-5.489721,4.195475,0.972377,-14.909274,37.143421,63.576866,16.241650,-6.134689,-15.977796
122.000000,789.386658,1005.495056,78.634705,-1.303493,-0.904317,84.709975,4.886397,4.598305,8.671092,8.336300,-11.841225,-2.418433,-1.895971,-3.476893,-18.329329,10.286182,-6.498687,0.641925,2.747972,-2.866388,0.345186,0.466731,15.523366,-27.620230,58.942158,2.350948,-6.220005,4.694374,1.464388,-15.072109,36.910271,63.294807,16.316383,-6.626598,-16.107531
123.000000,789.364075,1005.486023,78.635094,-1.352087,-0.928260,84.613946,4.851648,4.667704,8.770352,8.506557,-11.947863,-2.433103,-1.824568,-3.382162,-18.252026,10.102889,-6.369186,0.621573,2.970646,-3.009732,0.362613,0.966801,15.566492,-26.984068,58.537041,2.683863,-6.896940,5.238055,1.878007,-15.214963,36.731552,63.116680,16.477209,-7.112109,-16.249439
124.000000,789.328735,1005.468018,78.638420,-1.383609,-0.923115,84.631430,4.783832,4.685431,8.765723,8.621124,-11.996788,-2.432872,-1.781321,-3.357949,-18.276867,9.977266,-6.278493,0.613210,3.048446,-3.080880,0.378654,1.240736,15.595980,-26.623119,58.365288,2.945198,-7.328315,5.644447,2.158649,-15.323320,36.637920,63.032303,16.634808,-7.480444,-16.341742
125.000000,789.285156,1005.445312,78.642555,-1.404366,-0.916793,84.594175,4.710222,4.686418,8.781598,8.707002,-12.026902,-2.420413,-1.759593,-3.347523,-18.292086,9.842190,-6.162588,0.611754,3.150445,-3.126976,0.400580,1.522573,15.617015,-26.181564,58.228165,3.341250,-7.828739,6.150927,2.511755,-15.453756,36.455830,62.954430,16.810608,-7.955131,-16.442137
126.000000,789.246155,1005.419617,78.645653,-1.418077,-0.928433,84.505149,4.703779,4.686287,8.879914,8.729489,-12.037872,-2.401042,-1.762899,-3.330582,-18.225735,9.755262,-6.058976,0.613309,3.316056,-3.154096,0.434483,1.739293,15.648691,-25.699203,58.202026,3.816307,-8.317061,6.670712,2.806330,-15.521534,36.226254,62.945202,16.988419,-8.348117,-16.551691
127.000000,789.218079,1005.388062,78.647247,-1.422234,-0.934915,84.406374,4.696155,4.687891,8.990602,8.759362,-12.044905,-2.379939,-1.797856,-3.322360,-18.147875,9.736714,-5.991387,0.611810,3.418937,-3.192298,0.457406,1.944549,15.759455,-25.207220,58.197540,4.383539,-8.751977,7.185672,3.022002,-15.514258,35.902908,62.942150,17.236977,-8.639879,-16.675795
128.000000,789.207153,1005.346008,78.649033,-1.414847,-0.952621,84.362082,4.677894,4.684939,9.059319,8.779868,-12.030111,-2.365335,-1.850818,-3.329604,-18.102325,9.771215,-5.958242,0.607294,3.477344,-3.262316,0.484945,2.047618,15.949546,-24.837297,58.202530,4.913235,-9.022286,7.620745,3.123943,-15.466125,35.679897,62.937771,17.615145,-8.803281,-16.851040
129.000000,789.213806,1005.301636,78.650620,-1.398779,-0.982021,84.365971,4.667630,4.677077,9.070863,8.783929,-11.992961,-2.356380,-1.892060,-3.355314,-18.115545,9.849573,-5.960335,0.598380,3.482911,-3.388567,0.506088,2.059632,16.183529,-24.607441,58.228222,5.153040,-9.118457,8.017172,3.133988,-15.372372,35.575172,62.893623,18.159391,-8.846067,-17.085186
130.000000,789.231140,1005.259338,78.651054,-1.379183,-1.029340,84.375262,4.679334,4.673916,9.073068,8.785341,-11.959923,-2.352828,-1.915119,-3.378599,-18.131395,9.943579,-5.984252,0.589092,3.493104,-3.541610,0.506952,2.058811,16.341499,-24.379021,58.262753,5.198349,-9.129994,8.345300,3.134007,-15.254539,35.511921,62.744137,18.569187,-8.852400,-17.389854
131.000000,789.250488,1005.220337,78.651367,-1.362455,-1.076345,84.383793,4.699653,4.675811,9.074737,8.787524,-11.931531,-2.356307,-1.920764,-3.392687,-18.141483,10.017666,-6.004972,0.578953,3.516667,-3.697346,0.488298,2.059769,16.441696,-24.183443,58.298996,5.375453,-9.132141,8.610759,3.133154,-15.137512,35.417179,62.558414,18.862474,-8.892320,-17.640772
132.000000,789.264648,1005.180847,78.652184,-1.350204,-1.126486,84.411247,4.706919,4.676865,9.054531,8.810798,-11.913527,-2.358635,-1.902229,-3.402726,-18.165550,10.047651,-6.005473,0.569667,3.531732,-3.822222,0.466062,2.060963,16.516495,-23.994057,58.354263,5.838083,-9.166987,8.773089,3.130670,-15.055522,35.203819,62.430801,19.038628,-9.006835,-17.768496
133.000000,789.270569,1005.141357,78.653320,-1.339526,-1.195242,84.445625,4.731653,4.670633,9.024537,8.835356,-11.899638,-2.357947,-1.853417,-3.417275,-18.196800,10.057808,-5.996370,0.564195,3.536357,-3.904305,0.459458,2.060054,16.580837,-23.801878,58.510056,6.405189,-9.281633,8.869147,3.127736,-15.033546,34.967934,62.357826,19.119232,-9.174477,-17.837402
134.000000,789.271667,1005.106079,78.653679,-1.331044,-1.280667,84.453395,4.775669,4.666162,9.020866,8.844085,-11.890244,-2.357901,-1.809205,-3.427850,-18.205261,10.077223,-5.993969,0.559262,3.551006,-3.942107,0.458102,2.054300,16.642244,-23.687660,58.728333,6.777187,-9.415526,8.931993,3.125837,-15.039913,34.825584,62.342270,19.180639,-9.311984,-17.905416
135.000000,789.271790,1005.072571,78.653107,-1.324054,-1.368356,84.432358,4.855494,4.664792,9.045212,8.844658,-11.882734,-2.356879,-1.757678,-3.435498,-18.186657,10.122139,-5.998775,0.548768,3.571469,-3.969314,0.456178,2.077910,16.758522,-23.546089,59.065022,7.180914,-9.585821,9.055152,3.136134,-15.059066,34.681194,62.339439,19.224817,-9.503465,-18.057692
136.000000,789.269897,1005.040649,78.652687,-1.315255,-1.420903,84.407097,4.906190,4.661280,9.078528,8.845873,-11.879532,-2.351476,-1.740962,-3.440321,-18.150534,10.161817,-5.999200,0.537285,3.570994,-3.976329,0.443279,2.191376,16.909527,-23.354900,59.287090,7.540075,-9.701201,9.259840,3.229352,-15.067166,34.472095,62.319359,19.198605,-9.784053,-18.310537
137.000000,789.265625,1005.004700,78.653030,-1.306820,-1.428303,84.439343,4.866140,4.649607,9.054347,8.896422,-11.883848,-2.342688,-1.755131,-3.457656,-18.162138,10.176377,-5.991337,0.529962,3.529371,-3.973090,0.433500,2.361515,17.035662,-23.022089,59.382729,7.939605,-9.806094,9.502131,3.475003,-15.088611,34.106499,62.191750,19.059252,-10.121531,-18.588585
138.000000,789.256287,1004.963379,78.654488,-1.297355,-1.401933,84.516469,4.735549,4.631601,8.978763,9.006001,-11.894542,-2.330379,-1.792457,-3.486028,-18.217392,10.159544,-5.969349,0.529489,3.415500,-3.962300,0.445758,2.587665,17.144119,-22.562748,59.384899,8.561009,-9.990299,9.789309,3.854440,-15.190729,33.534512,61.836628,18.870298,-10.456433,-18.757647
139.000000,789.238342,1004.922974,78.658493,-1.276801,-1.354740,84.603383,4.597602,4.586459,8.891540,9.056907,-11.861502,-2.315530,-1.850107,-3.540440,-18.295313,10.136512,-5.938572,0.533706,3.304730,-3.956420,0.474571,2.812644,17.226229,-22.090698,59.326473,9.401690,-10.245704,10.136696,4.340373,-15.528364,33.072868,61.255352,18.855001,-10.860246,-18.796631
140.000000,789.217407,1004.889221,78.665718,-1.239402,-1.291352,84.675844,4.525041,4.504215,8.818194,8.940675,-11.744561,-2.295495,-1.933839,-3.619511,-18.361534,10.133246,-5.913898,0.539059,3.242835,-3.979616,0.491664,3.043611,17.273693,-21.587553,59.264744,10.281755,-10.637972,10.548062,4.856079,-16.070024,32.753735,60.662792,18.860985,-11.341369,-18.791111
141.000000,789.194763,1004.855042,78.671471,-1.199446,-1.254347,84.816363,4.452282,4.407364,8.690699,8.846279,-11.631590,-2.261171,-2.002053,-3.725859,-18.474379,10.176833,-5.924232,0.547923,3.131059,-4.031970,0.529884,3.312799,17.283552,-20.982172,59.266533,10.907972,-11.231912,11.067016,5.324270,-16.749142,32.380054,60.218987,18.823231,-11.925575,-18.634445
142.000000,789.162659,1004.825134,78.671577,-1.156597,-1.212756,84.793185,4.405662,4.323361,8.708982,8.780767,-11.563177,-2.220116,-2.161905,-3.826419,-18.440475,10.355993,-5.979031,0.560260,3.096231,-4.084271,0.554304,3.665192,17.287298,-20.389160,59.313156,11.220946,-11.937984,11.725341,5.728924,-17.597269,31.846518,59.844509,18.692974,-12.514913,-18.348625
143.000000,789.120178,1004.792419,78.667839,-1.117896,-1.088894,84.561140,4.303102,4.271760,8.937101,8.745696,-11.538307,-2.184659,-2.502739,-3.882146,-18.197239,10.604855,-6.018966,0.568023,3.180616,-4.118982,0.496706,4.101075,17.335724,-19.941631,59.342205,11.592281,-12.623557,12.518270,6.110388,-18.687534,31.266056,59.247982,18.385956,-13.010395,-18.058506
144.000000,789.077515,1004.741699,78.665199,-1.079542,-0.965556,84.342418,4.155780,4.222796,9.161580,8.754824,-11.518367,-2.147602,-2.853900,-3.930424,-17.957409,10.817491,-6.026343,0.571028,3.227306,-4.157472,0.501256,4.457356,17.447819,-19.656097,59.451485,12.158623,-13.277605,13.366312,6.372803,-19.977285,30.746296,58.493492,18.122488,-13.520782,-17.745995
145.000000,789.039734,1004.683472,78.666878,-1.049268,-0.910899,84.210481,4.088541,4.180366,9.264292,8.738122,-11.481223,-2.122781,-3.016635,-3.965038,-17.846745,10.894600,-6.001622,0.572944,3.216331,-4.194723,0.579873,4.640471,17.563181,-19.557621,59.579021,12.507614,-13.706082,13.989591,6.453788,-21.037334,30.394934,57.949615,18.060478,-13.926177,-17.463636
146.000000,789.006348,1004.627991,78.668419,-1.008962,-0.879623,84.092679,4.047680,4.117514,9.378345,8.668340,-11.409463,-2.089646,-3.187443,-4.014597,-17.727985,10.982157,-5.970199,0.573459,3.213611,-4.270614,0.675004,4.872056,17.680590,-19.372082,59.673645,12.771523,-14.279603,14.796346,6.466790,-22.481522,29.828173,57.213158,18.047308,-14.386457,-16.982975
147.000000,788.973572,1004.572571,78.665474,-0.944662,-0.860318,83.944367,4.042078,4.028390,9.522154,8.585614,-11.332829,-2.045816,-3.421757,-4.110947,-17.569324,11.249461,-6.025653,0.572665,3.266662,-4.396157,0.737615,5.041416,17.679348,-18.922390,59.790230,13.240166,-14.992403,15.711613,6.408456,-23.951494,29.000811,56.355675,18.055082,-14.781727,-16.330185
148.000000,788.938660,1004.515198,78.661812,-0.884748,-0.866885,83.790211,4.057243,3.935731,9.676022,8.512631,-11.262634,-2.007157,-3.661338,-4.210459,-17.375511,11.562523,-6.096606,0.575224,3.336120,-4.529925,0.765462,5.079195,17.656517,-18.590101,60.198929,13.986484,-15.742096,16.797934,6.105884,-25.466650,28.247065,55.719620,18.163189,-15.317844,-15.524724
149.000000,788.910706,1004.455872,78.657082,-0.832379,-0.897826,83.596480,4.105367,3.867607,9.863138,8.452448,-11.210969,-1.981782,-3.871012,-4.277264,-17.148611,11.854173,-6.152611,0.575055,3.460323,-4.670779,0.775126,5.022281,17.650900,-18.454367,60.749264,14.620745,-16.424665,17.947229,5.577359,-26.960081,27.842947,55.264400,18.383606,-15.872879,-14.818215
150.000000,788.897156,1004.384399,78.650963,-0.783767,-0.924882,83.356244,4.130506,3.832538,10.088437,8.444574,-11.187402,-1.964803,-4.096321,-4.308897,-16.890846,12.138484,-6.195698,0.562849,3.660652,-4.845923,0.779379,4.866235,17.669020,-18.462275,61.328812,14.976632,-17.015425,19.077675,4.919861,-28.335991,27.769028,54.802425,18.705082,-16.382633,-14.174282
151.000000,788.899536,1004.303955,78.648758,-0.760336,-0.951864,83.222574,4.104982,3.833082,10.196333,8.496881,-11.188037,-1.956444,-4.206646,-4.305675,-16.771908,12.245283,-6.182266,0.545317,3.752455,-4.986967,0.798671,4.732082,17.701025,-18.501587,61.772999,15.057479,-17.382215,19.846626,4.378122,-29.206911,27.716534,54.402153,18.974575,-16.736019,-13.622324
152.000000,788.909180,1004.213623,78.651207,-0.762599,-0.988311,83.103032,4.047267,3.860850,10.273692,8.585274,-11.188370,-1.953295,-4.268744,-4.265567,-16.697428,12.232521,-6.089156,0.504875,3.812095,-5.148486,0.855336,4.539487,17.749329,-18.573595,62.313965,15.075090,-17.764454,20.740204,3.596226,-30.114120,27.604994,53.855190,19.322880,-17.194864,-12.762568
153.000000,788.926514,1004.126465,78.659050,-0.799092,-1.054727,82.933499,4.050556,3.945473,10.405352,8.649599,-11.190457,-1.969980,-4.217597,-4.131471,-16.593449,12.011145,-5.882937,0.440141,4.025137,-5.260017,0.969500,4.298043,17.774714,-18.646536,62.761833,15.094719,-18.039080,21.515467,2.739574,-30.700951,27.580936,53.490101,19.855083,-17.685095,-11.765628
154.000000,788.958313,1004.047363,78.670731,-0.843164,-1.108151,82.796043,4.072702,4.056820,10.519585,8.666428,-11.171534,-2.003224,-4.077351,-3.945349,-16.525900,11.604642,-5.604375,0.364984,4.355470,-5.355012,1.050873,4.021849,17.774990,-18.756954,63.204983,15.077341,-18.282045,22.223917,1.874036,-30.916365,27.582283,53.202785,20.853626,-18.008907,-10.610792
155.000000,788.998962,1003.973938,78.680748,-0.873105,-1.198724,82.752832,4.119315,4.145178,10.541067,8.669961,-11.134218,-2.042981,-3.884367,-3.802415,-16.550756,11.236742,-5.381398,0.286097,4.636263,-5.457412,1.152167,3.730720,17.759781,-18.918451,63.721386,14.981199,-18.511471,22.934433,0.988721,-30.868540,27.622795,52.805813,22.183592,-18.173414,-9.240718
156.000000,789.037170,1003.903198,78.687263,-0.894401,-1.233315,82.722912,4.098589,4.220523,10.543680,8.710317,-11.109265,-2.083774,-3.790051,-3.698339,-16.583380,11.001113,-5.220193,0.208691,4.938599,-5.536558,1.196569,3.439757,17.710863,-19.101923,64.113922,14.936556,-18.597178,23.590988,0.035295,-30.658224,27.793020,52.527142,23.425507,-18.352989,-7.827384
157.000000,789.068481,1003.825378,78.691460,-0.905547,-1.255115,82.625400,4.062854,4.291015,10.621378,8.746819,-11.084236,-2.121544,-3.790575,-3.605405,-16.545479,10.862635,-5.079858,0.121984,5.308623,-5.561698,1.256546,3.151958,17.645796,-19.318840,64.288147,14.983560,-18.567518,24.115553,-1.042944,-30.328180,27.954224,52.357582,24.621891,-18.462057,-6.402467
158.000000,789.098022,1003.738586,78.693245,-0.885437,-1.251487,82.513557,4.018440,4.322881,10.707848,8.763138,-11.050003,-2.143154,-3.869218,-3.567550,-16.492453,10.856220,-5.011421,0.056980,5.568078,-5.571491,1.317354,2.950140,17.619444,-19.514250,64.338326,15.034907,-18.526709,24.435284,-1.994100,-29.983166,28.022123,52.290699,25.662930,-18.486837,-5.332348
159.000000,789.128235,1003.648682,78.695801,-0.852476,-1.247829,82.445237,3.958288,4.332502,10.779801,8.756942,-10.977529,-2.162934,-3.987558,-3.558395,-16.454676,10.893643,-4.950084,-0.008482,5.823782,-5.572720,1.425660,2.660593,17.607563,-19.830019,64.444588,15.047881,-18.488468,24.786972,-3.401484,-29.453650,28.115782,52.276829,27.238583,-18.495523,-4.017687
160.000000,789.160950,1003.575134,78.700729,-0.829563,-1.215967,82.415388,3.889939,4.338346,10.800578,8.718555,-10.889819,-2.187391,-4.081542,-3.542155,-16.444397,10.870583,-4.873532,-0.057090,6.032065,-5.552601,1.486676,2.367021,17.581469,-20.141237,64.643860,15.040656,-18.481756,25.074974,-4.794506,-28.898771,28.232550,52.262630,28.776150,-18.502323,-2.874894
161.000000,789.193970,1003.522766,78.707436,-0.828028,-1.169197,82.381574,3.819857,4.359754,10.793853,8.667464,-10.808949,-2.216782,-4.135330,-3.491707,-16.437563,10.754518,-4.763747,-0.100265,6.259322,-5.495206,1.484245,2.076299,17.497599,-20.412621,64.940712,15.000674,-18.479666,25.353115,-6.084411,-28.348900,28.408472,52.203594,30.089434,-18.510426,-1.882504
162.000000,789.225464,1003.481567,78.712318,-0.825437,-1.078837,82.303131,3.716251,4.394718,10.821963,8.642452,-10.755703,-2.240042,-4.224525,-3.417675,-16.385761,10.619037,-4.640789,-0.146936,6.577479,-5.404834,1.423009,1.791997,17.364462,-20.701136,65.245567,14.928846,-18.451033,25.641062,-7.313818,-27.776875,28.641424,52.150089,31.056232,-18.473801,-1.025819
163.000000,789.263794,1003.434265,78.714439,-0.812411,-0.987819,82.208547,3.596781,4.424240,10.869388,8.635800,-10.705781,-2.263483,-4.372603,-3.363073,-16.321461,10.579873,-4.562437,-0.216866,6.920062,-5.309413,1.395459,1.513310,17.262297,-21.046932,65.449173,14.892578,-18.402136,25.888895,-8.500006,-27.154757,28.840786,51.761116,31.738401,-18.271175,-0.306409
164.000000,789.315308,1003.386719,78.716263,-0.804320,-0.942700,82.132836,3.502764,4.470348,10.906020,8.648775,-10.663510,-2.302500,-4.480216,-3.301634,-16.291676,10.544368,-4.496729,-0.301757,7.355242,-5.209789,1.437225,1.171783,17.166948,-21.385872,65.662918,14.888036,-18.394808,26.062502,-9.583432,-26.452734,28.980705,50.882111,32.658432,-17.956404,0.328657
165.000000,789.379944,1003.348999,78.720947,-0.800043,-0.923373,82.182287,3.454221,4.513793,10.833842,8.626486,-10.599399,-2.352147,-4.472837,-3.248955,-16.378565,10.443142,-4.432878,-0.367967,7.695113,-5.104357,1.482421,0.827512,17.038485,-21.655184,65.974121,14.897195,-18.385633,26.231741,-10.820237,-25.486668,29.089504,50.248936,33.483776,-17.846241,1.033759
166.000000,789.450867,1003.325684,78.726471,-0.793784,-0.965889,82.353161,3.478880,4.530108,10.631036,8.544190,-10.506563,-2.398652,-4.363991,-3.235305,-16.582041,10.359123,-4.419350,-0.423922,7.901700,-5.002708,1.522310,0.511155,16.912270,-21.936293,66.301880,14.891218,-18.303555,26.389854,-12.229185,-24.310064,29.254190,50.072147,34.252930,-17.850286,1.750530
167.000000,789.525391,1003.320007,78.728714,-0.773532,-1.036023,82.460351,3.614037,4.535327,10.486650,8.375257,-10.397953,-2.454265,-4.268676,-3.236486,-16.727808,10.405671,-4.483191,-0.486823,8.204132,-4.929895,1.528006,0.208722,16.803537,-22.315058,66.558701,14.823008,-18.116703,26.497499,-13.645218,-23.096100,29.590410,50.187614,34.977795,-17.862631,2.343143
168.000000,789.602966,1003.330322,78.728424,-0.754833,-1.141419,82.513889,3.777968,4.546217,10.435373,8.222632,-10.323211,-2.502787,-4.187458,-3.229352,-16.790983,10.477431,-4.555903,-0.531861,8.510549,-4.887166,1.528082,0.006000,16.728621,-22.629139,66.692169,14.753120,-17.959787,26.553194,-14.657968,-22.195263,29.887499,50.363323,35.453007,-17.862295,2.723492
169.000000,789.676819,1003.348999,78.725967,-0.736077,-1.244408,82.566582,4.005317,4.566690,10.386261,8.036634,-10.244114,-2.567181,-4.081374,-3.219604,-16.862841,10.599600,-4.674061,-0.580183,8.914089,-4.842544,1.517664,-0.183676,16.639317,-22.977749,66.833496,14.617475,-17.826244,26.599970,-15.848178,-20.994392,30.079294,50.503864,35.975655,-17.807577,3.149604
170.000000,789.743225,1003.365723,78.722107,-0.711493,-1.334313,82.604557,4.207209,4.574850,10.335361,7.874172,-10.174562,-2.621690,-4.011313,-3.232412,-16.932684,10.773547,-4.818674,-0.612465,9.281911,-4.818176,1.518279,-0.351712,16.543936,-23.209307,67.016617,14.433975,-17.754711,26.611052,-16.900911,-19.875856,30.122168,50.515213,36.512817,-17.733471,3.463846
171.000000,789.805298,1003.379456,78.717476,-0.695634,-1.410935,82.655263,4.356251,4.592560,10.295778,7.780635,-10.139538,-2.669728,-3.959837,-3.238590,-16.990530,10.930654,-4.950809,-0.636364,9.684052,-4.813826,1.521658,-0.565985,16.417776,-23.337858,67.223625,14.328387,-17.642353,26.614458,-17.855328,-18.852434,30.200230,50.511776,37.197666,-17.720276,3.639698
172.000000,789.858887,1003.382874,78.709526,-0.673470,-1.459157,82.675629,4.423267,4.614480,10.263945,7.784121,-10.146075,-2.712708,-3.975551,-3.259487,-17.046242,11.149832,-5.099641,-0.671732,10.079082,-4.824863,1.523794,-0.826694,16.299030,-23.466228,67.392166,14.308589,-17.446154,26.617584,-18.743389,-17.926878,30.312231,50.465652,37.892872,-17.645298,3.715990
173.000000,789.906189,1003.371216,78.699341,-0.649556,-1.518357,82.683132,4.452761,4.637950,10.265154,7.859477,-10.181409,-2.755995,-4.043681,-3.290894,-17.065472,11.439507,-5.263332,-0.717005,10.403141,-4.833839,1.574571,-1.073245,16.238506,-23.683517,67.435738,14.274500,-17.190775,26.627615,-19.699621,-17.020418,30.406277,50.346912,38.548908,-17.419363,3.736088
174.000000,789.951660,1003.357605,78.693939,-0.646595,-1.569468,82.697403,4.461874,4.680683,10.241735,7.956989,-10.222350,-2.802577,-4.029732,-3.279532,-17.101963,11.544724,-5.338488,-0.744235,10.638714,-4.824209,1.627663,-1.306370,16.223766,-24.040335,67.440926,14.096131,-16.894619,26.633091,-20.699091,-16.071339,30.467812,50.261063,39.154133,-17.172123,3.734374
175.000000,789.997620,1003.343323,78.694099,-0.664210,-1.623896,82.770181,4.458258,4.739882,10.158278,8.045228,-10.248801,-2.847958,-3.913529,-3.227054,-17.193941,11.446807,-5.324450,-0.766545,10.794428,-4.801652,1.687727,-1.538855,16.223719,-24.464380,67.442123,13.785443,-16.536745,26.634167,-21.734837,-15.043769,30.506721,50.229847,39.704559,-16.971401,3.689875
176.000000,790.041992,1003.327637,78.695175,-0.675940,-1.646469,82.895655,4.407063,4.780836,10.015565,8.130774,-10.261567,-2.878302,-3.820660,-3.198670,-17.335949,11.355862,-5.313936,-0.799837,10.898633,-4.791118,1.732348,-1.764384,16.235466,-24.893160,67.444107,13.477640,-16.181665,26.632618,-22.760506,-14.028278,30.581812,50.226982,40.139355,-16.853739,3.607643
177.000000,790.078796,1003.307251,78.696205,-0.678092,-1.659377,83.055328,4.327514,4.797706,9.839243,8.216957,-10.263668,-2.897172,-3.759331,-3.205754,-17.508219,11.312211,-5.320264,-0.831523,11.000344,-4.787240,1.797834,-2.008153,16.259735,-25.349092,67.457954,13.165735,-15.875729,26.628027,-23.761824,-13.097341,30.674553,50.224030,40.568115,-16.782116,3.521237
178.000000,790.106506,1003.285339,78.697594,-0.676560,-1.639267,83.282734,4.221027,4.796574,9.665116,8.302396,-10.263211,-2.906664,-3.737893,-3.236072,-17.677675,11.300182,-5.334764,-0.848934,11.053774,-4.784879,1.837669,-2.196115,16.287767,-25.705336,67.475288,12.937823,-15.670156,26.607412,-24.500694,-12.469224,30.739832,50.219654,40.888523,-16.727388,3.453146
179.000000,790.125977,1003.260254,78.697952,-0.662151,-1.642182,83.496536,4.086530,4.770689,9.414271,8.391155,-10.242677,-2.914271,-3.730325,-3.310704,-17.917784,11.348326,-5.384001,-0.869992,11.169249,-4.783837,1.912930,-2.470625,16.323357,-26.168633,67.490280,12.691304,-15.412479,26.540716,-25.516991,-11.729728,30.805677,50.203876,41.332840,-16.647047,3.362296
180.000000,790.138367,1003.239258,78.697144,-0.647342,-1.645582,83.698789,3.989338,4.738279,9.214042,8.471605,-10.228143,-2.915143,-3.739679,-3.392527,-18.103199,11.456210,-5.453968,-0.885858,11.381572,-4.784127,2.001646,-2.732131,16.325691,-26.527096,67.493065,12.534588,-15.203899,26.477991,-26.489874,-11.136802,30.817989,50.186470,41.868637,-16.584536,3.265003
181.000000,790.142700,1003.227417,78.696892,-0.634691,-1.627894,83.866403,3.882257,4.702156,9.030167,8.538335,-10.214746,-2.908780,-3.764795,-3.473142,-18.270929,11.550167,-5.515998,-0.889151,11.599720,-4.787409,2.029864,-2.927225,16.307901,-26.782053,67.486610,12.426697,-15.027719,26.424540,-27.417826,-10.654773,30.818520,50.118313,42.423458,-16.531462,3.112213
182.000000,790.139587,1003.213196,78.695396,-0.608520,-1.565388,83.968458,3.756153,4.656916,8.931157,8.576906,-10.195830,-2.892050,-3.880733,-3.557090,-18.355854,11.688477,-5.582771,-0.882487,11.857913,-4.805332,2.011033,-3.077275,16.264109,-26.937162,67.459999,12.258830,-14.816660,26.356783,-28.353678,-10.258163,30.813646,49.965012,42.905979,-16.460150,2.894962
183.000000,790.135803,1003.196716,78.691895,-0.575597,-1.546614,84.020871,3.695807,4.603863,8.880322,8.576621,-10.172709,-2.874289,-4.001047,-3.646817,-18.388830,11.886724,-5.677138,-0.872375,12.114552,-4.840820,2.036912,-3.210814,16.236635,-27.065525,67.443008,12.077985,-14.662597,26.322111,-29.378588,-9.923449,30.808027,49.838322,43.326176,-16.381800,2.726361
184.000000,790.137207,1003.187683,78.686440,-0.538876,-1.553031,84.080676,3.686080,4.548058,8.821600,8.565156,-10.156968,-2.859175,-4.096589,-3.741029,-18.416040,12.127888,-5.807021,-0.859544,12.336562,-4.921433,2.063256,-3.310796,16.235025,-27.160437,67.442284,11.930481,-14.564828,26.323198,-30.462614,-9.616549,30.756483,49.815578,43.766205,-16.268473,2.578703
185.000000,790.142090,1003.190491,78.682495,-0.513368,-1.576341,84.213287,3.688082,4.505601,8.722798,8.558706,-10.145932,-2.848552,-4.118840,-3.813171,-18.486479,12.277386,-5.903962,-0.847391,12.444744,-5.004434,2.071848,-3.359251,16.243534,-27.214214,67.444313,11.824821,-14.476404,26.363518,-31.274427,-9.417851,30.661585,49.813457,44.067772,-16.175175,2.448733
186.000000,790.150269,1003.205872,78.680763,-0.502195,-1.673190,84.293605,3.797948,4.465829,8.609754,8.494994,-10.119138,-2.843344,-4.037079,-3.876384,-18.575920,12.396464,-6.004534,-0.834180,12.625002,-5.126738,2.123273,-3.420635,16.254833,-27.284233,67.457054,11.665393,-14.347829,26.504402,-32.301819,-9.262918,30.550646,49.816414,44.338520,-16.113796,2.225030
187.000000,790.162476,1003.232666,78.679520,-0.515791,-1.801888,84.311645,3.993795,4.477357,8.597694,8.425496,-10.116127,-2.854404,-3.870398,-3.863530,-18.591564,12.409545,-6.052968,-0.831802,12.951118,-5.271365,2.174323,-3.499733,16.239340,-27.310417,67.517868,11.543640,-14.220035,26.763065,-33.261242,-9.258248,30.502277,49.856487,44.382385,-16.085037,1.954388
188.000000,790.169067,1003.263062,78.679314,-0.562873,-1.970896,84.381481,4.182683,4.528601,8.548182,8.470013,-10.175830,-2.870222,-3.586960,-3.806146,-18.648495,12.300676,-6.049091,-0.829450,13.241228,-5.380713,2.246816,-3.603570,16.191505,-27.376930,67.698166,11.542402,-14.040781,27.110550,-34.152481,-9.303584,30.353575,49.942200,44.379120,-16.056562,1.686071
189.000000,790.160583,1003.293884,78.680161,-0.619925,-2.106671,84.499183,4.295269,4.583087,8.434469,8.603271,-10.275124,-2.879236,-3.275273,-3.749607,-18.766857,12.119648,-6.011736,-0.816989,13.470814,-5.427374,2.285083,-3.723766,16.079062,-27.385641,67.872955,11.531044,-13.862814,27.501795,-34.934364,-9.390263,30.098095,50.002075,44.354576,-16.022051,1.338109
190.000000,790.137390,1003.319153,78.681099,-0.667664,-2.204891,84.633699,4.332088,4.611542,8.300861,8.765452,-10.375510,-2.875591,-3.027753,-3.728490,-18.899977,11.967379,-5.973587,-0.793221,13.607796,-5.424266,2.289642,-3.809363,15.963707,-27.470200,68.026833,11.577757,-13.534435,27.874216,-35.651981,-9.487135,29.819033,50.008171,44.309723,-15.973457,0.873488
191.000000,790.102905,1003.333008,78.681755,-0.699455,-2.302740,84.707499,4.373706,4.615811,8.239880,8.848634,-10.430209,-2.865433,-2.883237,-3.728964,-18.959045,11.896914,-5.950524,-0.768507,13.724281,-5.396285,2.315621,-3.867388,15.859565,-27.493471,68.084763,11.576588,-13.292810,28.148315,-36.174194,-9.563814,29.588556,50.011150,44.287422,-15.956829,0.481643
192.000000,790.061646,1003.331299,78.682487,-0.714138,-2.322133,84.733673,4.380825,4.604810,8.210858,8.937613,-10.483487,-2.839940,-2.802717,-3.742710,-18.972349,11.855642,-5.916868,-0.729758,13.923699,-5.340883,2.341467,-3.963579,15.692415,-27.499357,68.115402,11.571834,-12.947333,28.458221,-36.850346,-9.640981,29.185461,50.016956,44.199604,-15.916194,-0.066501
193.000000,790.014832,1003.307068,78.686104,-0.731944,-2.328572,84.791919,4.310262,4.576919,8.151059,9.021254,-10.509900,-2.796497,-2.782177,-3.766304,-19.000162,11.785101,-5.845195,-0.692696,14.090108,-5.246718,2.402720,-4.082262,15.518449,-27.501877,68.121559,11.613147,-12.629038,28.667112,-37.623882,-9.684517,28.637644,50.021572,43.886929,-15.809124,-0.578952
194.000000,789.964905,1003.277100,78.693794,-0.766033,-2.373928,84.874321,4.270529,4.560368,8.062439,9.093187,-10.523906,-2.749750,-2.667070,-3.765107,-19.071417,11.594544,-5.709273,-0.665421,14.157592,-5.077964,2.542772,-4.167652,15.375503,-27.501328,68.123734,11.742461,-12.475425,28.841040,-38.509830,-9.692801,27.986794,50.100990,43.330929,-15.711115,-0.914091
195.000000,789.911438,1003.260254,78.703323,-0.806461,-2.413290,84.918163,4.279795,4.554828,8.009163,9.109879,-10.525236,-2.707652,-2.504661,-3.733907,-19.117180,11.317482,-5.528215,-0.626009,14.184621,-4.864779,2.635547,-4.180161,15.253022,-27.501751,68.128624,11.919623,-12.406797,28.968254,-39.458801,-9.725029,27.393732,50.391975,42.680561,-15.693858,-1.047253
196.000000,789.855164,1003.256226,78.713486,-0.852418,-2.449379,84.929405,4.313282,4.557899,7.998766,9.110208,-10.530767,-2.666205,-2.336681,-3.681554,-19.107903,11.015187,-5.331057,-0.571527,14.220136,-4.639154,2.657746,-4.141471,15.148184,-27.504755,68.135460,12.023170,-12.338531,29.008461,-40.366180,-9.832026,26.838293,50.861862,42.199539,-15.695844,-1.059199
197.000000,789.798889,1003.261108,78.722305,-0.889650,-2.517112,84.937424,4.402069,4.549168,7.991321,9.079938,-10.530221,-2.623924,-2.142637,-3.643531,-19.106195,10.744404,-5.166543,-0.519469,14.307258,-4.435631,2.676485,-4.084838,15.088433,-27.545013,68.150536,12.295747,-12.196767,29.019323,-41.226067,-10.148303,26.472954,51.501572,42.034904,-15.718428,-1.045536
198.000000,789.750854,1003.268250,78.728065,-0.904827,-2.566300,85.083089,4.441269,4.497060,7.860233,9.063159,-10.516714,-2.571816,-1.977060,-3.683179,-19.227034,10.589684,-5.096179,-0.461226,14.313251,-4.310138,2.673684,-4.033566,15.064451,-27.551336,68.137474,12.519380,-12.110644,29.035648,-42.001976,-10.730764,26.230669,52.179459,42.052361,-15.648366,-0.996382
199.000000,789.702942,1003.279419,78.733765,-0.911448,-2.591479,85.314937,4.434811,4.438723,7.700555,9.059199,-10.498610,-2.527589,-1.882879,-3.751106,-19.367704,10.542893,-5.083675,-0.402727,14.229565,-4.247981,2.654133,-3.961753,15.102737,-27.618502,68.124763,12.821343,-11.933771,29.041550,-42.488670,-11.307030,25.991434,52.526329,42.094158,-15.508739,-0.938238
200.000000,789.657593,1003.295776,78.739731,-0.907465,-2.582787,85.526166,4.410502,4.350386,7.492945,9.018690,-10.452110,-2.468781,-1.799905,-3.855368,-19.548429,10.507604,-5.079362,-0.313381,14.134236,-4.204116,2.600717,-3.869528,15.152820,-27.617800,68.107422,13.256120,-11.708526,29.039326,-42.941086,-12.244005,25.570541,52.690861,42.163502,-15.329126,-0.865896
201.000000,789.617920,1003.322998,78.744438,-0.902838,-2.548371,85.679394,4.388825,4.269370,7.346288,8.941865,-10.400693,-2.418176,-1.751587,-3.941705,-19.675316,10.458804,-5.083889,-0.230160,14.088486,-4.203969,2.499280,-3.729760,15.213896,-27.542099,68.087311,13.706530,-11.482880,29.035345,-43.248241,-13.241664,25.099215,52.706314,42.206104,-15.257232,-0.812299
202.000000,789.586731,1003.358826,78.746979,-0.908845,-2.510421,85.743317,4.378402,4.227820,7.287280,8.892162,-10.385984,-2.384092,-1.723975,-3.980959,-19.728579,10.409794,-5.084408,-0.172837,14.067033,-4.216231,2.359763,-3.491365,15.297038,-27.431313,68.020935,14.246731,-11.160396,29.044367,-43.493763,-14.158039,24.604925,52.705391,42.205952,-15.243030,-0.765990
203.000000,789.563721,1003.390991,78.748741,-0.920153,-2.494712,85.831964,4.364336,4.205413,7.221207,8.889624,-10.394145,-2.363039,-1.674780,-4.006108,-19.801796,10.359580,-5.085589,-0.132606,14.019088,-4.231560,2.249312,-3.246324,15.370865,-27.167191,67.869034,14.838993,-10.853774,29.059216,-43.699802,-15.021576,24.109171,52.698784,42.202034,-15.244201,-0.691181
204.000000,789.544250,1003.419678,78.749290,-0.923772,-2.485543,85.896172,4.363508,4.181892,7.173099,8.889519,-10.405596,-2.345518,-1.634294,-4.041056,-19.896267,10.344502,-5.102034,-0.101161,13.991060,-4.244228,2.162567,-3.057529,15.438747,-27.007269,67.787155,15.734734,-10.423376,29.000746,-43.852837,-15.870118,23.703062,52.701721,42.212147,-15.246674,-0.565055
205.000000,789.525940,1003.441162,78.748856,-0.920517,-2.506293,86.025804,4.364375,4.143370,7.071749,8.909101,-10.415095,-2.327123,-1.559817,-4.103516,-20.056286,10.346317,-5.141347,-0.066924,13.882920,-4.250973,2.128840,-2.924650,15.481854,-26.825100,67.736237,16.386389,-10.097773,28.966848,-43.988754,-16.667786,23.344362,52.747826,42.216751,-15.240786,-0.381056
206.000000,789.508484,1003.457947,78.747948,-0.912909,-2.537161,86.175755,4.367823,4.096333,6.951926,8.934972,-10.420659,-2.306965,-1.481586,-4.180149,-20.206308,10.379199,-5.199518,-0.033369,13.689137,-4.255501,2.119502,-2.807545,15.526315,-26.710697,67.742432,16.726610,-9.799162,28.924583,-44.148476,-17.450117,23.155416,52.839001,42.221733,-15.197391,-0.139467
207.000000,789.490601,1003.472168,78.746651,-0.901012,-2.555981,86.291231,4.367095,4.061760,6.882458,8.947593,-10.420555,-2.290841,-1.448653,-4.238329,-20.291456,10.428050,-5.249473,-0.007938,13.539677,-4.266304,2.107204,-2.728190,15.566849,-26.630592,67.757820,16.958899,-9.556003,28.884933,-44.258892,-18.076342,23.097458,52.881672,42.229221,-15.086020,0.111761
208.000000,789.470947,1003.480408,78.746376,-0.897691,-2.535629,86.445504,4.304287,4.020672,6.777050,9.002255,-10.430738,-2.262884,-1.434930,-4.310310,-20.409800,10.473456,-5.295772,0.031216,13.289962,-4.275947,2.070689,-2.600046,15.608706,-26.437126,67.789497,17.411821,-9.220270,28.824053,-44.401138,-18.921192,22.967493,52.886353,42.236965,-14.832530,0.575342
209.000000,789.441467,1003.478516,78.744423,-0.918087,-2.517351,86.645462,4.140094,3.992707,6.612363,9.198955,-10.502261,-2.224184,-1.418344,-4.376080,-20.577572,10.486781,-5.316231,0.069596,12.929246,-4.244812,2.034899,-2.456342,15.649971,-26.292118,67.790054,18.008160,-8.819394,28.710056,-44.568588,-19.740688,22.686153,52.880669,42.288738,-14.528938,1.183245
210.000000,789.395874,1003.476074,78.740601,-0.957263,-2.548607,86.818316,3.964368,3.988788,6.446180,9.529144,-10.652705,-2.177845,-1.367404,-4.427686,-20.733780,10.521441,-5.324821,0.107410,12.593514,-4.128628,2.034023,-2.365640,15.642817,-26.114374,67.782845,18.556234,-8.538117,28.623983,-44.702168,-20.643364,22.271576,52.867867,42.540466,-14.266051,1.890783
211.000000,789.335815,1003.483398,78.736992,-1.000764,-2.624316,86.918851,3.889550,3.987790,6.346869,9.818954,-10.807220,-2.128006,-1.294820,-4.475460,-20.806292,10.609110,-5.335219,0.165606,12.321559,-3.958808,2.033626,-2.266136,15.580736,-25.901199,67.777153,19.072796,-8.334515,28.511129,-44.742977,-21.590073,21.768608,52.837749,43.062805,-14.085562,2.578146
212.000000,789.272705,1003.502747,78.734741,-1.032443,-2.721267,86.943894,3.935823,3.978681,6.336082,9.984838,-10.920871,-2.079864,-1.214522,-4.523406,-20.820154,10.722931,-5.349588,0.228772,12.116544,-3.781220,2.017504,-2.140786,15.500918,-25.725843,67.773628,19.619232,-8.141701,28.371424,-44.715710,-22.557846,21.346560,52.782280,43.712360,-13.992206,3.124912
213.000000,789.220032,1003.532227,78.733078,-1.043103,-2.860394,86.961097,4.106982,3.944972,6.342319,9.992001,-10.961523,-2.043108,-1.088345,-4.586339,-20.834375,10.838302,-5.394898,0.290517,11.899035,-3.661492,2.010295,-1.987866,15.457347,-25.550261,67.771904,20.162727,-7.988273,28.286478,-44.597389,-23.506758,21.051073,52.607605,44.464371,-13.952837,3.574383
214.000000,789.179810,1003.558472,78.728043,-1.022218,-2.989463,87.074247,4.274395,3.868371,6.271411,9.974714,-10.972857,-2.005594,-0.963686,-4.711478,-20.925016,11.029431,-5.526311,0.356835,11.524045,-3.618291,2.013624,-1.790583,15.459599,-25.393021,67.772110,20.576107,-7.849295,28.217228,-44.509960,-24.391962,20.824062,52.499722,45.148788,-13.944844,4.080007
215.000000,789.147278,1003.581116,78.720863,-0.980007,-3.144227,87.285287,4.459545,3.747197,6.103397,9.913681,-10.952229,-1.957860,-0.773368,-4.877954,-21.061527,11.192607,-5.707502,0.452895,11.025010,-3.634504,2.052701,-1.632862,15.512079,-25.280287,67.772202,20.860630,-7.722922,28.170689,-44.492813,-25.333601,20.709482,52.561714,45.603390,-13.941022,4.633191
216.000000,789.119751,1003.606201,78.711266,-0.925990,-3.307086,87.411695,4.638494,3.653720,6.023561,9.825043,-10.927889,-1.926117,-0.612209,-4.987888,-21.087757,11.271924,-5.848011,0.529223,10.722788,-3.675582,2.081674,-1.551345,15.579103,-25.265158,67.774231,21.092358,-7.631996,28.105604,-44.491177,-26.123260,20.697411,52.718975,45.846748,-13.938299,5.053163
217.000000,789.097961,1003.628418,78.701958,-0.883185,-3.436943,87.409738,4.873294,3.567638,6.036211,9.711929,-10.914406,-1.897915,-0.441242,-5.073897,-21.010181,11.324791,-5.992394,0.602012,10.516791,-3.740455,2.088641,-1.467152,15.646296,-25.226543,67.789322,21.416525,-7.548288,27.941208,-44.475288,-27.210102,20.692268,53.024895,46.225136,-13.933936,5.554729
218.000000,789.081360,1003.642456,78.698357,-0.868393,-3.538334,87.336107,5.078998,3.537785,6.120463,9.609351,-10.906479,-1.880299,-0.329451,-5.095612,-20.904627,11.353174,-6.049117,0.628618,10.474150,-3.790561,2.087595,-1.449896,15.660094,-25.108673,67.833641,21.600414,-7.489304,27.796980,-44.420815,-28.335609,20.691496,53.352573,46.654427,-13.928694,5.964012
219.000000,789.067200,1003.650452,78.695366,-0.867363,-3.647531,87.170912,5.292218,3.549087,6.291665,9.516467,-10.909564,-1.872910,-0.241531,-5.071508,-20.740555,11.365670,-6.059046,0.647720,10.520008,-3.822137,2.108523,-1.447084,15.654446,-24.929770,67.866699,21.763617,-7.431881,27.639074,-44.339767,-29.389175,20.691677,53.633587,47.038040,-13.923400,6.290999
220.000000,789.052979,1003.661621,78.693619,-0.894151,-3.751966,86.970124,5.488136,3.613153,6.534605,9.495256,-10.960722,-1.878235,-0.120349,-4.978416,-20.531576,11.266019,-5.998048,0.656335,10.630778,-3.818648,2.123917,-1.445481,15.624232,-24.618095,67.870010,22.073896,-7.375061,27.391359,-44.123650,-30.397879,20.694408,53.790100,47.266117,-13.922113,6.717702
221.000000,789.037903,1003.672485,78.693092,-0.930688,-3.844416,86.779227,5.653694,3.689407,6.756590,9.495384,-11.021541,-1.890099,0.018758,-4.865572,-20.354548,11.096836,-5.897406,0.659289,10.727824,-3.811169,2.124857,-1.444670,15.582162,-24.258015,67.873085,22.455713,-7.332070,27.099476,-43.793922,-31.396486,20.728844,53.957024,47.392338,-13.924716,7.328024
222.000000,789.020142,1003.673645,78.691452,-0.957504,-3.900233,86.627197,5.741978,3.748132,6.935730,9.537378,-11.084105,-1.900771,0.090206,-4.790326,-20.226315,10.995498,-5.821693,0.657075,10.771806,-3.807844,2.122256,-1.445786,15.541731,-23.912888,67.884613,22.758476,-7.306563,26.810701,-43.447277,-32.368877,20.814802,54.178028,47.455219,-13.922132,7.997507
223.000000,789.000305,1003.665833,78.689445,-0.975025,-3.930985,86.517093,5.767829,3.785480,7.069864,9.604580,-11.139522,-1.905838,0.106778,-4.753295,-20.141108,10.954202,-5.771893,0.655573,10.752184,-3.798902,2.129689,-1.448415,15.517916,-23.616024,67.902077,22.979017,-7.298007,26.544769,-43.078499,-33.295963,20.891644,54.314407,47.477238,-13.903128,8.638129
224.000000,788.978210,1003.652466,78.687683,-0.982151,-3.947966,86.419655,5.769447,3.801677,7.158984,9.652881,-11.171636,-1.904731,0.099149,-4.740071,-20.081627,10.939454,-5.741770,0.657516,10.708982,-3.783852,2.141982,-1.450860,15.505335,-23.423338,67.920174,23.112263,-7.293058,26.363321,-42.795666,-33.976822,20.968950,54.363132,47.484524,-13.878461,9.102839
225.000000,788.956238,1003.635193,78.686676,-0.985740,-3.947643,86.369446,5.745373,3.808458,7.240323,9.716007,-11.202810,-1.897886,0.074455,-4.738713,-20.023918,10.928828,-5.708371,0.664455,10.595162,-3.754898,2.153738,-1.453606,15.491647,-23.208935,67.953903,23.266809,-7.273834,26.137945,-42.453976,-34.819229,21.132439,54.379341,47.484703,-13.824162,9.709793
226.000000,788.937622,1003.615112,78.686646,-0.989658,-3.936130,86.357744,5.685276,3.807308,7.260150,9.787210,-11.225686,-1.888756,0.048574,-4.746831,-20.015175,10.908465,-5.674425,0.674079,10.401163,-3.720920,2.153628,-1.456105,15.492474,-23.033659,67.975319,23.398350,-7.212203,25.869904,-42.170586,-35.561878,21.309311,54.411224,47.475540,-13.758275,10.364419
227.000000,788.923340,1003.593567,78.686867,-0.990469,-3.923902,86.334040,5.624670,3.806560,7.278517,9.848932,-11.241476,-1.879447,0.021565,-4.750929,-20.003160,10.878910,-5.638953,0.683277,10.206017,-3.680527,2.152267,-1.464925,15.496626,-22.869854,67.983727,23.451351,-7.107285,25.553511,-41.944893,-36.208721,21.486675,54.505741,47.452137,-13.712855,11.034202
228.000000,788.913391,1003.571716,78.686646,-0.984914,-3.915544,86.268885,5.593319,3.807184,7.333909,9.875715,-11.246059,-1.872050,-0.017680,-4.749796,-19.954798,10.864209,-5.610746,0.687527,10.071908,-3.639718,2.151749,-1.487772,15.500527,-22.736403,67.991325,23.474785,-7.004700,25.228117,-41.753345,-36.753265,21.641035,54.627373,47.420681,-13.676895,11.657261
229.000000,788.908142,1003.548706,78.686157,-0.972206,-3.905759,86.171903,5.586458,3.807848,7.427732,9.868117,-11.237592,-1.868204,-0.075958,-4.744857,-19.866631,10.867465,-5.590331,0.686653,9.994843,-3.602555,2.149849,-1.522619,15.503294,-22.653126,67.999321,23.494177,-6.912126,24.920977,-41.626694,-37.181614,21.779297,54.799335,47.411934,-13.636143,12.250599
230.000000,788.908020,1003.523438,78.685997,-0.954288,-3.886883,86.054922,5.584399,3.807738,7.538271,9.831944,-11.212582,-1.867471,-0.158939,-4.738774,-19.759102,10.886612,-5.573459,0.679445,9.949254,-3.574014,2.142558,-1.569139,15.505316,-22.623737,68.009666,23.514999,-6.817467,24.655525,-41.589535,-37.495918,21.917788,55.025768,47.418781,-13.574733,12.782518
231.000000,788.913391,1003.497314,78.686394,-0.928140,-3.832735,85.914611,5.567038,3.805425,7.671603,9.758191,-11.164543,-1.869829,-0.303860,-4.736878,-19.628801,10.946570,-5.566009,0.663905,9.938953,-3.564554,2.108936,-1.619406,15.507968,-22.594780,68.018890,23.576141,-6.731133,24.406015,-41.589874,-37.729919,22.057972,55.172630,47.424534,-13.482991,13.228240
232.000000,788.925293,1003.470154,78.687416,-0.908359,-3.796317,85.851750,5.534966,3.803875,7.742227,9.708964,-11.117116,-1.873847,-0.411588,-4.740274,-19.566837,10.987846,-5.558462,0.643486,9.879717,-3.561329,2.096828,-1.684842,15.527416,-22.577103,68.022217,23.670837,-6.639405,24.136669,-41.614082,-37.895561,22.166208,55.197460,47.424831,-13.387698,13.611400
233.000000,788.941406,1003.450134,78.688499,-0.893703,-3.769067,85.822500,5.507551,3.808243,7.777943,9.675776,-11.077825,-1.881548,-0.479233,-4.745572,-19.559515,11.017111,-5.555556,0.616844,9.789851,-3.560389,2.070487,-1.740508,15.560483,-22.571495,68.024490,23.803661,-6.558647,23.856251,-41.659630,-37.971546,22.246479,55.190151,47.427441,-13.328549,13.932718
234.000000,788.960693,1003.439148,78.689865,-0.882832,-3.782125,85.778244,5.556085,3.821967,7.839318,9.599325,-11.032200,-1.896016,-0.490710,-4.738379,-19.550024,11.027647,-5.551387,0.590940,9.751123,-3.561456,2.045094,-1.804785,15.577243,-22.565710,68.029854,24.024483,-6.470330,23.602901,-41.682667,-37.974583,22.336798,55.152309,47.431274,-13.310335,14.170462
235.000000,788.983154,1003.430359,78.690529,-0.874593,-3.822684,85.683025,5.636615,3.842795,7.921697,9.525672,-10.998729,-1.911144,-0.477881,-4.717362,-19.511648,11.029961,-5.544882,0.567191,9.774970,-3.563528,2.034128,-1.864761,15.572675,-22.539547,68.046829,24.184778,-6.399166,23.432304,-41.693058,-37.899181,22.386137,55.114765,47.436951,-13.307181,14.289758
236.000000,789.009888,1003.415222,78.690010,-0.860591,-3.891497,85.510102,5.793242,3.881727,8.104652,9.404622,-10.948068,-1.944408,-0.470077,-4.673113,-19.389017,11.059152,-5.537728,0.521947,9.880898,-3.566310,2.048938,-1.963876,15.550896,-22.465628,68.101723,24.291410,-6.313326,23.227272,-41.752995,-37.647308,22.407530,55.050594,47.479362,-13.304871,14.354326
237.000000,789.045837,1003.394409,78.689270,-0.841503,-3.934423,85.290434,5.958629,3.929615,8.339960,9.252310,-10.880550,-1.997599,-0.513354,-4.619113,-19.212982,11.132509,-5.540409,0.463444,10.084538,-3.589619,2.056036,-2.093381,15.536910,-22.409647,68.157166,24.358418,-6.235147,23.004026,-41.829292,-37.271893,22.446194,54.964378,47.595619,-13.304988,14.356188
238.000000,789.094910,1003.364929,78.687965,-0.806356,-3.946777,85.047776,6.098539,3.975576,8.603427,9.059959,-10.789523,-2.055024,-0.640027,-4.566270,-18.998222,11.261139,-5.563348,0.397316,10.287344,-3.656457,2.049415,-2.188832,15.569607,-22.380764,68.165947,24.402815,-6.199153,22.779022,-41.900898,-36.726528,22.492023,54.701099,47.744816,-13.306678,14.300456
239.000000,789.154907,1003.330139,78.685448,-0.764009,-3.953759,84.896127,6.197145,4.004474,8.786495,8.888206,-10.694808,-2.110083,-0.788730,-4.548509,-18.854858,11.453954,-5.632623,0.326481,10.352298,-3.767878,2.048917,-2.260949,15.670575,-22.384041,68.167458,24.406925,-6.192920,22.497744,-42.050575,-35.991932,22.657267,54.400986,47.848885,-13.312112,14.162376
240.000000,789.220581,1003.289429,78.681152,-0.720130,-3.956921,84.819454,6.226028,4.027320,8.874525,8.803652,-10.625783,-2.162450,-0.933851,-4.555567,-18.795414,11.672005,-5.728025,0.258983,10.359570,-3.900281,2.050147,-2.355170,15.804524,-22.433680,68.167068,24.393749,-6.178483,22.192862,-42.278435,-35.225918,23.010929,54.211475,47.908852,-13.322324,14.030884
241.000000,789.289917,1003.238281,78.676315,-0.676381,-3.914879,84.800454,6.129343,4.049321,8.888680,8.831766,-10.585850,-2.206987,-1.124503,-4.577956,-18.789061,11.900933,-5.825792,0.188814,10.373944,-4.048826,2.029135,-2.476912,15.960167,-22.564861,68.125183,24.263361,-6.096921,21.885351,-42.587448,-34.481873,23.478277,54.170780,47.936844,-13.323371,13.892885
242.000000,789.356812,1003.174683,78.673210,-0.641279,-3.854185,84.833798,5.994864,4.069778,8.860942,8.903398,-10.564112,-2.238831,-1.274135,-4.592448,-18.812872,12.040259,-5.876260,0.134031,10.387963,-4.158084,2.033106,-2.578843,16.084328,-22.681257,68.050842,24.071962,-5.985114,21.658928,-42.853462,-33.899704,23.788965,54.163483,47.952374,-13.320579,13.776991
243.000000,789.417908,1003.104309,78.671684,-0.618510,-3.752928,84.856346,5.756593,4.106919,8.813293,9.033678,-10.546746,-2.280464,-1.482211,-4.596661,-18.858429,12.160592,-5.900247,0.062929,10.454987,-4.282082,2.035714,-2.718974,16.224241,-22.806993,67.918503,23.871872,-5.820532,21.382883,-43.196163,-33.174324,24.181351,54.132732,48.034321,-13.310161,13.631182
244.000000,789.468567,1003.037476,78.672012,-0.618825,-3.668997,84.752702,5.547348,4.182834,8.878829,9.158772,-10.550362,-2.331674,-1.669064,-4.532499,-18.809366,12.165217,-5.844999,-0.009050,10.716351,-4.346769,2.038310,-2.869797,16.283060,-22.865589,67.744675,23.845789,-5.640305,21.161232,-43.497444,-32.501740,24.531446,54.023777,48.200893,-13.229356,13.505274
245.000000,789.511108,1002.981750,78.674377,-0.637448,-3.615857,84.554198,5.435026,4.298213,9.073279,9.245058,-10.564912,-2.393796,-1.779621,-4.387873,-18.642260,12.029243,-5.705778,-0.078748,11.053149,-4.341017,2.038914,-2.914628,16.289480,-22.875458,67.464287,23.864180,-5.435168,21.039841,-43.822651,-31.618494,24.648243,53.894924,48.289383,-13.074428,13.407957
246.000000,789.551331,1002.938721,78.678604,-0.671514,-3.609504,84.295812,5.426067,4.434090,9.317942,9.285819,-10.582523,-2.459693,-1.782312,-4.194457,-18.440252,11.775517,-5.512319,-0.157111,11.437478,-4.296241,2.036935,-2.919836,16.259941,-22.883497,67.169708,24.049383,-5.230021,20.955946,-44.139309,-30.537252,24.682667,53.861393,48.319820,-12.993200,13.317555
247.000000,789.593384,1002.905090,78.683113,-0.719938,-3.636293,84.188635,5.411418,4.568150,9.431740,9.382395,-10.620941,-2.520914,-1.680257,-4.012341,-18.362024,11.469397,-5.322934,-0.231859,11.746934,-4.248137,2.033154,-2.953071,16.200727,-22.883932,66.949150,24.396156,-5.071264,20.937420,-44.357735,-29.319986,24.659994,53.856960,48.326515,-12.981030,13.178441
248.000000,789.640015,1002.873901,78.683884,-0.738088,-3.661481,84.165589,5.387555,4.650007,9.429776,9.459901,-10.635175,-2.575499,-1.622733,-3.916624,-18.364437,11.347656,-5.250090,-0.299661,11.972534,-4.248887,2.027205,-3.033318,16.150776,-22.884052,66.852150,24.856236,-4.977673,20.926928,-44.491402,-27.999861,24.610403,53.852249,48.325520,-12.975960,13.005703
249.000000,789.690491,1002.846619,78.683434,-0.741424,-3.681151,84.249883,5.345492,4.688968,9.324477,9.513791,-10.628335,-2.616815,-1.593421,-3.887918,-18.445337,11.338489,-5.254734,-0.345477,12.088863,-4.291596,2.014214,-3.114676,16.131721,-22.886538,66.822678,25.339443,-4.918139,20.863821,-44.559971,-26.625633,24.537609,53.845009,48.328037,-12.952791,12.846343
250.000000,789.735718,1002.828979,78.683235,-0.744055,-3.734871,84.371351,5.348446,4.706577,9.216444,9.529752,-10.616300,-2.641537,-1.529535,-3.880112,-18.536325,11.328701,-5.270833,-0.366519,12.146358,-4.322508,2.018521,-3.158766,16.124029,-22.889330,66.819550,25.611099,-4.863893,20.827408,-44.566147,-25.585581,24.431284,53.839760,48.335911,-12.891075,12.743607
251.000000,789.769714,1002.821167,78.681366,-0.746837,-3.813230,84.368975,5.426500,4.735884,9.167841,9.517623,-10.606936,-2.675084,-1.437673,-3.854829,-18.574633,11.331455,-5.293539,-0.398641,12.316955,-4.336073,2.022217,-3.200768,16.107752,-22.925825,66.834732,25.882446,-4.721122,20.805962,-44.537590,-24.227966,24.279512,53.837387,48.352066,-12.762847,12.556147
252.000000,789.793213,1002.814026,78.678490,-0.754110,-3.887271,84.323570,5.524968,4.780055,9.216969,9.527795,-10.624360,-2.705619,-1.368330,-3.806151,-18.523287,11.338659,-5.299019,-0.436741,12.624774,-4.312901,2.021561,-3.234780,16.056822,-23.049576,66.882507,26.169109,-4.473588,20.750322,-44.504711,-22.992643,24.263208,53.841610,48.360409,-12.604520,12.311727
253.000000,789.807739,1002.801147,78.675880,-0.758394,-3.939919,84.324540,5.565748,4.806819,9.217196,9.574123,-10.647214,-2.723204,-1.321041,-3.785195,-18.514397,11.358255,-5.307056,-0.461527,12.893128,-4.279565,2.022344,-3.262156,15.986239,-23.156429,66.921776,26.355268,-4.176117,20.719696,-44.491760,-21.871485,24.259958,53.846920,48.363453,-12.380664,12.087818
254.000000,789.809143,1002.787292,78.671913,-0.757537,-4.004139,84.246901,5.627200,4.827151,9.283411,9.608954,-10.673269,-2.736890,-1.310893,-3.772266,-18.447042,11.426789,-5.323489,-0.481428,13.260803,-4.228108,2.039174,-3.302546,15.884528,-23.293324,66.977104,26.545727,-3.812956,20.665436,-44.467319,-20.897747,24.260441,53.840305,48.362255,-12.160728,11.835304
255.000000,789.803101,1002.784729,78.669373,-0.755913,-3.996030,84.110984,5.658187,4.848505,9.417881,9.603993,-10.691137,-2.750317,-1.380651,-3.747972,-18.318916,11.491520,-5.324173,-0.499549,13.738012,-4.184348,1.970123,-3.303703,15.745476,-23.366922,67.052521,26.709394,-3.452133,20.775171,-44.248451,-20.105999,24.262337,53.500542,48.251705,-11.923847,11.401699
256.000000,789.787170,1002.796387,78.668503,-0.759262,-3.936237,83.911658,5.672642,4.874293,9.623482,9.559529,-10.705312,-2.760180,-1.501326,-3.700576,-18.124790,11.513200,-5.294291,-0.513472,14.252292,-4.127128,1.823632,-3.184672,15.581598,-23.460087,67.180496,26.955746,-3.091966,20.914221,-43.763443,-19.450066,24.262520,52.571911,48.161659,-11.672347,10.841682
257.000000,789.764221,1002.809509,78.668793,-0.769749,-3.898129,83.772515,5.682658,4.891538,9.768173,9.538036,-10.729037,-2.757939,-1.560250,-3.659996,-17.991110,11.473708,-5.247845,-0.516372,14.697143,-4.044219,1.716432,-2.969677,15.401313,-23.511600,67.288811,27.311916,-2.720104,20.982162,-43.198341,-18.894627,24.278357,51.410641,48.152988,-11.529367,10.296577
258.000000,789.740967,1002.814026,78.669563,-0.778354,-3.893424,83.753422,5.681322,4.889118,9.787501,9.540436,-10.742625,-2.747999,-1.554448,-3.655859,-17.977249,11.433606,-5.222192,-0.511643,14.954517,-3.976559,1.687464,-2.812736,15.265781,-23.526176,67.321503,27.469288,-2.380560,21.193090,-42.833103,-18.521343,24.320906,50.619217,48.145962,-11.500639,9.900526
259.000000,789.720276,1002.813904,78.671227,-0.784941,-3.888147,83.843941,5.652591,4.870173,9.735075,9.566346,-10.754033,-2.731280,-1.526239,-3.684958,-18.044748,11.398582,-5.207377,-0.497705,15.179873,-3.891499,1.672055,-2.604295,15.081944,-23.581810,67.327408,27.552061,-1.877430,21.410311,-42.462921,-18.048954,24.480665,49.755119,48.143841,-11.496320,9.363307
260.000000,789.710205,1002.815430,78.676079,-0.789581,-3.920145,84.062511,5.630047,4.833337,9.562668,9.565231,-10.729319,-2.717813,-1.424048,-3.743440,-18.241882,11.331789,-5.201205,-0.473602,15.235525,-3.835423,1.684620,-2.457332,14.955459,-23.761007,67.328453,27.635126,-1.338867,21.659683,-42.180119,-17.582882,24.837267,49.053421,48.158340,-11.533195,8.799411
261.000000,789.706482,1002.828125,78.682381,-0.791831,-3.975218,84.347534,5.653759,4.776154,9.304632,9.516870,-10.671200,-2.704350,-1.240442,-3.821324,-18.516924,11.235908,-5.208549,-0.436598,15.234069,-3.816925,1.688979,-2.332093,14.843269,-24.129545,67.334267,27.914005,-0.834261,21.806576,-41.900013,-17.148518,25.374775,48.560505,48.166660,-11.605640,8.279072
262.000000,789.705200,1002.847107,78.688469,-0.794651,-3.984747,84.571632,5.674385,4.726486,9.073664,9.439607,-10.606113,-2.690814,-1.092777,-3.888870,-18.766996,11.157775,-5.218752,-0.402232,15.260647,-3.824894,1.632552,-2.246790,14.744687,-24.388315,67.333496,28.206827,-0.451710,22.094999,-41.563564,-16.673309,25.825661,48.175758,48.159420,-11.632645,7.833397
263.000000,789.694519,1002.865295,78.694008,-0.800483,-3.954018,84.692257,5.664028,4.698422,8.975766,9.361110,-10.560200,-2.676337,-1.039518,-3.920625,-18.897333,11.073793,-5.195588,-0.374496,15.289031,-3.820553,1.501346,-2.130312,14.632619,-24.504732,67.328079,28.377790,-0.196412,22.327940,-41.109840,-16.069569,25.995039,47.705856,48.089996,-11.633660,7.432455
264.000000,789.674927,1002.874268,78.699303,-0.799181,-3.919744,84.757764,5.650414,4.667641,8.931255,9.289271,-10.517867,-2.657730,-1.015840,-3.948755,-18.975109,10.991590,-5.156828,-0.345279,15.285817,-3.798783,1.396065,-2.052075,14.526234,-24.536007,67.324799,28.537283,-0.018976,22.542439,-40.592831,-15.491852,26.023731,47.136105,47.888680,-11.634660,7.053585
265.000000,789.651062,1002.878540,78.705887,-0.806034,-3.898671,84.913007,5.617935,4.625247,8.817137,9.235456,-10.472031,-2.632775,-0.949694,-3.989933,-19.120888,10.865461,-5.104929,-0.307843,15.140203,-3.776828,1.331924,-1.984839,14.462684,-24.551092,67.329430,28.760344,0.080724,22.698662,-39.994278,-15.023677,26.027132,46.391026,47.647495,-11.633726,6.647169
266.000000,789.619873,1002.890747,78.713547,-0.825377,-3.919791,85.149637,5.599995,4.577645,8.617748,9.214651,-10.439525,-2.597678,-0.783384,-4.042108,-19.363161,10.683457,-5.044603,-0.259334,14.846309,-3.740556,1.301351,-1.898100,14.432487,-24.587732,67.338356,29.009970,0.145525,22.811642,-39.262985,-14.696357,26.027122,45.443253,47.507256,-11.632887,6.230880
267.000000,789.580872,1002.912781,78.718918,-0.840535,-3.958656,85.347885,5.621918,4.524475,8.445407,9.198809,-10.422779,-2.555377,-0.601957,-4.105431,-19.589064,10.540232,-5.008718,-0.201277,14.559623,-3.700673,1.252968,-1.788831,14.398007,-24.628416,67.346123,29.283184,0.213174,22.916887,-38.391895,-14.513832,26.026384,44.388191,47.419315,-11.633274,5.802001
268.000000,789.535278,1002.935669,78.721687,-0.848078,-4.015379,85.484462,5.684028,4.467814,8.341455,9.177472,-10.415718,-2.509406,-0.448840,-4.176613,-19.749449,10.471051,-5.000935,-0.140023,14.347204,-3.659554,1.204175,-1.684747,14.342275,-24.649342,67.352226,29.554834,0.300760,23.021538,-37.507565,-14.454386,26.025728,43.391491,47.373154,-11.632199,5.368813
269.000000,789.486450,1002.950745,78.721825,-0.844031,-4.072662,85.569342,5.733374,4.421853,8.304444,9.165154,-10.413303,-2.472945,-0.380099,-4.242087,-19.832796,10.489870,-5.018533,-0.103372,14.214550,-3.635002,1.171548,-1.611738,14.300901,-24.656498,67.355858,29.733160,0.364738,23.093973,-36.895855,-14.451243,26.023600,42.734631,47.357845,-11.629526,5.030692
270.000000,789.441223,1002.952698,78.719398,-0.827825,-4.134264,85.625244,5.797161,4.357845,8.286314,9.159369,-10.411123,-2.425710,-0.340910,-4.346571,-19.916586,10.607149,-5.075356,-0.066968,14.035216,-3.616850,1.159660,-1.527900,14.275511,-24.673222,67.357803,29.911453,0.431575,23.151287,-36.225231,-14.466321,26.019138,42.030960,47.346390,-11.624932,4.593133
271.000000,789.399597,1002.947266,78.716919,-0.811163,-4.180447,85.716596,5.822395,4.290273,8.248201,9.183391,-10.414195,-2.377373,-0.333092,-4.466595,-20.019819,10.762645,-5.149855,-0.022634,13.828931,-3.622655,1.152783,-1.441361,14.271026,-24.697994,67.324867,30.124928,0.504981,23.156254,-35.674103,-14.532565,26.014751,41.473110,47.343067,-11.617645,4.193118
272.000000,789.360046,1002.936157,78.715988,-0.802514,-4.181889,85.832832,5.762138,4.230862,8.170646,9.254355,-10.426567,-2.328584,-0.337461,-4.576384,-20.165531,10.849565,-5.190818,0.029031,13.596466,-3.652679,1.120427,-1.319597,14.281577,-24.699709,67.184090,30.472502,0.596110,23.154768,-35.150978,-14.708170,25.993391,40.867207,47.354008,-11.599127,3.810127
273.000000,789.325562,1002.914612,78.715286,-0.797466,-4.166210,85.897472,5.662028,4.195098,8.138246,9.349326,-10.447216,-2.288724,-0.373349,-4.651910,-20.267302,10.891232,-5.197877,0.063954,13.424112,-3.693157,1.092750,-1.218188,14.313679,-24.697845,67.005524,30.771202,0.678922,23.152224,-34.707470,-14.966243,25.942982,40.234558,47.509651,-11.584617,3.458123
274.000000,789.297058,1002.885620,78.714523,-0.791607,-4.152958,85.926981,5.570379,4.171885,8.141415,9.438069,-10.465007,-2.257720,-0.419785,-4.706766,-20.326769,10.922514,-5.192302,0.086115,13.287388,-3.741224,1.088756,-1.149038,14.362198,-24.695763,66.857994,30.947834,0.738070,23.143953,-34.421852,-15.244747,25.887529,39.724129,47.822552,-11.580629,3.156293
275.000000,789.274902,1002.857117,78.713463,-0.786152,-4.148752,85.912088,5.506962,4.161698,8.184002,9.508118,-10.480045,-2.237792,-0.466487,-4.741497,-20.342777,10.950135,-5.181017,0.102369,13.188521,-3.793961,1.087725,-1.076380,14.428818,-24.694717,66.704910,31.054831,0.772072,23.127439,-34.270348,-15.520145,25.847591,39.336319,48.266621,-11.580222,2.880255
276.000000,789.258789,1002.829834,78.711411,-0.776980,-4.142441,85.875661,5.448594,4.158194,8.248428,9.583073,-10.500171,-2.223050,-0.525257,-4.768090,-20.326754,10.994119,-5.178716,0.117941,13.106691,-3.858846,1.080286,-0.957510,14.536641,-24.693754,66.476646,31.094051,0.780016,23.085253,-34.227489,-15.793580,25.830709,39.050343,48.782555,-11.582583,2.651595
277.000000,789.244751,1002.806946,78.710083,-0.783094,-4.151069,85.927887,5.383995,4.159526,8.237791,9.681932,-10.533027,-2.210641,-0.519090,-4.782894,-20.368320,10.975660,-5.165955,0.135650,12.999694,-3.905673,1.077811,-0.845819,14.640911,-24.692747,66.268532,31.098553,0.781684,23.012959,-34.224842,-16.020741,25.814381,38.865326,49.204277,-11.586669,2.514697
278.000000,789.228943,1002.793213,78.709671,-0.797211,-4.180506,86.019151,5.311045,4.159799,8.166480,9.822914,-10.584495,-2.192451,-0.442957,-4.800076,-20.477064,10.900769,-5.140379,0.160669,12.831088,-3.944520,1.074098,-0.695810,14.772777,-24.691170,66.007454,31.095343,0.782111,22.872152,-34.223770,-16.309401,25.755207,38.660412,49.779182,-11.600296,2.372735
279.000000,789.210876,1002.782654,78.708290,-0.814225,-4.213208,86.089741,5.257629,4.163617,8.106977,9.958399,-10.638988,-2.176972,-0.361973,-4.813126,-20.571566,10.838606,-5.118149,0.178492,12.703129,-3.963382,1.062380,-0.558924,14.898822,-24.689672,65.753677,31.095917,0.783492,22.684559,-34.223312,-16.584335,25.705648,38.493023,50.250957,-11.650806,2.249375
280.000000,789.193481,1002.771851,78.706657,-0.832562,-4.245051,86.146076,5.203571,4.176498,8.073300,10.108218,-10.700871,-2.166323,-0.299612,-4.819452,-20.639730,10.800058,-5.096798,0.188132,12.612761,-3.966412,1.057876,-0.449811,15.034679,-24.688936,65.481544,31.113119,0.783719,22.387789,-34.223499,-16.847099,25.698788,38.332020,50.514160,-11.739915,2.182925
281.000000,789.175781,1002.762207,78.707024,-0.847240,-4.259465,86.193323,5.155421,4.182999,8.044099,10.210267,-10.736957,-2.155864,-0.246111,-4.825607,-20.706757,10.741855,-5.060595,0.198974,12.508041,-3.966772,1.045638,-0.351818,15.166000,-24.688580,65.231277,31.168819,0.774282,22.055180,-34.222961,-17.083748,25.699373,38.188515,50.624271,-11.808039,2.176742
282.000000,789.153137,1002.751831,78.710266,-0.859205,-4.246498,86.233932,5.103546,4.179097,8.029170,10.250094,-10.740292,-2.139639,-0.213877,-4.826329,-20.750637,10.640075,-4.993559,0.215140,12.393496,-3.965265,1.011568,-0.286832,15.264298,-24.684734,65.091240,31.248821,0.753864,21.755671,-34.221050,-17.349815,25.708801,38.019890,50.659630,-11.817750,2.206443
283.000000,789.126892,1002.739929,78.713814,-0.865115,-4.215484,86.260047,5.040162,4.164235,8.022262,10.269885,-10.732546,-2.114424,-0.212860,-4.833200,-20.771639,10.547121,-4.927234,0.234487,12.271974,-3.964070,0.978334,-0.228027,15.328948,-24.654018,64.988297,31.327761,0.746421,21.498600,-34.204739,-17.653879,25.714516,37.801022,50.671265,-11.817513,2.292253
284.000000,789.097656,1002.724243,78.716423,-0.863027,-4.177895,86.280250,4.965586,4.136449,8.017347,10.288646,-10.720853,-2.081676,-0.248430,-4.857558,-20.775713,10.502414,-4.880886,0.256750,12.138510,-3.965704,0.962840,-0.164270,15.397532,-24.613443,64.860863,31.434340,0.749859,21.258724,-34.192303,-17.992928,25.710958,37.565887,50.671127,-11.817807,2.452366
285.000000,789.066772,1002.708618,78.717789,-0.864548,-4.112014,86.296727,4.870905,4.118271,8.011840,10.334955,-10.723744,-2.058344,-0.309806,-4.878347,-20.773779,10.491106,-4.851532,0.271662,12.027965,-3.963281,0.932697,-0.099722,15.455377,-24.594828,64.704376,31.507740,0.779556,21.006487,-34.191536,-18.242313,25.704235,37.413586,50.665161,-11.810690,2.596927
286.000000,789.037903,1002.693481,78.718475,-0.869879,-4.050786,86.302828,4.734613,4.104113,8.010268,10.422825,-10.740543,-2.032690,-0.395595,-4.897328,-20.763067,10.478651,-4.811153,0.287460,11.880138,-3.953438,0.898728,0.020239,15.551168,-24.580162,64.377068,31.634129,0.891171,20.644403,-34.193710,-18.569561,25.668028,37.173149,50.657986,-11.794160,2.798011
287.000000,789.013184,1002.681824,78.719147,-0.870653,-4.003682,86.274516,4.639954,4.094049,8.032783,10.479464,-10.752192,-2.009811,-0.470128,-4.907335,-20.724537,10.470799,-4.775599,0.301215,11.758892,-3.945911,0.875274,0.146575,15.675973,-24.558462,64.004425,31.727736,1.001209,20.214586,-34.211029,-18.887335,25.627974,36.944969,50.662628,-11.781964,3.029109
288.000000,788.994385,1002.670776,78.720108,-0.866246,-3.968001,86.255445,4.585689,4.079488,8.062682,10.488604,-10.746103,-1.987618,-0.535668,-4.917320,-20.671349,10.472737,-4.750973,0.313589,11.656569,-3.953752,0.860586,0.251863,15.826474,-24.515268,63.658569,31.743322,1.077224,19.729916,-34.280125,-19.196016,25.622452,36.847355,50.756580,-11.775672,3.339082
289.000000,788.979614,1002.659302,78.721146,-0.860777,-3.939995,86.249759,4.542549,4.062443,8.067245,10.491664,-10.734801,-1.969234,-0.579587,-4.932147,-20.644306,10.475465,-4.735000,0.324566,11.579719,-3.972807,0.861635,0.294140,15.949944,-24.403643,63.392063,31.739918,1.124214,19.238373,-34.363277,-19.516342,25.619976,36.854584,51.012768,-11.768270,3.659164
290.000000,788.966736,1002.649963,78.722336,-0.861458,-3.922989,86.206514,4.514507,4.058295,8.110520,10.490059,-10.727793,-1.953506,-0.617311,-4.926371,-20.578920,10.450593,-4.698979,0.335014,11.534612,-3.999049,0.870749,0.325524,16.092806,-24.249895,63.061256,31.720726,1.181997,18.671206,-34.438286,-19.915556,25.615799,36.895412,51.392395,-11.760267,3.987432
291.000000,788.953857,1002.645874,78.725037,-0.865613,-3.901835,86.257135,4.477995,4.045911,8.079818,10.493946,-10.723374,-1.928746,-0.596133,-4.919779,-20.576952,10.357094,-4.651931,0.359588,11.370727,-4.025767,0.876200,0.377525,16.245443,-24.185637,62.798756,31.667196,1.192092,18.202963,-34.508915,-20.244207,25.611650,36.953419,51.544903,-11.726832,4.189552
292.000000,788.934998,1002.647034,78.727417,-0.864731,-3.873658,86.318064,4.434762,4.011399,8.015278,10.479053,-10.712750,-1.893915,-0.584757,-4.939935,-20.601084,10.291704,-4.628620,0.388812,11.075056,-4.051145,0.875645,0.506108,16.429090,-24.181946,62.570267,31.512323,1.165493,17.786318,-34.600632,-20.548340,25.579712,37.005741,51.556973,-11.651431,4.325324
293.000000,788.908813,1002.651794,78.728165,-0.852855,-3.814976,86.324022,4.390384,3.980078,8.009539,10.464431,-10.706733,-1.866028,-0.638122,-4.967103,-20.575558,10.303100,-4.629332,0.406874,10.872147,-4.071420,0.856760,0.622919,16.578119,-24.179071,62.416218,31.320333,1.124342,17.467424,-34.639565,-20.802999,25.531145,37.015305,51.552002,-11.611753,4.385257
294.000000,788.876221,1002.655396,78.726944,-0.828237,-3.736006,86.248374,4.335662,3.936542,8.057393,10.436876,-10.696429,-1.834997,-0.770586,-5.012887,-20.487177,10.392155,-4.652359,0.425088,10.709229,-4.107036,0.839887,0.744032,16.759512,-24.137882,62.224873,31.141109,1.083583,17.066851,-34.646538,-21.165525,25.460190,37.016541,51.500629,-11.599866,4.413170
295.000000,788.838928,1002.657959,78.723946,-0.801119,-3.635601,86.118634,4.259369,3.888418,8.189246,10.408742,-10.692701,-1.798978,-1.004748,-5.069108,-20.310040,10.562486,-4.693632,0.443431,10.623381,-4.153545,0.825911,0.908893,16.956795,-23.990639,61.913620,31.043854,1.018591,16.490879,-34.630772,-21.654146,25.337635,37.021652,51.323719,-11.573263,4.419197
296.000000,788.800171,1002.665222,78.722099,-0.791205,-3.577390,86.050180,4.199811,3.852673,8.281326,10.407366,-10.702658,-1.765796,-1.163646,-5.108435,-20.177814,10.672734,-4.717232,0.465794,10.532392,-4.185167,0.853743,1.071527,17.133488,-23.784246,61.581242,30.973759,0.967921,15.985280,-34.605022,-22.085196,25.158257,37.018524,51.182816,-11.500160,4.416658
297.000000,788.758850,1002.688416,78.721054,-0.793186,-3.530474,85.983761,4.174937,3.824447,8.329329,10.405197,-10.723355,-1.736445,-1.229635,-5.126662,-20.081205,10.696263,-4.716918,0.500821,10.380256,-4.192825,0.876230,1.251050,17.306051,-23.604820,61.276001,30.811575,0.938493,15.519300,-34.538181,-22.481121,24.961967,36.919907,51.165409,-11.399110,4.370835
298.000000,788.719604,1002.726379,78.719429,-0.802116,-3.484056,85.886583,4.173009,3.813492,8.414309,10.406270,-10.764753,-1.713794,-1.287914,-5.120561,-19.946159,10.705718,-4.712567,0.532165,10.335687,-4.194319,0.861323,1.363186,17.475803,-23.459822,61.040722,30.583580,0.916694,14.990507,-34.339527,-22.950794,24.905899,36.588978,51.152172,-11.375687,4.261379
299.000000,788.684814,1002.771484,78.715462,-0.806308,-3.453832,85.814615,4.179694,3.800167,8.476262,10.421719,-10.815990,-1.691197,-1.341843,-5.130025,-19.837803,10.767902,-4.745506,0.562733,10.290026,-4.207107,0.839726,1.436064,17.635513,-23.335459,60.825981,30.343964,0.895334,14.430999,-34.106369,-23.367651,24.900543,36.202106,51.088490,-11.375293,4.192558
300.000000,788.657593,1002.818665,78.707687,-0.805954,-3.426552,85.786645,4.161808,3.780816,8.504134,10.501804,-10.905514,-1.665479,-1.423448,-5.172928,-19.758024,10.943526,-4.850399,0.600135,10.177814,-4.249298,0.810829,1.502497,17.833378,-23.248108,60.580898,30.065203,0.899996,13.872295,-33.839775,-23.739864,24.911535,35.785355,50.974445,-11.380451,4.157572
301.000000,788.630676,1002.869385,78.698166,-0.816120,-3.408635,85.803429,4.101981,3.772593,8.486022,10.678875,-11.040978,-1.632955,-1.461634,-5.216764,-19.735456,11.093662,-4.964163,0.676412,10.012222,-4.292405,0.780635,1.601550,18.022942,-23.092983,60.320210,29.739557,0.866768,13.358203,-33.667030,-23.991655,24.923948,35.602619,50.660065,-11.381521,4.168238
302.000000,788.592590,1002.928650,78.685371,-0.864431,-3.453061,85.799177,4.059142,3.812755,8.481973,10.987566,-11.271202,-1.604789,-1.381910,-5.200256,-19.697517,11.132880,-5.038172,0.757846,9.914890,-4.284111,0.774352,1.742167,18.160234,-22.792076,60.077541,29.611324,0.815019,12.869004,-33.534866,-24.317974,24.905746,35.611313,50.220455,-11.361473,4.236020
303.000000,788.540100,1003.002380,78.667648,-0.931943,-3.549627,85.766276,4.054941,3.862538,8.498129,11.286144,-11.496319,-1.587264,-1.281041,-5.170760,-19.644775,11.173573,-5.101746,0.804563,9.897764,-4.242032,0.775450,1.873361,18.233999,-22.565817,59.870014,29.565022,0.777535,12.498818,-33.447632,-24.618155,24.875811,35.695698,49.987896,-11.328587,4.325799
304.000000,788.483826,1003.084595,78.647934,-0.982444,-3.596678,85.713803,4.043101,3.907783,8.529575,11.632442,-11.765604,-1.560376,-1.213065,-5.159386,-19.563023,11.299969,-5.215388,0.861055,9.879986,-4.205541,0.731495,2.067340,18.351923,-22.370565,59.570980,29.484488,0.747038,12.043242,-33.348618,-24.977259,24.842644,35.824596,49.807743,-11.286247,4.413587
305.000000,788.425293,1003.165527,78.629013,-1.015381,-3.633570,85.645310,4.029881,3.930826,8.592254,11.969163,-12.051604,-1.513122,-1.206286,-5.176219,-19.430990,11.510512,-5.375814,0.945935,9.829384,-4.199223,0.668849,2.378283,18.596376,-22.275425,59.036655,29.232533,0.698816,11.423562,-33.217640,-25.338783,24.833925,35.891495,49.670403,-11.267224,4.442040
306.000000,788.359497,1003.244995,78.614525,-1.018152,-3.697444,85.642589,4.104093,3.894963,8.618776,12.134752,-12.239791,-1.450963,-1.164580,-5.244703,-19.348654,11.717812,-5.541919,1.054584,9.669221,-4.220397,0.679266,2.667000,18.876652,-22.269772,58.613033,28.890926,0.561475,10.934465,-33.127518,-25.543518,24.836409,36.024471,49.466557,-11.271182,4.551499
307.000000,788.271057,1003.328430,78.604927,-1.027004,-3.869688,85.763258,4.324969,3.785056,8.525429,12.146354,-12.348842,-1.364405,-0.942083,-5.372908,-19.393381,11.839211,-5.693017,1.202698,9.353827,-4.219781,0.792330,2.832267,19.086449,-22.270237,58.590248,28.461496,0.305953,10.627291,-33.150974,-25.741510,24.838358,36.531635,48.929012,-11.315490,4.845152
308.000000,788.161316,1003.429321,78.594643,-1.058783,-3.994118,85.983968,4.481929,3.670378,8.324412,12.250406,-12.505650,-1.259035,-0.652662,-5.511389,-19.556513,11.889076,-5.826274,1.364899,9.000770,-4.173358,0.846608,2.935223,19.193712,-22.271036,58.779251,27.898542,0.100537,10.439775,-33.098511,-25.982843,24.833210,37.312447,48.422047,-11.434989,5.124075
309.000000,788.027222,1003.533752,78.574341,-1.071207,-3.971650,86.141496,4.403924,3.546487,8.183643,12.501445,-12.724369,-1.124242,-0.639660,-5.693646,-19.652370,12.118325,-6.020311,1.532630,8.787539,-4.139338,0.760258,3.026861,19.267845,-22.270746,58.892544,27.501085,0.032246,10.283386,-32.932461,-26.292425,24.812597,37.940304,48.035290,-11.479743,5.213966
310.000000,787.868225,1003.629761,78.543671,-1.039360,-3.926124,86.243273,4.284770,3.388477,8.112468,12.774451,-12.951090,-0.973890,-0.788510,-5.942080,-19.672497,12.566718,-6.301602,1.696947,8.667474,-4.109676,0.713954,3.138795,19.343021,-22.267445,58.826866,27.162447,-0.049940,10.027361,-32.785282,-26.645779,24.749891,38.402847,47.754848,-11.450681,5.258923
311.000000,787.692810,1003.739136,78.506760,-0.993389,-3.859898,86.411175,4.127914,3.146378,7.990474,13.085361,-13.209545,-0.791741,-1.054212,-6.328748,-19.724777,13.302556,-6.739693,1.888549,8.474760,-4.099281,0.697192,3.322575,19.439163,-22.226154,58.641418,27.030365,-0.131762,9.841942,-32.622032,-27.027239,24.485119,38.841553,47.445389,-11.304483,5.343121
312.000000,787.505737,1003.863525,78.462227,-0.967818,-3.813659,86.593720,3.942316,2.915923,7.842099,13.483767,-13.521567,-0.614519,-1.301201,-6.716087,-19.798286,14.053839,-7.192555,2.088843,8.239944,-4.063392,0.701691,3.519764,19.497677,-22.115763,58.535900,26.847982,-0.278512,9.669797,-32.452484,-27.327553,23.963108,39.153282,47.112663,-11.111396,5.447835
313.000000,787.307312,1003.998657,78.405472,-0.933509,-3.826822,86.637150,3.803308,2.702651,7.805071,14.014375,-13.939384,-0.424875,-1.548601,-7.099982,-19.741735,14.911760,-7.693256,2.319753,8.134124,-3.968013,0.766141,3.641824,19.528688,-22.071543,58.470440,26.506809,-0.349393,9.428026,-32.371548,-27.628016,23.459717,39.544029,47.025051,-11.035378,5.600014
314.000000,787.087463,1004.150391,78.323723,-0.833630,-3.906923,86.656487,3.740119,2.441455,7.841477,14.572365,-14.399071,-0.207902,-1.854528,-7.565387,-19.588518,16.018925,-8.333271,2.586557,8.108562,-3.914694,0.874219,3.666453,19.558521,-21.952522,58.469051,26.124386,-0.365836,9.166936,-32.412754,-27.914724,23.033237,40.169777,47.005783,-11.028626,5.904471
315.000000,786.843323,1004.335571,78.215538,-0.694545,-3.932964,86.812942,3.539202,2.027193,7.781692,15.443841,-15.086400,0.102369,-2.338037,-8.306389,-19.487535,17.682243,-9.323324,2.972759,7.941611,-3.898904,0.893998,3.679907,19.612444,-21.832132,58.489201,25.701380,-0.396619,8.713101,-32.453091,-28.337982,22.594265,41.069885,46.970905,-11.026216,6.263432
316.000000,786.578674,1004.554260,78.064766,-0.433509,-3.965005,87.060998,3.301798,1.468071,7.654078,16.363811,-15.822795,0.421684,-2.992822,-9.288582,-19.431589,19.814312,-10.594380,3.379362,7.620436,-4.035885,0.902647,3.675071,19.783295,-21.830179,58.438564,25.427950,-0.475396,8.180343,-32.440350,-28.880199,22.430979,41.770943,46.943527,-11.024274,6.544372
317.000000,786.301025,1004.821594,77.890083,-0.102028,-4.122389,87.094438,3.359957,0.838319,7.744845,17.131031,-16.567579,0.739528,-3.595518,-10.328474,-19.128784,22.075388,-11.929535,3.790505,7.508700,-4.242897,1.002502,3.629401,19.946819,-21.851597,58.462734,25.165840,-0.625466,7.798706,-32.301151,-29.511389,22.373634,42.393314,46.932655,-11.045191,6.847361
318.000000,785.998352,1005.149475,77.678246,0.212075,-4.340466,87.018403,3.479785,0.249952,7.955672,18.089735,-17.488419,1.050325,-4.124859,-11.311034,-18.669846,24.324041,-13.263000,4.215441,7.511220,-4.407222,1.085891,3.588932,20.073620,-21.872398,58.641575,24.816467,-0.881130,7.537679,-32.019054,-30.157377,22.366560,43.049667,46.914871,-11.084025,7.251027
319.000000,785.681396,1005.521301,77.423035,0.540044,-4.556416,86.901274,3.519393,-0.158273,8.120837,18.903933,-18.235064,1.268442,-4.520438,-11.999886,-18.300556,25.951242,-14.227285,4.517092,7.513717,-4.510243,1.101561,3.583630,20.142296,-21.887857,58.793938,24.574038,-1.095157,7.304986,-31.779589,-30.578417,22.363501,43.575096,46.880081,-11.122769,7.579728
320.000000,785.360840,1005.919067,77.122978,0.935389,-4.742200,86.799569,3.520835,-0.883668,8.356352,20.326454,-19.526943,1.630775,-5.321590,-13.238779,-17.750072,28.900599,-15.844668,4.929163,7.481304,-4.720726,1.105979,3.587485,20.255985,-21.913620,58.929413,24.402225,-1.346487,7.013319,-31.425009,-31.226984,22.360292,44.531258,46.555500,-11.155522,8.073808
321.000000,785.036682,1006.336853,76.789345,1.370166,-4.854038,86.599233,3.455655,-1.643535,8.614098,21.714689,-20.805677,1.986751,-6.535161,-14.683338,-17.443211,32.497707,-17.287279,5.114604,7.349986,-4.962784,1.099369,3.622386,20.354660,-21.974438,58.971981,24.376945,-1.534152,6.785954,-31.199244,-31.754469,22.311026,45.352066,45.743614,-11.073548,8.415060
322.000000,784.700134,1006.787292,76.467361,1.678392,-5.108096,86.300256,3.603877,-2.293910,8.918218,22.990276,-22.129620,2.339068,-8.197068,-16.205147,-17.124449,37.085796,-17.919941,5.302581,7.136859,-5.030318,1.266375,3.643230,20.404097,-21.981613,59.090675,24.343794,-1.749499,6.570101,-30.949293,-32.206806,22.132404,45.833511,44.705975,-10.901896,8.705126
323.000000,784.380249,1007.303833,76.181763,1.842898,-5.449914,86.034126,4.076779,-2.836414,9.043299,23.963968,-23.348537,2.727083,-10.124435,-17.672701,-16.686260,42.359619,-17.327330,5.542597,6.790785,-4.949543,1.537182,3.660981,20.398363,-21.988791,59.342983,24.293823,-2.035429,6.237981,-30.559046,-32.545441,21.905628,46.119232,43.640472,-10.772343,8.993366
324.000000,784.101501,1007.886230,75.927254,1.948583,-5.664823,85.815099,4.588056,-3.297028,9.023129,24.581158,-24.322861,3.045490,-12.203825,-18.866674,-15.884386,47.381454,-15.799479,5.333685,6.451980,-4.938668,1.671666,3.673728,20.395546,-21.987301,59.474251,24.332609,-2.198646,5.938790,-29.967928,-32.807861,21.564529,46.289619,42.704159,-10.655272,9.339994
325.000000,783.859375,1008.529541,75.683853,2.063547,-5.849949,85.570294,5.317876,-3.875770,8.883772,24.969116,-25.004576,3.462492,-14.934856,-20.100990,-14.571576,53.259888,-12.970936,4.558170,6.105974,-4.990798,1.795300,3.699824,20.464464,-21.983484,59.351109,24.528742,-2.262263,5.697359,-29.162882,-33.134182,20.922588,46.345100,41.741356,-10.421418,9.793605
326.000000,783.684143,1009.236145,75.444344,2.208324,-5.776834,85.138796,5.927591,-4.342654,9.007177,25.213947,-26.136980,3.791795,-17.675455,-20.868876,-13.322062,57.823135,-11.075027,2.853459,5.980083,-5.242862,1.705476,3.866350,20.725126,-21.944834,58.849930,24.795362,-2.313281,5.543501,-28.493122,-33.547104,20.459160,46.362724,40.977577,-10.206270,10.228336
327.000000,783.581116,1009.982605,75.208046,2.174311,-5.621367,84.672804,6.416027,-4.513074,9.166804,25.545952,-27.215635,3.962429,-20.408688,-20.973452,-12.812291,60.915085,-11.873224,1.511319,5.845529,-5.417871,1.663464,4.020727,21.103561,-21.962671,58.125309,24.886787,-2.402951,5.522271,-28.133455,-34.089314,20.141548,46.388203,40.514595,-10.063300,10.737787
328.000000,783.551147,1010.770386,75.017899,1.860143,-5.506877,84.260681,6.843928,-4.344090,9.264441,25.794823,-27.971592,3.962667,-22.403708,-20.576822,-12.945592,62.391956,-13.212966,0.841096,5.650054,-5.412627,1.791246,4.033464,21.392256,-21.980097,57.589981,24.772966,-2.519470,5.554977,-28.008251,-34.525410,19.955320,46.395706,40.434368,-10.041466,11.130630
329.000000,783.598328,1011.653992,74.880249,1.437719,-5.332343,83.983058,7.476765,-3.949736,9.271970,25.890013,-28.795341,3.867171,-24.691751,-19.788694,-13.624799,63.157772,-14.646424,0.276483,5.381883,-5.359889,1.978721,3.976891,21.678154,-21.945038,56.954151,24.403645,-2.692423,5.696215,-27.829874,-35.103722,19.777676,46.395500,40.482079,-10.052598,11.586944
330.000000,783.722473,1012.662964,74.790840,0.961108,-5.044600,83.841809,8.435183,-3.419908,9.138891,25.484306,-29.552843,3.652464,-27.213554,-18.585550,-14.710348,62.316101,-15.850795,-0.118573,4.976395,-5.388413,2.114746,3.972334,22.086372,-22.010763,56.334846,24.196510,-2.791231,5.948558,-27.610825,-35.794552,19.622021,46.398140,40.738785,-10.054959,12.129273
331.000000,783.916504,1013.770935,74.731346,0.420270,-4.564279,83.820879,9.342155,-2.819652,8.936493,24.723669,-30.058855,3.363738,-29.287699,-17.174643,-15.715736,59.722626,-16.388700,-0.248446,4.586415,-5.461829,2.055742,4.002089,22.320974,-21.833319,55.823311,23.864862,-2.872262,6.265735,-27.400116,-36.465492,19.600998,46.400799,41.109341,-10.058792,12.609578
332.000000,784.161499,1014.939331,74.696442,-0.321378,-3.992983,83.815291,10.262863,-1.903433,8.770833,23.818233,-30.534544,2.944478,-31.017790,-15.230913,-16.604990,55.855244,-16.251513,-0.263690,4.249703,-5.374026,1.905181,4.082304,22.485134,-21.567741,55.274803,23.860462,-2.877765,6.598286,-27.217131,-37.066433,19.598013,46.395382,41.414845,-10.072497,13.065632
333.000000,784.448059,1016.255310,74.676292,-1.290443,-3.414889,83.654748,11.452652,-0.654192,8.805618,22.578924,-30.922228,2.422818,-32.093906,-12.544345,-17.176521,50.353191,-15.787961,-0.199649,4.154699,-4.965205,1.719729,4.226498,22.427397,-21.146572,54.741734,23.863989,-2.877614,6.939542,-27.097382,-37.599648,19.605719,46.374813,41.556355,-10.078039,13.597272
334.000000,784.751587,1017.658142,74.614677,-2.267736,-2.871934,83.564475,12.742565,0.511199,8.871520,21.220665,-31.206635,1.893808,-32.656689,-10.254693,-17.862377,45.246311,-15.408766,-0.115026,4.090692,-4.474089,1.524980,4.346876,22.274363,-20.884638,54.362064,23.859615,-2.877753,7.216429,-27.149151,-38.012012,19.612537,46.382912,41.763668,-10.098250,14.113698
335.000000,785.076599,1019.154846,74.460045,-3.197746,-2.318221,83.680284,14.235053,1.867641,8.832690,19.848070,-31.674591,1.302329,-33.118465,-7.946153,-18.759146,39.888077,-15.062572,-0.014543,3.973239,-3.821294,1.265362,4.408017,22.041180,-20.739807,53.988503,23.790462,-2.893858,7.471047,-27.375977,-38.529690,19.668945,46.393574,42.141434,-10.277457,14.634830
336.000000,785.452576,1020.654175,74.235878,-3.649427,-2.017241,83.862091,15.132372,2.751568,8.826090,20.211201,-31.924170,0.774957,-33.219826,-6.403749,-18.994654,35.767429,-14.506264,-0.050408,4.005113,-3.660848,1.381482,4.270355,21.936586,-20.650663,53.689835,23.557331,-2.952984,7.655286,-27.726866,-39.002914,19.867485,46.611092,42.344131,-10.804247,15.040433
337.000000,785.911133,1022.214294,74.002380,-3.354751,-1.996919,83.836092,15.195232,3.036703,9.247622,22.289766,-31.640160,0.333524,-33.232903,-5.675005,-18.628544,33.391590,-13.872131,-0.274161,4.259605,-4.105264,1.623384,4.076326,21.963217,-20.611542,53.648968,23.326265,-2.977735,7.789661,-28.036404,-39.196167,20.099867,46.911983,42.381485,-11.163339,15.238727
338.000000,786.421753,1023.895142,73.789413,-2.917011,-2.221049,83.609603,14.804323,3.379697,10.313416,27.012730,-30.407867,-0.410215,-32.851837,-4.776555,-17.503531,31.243534,-12.782820,-0.804756,4.880634,-4.904966,1.985645,3.776118,22.179878,-20.361258,53.817825,23.039175,-2.977157,7.931988,-28.290028,-39.245663,20.460642,47.210438,42.368965,-11.397120,15.369491
339.000000,786.972778,1025.816772,73.600334,-2.669757,-2.625905,83.362116,14.131415,4.073212,11.111107,32.512390,-28.135252,-1.358869,-31.996208,-3.877080,-16.751904,30.228363,-11.673593,-1.588581,5.494855,-5.307374,1.997337,3.585196,22.460930,-20.159349,54.303715,22.969082,-2.927401,8.118320,-28.258204,-39.112419,20.772543,47.414219,42.332165,-11.435533,15.506204
340.000000,787.506653,1027.890503,73.473145,-2.892100,-3.048307,83.294083,12.895533,5.531622,11.342230,39.930222,-23.335272,-2.690365,-30.660669,-2.672437,-15.901178,31.018671,-8.812930,-4.186945,6.080159,-5.093818,1.597119,3.624420,22.547274,-20.150454,55.275330,22.947779,-2.708739,8.168742,-27.905659,-38.832436,21.059883,47.553108,42.342312,-11.428187,15.654201
341.000000,788.053589,1030.073242,73.380981,-3.163637,-3.430112,83.391688,11.219217,7.006587,10.619229,46.680454,-15.826408,-4.465089,-29.380146,-1.789759,-15.367221,32.822933,-7.390363,-6.122571,6.322486,-4.624362,1.065537,3.990181,22.523069,-20.214733,56.002064,22.942059,-2.333234,8.169428,-27.499035,-38.655136,21.373407,47.477371,42.488827,-11.365719,15.832278
342.000000,788.562317,1032.256714,73.274529,-3.552550,-3.839950,83.800620,9.241971,8.330170,9.407256,52.262386,-4.159387,-4.600555,-28.038225,-1.469174,-15.505685,34.997417,-6.847649,-6.147017,6.354066,-4.024410,0.771687,4.363078,22.317797,-20.249352,56.642788,22.949312,-1.961855,8.164608,-27.304235,-38.752617,21.577045,47.225113,42.793324,-11.199686,16.081251
343.000000,789.039673,1034.309937,73.095833,-3.614593,-4.293315,84.090389,7.011476,9.239223,8.409694,58.177391,0.995731,-4.176373,-26.938559,-1.580852,-15.609896,37.842598,-7.874502,-5.915706,6.642996,-3.736832,0.831820,4.442561,21.975302,-20.247534,57.444107,22.962492,-1.771389,8.160354,-27.337271,-39.054005,21.561590,46.929108,43.358528,-11.119149,16.244068
344.000000,789.504150,1036.255859,72.870628,-3.496513,-4.820174,84.457496,5.067103,9.725278,7.996597,62.435268,0.899825,-3.753523,-26.209925,-1.861783,-15.628276,39.808662,-8.685855,-5.811010,6.943468,-3.795829,1.042840,4.339180,21.691486,-20.246838,58.086021,23.057680,-1.706016,8.160086,-27.470181,-39.326111,21.531403,46.746666,43.861633,-11.111731,16.273989
345.000000,789.933960,1038.140869,72.724548,-3.626850,-5.495051,84.837034,1.678577,10.730850,7.481929,69.078293,-0.764078,-3.141686,-24.772127,-1.993538,-15.688745,43.003826,-12.469412,-5.562387,7.608989,-3.720495,1.754105,4.117739,21.084745,-20.246393,59.103947,23.362654,-1.606878,8.164750,-27.831320,-39.711773,21.521292,46.492439,44.823807,-11.113451,16.277655
346.000000,790.328064,1039.973755,72.706306,-3.658551,-5.962593,85.189719,-1.910324,11.495267,7.061292,74.142715,-3.063090,-2.610616,-23.076555,-2.006750,-15.812569,44.903111,-15.758666,-5.280888,8.230198,-3.820935,2.274771,4.108335,20.462906,-20.215437,60.021973,23.569838,-1.566770,8.164651,-28.076574,-39.767601,21.519938,46.392002,45.847538,-11.135360,16.276724
347.000000,790.677063,1041.804443,72.813950,-3.580885,-6.218501,85.338039,-5.655508,12.043630,7.092930,77.849327,-5.992710,-2.155853,-21.272409,-1.992612,-15.755102,45.846367,-18.277811,-5.003915,9.073091,-4.220772,2.528183,4.297315,19.839806,-20.124134,60.782928,23.710592,-1.548583,8.145135,-28.173702,-39.668278,21.524702,46.359287,46.524963,-11.146524,16.270424
348.000000,790.957153,1043.585449,73.030884,-3.504185,-6.289677,85.486076,-9.440103,12.605782,7.440459,80.119926,-9.078335,-1.785402,-19.341755,-1.908590,-15.683524,45.866310,-20.113539,-4.729325,9.903208,-4.678157,2.549749,4.756577,19.308859,-20.042051,61.213512,24.065781,-1.548674,8.061408,-28.303276,-39.409737,21.538513,46.350536,46.966015,-11.139279,16.236689
349.000000,791.161560,1045.351318,73.341408,-3.481642,-6.243116,86.054212,-12.973430,12.746358,7.312096,80.849686,-11.753454,-1.499810,-17.353439,-2.008261,-15.944012,45.229134,-21.381397,-4.416509,10.273403,-5.038073,2.575603,5.194690,18.893873,-19.885576,61.325573,24.257210,-1.570895,7.865121,-28.474295,-39.166599,21.531277,46.251743,47.491577,-11.134459,16.138147
350.000000,791.281799,1047.071655,73.697365,-3.403012,-6.197402,86.483861,-16.904909,12.689985,7.282728,80.258774,-14.654969,-1.248638,-14.814555,-2.125255,-16.163967,43.936878,-22.534273,-3.935550,10.813316,-5.387868,2.716685,5.561955,18.476904,-19.702904,61.339127,24.289015,-1.744047,7.634574,-28.715845,-39.006840,21.513453,45.907166,48.242851,-11.134485,15.944133
351.000000,791.332764,1048.742676,74.086632,-3.419840,-6.139658,87.005481,-20.061214,12.610250,7.242290,78.116585,-16.814720,-1.098365,-12.283629,-2.158342,-16.460161,42.154766,-23.194759,-3.398544,11.184904,-5.540633,2.896766,5.766353,18.199905,-19.558523,61.359016,24.240498,-2.039349,7.552806,-29.012785,-38.878376,21.435230,45.397823,48.555367,-11.134953,15.696358
352.000000,791.327332,1050.385498,74.477974,-3.443022,-5.957159,87.429775,-22.228456,12.573395,7.210998,75.651306,-17.998915,-1.037677,-10.381465,-2.132316,-16.668329,40.543171,-23.497316,-2.941484,11.391168,-5.600011,2.977287,5.872454,18.086185,-19.528873,61.338161,24.102654,-2.239988,7.507301,-29.363804,-38.696091,21.386034,44.952793,48.691029,-11.157172,15.496636
353.000000,791.267029,1052.003052,74.853912,-3.424614,-5.798906,87.706217,-24.755079,12.593925,7.246039,71.505211,-18.934942,-1.018392,-7.855284,-2.060743,-16.828863,38.170391,-23.713015,-2.298315,11.677836,-5.638155,3.144956,5.870935,18.039087,-19.531399,61.202400,23.787361,-2.399127,7.390497,-30.012703,-38.313423,21.381809,44.317444,48.950329,-11.292966,15.287845
354.000000,791.150574,1053.642578,75.214867,-3.302363,-5.590146,87.766677,-26.596033,12.611037,7.409023,66.914612,-19.194372,-1.053585,-5.568986,-2.020546,-16.783720,35.839657,-23.773409,-1.658348,12.059282,-5.695634,3.330333,5.686708,18.043818,-19.578253,61.063877,23.441631,-2.468445,7.245035,-30.775745,-37.735340,21.448137,44.010654,49.353874,-11.590724,15.170904
355.000000,790.968689,1055.317627,75.541107,-3.124878,-5.253268,87.741526,-28.374195,12.541002,7.705559,60.300957,-18.761288,-1.244045,-2.950092,-2.048969,-16.601210,32.905392,-23.721537,-0.837819,12.586383,-5.813138,3.404506,5.285065,18.079727,-19.783806,60.939224,22.937109,-2.527056,7.058600,-31.722649,-36.945152,21.827063,43.815987,50.019142,-12.014935,15.027291
356.000000,790.715820,1057.023193,75.790176,-3.032266,-4.824729,87.801393,-29.660126,12.352734,7.815262,53.550873,-17.569048,-1.578235,-0.596386,-2.110574,-16.509060,30.106281,-23.603062,-0.043171,12.922535,-5.849605,3.266018,4.873815,18.094831,-20.124920,60.805092,22.547291,-2.606028,6.966832,-32.604580,-36.212189,22.397964,43.731686,50.532612,-12.223425,14.864737
357.000000,790.409424,1058.737671,75.932220,-2.980454,-4.453315,87.928552,-30.539600,12.146639,7.923048,46.419933,-15.740957,-2.038759,1.809276,-2.197871,-16.568323,27.347294,-23.523653,0.813782,13.055668,-5.796529,3.085432,4.411100,18.101736,-20.522942,60.769863,22.349995,-2.786610,6.934257,-33.370045,-35.494740,22.851400,43.506912,50.990688,-12.249178,14.715800
358.000000,790.046814,1060.499512,75.963158,-2.827642,-4.249574,87.808658,-30.723553,11.751595,7.777381,39.098709,-13.250256,-2.625848,4.161427,-2.437727,-16.403252,25.035547,-23.623512,1.677355,13.349575,-5.804521,3.009572,4.028642,18.194016,-21.060135,60.860615,22.429632,-2.844417,6.960021,-33.974903,-34.747398,23.171320,43.307499,51.071140,-12.302477,14.526852
359.000000,789.607056,1062.334595,75.851524,-2.659208,-4.203271,87.354054,-30.611643,11.385076,7.278302,32.998199,-11.055259,-3.159718,6.294898,-2.792771,-15.918460,23.414621,-24.018446,2.502189,13.960550,-5.766709,2.948845,3.718898,18.209402,-21.385605,60.982071,22.386045,-2.930882,6.954206,-34.398117,-34.024014,23.552736,43.197060,51.374172,-12.389407,14.318248
360.000000,789.092529,1064.257812,75.589333,-2.569933,-4.087987,86.875331,-30.628120,11.057141,6.633045,27.567249,-9.066045,-3.457493,8.539281,-3.326464,-15.385953,22.117743,-24.821423,3.520155,14.591626,-5.654358,2.648349,3.499129,18.214022,-21.755068,61.062836,22.309721,-3.040755,6.939970,-34.658955,-33.049839,24.026573,43.016930,52.036263,-12.426107,13.974120
361.000000,788.514038,1066.220215,75.187134,-2.477886,-4.085516,86.653810,-30.642929,10.608223,5.988501,24.921429,-7.888737,-3.498965,10.071994,-3.852810,-15.240701,21.607279,-25.619591,4.287314,14.737799,-5.573831,2.468419,3.395536,18.252466,-22.124144,61.110237,22.295952,-3.097234,6.943982,-34.715664,-32.339493,24.397274,42.742390,52.611717,-12.421434,13.714122
362.000000,787.864807,1068.189575,74.639320,-2.479265,-4.110204,86.580766,-30.870373,9.779584,4.963373,23.368755,-6.599018,-3.268133,11.937295,-4.684303,-15.321415,21.583977,-26.954824,5.387197,14.696271,-5.402551,2.267817,3.191679,18.251547,-22.716425,61.331741,22.288101,-3.187542,7.000233,-34.728226,-31.512405,24.935207,42.378666,53.351650,-12.409494,13.432802
363.000000,787.121460,1070.225464,73.945328,-2.514635,-4.171141,86.416263,-31.293978,8.755707,3.847794,24.844147,-5.868093,-2.768387,13.546701,-5.662828,-15.494162,22.327206,-28.556160,6.625657,14.691762,-5.127466,2.052671,2.900952,18.166464,-23.468307,61.665970,22.275236,-3.255387,7.167541,-34.682011,-30.795074,25.467426,42.181732,53.907055,-12.375924,13.173369
364.000000,786.436646,1072.221680,73.284279,-1.985768,-4.374401,85.739320,-31.891945,7.563177,3.143906,28.571386,-3.017446,-0.929535,14.731163,-7.111959,-15.462330,23.637730,-30.249937,7.595838,15.019651,-5.375699,2.129563,2.451748,18.306307,-24.250677,61.816978,22.102577,-3.291608,7.286513,-34.531353,-29.894501,25.723112,42.154762,54.505619,-12.363857,12.795795
365.000000,785.836487,1074.190674,72.774902,-1.268446,-4.613312,84.670958,-32.262157,6.930336,3.960117,33.512108,-0.885579,-0.449204,15.998781,-9.256477,-15.029977,25.404823,-31.907856,8.080955,15.862519,-6.288571,2.482370,1.890637,18.722115,-25.009426,61.858150,21.535204,-3.420397,7.503119,-34.152397,-28.215078,26.024019,42.261726,55.040215,-12.333979,12.152690
366.000000,785.236572,1076.168091,72.420860,-0.967466,-4.652857,83.808461,-32.392059,6.618627,4.614770,37.541306,-1.110417,-0.366412,16.781059,-10.832715,-14.762292,27.136242,-32.193562,7.948905,16.175001,-6.917930,2.335266,1.702890,18.989929,-25.491003,61.922409,20.869627,-3.564012,7.937316,-33.573174,-26.294802,26.457413,42.437748,55.344288,-12.116593,11.704394
367.000000,784.683167,1078.068848,72.257248,-0.778140,-4.742712,83.285894,-32.341270,6.333438,5.051688,41.366749,-3.929986,-0.099644,17.355778,-12.113429,-14.720044,29.147152,-31.272644,7.498325,15.958581,-7.285529,2.097946,1.590288,19.083763,-25.812267,62.136749,20.052469,-3.717638,8.488700,-32.819756,-24.375803,26.907152,42.460144,55.541061,-11.753047,11.414738
368.000000,784.182861,1079.835083,72.286362,-0.727885,-4.749199,83.099371,-31.810204,5.994898,5.534405,44.034225,-7.314746,0.284613,17.543909,-13.179204,-14.584352,31.503679,-29.194227,6.869838,15.462174,-7.615297,1.851035,1.341109,19.105080,-26.189844,62.499115,19.359274,-3.827055,9.067490,-31.847494,-22.627588,27.373650,42.405704,55.634159,-11.429588,11.236618
369.000000,783.696655,1081.462158,72.444710,-0.643565,-4.869038,82.688752,-30.831141,5.762837,6.059652,45.389267,-9.684368,0.655710,16.900307,-14.004973,-14.208379,34.669792,-26.404558,6.395910,15.192539,-7.701565,1.796880,0.934073,19.068758,-26.793180,62.903389,18.981236,-4.006499,9.594490,-30.982908,-21.321194,27.652037,42.285362,55.642128,-11.226114,11.150135
370.000000,783.226868,1082.963623,72.681107,-0.571580,-5.107309,82.276191,-29.160320,5.471299,6.727152,46.165375,-11.918613,1.091588,15.500935,-14.793251,-13.903258,39.000938,-23.016878,5.833724,14.963043,-7.553868,1.920081,0.312879,18.942368,-27.588938,63.481251,18.856750,-4.300311,10.120514,-30.050341,-19.914207,27.813181,42.224270,55.583942,-11.153963,11.017627
371.000000,782.766357,1084.331665,72.938766,-0.473976,-5.366850,82.047605,-27.444319,5.001450,7.276866,46.245613,-13.418699,1.564311,13.501091,-15.524606,-13.935942,43.927666,-19.984661,5.237369,14.597610,-7.225661,2.074200,-0.334067,18.655174,-28.134073,64.115074,18.835560,-4.596889,10.540568,-29.436651,-18.800409,27.835001,42.239353,55.125607,-11.190567,10.752910
372.000000,782.342224,1085.572876,73.213104,-0.224474,-5.653905,81.911275,-25.600723,4.285783,7.790981,45.810074,-14.502760,2.066754,11.002851,-16.263302,-13.864506,49.643826,-17.474722,4.737627,14.148818,-6.873502,2.257213,-1.113890,18.253788,-28.425219,64.846123,18.855986,-4.892796,10.909203,-29.014597,-17.892923,27.836864,42.354897,54.407993,-11.413562,10.447040
373.000000,781.955627,1086.750610,73.517334,0.100827,-5.942561,81.801892,-24.101633,3.662727,8.226643,45.150223,-15.100983,2.442800,8.894569,-16.800179,-13.630145,54.093765,-16.213757,4.442905,13.905173,-6.636405,2.348255,-1.793173,17.932032,-28.590466,65.446899,18.903605,-5.098354,11.228447,-28.778233,-17.316898,27.837465,42.563995,53.804161,-11.648919,10.177640
374.000000,781.593445,1087.921265,73.868752,0.444824,-6.218162,81.460855,-22.200686,3.013658,8.840720,44.081196,-15.661522,2.834164,6.305204,-17.429585,-13.272471,58.940002,-15.508457,4.191465,13.690929,-6.285587,2.330102,-2.515550,17.640501,-29.118782,66.224289,19.299139,-5.203073,11.690353,-28.625017,-16.631828,27.839642,42.902718,53.028511,-11.849710,9.800706
375.000000,781.290833,1089.010376,74.239853,0.735729,-6.444612,81.030991,-19.803553,2.389681,9.648318,42.456070,-16.164614,3.203379,3.108409,-18.104372,-12.740764,63.773815,-15.322251,3.988731,13.327478,-5.812869,2.176250,-2.969524,17.524549,-30.021156,67.297585,19.973766,-5.243306,12.196986,-28.516821,-15.735857,27.841356,43.132500,52.205353,-11.967327,9.398160
376.000000,781.057007,1090.048584,74.619202,0.998485,-6.514149,80.865016,-17.747274,1.704302,10.101910,40.657661,-16.359587,3.469306,0.195136,-18.581728,-12.420468,67.008888,-15.314453,3.800172,12.772008,-5.508002,1.918594,-3.131506,17.508448,-30.258003,67.973442,20.149553,-5.373626,12.470839,-28.337517,-15.098979,27.824030,43.021744,51.685642,-12.086286,9.140676
377.000000,780.899170,1091.033325,75.000931,1.254119,-6.498826,80.870708,-15.860098,0.908994,10.283982,38.624626,-16.330950,3.629946,-2.740003,-18.980375,-12.500926,69.043213,-15.538454,3.573876,12.228217,-5.416531,1.676485,-3.250235,17.640915,-30.372723,68.415329,20.431189,-5.385747,12.656139,-28.109118,-14.844354,27.781013,42.462227,51.069103,-12.117077,8.891745
378.000000,780.818420,1091.949463,75.359436,1.490527,-6.488423,80.926979,-14.031488,0.174936,10.321719,36.539772,-16.162945,3.724844,-5.653942,-19.200283,-12.876489,70.038780,-16.201077,3.353213,11.845746,-5.440521,1.651392,-3.396821,17.858377,-30.392971,68.557915,20.668953,-5.369030,12.896252,-28.021111,-14.862713,27.648808,41.559219,50.431347,-12.100590,8.608108
379.000000,780.807251,1092.812988,75.683121,1.659002,-6.502304,80.967627,-12.433090,-0.339858,10.325674,34.738827,-15.976295,3.771717,-8.168033,-19.248741,-13.444796,70.016930,-17.134554,3.181551,11.652767,-5.524874,1.751178,-3.468525,18.101753,-30.436295,68.545753,20.917747,-5.371694,13.163120,-28.065769,-14.924418,27.368362,40.656261,50.188679,-12.109507,8.455036
380.000000,780.852722,1093.616821,75.973267,1.647441,-6.563583,81.169616,-11.004934,-0.672318,10.153361,33.215828,-15.832562,3.780688,-10.211012,-19.080015,-14.243630,69.111458,-18.059481,3.039348,11.447798,-5.549917,1.903257,-3.506149,18.284332,-30.430414,68.501862,21.131573,-5.399583,13.450205,-28.176497,-14.966584,26.992857,39.942101,50.145302,-12.160802,8.404500
381.000000,780.955933,1094.448242,76.245430,1.596787,-6.619540,81.567619,-9.441318,-1.021585,9.679035,31.547962,-15.681702,3.741770,-12.289840,-18.766586,-15.445928,67.026138,-18.969223,2.886293,11.114870,-5.621896,2.017941,-3.471788,18.466467,-30.507544,68.478798,21.382416,-5.421381,13.706985,-28.245306,-15.062081,26.560793,39.208958,50.125790,-12.295485,8.331531
382.000000,781.112732,1095.275635,76.487534,1.473968,-6.754143,82.006913,-7.881872,-1.261625,9.106615,30.044758,-15.625186,3.621664,-14.003080,-18.431976,-16.895670,64.124695,-19.433365,2.769610,10.908526,-5.729680,2.146846,-3.414313,18.607119,-30.646330,68.475883,21.591011,-5.388901,13.859338,-28.224482,-15.285679,26.337553,38.531200,49.959469,-12.473310,8.100665
383.000000,781.315735,1096.106323,76.708176,1.259411,-6.858078,82.478639,-6.395837,-1.293166,8.461251,28.726982,-15.677163,3.429172,-15.401024,-17.701662,-18.190554,60.106277,-19.426683,2.658831,10.660601,-5.780957,2.155392,-3.161149,18.745760,-30.793325,68.371170,21.671785,-5.314511,13.927460,-28.070885,-15.383797,26.172512,37.860546,49.440807,-12.537087,7.756222
384.000000,781.555481,1096.953125,76.901093,1.015223,-6.943404,83.004325,-5.145835,-1.235997,7.841272,27.698547,-15.796865,3.217547,-16.446825,-16.903893,-19.185560,55.833782,-18.969082,2.564333,10.320590,-5.814295,2.100907,-2.749155,18.886097,-30.887325,68.124153,21.758184,-5.181557,13.969223,-27.824184,-15.418130,26.084526,37.177521,49.025539,-12.542546,7.543012
385.000000,781.832214,1097.835693,77.069611,0.708419,-6.982358,83.737072,-3.818985,-1.103994,6.916975,26.684246,-16.030504,2.940475,-17.327856,-15.899995,-20.368885,49.859215,-17.864677,2.503946,9.772100,-5.800941,1.945499,-2.156352,19.045025,-30.841028,67.696648,21.960379,-5.009909,13.973935,-27.339022,-15.500386,25.920435,36.314739,48.504940,-12.544382,7.460449
386.000000,782.142212,1098.725586,77.213493,0.567131,-7.011892,84.493292,-2.861902,-1.091272,6.270136,25.903269,-16.136129,2.734270,-17.681293,-15.321731,-21.085884,45.392685,-16.496410,2.430835,9.435552,-5.868264,1.868776,-1.792106,19.158667,-30.824932,67.451073,22.250082,-4.923622,13.962533,-26.876896,-15.581030,25.727552,35.691956,48.031952,-12.560229,7.379117
387.000000,782.474976,1099.623413,77.323029,0.523485,-6.987402,85.196786,-1.622149,-1.137854,5.534991,24.779402,-16.214300,2.431524,-17.956049,-14.721748,-21.929888,39.410599,-14.104771,2.261941,9.132674,-6.040583,1.674737,-1.379939,19.294827,-30.824717,67.300674,22.597168,-4.864401,13.955067,-26.112665,-15.728195,25.550543,34.786427,47.357700,-12.617127,7.145013
388.000000,782.816101,1100.501343,77.386536,0.503089,-7.024348,85.813732,-0.421341,-1.111250,4.921388,23.886322,-16.421898,2.112629,-17.868551,-14.130580,-22.568762,33.728451,-11.351167,2.091179,9.009045,-6.108162,1.544769,-1.067524,19.368284,-30.808908,67.262566,22.702932,-4.818179,13.962208,-25.368288,-15.931101,25.412453,33.907887,46.747952,-12.682716,6.832041
389.000000,783.184082,1101.424927,77.416214,0.573152,-7.017691,86.449813,0.758570,-1.120392,4.349652,23.036572,-16.676481,1.801360,-17.414591,-13.661937,-23.122522,28.552282,-8.419665,1.842305,8.952064,-6.166976,1.349039,-0.740481,19.408772,-30.789911,67.253334,22.721510,-4.745038,13.994790,-24.560856,-16.255430,25.347040,32.948776,46.159744,-12.721644,6.446918
390.000000,783.576294,1102.365356,77.399841,0.779386,-6.958764,87.091639,1.844125,-1.238502,3.844780,22.240726,-16.965288,1.480550,-16.745781,-13.430995,-23.571680,24.348631,-5.970060,1.452437,8.954313,-6.312838,1.057113,-0.387294,19.474213,-30.783424,67.181808,22.752665,-4.626914,14.018007,-23.767620,-16.781717,25.416336,32.006660,45.902832,-12.825010,6.195628
391.000000,784.005127,1103.319824,77.336899,1.042925,-6.909522,87.585057,2.903232,-1.329122,3.489512,21.572651,-17.374767,1.108117,-15.882565,-13.142984,-23.692215,21.095299,-4.364502,0.953188,9.115590,-6.474614,0.783080,-0.065007,19.546640,-30.731895,67.045731,22.784073,-4.461466,14.028958,-23.085129,-17.484947,25.611118,31.237261,45.882801,-13.062437,6.067657
392.000000,784.468628,1104.280029,77.242012,1.226239,-6.980589,88.034823,3.997817,-1.249890,3.176229,21.150383,-17.968206,0.659520,-14.725607,-12.718506,-23.850876,19.028326,-3.539215,0.067875,9.238379,-6.512775,0.616713,0.231402,19.588041,-30.619709,66.944191,22.788210,-4.314279,14.034425,-22.507523,-18.281900,25.886847,30.555803,45.878960,-13.331649,6.003482
393.000000,784.924561,1105.222168,77.189026,1.066879,-7.088455,88.568335,4.781539,-0.903797,2.845823,21.002417,-18.492554,0.275648,-13.828727,-12.173559,-23.866003,18.477160,-2.470923,-1.697670,9.163346,-6.278400,0.470351,0.468043,19.544847,-30.510754,66.928879,22.785902,-4.197669,14.031450,-21.965982,-18.959808,26.086147,29.995686,45.873501,-13.541210,5.992152
394.000000,785.376282,1106.161255,77.200531,0.748163,-7.122886,89.180921,5.736306,-0.205144,2.372380,20.776537,-19.047380,-0.249898,-12.762002,-11.449850,-24.073498,18.300287,-1.645655,-2.927420,8.899893,-5.783994,0.196496,0.767291,19.384029,-30.228903,66.920822,22.813522,-4.059080,14.012677,-20.971491,-20.057165,26.279217,29.073183,45.870716,-13.849931,5.987637
395.000000,785.838074,1107.068359,77.254219,0.436341,-7.056197,90.059621,6.479636,0.550976,2.305337,20.483908,-19.289597,-0.788610,-11.888818,-11.053410,-24.656652,18.481657,-1.439016,-3.037754,8.384200,-5.401411,-0.058725,1.032414,19.301458,-30.051058,66.887802,23.071640,-3.841407,13.942231,-19.833605,-21.352686,26.395737,28.034948,45.872196,-14.143620,6.005378
396.000000,786.312317,1107.907104,77.320145,0.325809,-6.956869,90.991226,7.013268,1.164380,2.389706,20.252579,-19.218422,-1.278570,-11.108374,-10.872360,-25.258858,18.727724,-1.367137,-3.038742,7.706184,-5.306178,-0.133864,1.215024,19.307556,-29.707073,66.819809,23.662844,-3.672713,13.729798,-18.578537,-22.871380,26.313297,26.938221,45.844650,-14.480586,6.070456
397.000000,786.793945,1108.707764,77.361763,0.568755,-6.861166,91.647228,7.563817,1.438695,2.750148,19.941977,-18.822565,-1.693668,-10.357375,-10.756685,-25.351336,18.465534,0.009041,-2.989016,7.304397,-5.587473,-0.006564,1.405444,19.414209,-28.932768,66.689178,24.426855,-3.627538,13.481900,-17.214701,-24.445847,25.934055,25.779549,45.713924,-14.730127,6.160151
398.000000,787.202881,1109.472534,77.446037,0.478379,-6.736373,92.058510,8.179666,1.916484,3.200687,19.454576,-18.429802,-2.062003,-9.678978,-10.443375,-25.572126,18.313026,0.254608,-2.975898,7.046405,-5.553201,0.117829,1.669582,19.364853,-27.894407,66.622459,25.093325,-3.580344,13.386120,-15.754654,-26.210648,25.453871,24.704000,45.564384,-14.933575,6.373258
399.000000,787.552490,1110.196045,77.593033,0.225293,-6.572016,92.289920,8.848372,2.620124,3.563103,18.754879,-17.867342,-2.381009,-8.906408,-9.814510,-25.984867,17.924454,-0.620027,-2.985925,6.856519,-5.180646,0.214083,1.995055,19.123541,-26.744394,66.597214,25.442358,-3.567488,13.348145,-14.181171,-28.111782,24.977385,23.991283,45.402115,-15.172817,6.687441
400.000000,787.876770,1110.880371,77.753006,0.107022,-6.373152,92.364731,9.508131,3.147075,3.976480,17.940750,-17.044508,-2.701612,-8.174674,-9.227681,-26.223360,17.292044,-1.202680,-3.007987,6.713536,-4.978113,0.296029,2.363447,18.966217,-25.638792,66.550522,25.795815,-3.564116,13.307793,-12.474276,-29.898592,24.495819,23.695097,45.023590,-15.424111,6.968149
401.000000,788.180420,1111.515869,77.904381,0.075497,-6.121460,92.390241,9.918852,3.563411,4.493877,17.432894,-16.151031,-3.043218,-7.552790,-8.723349,-26.357237,16.581778,-1.565732,-3.057916,6.530477,-4.911053,0.350415,2.740067,18.880493,-24.475643,66.445808,26.162003,-3.565652,13.170441,-10.650379,-31.412251,23.852739,23.667177,44.365765,-15.509038,7.146934
402.000000,788.466675,1112.090820,78.037018,0.156224,-5.889579,92.346451,10.130754,3.852529,5.113680,17.283264,-15.264730,-3.338004,-7.068180,-8.368160,-26.363430,16.029190,-1.876283,-3.110250,6.320381,-4.972739,0.487470,3.054446,18.857422,-23.349667,66.330032,26.502821,-3.569002,13.005579,-8.812459,-32.606365,23.077749,23.716646,43.533894,-15.489268,7.210740
403.000000,788.735352,1112.622314,78.152710,0.278744,-5.657700,92.293853,10.154341,4.014252,5.563407,17.387466,-14.663203,-3.507415,-6.777497,-8.173682,-26.330208,15.695230,-2.090058,-3.135740,6.056692,-5.065114,0.616764,3.257763,18.857605,-22.629580,66.274933,26.671787,-3.571744,12.933254,-7.521097,-33.282948,22.493540,23.876745,42.787560,-15.433434,7.223427
404.000000,788.959412,1113.090576,78.246223,0.437289,-5.346700,92.231227,9.996719,4.133486,6.050927,17.697611,-14.102851,-3.644979,-6.561616,-7.992120,-26.221279,15.377295,-2.355232,-3.148650,5.589475,-5.188927,0.734420,3.500185,18.866453,-21.928122,66.227043,26.794842,-3.576087,12.886752,-6.024621,-33.914822,21.811230,24.163204,41.740536,-15.293891,7.232835
405.000000,789.122803,1113.504272,78.323425,0.522150,-4.958773,92.326671,9.578757,4.057415,6.194778,17.896793,-13.934037,-3.788792,-6.492618,-7.885883,-26.152334,15.115944,-2.584116,-3.128640,4.975893,-5.276832,0.760602,3.707404,18.882574,-21.558035,66.134254,27.034758,-3.582103,12.858107,-4.638340,-34.527454,21.346733,24.355167,40.893940,-15.169267,7.346570
406.000000,789.205750,1113.818970,78.362907,0.469453,-4.616750,92.505811,8.650104,3.821087,6.152681,17.414022,-13.991616,-3.745796,-6.442030,-7.725572,-26.234486,14.804735,-2.719003,-3.069538,4.305840,-5.169488,0.827957,3.784268,18.868288,-21.419346,65.901665,27.310816,-3.642594,12.779102,-3.295876,-35.401714,20.997900,24.630983,40.400063,-15.159412,7.652245
407.000000,789.233032,1114.058472,78.371338,0.357262,-4.472111,92.483074,7.529185,3.493748,6.164723,16.418875,-14.364042,-3.635395,-6.354403,-7.487544,-26.142960,14.601089,-2.824612,-3.005174,4.038172,-4.973640,1.147704,3.681404,18.861534,-21.282856,65.507469,27.501637,-3.823009,12.723417,-2.013139,-36.477417,20.737709,25.085930,39.978306,-15.175496,7.929729
408.000000,789.218323,1114.271240,78.356689,0.189690,-4.462556,92.146764,6.400650,3.271124,6.434361,15.026741,-13.930942,-3.513166,-6.230694,-7.112467,-25.774416,14.463239,-2.894639,-2.947011,4.155229,-4.744182,1.536598,3.517427,18.838854,-21.049685,65.155403,27.525110,-4.208452,12.713123,-0.857333,-37.446609,20.615662,25.910002,39.741165,-15.182363,8.133379
409.000000,789.183411,1114.513428,78.345665,0.099876,-4.379114,91.424633,5.567973,3.326941,7.509962,14.036030,-13.733083,-2.906183,-6.277290,-6.679422,-25.037827,14.385872,-2.937408,-2.889131,4.574767,-4.670467,1.596421,3.437410,18.865036,-20.829460,64.994690,27.487154,-4.593398,12.711494,0.252560,-38.042679,20.621862,26.986893,39.650726,-15.113451,8.261424
410.000000,789.132263,1114.796265,78.342422,0.005073,-4.139121,90.631900,5.153861,3.486913,8.391726,13.726377,-13.169153,-2.550157,-6.470510,-6.251437,-24.220457,14.285320,-2.950503,-2.837828,4.965527,-4.749907,1.235469,3.496249,18.933435,-20.720415,64.977509,27.448359,-4.901438,12.692557,1.379091,-38.387409,20.787035,28.114363,39.383793,-15.046385,8.330985
411.000000,789.063477,1115.094238,78.328857,-0.218281,-3.737148,89.964941,5.151264,3.752453,8.759169,13.528883,-13.544833,-2.465528,-6.755646,-5.723733,-23.576670,14.050053,-2.897512,-2.798966,5.152687,-4.784380,0.518904,3.697505,19.088579,-20.714531,64.980934,27.479403,-5.196809,12.566531,2.505082,-38.752335,21.136997,29.271778,38.817829,-15.062790,8.458282
412.000000,788.975586,1115.326416,78.279205,-0.628163,-3.428271,89.622929,5.358345,4.150849,8.875114,12.999529,-14.196461,-2.468567,-6.894986,-5.136121,-23.336277,13.771349,-2.834056,-2.774126,5.046303,-4.658806,0.024955,3.714541,19.255516,-20.675507,64.982819,27.595573,-5.562479,12.459864,3.505574,-39.150948,21.402075,30.439436,38.182259,-15.204735,8.618526
413.000000,788.911987,1115.464355,78.251534,-0.831254,-3.355992,89.367349,5.650261,4.369840,9.069697,12.612212,-14.529123,-2.466106,-6.899909,-4.809013,-23.137205,13.676394,-2.828748,-2.767231,4.889697,-4.790195,0.052673,3.477370,19.522514,-20.583838,65.035500,27.771177,-5.974651,12.420628,4.224990,-39.222965,21.494635,31.827799,37.480366,-15.433464,8.739551
414.000000,788.864197,1115.561890,78.262428,-0.881986,-3.383540,89.051005,5.875718,4.410940,9.305621,12.453506,-14.509015,-2.462918,-6.811412,-4.673537,-22.909042,13.540239,-2.760753,-2.769044,4.812508,-5.053704,0.249950,3.227601,19.765579,-20.513357,65.130447,27.929399,-6.298207,12.420672,4.633792,-39.068047,21.504011,32.931511,36.795940,-15.577390,8.770230
415.000000,788.805420,1115.646606,78.273582,-0.943579,-3.339312,88.673989,6.081905,4.482010,9.671786,12.281446,-14.492873,-2.454274,-6.746109,-4.455302,-22.581553,13.260397,-2.589915,-2.773777,4.753694,-5.316557,0.429698,2.907651,19.990442,-20.380697,65.291054,28.080669,-6.792925,12.481358,5.193374,-38.816994,21.418684,34.050991,35.620728,-15.703851,8.737994
416.000000,788.738708,1115.724121,78.280258,-1.027795,-3.245723,88.289430,6.204249,4.573691,10.073288,12.158340,-14.533278,-2.438995,-6.736661,-4.204922,-22.239836,12.927583,-2.374808,-2.778788,4.681616,-5.450215,0.546137,2.637822,20.148533,-20.340561,65.531204,28.312527,-7.318106,12.548748,5.877921,-38.483791,21.171791,34.469414,34.291618,-15.828237,8.589560
417.000000,788.671143,1115.796265,78.284393,-1.107715,-3.133529,87.963894,6.242300,4.663524,10.411601,12.107742,-14.614782,-2.415450,-6.739727,-3.971624,-21.966076,12.576182,-2.157522,-2.777708,4.558600,-5.487695,0.614261,2.389109,20.221842,-20.352064,65.951080,28.368450,-7.874742,12.612556,6.630395,-38.090954,21.013395,34.482437,33.077644,-16.195271,8.397243
418.000000,788.609741,1115.860596,78.288040,-1.171749,-3.046082,87.768254,6.260965,4.713392,10.625413,12.069992,-14.687201,-2.373869,-6.724519,-3.816052,-21.802916,12.293687,-2.000189,-2.755932,4.382681,-5.498008,0.690413,2.169623,20.244362,-20.401407,66.464584,28.367199,-8.345984,12.674024,7.319170,-37.602352,20.964085,34.434860,31.939472,-16.725182,8.219547
419.000000,788.548523,1115.923096,78.291199,-1.209043,-3.030654,87.612965,6.376078,4.711241,10.766459,11.953445,-14.718415,-2.317812,-6.657030,-3.735247,-21.685381,12.113263,-1.913110,-2.698878,4.252301,-5.498175,0.807414,2.002297,20.271729,-20.587288,66.818321,28.233784,-8.637182,12.735910,7.890823,-37.077606,21.108715,34.430092,30.977491,-17.271236,7.971788
420.000000,788.482971,1115.992310,78.290031,-1.233868,-3.040169,87.356809,6.589695,4.694715,11.009781,11.762842,-14.737468,-2.271985,-6.624285,-3.662551,-21.466553,12.050789,-1.877727,-2.641356,4.287400,-5.475600,0.861474,1.931688,20.310984,-20.818808,67.026047,27.919113,-8.847720,12.837683,8.342014,-36.580853,21.455973,34.428764,30.393223,-17.711760,7.655767
421.000000,788.411865,1116.057495,78.284836,-1.258117,-3.096590,86.979254,6.897835,4.689935,11.390802,11.543495,-14.765063,-2.241752,-6.601585,-3.553336,-21.113403,12.041913,-1.847939,-2.596281,4.466544,-5.405306,0.885168,1.944079,20.332409,-20.951797,67.086906,27.603462,-8.993360,12.926642,8.599651,-36.027775,21.782232,34.400414,29.860172,-17.966995,7.308873
422.000000,788.338745,1116.096558,78.272629,-1.252709,-3.116049,86.501541,7.140965,4.669720,11.870272,11.390269,-14.808201,-2.206757,-6.729202,-3.459395,-20.637886,12.177121,-1.844541,-2.567393,4.718181,-5.320761,0.866853,1.950266,20.332117,-20.981127,67.091919,27.427311,-9.113276,12.959633,8.653411,-35.300083,21.911762,34.192398,29.373978,-18.061132,6.864340
423.000000,788.268677,1116.103760,78.258774,-1.234846,-3.116190,86.062550,7.250973,4.646042,12.214079,11.344618,-14.852121,-2.174639,-6.876260,-3.408309,-20.284622,12.314083,-1.841923,-2.553822,4.933443,-5.252245,0.866520,1.885197,20.319571,-20.979269,67.091171,27.330091,-9.211113,12.961417,8.624550,-34.683292,21.947786,33.858341,29.129953,-18.148594,6.465121
424.000000,788.205688,1116.080933,78.248283,-1.195466,-3.094867,85.733111,7.311155,4.588721,12.562529,11.309729,-14.882896,-2.125161,-7.089443,-3.390814,-19.915083,12.490021,-1.830884,-2.538242,5.148442,-5.182862,0.881841,1.740685,20.303560,-20.941113,67.090111,27.218643,-9.314649,12.938090,8.409332,-33.835094,22.046238,33.345371,28.941471,-18.344742,5.951867
425.000000,788.153625,1116.030029,78.244698,-1.143308,-3.017826,85.597600,7.234726,4.496232,12.732540,11.300344,-14.871720,-2.063144,-7.322504,-3.449363,-19.715879,12.631032,-1.805166,-2.518558,5.183855,-5.161811,0.887568,1.563308,20.326921,-20.958378,67.092644,27.091602,-9.357736,12.834073,7.891340,-33.004032,22.321363,32.875957,28.896725,-18.620111,5.484523
426.000000,788.113403,1115.962646,78.246803,-1.088300,-2.928384,85.557204,7.069988,4.391462,12.759719,11.292414,-14.819139,-1.999391,-7.531233,-3.546021,-19.662867,12.686009,-1.743336,-2.499736,5.127706,-5.179043,0.901467,1.347551,20.403700,-21.070541,67.096199,26.950563,-9.387397,12.650705,7.172878,-32.115681,22.662609,32.546658,28.885479,-19.022287,4.988632
427.000000,788.085022,1115.891357,78.248756,-1.027108,-2.847937,85.554754,6.908018,4.288816,12.762487,11.275243,-14.749255,-1.946698,-7.734726,-3.648973,-19.628775,12.757019,-1.696908,-2.490517,5.086184,-5.226891,0.915370,1.153383,20.484453,-21.159771,67.100151,26.764738,-9.426167,12.465947,6.334690,-31.110817,22.995216,32.310272,28.798210,-19.446115,4.404828
428.000000,788.066467,1115.821777,78.250137,-0.963600,-2.780716,85.563139,6.764611,4.191240,12.749495,11.254130,-14.667897,-1.906932,-7.929093,-3.760551,-19.614750,12.868050,-1.676657,-2.493881,5.072578,-5.291117,0.923177,1.001400,20.557589,-21.205244,67.111862,26.630701,-9.455672,12.292934,5.410373,-30.066692,23.351963,32.166462,28.551308,-19.852623,3.789893
429.000000,788.050110,1115.751099,78.250114,-0.896228,-2.693148,85.511199,6.619388,4.098861,12.789930,11.220778,-14.585665,-1.862167,-8.160343,-3.850306,-19.543484,12.981176,-1.640988,-2.500010,5.141913,-5.351550,0.900842,0.884544,20.593615,-21.245169,67.162712,26.526957,-9.479710,12.208914,4.379831,-29.141045,23.841452,32.045448,28.254333,-20.162275,3.228255
430.000000,788.032654,1115.671387,78.254181,-0.835290,-2.622405,85.456958,6.500694,4.011396,12.841068,11.156142,-14.484377,-1.810936,-8.334619,-3.908786,-19.461298,12.979830,-1.538021,-2.500816,5.196557,-5.382695,0.915151,0.803908,20.598913,-21.286617,67.205986,26.455610,-9.492998,12.197830,3.169025,-28.343466,24.397694,31.974510,28.061092,-20.390923,2.833934
431.000000,788.015625,1115.585083,78.262749,-0.779217,-2.566057,85.453128,6.418183,3.943882,12.847271,11.091182,-14.390530,-1.770305,-8.418208,-3.949171,-19.431252,12.907949,-1.428527,-2.499451,5.187969,-5.398818,0.941858,0.758697,20.603622,-21.356136,67.214134,26.437506,-9.496109,12.208459,2.128958,-27.765848,24.823826,32.052013,28.007641,-20.586830,2.625270
432.000000,787.997131,1115.495239,78.270378,-0.726741,-2.569151,85.455803,6.344077,3.854390,12.832129,11.015845,-14.270037,-1.716897,-8.469494,-4.006285,-19.417534,12.793011,-1.280506,-2.503833,5.170215,-5.410926,1.018984,0.692280,20.618166,-21.513504,67.221497,26.338535,-9.496552,12.258496,0.663480,-27.062382,25.320353,32.228043,28.018402,-20.769377,2.400901
433.000000,787.976562,1115.405884,78.276482,-0.685732,-2.618415,85.459423,6.323649,3.780212,12.822532,10.982204,-14.176598,-1.675494,-8.451660,-4.054659,-19.414467,12.679033,-1.139642,-2.520890,5.176778,-5.400798,1.131096,0.675449,20.629114,-21.571911,67.240166,26.044735,-9.497402,12.361572,-0.859649,-26.390633,25.556786,32.291252,28.094320,-20.785517,2.205386
434.000000,787.956604,1115.322510,78.283569,-0.651393,-2.658789,85.561863,6.286733,3.710281,12.747457,10.966144,-14.087385,-1.643304,-8.412903,-4.122341,-19.484652,12.574488,-1.025081,-2.533517,5.214410,-5.389132,1.181287,0.667006,20.624073,-21.575294,67.294685,25.771496,-9.499338,12.457801,-2.421181,-25.807539,25.606327,32.393105,28.198097,-20.789829,2.020744
435.000000,787.940186,1115.247314,78.294792,-0.618105,-2.707136,85.817898,6.235830,3.613921,12.501830,10.915300,-13.967152,-1.598192,-8.331279,-4.260382,-19.717995,12.496094,-0.964208,-2.526585,5.227644,-5.393366,1.185748,0.647934,20.608532,-21.574371,67.345993,25.690622,-9.504456,12.505933,-4.078134,-25.492073,25.647768,32.520103,28.242727,-20.833639,1.860027
436.000000,787.926147,1115.174927,78.309601,-0.580254,-2.736280,86.133806,6.180772,3.493116,12.166305,10.810479,-13.808375,-1.534332,-8.226528,-4.432138,-20.015705,12.399678,-0.909467,-2.491824,5.248631,-5.422184,1.156490,0.647717,20.604002,-21.577841,67.351883,25.680704,-9.509152,12.528889,-5.921660,-25.443748,25.740480,32.907284,28.289038,-20.973488,1.811717
437.000000,787.908325,1115.097900,78.324997,-0.540938,-2.763002,86.395237,6.126192,3.369330,11.878108,10.680533,-13.634676,-1.458811,-8.125489,-4.581296,-20.251358,12.242566,-0.807170,-2.434227,5.296188,-5.456089,1.120672,0.650523,20.594179,-21.581062,67.352203,25.688917,-9.511979,12.573792,-8.051776,-25.502230,25.785610,33.750999,28.478050,-21.228271,1.906341
438.000000,787.883179,1115.018677,78.343620,-0.544471,-2.835957,86.693824,6.093535,3.294672,11.585599,10.623900,-13.509453,-1.387738,-7.886799,-4.660362,-20.502312,11.905334,-0.619418,-2.378034,5.311345,-5.446089,1.140280,0.650669,20.570946,-21.582928,67.347725,25.687849,-9.510760,12.642968,-10.386442,-25.605429,25.794916,35.279285,29.172668,-21.676928,2.221447
439.000000,787.851074,1114.939453,78.359756,-0.560624,-2.915371,87.021867,6.016982,3.241783,11.269509,10.665661,-13.431680,-1.327543,-7.645703,-4.740192,-20.792994,11.593484,-0.444443,-2.345580,5.290438,-5.418494,1.168971,0.649557,20.543722,-21.586887,67.345016,25.696741,-9.512279,12.720049,-12.745214,-25.784845,25.744284,37.193798,29.999081,-22.057060,2.537225
440.000000,787.814026,1114.865967,78.370293,-0.559369,-2.873329,87.435915,5.803469,3.186963,10.971954,10.808439,-13.405658,-1.275615,-7.591387,-4.863420,-21.070442,11.480842,-0.369169,-2.319712,5.174540,-5.410613,1.119666,0.667361,20.523491,-21.585705,67.342377,25.813765,-9.520160,12.765151,-14.458711,-26.006445,25.524923,38.646698,30.334883,-22.163589,2.836613
441.000000,787.760986,1114.779907,78.379349,-0.541463,-2.824264,87.911951,5.446522,3.069920,10.517381,11.029931,-13.360522,-1.189022,-7.586398,-5.107469,-21.490637,11.431777,-0.312934,-2.264421,4.897924,-5.404022,1.124576,0.671074,20.479347,-21.510868,67.324936,26.226198,-9.570230,12.801395,-16.592630,-26.554474,24.934042,40.414452,30.523977,-22.229790,3.465636
442.000000,787.693298,1114.693970,78.384468,-0.524040,-2.836714,88.260228,5.180991,2.946968,10.165972,11.236933,-13.327644,-1.096229,-7.563829,-5.338763,-21.809299,11.428460,-0.265541,-2.197785,4.751296,-5.364306,1.260886,0.646657,20.414288,-21.354179,67.237213,26.750288,-9.685839,12.876673,-18.659472,-27.410120,24.174526,42.405262,30.941292,-22.395544,4.320178
443.000000,787.613831,1114.624512,78.387085,-0.520696,-2.864541,88.438828,5.028406,2.857297,10.013535,11.399978,-13.324754,-1.011172,-7.525340,-5.480729,-21.950281,11.380147,-0.178597,-2.129877,4.859848,-5.287724,1.414173,0.643848,20.399775,-21.307577,67.030029,27.058739,-9.885835,12.964763,-20.695179,-28.599068,23.561480,44.791977,31.656952,-22.616123,5.202306
444.000000,787.528015,1114.582031,78.389565,-0.513027,-2.874696,88.526983,4.953183,2.767671,9.965906,11.457142,-13.310966,-0.930247,-7.510118,-5.588612,-21.996389,11.330646,-0.096407,-2.059389,5.114395,-5.200640,1.503958,0.645613,20.399681,-21.301605,66.842758,27.244610,-10.150894,13.007421,-22.514324,-30.069691,23.170038,47.205681,32.548782,-22.710533,5.944431
445.000000,787.436218,1114.550781,78.391861,-0.500713,-2.879801,88.675407,4.880747,2.651725,9.867037,11.491473,-13.286304,-0.836927,-7.505436,-5.737518,-22.072060,11.341521,-0.063150,-1.971313,5.295465,-5.102704,1.587442,0.644825,20.383333,-21.297647,66.727386,27.434265,-10.436108,13.057206,-24.172653,-31.760418,22.958212,49.520153,33.205532,-22.718544,6.683881
446.000000,787.337708,1114.519653,78.389099,-0.466176,-2.880973,88.794889,4.820211,2.540451,9.801544,11.519600,-13.268395,-0.753710,-7.562704,-5.894442,-22.110590,11.471354,-0.095932,-1.895833,5.410367,-5.021124,1.679777,0.637884,20.343220,-21.270615,66.645897,27.633280,-10.625445,13.144525,-25.356352,-33.152435,22.785667,51.154434,33.527874,-22.693722,7.306203
447.000000,787.238708,1114.496948,78.383286,-0.441996,-2.910295,88.857057,4.788765,2.410650,9.781794,11.564692,-13.271254,-0.649398,-7.646849,-6.084307,-22.102303,11.704928,-0.169038,-1.800357,5.623065,-4.893746,1.859619,0.616486,20.263287,-21.194511,66.524940,27.912516,-10.853101,13.339780,-26.755953,-35.053524,22.529867,53.043957,34.084011,-22.641460,8.155312
448.000000,787.155029,1114.497559,78.376030,-0.449778,-2.958502,88.841975,4.802735,2.343869,9.818782,11.629463,-13.316734,-0.577604,-7.681292,-6.187609,-22.047377,11.875056,-0.223757,-1.724877,5.896550,-4.746846,2.026777,0.600048,20.190178,-21.155502,66.418396,28.126129,-11.113861,13.580708,-27.979805,-36.924358,22.397110,54.819210,34.892479,-22.642372,9.007915
449.000000,787.099976,1114.519897,78.367462,-0.463091,-2.997102,88.794008,4.837049,2.334296,9.908606,11.735376,-13.408400,-0.541021,-7.702294,-6.223876,-21.949678,12.039183,-0.297713,-1.674083,6.207613,-4.617537,2.153290,0.597856,20.151237,-21.151859,66.332062,28.165148,-11.374920,13.806972,-29.086220,-38.676861,22.422607,56.609535,35.997211,-22.658339,9.824919
450.000000,787.072876,1114.549683,78.361771,-0.486074,-2.983220,88.869400,4.781584,2.341146,9.889985,11.883130,-13.500793,-0.516352,-7.722735,-6.265807,-21.964163,12.167973,-0.387259,-1.631508,6.411314,-4.561204,2.234350,0.591970,20.143084,-21.152157,66.218468,28.277630,-11.555737,13.984419,-30.104723,-40.279667,22.573910,58.553986,37.050953,-22.742632,10.673131
451.000000,787.046021,1114.575073,78.354630,-0.497577,-2.928500,88.845661,4.676726,2.354925,9.915615,12.030059,-13.595021,-0.494987,-7.806767,-6.281679,-21.907236,12.271859,-0.448094,-1.583722,6.723596,-4.518021,2.325340,0.494799,20.094643,-21.134665,66.149963,28.624163,-11.787589,14.231783,-31.135481,-41.953411,22.871510,60.945377,37.841770,-22.890200,11.706064
452.000000,787.012024,1114.594116,78.345261,-0.496482,-2.872388,88.821473,4.570589,2.353237,9.988021,12.165200,-13.686392,-0.475776,-7.946767,-6.316643,-21.809195,12.437418,-0.521133,-1.544511,7.042056,-4.435883,2.484753,0.382487,20.016457,-21.143726,66.031395,29.000175,-11.962991,14.553246,-32.140453,-43.795135,23.449982,63.283127,38.546085,-22.886856,12.747902
453.000000,786.970703,1114.626709,78.338730,-0.510044,-2.783228,88.853157,4.433888,2.345310,9.996476,12.300830,-13.775178,-0.450406,-8.068217,-6.367771,-21.792753,12.563029,-0.585206,-1.512016,7.263171,-4.301975,2.629599,0.339165,19.947357,-21.253435,65.775398,29.402252,-12.056710,14.885239,-33.058926,-45.827885,24.393793,65.481483,39.363010,-22.811605,13.898618
454.000000,786.934082,1114.674194,78.334846,-0.527807,-2.705540,88.826289,4.370977,2.346253,10.025688,12.348291,-13.826926,-0.434813,-8.140678,-6.378927,-21.757994,12.614584,-0.617613,-1.487312,7.495682,-4.183125,2.725892,0.298804,19.917856,-21.446337,65.533737,29.681337,-12.140847,15.104712,-33.701717,-47.489601,25.312332,67.187851,40.128262,-22.709978,14.864013
455.000000,786.909058,1114.735107,78.330650,-0.556861,-2.638671,88.783908,4.331551,2.369432,10.088916,12.397212,-13.903778,-0.425761,-8.214555,-6.357520,-21.675604,12.675324,-0.668797,-1.454492,7.821957,-4.022216,2.861783,0.252089,19.924232,-21.736361,65.249191,29.845425,-12.325737,15.319273,-34.502499,-49.654377,26.547709,69.419884,41.290520,-22.489090,16.103449
456.000000,786.893738,1114.810425,78.327515,-0.590209,-2.524765,88.760776,4.252521,2.409239,10.120254,12.475816,-13.997806,-0.422504,-8.292446,-6.319361,-21.608620,12.712173,-0.725639,-1.413274,8.056807,-3.861394,2.952364,0.232823,19.941818,-21.944796,65.065849,29.949705,-12.592755,15.451629,-35.175121,-51.716457,27.657085,71.445023,42.305378,-22.243961,17.219215
457.000000,786.882874,1114.887573,78.321526,-0.605930,-2.322401,88.685120,4.071327,2.442044,10.181409,12.557817,-14.087893,-0.415727,-8.503917,-6.284261,-21.493292,12.785251,-0.790251,-1.372164,8.321160,-3.726189,2.950770,0.215163,19.930376,-22.009409,64.919518,30.186634,-12.876364,15.517019,-35.651821,-53.773846,28.708288,73.354439,43.097988,-22.059521,18.360687
458.000000,786.875610,1114.947266,78.303421,-0.598108,-2.108474,88.407393,3.862688,2.489661,10.442731,12.691963,-14.220668,-0.413317,-8.904781,-6.235969,-21.190712,13.057499,-0.907495,-1.371466,8.813486,-3.597099,3.012382,0.129130,19.886221,-22.011887,64.792351,30.338825,-13.163573,15.663549,-35.987583,-55.882484,29.673578,75.003395,43.898800,-21.751017,19.615711
459.000000,786.876465,1115.000977,78.282425,-0.625104,-1.957085,88.199207,3.635963,2.597511,10.689975,12.990830,-14.445701,-0.426045,-9.233990,-6.153609,-20.938332,13.319945,-1.031601,-1.386238,9.212036,-3.397096,3.201975,0.082239,19.832071,-22.000088,64.646408,30.361565,-13.448986,15.937105,-36.293556,-57.978783,30.401642,76.392380,44.568409,-21.334484,20.817867
460.000000,786.882507,1115.059692,78.260269,-0.665242,-1.839662,88.033727,3.423487,2.725015,10.873295,13.349855,-14.699686,-0.447933,-9.471169,-6.074667,-20.774885,13.550437,-1.159963,-1.398290,9.440636,-3.155618,3.424968,0.078795,19.764324,-21.999187,64.496902,30.364908,-13.654089,16.212721,-36.644897,-59.827332,31.027885,77.689384,44.961658,-21.020844,21.892271
461.000000,786.888733,1115.122437,78.236038,-0.721054,-1.707301,87.929372,3.206098,2.837536,10.977001,13.701058,-14.927345,-0.467368,-9.651734,-6.017362,-20.691954,13.722837,-1.264253,-1.403356,9.565669,-2.941793,3.562917,0.078171,19.700624,-22.053200,64.350784,30.366264,-13.720504,16.373936,-36.915596,-61.164471,31.583941,78.725761,45.177860,-20.847616,22.674011
462.000000,786.890503,1115.193237,78.211182,-0.764465,-1.575064,87.807514,2.939260,2.973831,11.102563,14.145044,-15.219480,-0.492715,-9.885715,-5.954472,-20.574141,13.972809,-1.421503,-1.400992,9.747539,-2.634147,3.740098,0.054091,19.620487,-22.234875,64.134048,30.360657,-13.774089,16.540077,-37.190483,-62.927177,32.487858,80.042473,45.426544,-20.634516,23.660679
463.000000,786.880798,1115.271851,78.186813,-0.784100,-1.468130,87.596438,2.783665,3.066730,11.305155,14.434453,-15.455433,-0.516207,-10.135950,-5.896315,-20.342770,14.247995,-1.585500,-1.386916,10.023853,-2.296031,3.888530,-0.025877,19.516813,-22.504398,64.033424,30.352055,-13.893881,16.686817,-37.414013,-64.691925,33.524628,81.258461,45.589931,-20.355444,24.587824
464.000000,786.865540,1115.353638,78.160805,-0.777778,-1.382679,87.300195,2.736422,3.126444,11.600384,14.616780,-15.657417,-0.539742,-10.410576,-5.842774,-19.996260,14.591532,-1.771487,-1.371046,10.371979,-1.955778,4.024491,-0.098925,19.402504,-22.738688,63.944035,30.342037,-14.029858,16.782331,-37.618870,-66.326508,34.533665,82.308701,45.815948,-20.020493,25.406670
465.000000,786.863403,1115.438232,78.135239,-0.732835,-1.265620,86.993689,2.724432,3.136620,11.913347,14.673754,-15.792875,-0.570249,-10.769183,-5.830418,-19.606016,15.042716,-2.009443,-1.360618,10.730464,-1.709029,4.103107,-0.127789,19.363218,-22.974150,63.822929,30.250431,-14.220604,16.814703,-37.727184,-67.774605,35.574722,83.239311,46.416977,-19.686226,26.196486
466.000000,786.880676,1115.520264,78.111847,-0.672970,-1.133054,86.723274,2.713581,3.125870,12.175748,14.654532,-15.876424,-0.606775,-11.146240,-5.837286,-19.247622,15.509971,-2.263456,-1.354274,10.986153,-1.570540,4.156926,-0.082934,19.404028,-23.166819,63.661507,30.031496,-14.406218,16.820051,-37.800785,-68.992416,36.482735,84.020721,47.057606,-19.326792,26.937775
467.000000,786.914062,1115.592896,78.090439,-0.607055,-0.982641,86.458494,2.684399,3.117043,12.430298,14.609374,-15.936248,-0.650968,-11.543744,-5.832160,-18.888311,15.957957,-2.501837,-1.354337,11.156036,-1.526862,4.200259,0.064128,19.520004,-23.292095,63.376720,29.742344,-14.556533,16.821613,-37.895615,-70.012642,37.194691,84.577827,47.616688,-18.929998,27.615665
468.000000,786.959351,1115.661255,78.071007,-0.568603,-0.818154,86.213990,2.632150,3.137240,12.601757,14.604362,-15.989071,-0.694220,-11.822278,-5.797170,-18.643587,16.229404,-2.646896,-1.364403,11.226144,-1.520608,4.221378,0.221586,19.629513,-23.339705,63.115761,29.500948,-14.642617,16.821529,-37.981983,-70.684891,37.606663,84.837868,47.996655,-18.624613,28.086452
469.000000,787.013794,1115.727661,78.052200,-0.546272,-0.660834,85.967634,2.544923,3.201932,12.820827,14.634876,-16.077362,-0.764234,-12.161366,-5.708091,-18.339010,16.525974,-2.809013,-1.394611,11.291900,-1.524370,4.228630,0.445800,19.771286,-23.356411,62.783703,29.146885,-14.725088,16.820498,-38.113865,-71.520226,38.053345,85.007576,48.448746,-18.223919,28.670021
470.000000,787.075867,1115.789551,78.034416,-0.535510,-0.544575,85.738811,2.485169,3.284214,13.024755,14.687298,-16.173670,-0.839350,-12.440632,-5.601541,-18.058083,16.788101,-2.957323,-1.436331,11.342249,-1.536327,4.258459,0.625284,19.900429,-23.361588,62.508209,28.828075,-14.798152,16.818840,-38.312412,-72.295227,38.459133,85.029556,48.816483,-17.876125,29.177654
471.000000,787.143738,1115.845825,78.020134,-0.530002,-0.450199,85.575195,2.436901,3.377844,13.175996,14.756559,-16.267910,-0.920213,-12.653155,-5.490312,-17.832996,17.001713,-3.092689,-1.482087,11.379773,-1.563609,4.292830,0.739194,20.016912,-23.379118,62.315193,28.565744,-14.873941,16.812771,-38.543217,-72.981621,38.902210,85.035881,49.227612,-17.613766,29.621590
472.000000,787.221985,1115.900513,78.009895,-0.523981,-0.371491,85.462987,2.403853,3.461002,13.249624,14.789244,-16.327137,-1.004496,-12.809975,-5.395844,-17.676573,17.173105,-3.219558,-1.525898,11.388687,-1.616973,4.326194,0.802878,20.134605,-23.423367,62.206783,28.295061,-14.951497,16.780544,-38.834267,-73.555862,39.371098,85.084435,49.809921,-17.351324,30.028328
473.000000,787.301819,1115.947021,78.002884,-0.517044,-0.316855,85.394142,2.398711,3.535906,13.279714,14.792454,-16.360880,-1.092506,-12.914701,-5.310526,-17.556442,17.308336,-3.329887,-1.568956,11.375256,-1.675868,4.372090,0.851122,20.266060,-23.500568,62.118202,27.909428,-14.986651,16.691595,-39.257935,-73.960106,39.780071,85.237610,50.645046,-17.076134,30.435867
474.000000,787.384460,1115.985718,77.999435,-0.518122,-0.282125,85.384556,2.396522,3.611460,13.253119,14.795330,-16.381268,-1.178197,-12.960250,-5.236308,-17.502678,17.389202,-3.419399,-1.613028,11.348325,-1.734793,4.435020,0.877298,20.405275,-23.586473,62.012909,27.531912,-14.991069,16.537033,-39.686039,-74.283081,40.172943,85.380722,51.454845,-16.837709,30.802847
475.000000,787.464294,1116.015259,77.998192,-0.510694,-0.248372,85.396708,2.397532,3.659393,13.218371,14.776543,-16.379332,-1.239985,-12.986741,-5.191623,-17.479570,17.438730,-3.478256,-1.646432,11.326475,-1.793248,4.480002,0.886022,20.508589,-23.631041,61.947517,27.270607,-14.993207,16.395077,-40.007992,-74.464851,40.410183,85.461296,51.927406,-16.678116,31.056772
476.000000,787.550049,1116.040283,78.003052,-0.477755,-0.229828,85.391196,2.468580,3.688194,13.192291,14.623308,-16.306915,-1.321747,-13.015388,-5.147929,-17.427240,17.500034,-3.544636,-1.693390,11.283242,-1.906435,4.548127,0.891574,20.647345,-23.659100,61.904255,26.945108,-15.008570,16.205172,-40.525234,-74.576668,40.608891,85.532944,52.284233,-16.475464,31.360970
477.000000,787.638733,1116.055908,78.011078,-0.415018,-0.196905,85.326255,2.612437,3.673845,13.223003,14.293304,-16.137129,-1.403393,-13.074433,-5.111247,-17.309763,17.557014,-3.591175,-1.735154,11.222696,-2.076065,4.583774,0.892810,20.792263,-23.661591,61.899899,26.713793,-15.031999,16.002151,-41.261112,-74.532562,40.749706,85.495308,52.321327,-16.193764,31.632673
478.000000,787.729797,1116.052002,78.015610,-0.341155,-0.167040,85.191729,2.756298,3.655424,13.333080,13.965637,-15.960670,-1.485937,-13.185467,-5.060604,-17.109337,17.643536,-3.626829,-1.778848,11.106853,-2.273893,4.602627,0.890941,20.948156,-23.651653,61.917526,26.531500,-15.058734,15.778807,-42.416515,-74.251587,40.793701,85.220451,52.308552,-15.768778,31.766314
479.000000,787.816711,1116.028198,78.016510,-0.270161,-0.131262,85.054814,2.846819,3.652887,13.478087,13.716279,-15.810461,-1.568260,-13.330077,-5.000593,-16.904285,17.733675,-3.646392,-1.855489,10.903568,-2.477246,4.611144,0.868434,21.105568,-23.630144,61.973614,26.432690,-15.107370,15.531728,-43.928608,-73.740402,40.799900,84.671066,52.275013,-15.406360,31.782194
480.000000,787.909485,1115.988403,78.018776,-0.210121,-0.082504,84.987371,2.843362,3.665890,13.540740,13.566744,-15.686376,-1.644954,-13.458164,-4.951877,-16.787041,17.769806,-3.638654,-1.942403,10.578185,-2.649313,4.598132,0.838040,21.228329,-23.573685,62.085342,26.425045,-15.156297,15.289588,-45.608543,-73.098763,40.803520,83.953720,52.194042,-15.246735,31.788113
481.000000,788.002808,1115.948608,78.021011,-0.140924,-0.068974,84.839695,2.890198,3.673465,13.629044,13.418709,-15.581751,-1.709152,-13.536060,-4.901541,-16.664608,17.787817,-3.623165,-2.015022,10.383750,-2.776366,4.587821,0.820375,21.280735,-23.435919,62.217079,26.436451,-15.209837,15.144844,-46.863884,-72.547783,40.804260,83.351852,52.079365,-15.233590,31.788818
482.000000,788.106506,1115.904053,78.019974,-0.062430,-0.072574,84.705900,2.978976,3.688001,13.781688,13.234716,-15.452506,-1.805035,-13.647431,-4.826809,-16.471134,17.857063,-3.620506,-2.128533,10.193789,-2.987624,4.544370,0.812290,21.330034,-23.125572,62.444195,26.449482,-15.313257,15.000908,-48.516941,-71.641663,40.805367,82.601990,51.867424,-15.242122,31.779018
483.000000,788.214600,1115.847778,78.022194,0.023648,-0.116121,84.673399,3.072122,3.678063,13.817543,13.052431,-15.299538,-1.897267,-13.712648,-4.813033,-16.382803,17.961857,-3.646879,-2.229759,9.909028,-3.228129,4.524467,0.811662,21.407734,-22.892456,62.659775,26.437859,-15.377660,14.928929,-50.198502,-70.528915,40.868610,82.070518,51.779133,-15.269271,31.760027
484.000000,788.322266,1115.779053,78.030067,0.103561,-0.168411,84.696680,3.187539,3.653856,13.781940,12.800606,-15.087901,-1.987007,-13.710450,-4.816742,-16.367813,17.983316,-3.638777,-2.307957,9.558002,-3.484788,4.513196,0.844149,21.536076,-22.834698,62.742798,26.425385,-15.350733,14.923032,-52.133686,-69.157333,41.163647,81.831039,51.788235,-15.269958,31.733006
485.000000,788.435486,1115.695801,78.041237,0.198113,-0.217991,84.764114,3.293571,3.612015,13.711623,12.507891,-14.841876,-2.062914,-13.701662,-4.842780,-16.390625,17.977528,-3.618140,-2.368530,9.122758,-3.761625,4.489390,0.936394,21.704454,-22.828199,62.746334,26.409721,-15.304178,14.925289,-53.999310,-67.678131,41.418564,81.329720,51.799614,-15.150701,31.560335
486.000000,788.544678,1115.601685,78.057610,0.250064,-0.290824,84.874645,3.378977,3.610397,13.593652,12.268327,-14.613568,-2.134056,-13.598301,-4.835150,-16.487358,17.827494,-3.527853,-2.439283,8.533918,-3.996042,4.464202,1.066165,21.862331,-22.825041,62.747490,26.385191,-15.191444,14.915050,-55.770203,-66.033020,41.480690,80.379829,51.789082,-15.012389,31.259321
487.000000,788.647827,1115.499268,78.076843,0.265901,-0.386541,84.884912,3.492380,3.671990,13.560044,12.063331,-14.412824,-2.217936,-13.418179,-4.722731,-16.538324,17.505234,-3.324391,-2.549978,8.084355,-4.162312,4.436708,1.113254,21.959387,-22.822676,62.804455,26.325315,-15.011741,14.839628,-57.463661,-64.256485,41.487705,79.356201,51.774269,-14.983375,30.953661
488.000000,788.743591,1115.399048,78.100021,0.219278,-0.500144,84.882971,3.561671,3.779068,13.539460,11.991210,-14.307593,-2.288640,-13.195912,-4.565943,-16.595663,17.107399,-3.090447,-2.646950,7.865966,-4.223368,4.404940,1.089790,21.992701,-22.822153,62.876060,26.277622,-14.869268,14.723598,-58.622261,-62.891197,41.498951,78.709518,51.769592,-15.019988,30.755468
489.000000,788.837891,1115.299927,78.124619,0.137982,-0.621164,84.932486,3.596959,3.972417,13.466613,12.018022,-14.225865,-2.383193,-12.829850,-4.318630,-16.724442,16.466864,-2.730070,-2.773050,7.722893,-4.250315,4.334757,1.005407,22.006863,-22.821524,62.989258,26.202923,-14.704855,14.502316,-59.889889,-61.132519,41.519382,77.995110,51.773521,-15.146994,30.557684
490.000000,788.922241,1115.210815,78.147156,0.061618,-0.745686,85.062992,3.604945,4.146812,13.307346,12.084277,-14.158834,-2.466190,-12.452611,-4.116982,-16.905968,15.868815,-2.408360,-2.871949,7.657974,-4.259270,4.232019,0.903420,21.990318,-22.796532,63.172573,26.116034,-14.599154,14.290437,-60.797035,-59.465057,41.450737,77.347679,51.779163,-15.309157,30.401812
491.000000,789.004395,1115.133667,78.167465,0.060380,-0.901091,85.109154,3.794168,4.211918,13.207537,11.879772,-13.976171,-2.541621,-12.138246,-3.994983,-16.985550,15.476234,-2.194268,-2.946812,7.697286,-4.326221,4.121505,0.820122,21.949955,-22.718527,63.414505,26.130095,-14.560723,14.204779,-61.328663,-57.781067,41.169682,76.547096,51.666382,-15.424126,30.095362
492.000000,789.087646,1115.057739,78.182762,0.093181,-1.081356,85.118031,4.098803,4.218697,13.182684,11.533941,-13.736063,-2.617959,-11.881974,-3.919775,-16.992149,15.250210,-2.059856,-3.032215,7.710352,-4.455884,4.009547,0.814779,21.925610,-22.572247,63.570377,26.226358,-14.478038,14.174936,-61.600784,-55.824753,40.511833,75.463219,51.386574,-15.458055,29.661919
493.000000,789.177795,1114.965332,78.193306,0.134937,-1.223015,85.132950,4.254603,4.226517,13.159240,11.353022,-13.585589,-2.665379,-11.744268,-3.876834,-17.004568,15.121106,-1.970955,-3.098070,7.711398,-4.575175,3.917567,0.817340,21.898304,-22.367104,63.618523,26.391880,-14.346212,14.114148,-61.679810,-54.212448,39.703468,74.663689,51.071438,-15.483542,29.390100
494.000000,789.263733,1114.856445,78.203354,0.159390,-1.268181,85.201464,4.273118,4.258271,13.076950,11.261078,-13.438563,-2.709810,-11.629790,-3.816686,-17.066250,14.879773,-1.802212,-3.168628,7.719979,-4.725192,3.763052,0.809491,21.831078,-21.991737,63.620087,26.723217,-14.099946,13.991815,-61.772465,-51.986752,38.432098,73.925468,50.535454,-15.524958,29.149265
495.000000,789.339722,1114.736572,78.215805,0.158239,-1.331165,85.215031,4.224779,4.323895,13.005376,11.248396,-13.329439,-2.751520,-11.483520,-3.708064,-17.128914,14.486341,-1.540187,-3.235579,7.852147,-4.815587,3.648122,0.757156,21.711052,-21.564388,63.591736,27.083656,-13.816080,13.872209,-61.819641,-49.815250,37.003902,73.357338,49.998238,-15.486259,28.861889
496.000000,789.407898,1114.637817,78.227982,0.144438,-1.480398,85.137843,4.358429,4.418177,13.058305,11.167997,-13.226981,-2.817337,-11.214195,-3.524551,-17.100231,14.028118,-1.252919,-3.326471,8.176410,-4.855757,3.596030,0.690583,21.537710,-21.097240,63.596066,27.313190,-13.497439,13.810889,-61.530460,-47.664566,35.317631,72.465668,49.772232,-15.369966,28.325283
497.000000,789.477234,1114.561035,78.242447,0.107866,-1.601011,85.244018,4.432842,4.512051,12.948732,11.139959,-13.143394,-2.873444,-10.903080,-3.395700,-17.239645,13.581192,-1.020169,-3.409907,8.386395,-4.882047,3.444490,0.639529,21.374355,-20.789804,63.684715,27.421160,-13.141891,13.789084,-60.870930,-45.536949,33.617916,71.193237,49.769119,-15.229209,27.661293
498.000000,789.536682,1114.497803,78.252670,0.098439,-1.773814,85.311224,4.549529,4.555436,12.863545,11.069340,-13.064508,-2.912262,-10.668856,-3.337714,-17.346233,13.341619,-0.904305,-3.464230,8.527241,-4.891335,3.336895,0.602530,21.272026,-20.701628,63.753185,27.360132,-12.820168,13.786107,-60.242546,-43.962555,32.524223,69.975975,49.776283,-15.149611,27.041491
499.000000,789.588135,1114.438477,78.257988,0.105218,-1.962811,85.343645,4.764638,4.590720,12.838876,10.976810,-12.980360,-2.958836,-10.404396,-3.279229,-17.392048,13.165895,-0.812224,-3.528930,8.743389,-4.883863,3.207879,0.562708,21.148111,-20.693357,63.773998,27.190403,-12.308220,13.788527,-59.348343,-41.804298,31.454847,68.126717,49.768230,-15.103787,26.095903
500.000000,789.628174,1114.388184,78.263748,0.113211,-2.086559,85.443450,4.903708,4.602403,12.750846,10.901273,-12.896595,-2.988281,-10.195953,-3.266557,-17.487810,13.030509,-0.746827,-3.578786,8.838261,-4.867055,2.996449,0.522758,20.992456,-20.698860,63.854172,27.152725,-11.765120,13.809669,-58.365841,-39.555035,30.489597,66.217369,49.638149,-15.068184,25.225832
501.000000,789.664429,1114.345215,78.274818,0.124849,-2.307980,85.611411,5.155001,4.577607,12.592662,10.698894,-12.748686,-3.016506,-9.899570,-3.293626,-17.638765,12.901384,-0.708455,-3.604366,8.863049,-4.848528,2.849423,0.449661,20.809927,-20.706524,63.965286,27.171026,-11.140312,13.874414,-57.247524,-37.294205,29.434839,64.256424,49.368988,-15.028864,24.380396
502.000000,789.696777,1114.315918,78.281906,0.134242,-2.456335,85.698932,5.376289,4.559010,12.479068,10.514586,-12.628102,-3.042985,-9.667303,-3.310961,-17.752581,12.812133,-0.687360,-3.620371,9.046503,-4.852041,2.614704,0.392609,20.625029,-20.715733,63.910603,27.357864,-10.442842,13.942419,-55.890739,-35.078506,28.424829,62.260326,49.272034,-15.021463,23.458351
503.000000,789.725769,1114.282959,78.286522,0.161963,-2.557629,85.712835,5.550723,4.530487,12.450428,10.336535,-12.518058,-3.060267,-9.537050,-3.315121,-17.781416,12.748345,-0.656900,-3.634257,9.401973,-4.883152,2.345515,0.391275,20.479948,-20.761303,63.597836,27.664696,-9.762888,14.059909,-54.445171,-32.841652,27.415586,60.240887,49.153824,-15.008855,22.364626
504.000000,789.750793,1114.227173,78.291481,0.204225,-2.614574,85.818122,5.609107,4.466145,12.324080,10.195983,-12.389293,-3.061508,-9.481857,-3.378973,-17.866276,12.723355,-0.632035,-3.640538,9.627812,-4.943508,2.137570,0.422299,20.421574,-20.916233,63.186424,27.964535,-9.205278,14.206304,-53.101662,-30.568527,26.539776,58.190277,48.937546,-15.005083,21.221514
505.000000,789.770386,1114.139893,78.299919,0.241146,-2.665343,86.059775,5.574021,4.406625,12.122725,10.145642,-12.285940,-3.053152,-9.433143,-3.460322,-18.005920,12.675166,-0.590544,-3.641952,9.687827,-4.986549,2.071580,0.404749,20.399826,-21.051559,62.909195,28.252174,-8.891976,14.303480,-52.242126,-28.910799,26.022156,56.726707,48.668785,-15.005382,20.422293
506.000000,789.788025,1114.035278,78.311607,0.268991,-2.672267,86.416509,5.411406,4.328427,11.750357,10.156789,-12.154008,-3.035587,-9.373555,-3.588966,-18.273527,12.551859,-0.497619,-3.643005,9.682731,-5.049199,2.036508,0.322702,20.373775,-21.188564,62.630257,28.662167,-8.557991,14.385204,-51.293350,-26.864359,25.471634,54.995579,48.105949,-15.022159,19.467489
507.000000,789.805115,1113.945801,78.328514,0.257759,-2.711220,86.767563,5.248372,4.278239,11.337790,10.178237,-12.026147,-3.018955,-9.220726,-3.684218,-18.601892,12.284075,-0.341452,-3.647581,9.693721,-5.116073,2.034176,0.240641,20.382128,-21.352886,62.318150,28.901196,-8.196830,14.420200,-50.404808,-24.995247,25.003927,53.453869,47.536449,-15.063604,18.521084
508.000000,789.819092,1113.892578,78.349434,0.191992,-2.723681,87.176677,5.083023,4.301000,10.929324,10.259469,-11.957294,-3.005971,-8.940751,-3.688340,-18.982513,11.799778,-0.104768,-3.652023,9.750262,-5.160257,1.939448,0.264401,20.428461,-21.534857,61.930321,28.923752,-7.833169,14.449772,-49.303082,-23.321362,24.509592,51.826401,47.370461,-15.127960,17.489264
509.000000,789.819702,1113.855957,78.371689,0.094099,-2.757265,87.646852,4.862676,4.357443,10.416673,10.447561,-11.940135,-2.989973,-8.552623,-3.680969,-19.490107,11.193365,0.165997,-3.639739,9.736325,-5.167904,1.797514,0.376701,20.484407,-21.701042,61.261097,28.968573,-7.362143,14.453440,-47.864414,-21.785946,24.020731,49.788261,47.261806,-15.309323,16.227484
510.000000,789.801025,1113.821411,78.383942,0.028428,-2.747921,87.992325,4.617122,4.390414,10.059486,10.694438,-11.975260,-2.960286,-8.330983,-3.698756,-19.840963,10.805964,0.356500,-3.614086,9.778453,-5.170608,1.618644,0.577980,20.577061,-21.791414,60.264271,29.220791,-6.845135,14.451254,-46.359291,-20.474524,23.751841,47.719063,47.090771,-15.659883,15.027192
511.000000,789.766541,1113.775879,78.391846,0.009374,-2.712745,88.291594,4.377606,4.352300,9.779323,10.874362,-11.979860,-2.906020,-8.263630,-3.795087,-20.102251,10.632624,0.461461,-3.564481,9.831391,-5.204978,1.459070,0.739044,20.696651,-21.733778,59.119553,29.565825,-6.483309,14.470220,-44.887897,-19.428257,23.677246,45.789886,46.692036,-16.075497,13.892419
512.000000,789.721252,1113.728516,78.402779,0.004584,-2.599128,88.613288,4.149946,4.290490,9.550957,10.953185,-11.943073,-2.860268,-8.278886,-3.900606,-20.308628,10.511246,0.543174,-3.513885,9.837340,-5.264018,1.304520,0.853535,20.747299,-21.469185,58.032253,29.745920,-6.287409,14.525843,-43.668514,-18.837898,23.593946,44.169708,46.185513,-16.250191,13.002949
513.000000,789.665527,1113.687744,78.417480,-0.022710,-2.467943,88.915351,3.835382,4.226104,9.283883,11.035583,-11.887537,-2.803911,-8.274788,-3.992562,-20.560160,10.212767,0.728429,-3.440105,9.780560,-5.331738,1.081219,1.162755,20.835297,-20.947121,56.024319,29.984276,-5.951764,14.660337,-41.916206,-18.244188,23.401508,41.648636,45.339970,-16.282984,11.817771
514.000000,789.594543,1113.647217,78.437263,-0.072041,-2.500834,89.238441,3.692682,4.171304,9.009147,11.070400,-11.820350,-2.733762,-8.036732,-4.046908,-20.837439,9.748673,0.983323,-3.341872,9.580228,-5.318084,1.003109,1.482118,20.905125,-20.412111,53.604031,29.760109,-5.622693,14.844503,-40.164230,-17.771381,23.273520,39.128677,44.586864,-16.366804,10.757591
515.000000,789.512695,1113.610107,78.452980,-0.096782,-2.634909,89.572864,3.737389,4.075868,8.728751,11.044980,-11.733116,-2.645567,-7.719635,-4.173038,-21.115398,9.492492,1.111294,-3.244907,9.299331,-5.296263,1.004400,1.545673,20.900574,-19.948706,51.237324,28.618126,-5.521484,14.912189,-38.456516,-17.376701,23.264053,37.096577,44.258308,-16.569065,9.849710
516.000000,789.416870,1113.569946,78.459763,-0.098976,-2.771493,89.795372,3.803141,3.964733,8.572777,11.059984,-11.688901,-2.547079,-7.540560,-4.338883,-21.265434,9.500167,1.132193,-3.160304,9.155449,-5.296017,0.953039,1.299361,20.725103,-19.416286,48.940407,27.272575,-5.517774,14.832910,-36.771828,-17.217607,23.261866,35.401783,43.812210,-16.656643,8.980685
517.000000,789.320007,1113.529663,78.462013,-0.093252,-2.853537,89.917545,3.817171,3.883778,8.525912,11.099853,-11.681005,-2.473716,-7.480628,-4.454017,-21.309483,9.539125,1.147511,-3.092168,9.117848,-5.309966,0.860658,1.007051,20.568970,-19.005362,47.068581,26.314592,-5.521267,14.660164,-35.520462,-17.304390,23.257912,34.169392,43.226643,-16.607582,8.267305
518.000000,789.226318,1113.482910,78.463951,-0.080838,-2.908877,89.983713,3.816265,3.781625,8.509600,11.131609,-11.667642,-2.380929,-7.441868,-4.581095,-21.318859,9.555225,1.193136,-2.991850,9.100324,-5.358265,0.721154,0.565263,20.504280,-18.557165,44.279770,25.181530,-5.564472,14.231737,-33.901791,-17.719662,23.280724,32.412247,42.478851,-16.477451,7.304907
519.000000,789.143677,1113.430542,78.469376,-0.088289,-3.008266,90.020731,3.869788,3.706593,8.524091,11.125247,-11.640433,-2.293998,-7.326039,-4.646420,-21.287180,9.442413,1.305034,-2.868445,9.110982,-5.414036,0.664362,-0.057238,20.604397,-18.156588,41.345284,24.040781,-5.675015,13.528973,-32.445614,-18.407934,23.365952,30.725597,42.265594,-16.415894,6.469231
520.000000,789.072388,1113.393921,78.477112,-0.107163,-3.198979,89.951502,4.087340,3.682642,8.634966,11.032193,-11.605608,-2.229339,-7.067576,-4.616589,-21.172251,9.195503,1.470139,-2.730270,9.130599,-5.456316,0.674173,-0.749697,20.856054,-17.678440,38.401932,22.849455,-5.890458,12.635731,-31.083569,-19.207533,23.431452,29.219076,42.249447,-16.410412,5.818674
521.000000,789.007629,1113.385986,78.481911,-0.129894,-3.374038,89.860317,4.382098,3.677494,8.805820,10.917299,-11.592653,-2.177083,-6.798639,-4.566123,-20.998629,9.016825,1.575024,-2.605956,9.067552,-5.473165,0.640726,-1.446822,21.182917,-17.122738,35.777031,21.594662,-6.261442,11.727466,-29.748699,-19.976992,23.422216,27.878105,42.264847,-16.407370,5.263148
522.000000,788.956604,1113.392334,78.480820,-0.154367,-3.472494,89.869753,4.498166,3.678507,8.868546,10.958172,-11.642972,-2.141289,-6.663625,-4.571785,-20.931612,9.018296,1.554136,-2.533590,8.808311,-5.505923,0.514287,-2.022330,21.700991,-16.500006,33.052467,20.005499,-6.459415,10.561313,-28.315628,-20.765200,23.317955,26.424696,42.421352,-16.332529,4.669879
523.000000,788.928101,1113.386353,78.469353,-0.143285,-3.588133,89.778672,4.596572,3.679302,8.987564,11.051953,-11.721275,-2.119252,-6.678206,-4.611954,-20.785139,9.295035,1.406983,-2.498292,8.644420,-5.569168,0.494760,-2.769655,22.491753,-15.891318,30.403473,18.090633,-6.526051,9.213636,-26.970280,-21.684349,23.178894,24.970623,42.551422,-16.269337,4.019491
524.000000,788.910645,1113.371338,78.452393,-0.114252,-3.759380,89.572028,4.787216,3.689400,9.227094,11.150406,-11.823339,-2.101986,-6.711352,-4.633101,-20.510242,9.679399,1.220242,-2.476310,8.632986,-5.598975,0.602184,-3.889881,23.470091,-15.236076,28.150520,15.876134,-6.627933,7.894302,-25.807173,-22.802797,23.127110,23.713419,42.568340,-16.237701,3.327378
525.000000,788.903076,1113.365112,78.440674,-0.125708,-3.869400,89.541849,4.834975,3.717856,9.305910,11.310005,-11.926809,-2.093696,-6.685559,-4.633049,-20.414539,9.836555,1.127544,-2.460560,8.527097,-5.578829,0.644116,-4.862321,24.239111,-14.743477,26.789804,13.928616,-6.670592,6.949150,-25.051847,-23.629736,23.121546,22.964668,42.672676,-16.209396,2.843268
526.000000,788.908508,1113.371460,78.435738,-0.147837,-3.937599,89.617295,4.822292,3.762322,9.267722,11.507241,-12.032865,-2.090378,-6.591346,-4.630416,-20.442913,9.891850,1.049724,-2.441394,8.278589,-5.547157,0.650793,-6.290928,25.283556,-14.046535,25.106384,10.941080,-6.564153,5.683188,-24.026865,-24.671001,23.108044,22.080233,42.981308,-16.189434,2.217681
527.000000,788.924744,1113.389648,78.432739,-0.155207,-3.971791,89.676848,4.823921,3.791831,9.225583,11.596772,-12.083754,-2.092651,-6.531472,-4.636673,-20.484293,9.953784,0.957691,-2.433689,8.070593,-5.544979,0.651012,-7.777181,26.347446,-13.359301,23.393723,8.036974,-6.349485,4.518103,-22.994802,-25.643297,23.043850,21.229370,43.237282,-16.090506,1.587841
528.000000,788.955566,1113.413696,78.428093,-0.154719,-3.952588,89.773864,4.766590,3.819328,9.170621,11.694807,-12.131845,-2.104072,-6.565025,-4.662989,-20.529844,10.113377,0.813163,-2.437968,7.840815,-5.577919,0.635592,-9.294521,27.485947,-12.655532,21.692881,5.383562,-6.236335,3.381155,-21.974731,-26.506050,22.856718,20.273554,43.320499,-15.863295,0.989344
529.000000,789.000427,1113.425537,78.424156,-0.170563,-3.898619,89.958930,4.573235,3.863133,9.008104,11.915320,-12.206198,-2.125679,-6.599259,-4.685648,-20.661270,10.201084,0.707602,-2.450547,7.511930,-5.637742,0.636256,-11.282901,28.933475,-12.361495,20.561886,2.402013,-6.228655,2.169058,-21.047306,-27.367149,22.750952,19.301527,43.340103,-15.681254,0.362550
530.000000,789.037354,1113.428345,78.420090,-0.162803,-3.892922,90.001778,4.491469,3.892503,8.955760,12.026088,-12.240570,-2.148120,-6.630976,-4.682722,-20.675446,10.280991,0.634372,-2.481740,7.344357,-5.676372,0.710043,-13.788050,30.484505,-12.403354,20.275236,-1.142578,-6.333082,0.910728,-20.216772,-28.315733,22.779163,18.379961,43.483459,-15.574936,-0.187413
531.000000,789.063843,1113.446655,78.417686,-0.155800,-3.886315,89.931485,4.517337,3.922034,9.021042,12.020686,-12.249863,-2.176608,-6.657168,-4.638385,-20.580587,10.327796,0.589257,-2.527204,7.313272,-5.691469,0.763673,-16.423832,31.945166,-12.430552,20.587017,-5.082886,-6.495451,-0.358899,-19.405661,-29.332369,22.839104,17.536484,43.876530,-15.433369,-0.569487
532.000000,789.089233,1113.489624,78.418777,-0.172676,-3.898797,89.856708,4.586050,3.960995,9.080309,11.978416,-12.255773,-2.210412,-6.618830,-4.570495,-20.510338,10.289255,0.578086,-2.571978,7.319387,-5.691442,0.786800,-18.421293,33.004513,-12.419859,21.130562,-8.027498,-6.624776,-1.281535,-18.721638,-30.117598,22.846815,16.930292,44.291431,-15.338478,-0.788484
533.000000,789.118164,1113.545288,78.418915,-0.202690,-3.909683,89.792945,4.686045,4.031491,9.132742,11.933403,-12.279932,-2.266043,-6.540411,-4.467893,-20.452499,10.232926,0.550434,-2.638777,7.332699,-5.700355,0.792466,-21.014786,34.295898,-12.397738,22.125433,-11.432244,-6.697206,-2.422206,-17.766056,-31.048468,22.845060,16.271788,44.800438,-15.290467,-1.045275
534.000000,789.153442,1113.612671,78.418289,-0.215330,-3.944557,89.655717,4.858462,4.103018,9.245358,11.831052,-12.297072,-2.325298,-6.476141,-4.359503,-20.336552,10.242866,0.488332,-2.692439,7.378921,-5.738245,0.813129,-23.508162,35.560097,-12.465612,23.271158,-14.506474,-6.756231,-3.511707,-16.891142,-31.762995,22.847240,15.817459,45.151844,-15.219154,-1.231658
535.000000,789.190735,1113.689819,78.420135,-0.201224,-4.052396,89.522383,5.232802,4.126487,9.391901,11.506168,-12.223019,-2.384150,-6.370181,-4.290809,-20.182159,10.353594,0.357284,-2.719593,7.357435,-5.812856,0.901187,-25.898523,36.966114,-12.772506,24.854078,-17.768600,-7.030776,-4.775013,-16.084702,-32.293346,22.870293,15.524997,45.334332,-15.109760,-1.267867
536.000000,789.222900,1113.763672,78.422974,-0.211427,-4.265824,89.530959,5.674250,4.139606,9.405288,11.204117,-12.151068,-2.432025,-6.114805,-4.258320,-20.153236,10.453642,0.200710,-2.733269,7.161977,-5.862774,1.088731,-28.189213,38.210972,-13.325046,26.904789,-20.708363,-7.422052,-5.965491,-15.418927,-32.693504,22.991194,15.448386,45.358810,-15.046037,-1.272206
537.000000,789.246704,1113.832397,78.421555,-0.231880,-4.356518,89.598255,5.896930,4.165573,9.340339,11.101747,-12.156356,-2.464441,-5.967816,-4.255816,-20.202011,10.598080,0.031279,-2.736338,6.908645,-5.912078,1.164236,-30.657156,39.200603,-14.286250,29.562471,-23.337484,-7.754715,-7.154695,-14.796716,-33.090591,23.253695,15.443286,45.207417,-14.966385,-1.278959
538.000000,789.264038,1113.883057,78.414520,-0.246779,-4.389337,89.583523,5.957721,4.193994,9.335986,11.123420,-12.204173,-2.484886,-5.957864,-4.251415,-20.197746,10.741183,-0.086395,-2.734947,6.789347,-5.948674,1.194843,-32.595097,39.811825,-15.236107,31.788757,-25.162777,-7.906196,-8.078809,-14.412055,-33.450024,23.550289,15.441484,44.981102,-14.879312,-1.279399
539.000000,789.283081,1113.909546,78.403381,-0.265116,-4.431347,89.547937,5.975554,4.251061,9.373310,11.260573,-12.312555,-2.520733,-5.985343,-4.226773,-20.150612,10.935444,-0.214287,-2.742527,6.654554,-5.995780,1.315602,-35.149414,40.624519,-16.642982,34.818588,-27.409948,-8.025215,-9.431066,-14.099069,-33.920307,23.954327,15.418192,44.724567,-14.669086,-1.219337
540.000000,789.311523,1113.927856,78.392548,-0.261242,-4.351290,89.572367,5.848007,4.293525,9.350616,11.468197,-12.423926,-2.556458,-6.123769,-4.243070,-20.152517,11.187155,-0.355063,-2.759023,6.332767,-6.090396,1.413965,-37.633392,41.473652,-18.030733,38.014721,-29.550249,-8.094033,-10.971658,-13.885311,-34.109299,24.071516,15.258848,44.609764,-14.328707,-1.100003
541.000000,789.348450,1113.949829,78.387138,-0.242344,-4.190869,89.589432,5.637017,4.302096,9.305877,11.554587,-12.456309,-2.581224,-6.377432,-4.279611,-20.167210,11.408880,-0.473769,-2.773104,5.851677,-6.261010,1.429020,-40.010136,42.547153,-19.523033,41.209450,-31.395546,-8.108521,-12.605793,-13.594995,-34.207218,24.082336,14.775387,44.311672,-14.074224,-1.045850
542.000000,789.388794,1113.977417,78.383545,-0.267381,-4.029148,89.567587,5.392520,4.373617,9.295959,11.702670,-12.530017,-2.625945,-6.573232,-4.216694,-20.162025,11.436868,-0.495734,-2.808399,5.412935,-6.421441,1.455445,-42.379856,43.670815,-20.946636,44.391933,-32.887966,-8.079104,-14.416699,-13.175759,-34.383018,24.080173,14.122424,43.597675,-14.042516,-0.945107
543.000000,789.435547,1114.007812,78.377907,-0.314019,-3.873211,89.543990,5.115162,4.491112,9.272943,11.966658,-12.664281,-2.677587,-6.708572,-4.098782,-20.163378,11.375206,-0.480157,-2.857276,4.987128,-6.579677,1.515804,-44.678448,44.786118,-22.169798,47.349365,-34.169407,-7.987670,-16.179924,-12.817559,-34.520084,24.074936,13.652011,42.963959,-14.141127,-0.656293
544.000000,789.476501,1114.042725,78.371414,-0.380942,-3.703383,89.589698,4.845178,4.591337,9.196887,12.252284,-12.804594,-2.709283,-6.800246,-4.008581,-20.206347,11.311411,-0.465398,-2.891640,4.610062,-6.690997,1.552173,-46.331116,45.638176,-22.966652,49.427521,-35.139587,-7.938416,-17.452206,-12.580113,-34.562374,24.040783,13.456834,42.673836,-14.277298,-0.362905
545.000000,789.506226,1114.096191,78.365585,-0.456211,-3.538456,89.613261,4.511961,4.721756,9.087457,12.608911,-12.995001,-2.745045,-6.899184,-3.882356,-20.256903,11.208727,-0.445403,-2.927145,4.139438,-6.810688,1.588690,-48.359360,46.774960,-23.863544,51.955997,-36.375404,-7.933638,-19.023508,-12.175036,-34.608032,23.926895,13.306091,42.347519,-14.502975,0.017455
546.000000,789.512268,1114.167725,78.359589,-0.534276,-3.445117,89.497887,4.341606,4.848934,9.095166,12.853944,-13.176034,-2.778827,-6.938780,-3.726384,-20.200197,11.093898,-0.418024,-2.949878,3.808886,-6.857219,1.654580,-50.078094,47.944321,-24.637794,54.117218,-37.372444,-8.023577,-20.387133,-11.712284,-34.703808,23.799334,13.217965,42.074890,-14.682365,0.356666
547.000000,789.492859,1114.256592,78.353340,-0.600856,-3.404903,89.239549,4.378065,4.973685,9.299962,12.974158,-13.351279,-2.811507,-6.929806,-3.529436,-19.966307,10.990292,-0.384190,-2.963984,3.613848,-6.801744,1.748035,-51.371788,49.318546,-25.446287,55.928677,-38.013092,-8.291806,-21.660524,-11.334055,-34.864166,23.742002,13.191256,41.841244,-14.756462,0.706206
548.000000,789.458862,1114.362793,78.350845,-0.630108,-3.438527,88.852859,4.667986,5.035251,9.635666,12.808209,-13.408704,-2.846880,-6.892555,-3.365587,-19.618494,10.973046,-0.389350,-2.969829,3.492099,-6.711894,1.869446,-52.274956,50.770344,-26.199387,57.603832,-38.735611,-8.673662,-23.007038,-11.048618,-35.038715,23.734400,13.166858,41.611893,-14.766335,1.062459
549.000000,789.428162,1114.475220,78.348030,-0.600409,-3.464446,88.276952,5.165093,5.043603,10.208330,12.343454,-13.354142,-2.886008,-6.964376,-3.212639,-19.056795,11.121219,-0.458818,-2.973290,3.538548,-6.651027,1.969571,-52.921574,52.308739,-26.746618,59.393063,-39.528374,-9.096925,-24.489325,-10.796663,-35.201775,23.732836,13.014035,41.238083,-14.764187,1.388010
550.000000,789.409424,1114.572754,78.344963,-0.558902,-3.476941,87.770792,5.625679,5.024385,10.737552,11.854664,-13.265239,-2.912500,-7.077816,-3.097781,-18.544159,11.315871,-0.550278,-2.973923,3.525632,-6.634025,2.096795,-53.394695,53.849682,-27.181469,61.249561,-40.295124,-9.571106,-25.886189,-10.622104,-35.325329,23.733505,12.684604,40.736389,-14.772986,1.673980
551.000000,789.399414,1114.644287,78.341118,-0.535985,-3.463371,87.460180,5.899637,5.006689,11.051290,11.545604,-13.216916,-2.929626,-7.185854,-3.033509,-18.229725,11.492759,-0.640766,-2.970070,3.345133,-6.630880,2.286953,-53.763252,55.389538,-27.709787,63.052322,-41.092594,-9.998277,-27.098602,-10.497243,-35.409855,23.735596,12.265196,40.218533,-14.892248,1.929772
552.000000,789.392883,1114.701904,78.336258,-0.523308,-3.375696,87.258326,5.965471,4.998897,11.200515,11.424459,-13.212906,-2.938642,-7.320090,-3.007209,-18.072931,11.631926,-0.708553,-2.969394,3.195413,-6.633789,2.415215,-53.962574,56.497177,-28.097061,64.312584,-41.648563,-10.241401,-27.932451,-10.384418,-35.459167,23.736708,11.940635,39.886497,-15.081265,2.105933
553.000000,789.388550,1114.754517,78.330910,-0.513427,-3.215816,87.056710,5.930887,4.996585,11.362166,11.339199,-13.226964,-2.948309,-7.560901,-2.974373,-17.897587,11.794501,-0.774845,-2.974766,3.088804,-6.639866,2.533947,-54.073162,57.796024,-28.455658,65.757881,-42.199017,-10.493813,-28.936460,-10.208237,-35.504635,23.735907,11.564913,39.643147,-15.383991,2.338199
554.000000,789.389038,1114.798096,78.323296,-0.490568,-3.029767,86.800832,5.843193,4.999528,11.576275,11.279226,-13.249458,-2.962062,-7.874161,-2.926238,-17.669580,11.965350,-0.821869,-2.985787,3.098949,-6.665413,2.627233,-54.064064,59.079441,-28.791470,67.041687,-42.476334,-10.712354,-29.954699,-10.094147,-35.517727,23.736132,11.331635,39.508392,-15.671865,2.613422
555.000000,789.400696,1114.830078,78.314987,-0.460531,-2.914150,86.606957,5.799583,4.994931,11.781430,11.213643,-13.261716,-2.977442,-8.158820,-2.900832,-17.470425,12.187612,-0.900492,-2.999719,3.086780,-6.741563,2.796972,-54.039803,60.452702,-29.176159,68.352211,-42.517086,-10.921154,-31.007961,-10.072631,-35.522762,23.740252,11.257890,39.178268,-15.936171,2.927397
556.000000,789.427307,1114.870239,78.309166,-0.427277,-2.821647,86.530792,5.796516,4.974667,11.859962,11.113746,-13.244497,-2.989969,-8.366156,-2.923571,-17.399258,12.439147,-1.034217,-3.012353,2.931807,-6.897693,3.004476,-53.829353,62.024048,-29.773285,69.422264,-42.514126,-11.185493,-31.958187,-10.069054,-35.580536,23.794415,11.306236,38.678547,-16.185549,3.279453
557.000000,789.456665,1114.929810,78.306297,-0.421078,-2.745710,86.471967,5.828744,4.978339,11.901426,10.986261,-13.226544,-3.013161,-8.492835,-2.913131,-17.357834,12.600158,-1.149258,-3.019644,2.727470,-7.071445,3.145802,-53.323601,63.659756,-30.430273,70.343452,-42.512009,-11.533281,-32.771675,-10.018639,-35.762753,23.925928,11.389560,38.147522,-16.380131,3.572467
558.000000,789.486633,1115.003784,78.303040,-0.440231,-2.656790,86.361554,5.851987,5.027550,11.979861,10.913722,-13.250821,-3.054348,-8.585968,-2.835372,-17.275490,12.669291,-1.219796,-3.030523,2.614286,-7.224792,3.213979,-52.595768,65.218124,-30.948118,71.231773,-42.518463,-11.878960,-33.466141,-9.860733,-35.989063,24.010309,11.490467,37.735760,-16.610336,3.742845
559.000000,789.516724,1115.072876,78.298309,-0.479556,-2.553877,86.276732,5.805491,5.091377,12.020110,10.956838,-13.314062,-3.085445,-8.653663,-2.756807,-17.231949,12.682925,-1.249952,-3.046079,2.579407,-7.334858,3.249218,-51.970840,66.328766,-31.171560,71.877609,-42.560814,-12.092031,-33.921120,-9.717433,-36.127396,24.016949,11.635088,37.604366,-16.851707,3.776350
560.000000,789.549561,1115.138672,78.293190,-0.523748,-2.421149,86.206963,5.682795,5.184122,12.031584,11.079061,-13.420941,-3.123140,-8.747740,-2.658495,-17.218424,12.679943,-1.275989,-3.078216,2.607871,-7.481264,3.299204,-51.094151,67.706284,-31.264414,72.624886,-42.701698,-12.310930,-34.455196,-9.479370,-36.313564,23.992693,11.820514,37.584858,-17.231277,3.694540
561.000000,789.591797,1115.196045,78.287727,-0.569060,-2.289862,86.144347,5.529230,5.288264,12.044249,11.213300,-13.526765,-3.178029,-8.859388,-2.549740,-17.211626,12.656538,-1.284830,-3.122393,2.767561,-7.660770,3.352849,-50.299374,69.053734,-31.329870,73.225304,-42.884979,-12.495610,-34.948345,-9.168607,-36.524593,24.001099,11.839833,37.593029,-17.620733,3.466671
562.000000,789.641785,1115.243408,78.282120,-0.616224,-2.151852,86.088823,5.350618,5.410907,12.050316,11.392411,-13.647142,-3.245177,-8.967376,-2.432666,-17.215992,12.624496,-1.282381,-3.159156,2.888274,-7.885571,3.423533,-49.517738,70.610352,-31.526863,73.778412,-42.986534,-12.734798,-35.421375,-8.963472,-36.619217,24.041464,11.825362,37.613583,-18.015099,3.269281
563.000000,789.690552,1115.285156,78.278999,-0.641464,-1.982762,86.038135,5.153947,5.503435,12.053342,11.499679,-13.720479,-3.296781,-9.120469,-2.332855,-17.213146,12.578646,-1.264580,-3.190734,2.941671,-8.155205,3.443006,-48.700500,72.299271,-31.658806,74.348228,-43.107273,-13.006568,-35.962540,-8.827932,-36.595989,24.087944,11.821831,37.620342,-18.476194,3.156269
564.000000,789.733276,1115.314453,78.274231,-0.631700,-1.871758,86.006197,5.048051,5.534343,12.056834,11.497313,-13.731327,-3.340181,-9.300462,-2.312979,-17.212660,12.702076,-1.331302,-3.215244,2.944660,-8.473834,3.520550,-47.976189,73.996185,-31.807676,75.183662,-43.353119,-13.348453,-36.513023,-8.742516,-36.566536,24.122900,11.820595,37.559258,-18.959143,3.094229
565.000000,789.766968,1115.341309,78.272568,-0.633929,-1.796475,86.045927,4.999865,5.551068,12.026301,11.487639,-13.728475,-3.370683,-9.391340,-2.320007,-17.248755,12.806582,-1.389650,-3.225258,2.837769,-8.711856,3.612339,-47.443077,75.325943,-32.032108,75.995232,-43.543304,-13.619281,-36.870029,-8.705059,-36.565102,24.146116,11.824360,37.430351,-19.315857,3.076975
566.000000,789.787781,1115.373413,78.276291,-0.668624,-1.707671,86.150378,4.885939,5.593382,11.928750,11.515628,-13.733089,-3.401283,-9.464102,-2.317009,-17.364614,12.838071,-1.409861,-3.229659,2.586637,-8.981996,3.686326,-46.629219,77.119728,-32.351635,77.109520,-43.709515,-13.918277,-37.246387,-8.564754,-36.611691,24.151707,11.815806,37.153301,-19.834303,3.055127
567.000000,789.796143,1115.409180,78.282471,-0.716615,-1.608987,86.251493,4.741797,5.652670,11.812102,11.583373,-13.753165,-3.418969,-9.536341,-2.308351,-17.503719,12.864375,-1.398513,-3.229743,2.381010,-9.194423,3.738431,-45.775295,78.781403,-32.475334,78.237259,-43.790634,-14.166429,-37.507603,-8.220304,-36.759396,24.101385,11.733714,36.806271,-20.403952,3.015874
568.000000,789.791443,1115.441040,78.289047,-0.764634,-1.550456,86.338411,4.635075,5.704130,11.724319,11.647073,-13.779841,-3.422925,-9.595105,-2.296935,-17.560034,12.908445,-1.375706,-3.220344,2.258925,-9.369349,3.814901,-44.859585,80.296104,-32.491093,79.309052,-43.847240,-14.445105,-37.601624,-7.774580,-36.920376,23.942427,11.613635,36.527451,-20.909733,2.988014
569.000000,789.773193,1115.460571,78.294960,-0.807501,-1.528566,86.453853,4.561488,5.733716,11.614336,11.720343,-13.817467,-3.413120,-9.590339,-2.323410,-17.731230,12.926750,-1.349349,-3.202837,2.130462,-9.510139,3.940370,-43.785641,81.750656,-32.633110,80.218681,-43.868031,-14.809319,-37.607925,-7.420749,-37.120815,23.869141,11.559190,36.431992,-21.426498,2.912931
570.000000,789.743591,1115.460205,78.298607,-0.834400,-1.552203,86.527402,4.532565,5.738251,11.551536,11.775036,-13.846201,-3.399602,-9.586321,-2.365076,-17.876331,12.975005,-1.331914,-3.186696,2.093472,-9.609213,4.085150,-42.877071,82.816643,-32.888412,80.702278,-43.898922,-15.127034,-37.579403,-7.228355,-37.309097,23.879721,11.559992,36.419231,-21.823013,2.808757
571.000000,789.705688,1115.440430,78.300636,-0.857883,-1.629861,86.579353,4.539842,5.734726,11.495008,11.865162,-13.892370,-3.377659,-9.562591,-2.420641,-17.975372,13.077471,-1.308234,-3.146890,2.078669,-9.736648,4.350712,-41.463097,84.224876,-33.355705,81.091492,-43.933346,-15.613790,-37.512119,-7.137589,-37.510834,23.966772,11.633703,36.415779,-22.318556,2.656818
572.000000,789.665710,1115.407593,78.301826,-0.884679,-1.713040,86.675799,4.522244,5.734541,11.416751,12.012434,-13.956532,-3.348257,-9.519768,-2.476001,-18.050966,13.161455,-1.275217,-3.089765,2.029060,-9.863708,4.603168,-39.967869,85.534164,-33.892502,81.324875,-43.947239,-16.096733,-37.424652,-7.239744,-37.543350,24.159414,11.868137,36.419773,-22.813797,2.513284
573.000000,789.621216,1115.365845,78.304253,-0.911486,-1.760616,86.827509,4.425306,5.726179,11.271524,12.206735,-14.022202,-3.306955,-9.499652,-2.555590,-18.154022,13.239460,-1.234740,-3.020855,1.935575,-9.986077,4.785110,-38.590046,86.623260,-34.386490,81.468353,-43.951748,-16.525362,-37.300697,-7.471754,-37.492645,24.485777,12.197274,36.422749,-23.292000,2.389378
574.000000,789.565979,1115.321655,78.307770,-0.924252,-1.716049,86.900971,4.243746,5.698365,11.187822,12.364430,-14.061225,-3.246727,-9.626252,-2.646532,-18.204021,13.356148,-1.165753,-2.934975,1.924677,-10.085689,4.818343,-37.296200,87.419983,-34.686661,81.506523,-43.949112,-16.995197,-37.086575,-7.763860,-37.444416,24.933289,12.541065,36.424641,-23.747375,2.322312
575.000000,789.498840,1115.277954,78.314651,-0.950437,-1.627120,86.939345,4.067778,5.683557,11.168550,12.480973,-14.087781,-3.190336,-9.760088,-2.702166,-18.256413,13.398012,-1.059153,-2.869593,1.997839,-10.112495,4.782664,-36.370430,87.799034,-34.760666,81.513779,-43.944473,-17.414391,-36.877937,-7.951590,-37.440426,25.261215,12.727701,36.432468,-24.046997,2.310925
576.000000,789.415649,1115.227051,78.325523,-0.992392,-1.543461,87.002503,3.827780,5.671838,11.137774,12.637466,-14.118937,-3.109093,-9.894498,-2.763357,-18.369957,13.360727,-0.866681,-2.782002,2.143106,-10.090698,4.741502,-35.280010,88.052544,-34.768677,81.528046,-43.931255,-18.026867,-36.557014,-8.124332,-37.441101,25.578751,12.876743,36.449261,-24.420248,2.311702
577.000000,789.328491,1115.174438,78.336967,-1.034378,-1.471598,87.113602,3.577787,5.652281,11.060149,12.811317,-14.147635,-3.018648,-9.980164,-2.837961,-18.512199,13.273093,-0.660748,-2.679755,2.261958,-10.030185,4.725319,-34.296661,88.119026,-34.768162,81.549980,-43.884552,-18.647970,-36.186485,-8.280564,-37.440350,25.835024,12.988206,36.465363,-24.816795,2.314949
578.000000,789.237976,1115.122070,78.347031,-1.069924,-1.416798,87.304843,3.325001,5.610461,10.911421,12.995077,-14.174080,-2.929126,-10.034363,-2.939666,-18.604475,13.204970,-0.508370,-2.550972,2.254192,-9.970514,4.717865,-33.384354,88.121490,-34.766766,81.552589,-43.754505,-19.208206,-35.777256,-8.444310,-37.410740,26.032948,13.060276,36.471756,-25.174931,2.319783
579.000000,789.146362,1115.075806,78.354797,-1.096752,-1.381531,87.531564,3.093293,5.548866,10.726008,13.179546,-14.201023,-2.839135,-10.068132,-3.062404,-18.629299,13.183962,-0.414276,-2.406981,2.139233,-9.913112,4.709585,-32.551498,88.089905,-34.763634,81.546402,-43.561882,-19.680193,-35.356621,-8.584539,-37.339787,26.138796,13.077940,36.468925,-25.497509,2.324712
580.000000,789.058594,1115.036499,78.359604,-1.125806,-1.347610,87.770673,2.900533,5.504332,10.569765,13.355730,-14.235995,-2.770972,-10.098125,-3.161982,-18.650530,13.195928,-0.366848,-2.304696,2.026121,-9.866327,4.689082,-32.032887,88.040398,-34.741550,81.476158,-43.377098,-19.957590,-35.037163,-8.657269,-37.306194,26.174162,13.084233,36.468224,-25.746153,2.338158
581.000000,788.976013,1115.008301,78.365723,-1.168734,-1.333966,88.042762,2.659983,5.455768,10.317188,13.608012,-14.291863,-2.680135,-10.068500,-3.279601,-18.696089,13.157254,-0.300533,-2.174492,1.890440,-9.790955,4.662401,-31.536755,87.940262,-34.700829,81.078217,-43.060783,-20.173399,-34.562271,-8.711073,-37.328213,26.186913,13.113256,36.521088,-26.046963,2.356023
582.000000,788.893066,1115.000122,78.375496,-1.238078,-1.301862,88.327856,2.464714,5.433328,10.075447,13.795099,-14.341004,-2.605350,-9.980840,-3.331339,-18.717379,12.996493,-0.206182,-2.063900,1.835722,-9.684187,4.556795,-31.277658,87.747856,-34.696388,80.320244,-42.776489,-20.206709,-34.106506,-8.717270,-37.431690,26.212835,13.175158,36.655560,-26.202744,2.386039
583.000000,788.786499,1115.007446,78.386871,-1.318534,-1.194794,88.614843,2.152659,5.408317,9.788446,14.042140,-14.418827,-2.499622,-9.943586,-3.399727,-18.770229,12.805939,-0.062076,-1.920892,1.851990,-9.467708,4.252327,-30.843475,87.309128,-34.693062,78.788780,-42.443905,-20.231127,-33.447811,-8.723486,-37.718521,26.289070,13.307304,36.896839,-26.289606,2.445619
584.000000,788.677307,1115.015259,78.399811,-1.379734,-1.185925,88.875126,2.039603,5.357236,9.589647,14.136778,-14.442270,-2.408251,-9.846479,-3.488594,-18.883783,12.684691,0.034790,-1.823903,1.951158,-9.260946,4.075397,-30.592449,86.786987,-34.693401,77.331978,-42.107124,-20.258604,-32.957363,-8.741027,-38.051025,26.371851,13.445834,37.160309,-26.335995,2.466541
585.000000,788.528870,1115.023560,78.422150,-1.432938,-1.286625,89.127398,2.134546,5.245669,9.405350,14.053626,-14.384963,-2.280364,-9.592004,-3.622558,-19.013605,12.508738,0.181939,-1.727797,2.246168,-8.952114,3.929286,-30.644154,85.726784,-34.694420,75.240204,-41.464760,-20.259615,-32.364983,-8.853516,-38.471775,26.501265,13.886814,37.607723,-26.414631,2.468319
586.000000,788.385925,1115.033936,78.447800,-1.505661,-1.361681,89.251409,2.251085,5.185183,9.353120,13.934485,-14.325930,-2.191061,-9.401377,-3.668649,-19.018187,12.317760,0.373166,-1.656261,2.559081,-8.667594,3.770564,-30.815561,84.688782,-34.643452,73.659950,-40.975594,-20.213085,-32.030495,-8.997018,-38.656124,26.539873,14.384615,37.944302,-26.427069,2.452487
587.000000,788.217468,1115.043945,78.482140,-1.658667,-1.436896,89.371310,2.352539,5.196971,9.302698,13.868610,-14.295128,-2.084057,-9.095683,-3.618388,-19.027510,11.882113,0.796115,-1.536474,3.095342,-8.177846,3.492025,-31.102398,83.029167,-34.370789,71.050407,-40.293629,-19.947407,-31.543383,-9.136801,-38.783844,26.512386,15.105258,38.351570,-26.429535,2.279054
588.000000,788.050232,1115.048096,78.522667,-1.844544,-1.536127,89.739881,2.383205,5.218897,9.030052,13.893477,-14.276317,-1.952714,-8.642309,-3.602887,-19.368261,11.313288,1.269731,-1.400600,3.489863,-7.634471,3.236632,-31.275667,81.209900,-34.006710,67.702660,-39.472137,-19.596596,-30.843353,-9.250024,-38.826580,26.455317,15.847742,38.719837,-26.427906,2.012904
589.000000,787.872864,1115.057495,78.572830,-1.964023,-1.583164,90.233715,2.449552,5.114167,8.629848,13.662786,-14.101589,-1.780264,-8.208824,-3.713939,-19.778971,10.779624,1.692662,-1.222770,3.740014,-7.147934,2.909434,-31.358231,79.115959,-33.727348,64.007767,-38.621643,-19.325777,-30.025866,-9.310302,-38.834164,26.433468,16.558311,39.170055,-26.409355,1.731717
590.000000,787.692200,1115.064087,78.625954,-2.015986,-1.646700,90.527160,2.652987,4.966872,8.454031,13.228098,-13.855021,-1.639734,-7.910617,-3.818281,-19.921034,10.391016,2.010565,-1.070523,4.071653,-6.829398,2.673819,-31.384247,77.215950,-33.372803,61.098518,-37.989784,-19.088558,-29.370358,-9.307613,-38.864983,26.414314,17.057022,39.545132,-26.366325,1.517725
591.000000,787.502747,1115.056396,78.672813,-2.064560,-1.731661,90.510828,3.035021,4.811857,8.531305,12.572712,-13.535400,-1.471823,-7.635338,-3.875254,-19.866673,9.954174,2.494260,-0.896487,4.908144,-6.414781,2.378544,-31.387060,74.231918,-32.642883,56.930828,-37.026714,-18.626211,-28.422600,-9.310041,-38.945786,26.393768,17.755281,40.131207,-26.260050,1.241231
592.000000,787.316956,1115.021851,78.706520,-2.128759,-1.845733,90.461692,3.371947,4.713795,8.719161,12.121691,-13.331573,-1.328006,-7.435317,-3.891948,-19.748962,9.642610,2.966664,-0.755186,5.847104,-6.009563,2.174207,-31.374031,70.906387,-31.854382,52.604061,-35.905296,-18.128891,-27.479364,-9.471643,-38.962662,26.355701,18.468317,40.858154,-26.010900,0.984979
593.000000,787.147400,1114.971069,78.733582,-2.152441,-1.957091,90.532875,3.612792,4.574703,8.765251,11.787334,-13.141777,-1.183690,-7.255529,-3.985447,-19.664085,9.446125,3.300151,-0.607057,6.468930,-5.716342,2.044407,-31.244104,67.380577,-30.819881,48.344513,-34.446426,-17.610947,-26.529854,-9.832475,-38.773849,26.315207,19.192442,41.805721,-25.686337,0.823560
594.000000,787.003113,1114.927002,78.763321,-2.177951,-2.004744,90.600451,3.805621,4.439336,8.795131,11.399137,-12.907351,-1.043970,-7.136264,-4.076376,-19.603802,9.251546,3.620135,-0.477903,6.827925,-5.536662,1.858127,-30.968523,63.847466,-29.944378,44.267220,-32.732090,-17.181904,-25.514721,-10.385476,-38.309235,26.441715,20.067253,42.655380,-25.379696,0.598573
595.000000,786.889038,1114.902832,78.791771,-2.191027,-2.011731,90.578832,4.013979,4.333694,8.904648,10.931960,-12.648269,-0.935185,-7.105606,-4.136579,-19.550776,9.124887,3.909053,-0.380407,7.077523,-5.447206,1.626966,-30.527283,60.333652,-29.205173,40.498848,-31.142380,-16.747456,-24.517157,-10.901527,-37.800629,26.823101,20.711321,43.362179,-24.938074,0.295230
596.000000,786.803223,1114.900635,78.810326,-2.187095,-2.055167,90.494177,4.285372,4.247545,9.082340,10.483109,-12.432161,-0.867809,-7.103738,-4.198404,-19.501568,9.164062,4.039714,-0.312242,7.250713,-5.453624,1.443873,-29.870741,56.900074,-28.392334,36.942818,-29.883303,-16.207592,-23.519886,-11.276175,-37.378426,27.332512,21.043329,44.027443,-24.362007,0.080556
597.000000,786.739319,1114.920410,78.817642,-2.204597,-2.125931,90.421678,4.456414,4.221339,9.200884,10.295730,-12.367380,-0.834173,-7.097012,-4.231365,-19.475479,9.274510,4.052731,-0.264715,7.289343,-5.484781,1.322933,-29.236712,54.397770,-27.727722,34.313156,-28.890766,-15.756846,-22.711843,-11.484016,-37.087055,27.691849,21.270180,44.403751,-23.910509,0.015334
598.000000,786.696228,1114.971069,78.821175,-2.243497,-2.069004,90.435725,4.510271,4.234040,9.275230,10.243387,-12.384713,-0.804205,-7.139507,-4.252876,-19.489809,9.426196,4.027988,-0.209126,7.170559,-5.551199,1.067323,-28.224087,51.401394,-26.797270,30.801577,-27.220535,-15.069625,-21.593197,-11.613774,-36.649609,27.951426,21.555414,44.697227,-23.233759,-0.067755
599.000000,786.664368,1115.043213,78.824127,-2.286997,-1.981775,90.469640,4.454153,4.261661,9.284977,10.235482,-12.424689,-0.785959,-7.205060,-4.268497,-19.604733,9.512371,3.981690,-0.173203,6.827339,-5.631512,0.733353,-26.855875,48.699291,-25.545523,26.891531,-25.069376,-14.215467,-20.427006,-11.584645,-36.167362,27.929253,21.647970,44.672951,-22.410524,-0.237835
600.000000,786.631958,1115.134155,78.822670,-2.318522,-1.919844,90.372235,4.496034,4.297413,9.410773,10.191452,-12.482683,-0.778378,-7.275953,-4.272836,-19.724369,9.668871,3.886838,-0.165732,6.537976,-5.663237,0.464864,-25.256613,46.284279,-24.062035,22.932356,-22.859398,-13.492423,-19.301874,-11.455976,-35.816433,27.792524,21.701412,44.565063,-21.674232,-0.354744
601.000000,786.596375,1115.230225,78.815010,-2.337845,-1.911494,90.244639,4.587648,4.315835,9.565927,10.155181,-12.546005,-0.776959,-7.308468,-4.269123,-19.733150,9.803855,3.774622,-0.163583,6.289198,-5.636806,0.303552,-23.824148,44.590076,-22.909700,19.878113,-21.323864,-13.079230,-18.291420,-11.309850,-35.611660,27.645592,21.485939,44.552685,-20.945812,-0.539983
602.000000,786.558777,1115.343140,78.802887,-2.360250,-1.944656,90.153244,4.747834,4.335550,9.726715,10.158669,-12.671114,-0.775383,-7.251204,-4.259768,-19.688641,9.944116,3.571457,-0.142729,5.795517,-5.522707,0.144130,-21.822718,42.491474,-21.582109,16.004723,-19.544762,-12.705362,-16.814146,-11.037115,-35.389095,27.390675,20.685423,44.555073,-19.824255,-0.912224
603.000000,786.528992,1115.459473,78.788399,-2.369775,-2.007866,90.040504,4.954266,4.346596,9.874454,10.129235,-12.783489,-0.780797,-7.128439,-4.240758,-19.627869,10.018372,3.353598,-0.110659,5.252186,-5.373102,0.004396,-20.067734,40.672169,-20.768280,12.675827,-18.053356,-12.422629,-15.375235,-10.824399,-35.202568,27.256817,19.737129,44.567890,-18.892141,-1.279711
604.000000,786.512024,1115.564697,78.769684,-2.336964,-2.154733,89.855906,5.326679,4.319198,10.102915,9.963916,-12.846950,-0.793966,-6.957760,-4.241199,-19.550861,10.135765,3.064126,-0.090826,4.871301,-5.239243,-0.060638,-18.704416,38.751518,-20.371588,9.938807,-16.835455,-12.143950,-14.013476,-10.778832,-35.026302,27.263468,18.978836,44.579605,-18.152321,-1.616982
605.000000,786.507080,1115.674561,78.746880,-2.245572,-2.295170,89.488032,5.878732,4.228785,10.498661,9.525230,-12.798900,-0.807732,-6.873623,-4.271719,-19.374416,10.391698,2.693727,-0.088518,4.783712,-5.167383,-0.141179,-17.700247,36.693539,-20.260710,8.144300,-15.657627,-11.990507,-12.728581,-10.755504,-34.839508,27.417517,18.312563,44.574844,-17.488976,-2.058835
606.000000,786.518555,1115.777832,78.722145,-2.145690,-2.421919,89.118274,6.447001,4.126928,10.936506,9.024092,-12.723692,-0.830306,-6.800218,-4.276818,-19.132307,10.590568,2.314236,-0.090956,4.783130,-5.119638,-0.260741,-16.693737,34.657078,-20.261707,6.904144,-14.292571,-11.784747,-11.507347,-10.743728,-34.607494,27.802477,17.675165,44.571072,-16.850805,-2.531511
607.000000,786.553772,1115.875854,78.690193,-2.041668,-2.586004,88.796772,6.961350,4.042430,11.286011,8.663069,-12.701351,-0.876887,-6.649478,-4.274889,-18.954437,10.728401,1.901218,-0.100747,4.771887,-5.100238,-0.306102,-15.679189,32.861649,-20.378113,6.015694,-13.111811,-11.376667,-10.396560,-10.749034,-34.342484,28.381079,17.202219,44.579762,-16.267132,-2.967123
608.000000,786.608704,1115.961304,78.658661,-1.955786,-2.796378,88.514570,7.369686,4.003368,11.518101,8.435331,-12.703409,-0.933676,-6.456864,-4.246097,-18.830751,10.777574,1.596897,-0.117231,4.772234,-5.091390,-0.265256,-14.908358,31.723625,-20.538177,5.581150,-12.392483,-11.018508,-9.630849,-10.752391,-34.100166,28.882393,16.998106,44.588245,-15.803477,-3.258166
609.000000,786.681519,1116.041992,78.633278,-1.916365,-2.960310,88.377170,7.789287,4.009132,11.715875,8.256416,-12.746735,-1.027519,-6.150440,-4.150480,-18.692133,10.684873,1.273030,-0.148695,4.644684,-5.063127,-0.242230,-13.780722,30.520548,-20.758753,5.304901,-11.523652,-10.513735,-8.664302,-10.736179,-33.634827,29.495064,16.926559,44.472889,-15.065856,-3.601469
610.000000,786.763367,1116.102417,78.614502,-1.895922,-3.106142,88.481509,7.990804,4.052792,11.634258,8.304473,-12.841832,-1.109878,-5.773540,-4.069694,-18.698238,10.466213,1.016863,-0.169249,4.234105,-4.998573,-0.170751,-12.610610,29.503021,-20.942326,5.127318,-10.546890,-9.783211,-7.607856,-10.687361,-32.875278,29.796255,17.038136,44.116955,-14.252105,-4.026458
611.000000,786.839600,1116.133179,78.595657,-1.852598,-3.239416,88.710844,8.061281,4.056673,11.402922,8.459753,-12.937972,-1.159144,-5.458644,-4.087092,-18.757181,10.368158,0.727432,-0.181362,3.727041,-4.932329,-0.024673,-11.733067,28.383186,-21.325085,5.142325,-9.362612,-8.818542,-6.309741,-10.738432,-31.989346,30.026049,17.349028,43.674797,-13.471129,-4.655847
612.000000,786.904297,1116.146729,78.576965,-1.785695,-3.293446,88.895276,8.033481,4.026181,11.201155,8.627203,-13.016835,-1.192396,-5.325515,-4.154177,-18.730337,10.429173,0.421664,-0.184645,3.330501,-4.852112,0.088490,-11.230759,27.169195,-22.006641,5.381487,-8.080928,-7.747831,-5.048877,-10.864371,-31.129118,30.298138,17.788687,43.175076,-12.691802,-5.346902
613.000000,786.966919,1116.152954,78.556534,-1.684791,-3.219770,88.928652,7.906225,3.965447,11.154037,8.727738,-13.053519,-1.228725,-5.454415,-4.251829,-18.701483,10.626156,0.112808,-0.219851,3.165445,-4.794551,0.085686,-10.994571,25.977751,-22.757702,5.677934,-6.690201,-6.721832,-4.008158,-10.947119,-30.429464,30.554928,18.055708,42.643143,-11.846394,-6.017111
614.000000,787.042114,1116.146729,78.533798,-1.556110,-3.101721,88.864137,7.789081,3.912122,11.201440,8.771060,-13.061887,-1.261284,-5.640295,-4.329686,-18.701632,10.810163,-0.119642,-0.273722,3.142112,-4.777810,0.074649,-10.932067,25.042856,-23.213776,5.971313,-5.443501,-6.063250,-3.325673,-10.987736,-29.937601,30.673836,18.097982,42.169270,-11.153492,-6.484835
615.000000,787.130493,1116.129639,78.509827,-1.416147,-2.978957,88.762870,7.629181,3.839695,11.303790,8.815804,-13.060308,-1.310043,-5.905995,-4.425356,-18.705544,11.033452,-0.421657,-0.364172,3.103666,-4.801252,0.070983,-10.948524,23.669451,-23.487280,6.595886,-3.683412,-5.363420,-2.466570,-11.120489,-29.135386,30.689449,18.153852,41.481800,-10.268604,-7.072575
616.000000,787.238342,1116.110840,78.481453,-1.258641,-2.888636,88.606653,7.509781,3.769916,11.443842,8.842956,-13.053573,-1.374068,-6.113886,-4.485353,-18.658218,11.155681,-0.719856,-0.457670,3.067318,-4.876121,0.087988,-11.072584,22.322983,-23.594893,7.385864,-2.136097,-4.713179,-1.525046,-11.352573,-28.242868,30.689907,18.193670,40.779209,-9.450607,-7.709619
617.000000,787.363892,1116.096802,78.446877,-1.081072,-2.726516,88.347362,7.369632,3.692295,11.656707,8.874720,-13.060880,-1.451907,-6.313860,-4.500824,-18.510849,11.134431,-1.031766,-0.544543,3.093364,-5.009597,0.023303,-11.237033,21.192522,-23.743570,8.134445,-0.962518,-3.961940,-0.504412,-11.686328,-27.231918,30.695797,18.192047,40.162525,-8.651001,-8.483018
618.000000,787.477905,1116.069092,78.439926,-1.046429,-2.577689,88.115312,7.172323,3.762468,11.872420,8.970082,-13.091602,-1.543365,-6.524444,-4.353253,-18.336710,11.003522,-1.029349,-0.722742,3.167274,-4.983335,-0.034419,-11.399250,20.184071,-23.835350,8.670372,0.126154,-3.049046,0.439802,-12.147707,-26.140921,30.695200,18.207066,39.611172,-7.926578,-9.371050
619.000000,787.578308,1116.025024,78.442131,-1.036192,-2.466046,87.954209,6.975162,3.874903,11.976218,9.087955,-13.103555,-1.621737,-6.677378,-4.187739,-18.228392,10.862709,-0.900336,-0.864242,3.196281,-4.849426,-0.023888,-11.695631,19.261448,-23.916412,9.207547,1.217391,-2.098584,1.263189,-12.751793,-25.056055,30.699827,18.380865,38.976059,-7.303393,-10.176230
620.000000,787.667175,1115.949097,78.438911,-0.992216,-2.484892,87.833026,6.884260,3.928571,12.049546,9.201997,-13.098243,-1.684722,-6.803761,-4.109412,-18.106943,10.921097,-0.866265,-1.003096,3.242967,-4.740460,0.110194,-12.373565,18.321110,-23.928154,9.922701,2.357599,-0.971749,2.006367,-13.755298,-23.920198,30.726601,19.182510,38.674133,-6.734669,-10.841256
621.000000,787.746033,1115.857910,78.433647,-0.917839,-2.462620,87.751728,6.773911,3.926954,12.080652,9.276348,-13.054862,-1.730815,-7.009014,-4.114521,-18.019533,11.119039,-0.892431,-1.134020,3.271525,-4.671975,0.166175,-13.442609,17.282761,-23.896788,10.892972,3.405768,0.265342,2.696002,-15.060715,-22.704201,30.687933,20.463522,38.536953,-6.013897,-11.579148
622.000000,787.821228,1115.751831,78.431152,-0.836526,-2.403247,87.731106,6.593481,3.901116,12.068676,9.330592,-12.974240,-1.761586,-7.255443,-4.158117,-17.998787,11.294688,-0.900508,-1.251562,3.335022,-4.645754,0.144377,-14.906062,16.077681,-23.785975,12.071170,4.050267,1.535397,3.291678,-16.516798,-21.506414,30.553415,21.836794,38.439064,-5.155630,-12.481651
623.000000,787.896851,1115.634399,78.427109,-0.742498,-2.300882,87.696660,6.336698,3.864851,12.059288,9.412737,-12.892602,-1.783007,-7.574328,-4.221269,-17.985842,11.491107,-0.903543,-1.357638,3.511530,-4.670810,0.088160,-16.664862,14.895551,-23.681055,13.168764,4.231258,2.839665,3.752666,-18.083160,-20.505981,30.402761,23.016296,38.431858,-4.174046,-13.473823
624.000000,787.978394,1115.505127,78.423691,-0.654983,-2.253786,87.666224,6.125173,3.840665,12.053227,9.504541,-12.819339,-1.803521,-7.819958,-4.263205,-17.970407,11.629339,-0.880014,-1.451980,3.716380,-4.716488,0.085385,-18.627420,13.910715,-23.617800,14.119693,4.248748,4.019126,4.078732,-19.870455,-19.664143,30.281315,24.039463,38.449070,-3.147875,-14.439668
625.000000,788.063599,1115.369385,78.418823,-0.560717,-2.245780,87.515309,6.011770,3.828614,12.173220,9.530144,-12.725191,-1.840921,-8.044456,-4.260059,-17.847887,11.750648,-0.831539,-1.558778,3.967589,-4.790217,0.091052,-20.804644,13.092471,-23.446466,15.179415,4.244714,4.946573,4.218654,-21.996508,-18.791100,30.100718,25.293903,38.502525,-2.270645,-15.212405
626.000000,788.156677,1115.216675,78.414780,-0.483428,-2.288094,87.402399,5.932044,3.842746,12.261548,9.597812,-12.672503,-1.873335,-8.154350,-4.232895,-17.768641,11.777825,-0.759474,-1.653554,4.105232,-4.856575,0.118235,-22.653883,12.529924,-23.133175,16.160519,4.234480,5.508505,4.240336,-23.869196,-18.028402,29.799715,26.551632,38.567097,-1.730914,-15.658095
627.000000,788.249329,1115.059570,78.409729,-0.423473,-2.314837,87.375945,5.744405,3.880158,12.269024,9.811021,-12.647519,-1.906639,-8.257366,-4.207724,-17.761347,11.773928,-0.655833,-1.784878,4.171629,-4.942513,0.131906,-25.278124,11.846718,-22.511873,17.484776,4.069042,6.277455,4.252709,-26.526257,-17.057875,29.196512,28.349966,38.784256,-1.086326,-16.159138
628.000000,788.340393,1114.913696,78.404762,-0.375912,-2.349173,87.330374,5.549110,3.934262,12.271330,10.054312,-12.645276,-1.949672,-8.342039,-4.164811,-17.754198,11.744508,-0.546354,-1.910640,4.282517,-5.018048,0.123182,-28.078176,11.369114,-21.800526,18.471924,3.577018,7.158926,4.282092,-29.362892,-16.564232,28.626049,29.849485,39.388771,-0.293573,-16.599257
629.000000,788.436035,1114.787231,78.402786,-0.346530,-2.457566,87.179574,5.516165,4.012661,12.357771,10.159592,-12.610808,-2.028403,-8.319628,-4.051890,-17.681652,11.613252,-0.401271,-2.027708,4.554025,-5.087728,0.111052,-31.243004,11.280521,-21.201443,19.725361,2.957095,7.677831,4.328668,-32.340248,-16.622486,28.154575,31.036829,40.239574,0.551201,-16.955395
630.000000,788.528137,1114.672852,78.400253,-0.317330,-2.672728,87.014013,5.681719,4.097604,12.514350,10.166107,-12.564314,-2.108309,-8.168152,-3.897112,-17.537077,11.457639,-0.258859,-2.146063,4.885668,-5.106914,0.139416,-34.747570,11.489636,-20.583708,21.589706,1.966033,7.836860,4.473049,-35.640118,-16.987644,27.799244,32.473549,41.337467,1.168948,-17.153889
631.000000,788.621582,1114.569702,78.402031,-0.306085,-3.026728,86.958984,6.026304,4.164055,12.553061,10.102919,-12.487920,-2.181877,-7.815651,-3.776704,-17.489691,11.308504,-0.163799,-2.262887,5.024537,-5.112209,0.267876,-38.591549,12.023240,-20.045830,24.133780,0.466132,7.842016,4.697985,-39.452103,-17.556839,27.660416,34.670574,42.572735,1.550235,-17.169304
632.000000,788.713623,1114.499390,78.407799,-0.319354,-3.379438,86.924200,6.457264,4.251029,12.561874,9.956329,-12.390633,-2.267673,-7.339498,-3.618880,-17.484394,11.033119,-0.037215,-2.370296,5.080038,-5.095452,0.351815,-42.536694,12.799047,-19.794638,27.135548,-1.257861,7.833117,4.924712,-43.456013,-18.171572,27.636738,37.470695,43.879742,1.711079,-17.118208
633.000000,788.809204,1114.452881,78.411461,-0.346800,-3.723332,86.877339,6.910726,4.365858,12.588399,9.818392,-12.321448,-2.367766,-6.841927,-3.433535,-17.478197,10.755676,0.066971,-2.481786,5.103159,-5.064885,0.408573,-46.511417,13.782252,-19.804451,30.406649,-3.000642,7.873386,4.995195,-47.590736,-18.698187,27.635048,40.752594,45.558353,1.815259,-17.025557
634.000000,788.903931,1114.423096,78.412384,-0.377500,-4.071733,86.813148,7.365242,4.487174,12.635558,9.705982,-12.288907,-2.461814,-6.356677,-3.250298,-17.472712,10.517057,0.134759,-2.580926,5.182956,-5.023700,0.503117,-50.340168,14.757859,-19.955420,33.677078,-5.018877,7.921647,5.012349,-51.593636,-19.243380,27.735725,44.095970,47.446892,1.881178,-16.897068
635.000000,788.986328,1114.405151,78.408226,-0.387154,-4.388216,86.695646,7.819516,4.578590,12.732512,9.567144,-12.262385,-2.548707,-5.975969,-3.101968,-17.409790,10.426661,0.132887,-2.662723,5.310382,-4.962151,0.636227,-53.902168,15.914090,-20.467594,36.876587,-7.871194,7.786165,4.973099,-55.446545,-19.841198,27.981932,47.393021,49.504513,1.992870,-16.578653
636.000000,789.052734,1114.408691,78.405243,-0.392695,-4.703409,86.597892,8.221802,4.623190,12.805446,9.387917,-12.217592,-2.613607,-5.683577,-3.010947,-17.355539,10.403143,0.099352,-2.709319,5.329548,-4.879867,0.784345,-56.323833,17.117357,-21.193226,39.100426,-10.331234,7.597830,4.805482,-58.226334,-20.362690,28.309542,49.662926,51.002659,2.158323,-16.187506
637.000000,789.109741,1114.443359,78.407608,-0.425492,-5.013937,86.579384,8.773904,4.673554,12.844321,9.074107,-12.126812,-2.702377,-5.252327,-2.899524,-17.350309,10.311543,0.058687,-2.758701,5.223907,-4.745916,0.960028,-59.058144,18.976103,-22.448889,41.746326,-13.320343,7.289651,4.382627,-61.415329,-21.208017,28.911987,52.079559,52.710247,2.347636,-15.512433
638.000000,789.166382,1114.493286,78.407829,-0.450529,-5.131038,86.534084,9.140103,4.738057,12.870371,8.838270,-12.066045,-2.784266,-4.966859,-2.789372,-17.368271,10.226722,0.020235,-2.814259,5.092635,-4.655011,0.976858,-61.372593,20.812210,-23.581182,44.223904,-16.093275,7.075047,3.774598,-63.907749,-22.227016,29.520506,53.813293,54.314499,2.416466,-14.651619
639.000000,789.229614,1114.519165,78.404716,-0.455022,-5.140594,86.460161,9.258693,4.798324,12.931593,8.747384,-12.049416,-2.842590,-4.927163,-2.700866,-17.349270,10.235131,-0.021979,-2.873611,5.161473,-4.657906,0.972503,-63.678841,22.424189,-24.360474,46.654663,-18.992617,7.063738,3.109249,-66.115227,-23.496449,30.221542,55.440231,56.154652,2.421943,-13.614568
640.000000,789.304138,1114.513062,78.400223,-0.443998,-5.116715,86.394919,9.251121,4.855147,12.970580,8.741322,-12.046546,-2.897588,-4.979016,-2.631810,-17.342632,10.269876,-0.049248,-2.946911,5.293841,-4.744563,1.089136,-66.063248,24.036776,-25.368711,48.909370,-21.708954,7.096024,2.466991,-68.240181,-24.832729,31.183279,57.143089,57.798908,2.442193,-12.504350
641.000000,789.388489,1114.493652,78.396782,-0.428244,-5.053169,86.324809,9.175653,4.918196,13.005386,8.763447,-12.037341,-2.966563,-5.078295,-2.554163,-17.327875,10.283839,-0.046681,-3.031927,5.389888,-4.901282,1.282495,-68.509834,25.768547,-26.656725,51.017776,-24.161386,7.133018,1.769240,-70.290581,-26.002182,32.074368,58.834869,59.185390,2.522134,-11.531592
642.000000,789.478271,1114.481689,78.397057,-0.442432,-4.880337,86.228172,8.951004,5.033773,13.062071,8.883936,-12.067351,-3.062481,-5.214177,-2.406566,-17.303318,10.117924,0.068312,-3.127449,5.389204,-5.073999,1.372491,-71.100212,27.586752,-28.306150,53.371090,-27.167675,7.135006,0.892705,-72.255775,-26.864458,32.938465,60.459255,61.072666,2.607831,-10.703924
643.000000,789.564514,1114.467285,78.397545,-0.452294,-4.720022,86.081070,8.721640,5.160421,13.175701,9.000998,-12.092270,-3.153560,-5.351792,-2.229118,-17.246140,9.887918,0.234042,-3.249200,5.371644,-5.267500,1.465928,-73.860954,29.224775,-30.023914,55.998192,-30.379351,7.159384,-0.084959,-74.129501,-27.477465,33.886330,61.938187,63.265923,2.658428,-9.898638
644.000000,789.654602,1114.437256,78.397766,-0.455121,-4.532211,86.142194,8.351438,5.264133,13.095076,9.256900,-12.143880,-3.208844,-5.518693,-2.151079,-17.364698,9.757920,0.329867,-3.360039,5.146112,-5.526282,1.597941,-76.800545,30.607336,-31.968155,58.787872,-33.367889,7.188342,-1.071840,-75.971481,-27.938187,35.178600,63.391323,65.319633,2.671688,-8.973585
645.000000,789.736206,1114.408936,78.403130,-0.471575,-4.367891,86.378655,8.050506,5.327234,12.896901,9.453762,-12.164164,-3.242383,-5.591341,-2.140105,-17.578350,9.648239,0.389136,-3.423869,4.878971,-5.740528,1.741463,-79.073807,31.436600,-33.584232,60.833035,-35.335724,7.215427,-1.803506,-77.342796,-28.280563,36.357449,64.474190,66.633156,2.722080,-8.188287
646.000000,789.798157,1114.399536,78.408272,-0.488518,-4.281457,86.504997,7.788035,5.398119,12.694293,9.591928,-12.158195,-3.289804,-5.629404,-2.111407,-17.801355,9.497267,0.467811,-3.486298,4.656530,-5.995302,1.939444,-81.900475,32.182945,-35.510292,63.242905,-37.557140,7.248778,-2.775052,-78.988289,-28.727751,37.824333,65.749268,67.959969,2.851880,-7.121579
647.000000,789.834900,1114.419922,78.411819,-0.513281,-4.192599,86.422488,7.717095,5.468196,12.714047,9.599714,-12.146774,-3.343848,-5.660042,-2.022748,-17.807383,9.384987,0.550640,-3.529376,4.698543,-6.181445,2.096319,-84.373520,32.641052,-36.984566,65.361420,-39.372684,7.170581,-3.884541,-80.344887,-29.147032,38.951389,66.721924,68.911819,2.956985,-6.028746
648.000000,789.843384,1114.457275,78.418961,-0.563126,-4.128822,86.325835,7.714010,5.545079,12.825101,9.551883,-12.146160,-3.385950,-5.633755,-1.874403,-17.716516,9.131157,0.717717,-3.544793,4.778183,-6.247209,2.149662,-86.374771,33.139584,-38.339668,67.214363,-40.947620,6.886775,-5.257268,-81.435989,-29.438591,39.685490,67.475967,70.040627,2.984384,-4.858864
649.000000,789.833008,1114.488647,78.428810,-0.619430,-4.116768,86.333490,7.735759,5.598287,12.814775,9.510498,-12.144039,-3.399320,-5.479742,-1.757684,-17.703983,8.783660,0.909113,-3.537412,4.627036,-6.244856,2.219844,-88.207390,33.725113,-39.994976,69.250076,-42.748940,6.537431,-6.861574,-82.434853,-29.652899,40.630169,68.113319,71.332756,2.974722,-3.627452
650.000000,789.813477,1114.502563,78.443565,-0.698369,-4.134036,86.401526,7.747338,5.661561,12.742575,9.517724,-12.144841,-3.408912,-5.319942,-1.661910,-17.704485,8.509300,1.120858,-3.526426,4.275317,-6.219166,2.349320,-90.021133,34.386593,-42.017170,71.486633,-44.693710,6.347201,-8.579043,-83.406174,-29.820747,41.935268,68.570168,72.783058,2.968005,-2.453149
651.000000,789.789185,1114.495361,78.463692,-0.794019,-4.163728,86.431807,7.761580,5.747695,12.688873,9.523452,-12.130406,-3.414511,-5.243949,-1.567067,-17.707294,8.385248,1.374161,-3.518775,3.897969,-6.172468,2.519737,-91.716286,35.033367,-44.026314,73.600372,-46.349106,6.331523,-10.159424,-84.351868,-29.937523,43.339458,68.919502,74.131310,2.958286,-1.410455
652.000000,789.759338,1114.466675,78.484627,-0.881156,-4.256117,86.333582,7.890638,5.833534,12.753405,9.450110,-12.081409,-3.414453,-5.225580,-1.462420,-17.617739,8.421470,1.641259,-3.520849,3.716471,-6.094180,2.786645,-93.194473,35.611687,-45.984592,75.334503,-47.891506,6.346170,-11.516582,-85.363670,-29.939583,44.808605,69.427887,75.469704,2.925810,-0.576816
653.000000,789.726868,1114.425781,78.504028,-0.946001,-4.295401,86.241127,7.944648,5.881952,12.813710,9.405773,-12.041768,-3.405327,-5.291102,-1.408891,-17.539804,8.524061,1.827239,-3.524006,3.625539,-6.027740,2.952388,-94.113670,36.026608,-47.477337,76.365082,-49.171616,6.360555,-12.470189,-86.154572,-29.805794,45.932205,69.895264,76.549271,2.906882,-0.142438
654.000000,789.696533,1114.377075,78.525200,-0.975752,-4.290326,86.159189,7.992313,5.895309,12.877048,9.258916,-11.928814,-3.385225,-5.427563,-1.386065,-17.470005,8.661655,2.055768,-3.523699,3.483781,-5.974906,3.107275,-95.086609,36.572678,-49.431190,77.442848,-50.991940,6.385062,-13.776785,-87.132759,-29.494951,47.382622,70.353981,78.023407,2.891773,0.233755
655.000000,789.674988,1114.320190,78.550072,-0.998427,-4.263840,86.192563,8.026460,5.869940,12.875463,8.986935,-11.736278,-3.364960,-5.529707,-1.388601,-17.489182,8.661193,2.302444,-3.515524,3.296366,-5.972359,3.190114,-95.847672,37.037834,-51.274540,78.379463,-52.671135,6.426633,-15.207256,-87.987663,-29.093729,48.744198,70.654648,79.295822,2.885797,0.569190
656.000000,789.659302,1114.248047,78.570366,-0.988235,-4.210691,86.269283,7.987023,5.820055,12.799025,8.750035,-11.535100,-3.333501,-5.633041,-1.434188,-17.528749,8.641592,2.514060,-3.498909,3.002761,-6.009336,3.271502,-96.514648,37.468399,-52.972412,79.392471,-54.175972,6.541697,-16.779081,-88.817978,-28.618341,49.966114,70.913185,80.260651,2.905063,0.980643
657.000000,789.643677,1114.157471,78.582314,-0.977746,-4.087303,86.482413,7.670068,5.776365,12.623556,8.832399,-11.458862,-3.283217,-5.850479,-1.540485,-17.593468,8.699542,2.643110,-3.457834,2.594239,-6.086566,3.318552,-97.121918,37.958088,-54.405083,80.412201,-55.630569,6.832825,-18.480268,-89.610924,-28.347466,51.143906,70.950127,80.826019,3.048193,1.637876
658.000000,789.625000,1114.062988,78.593094,-0.983044,-3.904630,86.797796,7.133699,5.759358,12.317348,9.165844,-11.478999,-3.220635,-6.087508,-1.669284,-17.762257,8.705022,2.783948,-3.390167,2.125517,-6.161614,3.335766,-97.642555,38.529854,-55.710335,81.165726,-56.797005,7.262097,-20.113365,-90.328697,-28.446665,52.263401,70.887398,81.299294,3.287608,2.575326
659.000000,789.596436,1113.970215,78.603645,-0.984531,-3.818548,86.975837,6.792901,5.737092,12.144910,9.367410,-11.466039,-3.165365,-6.222322,-1.745212,-17.788942,8.644251,2.961550,-3.307933,1.933344,-6.230145,3.459219,-98.051399,39.177448,-56.988228,81.500008,-57.629929,7.660848,-21.634222,-90.906639,-28.999817,53.403046,70.797768,81.857620,3.463709,3.690860
660.000000,789.562012,1113.889526,78.611366,-0.980680,-3.707274,87.045276,6.563891,5.720356,12.095826,9.498051,-11.461420,-3.123163,-6.335098,-1.778897,-17.750277,8.578574,3.106602,-3.253025,1.947504,-6.281626,3.532961,-98.250076,39.745464,-58.036034,81.518005,-58.197144,7.878281,-22.772203,-91.214409,-29.694338,54.410679,70.707253,82.447006,3.507339,4.572661
661.000000,789.524048,1113.792603,78.618431,-1.020076,-3.728662,87.211577,6.287113,5.732161,11.976502,9.777499,-11.508151,-3.067877,-6.322364,-1.793966,-17.806570,8.350699,3.349395,-3.203236,1.988107,-6.339036,3.763353,-98.503937,40.616245,-59.504440,81.366478,-58.848995,8.107280,-24.285198,-91.520836,-30.926094,55.919052,70.542313,83.373421,3.503425,5.844735
662.000000,789.470215,1113.653809,78.618317,-1.088830,-4.016794,87.469613,6.126975,5.786112,11.712364,10.313008,-11.675060,-3.003858,-6.021972,-1.809164,-17.917080,8.128987,3.582666,-3.141602,1.948994,-6.319872,4.442514,-98.802559,41.797119,-60.979435,80.875191,-59.484436,8.221187,-25.802916,-91.870346,-32.439419,57.527061,70.372971,84.117584,3.372446,7.364445
663.000000,789.382629,1113.472900,78.609787,-1.186048,-4.491952,87.857193,6.046637,5.843123,11.310658,11.138869,-11.974850,-2.915118,-5.553200,-1.889194,-17.985615,8.127139,3.717358,-3.023526,1.847889,-6.183185,5.603717,-99.041695,43.405163,-62.649319,79.766418,-60.463707,8.056480,-27.366560,-92.191841,-34.496494,59.603199,69.744011,84.567841,2.825174,9.311740
664.000000,789.265381,1113.276245,78.595367,-1.267628,-4.901694,88.135854,5.896933,5.872880,10.999735,11.990045,-12.282297,-2.807874,-5.276614,-2.005398,-17.910404,8.331032,3.813588,-2.885725,1.861339,-5.966972,6.791897,-99.128448,45.274078,-64.444481,78.193283,-61.271709,7.533216,-28.986998,-92.352463,-36.945145,61.838352,68.907234,84.797104,1.916454,11.623400
665.000000,789.133606,1113.053345,78.571922,-1.303215,-5.137174,88.282242,5.537951,5.863494,10.838416,12.882247,-12.585570,-2.683018,-5.355515,-2.170068,-17.762333,8.747633,3.870230,-2.769284,2.056266,-5.741789,7.898170,-99.204597,47.242851,-66.227684,76.410759,-62.032417,6.782566,-30.576651,-92.430305,-39.655113,64.135468,68.017319,85.014473,0.742052,14.081735
666.000000,789.001038,1112.791382,78.529465,-1.340215,-5.311200,88.504435,5.050049,5.856119,10.662804,13.777598,-12.895215,-2.571285,-5.559395,-2.336416,-17.688858,9.180634,3.846575,-2.665051,2.211176,-5.566864,8.787241,-99.359741,48.758652,-67.541374,74.920570,-62.648460,6.098227,-31.689169,-92.513489,-41.904213,65.918671,67.221542,85.123871,-0.301757,15.882215
667.000000,788.873962,1112.493652,78.462433,-1.381782,-5.652553,88.756847,4.417962,5.869352,10.379605,15.198220,-13.423345,-2.419734,-5.764901,-2.570885,-17.489367,9.939741,3.656062,-2.458519,2.338506,-5.318174,10.284739,-99.752060,51.023338,-69.394730,72.478020,-63.309444,5.022948,-33.007072,-92.785225,-44.965572,68.408661,66.035583,85.136238,-1.924492,18.175747
668.000000,788.774231,1112.199341,78.373550,-1.438497,-5.936736,88.963606,3.746602,5.931019,10.129056,16.750034,-14.026892,-2.303738,-6.036439,-2.772775,-17.184065,10.863540,3.328143,-2.257652,2.369858,-5.125134,11.834312,-100.298431,53.462509,-71.120956,69.575722,-63.579433,3.811749,-34.108063,-93.111870,-47.630959,70.739090,65.176460,85.113541,-3.773572,20.351112
669.000000,788.710999,1111.925293,78.268349,-1.467872,-6.073952,89.043051,2.933243,6.047384,9.996408,18.342579,-14.655861,-2.232623,-6.515510,-2.925234,-16.922171,11.849706,2.951912,-2.168737,2.418249,-5.035443,13.174983,-100.972572,55.712692,-72.492203,66.703514,-63.663658,2.518193,-34.979195,-93.384384,-49.848137,72.826263,64.494194,85.051048,-5.680858,22.294405
670.000000,788.685059,1111.704712,78.164276,-1.450582,-6.054283,89.087251,2.088408,6.128334,9.934192,19.705814,-15.181689,-2.187287,-7.140062,-3.098409,-16.801752,12.802856,2.525171,-2.159258,2.343956,-5.094990,14.162378,-101.630630,57.736309,-73.730698,63.980824,-63.838852,1.075470,-35.528328,-93.655037,-51.331203,74.712738,64.104401,84.793854,-7.556326,24.014441
671.000000,788.680237,1111.535522,78.064987,-1.379865,-6.073686,88.895095,1.510153,6.197092,10.076731,20.728725,-15.604389,-2.178797,-7.732498,-3.188710,-16.354635,13.700637,2.076115,-2.158870,2.367347,-5.238767,14.987480,-102.207069,59.415520,-74.766098,61.459549,-63.978889,-0.498557,-35.791233,-93.880341,-52.393841,76.247993,63.542469,84.251968,-9.334025,25.499367
672.000000,788.682861,1111.422852,77.970711,-1.322516,-6.065419,88.610154,1.058206,6.310476,10.343646,21.630587,-16.024891,-2.192988,-8.274794,-3.164476,-15.673721,14.481894,1.649169,-2.149982,2.441973,-5.341230,15.612919,-102.556656,60.704224,-75.481247,59.314671,-64.091255,-2.138935,-35.911518,-94.144867,-53.116936,77.444168,62.831158,83.537994,-10.970912,26.921717
673.000000,788.691589,1111.344482,77.876114,-1.288849,-6.038246,88.440920,0.590009,6.429621,10.506913,22.533401,-16.453110,-2.216502,-8.714035,-3.120500,-15.075678,15.114112,1.199874,-2.128848,2.363341,-5.386049,16.069609,-102.728973,61.574547,-75.970413,57.673199,-64.338142,-3.688688,-35.947296,-94.589058,-53.378784,78.447693,62.451290,82.809830,-12.505398,28.375458
674.000000,788.708618,1111.283936,77.778831,-1.255880,-6.007567,88.394114,0.099489,6.517183,10.535484,23.436556,-16.872179,-2.235142,-9.075503,-3.107882,-14.548490,15.686408,0.679076,-2.074588,2.196001,-5.406607,16.453098,-102.842422,61.946930,-76.284302,56.456505,-64.942017,-5.034617,-35.879318,-95.210838,-53.369949,79.281639,62.388332,82.210754,-13.930982,29.689230
675.000000,788.736267,1111.239502,77.683029,-1.204899,-5.945149,88.368625,-0.280114,6.565645,10.536973,24.088923,-17.173399,-2.246226,-9.352388,-3.107146,-14.140655,16.104021,0.250517,-2.018263,2.084978,-5.426797,16.690702,-102.895523,61.954021,-76.384323,55.698891,-65.579170,-5.943779,-35.754871,-95.725044,-53.273281,79.720657,62.384880,81.861076,-14.950286,30.519960
676.000000,788.778992,1111.211792,77.587639,-1.113497,-5.853917,88.302144,-0.741630,6.601165,10.574123,24.840141,-17.524969,-2.265244,-9.742933,-3.119081,-13.595204,16.656231,-0.347556,-1.947883,1.985911,-5.487550,16.934803,-102.920113,61.798088,-76.395813,54.736065,-66.418877,-7.079850,-35.553402,-96.397614,-53.029949,80.021248,62.382320,81.420464,-16.237156,31.426647
677.000000,788.828064,1111.196655,77.506790,-1.065579,-5.793820,88.223174,-1.116549,6.660633,10.633668,25.490198,-17.838879,-2.303688,-10.138606,-3.130800,-13.205188,17.273222,-0.898612,-1.924882,1.908515,-5.525797,17.152819,-102.878036,61.569363,-76.297150,53.782940,-67.167099,-8.136621,-35.396992,-97.055977,-52.653194,80.089584,62.369465,80.924866,-17.441511,32.139721
678.000000,788.883667,1111.194458,77.444519,-1.063814,-5.812085,88.138399,-1.336031,6.795513,10.687284,26.015882,-18.099794,-2.369748,-10.489610,-3.117662,-13.082488,17.978550,-1.265401,-1.939930,1.854221,-5.477871,17.413939,-102.726845,61.234562,-75.977287,52.929932,-67.872040,-9.054324,-35.334209,-97.655800,-52.217140,80.096146,62.311615,80.422783,-18.558764,32.712334
679.000000,788.953552,1111.224976,77.386856,-1.038454,-5.802352,87.847424,-1.426499,6.965297,10.891709,26.424149,-18.346703,-2.465680,-10.852522,-3.044584,-12.850042,18.700735,-1.612389,-1.989891,2.004379,-5.441824,17.581478,-102.469582,60.783775,-75.482422,52.118011,-68.418701,-9.858214,-35.318783,-98.094872,-51.756420,80.097069,62.256699,80.074501,-19.527222,33.278885
680.000000,789.041016,1111.288330,77.339424,-1.050627,-5.814414,87.331644,-1.371797,7.266379,11.353983,26.734772,-18.621225,-2.602256,-11.149097,-2.766414,-12.420444,19.182859,-1.835295,-2.095641,2.472088,-5.380198,17.628092,-102.112045,60.419228,-74.904137,51.184990,-68.758095,-10.612085,-35.353016,-98.327797,-51.240234,80.097656,62.256413,79.946312,-20.327471,33.900715
681.000000,789.150269,1111.375366,77.296074,-1.127475,-5.848479,86.898787,-1.276598,7.652500,11.736889,27.072186,-18.929605,-2.768100,-11.270697,-2.387820,-12.078961,19.458305,-2.008135,-2.212934,2.941646,-5.277616,17.633858,-101.543198,60.244007,-74.139229,50.126728,-69.256294,-11.453799,-35.578941,-98.316994,-50.756062,80.102089,62.257217,79.875114,-21.048437,34.620651
682.000000,789.282471,1111.467896,77.243896,-1.200497,-5.790774,86.703626,-1.381719,7.984487,11.862815,27.504543,-19.237572,-2.940010,-11.487131,-2.126367,-11.963093,19.886118,-2.302346,-2.338556,3.213752,-5.229706,17.535059,-100.867050,60.265766,-73.285187,49.026699,-70.003181,-12.310112,-36.010666,-98.129875,-50.411510,80.103767,62.192482,79.690407,-21.620554,35.376213
683.000000,789.414001,1111.555664,77.178894,-1.271741,-5.678169,86.675553,-1.666281,8.260018,11.804424,28.049276,-19.570276,-3.093116,-11.839592,-1.973711,-11.959485,20.529102,-2.709492,-2.438878,3.379905,-5.175913,17.395302,-100.140388,60.478683,-72.476143,47.864094,-70.985458,-13.162041,-36.539700,-97.838799,-50.333912,80.099533,61.927505,79.496506,-21.989515,36.102089
684.000000,789.539978,1111.669312,77.123222,-1.319489,-5.476104,86.548032,-1.943448,8.513924,11.834685,28.468662,-19.866796,-3.241196,-12.246458,-1.805139,-11.866647,21.088140,-3.062690,-2.530774,3.728954,-5.069994,17.125116,-99.281883,60.793674,-71.841980,46.744316,-71.934509,-14.068086,-37.178516,-97.253983,-50.620449,79.986275,61.354301,79.427902,-22.250715,36.818722
685.000000,789.652527,1111.806152,77.090851,-1.375918,-5.191425,86.425414,-2.164444,8.697986,11.886239,28.669334,-20.037607,-3.345256,-12.538334,-1.656608,-11.803533,21.320353,-3.242922,-2.599348,4.130083,-4.945543,16.792160,-98.582352,61.015579,-71.556114,46.059093,-72.544868,-14.720831,-37.821121,-96.526642,-51.206711,79.815788,60.642929,79.428276,-22.389109,37.403538
686.000000,789.755249,1111.950073,77.076492,-1.421959,-4.987735,86.393434,-2.355316,8.884958,11.883616,28.816593,-20.201040,-3.459675,-12.779308,-1.508550,-11.799045,21.520599,-3.456229,-2.667310,4.715054,-4.742894,16.415491,-97.755493,61.279770,-71.399696,45.489540,-73.124748,-15.392705,-38.829006,-95.353508,-52.426445,79.566185,59.470291,79.443863,-22.462112,38.240971
687.000000,789.848206,1112.101440,77.075455,-1.450025,-4.663357,86.509150,-2.589076,8.973939,11.763941,28.841490,-20.275789,-3.545462,-13.019747,-1.453704,-11.886366,21.660141,-3.649843,-2.704403,5.247823,-4.575341,15.952252,-97.017220,61.532433,-71.369514,45.284172,-73.449509,-15.772847,-39.905376,-93.929230,-53.909370,79.306152,58.369858,79.562675,-22.471933,39.148056
688.000000,789.934631,1112.271118,77.086380,-1.454563,-4.186242,86.714704,-3.003785,8.977623,11.533208,28.785500,-20.278717,-3.610306,-13.396289,-1.489484,-12.064703,21.768734,-3.828337,-2.722479,5.724633,-4.482915,15.225061,-96.337082,61.628765,-71.428619,45.556248,-73.674805,-15.864526,-40.975220,-92.108192,-55.512821,78.897675,57.547428,79.974670,-22.377012,39.978001
689.000000,790.013916,1112.459229,77.117569,-1.399559,-3.751319,86.856333,-3.282767,8.900979,11.382328,28.472338,-20.173925,-3.673319,-13.754690,-1.564681,-12.170734,21.828627,-3.986025,-2.727516,6.149511,-4.502528,14.387253,-95.625244,61.833920,-71.562500,46.078617,-73.712952,-15.843221,-41.888371,-90.093330,-57.072529,78.384338,56.771790,80.494041,-22.044193,40.471848
690.000000,790.093445,1112.691406,77.182350,-1.228457,-3.265680,86.877207,-3.287459,8.693419,11.437097,27.712578,-19.877363,-3.731982,-14.081073,-1.690008,-12.111634,21.806210,-4.103893,-2.727110,6.615954,-4.689667,13.385180,-94.742332,61.985191,-71.654129,46.871037,-73.734413,-15.652449,-42.617435,-87.997223,-58.405087,77.822807,56.165958,80.988258,-21.399303,40.686047
691.000000,790.160339,1112.951172,77.273682,-1.148983,-2.813990,87.053975,-3.216025,8.491965,11.379672,26.778740,-19.491026,-3.796519,-14.181275,-1.789004,-12.194978,21.445101,-4.104483,-2.720974,6.873067,-4.843117,12.199652,-93.683571,61.963547,-71.741943,47.911949,-73.637756,-15.283970,-43.010414,-85.960251,-59.468445,77.249519,55.752796,81.343117,-20.507343,40.696796
692.000000,790.217468,1113.226074,77.376572,-1.065956,-2.368786,87.147382,-3.024343,8.303848,11.383810,25.696421,-19.050997,-3.858316,-14.184872,-1.835025,-12.226940,20.930237,-4.022552,-2.709332,7.029760,-4.996408,10.889983,-92.562599,61.875698,-71.891457,48.958248,-73.434486,-14.675162,-43.084785,-84.183022,-60.134594,76.758797,55.431557,81.872711,-19.400669,40.464779
693.000000,790.267639,1113.501221,77.487007,-0.938395,-2.139492,87.024931,-2.419658,8.101330,11.630174,24.358013,-18.542995,-3.921426,-13.991577,-1.821324,-12.045487,20.373384,-3.906802,-2.695405,7.224767,-5.187039,9.678349,-91.433228,61.595905,-71.974098,50.079163,-72.933517,-13.873240,-42.872097,-82.873779,-60.304569,76.479713,54.955166,82.505211,-18.123102,39.660740
694.000000,790.313904,1113.781250,77.594498,-0.862106,-1.879521,87.065898,-1.875237,7.912981,11.740731,23.065125,-18.031281,-3.984497,-13.727302,-1.825640,-12.027970,19.739748,-3.793972,-2.675313,7.075784,-5.364881,8.254164,-90.234421,60.863628,-71.842560,51.358364,-71.717506,-12.858873,-42.187641,-82.015549,-59.600105,76.225128,54.678982,82.847359,-16.717194,38.403118
695.000000,790.351746,1114.030396,77.704758,-0.839017,-1.832221,87.264170,-1.345293,7.770360,11.693810,22.062965,-17.616621,-4.027625,-13.299202,-1.843336,-12.152936,19.148895,-3.685765,-2.653014,6.770722,-5.449938,7.235613,-89.326508,59.839611,-71.464432,52.467777,-70.308624,-11.945189,-41.290016,-81.665627,-58.353466,75.882042,54.926590,82.952690,-15.613451,37.195992
696.000000,790.381592,1114.234741,77.811897,-0.809947,-2.021554,87.479936,-0.438927,7.577376,11.592798,20.716898,-17.050167,-4.069700,-12.534783,-1.872946,-12.351669,18.386007,-3.526685,-2.622385,6.425515,-5.495418,6.067472,-88.147728,57.691673,-70.553642,54.149414,-68.171646,-10.656245,-39.597073,-81.564270,-56.021877,75.310005,55.806496,82.965797,-14.178697,35.195953
697.000000,790.406921,1114.384277,77.909592,-0.753939,-2.432377,87.503861,0.779633,7.370747,11.631897,19.258354,-16.430481,-4.114522,-11.681506,-1.916863,-12.482144,17.842245,-3.364206,-2.601550,6.322785,-5.531443,5.163158,-87.098709,54.729496,-69.358536,55.946541,-65.932899,-9.318398,-37.332428,-81.796089,-52.977013,74.653694,57.228336,82.959183,-12.830624,32.720356
698.000000,790.434814,1114.467285,77.996887,-0.737391,-3.084053,87.500854,2.248669,7.241257,11.802460,17.852859,-15.844291,-4.169315,-10.658387,-1.869636,-12.489268,17.358355,-3.142095,-2.573411,6.398294,-5.509274,4.610768,-86.217430,51.165852,-67.770088,57.806789,-63.261856,-7.956964,-34.630852,-82.356544,-49.008526,73.791519,59.646755,82.664207,-11.561829,29.911930
699.000000,790.475830,1114.482788,78.073425,-0.733160,-3.843044,87.647925,3.741529,7.120567,11.806870,16.518276,-15.235904,-4.213764,-9.446869,-1.831745,-12.587953,16.773249,-2.898177,-2.532868,6.331003,-5.518827,4.337595,-85.545181,46.840355,-65.486580,60.036800,-59.974174,-6.548139,-31.576553,-83.066872,-44.175194,72.189774,62.905853,81.664040,-10.263431,26.683598
700.000000,790.523987,1114.434326,78.138741,-0.726288,-4.550690,87.836541,5.054524,7.005320,11.736204,15.336866,-14.650079,-4.234554,-8.342172,-1.827504,-12.756701,16.256248,-2.644285,-2.494756,6.262959,-5.579616,4.237008,-84.955513,41.759216,-62.074574,62.431587,-55.956409,-5.153621,-27.871546,-83.817673,-38.779675,69.386185,66.595520,79.822823,-8.944422,22.999079
701.000000,790.586792,1114.328003,78.188721,-0.616258,-5.040869,87.911958,6.077971,6.820235,11.766176,14.171016,-14.019472,-4.241107,-7.615262,-1.875297,-12.809119,15.841320,-2.408745,-2.479526,6.388824,-5.788459,4.182809,-84.525673,36.317135,-58.072411,64.646736,-51.884945,-4.002911,-23.961975,-84.764053,-33.226727,65.906906,70.482216,77.504097,-7.791398,19.300350
702.000000,790.665161,1114.161621,78.216164,-0.493078,-5.380388,88.038481,6.678096,6.642437,11.735823,13.354743,-13.501211,-4.237118,-7.101775,-1.937459,-12.816939,15.374206,-2.214797,-2.472242,6.512655,-6.101826,4.273623,-84.468613,30.686720,-54.022903,66.993050,-48.249371,-3.158839,-20.163006,-86.194077,-27.688051,62.328060,74.591095,74.877457,-6.717334,15.748993
703.000000,790.745605,1113.947388,78.214493,-0.352977,-5.780904,88.127877,6.998503,6.534872,11.710434,13.046949,-13.247489,-4.229349,-6.730016,-1.989068,-12.812027,15.069914,-2.141270,-2.476425,6.633981,-6.346281,4.599529,-84.737709,26.557831,-51.224564,68.894432,-45.769382,-2.715636,-17.478416,-87.585899,-23.789595,59.784977,77.580681,72.755363,-5.930575,13.230904
704.000000,790.825806,1113.723999,78.201057,-0.211047,-6.083009,88.252939,7.229087,6.404070,11.644282,12.937327,-13.041597,-4.216792,-6.310198,-2.087724,-12.857675,14.723192,-2.120491,-2.507239,6.741065,-6.675096,5.156971,-85.349365,21.447048,-48.024616,71.532883,-42.609074,-2.255279,-14.126722,-89.607422,-19.064352,56.679825,81.236115,69.919136,-4.928771,10.142347
705.000000,790.886719,1113.533936,78.212013,-0.155092,-6.142331,88.356421,7.171021,6.354065,11.540176,12.888411,-12.845792,-4.206211,-6.112318,-2.109797,-12.962345,14.284011,-1.885822,-2.606682,6.762609,-6.903880,5.476990,-85.903099,16.969061,-45.568825,73.905518,-39.645889,-1.767464,-11.003954,-91.529350,-14.882355,54.073029,84.595627,67.405640,-4.029549,7.417719
706.000000,790.925903,1113.383057,78.237183,-0.134216,-6.020897,88.444975,6.937138,6.336152,11.459393,12.770231,-12.616091,-4.186003,-6.087168,-2.076024,-13.058237,13.720910,-1.483087,-2.658225,6.816707,-7.035553,5.525775,-86.236664,13.189760,-43.824715,75.769394,-37.094242,-1.132470,-8.243353,-93.227585,-11.344433,52.098064,87.672523,65.216385,-3.142892,4.971932
707.000000,790.943909,1113.249268,78.262581,-0.117822,-5.842708,88.510595,6.629303,6.313756,11.393130,12.672918,-12.408524,-4.157030,-6.118841,-2.039248,-13.136021,13.125135,-1.064581,-2.700301,6.927468,-7.085321,5.470219,-86.368950,10.174123,-42.431744,77.155052,-34.881847,-0.409757,-5.899425,-94.620651,-8.645196,50.538654,90.298378,63.445297,-2.255440,2.788455
708.000000,790.947754,1113.129028,78.280701,-0.101128,-5.779500,88.518091,6.447996,6.288486,11.385437,12.589735,-12.242276,-4.132371,-6.086277,-2.001506,-13.158087,12.614279,-0.704810,-2.740384,7.037990,-7.075552,5.439797,-86.304565,8.306417,-40.692959,78.868492,-33.406155,0.422052,-3.699757,-95.665588,-7.074744,49.407333,92.897087,62.224548,-1.529755,1.307409
709.000000,790.942688,1113.025146,78.291985,-0.079706,-5.715513,88.520252,6.287888,6.256930,11.385813,12.563723,-12.125250,-4.108589,-6.085835,-1.987614,-13.164474,12.258629,-0.430189,-2.774881,7.176184,-7.030619,5.369583,-86.104324,7.266055,-39.725700,80.093666,-32.017075,1.306837,-1.452424,-96.221512,-6.188688,48.755192,94.832123,61.575375,-0.944539,-0.921010
710.000000,790.932251,1112.938354,78.300034,-0.064621,-5.600155,88.578621,6.034752,6.223278,11.334993,12.625684,-12.053352,-4.078557,-6.162895,-2.005211,-13.213862,12.005125,-0.212575,-2.802326,7.301870,-6.972966,5.195173,-85.789490,6.764028,-39.222122,80.758751,-31.053043,2.196191,0.706048,-96.359581,-5.745662,48.468678,96.360405,61.387012,-0.543780,-3.491488
711.000000,790.913940,1112.856445,78.304893,-0.065082,-5.483860,88.648463,5.715425,6.203299,11.253642,12.788956,-12.032338,-4.045170,-6.262497,-2.027080,-13.286434,11.780607,-0.006554,-2.819875,7.403912,-6.891232,4.986616,-85.473465,6.629548,-38.830925,81.006149,-30.380550,3.067513,2.760360,-96.199921,-5.614929,48.256966,97.519051,61.355988,-0.254247,-6.136686
712.000000,790.889465,1112.807251,78.315399,-0.074242,-5.049521,88.750476,5.071723,6.189007,11.142842,13.016842,-12.027546,-4.004728,-6.622530,-2.046453,-13.378885,11.502004,0.245795,-2.829679,7.390193,-6.843019,4.379187,-85.109619,6.735887,-38.220394,80.968575,-29.860514,3.876925,4.618068,-95.623833,-5.720171,47.708004,98.045944,61.022594,-0.040094,-8.744056
713.000000,790.862000,1112.763550,78.329887,-0.062257,-4.705865,88.791179,4.574630,6.141012,11.093659,13.054289,-11.948444,-3.949397,-6.922547,-2.062342,-13.417047,11.168136,0.516335,-2.825141,7.264862,-6.830209,3.768362,-84.833557,7.247857,-37.736813,80.738800,-29.672827,4.509264,6.013350,-94.738770,-6.065112,46.922634,97.798676,60.505104,0.111475,-11.024521
714.000000,790.831238,1112.729126,78.343735,-0.037621,-4.440520,88.742319,4.283041,6.077218,11.131212,12.968049,-11.843131,-3.896638,-7.136465,-2.066221,-13.376784,10.871758,0.757923,-2.813887,7.149936,-6.820486,3.238534,-84.682648,8.180452,-37.711105,80.341866,-29.750639,4.974111,6.844623,-93.609421,-6.588467,46.448158,97.123009,60.173279,0.169048,-12.831633
715.000000,790.801697,1112.720825,78.361092,0.004764,-4.324602,88.576219,4.333628,5.994748,11.297296,12.611429,-11.656064,-3.870470,-7.203977,-2.045118,-13.233507,10.608452,0.956812,-2.805754,7.150721,-6.804510,2.792924,-84.542259,9.478850,-37.910919,79.776169,-30.327169,5.227615,7.092533,-92.215164,-7.349311,46.177559,96.093834,60.071033,0.194281,-14.121775
716.000000,790.782471,1112.742676,78.375290,0.037668,-4.238019,88.481737,4.418970,5.937652,11.395672,12.333335,-11.526991,-3.861242,-7.236702,-2.041960,-13.160856,10.498619,1.030651,-2.800957,7.024160,-6.815683,2.390114,-84.342949,10.813071,-38.202423,79.271591,-31.180441,5.281259,6.929809,-90.889740,-8.130533,46.014668,94.860382,60.056702,0.243865,-14.766649
717.000000,790.769836,1112.752197,78.386177,0.022067,-4.425761,88.504926,4.673244,5.895931,11.403056,12.072475,-11.418185,-3.852851,-7.023756,-2.038635,-13.187216,10.335249,1.093047,-2.788711,6.597911,-6.808731,2.056947,-84.037430,13.177344,-38.900200,78.606529,-32.688869,5.198577,6.081740,-88.834084,-9.559104,45.972977,92.514160,60.037647,0.287878,-15.125742
718.000000,790.759888,1112.729004,78.391640,-0.026725,-4.700335,88.662483,4.959429,5.902624,11.266250,12.049181,-11.409298,-3.844581,-6.583804,-2.021118,-13.321639,10.105694,1.174811,-2.770245,5.812917,-6.770115,1.984094,-83.714737,16.537947,-40.022156,78.113571,-34.678757,4.949251,4.258408,-86.463699,-11.617921,45.980606,89.377907,60.029507,0.277308,-14.634485
719.000000,790.751587,1112.639771,78.391068,-0.072941,-5.213915,89.021173,5.265967,5.888597,10.925071,12.170628,-11.419574,-3.832310,-6.001325,-2.080174,-13.626514,9.955048,1.213910,-2.750576,4.621337,-6.725277,2.303269,-83.212914,21.316137,-41.718147,77.293182,-37.138588,4.597138,1.593481,-83.798782,-14.622829,46.417461,85.483315,60.048935,0.180299,-13.069368
720.000000,790.735168,1112.511719,78.382446,-0.111495,-5.793087,89.427179,5.606653,5.842427,10.466287,12.416593,-11.461133,-3.799631,-5.354731,-2.231854,-14.043967,9.998595,1.155123,-2.716043,3.287913,-6.704431,3.081193,-82.537102,27.238121,-43.916248,76.064407,-39.941368,4.165695,-1.346091,-81.035858,-18.768259,47.896328,81.335686,60.177086,-0.047370,-10.703969
721.000000,790.694885,1112.379761,78.363365,-0.157421,-6.069854,89.635063,5.607069,5.841881,10.177238,12.895835,-11.634686,-3.737685,-5.036223,-2.327689,-14.295795,10.057876,1.157223,-2.666705,2.344455,-6.630167,3.831004,-81.589478,33.595222,-46.179520,74.422005,-43.143929,3.770009,-4.051040,-78.231354,-23.974882,49.825718,77.235413,60.777390,-0.426705,-8.222467
722.000000,790.633728,1112.217529,78.335190,-0.212959,-6.174508,89.773849,5.210883,5.893290,10.015716,13.703416,-11.955623,-3.664058,-5.037146,-2.379884,-14.434798,10.127644,1.240053,-2.634495,1.834869,-6.480520,4.730577,-80.750267,40.068954,-48.802570,72.477570,-46.319950,3.573550,-6.499907,-75.598618,-30.185114,51.853504,73.275162,62.082912,-0.860480,-5.766121
723.000000,790.552551,1112.002686,78.300514,-0.268065,-6.455215,89.939238,4.868849,5.921308,9.814246,14.581902,-12.286531,-3.571808,-4.939031,-2.469486,-14.611279,10.217338,1.330989,-2.602031,1.655074,-6.286081,6.224906,-80.422447,46.088692,-52.344269,70.120155,-49.032753,3.465712,-8.547872,-73.516846,-36.913254,54.140358,69.643127,63.507538,-1.288000,-3.436501
724.000000,790.455383,1111.767578,78.261986,-0.292953,-6.740000,90.028557,4.597208,5.911429,9.697161,15.386558,-12.578119,-3.463721,-4.883781,-2.593582,-14.723302,10.407922,1.394590,-2.560277,1.869384,-6.017823,8.004612,-80.452972,51.308681,-56.543312,67.303993,-51.612942,3.124390,-10.341187,-72.014648,-43.620953,56.755688,66.519073,65.180054,-1.861951,-1.265661
725.000000,790.366516,1111.543213,78.220871,-0.292365,-6.850374,90.085579,4.158783,5.885140,9.637441,16.174448,-12.839780,-3.365373,-5.084460,-2.745570,-14.785610,10.731624,1.411500,-2.526229,2.230365,-5.721745,9.595537,-80.785942,55.475834,-61.042641,64.413383,-54.183987,2.501494,-12.133414,-71.087341,-49.580151,59.437122,64.033440,67.238708,-2.620730,0.789717
726.000000,790.303162,1111.349976,78.180122,-0.275280,-6.712705,90.137592,3.479614,5.864962,9.591045,16.928852,-13.062330,-3.293703,-5.578837,-2.900201,-14.828777,11.133876,1.387052,-2.501183,2.481851,-5.481184,10.655136,-81.368942,58.402370,-65.480652,61.912506,-56.411995,1.689985,-14.101785,-70.638519,-54.211124,62.065418,62.068501,69.302773,-3.651346,2.781620
727.000000,790.272461,1111.209717,78.146103,-0.199030,-6.443304,89.986862,2.989337,5.843544,9.691829,17.316595,-13.158972,-3.261546,-6.106681,-2.993398,-14.720157,11.500776,1.339686,-2.486182,2.657037,-5.375442,11.095693,-81.849861,59.835453,-68.642029,60.346130,-57.728348,0.930011,-15.734986,-70.586235,-56.762241,64.168633,60.783440,70.775551,-4.707556,4.379743
728.000000,790.274597,1111.103394,78.111404,-0.089072,-6.201203,89.594953,2.517051,5.843608,10.033585,17.643267,-13.245831,-3.244792,-6.836740,-3.036804,-14.365506,12.014607,1.261297,-2.478061,2.987284,-5.314457,11.392176,-82.459534,60.764660,-72.395729,58.691463,-58.936626,-0.253503,-18.055933,-70.793076,-59.095299,67.134155,59.210365,72.579597,-6.514222,6.786668
729.000000,790.308899,1110.987183,78.065964,-0.007189,-6.079193,89.240445,2.148260,5.918318,10.406023,18.070225,-13.399058,-3.246326,-7.450660,-3.003811,-13.975930,12.539605,1.159773,-2.491870,3.308347,-5.314415,11.643274,-83.063866,60.820412,-75.385323,57.388996,-59.596943,-1.526252,-20.505028,-71.313416,-60.381172,69.981827,57.877846,74.166016,-8.541454,9.538137
730.000000,790.358337,1110.820557,78.011353,0.057691,-6.188300,88.918213,1.909962,6.025498,10.677782,18.621613,-13.588929,-3.259767,-7.835336,-2.958143,-13.657769,13.065601,1.051965,-2.538582,3.332149,-5.353228,12.184361,-83.543228,60.579205,-77.373688,56.306190,-60.045105,-2.948550,-23.042976,-72.247192,-60.663067,72.264641,56.779907,75.596039,-10.596452,12.534780
731.000000,790.407104,1110.607300,77.941551,0.099195,-6.320661,88.619516,1.627241,6.182298,10.927649,19.364964,-13.854586,-3.281538,-8.189466,-2.873926,-13.334920,13.604869,0.971607,-2.632547,3.355140,-5.367897,12.953939,-83.991959,59.963505,-78.466866,55.488747,-60.366451,-4.474967,-25.526440,-73.305321,-60.444542,73.952927,55.927612,76.648155,-12.787567,15.723698
732.000000,790.451233,1110.355713,77.857185,0.127300,-6.409831,88.456416,1.109680,6.337548,11.020637,20.342810,-14.186063,-3.294557,-8.656331,-2.848140,-13.152363,14.258045,0.848821,-2.758427,3.312843,-5.366871,13.819204,-84.442993,59.054146,-78.811310,54.848694,-60.649502,-6.018234,-27.985554,-74.355316,-59.867596,75.040405,55.638855,76.854645,-15.002355,18.998432
733.000000,790.492065,1110.110474,77.772919,0.165273,-6.309914,88.323480,0.384717,6.463649,11.063534,21.299290,-14.477599,-3.301230,-9.317633,-2.861306,-13.024316,14.916647,0.744201,-2.895280,3.342712,-5.376058,14.526741,-84.876740,57.804386,-78.802582,54.379009,-60.938793,-7.525185,-30.262743,-75.118057,-59.173176,75.620461,55.590851,76.663368,-16.984474,21.973463
734.000000,790.531250,1109.890503,77.692772,0.214615,-6.010870,88.125133,-0.497006,6.586785,11.167553,22.164303,-14.726378,-3.307766,-10.178968,-2.850147,-12.842564,15.505584,0.697025,-3.032608,3.547664,-5.377957,14.983508,-85.208694,56.403664,-78.462608,53.906761,-61.074116,-8.870151,-32.388729,-75.546921,-58.527985,75.809837,55.585968,76.185165,-18.562824,24.642204
735.000000,790.569824,1109.709473,77.619690,0.268387,-5.641858,87.840103,-1.362794,6.722016,11.357534,22.912479,-14.948112,-3.314835,-11.077937,-2.790040,-12.591037,15.995636,0.692529,-3.160213,3.952863,-5.348817,15.315931,-85.418884,55.036720,-77.827751,53.284813,-61.265945,-10.010824,-34.383636,-75.723671,-58.053185,75.831841,55.517090,75.743912,-19.709955,27.085917
736.000000,790.603760,1109.569214,77.544662,0.244380,-5.281170,87.604557,-2.043354,6.879271,11.459208,23.552860,-15.170394,-3.323387,-11.701556,-2.696098,-12.447192,16.294220,0.699521,-3.248780,4.273146,-5.250585,15.520666,-85.498558,54.180241,-77.285782,52.602592,-61.628922,-10.763349,-35.807949,-75.755997,-57.832478,75.839294,55.338318,75.594566,-20.290493,28.758650
737.000000,790.632935,1109.461792,77.460541,0.168605,-4.952049,87.383949,-2.928332,7.155844,11.544352,24.522438,-15.552605,-3.344283,-12.447064,-2.522222,-12.299842,16.701000,0.673496,-3.363229,4.646556,-5.025805,15.800518,-85.555931,53.398445,-76.571983,51.512997,-62.369713,-11.680779,-37.644756,-75.767418,-57.632198,75.843346,54.926647,75.572205,-20.786873,30.732800
738.000000,790.662537,1109.388672,77.377151,0.106440,-4.675967,87.140049,-3.698366,7.435037,11.640142,25.444553,-15.951044,-3.376997,-13.145169,-2.343682,-12.137368,17.183352,0.578384,-3.477534,5.030270,-4.766924,16.067612,-85.608772,52.872845,-75.911270,50.541046,-63.253777,-12.560331,-39.443455,-75.734131,-57.522198,75.848137,54.447605,75.567474,-21.113108,32.521175
739.000000,790.697632,1109.351562,77.297676,0.053443,-4.417787,86.936358,-4.346496,7.668603,11.710027,26.232502,-16.312519,-3.415299,-13.794513,-2.200802,-11.989947,17.719135,0.415915,-3.581344,5.404589,-4.527267,16.272503,-85.678391,52.487171,-75.326576,49.865982,-64.128197,-13.388695,-41.148506,-75.611397,-57.469872,75.852364,54.048588,75.550743,-21.355410,34.136978
740.000000,790.738525,1109.349976,77.219040,-0.000395,-4.184369,86.767848,-4.927594,7.887388,11.729275,26.978230,-16.682470,-3.467170,-14.415273,-2.079195,-11.877667,18.343288,0.164292,-3.674238,5.759143,-4.292624,16.397715,-85.755325,52.283661,-74.814545,49.401680,-64.937363,-14.147914,-42.718742,-75.403816,-57.493797,75.853828,53.707104,75.511307,-21.532234,35.560844
741.000000,790.783997,1109.371704,77.127838,-0.048407,-4.081979,86.569604,-5.356887,8.117227,11.765723,27.754332,-17.112644,-3.540260,-14.968603,-1.959581,-11.733945,19.144594,-0.212918,-3.763775,6.190544,-4.050235,16.562168,-85.842194,52.195713,-74.308937,49.143211,-65.773399,-14.854301,-44.214897,-75.161491,-57.612709,75.850548,53.456535,75.464874,-21.665688,36.867161
742.000000,790.825378,1109.413086,77.025452,-0.163985,-4.152080,86.466397,-5.636830,8.403082,11.704541,28.665787,-17.650585,-3.635988,-15.314856,-1.822571,-11.675532,20.041901,-0.703799,-3.845831,6.601048,-3.725441,16.819935,-85.915207,52.108253,-73.809410,49.077816,-66.540222,-15.547890,-45.518124,-74.876770,-57.779381,75.832970,53.275913,75.448410,-21.790672,37.943260
743.000000,790.866638,1109.479370,76.912308,-0.288220,-4.296620,86.416297,-5.789747,8.623748,11.611617,29.392389,-18.097645,-3.714450,-15.516335,-1.734577,-11.671781,20.802614,-1.151724,-3.897547,6.884647,-3.466493,16.996601,-85.937721,52.035152,-73.478790,49.071312,-67.075333,-16.051725,-46.367561,-74.599892,-57.911797,75.780891,53.115635,75.440727,-21.887983,38.586639
744.000000,790.906738,1109.571533,76.795731,-0.434827,-4.560568,86.389194,-5.849239,8.915758,11.465899,30.334261,-18.715166,-3.835679,-15.662345,-1.625085,-11.683846,21.861376,-1.812528,-3.958348,7.260724,-3.106034,17.247984,-85.904884,51.922436,-73.108978,49.069202,-67.883034,-16.751379,-47.450020,-74.161018,-58.072819,75.670677,52.863358,75.437485,-22.045267,39.342861
745.000000,790.944458,1109.686523,76.689972,-0.563565,-4.833862,86.387541,-5.786153,9.189665,11.319314,31.166294,-19.303999,-3.961607,-15.692997,-1.519197,-11.707063,22.844597,-2.465933,-4.006997,7.622073,-2.739727,17.424524,-85.702095,51.717949,-72.794975,49.119621,-68.738304,-17.498035,-48.488140,-73.665298,-58.127674,75.567329,52.673393,75.439278,-22.245378,40.033112
746.000000,790.981140,1109.806519,76.592583,-0.645421,-5.032696,86.432457,-5.738916,9.370974,11.156415,31.859644,-19.814175,-4.064636,-15.773093,-1.497849,-11.750678,23.818577,-3.121470,-4.034929,7.977479,-2.440601,17.469715,-85.356178,51.322327,-72.460571,49.249950,-69.547760,-18.248653,-49.534561,-73.071709,-58.133179,75.416908,52.531654,75.442604,-22.483711,40.731052
747.000000,791.018066,1109.912964,76.487854,-0.704683,-5.150482,86.541918,-5.836967,9.493309,10.947644,32.561443,-20.296906,-4.150651,-15.992431,-1.550423,-11.825918,24.855812,-3.794624,-4.054140,8.328609,-2.182321,17.448717,-84.966591,50.788006,-72.060478,49.340878,-70.327034,-18.971386,-50.649635,-72.467529,-58.153320,75.190842,52.394913,75.455421,-22.723595,41.502800
748.000000,791.063965,1110.003418,76.384369,-0.704208,-5.204518,86.585315,-5.971141,9.570932,10.814204,33.172718,-20.714390,-4.226893,-16.309572,-1.626207,-11.829351,25.873745,-4.426303,-4.068809,8.772308,-2.004796,17.444115,-84.629738,50.191452,-71.620461,49.358418,-70.873581,-19.641037,-51.769085,-71.859665,-58.269005,74.898987,52.064919,75.590065,-22.905575,42.237175
749.000000,791.122498,1110.081421,76.285591,-0.686768,-5.184669,86.590567,-6.165237,9.646525,10.731657,33.719872,-21.079544,-4.299670,-16.694080,-1.676296,-11.783761,26.789492,-4.976516,-4.087605,9.276230,-1.895117,17.427727,-84.355270,49.550953,-71.163277,49.363560,-71.177055,-20.247112,-52.891483,-71.257401,-58.429695,74.571289,51.582153,75.804771,-23.040707,42.959538
750.000000,791.187134,1110.144043,76.195450,-0.681317,-5.154703,86.611296,-6.330084,9.712112,10.657276,34.114941,-21.331932,-4.358368,-16.967419,-1.697251,-11.762958,27.400230,-5.343412,-4.111339,9.616275,-1.831857,17.443272,-84.186035,49.047348,-70.828262,49.423576,-71.294075,-20.687078,-53.735703,-70.866905,-58.474979,74.307266,51.278606,75.936157,-23.128973,43.516300
751.000000,791.255981,1110.197388,76.108536,-0.678496,-5.157499,86.636808,-6.516376,9.800569,10.550164,34.604088,-21.637709,-4.440789,-17.267464,-1.714447,-11.749871,28.125984,-5.783963,-4.154592,10.022354,-1.748385,17.538372,-84.006744,48.295959,-70.438545,49.657444,-71.395576,-21.254959,-54.823658,-70.452545,-58.455051,73.977859,50.984921,76.101074,-23.242142,44.239922
752.000000,791.326355,1110.248291,76.026802,-0.653707,-5.141471,86.700335,-6.691723,9.857756,10.431669,35.044117,-21.905149,-4.520101,-17.551113,-1.756978,-11.748775,28.818977,-6.207084,-4.199071,10.358383,-1.688382,17.659849,-83.811714,47.452137,-70.154442,50.032619,-71.621758,-21.783411,-55.849506,-70.146187,-58.324226,73.729042,50.780071,76.293274,-23.345518,44.906624
753.000000,791.399292,1110.299927,75.950783,-0.575074,-5.096926,86.868882,-6.896642,9.811055,10.250522,35.397106,-22.103382,-4.585917,-17.870501,-1.911260,-11.799334,29.551291,-6.659208,-4.229886,10.529624,-1.709196,17.764229,-83.553902,46.587044,-69.968109,50.440899,-71.962357,-22.263563,-56.779823,-69.904205,-58.080456,73.521942,50.604042,76.464958,-23.465921,45.513680
754.000000,791.464355,1110.355225,75.886360,-0.457511,-5.061038,87.063258,-7.070639,9.667004,10.039765,35.654655,-22.244776,-4.634366,-18.182657,-2.165247,-11.871701,30.314905,-7.135790,-4.241605,10.570268,-1.777430,17.873970,-83.178207,45.690838,-69.814957,50.906490,-72.232109,-22.740812,-57.599312,-69.722687,-57.675789,73.377487,50.577034,76.587357,-23.629686,46.081657
755.000000,791.516724,1110.429077,75.829788,-0.368095,-4.974111,87.227476,-7.249984,9.551093,9.883456,35.875515,-22.379204,-4.674511,-18.484493,-2.373109,-11.906166,30.955847,-7.543270,-4.239427,10.578815,-1.802446,17.870708,-82.565689,44.828098,-69.647179,51.364754,-72.270813,-23.253033,-58.355331,-69.508423,-57.155655,73.252106,50.563347,76.584145,-23.812979,46.568932
756.000000,791.554077,1110.509277,75.780830,-0.327784,-4.852182,87.320947,-7.454567,9.517157,9.782927,36.112663,-22.536064,-4.712425,-18.770323,-2.486438,-11.914199,31.452467,-7.864574,-4.232402,10.615127,-1.757306,17.781473,-81.834793,43.973339,-69.532463,51.831730,-72.271034,-23.665586,-59.109131,-69.252029,-56.621647,73.157158,50.551701,76.569084,-24.002441,47.031944
757.000000,791.583801,1110.589722,75.735222,-0.300790,-4.697030,87.342477,-7.670061,9.532744,9.754785,36.341610,-22.699385,-4.750794,-19.076380,-2.532618,-11.869822,31.868626,-8.123817,-4.226367,10.693645,-1.703914,17.656588,-81.078041,43.163074,-69.442863,52.266140,-72.268631,-23.947556,-59.901287,-69.002769,-56.106075,73.119591,50.549519,76.557655,-24.174118,47.486046
758.000000,791.608704,1110.658691,75.689621,-0.304660,-4.516525,87.373876,-7.883037,9.565923,9.722878,36.542931,-22.828581,-4.778843,-19.327482,-2.546148,-11.845541,32.149929,-8.295245,-4.222361,10.723365,-1.671548,17.557249,-80.530289,42.608154,-69.360428,52.559994,-72.261459,-24.087242,-60.536243,-68.842216,-55.746296,73.112206,50.553135,76.545082,-24.280777,47.838337
759.000000,791.635437,1110.715332,75.641197,-0.291590,-4.374166,87.399667,-8.145441,9.605570,9.669457,36.818142,-22.997173,-4.813727,-19.633083,-2.568564,-11.818213,32.525200,-8.519161,-4.216815,10.722290,-1.665584,17.521873,-79.885750,41.961018,-69.189362,52.910275,-72.213844,-24.213875,-61.412842,-68.700089,-55.300137,73.105789,50.642387,76.445251,-24.427361,48.320702
760.000000,791.660095,1110.766357,75.592873,-0.275033,-4.244150,87.415402,-8.369508,9.624763,9.632578,37.070724,-23.154396,-4.846624,-19.927237,-2.600623,-11.765329,32.912571,-8.741767,-4.212868,10.705133,-1.727007,17.542892,-79.267502,41.357857,-68.908524,53.308022,-72.076294,-24.369751,-62.282082,-68.594521,-54.819927,73.091705,50.925446,76.108864,-24.610500,48.755798
761.000000,791.673767,1110.819092,75.551353,-0.316179,-4.114430,87.432896,-8.613776,9.696865,9.569962,37.355804,-23.325712,-4.882468,-20.167349,-2.573841,-11.740978,33.183681,-8.903235,-4.206138,10.702075,-1.747391,17.546911,-78.584686,40.703888,-68.520874,53.854282,-71.757462,-24.643150,-63.127113,-68.342667,-54.428551,73.000481,51.194923,75.501091,-24.878187,49.065880
762.000000,791.676025,1110.875732,75.518845,-0.366596,-3.994420,87.451768,-8.834824,9.775422,9.497215,37.607510,-23.480175,-4.920936,-20.361563,-2.527855,-11.722790,33.380791,-9.022779,-4.198726,10.678290,-1.764696,17.534191,-77.773926,40.074421,-68.120598,54.520969,-71.428772,-24.964512,-63.941319,-67.889221,-54.082596,72.885902,51.357407,74.913704,-25.173838,49.310879
763.000000,791.669922,1110.939087,75.487312,-0.399864,-3.804179,87.496638,-9.116223,9.808883,9.411720,37.830566,-23.611238,-4.948832,-20.626640,-2.524961,-11.705678,33.599236,-9.148448,-4.188489,10.569638,-1.837374,17.418121,-76.817696,39.579659,-67.779213,55.197521,-71.266190,-25.247086,-64.679787,-67.299004,-53.692802,72.821724,51.463375,74.483490,-25.461147,49.540539
764.000000,791.659485,1110.997070,75.454071,-0.433576,-3.575925,87.558530,-9.383386,9.826297,9.336716,38.010338,-23.709084,-4.965054,-20.871576,-2.535677,-11.700459,33.771816,-9.244927,-4.178109,10.436723,-1.921159,17.290300,-76.031677,39.303974,-67.515930,55.683376,-71.173141,-25.413286,-65.219681,-66.813683,-53.365799,72.785950,51.556900,74.189575,-25.661087,49.754650
765.000000,791.639709,1111.040894,75.420113,-0.508528,-3.352328,87.594285,-9.748269,9.891096,9.247031,38.282078,-23.853931,-4.984645,-21.174664,-2.508957,-11.693940,33.945995,-9.334890,-4.162255,10.268909,-2.009140,17.165243,-75.028725,39.009315,-67.129013,56.308014,-70.902504,-25.591806,-65.916206,-66.167084,-52.937695,72.690636,51.761398,73.801331,-25.928335,50.112690
766.000000,791.609192,1111.070068,75.396500,-0.626079,-3.189234,87.561877,-10.050717,10.031748,9.207146,38.549263,-24.004034,-5.010606,-21.384008,-2.391147,-11.665553,33.977852,-9.336672,-4.145413,10.182709,-2.034083,17.130167,-74.129745,38.730701,-66.684837,56.914097,-70.182343,-25.796062,-66.535820,-65.522247,-52.508083,72.514389,52.167583,73.280792,-26.238417,50.512524
767.000000,791.573669,1111.099243,75.393280,-0.760738,-3.051117,87.495167,-10.259402,10.215299,9.212546,38.735546,-24.121790,-5.045734,-21.486568,-2.211522,-11.628417,33.854027,-9.254802,-4.131235,10.106040,-2.035642,17.128506,-73.267212,38.520641,-66.246254,57.475315,-68.955017,-26.073723,-67.092155,-64.897110,-51.896603,72.288101,52.854065,72.621063,-26.544144,50.857006
768.000000,791.535339,1111.136108,75.410881,-0.889997,-2.878840,87.433341,-10.438856,10.380764,9.228568,38.791893,-24.169434,-5.074568,-21.549129,-2.031890,-11.605422,33.590611,-9.100912,-4.113554,10.008595,-2.052510,17.070183,-72.349075,38.329651,-65.863319,58.006252,-67.656021,-26.386919,-67.625809,-64.235420,-51.146843,72.105774,53.657162,72.075890,-26.848093,51.125240
769.000000,791.489136,1111.184570,75.429634,-1.060017,-2.647696,87.505028,-10.730718,10.519342,9.116746,38.880150,-24.213533,-5.088236,-21.623234,-1.894767,-11.687206,33.291737,-8.949719,-4.077821,9.807388,-2.046488,16.901285,-71.425621,38.149727,-65.612564,58.455208,-66.284019,-26.721928,-68.113777,-63.526337,-50.409561,72.027794,54.360954,71.646202,-27.166428,51.352352
770.000000,791.439331,1111.241455,75.440178,-1.185269,-2.462244,87.543739,-10.969517,10.614635,9.017776,38.967537,-24.277439,-5.092917,-21.699465,-1.804273,-11.744238,33.099857,-8.864283,-4.032969,9.650063,-2.069020,16.735865,-70.563568,37.930283,-65.511803,58.867466,-64.957230,-27.022175,-68.591270,-62.763084,-49.767483,72.010170,54.868774,71.349174,-27.469488,51.630787
771.000000,791.391907,1111.306519,75.445709,-1.243728,-2.257016,87.550446,-11.173223,10.649859,8.988858,39.011356,-24.337032,-5.089741,-21.850765,-1.767268,-11.729466,33.031059,-8.837118,-3.985124,9.569577,-2.170890,16.524920,-69.696808,37.691132,-65.451599,59.156223,-63.762478,-27.297888,-69.019966,-61.967064,-49.174839,72.002556,55.270180,71.111633,-27.764879,51.965294
772.000000,791.342957,1111.373047,75.457283,-1.284282,-2.083949,87.524854,-11.280288,10.657830,8.994948,38.997944,-24.367720,-5.083985,-21.951971,-1.745385,-11.687802,32.975689,-8.815556,-3.945886,9.529335,-2.273753,16.372908,-68.999649,37.505726,-65.406624,59.317852,-62.918018,-27.546991,-69.346794,-61.360497,-48.731674,71.986214,55.565498,70.864861,-28.004663,52.248287
773.000000,791.280823,1111.444946,75.472778,-1.351220,-1.934186,87.459105,-11.369987,10.694569,9.034695,38.969772,-24.417183,-5.072638,-22.037333,-1.673864,-11.602073,32.848232,-8.757717,-3.888975,9.518443,-2.363742,16.178883,-68.006363,37.181931,-65.338989,59.642815,-61.931496,-27.915182,-69.808685,-60.564297,-48.149677,71.934540,56.006607,70.408318,-28.321095,52.624317
774.000000,791.211487,1111.516724,75.482407,-1.394139,-1.785353,87.356683,-11.442855,10.734768,9.114620,38.962662,-24.486246,-5.053077,-22.135769,-1.596693,-11.477901,32.754204,-8.708755,-3.822273,9.530632,-2.438277,15.988596,-66.948158,36.815750,-65.208939,60.094803,-60.968479,-28.237873,-70.318924,-59.759014,-47.588764,71.804932,56.445705,69.761780,-28.600266,52.981949
775.000000,791.136475,1111.584473,75.483551,-1.391072,-1.577108,87.229759,-11.575147,10.721046,9.244693,38.964165,-24.551935,-5.011763,-22.361986,-1.571985,-11.290095,32.769913,-8.697004,-3.740392,9.536456,-2.570615,15.746368,-65.844444,36.478779,-64.950783,60.601894,-59.977863,-28.448696,-70.872986,-58.966194,-47.069042,71.607178,56.841846,68.873528,-28.819656,53.350430
776.000000,791.058533,1111.635498,75.474594,-1.397761,-1.361493,87.162012,-11.797397,10.687062,9.312050,39.039211,-24.626402,-4.959544,-22.642059,-1.575619,-11.128488,32.840935,-8.701701,-3.663416,9.453782,-2.698076,15.523187,-64.781334,36.270412,-64.649521,61.011940,-58.956596,-28.567039,-71.388245,-58.257923,-46.567921,71.418137,57.245136,67.905685,-28.995056,53.744183
777.000000,790.978333,1111.671631,75.440132,-1.456502,-1.082418,87.242460,-12.251987,10.658285,9.188284,39.328999,-24.756985,-4.900478,-23.009033,-1.626831,-11.114690,33.010117,-8.759103,-3.585760,9.248679,-2.794736,15.267528,-63.879082,36.110489,-64.353279,61.353947,-57.779881,-28.621653,-71.809052,-57.535782,-46.130482,71.219025,57.627190,67.019905,-29.158581,54.064590
778.000000,790.901306,1111.686157,75.386986,-1.528627,-0.898848,87.353685,-12.598641,10.650195,9.054192,39.640381,-24.896189,-4.857677,-23.258682,-1.676902,-11.141436,33.205574,-8.842645,-3.523041,9.122824,-2.858537,15.159054,-63.376366,35.971897,-64.197945,61.583736,-56.855217,-28.634573,-72.050301,-56.958141,-45.919563,71.065468,57.814064,66.445396,-29.269554,54.210152
779.000000,790.816040,1111.687378,75.322029,-1.631953,-0.760077,87.443125,-13.039498,10.676306,8.883151,40.135925,-25.128475,-4.804547,-23.561167,-1.716066,-11.169263,33.499416,-8.964604,-3.439963,9.033157,-2.923086,15.085097,-62.835182,35.753769,-64.034958,61.857285,-55.663784,-28.650347,-72.306747,-56.158703,-45.728642,70.846596,58.023682,65.721863,-29.403152,54.348534
780.000000,790.717529,1111.680786,75.254555,-1.778892,-0.631242,87.512666,-13.495735,10.759326,8.709617,40.696861,-25.395906,-4.752690,-23.834938,-1.698058,-11.201307,33.741730,-9.048542,-3.360019,9.025628,-2.919590,15.002752,-62.356857,35.426876,-63.855408,62.100826,-54.572369,-28.685339,-72.492546,-55.350899,-45.546139,70.593605,58.380596,65.056725,-29.532541,54.496090
781.000000,790.600586,1111.675415,75.187531,-1.938808,-0.519451,87.546698,-13.920672,10.858812,8.558501,41.251656,-25.670952,-4.701336,-24.082827,-1.649594,-11.207232,33.948780,-9.105403,-3.280371,9.079381,-2.882947,14.878518,-61.864052,34.980713,-63.715668,62.393017,-53.642460,-28.764511,-72.640205,-54.486771,-45.260727,70.326134,58.938629,64.664810,-29.635923,54.617622
782.000000,790.477234,1111.675781,75.124046,-2.052375,-0.397399,87.515275,-14.298306,10.923986,8.488703,41.751125,-25.937943,-4.631662,-24.368963,-1.615456,-11.132386,34.193443,-9.169330,-3.188041,9.206565,-2.866305,14.679450,-61.262306,34.438713,-63.486092,62.726986,-52.764523,-28.852894,-72.783516,-53.554455,-44.835537,69.965904,59.640408,64.327507,-29.702927,54.671940
783.000000,790.347290,1111.673462,75.062416,-2.123847,-0.263395,87.481009,-14.576287,10.932380,8.468199,42.089653,-26.121561,-4.560555,-24.621988,-1.621637,-11.039264,34.410027,-9.228001,-3.104369,9.303586,-2.876926,14.494208,-60.759678,34.051266,-63.297779,62.916939,-52.150314,-28.902330,-72.899841,-52.875824,-44.481667,69.684166,60.152885,64.009689,-29.719839,54.683651
784.000000,790.209412,1111.663940,75.005531,-2.142939,-0.082856,87.429715,-14.943939,10.878791,8.468830,42.464115,-26.320196,-4.441539,-25.006418,-1.673368,-10.861073,34.716682,-9.299046,-2.972992,9.406043,-2.931363,14.234257,-60.072315,33.616779,-63.061138,63.042725,-51.384731,-28.947887,-73.091438,-52.028709,-44.064384,69.344971,60.662083,63.524490,-29.727266,54.692726
785.000000,790.077881,1111.641846,74.960831,-2.132106,0.114725,87.315203,-15.292004,10.799556,8.549884,42.730972,-26.457943,-4.313508,-25.433445,-1.712402,-10.588419,34.966606,-9.313413,-2.835335,9.568526,-3.043207,13.981057,-59.441643,33.242447,-62.745270,63.120014,-50.522251,-28.972773,-73.365074,-51.212147,-43.730587,68.997971,61.010921,62.982872,-29.733858,54.704494
786.000000,789.958801,1111.604248,74.919769,-2.130572,0.298927,87.194444,-15.624571,10.750314,8.654726,42.972965,-26.573500,-4.189181,-25.835772,-1.715106,-10.314980,35.147240,-9.288487,-2.710615,9.753910,-3.165940,13.789263,-58.926716,32.952248,-62.362419,63.166439,-49.667736,-28.982264,-73.704735,-50.532730,-43.457638,68.696373,61.317677,62.318165,-29.739609,54.722309
787.000000,789.851562,1111.553711,74.883957,-2.143868,0.420960,87.125400,-15.916884,10.704069,8.698456,43.208675,-26.670290,-4.068735,-26.145262,-1.716253,-10.093027,35.281189,-9.247284,-2.590619,9.857487,-3.279427,13.711484,-58.535088,32.739178,-62.035027,63.254284,-48.984951,-29.001228,-74.053780,-50.007591,-43.208496,68.442474,61.638180,61.581364,-29.742720,54.755066
788.000000,789.755554,1111.501709,74.851913,-2.160910,0.534216,87.080571,-16.128553,10.670682,8.708294,43.373894,-26.730591,-3.984383,-26.351294,-1.716936,-9.948800,35.360867,-9.209171,-2.506638,9.890299,-3.364186,13.668664,-58.294075,32.610092,-61.835114,63.377834,-48.605778,-29.016483,-74.282288,-49.680885,-43.019753,68.250237,61.894535,61.035789,-29.743526,54.781998
789.000000,789.662720,1111.450806,74.825142,-2.198162,0.643004,87.046661,-16.400064,10.641315,8.704651,43.583229,-26.803427,-3.879591,-26.588171,-1.702373,-9.778993,35.418682,-9.141520,-2.396629,9.907992,-3.455701,13.611675,-58.017323,32.456707,-61.599869,63.585247,-48.218075,-29.027298,-74.539978,-49.292702,-42.783218,67.979111,62.244316,60.410568,-29.742802,54.837688
790.000000,789.573608,1111.407959,74.796150,-2.277845,0.775236,87.008654,-16.704021,10.657029,8.672778,43.819710,-26.890379,-3.788523,-26.811352,-1.643332,-9.637888,35.420227,-9.049703,-2.297075,9.909227,-3.494254,13.502262,-57.765617,32.327194,-61.388630,63.793308,-48.001656,-29.030611,-74.791168,-48.903320,-42.583252,67.646965,62.566994,60.011658,-29.723572,54.923828
791.000000,789.491882,1111.369873,74.754738,-2.414459,0.813632,86.962898,-16.970881,10.760913,8.609704,44.158794,-27.049343,-3.726445,-26.953938,-1.517030,-9.547709,35.430889,-8.988126,-2.225168,9.905764,-3.457729,13.421962,-57.602917,32.298561,-61.258747,63.920589,-47.966423,-29.025936,-75.077652,-48.550491,-42.482426,67.260681,62.732811,59.833607,-29.666525,54.991241
792.000000,789.422852,1111.343018,74.695625,-2.552853,0.781137,86.870000,-17.148027,10.932905,8.573309,44.602203,-27.293901,-3.686841,-27.034666,-1.347693,-9.452842,35.549881,-9.001822,-2.160119,9.935186,-3.412646,13.378594,-57.584652,32.353867,-61.229263,64.020630,-47.962288,-28.964167,-75.387383,-48.244617,-42.480713,66.841827,62.775085,59.806835,-29.573385,55.010944
793.000000,789.360229,1111.326416,74.622879,-2.675997,0.717797,86.745513,-17.274555,11.113092,8.583055,45.073902,-27.576244,-3.659083,-27.131680,-1.181261,-9.325909,35.782711,-9.083037,-2.104503,9.995243,-3.405840,13.305275,-57.645515,32.480103,-61.222050,64.037308,-47.969803,-28.852329,-75.668716,-48.007835,-42.563965,66.406914,62.782085,59.790119,-29.488834,55.010750
794.000000,789.300720,1111.315430,74.533585,-2.808709,0.660296,86.667510,-17.405617,11.248237,8.564881,45.479103,-27.812937,-3.641883,-27.235220,-1.078010,-9.262942,36.027477,-9.189252,-2.064842,10.021336,-3.401682,13.204227,-57.767086,32.580112,-61.216797,64.055107,-47.973881,-28.735506,-75.878220,-47.860363,-42.696175,66.030617,62.785713,59.746380,-29.428736,54.998466
795.000000,789.256958,1111.313477,74.435715,-2.836182,0.681769,86.545292,-17.613480,11.377693,8.588354,46.006424,-28.123245,-3.617949,-27.490746,-1.001717,-9.141303,36.489979,-9.393979,-2.009784,10.044605,-3.495343,12.997492,-58.031620,32.774494,-61.152100,64.086189,-47.952526,-28.537855,-76.154129,-47.701660,-42.898052,65.426720,62.786831,59.648136,-29.321749,54.932442
796.000000,789.227356,1111.317993,74.353645,-2.810986,0.721908,86.404176,-17.783924,11.434758,8.722871,46.396736,-28.370859,-3.596545,-27.834023,-0.975482,-8.924073,36.993885,-9.610721,-1.956910,10.049786,-3.743341,12.726921,-58.285927,33.113270,-60.876087,64.088013,-47.913219,-28.335276,-76.364563,-47.564190,-43.082169,64.667534,62.764297,59.584641,-29.175316,54.804260
797.000000,789.211487,1111.320801,74.285324,-2.762496,0.723288,86.202994,-17.851126,11.500587,8.909951,46.687618,-28.570322,-3.583021,-28.103983,-0.918112,-8.673882,37.410229,-9.782726,-1.925067,10.066006,-4.046947,12.519786,-58.598736,33.585686,-60.444214,64.085510,-47.847794,-28.119860,-76.500793,-47.466618,-43.305660,63.787659,62.738453,59.572655,-29.033293,54.633900
798.000000,789.207581,1111.322266,74.233788,-2.760779,0.698303,86.047623,-17.870745,11.592832,9.034615,46.917381,-28.726706,-3.579760,-28.255800,-0.822218,-8.486092,37.678528,-9.889325,-1.903919,9.986070,-4.340704,12.368565,-58.981323,34.290459,-60.083443,64.013565,-47.868610,-27.867554,-76.583099,-47.458431,-43.602032,62.883568,62.600750,59.568466,-28.803753,54.383953
799.000000,789.216492,1111.330322,74.206352,-2.788272,0.689664,85.985382,-17.902065,11.670977,9.041097,47.064217,-28.820688,-3.583867,-28.316469,-0.738031,-8.412661,37.794205,-9.945631,-1.888840,9.757840,-4.629451,12.196381,-59.449333,35.202286,-59.920830,63.933311,-48.115971,-27.501621,-76.675880,-47.482418,-44.055634,62.011497,62.148312,59.566296,-28.501324,54.008087
800.000000,789.228333,1111.352295,74.184654,-2.874824,0.831584,86.070073,-18.090624,11.715339,8.914020,47.188335,-28.867390,-3.588860,-28.420897,-0.699810,-8.466674,37.821171,-9.973869,-1.883683,9.508415,-4.813980,11.913916,-59.834019,35.905384,-59.783562,63.913532,-48.389336,-27.124517,-76.747017,-47.462296,-44.566319,61.351181,61.614368,59.560791,-28.245033,53.732590
801.000000,789.235107,1111.381958,74.155701,-3.036857,1.002471,86.222209,-18.455889,11.802958,8.620873,47.440926,-28.958447,-3.600609,-28.567362,-0.642164,-8.642520,37.839504,-10.016201,-1.885569,9.178980,-4.927937,11.470037,-60.398144,36.818138,-59.429909,63.868561,-48.687931,-26.515968,-76.783913,-47.429611,-45.407124,60.333870,60.860630,59.554684,-27.890812,53.415367
802.000000,789.243896,1111.433105,74.127174,-3.194265,1.224186,86.292982,-18.843147,11.953341,8.365878,47.714691,-29.079912,-3.628300,-28.742353,-0.533036,-8.814266,37.838978,-10.046040,-1.900537,8.972340,-4.968185,10.906974,-60.948589,37.793438,-58.859062,63.631111,-48.813732,-25.798660,-76.786034,-47.314602,-46.236324,59.020439,60.138706,59.550365,-27.483025,52.996128
803.000000,789.260315,1111.513672,74.123314,-3.305386,1.479955,86.278911,-19.141375,12.100311,8.269059,47.830868,-29.155352,-3.674587,-28.936577,-0.408304,-8.887035,37.772919,-10.046925,-1.920089,8.839874,-5.051690,10.214954,-61.245270,38.962410,-57.810486,63.025513,-48.751293,-25.054195,-76.780182,-47.006290,-46.890388,57.202267,59.162575,59.511242,-26.958839,52.354473
804.000000,789.293091,1111.619385,74.160522,-3.374406,1.641260,86.291257,-19.209265,12.194007,8.213691,47.701416,-29.135321,-3.734928,-28.936369,-0.308946,-8.952815,37.550850,-10.015742,-1.933379,8.611821,-5.195492,9.531654,-61.269211,40.356716,-56.442860,62.212555,-48.673557,-24.348099,-76.676170,-46.517384,-47.320957,55.112144,57.807884,59.493214,-26.486080,51.460403
805.000000,789.340576,1111.763916,74.224762,-3.329089,1.808651,86.185365,-19.066723,12.216556,8.335599,47.332565,-29.040262,-3.799655,-28.906513,-0.238848,-8.873058,37.328732,-9.993093,-1.945332,8.438410,-5.473023,8.753386,-61.060596,41.820171,-54.981270,61.352081,-48.666706,-23.602779,-76.412125,-45.904331,-47.540688,53.110939,56.235935,59.440052,-26.072559,50.425812
806.000000,789.380005,1111.943481,74.324852,-3.330077,1.887607,85.983224,-18.784552,12.276423,8.514993,46.938026,-28.952457,-3.860306,-28.741899,-0.117934,-8.759144,37.022171,-9.925525,-1.952742,8.394949,-5.622876,8.141774,-60.635281,42.857101,-53.523270,60.596115,-48.557304,-22.941586,-76.064415,-45.374397,-47.553570,51.567150,55.017254,59.374531,-25.743902,49.644962
807.000000,789.413513,1112.165771,74.450150,-3.369824,1.972613,85.805615,-18.327982,12.402023,8.741907,46.313049,-28.817245,-3.947965,-28.387436,0.101990,-8.649945,36.419312,-9.777286,-1.960121,8.429095,-5.720748,7.164076,-59.758263,44.060730,-51.097095,59.286530,-48.013279,-21.911924,-75.365250,-44.531433,-47.270947,49.323841,53.740360,59.206387,-25.290199,48.606213
808.000000,789.435791,1112.411377,74.590233,-3.417760,1.973170,85.762442,-17.766813,12.461067,8.886331,45.600224,-28.653198,-4.024573,-27.881107,0.243385,-8.635632,35.776600,-9.669482,-1.960208,8.470984,-5.749981,6.128592,-58.606743,45.016735,-48.252457,57.511242,-46.918175,-20.836323,-74.382484,-43.526413,-46.748806,46.862972,52.654743,58.883919,-24.723841,47.449089
809.000000,789.443359,1112.657593,74.737923,-3.401778,1.770754,85.790125,-16.953634,12.409829,8.997414,44.772221,-28.456396,-4.073547,-27.146593,0.282682,-8.642109,35.162712,-9.620807,-1.935257,8.536237,-5.720695,5.254116,-57.291134,45.725052,-45.362793,55.386635,-45.704502,-19.783651,-73.143478,-42.487988,-46.104858,44.401695,51.621056,58.567066,-24.034462,46.180202
810.000000,789.432556,1112.902466,74.882050,-3.310100,1.385568,85.759505,-15.813427,12.263992,9.240095,43.851894,-28.256117,-4.102767,-26.253777,0.245391,-8.523012,34.713066,-9.661865,-1.876339,8.725857,-5.683084,4.624663,-55.627239,46.202301,-42.372406,52.549934,-44.587887,-18.670969,-71.350777,-41.592842,-45.385685,42.109261,50.630932,58.333809,-23.157499,44.736423
811.000000,789.412109,1113.129395,75.021500,-3.158150,0.928796,85.635706,-14.542727,12.088766,9.622001,42.881783,-28.046888,-4.119948,-25.346905,0.197438,-8.282082,34.329094,-9.718988,-1.794175,9.103617,-5.641388,4.102314,-53.656734,46.243778,-39.142010,49.095821,-43.142445,-17.649147,-69.208076,-40.850647,-44.564224,39.878212,49.820583,57.878105,-22.274094,43.210777
812.000000,789.403076,1113.316040,75.162849,-2.891566,0.458660,85.654093,-13.216810,11.718640,9.965000,41.756779,-27.716841,-4.112744,-24.446154,-0.034001,-8.056217,34.036934,-9.822294,-1.679966,9.431213,-5.732670,3.716068,-51.560749,45.726383,-35.663528,45.412624,-41.007980,-16.809927,-66.882507,-40.358128,-43.401924,37.566067,49.521500,56.943699,-21.451321,41.658768
813.000000,789.404663,1113.463257,75.310829,-2.593991,-0.085952,85.806332,-11.883650,11.233236,10.173217,40.559662,-27.291599,-4.086756,-23.485439,-0.392384,-7.933212,33.758320,-9.930708,-1.552657,9.656068,-5.889751,3.550398,-49.659439,44.632675,-32.362713,42.087769,-38.238693,-16.172087,-64.517853,-39.976086,-42.067181,35.309772,49.519791,55.822346,-20.662359,40.021702
814.000000,789.415161,1113.572754,75.444908,-2.329029,-0.615798,85.986146,-10.934131,10.888079,10.284052,39.702038,-26.965693,-4.060351,-22.773676,-0.650302,-7.875570,33.538738,-9.989049,-1.467176,9.807067,-6.004490,3.497038,-48.347298,43.536221,-30.121498,39.888935,-35.910732,-15.758888,-62.710934,-39.686230,-41.025520,33.716637,49.558605,54.931072,-20.051306,38.719158
815.000000,789.434387,1113.648071,75.559830,-2.089931,-1.126310,86.109239,-9.795434,10.494350,10.418743,38.689133,-26.570602,-4.025997,-21.923088,-0.936401,-7.798986,33.278004,-10.040653,-1.379327,9.977468,-6.144670,3.494387,-46.734169,41.984993,-27.517183,37.398872,-32.746189,-15.258720,-60.342873,-39.310722,-39.677013,31.785944,49.584335,53.659103,-19.190458,37.017906
816.000000,789.460876,1113.701050,75.655464,-1.868497,-1.536737,86.146094,-8.815207,10.175122,10.588201,37.800987,-26.221720,-3.998474,-21.233021,-1.145548,-7.683576,33.045898,-10.058420,-1.318832,10.132979,-6.282625,3.485406,-45.123962,40.482758,-25.158117,35.317413,-29.432632,-14.819070,-57.975304,-38.844902,-38.383793,29.977505,49.577839,52.245743,-18.349251,35.405563
817.000000,789.488342,1113.732910,75.741524,-1.723842,-1.876420,86.220021,-8.009604,9.923535,10.702721,37.027374,-25.894737,-3.978021,-20.623241,-1.310838,-7.640067,32.755585,-10.029380,-1.283489,10.255549,-6.374487,3.477066,-43.418934,39.152344,-23.032333,33.307846,-25.733068,-14.417743,-55.454033,-38.191814,-37.278152,28.368708,49.572750,50.746944,-17.595308,33.840714
818.000000,789.516052,1113.747803,75.833588,-1.635544,-2.210886,86.395006,-7.317913,9.725798,10.673239,36.330227,-25.568571,-3.960574,-19.959215,-1.455636,-7.745265,32.332664,-9.942769,-1.257312,10.243189,-6.378810,3.554386,-41.667843,38.114487,-21.391554,31.600479,-22.291498,-14.177091,-52.890205,-37.383999,-36.457378,27.170782,49.574829,49.408279,-16.903206,32.321125
819.000000,789.545776,1113.758423,75.934418,-1.514360,-2.406776,86.614270,-6.762719,9.467305,10.591014,35.554974,-25.162228,-3.934036,-19.406422,-1.659035,-7.888860,31.866409,-9.819864,-1.226454,10.063622,-6.428429,3.558652,-39.721592,37.388405,-20.237350,30.304708,-19.409725,-14.085947,-50.166618,-36.458878,-35.802628,26.336515,49.578568,47.952549,-16.123379,30.734764
820.000000,789.568359,1113.761963,76.037788,-1.452923,-2.512941,86.835799,-6.439999,9.306951,10.518287,34.994255,-24.851343,-3.915222,-19.038084,-1.780434,-8.013281,31.444057,-9.669989,-1.206737,9.864536,-6.424663,3.532056,-38.145496,36.991817,-19.553022,29.514063,-17.362160,-13.980933,-48.113522,-35.746571,-35.422340,25.860117,49.665279,46.580811,-15.528989,29.562130
821.000000,789.590088,1113.785278,76.176712,-1.442980,-2.743198,87.035581,-5.873459,9.162290,10.439433,34.137253,-24.406433,-3.898953,-18.361755,-1.854623,-8.203902,30.650766,-9.368279,-1.185046,9.621385,-6.348994,3.558004,-35.999920,36.511948,-18.847731,28.796431,-14.569332,-13.782314,-45.456478,-34.718250,-34.950829,25.402550,50.132782,44.496124,-14.859953,28.011988
822.000000,789.620178,1113.863647,76.331749,-1.371646,-2.914966,87.163099,-5.105147,8.983353,10.437078,32.993858,-23.863852,-3.885742,-17.572460,-1.913948,-8.352101,29.710846,-9.027746,-1.163908,9.439124,-6.329881,3.434918,-33.637836,35.911083,-18.261126,28.661699,-11.609012,-13.554733,-42.844261,-33.341896,-34.282673,25.070919,51.045002,42.270668,-14.259349,26.351297
823.000000,789.658325,1113.961792,76.465019,-1.270299,-3.033505,87.247929,-4.370885,8.761812,10.501065,31.853176,-23.336723,-3.879013,-16.950954,-2.003130,-8.409627,28.973248,-8.783279,-1.146590,9.301573,-6.416775,3.179177,-31.173504,35.301304,-17.675741,28.707987,-8.339023,-13.071794,-40.382771,-31.766594,-33.444481,24.823526,52.230244,39.807686,-13.563510,24.648849
824.000000,789.705261,1114.028931,76.551697,-1.172373,-3.074111,87.292201,-3.867838,8.597464,10.567191,31.008066,-22.936947,-3.887153,-16.575638,-2.068660,-8.428404,28.500511,-8.630978,-1.139047,9.215139,-6.522513,2.950986,-28.901077,34.751522,-17.210238,28.754955,-5.122597,-12.269878,-38.081043,-30.149265,-32.603607,24.741640,53.367504,37.655399,-12.572303,22.909533
825.000000,789.758423,1114.037109,76.604034,-1.104422,-3.096730,87.309475,-3.601415,8.514657,10.616890,30.501936,-22.661188,-3.904289,-16.379066,-2.090584,-8.433187,28.197027,-8.502363,-1.149491,9.182178,-6.604654,2.914897,-27.136591,34.214153,-16.898842,28.988882,-2.175363,-11.399067,-36.057713,-28.656601,-31.770514,24.711575,54.353806,36.137878,-11.424263,21.229332
826.000000,789.813293,1113.985962,76.643021,-1.118805,-3.027043,87.535729,-3.690505,8.493452,10.438043,30.303925,-22.450287,-3.919196,-16.279266,-2.123897,-8.643996,27.860353,-8.328277,-1.185950,8.963073,-6.618782,2.963428,-25.927551,33.580967,-16.753218,29.526684,0.479376,-10.497811,-34.212753,-27.423588,-30.806635,24.684505,55.447517,35.148506,-10.335134,19.580332
827.000000,789.869141,1113.898804,76.690277,-1.133400,-2.998663,87.858488,-3.823007,8.445516,10.137833,30.100100,-22.180458,-3.936340,-16.116264,-2.208932,-8.979882,27.444242,-8.104970,-1.235638,8.632593,-6.620493,3.159302,-25.223299,32.792606,-16.815559,30.424093,3.160047,-9.706284,-32.371925,-26.477762,-29.642794,24.691572,56.841232,34.156395,-9.444732,17.882433
828.000000,789.916199,1113.817261,76.748337,-1.148293,-2.950952,88.114324,-3.890014,8.409508,9.953838,29.886263,-21.950842,-3.948682,-15.979896,-2.255186,-9.200810,27.074022,-7.898129,-1.271146,8.407772,-6.607753,3.278298,-24.877865,32.116978,-17.006041,31.363281,5.056627,-9.258832,-30.993040,-25.885752,-28.684364,24.745014,58.007996,33.346027,-8.863454,16.662003
829.000000,789.945984,1113.752197,76.815186,-1.146030,-2.859786,88.231154,-3.937554,8.373833,9.849972,29.507639,-21.626701,-3.956705,-15.833481,-2.258366,-9.368996,26.497755,-7.558649,-1.307017,8.160967,-6.539142,3.296684,-24.395599,31.087942,-17.415104,32.993458,7.139522,-8.785501,-29.086609,-25.153833,-27.297031,24.836617,59.686630,32.354229,-8.094246,15.111146
830.000000,789.955139,1113.703491,76.876999,-1.119387,-2.731187,88.254489,-3.954964,8.315766,9.862904,29.088762,-21.317518,-3.950156,-15.759577,-2.252364,-9.416782,25.963221,-7.226397,-1.325265,7.972579,-6.433683,3.206900,-23.816923,29.999426,-17.854946,34.708931,8.612711,-8.365211,-27.294222,-24.458931,-25.998028,24.943157,61.281063,31.511232,-7.458279,13.685083
831.000000,789.948059,1113.668579,76.935905,-1.094476,-2.586203,88.201841,-3.961746,8.257229,9.945952,28.678350,-21.048012,-3.931665,-15.733903,-2.229626,-9.390940,25.465948,-6.904664,-1.335690,7.882576,-6.284763,3.051406,-23.185493,28.822475,-18.250980,36.324585,9.751699,-7.926846,-25.665581,-23.698122,-24.882057,25.122936,62.691525,30.736168,-6.995287,12.303964
832.000000,789.935364,1113.657104,77.005043,-1.082394,-2.581196,88.052383,-3.721252,8.230453,10.136596,28.140491,-20.775475,-3.917020,-15.526779,-2.138318,-9.291675,24.863203,-6.550031,-1.348946,7.892620,-6.076180,2.938037,-22.521297,27.515537,-18.518484,38.103725,11.103062,-7.621778,-24.007256,-22.920378,-23.728970,25.348331,64.231483,29.556475,-6.755861,10.801249
833.000000,789.931274,1113.672119,77.070435,-1.039633,-2.664731,87.855485,-3.282270,8.188820,10.394232,27.522781,-20.508015,-3.911648,-15.227768,-2.051149,-9.143089,24.343897,-6.274202,-1.361945,7.907573,-5.890274,2.830315,-21.808676,26.302179,-18.823328,40.003670,12.556946,-7.410607,-22.393297,-22.183331,-22.497086,25.656219,65.901405,28.096216,-6.540871,9.300236
834.000000,789.937378,1113.697388,77.123169,-0.933622,-2.699938,87.614533,-2.830958,8.087262,10.711816,26.867996,-20.234764,-3.905096,-15.050681,-2.019528,-8.928860,24.015043,-6.098199,-1.370993,7.946022,-5.792852,2.643889,-21.109020,25.270248,-19.288090,41.984898,13.850121,-7.206887,-20.903246,-21.514263,-21.283823,26.025419,67.597481,26.772581,-6.200002,7.899472
835.000000,789.954224,1113.709717,77.174759,-0.787175,-2.767464,87.467797,-2.487381,7.959981,10.909297,26.350397,-19.999882,-3.895559,-14.930007,-2.058465,-8.805963,23.837782,-6.009175,-1.376348,7.917850,-5.759973,2.557590,-20.617754,24.575756,-19.711628,43.537865,14.604146,-7.055129,-19.840605,-21.108046,-20.426569,26.343426,68.832672,25.960493,-5.865294,6.889947
836.000000,789.984375,1113.713745,77.229156,-0.675582,-2.813843,87.478380,-2.103204,7.774743,11.008259,25.692966,-19.665094,-3.886748,-14.737749,-2.164557,-8.793232,23.600426,-5.912418,-1.385386,7.719096,-5.750931,2.501559,-20.013765,23.709229,-20.312143,45.686195,15.436618,-6.863229,-18.538578,-20.645164,-19.370771,26.785580,70.388847,25.008038,-5.465191,5.674436
837.000000,790.017883,1113.726929,77.293587,-0.619256,-2.870107,87.531380,-1.741933,7.645568,11.029200,25.020319,-19.317753,-3.889904,-14.449430,-2.215072,-8.862205,23.174097,-5.734855,-1.396796,7.454649,-5.710522,2.449959,-19.323364,22.767889,-20.758680,47.932690,16.334764,-6.664557,-17.325535,-20.153881,-18.378628,27.111034,71.997269,24.068823,-5.242724,4.661374
838.000000,790.052124,1113.766602,77.368767,-0.582772,-2.882619,87.554815,-1.346407,7.547140,11.059676,24.268587,-18.948351,-3.899109,-14.099368,-2.220102,-8.948772,22.604076,-5.498911,-1.412253,7.295900,-5.675365,2.354795,-18.560930,21.656734,-20.909506,50.301281,17.256254,-6.511359,-16.143900,-19.418293,-17.540602,27.287756,73.385254,23.205006,-5.135987,3.773410
839.000000,790.083862,1113.820557,77.439209,-0.596436,-2.802827,87.575350,-1.074866,7.509531,11.091934,23.580299,-18.616528,-3.913450,-13.807434,-2.160345,-9.040900,21.935007,-5.211237,-1.431951,7.267099,-5.628102,2.146113,-17.737953,20.424393,-20.923031,52.921452,17.995447,-6.427777,-14.845880,-18.341234,-16.915039,27.390741,74.398972,22.562122,-5.036263,2.912388
840.000000,790.122437,1113.870117,77.500084,-0.577528,-2.764254,87.559015,-0.785303,7.469192,11.153708,22.934723,-18.306419,-3.941051,-13.552517,-2.110124,-9.097128,21.393061,-4.983093,-1.457740,7.276163,-5.632497,2.046820,-16.844204,19.386211,-20.946484,55.329765,18.490097,-6.300302,-13.616390,-17.197796,-16.463692,27.590164,75.179756,22.141281,-4.957531,2.089675
841.000000,790.165405,1113.907104,77.546799,-0.579337,-2.649386,87.618700,-0.686925,7.447335,11.135379,22.477077,-18.059322,-3.969021,-13.415920,-2.079491,-9.209182,20.949253,-4.792893,-1.486678,7.190259,-5.665663,1.951956,-15.890706,18.594500,-20.982405,57.388592,18.916735,-6.088959,-12.547111,-16.034307,-16.161375,27.778242,75.693024,21.792486,-4.808429,1.273861
842.000000,790.199402,1113.921509,77.587479,-0.625457,-2.641112,87.708616,-0.599227,7.463735,11.072672,22.220682,-17.915022,-3.994871,-13.226529,-2.032363,-9.326986,20.578398,-4.630852,-1.511044,7.085619,-5.640962,2.023839,-15.202482,18.100927,-21.046665,58.840218,19.152679,-5.949811,-11.741639,-15.215765,-16.006039,27.880388,76.022537,21.541553,-4.722831,0.652889
843.000000,790.219299,1113.933838,77.621864,-0.621308,-2.602384,87.740591,-0.481521,7.447569,11.023024,21.880932,-17.732363,-4.017628,-13.040245,-1.994897,-9.424455,20.178143,-4.447973,-1.535358,6.973681,-5.588026,2.111628,-14.355678,17.489521,-21.269701,60.854565,19.235851,-5.854279,-10.569508,-14.270541,-15.806925,28.173391,76.687553,21.336821,-4.706939,-0.150615
844.000000,790.225525,1113.933716,77.646935,-0.548119,-2.484933,87.750341,-0.450037,7.323855,11.021996,21.527138,-17.528759,-4.014491,-13.082945,-2.064677,-9.449482,20.018871,-4.354315,-1.547045,6.985869,-5.584322,2.143769,-13.599787,16.850372,-21.654850,62.804897,19.302582,-5.688573,-9.301177,-13.451506,-15.638832,28.789970,77.521980,21.414606,-4.626717,-0.903263
845.000000,790.225098,1113.920288,77.671120,-0.433300,-2.293021,87.781977,-0.520318,7.129210,11.017727,21.152946,-17.293159,-3.992527,-13.285846,-2.209371,-9.455655,19.975353,-4.296575,-1.545235,7.022460,-5.620540,2.144841,-12.881879,16.165094,-21.959259,64.635956,19.124081,-5.520298,-7.936050,-12.691514,-15.506632,29.493076,78.159691,21.811419,-4.387083,-1.589304
846.000000,790.227966,1113.901367,77.699623,-0.318476,-2.032189,87.784222,-0.649730,6.941109,11.049199,20.732849,-17.025208,-3.964719,-13.550356,-2.339535,-9.443150,19.868359,-4.188104,-1.540088,7.038526,-5.694592,2.091440,-12.147672,15.488752,-22.081755,66.290176,18.797018,-5.374163,-6.532481,-11.973040,-15.344289,30.095032,78.596916,22.254276,-4.186063,-2.183384
847.000000,790.247009,1113.867188,77.732903,-0.256110,-1.843496,87.811311,-0.738681,6.826014,11.064293,20.328478,-16.756201,-3.950151,-13.682221,-2.397273,-9.474072,19.595522,-3.992852,-1.549961,7.027078,-5.775317,2.137791,-11.532135,14.891686,-21.954102,67.698433,18.197662,-5.238450,-5.167234,-11.351753,-15.069791,30.545237,79.025978,22.626307,-4.122489,-2.756995
848.000000,790.305969,1113.820190,77.774864,-0.225552,-1.640633,87.982811,-0.847225,6.778501,10.971699,20.023098,-16.521711,-3.956658,-13.718954,-2.423826,-9.616813,19.284769,-3.803581,-1.576082,6.992311,-5.876755,2.167560,-11.439276,14.722898,-21.444830,68.317398,17.197920,-5.172205,-4.281045,-10.889309,-14.748495,30.804096,79.402649,22.861700,-4.145339,-3.202391
849.000000,790.358276,1113.798340,77.823502,-0.198131,-1.415582,88.174153,-0.974750,6.699970,10.817480,19.540037,-16.166838,-3.971011,-13.731127,-2.474127,-9.849779,18.804455,-3.539576,-1.607552,6.817941,-6.019878,2.073648,-11.425816,14.610687,-21.258636,68.841011,16.310932,-5.170274,-3.018095,-10.274276,-14.258741,31.200026,79.912529,23.120062,-4.211817,-3.765652
850.000000,790.384644,1113.803711,77.874466,-0.178954,-1.207419,88.258613,-1.015651,6.623546,10.748608,18.988720,-15.814660,-3.980640,-13.700588,-2.487429,-10.001914,18.256165,-3.247053,-1.631215,6.610332,-6.096616,1.850597,-11.419755,14.338123,-21.248627,69.434761,15.824880,-5.225199,-1.563402,-9.610697,-13.799101,31.547771,80.313011,23.353434,-4.298974,-4.323521
851.000000,790.380615,1113.827515,77.927940,-0.151027,-1.071613,88.186245,-0.858931,6.543553,10.863367,18.320047,-15.461710,-3.981939,-13.594013,-2.449262,-9.988205,17.659859,-2.924954,-1.644450,6.461487,-6.082446,1.611767,-11.367098,13.817650,-21.249262,70.263878,15.658584,-5.326595,-0.053758,-8.934685,-13.414783,31.733070,80.534164,23.390312,-4.397703,-4.913764
852.000000,790.354126,1113.848999,77.978043,-0.099608,-1.024920,88.037816,-0.512922,6.428819,11.103460,17.569677,-15.102176,-3.967005,-13.415555,-2.421506,-9.868101,17.120838,-2.630450,-1.642256,6.395564,-6.003791,1.490761,-11.319198,13.076335,-21.141804,71.140404,15.535363,-5.440598,1.501492,-8.296263,-13.101304,32.010303,80.678436,23.390726,-4.573926,-5.613045
853.000000,790.305725,1113.862427,78.021202,-0.056553,-1.041380,87.867596,-0.215631,6.339665,11.284225,17.055712,-14.866698,-3.944036,-13.243420,-2.406297,-9.763198,16.757109,-2.431205,-1.628874,6.367461,-5.895362,1.487263,-11.320657,12.466523,-21.089176,71.756279,15.466056,-5.566992,2.592101,-7.881407,-12.915694,32.235703,80.780724,23.403427,-4.751442,-6.148205
854.000000,790.234314,1113.865601,78.062973,-0.008655,-1.004260,87.700754,0.112178,6.195518,11.541580,16.409597,-14.574293,-3.880495,-13.079457,-2.397837,-9.582176,16.270327,-2.143252,-1.587212,6.250282,-5.712476,1.435863,-11.244313,11.522170,-21.047543,72.656197,15.287165,-5.793504,3.939683,-7.537983,-12.858433,32.199978,80.839760,24.055895,-5.184778,-6.744158
855.000000,790.163635,1113.861694,78.105385,0.040342,-0.950811,87.604832,0.383073,6.016610,11.710052,15.725778,-14.235780,-3.806604,-12.939545,-2.436952,-9.481846,15.773358,-1.847640,-1.538677,5.997205,-5.550951,1.396601,-11.162535,10.564666,-21.019188,73.536911,14.978304,-6.036911,5.229672,-7.383260,-12.818074,32.198330,80.849297,24.626244,-5.664227,-7.481578
856.000000,790.105469,1113.859741,78.140121,0.083574,-0.905063,87.511041,0.622868,5.867352,11.876030,15.131564,-13.939520,-3.748581,-12.829532,-2.474308,-9.404477,15.375746,-1.610901,-1.507052,5.808432,-5.436766,1.401004,-11.033259,9.557132,-20.972113,74.363693,14.749046,-6.314113,6.507796,-7.257525,-12.720912,32.242508,80.849144,24.981909,-6.182034,-8.465514
857.000000,790.071899,1113.864014,78.166992,0.174686,-0.895056,87.351636,0.952107,5.697456,12.102483,14.476527,-13.623502,-3.713428,-12.786487,-2.525309,-9.259679,15.189869,-1.484866,-1.486658,5.764016,-5.460682,1.465130,-10.883918,8.639194,-20.947029,75.054878,14.542599,-6.642096,7.819600,-7.145571,-12.545159,32.353268,80.846146,25.225166,-6.682666,-9.624537
858.000000,790.060852,1113.883667,78.190521,0.246773,-0.845273,87.291966,1.208274,5.543432,12.224374,13.873520,-13.325419,-3.692270,-12.778054,-2.586267,-9.196335,15.066072,-1.416335,-1.473203,5.641729,-5.574849,1.474293,-10.563579,7.813599,-21.034473,75.658623,14.246412,-7.024775,9.057233,-7.024364,-12.305011,32.520630,80.841522,25.475960,-7.180465,-10.808724
859.000000,790.066528,1113.913086,78.216072,0.265716,-0.800105,87.314886,1.358829,5.475084,12.239180,13.485564,-13.129498,-3.684001,-12.706411,-2.601987,-9.224903,14.881618,-1.337972,-1.467980,5.503708,-5.675702,1.495545,-10.246971,7.236089,-21.129103,76.091049,13.852736,-7.347972,10.003492,-6.911482,-12.094891,32.644356,80.847137,25.780014,-7.597332,-11.692006
860.000000,790.084290,1113.949341,78.239288,0.240077,-0.733856,87.375362,1.469796,5.456795,12.208456,13.111707,-12.941991,-3.685342,-12.576616,-2.571043,-9.317758,14.552850,-1.205041,-1.470397,5.330333,-5.804180,1.512976,-9.785178,6.526198,-21.259590,76.657402,13.111922,-7.784733,11.329436,-6.691110,-11.782788,32.792660,80.888153,26.332333,-8.179021,-12.863133
861.000000,790.110596,1113.988647,78.260521,0.195323,-0.657519,87.416159,1.526579,5.489759,12.171206,12.853273,-12.813839,-3.701556,-12.435943,-2.497575,-9.416166,14.192354,-1.057186,-1.484173,5.205525,-5.930619,1.549770,-9.383430,5.969010,-21.400640,77.117432,12.239011,-8.176765,12.697963,-6.447916,-11.496311,32.827068,80.911957,26.939793,-8.737122,-13.929242
862.000000,790.138367,1114.030762,78.281281,0.149947,-0.534789,87.434079,1.535211,5.535501,12.151719,12.606231,-12.692693,-3.724990,-12.327065,-2.397980,-9.490520,13.778948,-0.876650,-1.500874,5.118173,-6.053205,1.546258,-9.027729,5.539610,-21.602085,77.562363,11.288955,-8.529040,14.050515,-6.182940,-11.236488,32.889568,80.910278,27.452278,-9.245685,-14.992995
863.000000,790.164307,1114.067261,78.300545,0.101177,-0.372864,87.469301,1.459375,5.580074,12.107027,12.401102,-12.582116,-3.745802,-12.272979,-2.302359,-9.575547,13.355927,-0.679673,-1.521553,5.076851,-6.151242,1.520436,-8.841263,5.252797,-21.805748,77.951599,10.300671,-8.796036,15.282547,-5.904679,-11.025064,33.044704,80.859337,27.968353,-9.732365,-16.067863
864.000000,790.183472,1114.104492,78.319481,0.053674,-0.186999,87.534383,1.335414,5.616742,12.023943,12.211840,-12.473127,-3.763469,-12.245692,-2.223473,-9.691034,12.938673,-0.484676,-1.541582,5.035764,-6.154389,1.450662,-8.924800,5.232140,-22.053381,78.221352,9.607302,-8.830941,16.077284,-5.629275,-10.881863,33.209820,80.763748,28.423014,-10.163287,-17.098776
865.000000,790.192383,1114.146973,78.335892,0.025233,-0.016400,87.596043,1.255787,5.619629,11.967683,12.068867,-12.393242,-3.772430,-12.240598,-2.190893,-9.766029,12.683806,-0.373436,-1.554463,4.970196,-6.124929,1.400928,-9.009936,5.237098,-22.204901,78.434860,9.178950,-8.875940,16.892174,-5.453273,-10.806247,33.348324,80.661797,28.697809,-10.453860,-17.831392
866.000000,790.193115,1114.192627,78.347755,0.000593,0.112546,87.672406,1.165665,5.613940,11.884341,11.935734,-12.322864,-3.776867,-12.228393,-2.170591,-9.867900,12.429587,-0.276580,-1.569483,4.816410,-6.058692,1.367221,-9.068613,5.245208,-22.345232,78.684402,8.688919,-8.975158,18.063566,-5.283237,-10.726040,33.479156,80.512749,28.904959,-10.797299,-18.715393
867.000000,790.186951,1114.241089,78.354797,-0.025994,0.182616,87.786031,1.096275,5.603633,11.758915,11.893161,-12.304706,-3.772223,-12.194584,-2.180607,-10.002043,12.296452,-0.254053,-1.582464,4.585292,-5.968295,1.376919,-9.073813,5.255693,-22.441755,78.871452,8.355989,-9.068013,19.200994,-5.195565,-10.660976,33.511776,80.357071,28.919802,-11.060037,-19.502798
868.000000,790.178162,1114.295044,78.358200,-0.046156,0.218165,87.901815,1.069305,5.583258,11.609267,11.877151,-12.308870,-3.762745,-12.156817,-2.218867,-10.152534,12.294045,-0.312155,-1.586743,4.362849,-5.884410,1.393218,-9.064567,5.260521,-22.575268,79.001465,8.315050,-9.146260,20.221573,-5.156766,-10.627275,33.544559,80.199562,28.807533,-11.195289,-20.211050
869.000000,790.168030,1114.352783,78.359940,-0.064386,0.239487,87.989194,1.076192,5.562475,11.498541,11.856111,-12.323920,-3.751384,-12.131433,-2.251853,-10.261238,12.343383,-0.396191,-1.579970,4.229531,-5.828378,1.397647,-9.059288,5.268178,-22.785730,79.081497,8.318479,-9.252060,21.125620,-5.145496,-10.619737,33.573135,80.056236,28.582695,-11.293029,-20.841785
870.000000,790.155762,1114.410400,78.360077,-0.069087,0.242442,88.087326,1.103543,5.534384,11.413903,11.826137,-12.333054,-3.741429,-12.120951,-2.292121,-10.341076,12.434375,-0.491178,-1.569026,4.147136,-5.802552,1.403214,-9.058585,5.283779,-23.046049,79.113228,8.339032,-9.324620,21.730764,-5.146380,-10.626250,33.635796,79.970627,28.369350,-11.368350,-21.293064
871.000000,790.136597,1114.465698,78.357948,-0.063157,0.254993,88.180102,1.136812,5.475345,11.296204,11.786063,-12.344811,-3.720658,-12.143022,-2.375718,-10.448670,12.631649,-0.655179,-1.544686,4.062975,-5.789959,1.407420,-9.070411,5.308416,-23.482752,79.129837,8.483836,-9.397742,22.408974,-5.148113,-10.674951,33.806389,79.867455,28.178225,-11.483346,-21.786484
872.000000,790.109436,1114.517700,78.357010,-0.052807,0.266266,88.211893,1.180240,5.410783,11.237721,11.726473,-12.355548,-3.689441,-12.178227,-2.450263,-10.506041,12.801483,-0.789374,-1.505802,4.095520,-5.786652,1.422899,-9.123590,5.308234,-23.832680,79.135353,8.792446,-9.481054,22.926878,-5.150893,-10.808924,34.176414,79.809128,28.088041,-11.542687,-22.169031
873.000000,790.081909,1114.570435,78.357277,-0.043713,0.260588,88.193924,1.303093,5.349449,11.256551,11.575096,-12.337302,-3.667128,-12.196243,-2.495213,-10.501534,12.937435,-0.896314,-1.474311,4.183699,-5.818015,1.444874,-9.190695,5.306530,-24.077831,79.141090,9.085214,-9.551891,23.330330,-5.170087,-10.983582,34.560722,79.765717,28.086922,-11.578212,-22.328945
874.000000,790.049377,1114.619263,78.356743,-0.034681,0.244457,88.165543,1.449569,5.284735,11.274030,11.413703,-12.316501,-3.642955,-12.210550,-2.537817,-10.485009,13.094276,-1.008202,-1.445426,4.220773,-5.848026,1.474728,-9.246328,5.306718,-24.282219,79.146164,9.431015,-9.570948,23.698885,-5.261274,-11.187139,34.698601,79.701393,28.088909,-11.509917,-22.343954
875.000000,790.008118,1114.661255,78.358177,-0.032895,0.255689,88.131668,1.547903,5.220038,11.290716,11.287163,-12.303234,-3.605932,-12.220785,-2.573062,-10.465322,13.165455,-1.062700,-1.406733,4.233432,-5.846034,1.496014,-9.297562,5.306888,-24.556358,79.151291,9.870626,-9.572097,23.984161,-5.458631,-11.471216,34.762398,79.614464,28.077812,-11.318116,-22.259867
876.000000,789.959595,1114.694214,78.360802,-0.027944,0.269503,88.074122,1.630112,5.151239,11.325488,11.164209,-12.285840,-3.563411,-12.227036,-2.603425,-10.431324,13.177022,-1.074880,-1.364890,4.294768,-5.826673,1.537114,-9.384483,5.306847,-24.883240,79.199509,10.259740,-9.571118,24.125153,-5.754428,-11.834821,34.890968,79.562393,28.104750,-11.111824,-21.994251
877.000000,789.910156,1114.715576,78.362503,-0.025579,0.289458,88.033900,1.660412,5.101643,11.343966,11.111413,-12.283934,-3.527429,-12.238402,-2.629224,-10.410396,13.179732,-1.074942,-1.331817,4.343441,-5.808788,1.588321,-9.487041,5.314547,-25.122131,79.288963,10.475445,-9.566196,24.150621,-6.045392,-12.157805,35.065369,79.554924,28.141060,-10.984026,-21.668028
878.000000,789.866516,1114.728882,78.360214,-0.016898,0.368153,87.912324,1.634063,5.052462,11.416565,11.090021,-12.298763,-3.487657,-12.331338,-2.645343,-10.338327,13.208997,-1.066374,-1.298845,4.448438,-5.808438,1.635841,-9.662792,5.369915,-25.473049,79.458160,10.689104,-9.511588,24.099566,-6.453907,-12.625237,35.486317,79.504684,28.335035,-10.857949,-21.087111
879.000000,789.838623,1114.730225,78.357323,-0.043553,0.510962,87.887750,1.433930,5.058911,11.464486,11.225966,-12.370784,-3.464706,-12.484862,-2.623809,-10.299891,13.167910,-1.006371,-1.288906,4.566124,-5.828748,1.638747,-9.922791,5.565252,-25.884773,79.582031,10.826819,-9.333995,23.797144,-6.883336,-13.165788,36.084778,79.329803,29.000029,-10.705976,-20.202297
880.000000,789.825562,1114.718018,78.353165,-0.058067,0.679585,87.886231,1.111174,5.081481,11.414247,11.454346,-12.454594,-3.444473,-12.664121,-2.617041,-10.353096,13.109574,-0.935897,-1.289930,4.608083,-5.868450,1.632549,-10.288496,5.995302,-26.246012,79.549591,11.020038,-9.056247,23.095297,-7.385026,-13.861644,36.639515,79.097595,29.899725,-10.481141,-18.875669
881.000000,789.833618,1114.673950,78.345177,-0.054161,0.916732,87.923559,0.669345,5.099205,11.361995,11.730068,-12.527707,-3.426891,-12.969747,-2.632224,-10.417124,13.123244,-0.877566,-1.301701,4.641596,-5.987061,1.621715,-10.808061,6.735343,-26.487082,79.117455,11.415771,-8.575380,21.899839,-8.105721,-14.790689,37.168045,78.887337,30.758245,-10.114887,-17.048061
882.000000,789.862976,1114.599854,78.338135,-0.044849,1.100238,88.021237,0.190585,5.123579,11.236860,12.058668,-12.583148,-3.415381,-13.236266,-2.659867,-10.547951,13.103663,-0.794718,-1.330442,4.620267,-6.169890,1.716840,-11.595782,7.841714,-26.583164,78.105408,11.921176,-7.943894,20.286501,-9.091182,-15.950777,37.437103,78.670517,31.653181,-9.681497,-14.910676
883.000000,789.909912,1114.494263,78.328499,-0.027119,1.200948,88.102927,-0.126540,5.152782,11.150249,12.322925,-12.620005,-3.412039,-13.392684,-2.672386,-10.642996,13.101051,-0.728689,-1.379845,4.616834,-6.338098,1.853614,-12.468005,8.910477,-26.611691,77.103386,12.311783,-7.494716,18.847488,-9.993665,-16.978140,37.460617,78.515259,32.432209,-9.361926,-13.149008
884.000000,789.964172,1114.362183,78.318214,-0.056677,1.193721,88.105858,-0.470657,5.255529,11.104490,12.766028,-12.720038,-3.418156,-13.470244,-2.617471,-10.730717,13.003488,-0.571294,-1.475980,4.663035,-6.536632,2.124062,-14.134633,10.649731,-26.850622,75.829544,12.637465,-7.165795,16.699503,-11.459332,-18.619320,37.564514,78.431969,33.620678,-8.995898,-10.625871
885.000000,790.022827,1114.224487,78.309296,-0.094988,1.042327,87.931422,-0.622617,5.433844,11.208448,13.202351,-12.853222,-3.447797,-13.359750,-2.437868,-10.705153,12.731222,-0.300636,-1.598518,4.949634,-6.689134,2.499610,-16.477022,12.655285,-27.423637,75.133034,12.554116,-7.287709,14.449941,-13.070374,-20.634262,37.995728,78.430351,34.905518,-8.821036,-7.966039
886.000000,790.086914,1114.101929,78.303268,-0.159414,0.719660,87.854744,-0.532298,5.615627,11.282025,13.564396,-12.982896,-3.493324,-13.035139,-2.253264,-10.717079,12.465945,-0.079725,-1.724008,5.218710,-6.806119,2.967457,-19.109394,14.704552,-28.201811,75.055336,12.176425,-7.663479,12.400805,-14.674216,-22.756359,38.727493,78.535652,36.468102,-8.868769,-5.346791
887.000000,790.156067,1114.017334,78.298973,-0.256599,0.273094,87.845854,-0.268787,5.819881,11.216985,13.926051,-13.140709,-3.561575,-12.471135,-2.073638,-10.849980,12.197496,0.061209,-1.820750,5.287602,-6.873293,3.498477,-21.655153,16.855764,-29.333250,75.058708,11.659722,-8.074858,10.452148,-16.251755,-24.739994,39.675144,78.850494,37.986343,-9.107764,-2.832231
888.000000,790.227112,1114.005615,78.299873,-0.344613,-0.097060,87.772459,0.127883,6.025814,11.230343,14.088767,-13.262548,-3.660092,-11.897170,-1.855358,-10.904125,11.923023,0.154318,-1.888020,5.418288,-6.931165,3.833583,-23.754965,18.854990,-30.577440,75.192207,11.189742,-8.659526,8.538837,-17.378267,-26.424545,40.780735,79.044228,39.155430,-9.458033,-0.489184
889.000000,790.299683,1114.054688,78.313370,-0.463277,-0.353193,87.954559,0.443130,6.196904,11.031134,14.095641,-13.308349,-3.749221,-11.293475,-1.694541,-11.187711,11.501373,0.236353,-1.939874,5.291070,-6.972156,3.912941,-25.342319,20.576414,-31.673832,75.522194,11.021852,-9.244135,6.627918,-17.999247,-27.694893,41.755322,79.053749,39.722534,-9.845010,1.737412
890.000000,790.360352,1114.143921,78.335762,-0.561137,-0.615464,88.188223,0.867191,6.298595,10.782540,13.875387,-13.259542,-3.817188,-10.637970,-1.600165,-11.546303,11.068120,0.277976,-1.973998,5.120209,-6.976765,3.981040,-26.483402,21.854794,-32.562492,76.037811,11.006140,-9.669185,4.705509,-18.162928,-28.499105,42.412903,78.932175,40.023972,-10.142561,3.856615
891.000000,790.398376,1114.256592,78.356491,-0.628862,-0.815317,88.296295,1.225717,6.344180,10.696618,13.614585,-13.196235,-3.858129,-10.224904,-1.537866,-11.721092,10.810237,0.286539,-1.990971,5.048390,-6.951281,3.996290,-26.994102,22.555336,-33.081184,76.510849,11.002537,-9.903452,3.232308,-18.088303,-28.789272,42.653767,78.755173,40.168354,-10.208757,5.380680
892.000000,790.419861,1114.370850,78.369179,-0.645022,-0.920136,88.234756,1.683654,6.367025,10.747792,13.205529,-13.098719,-3.902133,-9.896578,-1.465571,-11.770932,10.665051,0.237786,-2.009431,5.032608,-6.885991,3.987035,-27.245903,23.272234,-33.454662,77.223778,10.997929,-10.152851,1.116169,-17.818989,-28.819216,42.711620,78.408539,40.287395,-10.214438,7.392582
893.000000,790.438416,1114.463135,78.373520,-0.623451,-0.936049,88.155651,2.003651,6.339175,10.857780,12.829927,-12.999069,-3.929625,-9.842045,-1.451495,-11.730030,10.776217,0.100248,-2.027444,5.025383,-6.846533,4.004733,-27.255011,23.804018,-33.503143,78.096893,11.078032,-10.254826,-1.095000,-17.428257,-28.550432,42.672855,77.981583,40.427467,-10.179674,9.332891
894.000000,790.450256,1114.534912,78.375122,-0.607124,-0.854993,88.214476,2.076849,6.293220,10.836003,12.620408,-12.941347,-3.937484,-9.918921,-1.502688,-11.810523,10.935834,-0.053718,-2.037578,4.913486,-6.796035,4.061431,-27.124880,24.183399,-33.512218,78.795380,11.435152,-9.957980,-3.384897,-16.993277,-28.030653,42.505436,77.652451,40.452278,-10.035249,11.274169
895.000000,790.459473,1114.597656,78.375114,-0.572116,-0.652618,88.244206,1.977933,6.228744,10.804819,12.444087,-12.875666,-3.943893,-10.169925,-1.576888,-11.883354,11.134331,-0.200005,-2.045787,4.841813,-6.759415,4.052286,-26.792887,24.412107,-33.608562,79.083420,11.949739,-9.326430,-5.540317,-16.600958,-27.272106,42.411320,77.590775,40.466011,-9.679289,13.051261
896.000000,790.470886,1114.651733,78.370743,-0.510141,-0.366838,88.079908,1.831423,6.167610,10.963583,12.238029,-12.798022,-3.954759,-10.604044,-1.613317,-11.776828,11.397367,-0.320256,-2.062115,5.017745,-6.775822,4.011675,-26.343752,24.517347,-33.797729,79.122147,12.388188,-8.708460,-7.457035,-16.280321,-26.431623,42.407001,77.584602,40.518208,-9.059703,14.640890
897.000000,790.482483,1114.702393,78.363358,-0.460056,-0.049584,87.801468,1.690493,6.149155,11.183256,12.119053,-12.765749,-3.966628,-10.976640,-1.592825,-11.609153,11.557428,-0.367047,-2.084122,5.262392,-6.795460,3.972893,-25.917717,24.527689,-33.879967,79.121399,12.797609,-8.355136,-8.741127,-16.090221,-25.788576,42.406281,77.580795,40.562080,-8.512802,15.775168
898.000000,790.485962,1114.771973,78.359589,-0.415789,0.172244,87.487638,1.633942,6.133236,11.520118,11.909262,-12.722889,-3.980226,-11.343013,-1.529960,-11.343878,11.679017,-0.401002,-2.105922,5.579684,-6.812462,3.968282,-25.189140,24.488672,-33.892563,79.120186,13.563204,-8.016590,-10.104410,-15.900691,-24.970106,42.404781,77.570221,40.585541,-7.840791,17.119186
899.000000,790.470703,1114.884033,78.360252,-0.415127,0.330724,87.299538,1.717826,6.107225,11.767761,11.627777,-12.685377,-3.986675,-11.532315,-1.479728,-11.160657,11.745145,-0.471753,-2.098491,5.721486,-6.775237,3.880684,-24.142344,24.352896,-33.895271,79.159767,14.308974,-7.763865,-11.013384,-15.664479,-24.182066,42.406471,77.602013,40.589020,-7.303692,18.243484
900.000000,790.441162,1115.055908,78.360748,-0.441477,0.533197,87.119086,1.809045,6.100456,11.943779,11.360313,-12.688781,-3.996215,-11.673527,-1.427516,-11.056203,11.810469,-0.590260,-2.086527,5.884674,-6.674029,3.574185,-22.904110,24.020536,-33.808697,79.382233,15.110643,-7.585969,-11.465385,-15.175239,-23.511488,42.445496,77.670944,40.587563,-6.902574,19.098742
901.000000,790.408142,1115.251221,78.357826,-0.478073,0.794699,87.002848,1.808460,6.101375,12.088445,11.159537,-12.733208,-4.007936,-11.902638,-1.393084,-10.995973,11.964643,-0.767069,-2.079058,6.148983,-6.584303,3.053770,-21.544533,23.587408,-33.687504,79.698219,16.049179,-7.352878,-11.426787,-14.475933,-22.985058,42.593777,77.680153,40.597740,-6.407423,19.643616
902.000000,790.374084,1115.426636,78.351082,-0.503322,1.010785,86.929589,1.782661,6.091584,12.177886,11.045862,-12.806573,-4.009801,-12.132789,-1.404028,-10.993627,12.214978,-0.991335,-2.062060,6.330033,-6.515942,2.611952,-20.111057,23.242592,-33.672466,79.957199,17.031080,-7.025075,-11.041945,-13.870840,-22.554953,42.704292,77.688477,40.605423,-5.802719,19.954062
903.000000,790.341064,1115.585083,78.347740,-0.550615,1.021136,86.898766,1.915927,6.090963,12.215899,10.940752,-12.859690,-4.012211,-12.125312,-1.402690,-11.015032,12.349887,-1.150080,-2.039108,6.424312,-6.460595,2.481485,-19.032694,23.016766,-33.564995,80.216141,17.967916,-6.768881,-10.449044,-13.529668,-22.260504,42.725903,77.803528,40.601868,-5.402650,20.067419
904.000000,790.307068,1115.761841,78.344032,-0.633967,1.015183,86.864273,2.144176,6.129753,12.233084,10.842041,-12.973376,-4.021446,-11.994523,-1.360731,-11.068647,12.441965,-1.345389,-2.002768,6.547008,-6.384087,2.294742,-17.495167,22.652214,-33.229485,80.727592,19.728539,-6.314337,-9.215711,-13.046608,-21.867252,42.727699,78.192886,40.561398,-4.964337,20.102718
905.000000,790.264709,1115.940430,78.340492,-0.724685,0.978151,86.771772,2.401467,6.198137,12.314488,10.774926,-13.121331,-4.028814,-11.816486,-1.271141,-11.072870,12.456182,-1.494508,-1.967236,6.833912,-6.313049,2.080340,-15.891843,22.173414,-32.850025,81.205559,21.960098,-5.593576,-7.663815,-12.421892,-21.604521,42.727119,78.519821,40.494019,-4.502581,20.073050
906.000000,790.207886,1116.114990,78.339043,-0.804605,0.892536,86.671274,2.759203,6.230125,12.416968,10.615853,-13.226233,-4.027717,-11.592075,-1.202109,-11.051643,12.477359,-1.641238,-1.913213,7.175740,-6.251841,1.912033,-14.216812,21.549213,-32.529247,81.646980,24.269369,-4.711168,-5.915911,-11.717555,-21.420324,42.723549,78.711647,40.495426,-4.028955,19.963755
907.000000,790.135681,1116.255127,78.336533,-0.852460,0.810252,86.609735,3.080477,6.202073,12.477383,10.460016,-13.299934,-3.993773,-11.423279,-1.200430,-11.031405,12.577711,-1.796103,-1.834295,7.446730,-6.230101,1.823187,-12.510618,20.765022,-32.258503,82.099083,26.308708,-3.716432,-4.011049,-11.062476,-21.224907,42.718765,78.819618,40.552364,-3.591338,19.756264
908.000000,790.049988,1116.345825,78.333138,-0.881006,0.784602,86.632333,3.207906,6.138051,12.453624,10.432066,-13.383607,-3.928780,-11.367930,-1.270079,-11.069129,12.714968,-1.927183,-1.744303,7.590463,-6.239841,1.802566,-10.899203,19.871845,-32.036892,82.475433,27.840237,-2.739660,-2.224235,-10.495646,-20.995667,42.713223,78.855438,40.816044,-3.275286,19.488291
909.000000,789.960632,1116.388306,78.331329,-0.901545,0.811016,86.682208,3.183223,6.082871,12.403927,10.484450,-13.452553,-3.862005,-11.375641,-1.340369,-11.121264,12.768808,-1.972987,-1.671605,7.674788,-6.266171,1.815580,-9.787745,19.133593,-31.878677,82.699532,28.774927,-2.056816,-1.004443,-10.102104,-20.777864,42.709812,78.859184,41.218479,-3.116098,19.267458
910.000000,789.863464,1116.395874,78.328812,-0.891769,0.911343,86.679853,3.051346,5.985541,12.384224,10.571507,-13.525601,-3.758367,-11.496293,-1.446873,-11.142026,12.835078,-1.986124,-1.578228,7.894091,-6.351469,1.843692,-8.508395,18.073187,-31.663137,82.941071,29.778728,-1.242947,0.463376,-9.609903,-20.435793,42.733898,78.857292,41.980988,-2.971586,18.984093
911.000000,789.764099,1116.376831,78.326401,-0.848659,1.055037,86.663136,2.858470,5.842639,12.402695,10.599623,-13.543928,-3.647947,-11.745472,-1.590611,-11.125458,12.957730,-1.992257,-1.493242,8.215483,-6.506985,1.839775,-7.512663,16.967855,-31.382835,83.193306,30.381605,-0.565587,1.792432,-9.146735,-20.086817,42.789654,78.853355,42.815742,-2.868071,18.740833
912.000000,789.655273,1116.332642,78.324127,-0.810583,1.203429,86.675159,2.584189,5.690543,12.393610,10.701189,-13.573913,-3.522619,-12.020757,-1.753577,-11.120874,13.058337,-1.963695,-1.404202,8.508338,-6.684642,1.828388,-6.725895,15.771402,-31.022865,83.507538,30.738588,0.058921,3.159741,-8.796846,-19.736012,42.805637,78.856651,43.532825,-2.716816,18.458523
913.000000,789.550842,1116.275146,78.324097,-0.785633,1.308552,86.674338,2.346688,5.569652,12.393684,10.815771,-13.598823,-3.426682,-12.219810,-1.879763,-11.111270,13.078605,-1.882489,-1.335596,8.700555,-6.853986,1.822291,-6.135540,14.614036,-30.586578,83.859985,31.037027,0.599848,4.462833,-8.619431,-19.374041,42.803989,78.864494,43.843739,-2.595417,18.101397
914.000000,789.456726,1116.213257,78.329773,-0.798749,1.348969,86.673852,2.172998,5.507831,12.395744,10.950127,-13.631737,-3.347073,-12.253483,-1.935336,-11.119211,12.899692,-1.702292,-1.279230,8.781353,-7.007240,1.824320,-5.746466,13.467988,-30.073370,84.377113,31.356413,1.093924,5.796627,-8.567373,-18.919088,42.769527,78.922630,43.874268,-2.555443,17.651077
915.000000,789.370300,1116.144775,78.337936,-0.832335,1.362543,86.694390,1.994765,5.488027,12.379167,11.148102,-13.685401,-3.267537,-12.186529,-1.953614,-11.167712,12.582934,-1.454996,-1.233516,8.808673,-7.139941,1.816545,-5.609590,12.296711,-29.517084,85.079239,31.610971,1.592020,7.141965,-8.558872,-18.369493,42.703671,79.045937,43.874954,-2.566607,17.142473
916.000000,789.288879,1116.071899,78.347610,-0.871407,1.355641,86.719887,1.874813,5.482697,12.364552,11.297494,-13.722099,-3.210461,-12.098633,-1.958570,-11.217472,12.303729,-1.249525,-1.204820,8.809781,-7.228428,1.810322,-5.613554,11.446737,-29.073519,85.604118,31.722931,1.935668,8.146909,-8.557132,-17.920456,42.640713,79.157410,43.870148,-2.594590,16.767368
917.000000,789.211243,1115.997681,78.359245,-0.917547,1.332423,86.734253,1.741503,5.485088,12.357946,11.469735,-13.758522,-3.137446,-11.938607,-1.946538,-11.285056,11.861171,-0.935068,-1.171625,8.809597,-7.313688,1.794801,-5.698940,10.401992,-28.462868,86.240852,31.785915,2.288738,9.478210,-8.554103,-17.313709,42.512684,79.328659,43.865852,-2.648882,16.301981
918.000000,789.137756,1115.922852,78.372955,-0.969430,1.275838,86.750950,1.658072,5.497689,12.360285,11.610311,-13.780130,-3.066521,-11.718897,-1.920550,-11.375815,11.363908,-0.587365,-1.148820,8.810499,-7.350653,1.801068,-5.852922,9.524904,-27.908758,86.777054,31.826097,2.524234,10.738832,-8.541163,-16.754551,42.329231,79.478928,43.887455,-2.706679,15.859437
919.000000,789.071533,1115.854248,78.385864,-1.020280,1.199275,86.714034,1.635729,5.521492,12.405462,11.721474,-13.796360,-2.995955,-11.469793,-1.876630,-11.463670,10.865817,-0.230345,-1.132746,8.836925,-7.350848,1.797766,-6.037208,8.870243,-27.456480,87.323029,31.876686,2.787588,11.991393,-8.487311,-16.267744,42.147316,79.560120,43.934559,-2.753036,15.405108
920.000000,789.009033,1115.786743,78.395828,-1.057727,1.100214,86.655570,1.659556,5.540014,12.494622,11.813864,-13.813427,-2.929598,-11.237105,-1.835462,-11.519640,10.444644,0.081330,-1.117256,8.852942,-7.329691,1.783096,-6.180771,8.489716,-27.034216,87.925621,31.897200,3.078734,13.257606,-8.421338,-15.871006,42.000290,79.576859,43.957382,-2.789981,14.917450
921.000000,788.944702,1115.714844,78.402115,-1.076222,1.003837,86.602599,1.679617,5.533006,12.581011,11.905874,-13.830274,-2.866161,-11.065655,-1.833645,-11.580533,10.153081,0.322330,-1.102606,8.871327,-7.291936,1.778965,-6.287870,8.232159,-26.670525,88.412384,31.910059,3.339235,14.390488,-8.345247,-15.597060,41.940483,79.579796,43.978661,-2.850016,14.422769
922.000000,788.881165,1115.636475,78.404907,-1.072888,0.924727,86.522417,1.688844,5.509539,12.668642,11.961025,-13.836722,-2.818224,-10.988118,-1.852969,-11.625499,9.999600,0.471033,-1.101525,8.918340,-7.257803,1.777496,-6.355892,8.111312,-26.390425,88.655266,31.915504,3.579654,15.154774,-8.284238,-15.463131,41.934578,79.580124,43.993092,-2.880723,14.039470
923.000000,788.819336,1115.550903,78.406128,-1.056868,0.861508,86.399243,1.695848,5.471958,12.840823,12.014112,-13.835645,-2.758313,-10.952897,-1.881441,-11.644322,9.859403,0.653327,-1.100179,8.995078,-7.201716,1.781810,-6.400653,8.044792,-26.051884,88.795471,31.927130,3.915674,16.123299,-8.253844,-15.360260,41.928032,79.579269,44.008289,-2.889645,13.560019
924.000000,788.763550,1115.456299,78.403465,-1.016072,0.807130,86.262636,1.684041,5.420501,13.044427,12.073392,-13.832753,-2.694161,-10.991727,-1.935427,-11.648303,9.827700,0.780346,-1.101242,9.020301,-7.156576,1.806702,-6.405013,8.018134,-25.807243,88.848717,31.943913,4.281752,17.141237,-8.277612,-15.293993,41.842560,79.537621,44.013008,-2.893214,13.054751
925.000000,788.714233,1115.358398,78.397163,-0.967511,0.724470,86.197212,1.653043,5.359032,13.191481,12.196010,-13.849840,-2.626971,-11.018940,-2.023277,-11.682003,9.858077,0.835968,-1.104604,8.955710,-7.115070,1.881435,-6.407684,8.005342,-25.673998,88.864250,32.030136,4.653688,18.117069,-8.323465,-15.238128,41.601124,79.388542,43.993916,-2.894718,12.462008
926.000000,788.669373,1115.263550,78.389229,-0.909661,0.654425,86.111123,1.623703,5.294918,13.342851,12.306425,-13.863029,-2.571413,-11.096742,-2.118107,-11.659355,9.986592,0.842260,-1.088144,8.901025,-7.078175,1.937030,-6.408173,7.981999,-25.576532,88.892204,32.234013,4.970913,19.037062,-8.343091,-15.193928,41.237988,79.100922,43.716057,-2.897346,11.783112
927.000000,788.633789,1115.173340,78.381256,-0.844782,0.614633,86.048517,1.579180,5.242631,13.453005,12.382347,-13.863648,-2.532583,-11.195030,-2.198554,-11.638779,10.120989,0.829963,-1.072941,8.856902,-7.062794,1.952972,-6.407616,7.961781,-25.509533,88.916321,32.428848,5.170529,19.700891,-8.355084,-15.164259,40.896259,78.786362,43.302856,-2.899666,11.245899
928.000000,788.602783,1115.078125,78.372589,-0.763213,0.598049,86.019850,1.484818,5.160000,13.561107,12.481159,-13.849607,-2.480228,-11.355556,-2.327135,-11.630648,10.326653,0.792362,-1.054545,8.746611,-7.069528,1.957308,-6.406687,7.946288,-25.428841,88.934769,32.610771,5.365425,20.484058,-8.406022,-15.133463,40.376530,78.297020,42.725906,-2.902500,10.573145
929.000000,788.571289,1114.989136,78.365463,-0.694346,0.570742,85.942041,1.406413,5.076746,13.696175,12.563293,-13.828733,-2.427682,-11.497477,-2.439707,-11.579731,10.482099,0.780185,-1.028026,8.638052,-7.073295,1.955818,-6.407371,7.939013,-25.225271,88.944496,32.682438,5.458495,21.239660,-8.500362,-15.147065,39.655678,77.668274,42.373837,-2.902180,9.846843
930.000000,788.543579,1114.909424,78.360550,-0.660282,0.535803,85.823670,1.356364,5.050375,13.874010,12.663147,-13.838078,-2.388041,-11.540250,-2.458033,-11.469331,10.441292,0.859102,-1.001414,8.632970,-7.051437,1.936291,-6.427574,7.943463,-24.824715,88.988823,32.742004,5.469609,22.011206,-8.537155,-15.243260,38.821152,76.737236,42.406998,-2.907433,8.899609
931.000000,788.527771,1114.831543,78.356415,-0.628577,0.529349,85.731681,1.273203,5.038815,14.009171,12.766807,-13.842716,-2.362050,-11.594873,-2.464041,-11.391020,10.390479,0.944525,-0.998822,8.614717,-7.061865,1.886162,-6.481921,8.008835,-24.426500,89.081741,32.762115,5.459083,22.782440,-8.558701,-15.446407,38.120975,75.418900,42.582947,-2.925467,7.793777
932.000000,788.526123,1114.754395,78.352875,-0.599006,0.520877,85.694707,1.191995,5.032541,14.068144,12.852036,-13.839524,-2.347191,-11.644753,-2.478033,-11.371930,10.379350,0.994237,-1.013124,8.578412,-7.102161,1.855824,-6.559595,8.129571,-24.116497,89.167160,32.771343,5.421818,23.374878,-8.577766,-15.681999,37.608948,74.159851,42.789085,-2.986889,6.908009
933.000000,788.535156,1114.673950,78.347054,-0.550439,0.530785,85.651461,1.071032,5.018357,14.134189,12.963450,-13.828002,-2.329366,-11.760252,-2.510605,-11.349541,10.449204,1.022806,-1.046587,8.533008,-7.195913,1.814314,-6.685709,8.377558,-23.755852,89.254333,32.749821,5.356552,24.140846,-8.664638,-16.032076,36.953384,72.388359,43.076450,-3.138491,5.687152
934.000000,788.559570,1114.585449,78.339294,-0.482515,0.542992,85.611013,0.953394,4.985966,14.206938,13.043591,-13.790808,-2.319011,-11.953348,-2.568006,-11.317511,10.652539,0.996236,-1.100566,8.451039,-7.343593,1.787246,-6.840635,8.720729,-23.507738,89.284256,32.689404,5.328501,24.852457,-8.882905,-16.376888,36.212273,70.344742,43.276577,-3.221761,4.282188
935.000000,788.605835,1114.493774,78.336044,-0.416574,0.519538,85.656625,0.873063,4.952520,14.202910,13.069530,-13.708621,-2.326795,-12.091102,-2.638162,-11.372012,10.842442,0.959312,-1.178306,8.318831,-7.535779,1.800407,-7.073730,9.146941,-23.240803,89.285179,32.667999,5.279240,25.499767,-9.225684,-16.622389,35.250721,68.128891,43.323059,-3.328776,2.692352
936.000000,788.654297,1114.411499,78.333405,-0.352970,0.466460,85.660390,0.853893,4.922697,14.203424,13.059587,-13.617047,-2.338126,-12.170397,-2.692664,-11.418558,10.991248,0.936068,-1.246534,8.245012,-7.730353,1.816744,-7.359708,9.586321,-23.135277,89.283119,32.613453,5.199948,26.061050,-9.738517,-16.850685,34.404720,65.946770,43.354046,-3.522625,1.149736
937.000000,788.691406,1114.341919,78.330956,-0.292805,0.419479,85.616443,0.871517,4.899745,14.247881,13.036123,-13.554619,-2.343803,-12.217402,-2.719083,-11.410350,11.080984,0.931837,-1.287451,8.244509,-7.861877,1.793007,-7.567397,9.906364,-23.083174,89.280571,32.574169,5.094208,26.439156,-10.217658,-17.135405,33.877728,64.149323,43.376301,-3.670047,0.080123
938.000000,788.707703,1114.280518,78.330376,-0.248745,0.363048,85.621122,0.890598,4.859943,14.279670,13.010927,-13.481030,-2.343106,-12.238438,-2.764148,-11.422990,11.136183,0.950086,-1.321717,8.147307,-7.972807,1.705843,-7.768731,10.258991,-22.899876,89.275070,32.546944,4.913898,26.889999,-10.926110,-17.663473,33.081966,61.687096,43.263290,-3.879417,-1.076527
939.000000,788.693115,1114.217529,78.335701,-0.243189,0.315039,85.908676,0.807697,4.821485,14.102036,13.091969,-13.450716,-2.325242,-12.166104,-2.853915,-11.615722,11.084342,0.981031,-1.325706,7.759384,-7.971722,1.587128,-7.838845,10.452141,-22.668543,89.263710,32.520443,4.768912,27.231052,-11.514752,-18.240974,32.257656,59.668064,42.974323,-4.001060,-1.791383
940.000000,788.643250,1114.153809,78.340851,-0.230205,0.340849,86.275881,0.581626,4.721396,13.743340,13.221790,-13.404295,-2.265670,-12.119168,-3.049514,-11.969588,11.024821,1.013955,-1.302944,6.992611,-7.914044,1.329430,-7.866907,10.636971,-22.368505,89.245125,32.513367,4.556143,27.632500,-12.214202,-19.395542,30.827480,56.487118,42.551517,-4.051864,-2.600331
941.000000,788.558838,1114.069702,78.343758,-0.168824,0.338284,86.483132,0.420622,4.552270,13.514038,13.250973,-13.314235,-2.167838,-12.181775,-3.279463,-12.171633,11.106244,1.025407,-1.256053,6.264242,-7.837614,1.140714,-7.913620,10.781813,-21.906815,89.212868,32.568027,4.249721,27.987867,-12.903396,-21.066961,28.988333,52.686493,42.273117,-4.062077,-3.218424
942.000000,788.455261,1113.984619,78.350357,-0.088190,0.279443,86.562675,0.445956,4.323131,13.461157,13.077215,-13.146847,-2.036888,-12.234738,-3.505823,-12.201677,11.191768,1.069319,-1.184094,5.795790,-7.761271,1.051567,-8.065312,10.857996,-21.135048,89.154945,32.650024,3.887907,28.350662,-13.935825,-23.331264,27.333797,49.352207,42.267521,-4.347825,-3.492375
943.000000,788.340271,1113.903320,78.355186,-0.023381,0.193908,86.675433,0.516775,4.095127,13.408122,12.903049,-12.995010,-1.892582,-12.223243,-3.729165,-12.238642,11.238707,1.122785,-1.095223,5.402028,-7.684773,0.985911,-8.220430,10.927320,-20.421453,88.983971,32.682816,3.500206,28.671593,-15.315775,-26.141230,25.987576,46.716068,42.287567,-4.720152,-3.571785
944.000000,788.227417,1113.836304,78.355156,-0.016379,0.030788,86.802607,0.575859,3.951921,13.299255,12.961461,-12.977655,-1.762249,-12.096368,-3.905392,-12.333409,11.281432,1.155424,-1.028733,5.089213,-7.560622,1.017598,-8.403544,11.063652,-19.927052,88.769745,32.772976,2.976412,28.820406,-16.684553,-29.643688,24.837090,44.025639,42.569660,-4.993577,-3.577923
945.000000,788.122009,1113.794189,78.355057,-0.073152,-0.138631,87.049849,0.567839,3.910667,13.139360,13.155730,-13.049533,-1.678066,-11.898323,-3.997479,-12.488310,11.206198,1.199624,-0.960358,4.783779,-7.427893,1.023097,-8.482388,11.252294,-19.528187,88.562012,32.834152,2.503429,28.842583,-17.759329,-32.624050,24.065107,42.286079,42.872353,-5.313886,-3.344191
946.000000,788.008728,1113.765259,78.355507,-0.130729,-0.335469,87.405000,0.551403,3.854158,12.835691,13.453684,-13.168646,-1.561955,-11.581747,-4.150196,-12.784477,11.124621,1.210715,-0.841064,4.227480,-7.236605,1.035279,-8.532950,11.572145,-18.865496,88.267708,32.981369,1.893999,28.848410,-19.443750,-36.767857,22.932779,41.078152,43.416294,-5.974705,-2.551415
947.000000,787.900635,1113.753296,78.358749,-0.168719,-0.587046,87.641151,0.696554,3.759583,12.576904,13.576138,-13.224664,-1.449528,-11.229755,-4.324176,-13.061968,11.109777,1.174139,-0.732775,3.889075,-7.079654,1.134472,-8.731232,11.866500,-18.368364,88.057487,33.446404,1.461118,28.849962,-21.231936,-41.093586,21.738297,41.181744,44.615456,-6.834120,-1.571561
948.000000,787.809326,1113.763672,78.364578,-0.204238,-0.787773,87.807234,0.944125,3.684386,12.466611,13.552671,-13.245351,-1.367144,-10.891567,-4.428560,-13.216146,11.047729,1.161356,-0.636438,3.837320,-6.939429,1.243955,-8.947731,12.141926,-18.119061,87.815269,34.100529,1.114828,28.850285,-22.990992,-45.527077,20.972931,42.169956,46.001511,-7.612295,-0.588484
949.000000,787.743591,1113.784302,78.375633,-0.216499,-1.140230,87.769455,1.509810,3.616978,12.533274,13.246196,-13.170398,-1.324391,-10.419711,-4.462067,-13.228442,10.940830,1.143507,-0.555531,3.965954,-6.841577,1.557225,-9.147484,12.440603,-17.521578,87.547501,34.858131,0.704216,28.837566,-24.992983,-49.915165,20.739122,43.947525,47.518555,-8.020112,0.767789
950.000000,787.706482,1113.814819,78.373550,-0.216797,-1.444982,87.364841,1.987567,3.630370,12.848594,13.014482,-13.154118,-1.322151,-10.176304,-4.381340,-12.999785,10.935536,1.122430,-0.530243,4.263998,-6.773532,1.798896,-9.197536,12.710093,-17.095047,87.233986,35.454521,0.427963,28.760292,-26.772186,-53.134838,20.948315,45.572628,48.952312,-8.053873,1.948828
951.000000,787.697021,1113.833008,78.364243,-0.239200,-1.800475,87.040259,2.552980,3.725551,13.316668,12.929362,-13.244940,-1.339425,-9.869890,-4.211418,-12.654948,10.965723,1.081643,-0.520997,4.660446,-6.633777,2.232734,-9.195528,13.094345,-16.833269,86.678314,36.135124,0.124376,28.548603,-29.584682,-57.189911,21.896811,47.972893,50.900978,-8.028215,3.730978
952.000000,787.719116,1113.851685,78.356750,-0.255702,-2.071094,86.948231,2.955497,3.798411,13.461506,12.954614,-13.331354,-1.358182,-9.558226,-4.141118,-12.585892,11.068435,0.954742,-0.516367,4.741857,-6.512151,2.702468,-9.181315,13.448447,-16.721630,86.024681,36.597836,-0.115711,28.251383,-33.072449,-60.984119,23.710155,51.139172,52.305153,-8.103534,5.885202
953.000000,787.779724,1113.885010,78.355934,-0.262132,-2.231546,86.856838,3.263685,3.872482,13.566750,12.869515,-13.346640,-1.417341,-9.369769,-4.065784,-12.545966,11.166398,0.833988,-0.531344,4.831230,-6.464213,3.051574,-9.121245,13.765666,-16.684597,85.134636,36.953773,-0.237705,27.809940,-36.759686,-64.276703,26.182720,54.550220,53.192871,-8.273095,8.111561
954.000000,787.877319,1113.937134,78.359695,-0.268670,-2.257563,86.766920,3.463692,3.975098,13.684028,12.704238,-13.313171,-1.519777,-9.296698,-3.949309,-12.514914,11.193583,0.750704,-0.578345,4.962482,-6.490323,3.239338,-9.039466,14.027276,-16.680202,84.141388,37.303513,-0.353382,27.375784,-40.237240,-67.001160,28.774998,57.638008,53.817680,-8.430548,10.225610
955.000000,787.986755,1113.985229,78.354904,-0.247174,-2.309836,86.465378,3.715406,4.097552,13.976585,12.528611,-13.291771,-1.647466,-9.318574,-3.777737,-12.298653,11.331048,0.636812,-0.663580,5.373785,-6.552033,3.462586,-9.063142,14.147893,-16.631931,83.239151,37.892059,-0.477940,27.059959,-43.459476,-69.310631,31.492599,60.428040,54.681194,-8.612358,12.428557
956.000000,788.098145,1114.036865,78.341927,-0.251610,-2.369225,86.095771,3.933640,4.276725,14.341884,12.521989,-13.372079,-1.795839,-9.362957,-3.544033,-11.987279,11.505774,0.519462,-0.780524,6.034990,-6.568962,3.708338,-9.174208,14.088987,-16.576380,82.456932,38.718708,-0.621658,26.844322,-46.386173,-71.255875,34.243526,63.121483,55.951183,-8.742089,14.759665
957.000000,788.209595,1114.106323,78.327263,-0.342407,-2.452681,85.854695,4.023149,4.494181,14.522689,12.715114,-13.540877,-1.928782,-9.292433,-3.317720,-11.844630,11.527294,0.461458,-0.876688,6.527277,-6.510989,3.877157,-9.244877,13.947789,-16.555311,81.878822,39.284519,-0.737450,26.666655,-48.340523,-72.525162,36.242809,65.081665,57.000324,-8.828912,16.548441
958.000000,788.314209,1114.196167,78.313148,-0.444474,-2.546290,85.721210,4.120166,4.801857,14.658903,13.038155,-13.804386,-2.098050,-9.129538,-3.031017,-11.766454,11.531992,0.362248,-0.998919,7.094136,-6.371408,4.041820,-9.277128,13.676458,-16.550829,81.185692,39.715694,-0.893605,26.374208,-50.458355,-73.873970,38.676422,67.348213,58.040867,-8.908779,18.801025
959.000000,788.416809,1114.303101,78.297165,-0.530440,-2.643911,85.670868,4.251647,5.047923,14.701923,13.256580,-14.015793,-2.247741,-9.006504,-2.841293,-11.791834,11.713674,0.129602,-1.115761,7.531427,-6.196464,4.141420,-9.227229,13.314152,-16.547409,80.642464,39.870754,-1.036508,26.041065,-52.505661,-74.930145,40.951565,69.476173,58.561951,-8.762985,21.134567
960.000000,788.508545,1114.408813,78.270752,-0.578722,-2.660705,85.459791,4.335773,5.272891,14.864419,13.505773,-14.253353,-2.384069,-9.070459,-2.677475,-11.699182,12.111241,-0.180172,-1.217583,7.982700,-5.963248,4.202120,-9.035254,12.891387,-16.544058,80.092293,40.102791,-1.079768,25.695215,-54.603809,-75.802322,42.911865,71.231476,58.918575,-8.351410,23.428272
961.000000,788.602600,1114.485229,78.238991,-0.615568,-2.611652,85.240501,4.256995,5.505289,15.107297,13.883433,-14.539503,-2.512655,-9.319418,-2.505739,-11.512329,12.574686,-0.465597,-1.315630,8.444003,-5.657366,4.270746,-8.770775,12.608949,-16.542624,79.287140,40.697380,-0.931710,25.484512,-56.783642,-76.633789,44.625710,72.495926,59.168472,-7.912043,25.655058
962.000000,788.702026,1114.526123,78.200699,-0.577521,-2.472385,85.042100,4.010978,5.662903,15.291331,14.315755,-14.794581,-2.615360,-9.779684,-2.436859,-11.344529,13.232525,-0.816477,-1.410483,8.859283,-5.387604,4.386068,-8.616086,12.561132,-16.543171,78.428436,41.273232,-0.794740,25.238674,-58.961441,-77.492622,46.382080,73.359596,59.261513,-7.626421,27.709845
963.000000,788.803406,1114.534424,78.160187,-0.502697,-2.310663,84.950808,3.737550,5.732197,15.353575,14.672978,-14.964953,-2.673063,-10.209979,-2.459105,-11.268181,13.820432,-1.112169,-1.473763,9.162730,-5.211665,4.546442,-8.590804,12.557833,-16.583590,77.835869,41.522038,-0.726001,24.979702,-60.632732,-78.222481,47.863220,73.889305,59.273327,-7.522009,29.176025
964.000000,788.909546,1114.524902,78.122368,-0.394210,-2.157154,84.896461,3.399642,5.767236,15.372532,15.050065,-15.118316,-2.742752,-10.771391,-2.541031,-11.202939,14.602807,-1.496080,-1.545719,9.640660,-5.015107,4.865757,-8.640776,12.557952,-16.714724,77.103424,41.657364,-0.671290,24.680910,-62.704479,-79.291481,49.858078,74.595802,59.274563,-7.507429,30.989872
965.000000,789.013123,1114.504272,78.085297,-0.252105,-2.009131,84.867289,3.121756,5.736969,15.374951,15.264836,-15.180250,-2.820877,-11.353122,-2.665227,-11.128661,15.414444,-1.884236,-1.620811,10.195068,-4.862216,5.213263,-8.712980,12.557153,-16.943108,76.418945,41.678410,-0.656877,24.493454,-64.813263,-80.249443,51.742714,75.549820,59.149864,-7.466825,32.647068
966.000000,789.110901,1114.485596,78.048836,-0.106129,-1.900264,84.681094,2.969576,5.683959,15.470140,15.362220,-15.206044,-2.919775,-11.913299,-2.775980,-10.972177,16.239883,-2.271012,-1.707509,10.799385,-4.678213,5.583340,-8.726816,12.531869,-17.200752,75.727318,41.674240,-0.654740,24.421843,-67.351860,-80.936409,53.543068,76.638565,58.734077,-7.325631,34.072216
967.000000,789.218201,1114.474487,78.012070,0.021316,-1.785546,84.429475,2.852916,5.683591,15.703959,15.455489,-15.257465,-3.025103,-12.440559,-2.776278,-10.692469,16.904926,-2.572989,-1.792274,11.675494,-4.461655,5.863213,-8.721716,12.465173,-17.565735,74.968460,41.620468,-0.651226,24.415504,-70.087250,-81.646469,55.684273,77.506386,58.301842,-7.128294,35.279957
968.000000,789.348083,1114.464233,77.970230,0.147036,-1.645184,84.308746,2.628150,5.701807,15.786807,15.710284,-15.363806,-3.117310,-12.949184,-2.809925,-10.537601,17.598579,-2.918887,-1.872820,12.484808,-4.293789,6.085106,-8.699459,12.440922,-18.089115,74.146141,41.566479,-0.646961,24.415462,-72.866760,-82.235802,57.896553,78.156044,58.037979,-6.964541,36.313702
969.000000,789.493225,1114.458252,77.928139,0.269052,-1.499997,84.247015,2.333028,5.722606,15.769444,16.009918,-15.474617,-3.220122,-13.474501,-2.863131,-10.450708,18.309013,-3.279985,-1.967394,13.200167,-4.224109,6.192160,-8.704108,12.444136,-18.494801,73.495300,41.574516,-0.671204,24.421356,-75.675613,-82.562508,60.023979,78.695885,57.484180,-6.909569,37.266102
970.000000,789.651367,1114.450928,77.893173,0.411444,-1.434870,84.219836,2.204977,5.708508,15.728641,16.125439,-15.498462,-3.348273,-13.888673,-2.929952,-10.387847,18.991589,-3.637878,-2.082582,13.784759,-4.239487,6.307310,-8.710397,12.485250,-18.745613,73.005455,41.602100,-0.726297,24.436354,-78.543732,-82.459526,61.885998,79.201286,56.698242,-6.848524,38.142395
971.000000,789.817627,1114.433716,77.860710,0.573333,-1.359845,84.157621,2.142160,5.664382,15.719560,16.101122,-15.449670,-3.484185,-14.291061,-2.996470,-10.297995,19.628729,-3.960370,-2.205856,14.175983,-4.312118,6.366827,-8.692691,12.528642,-18.864758,72.670525,41.745979,-0.784171,24.464260,-81.549767,-81.807518,63.346687,79.624092,55.875366,-6.670246,38.912815
972.000000,789.979675,1114.400635,77.832329,0.708026,-1.312971,84.082304,2.084372,5.654139,15.725704,16.104710,-15.406904,-3.616475,-14.628955,-3.015086,-10.201170,20.141417,-4.209105,-2.337191,14.506728,-4.365986,6.430308,-8.699374,12.532657,-18.877039,72.410194,41.987488,-0.805648,24.496832,-84.595779,-80.834923,64.691460,79.832809,55.087685,-6.567851,39.609734
973.000000,790.139404,1114.348022,77.805626,0.808131,-1.302063,84.066895,2.013628,5.678532,15.684806,16.176456,-15.394827,-3.712354,-14.823198,-3.015212,-10.183396,20.454527,-4.358206,-2.448941,14.716249,-4.392362,6.508485,-8.733798,12.538019,-18.938152,72.246773,42.109482,-0.810061,24.545397,-86.787460,-79.963394,65.682060,79.996758,54.527466,-6.559598,40.154320
974.000000,790.301453,1114.273682,77.781067,0.895604,-1.380223,84.057669,1.980020,5.733002,15.623400,16.288836,-15.383981,-3.840899,-14.974250,-3.002542,-10.190586,20.806959,-4.518271,-2.607365,14.955064,-4.394290,6.725473,-8.802929,12.561435,-19.118649,72.047935,42.113377,-0.813844,24.692682,-89.562019,-78.554451,66.814316,80.438782,53.904675,-6.557696,40.902897
975.000000,790.458374,1114.188110,77.755226,1.018702,-1.432362,84.035723,1.976672,5.755290,15.599917,16.330679,-15.333847,-3.958404,-15.147339,-3.010982,-10.172749,21.179768,-4.673268,-2.758863,15.180840,-4.435935,6.965971,-8.828432,12.633313,-19.393175,71.773438,42.061375,-0.819439,24.891066,-92.079643,-76.891037,67.812958,81.103493,53.394421,-6.554792,41.613243
976.000000,790.620728,1114.067139,77.719971,1.232214,-1.492013,84.085338,1.933863,5.649359,15.514106,16.334187,-15.227609,-4.038982,-15.454195,-3.162546,-10.158489,21.774792,-4.923278,-2.894657,15.355762,-4.560545,7.303668,-8.896515,12.772248,-19.772940,71.441689,41.943790,-0.822998,25.043617,-94.579384,-75.066933,68.786682,81.980202,52.702328,-6.529311,42.330875
977.000000,790.785889,1113.939941,77.682678,1.413170,-1.506951,84.071144,1.820832,5.578407,15.441686,16.413528,-15.153063,-4.127362,-15.788538,-3.272035,-10.119846,22.317978,-5.133177,-3.034395,15.769974,-4.674644,7.655818,-9.106861,12.891786,-20.194674,71.153870,41.700058,-0.831833,25.121231,-96.979568,-73.346443,69.799553,83.028854,51.827854,-6.447391,43.021790
978.000000,790.949829,1113.823120,77.645699,1.517317,-1.557830,84.047641,1.673718,5.632720,15.383600,16.657579,-15.177978,-4.236820,-16.017824,-3.261458,-10.091695,22.696421,-5.276453,-3.175158,16.393084,-4.709870,7.982185,-9.341328,12.973356,-20.617285,70.837807,41.362465,-0.842247,25.227247,-99.186516,-71.735985,70.707268,84.170494,50.902065,-6.227324,43.629791
979.000000,791.114014,1113.727661,77.603531,1.564674,-1.533606,84.150087,1.420439,5.729605,15.244558,17.013853,-15.277203,-4.321280,-16.202160,-3.245915,-10.158346,22.962673,-5.394228,-3.282260,16.797295,-4.711816,8.116189,-9.443318,13.033854,-20.979774,70.564995,41.114811,-0.849291,25.360960,-100.699631,-70.466774,71.134354,85.080444,50.272758,-6.010350,44.049110
980.000000,791.279053,1113.658691,77.558762,1.599647,-1.388254,84.319968,0.929723,5.870736,14.981838,17.551239,-15.437957,-4.433493,-16.537176,-3.247696,-10.321303,23.329252,-5.570778,-3.433901,17.273643,-4.740588,8.110884,-9.461690,13.131231,-21.492920,70.134735,40.815014,-0.850924,25.561670,-102.521126,-68.832329,71.403999,86.241287,49.396847,-5.744989,44.589211
981.000000,791.447815,1113.598633,77.515297,1.623030,-1.216153,84.522234,0.379507,6.018879,14.701157,18.079668,-15.590882,-4.555337,-16.914524,-3.254982,-10.521829,23.683100,-5.742578,-3.600664,17.749556,-4.790975,8.057999,-9.400949,13.273859,-22.025640,69.545227,40.532772,-0.839416,25.706388,-104.337257,-67.329300,71.513885,87.355507,48.383503,-5.489817,45.118038
982.000000,791.622314,1113.538330,77.474579,1.635150,-1.118685,84.816815,-0.124852,6.166058,14.334736,18.601522,-15.728621,-4.685408,-17.185844,-3.288089,-10.811071,24.002811,-5.921618,-3.759830,18.118069,-4.821424,8.104644,-9.317326,13.485383,-22.622730,68.843964,40.126892,-0.808990,25.750015,-106.195938,-65.747055,71.526367,88.676445,47.604622,-5.258700,45.598301
983.000000,791.790894,1113.488403,77.437263,1.628325,-1.060694,85.179882,-0.575119,6.302843,13.889496,19.095175,-15.848401,-4.814126,-17.358389,-3.347588,-11.172810,24.295429,-6.114206,-3.902709,18.386221,-4.847390,8.199641,-9.275359,13.698509,-23.195780,68.228531,39.730274,-0.758764,25.756536,-107.861458,-64.283203,71.527260,89.942490,47.055565,-5.130757,46.000034
984.000000,791.951599,1113.449341,77.406532,1.579882,-1.046396,85.561742,-0.886610,6.431222,13.519815,19.471786,-15.943052,-4.917792,-17.410746,-3.373589,-11.486054,24.456093,-6.244237,-4.006969,18.568110,-4.849166,8.290214,-9.265674,13.841015,-23.585693,67.809189,39.479206,-0.709399,25.759413,-109.004112,-63.243088,71.498680,90.889633,46.730606,-5.091403,46.307903
985.000000,792.109619,1113.414429,77.371780,1.595975,-1.040320,85.890949,-1.216791,6.555607,13.098156,19.860590,-16.028282,-5.040175,-17.494572,-3.424325,-11.835088,24.710924,-6.433999,-4.130981,18.815496,-4.887996,8.414698,-9.250466,14.036926,-24.102293,67.264961,39.124641,-0.603584,25.762020,-110.373802,-61.903408,71.327461,92.200760,46.415833,-5.010286,46.699028
986.000000,792.257141,1113.379639,77.323997,1.665283,-0.919023,86.145752,-1.589321,6.580036,12.758333,20.207634,-16.097052,-5.134081,-17.784567,-3.552910,-12.062469,25.184299,-6.705213,-4.251592,19.072262,-4.997626,8.506849,-9.214122,14.272482,-24.729185,66.633575,38.606995,-0.380909,25.751520,-111.835419,-60.500103,70.931732,93.651443,46.112545,-4.784802,47.013622
987.000000,792.394653,1113.342896,77.275314,1.743757,-0.725840,86.295629,-2.053126,6.612236,12.539642,20.576252,-16.184595,-5.216568,-18.216022,-3.630259,-12.159364,25.637506,-6.925655,-4.373739,19.470083,-5.095916,8.533688,-9.174818,14.451509,-25.259600,65.949242,38.099693,-0.084486,25.745958,-113.517647,-59.166512,70.262444,95.177742,45.684151,-4.449046,47.230061
988.000000,792.517273,1113.311523,77.240448,1.747349,-0.538639,86.482511,-2.535262,6.691813,12.300152,20.932039,-16.263090,-5.301517,-18.574751,-3.654053,-12.303689,25.910246,-7.052812,-4.489800,19.790705,-5.133880,8.542480,-9.119592,14.561782,-25.553135,65.351135,37.757507,0.182313,25.747406,-115.254303,-57.918732,69.254150,96.595551,45.201077,-4.149766,47.279854
989.000000,792.631409,1113.302124,77.219498,1.677220,-0.263867,86.751991,-3.124876,6.854652,11.959584,21.319920,-16.351177,-5.390096,-18.855450,-3.619164,-12.600526,25.937756,-7.073339,-4.592195,19.844852,-5.135590,8.368167,-8.985596,14.623579,-25.583391,64.991028,37.620518,0.303945,25.751553,-116.697479,-56.778999,68.005066,97.494568,44.595577,-3.971837,47.164120
990.000000,792.736938,1113.304932,77.220787,1.558191,-0.139071,87.150642,-3.523685,7.008905,11.494088,21.547602,-16.369051,-5.477353,-18.851746,-3.594947,-13.045655,25.767725,-7.052461,-4.669985,19.591908,-5.087102,8.224580,-8.869252,14.664191,-25.581970,64.907425,37.468456,0.387778,25.755781,-117.745628,-55.712898,66.805222,97.934456,44.156982,-3.919908,46.931007
991.000000,792.829407,1113.329346,77.235252,1.453911,-0.143694,87.490052,-3.623795,7.099902,11.173141,21.578606,-16.336803,-5.540079,-18.700682,-3.574524,-13.356644,25.596870,-7.039454,-4.710186,19.301163,-5.049925,8.145176,-8.750584,14.680007,-25.476460,64.925003,37.403843,0.453999,25.752958,-118.187569,-54.926773,65.699982,98.047241,44.018074,-3.918109,46.690540
992.000000,792.898254,1113.385132,77.259384,1.355402,-0.110154,87.821032,-3.668303,7.189054,10.805532,21.510555,-16.267271,-5.605025,-18.476187,-3.539907,-13.698597,25.340288,-7.019477,-4.735339,18.783979,-5.032821,7.861762,-8.490826,14.651062,-25.113245,65.111145,37.445908,0.513905,25.743963,-118.245926,-53.787426,63.549122,97.973106,43.831181,-3.923995,46.291603
993.000000,792.938538,1113.452393,77.291718,1.300608,-0.022268,88.135929,-3.717590,7.193319,10.451406,21.300673,-16.133623,-5.634877,-18.311989,-3.564399,-14.012263,25.063591,-6.983409,-4.729187,17.987886,-5.050847,7.369155,-8.146224,14.554512,-24.532015,65.549980,37.649708,0.569737,25.705793,-117.911446,-52.525257,60.946827,97.516731,43.231220,-3.912271,45.802422
994.000000,792.946838,1113.500977,77.330833,1.235022,0.023318,88.421261,-3.709846,7.165054,10.155046,21.042080,-15.977002,-5.642439,-18.120268,-3.599834,-14.272683,24.747416,-6.902849,-4.703058,16.958582,-5.021541,6.852189,-7.831030,14.351332,-23.606270,66.251686,38.108467,0.614667,25.571394,-117.287102,-51.133858,57.807739,96.450294,42.129692,-3.874217,45.072166
995.000000,792.918457,1113.516968,77.380417,1.216330,0.013831,88.529572,-3.542990,7.099397,10.021334,20.627909,-15.752524,-5.621817,-17.874451,-3.604414,-14.383833,24.323044,-6.710648,-4.659149,15.850901,-4.901467,6.413927,-7.731929,13.988808,-22.457928,67.347359,38.868290,0.652772,25.350811,-116.382591,-49.635990,54.086857,94.698471,40.711700,-3.812299,43.984749
996.000000,792.857666,1113.510376,77.431625,1.208539,0.002166,88.531477,-3.317956,7.002535,10.029231,20.149231,-15.503127,-5.564778,-17.664051,-3.599473,-14.373901,23.877178,-6.459892,-4.606748,14.793769,-4.678985,5.997189,-7.801724,13.528600,-21.319227,68.567902,39.602345,0.763904,25.099680,-115.350319,-47.995934,50.247452,92.536026,39.176315,-3.708379,42.739689
997.000000,792.772766,1113.488403,77.481575,1.174192,-0.045888,88.448641,-3.068444,6.937251,10.113937,19.730164,-15.293442,-5.482057,-17.416492,-3.538679,-14.294687,23.363173,-6.149147,-4.545963,13.843665,-4.303315,5.604760,-8.064635,12.981233,-20.127378,69.945473,40.095066,0.824867,24.848228,-114.212677,-46.236969,46.111351,90.054672,37.569412,-3.568986,41.376118
998.000000,792.687866,1113.462769,77.531273,1.219689,-0.044754,88.339142,-2.863798,6.828649,10.219345,19.332245,-15.091587,-5.398947,-17.303539,-3.533319,-14.171730,23.044899,-5.937738,-4.490216,13.231680,-4.055788,5.291538,-8.410543,12.565901,-19.205338,71.115761,40.298389,0.829973,24.639786,-113.266624,-44.937782,43.022861,88.041389,36.311756,-3.529714,40.299812
999.000000,792.609131,1113.433472,77.587624,1.312106,0.005315,88.207844,-2.565582,6.594338,10.359337,18.598049,-14.706544,-5.281342,-17.232004,-3.595209,-13.985880,22.660429,-5.667537,-4.407286,12.513911,-3.832073,4.864268,-9.036768,12.052216,-18.043406,72.799088,40.620384,0.864388,24.337713,-111.981453,-43.329857,39.092915,85.288155,34.408066,-3.522607,38.792366
1000.000000,792.536133,1113.404053,77.641418,1.388771,0.051778,88.001822,-2.228059,6.390567,10.601050,17.811649,-14.313674,-5.178118,-17.172991,-3.590610,-13.716205,22.218298,-5.345698,-4.328370,12.061611,-3.622620,4.468967,-9.670645,11.577262,-17.042774,74.346581,41.022438,0.897320,24.087259,-110.757378,-41.890541,35.349255,82.499947,32.286495,-3.523477,37.158882
1001.000000,792.469666,1113.368530,77.692162,1.496009,0.048028,87.724073,-1.802634,6.185834,10.907810,16.981632,-13.909282,-5.092277,-17.100323,-3.572346,-13.390984,21.826828,-5.043438,-4.266250,11.760697,-3.462585,4.187438,-10.240145,11.172935,-16.174080,75.745697,41.503075,0.899411,23.944380,-109.607491,-40.571732,31.840946,79.675652,30.325619,-3.537092,35.413601
1002.000000,792.425476,1113.331055,77.733307,1.583512,0.001751,87.538698,-1.358473,5.995482,11.156031,16.208920,-13.529174,-5.030481,-16.991312,-3.571479,-13.123596,21.524595,-4.807362,-4.222984,11.290640,-3.394189,4.023190,-10.722526,10.901671,-15.302003,77.172462,41.791294,0.835040,23.879799,-108.356865,-39.218353,28.147812,76.550247,28.432518,-3.610369,33.459915
1003.000000,792.395203,1113.299561,77.775742,1.627826,-0.131815,87.355842,-0.843509,5.871054,11.359271,15.482040,-13.183806,-5.000389,-16.733873,-3.512972,-12.917298,21.142529,-4.559190,-4.192351,10.689246,-3.355794,3.956125,-11.118356,10.775909,-14.665932,78.598770,41.882061,0.806630,23.719095,-107.014168,-37.790432,24.585772,73.262573,26.562555,-3.881037,31.403257
1004.000000,792.368652,1113.276245,77.811066,1.691419,-0.342840,87.058148,-0.352908,5.784029,11.583510,14.912501,-12.934587,-4.986750,-16.507610,-3.443905,-12.699130,20.903542,-4.400034,-4.176328,10.327855,-3.360209,3.947182,-11.372684,10.711923,-14.328073,79.633102,41.921291,0.780412,23.458408,-105.942619,-36.681355,22.110939,70.777336,25.227749,-4.225933,29.809147
1005.000000,792.349976,1113.246704,77.829811,1.768183,-0.531920,86.851336,0.220758,5.651906,11.825226,14.300155,-12.669727,-4.961885,-16.283480,-3.407529,-12.439448,20.769545,-4.288729,-4.162145,9.945607,-3.409858,3.925828,-11.756862,10.629189,-13.962442,80.925064,41.944729,0.764411,23.135183,-104.590279,-35.236683,19.248581,67.738617,23.677092,-4.837253,27.698633
1006.000000,792.346069,1113.215820,77.843704,1.854386,-0.710672,86.756558,0.672675,5.498826,11.921005,13.804480,-12.436271,-4.934323,-16.113863,-3.451044,-12.299059,20.757181,-4.260565,-4.149539,9.646199,-3.528587,3.890836,-12.213833,10.574568,-13.669809,82.058060,42.003166,0.779377,22.802620,-103.357071,-33.990017,16.987164,65.038628,22.342012,-5.475556,25.635544
1007.000000,792.363098,1113.201904,77.858299,1.943532,-0.802027,86.714311,1.068390,5.330428,11.939744,13.231940,-12.155897,-4.912378,-16.003927,-3.521572,-12.224084,20.761509,-4.266885,-4.134327,9.411511,-3.791056,3.692760,-12.591387,10.572208,-13.451207,83.045990,42.228470,0.825503,22.433964,-101.857750,-32.791088,14.846888,62.120964,21.142445,-6.032074,23.383698
1008.000000,792.393433,1113.191528,77.871521,2.011788,-0.950802,86.593543,1.520413,5.206985,11.999976,12.657676,-11.905910,-4.901818,-15.856427,-3.515241,-12.092531,20.731817,-4.261607,-4.126061,9.385447,-4.102317,3.506029,-12.894880,10.594220,-13.249261,83.834618,42.515457,0.849545,22.198576,-100.332687,-31.597836,12.757196,59.207104,19.846298,-6.517066,20.971056
1009.000000,792.430481,1113.176025,77.878578,2.062197,-1.224357,86.328821,2.135845,5.153279,12.197038,12.136070,-11.721195,-4.912570,-15.590605,-3.409809,-11.858339,20.703987,-4.246838,-4.140733,9.613165,-4.403213,3.483751,-13.184064,10.648908,-13.090414,84.471291,42.635426,0.852401,22.095867,-99.055153,-30.367952,10.864568,56.750950,18.620789,-7.146292,18.535954
1010.000000,792.467102,1113.154907,77.884056,2.048553,-1.498264,86.174307,2.519043,5.173665,12.297214,11.911888,-11.657440,-4.932959,-15.341147,-3.303529,-11.750343,20.624865,-4.212128,-4.169261,9.768945,-4.605058,3.479175,-13.354199,10.699692,-13.021590,84.893646,42.651054,0.856769,22.040960,-98.331436,-29.415672,9.651196,55.381008,17.807858,-7.717218,16.724236
1011.000000,792.497803,1113.122803,77.892097,1.994153,-1.776323,86.139732,2.894548,5.241277,12.285531,11.776797,-11.620491,-4.968641,-14.953037,-3.181406,-11.757937,20.431618,-4.134275,-4.217092,9.891703,-4.835957,3.498440,-13.549799,10.759788,-13.000233,85.394180,42.660831,0.885691,21.984310,-97.739365,-28.264669,8.358974,54.226913,16.873354,-8.469198,14.401470
1012.000000,792.521545,1113.092651,77.901161,1.974432,-1.926555,86.124535,3.155689,5.284591,12.253877,11.645797,-11.563866,-5.001126,-14.668218,-3.095218,-11.783512,20.249743,-4.045083,-4.260212,10.045089,-5.093307,3.440654,-13.772131,10.803416,-12.994647,85.959602,42.657173,0.966109,21.956818,-97.343246,-27.158419,7.136347,53.268127,15.643044,-8.983148,11.888885
1013.000000,792.533813,1113.061890,77.913361,1.974350,-2.045502,86.125589,3.384585,5.261678,12.221625,11.383923,-11.428042,-5.023239,-14.480720,-3.067232,-11.804152,20.093803,-3.957738,-4.283765,10.078498,-5.382047,3.343237,-13.954857,10.830456,-13.026735,86.639099,42.568222,1.125402,22.002855,-96.900032,-25.886309,5.808918,51.845814,14.046020,-9.244102,9.169132
1014.000000,792.532166,1113.027100,77.929649,1.928416,-2.222045,86.174496,3.624564,5.269888,12.133180,11.210040,-11.338330,-5.036520,-14.169409,-3.019742,-11.877180,19.829592,-3.827962,-4.295434,10.049335,-5.585845,3.342019,-14.098417,10.796308,-13.105485,87.305061,42.404697,1.388972,22.106710,-96.629837,-24.618181,4.838625,50.565739,12.428178,-9.698738,6.332333
1015.000000,792.518494,1112.997559,77.948845,1.838788,-2.425054,86.345279,3.794941,5.317644,11.914673,11.192367,-11.312542,-5.041198,-13.752377,-2.980236,-12.076799,19.477043,-3.680239,-4.295722,9.946889,-5.716174,3.364054,-14.169662,10.724448,-13.223922,87.863914,42.292358,1.719206,22.211748,-96.506569,-23.428526,4.069509,49.553959,10.881159,-10.228670,3.602326
1016.000000,792.495178,1112.978882,77.963837,1.767490,-2.670588,86.452326,4.041684,5.346212,11.751971,11.146222,-11.293230,-5.042871,-13.342832,-2.951444,-12.219104,19.227652,-3.587045,-4.290282,9.961527,-5.845275,3.404916,-14.185830,10.632663,-13.486724,88.377769,42.261654,2.068895,22.299656,-96.408119,-22.342834,3.365487,48.671417,9.500684,-10.733768,1.006347
1017.000000,792.467957,1112.968262,77.973160,1.715103,-2.891022,86.532864,4.228462,5.355226,11.657905,11.121669,-11.292521,-5.041609,-13.073309,-2.938267,-12.289557,19.104677,-3.546013,-4.282880,10.040070,-5.959803,3.413997,-14.175182,10.528236,-13.787910,88.786362,42.282795,2.386233,22.419044,-96.297394,-21.549469,2.818915,47.994274,8.498872,-11.116897,-0.955529
1018.000000,792.432678,1112.961548,77.983467,1.657373,-3.117956,86.651662,4.464347,5.357531,11.521270,11.103144,-11.298512,-5.035276,-12.719651,-2.938473,-12.393067,18.955788,-3.503504,-4.261455,10.134631,-6.123384,3.424808,-14.104997,10.369800,-14.107239,89.281998,42.305153,2.765245,22.485027,-96.112259,-20.569536,2.123387,47.092812,7.201016,-11.641816,-3.471910
1019.000000,792.390381,1112.958252,77.999405,1.569126,-3.316974,86.830608,4.640998,5.377244,11.306450,11.120407,-11.314387,-5.020743,-12.322269,-2.938462,-12.575930,18.703846,-3.420271,-4.222292,10.164220,-6.274346,3.408708,-13.970495,10.212493,-14.400323,89.690186,42.417442,3.203470,22.609230,-95.888939,-19.704922,1.497761,46.241360,6.066713,-12.199922,-5.879133
1020.000000,792.335815,1112.961792,78.019936,1.460251,-3.415375,86.932534,4.729012,5.426960,11.143785,11.154398,-11.345891,-4.994384,-11.970415,-2.878900,-12.716228,18.314125,-3.246674,-4.169291,10.279650,-6.395677,3.275676,-13.760605,10.023521,-14.538366,90.013939,42.577667,3.624752,22.689276,-95.582962,-18.981533,0.971807,45.433834,5.091548,-12.765483,-8.156242
1021.000000,792.267151,1112.953003,78.044525,1.312639,-3.506318,86.973287,4.758446,5.534712,11.054326,11.263515,-11.421103,-4.962332,-11.595721,-2.723313,-12.797029,17.729937,-2.941046,-4.123990,10.504713,-6.437114,3.143139,-13.516564,9.864402,-14.552597,90.084045,42.821522,4.102957,22.781580,-95.257812,-18.399347,0.549390,44.710384,4.301786,-13.321732,-10.242973
1022.000000,792.173828,1112.927002,78.067986,1.157570,-3.618390,87.007423,4.753843,5.646096,10.977302,11.480855,-11.542080,-4.917468,-11.187243,-2.566758,-12.868934,17.091335,-2.582622,-4.075591,10.701656,-6.405001,3.093265,-13.236125,9.618782,-14.469038,90.101990,43.102402,4.457254,22.791716,-94.856865,-17.850031,0.106514,43.872490,3.482595,-13.814589,-12.156875
1023.000000,792.062500,1112.885498,78.088264,1.025048,-3.678154,87.059982,4.651326,5.712742,10.890574,11.743253,-11.665032,-4.850382,-10.887127,-2.469556,-12.937383,16.532146,-2.243186,-4.012342,10.805294,-6.369992,3.038015,-12.984471,9.401779,-14.349360,90.107544,43.369530,4.721623,22.788895,-94.350838,-17.365887,-0.296233,42.909477,2.595410,-14.234198,-13.851142
1024.000000,791.943420,1112.831543,78.105453,0.946245,-3.723604,87.088060,4.582805,5.712722,10.844000,11.877852,-11.716264,-4.785136,-10.722005,-2.443980,-12.964462,16.186573,-2.011995,-3.952939,10.826998,-6.356174,3.022278,-12.828770,9.300883,-14.330561,90.110985,43.524666,4.896817,22.774174,-93.908249,-17.003628,-0.588746,42.074306,1.859108,-14.517969,-15.056746
1025.000000,791.814026,1112.773193,78.119347,0.905060,-3.753439,87.090655,4.514008,5.657729,10.827733,11.990223,-11.749909,-4.682824,-10.583990,-2.461735,-12.954466,15.846885,-1.752675,-3.865828,10.825423,-6.342720,3.017458,-12.608455,9.140290,-14.331406,90.121635,43.576927,5.015285,22.690920,-93.248878,-16.557964,-0.923607,40.886589,0.866462,-14.891108,-16.543499
1026.000000,791.677307,1112.711670,78.130707,0.883358,-3.762005,87.081006,4.426874,5.568954,10.825072,12.086487,-11.770008,-4.569262,-10.517946,-2.516614,-12.922934,15.595143,-1.529521,-3.775378,10.815866,-6.324081,3.008640,-12.423873,8.972576,-14.323427,90.154991,43.630909,5.124281,22.614180,-92.561867,-16.193243,-1.195089,39.729031,-0.000902,-15.277220,-17.889925
1027.000000,791.538269,1112.652222,78.141396,0.868307,-3.771795,87.058750,4.344222,5.466521,10.839339,12.169760,-11.784664,-4.450498,-10.474606,-2.581200,-12.867496,15.372005,-1.315069,-3.679740,10.815875,-6.273566,3.003906,-12.274544,8.792793,-14.277890,90.227226,43.693371,5.232286,22.557655,-91.846245,-15.868781,-1.457157,38.544014,-0.699940,-15.628601,-19.111162
1028.000000,791.398865,1112.605713,78.152832,0.848703,-3.771526,87.045759,4.273536,5.366132,10.856434,12.230290,-11.796192,-4.328435,-10.426290,-2.646706,-12.820977,15.149485,-1.115212,-3.579296,10.820985,-6.202711,2.972266,-12.118789,8.568462,-14.219207,90.369652,43.709843,5.256813,22.522804,-91.065414,-15.674356,-1.598914,37.285313,-1.155826,-15.916244,-20.229929
1029.000000,791.265747,1112.570801,78.163780,0.801770,-3.761452,87.096554,4.153033,5.299539,10.819912,12.366105,-11.847910,-4.211860,-10.349049,-2.704912,-12.849021,14.896132,-0.925448,-3.478576,10.802829,-6.101276,2.907774,-11.952460,8.346298,-14.207795,90.523880,43.775604,5.311144,22.517313,-90.259399,-15.631464,-1.633864,36.034500,-1.290695,-16.243532,-21.190628
1030.000000,791.140320,1112.540771,78.172180,0.773922,-3.779905,87.149863,4.070968,5.222813,10.785114,12.481274,-11.892174,-4.098565,-10.269955,-2.788087,-12.894050,14.716255,-0.785302,-3.381761,10.793738,-5.980244,2.875304,-11.787488,8.078211,-14.204077,90.682365,43.763779,5.314918,22.470659,-89.551537,-15.666418,-1.634126,34.964722,-1.156418,-16.635967,-21.978090
1031.000000,791.026855,1112.513550,78.177773,0.769550,-3.807043,87.204011,4.031544,5.124819,10.759954,12.543186,-11.911155,-3.990617,-10.224456,-2.901698,-12.936036,14.648575,-0.710212,-3.293119,10.777170,-5.875991,2.870662,-11.640743,7.813465,-14.223225,90.842674,43.747200,5.339029,22.411215,-88.967087,-15.738719,-1.629888,34.098076,-0.847782,-17.025637,-22.619263
1032.000000,790.931458,1112.491211,78.181580,0.778783,-3.832941,87.244613,4.017035,5.023035,10.750063,12.567245,-11.914446,-3.893253,-10.202291,-3.019109,-12.966090,14.634651,-0.670533,-3.211194,10.765943,-5.787272,2.869177,-11.520791,7.600531,-14.239778,91.001816,43.726513,5.360620,22.341745,-88.476807,-15.831625,-1.624227,33.398148,-0.462341,-17.382092,-23.166758
1033.000000,790.850159,1112.472168,78.185616,0.779572,-3.858218,87.289382,4.006163,4.959994,10.740849,12.590430,-11.918991,-3.828127,-10.174065,-3.093399,-12.992783,14.606063,-0.637865,-3.153476,10.754272,-5.715855,2.868285,-11.437458,7.442919,-14.237948,91.094543,43.679825,5.360811,22.255999,-88.164268,-15.906345,-1.616781,32.976501,-0.179750,-17.626125,-23.528969
1034.000000,790.785767,1112.453125,78.189171,0.781356,-3.876702,87.313462,3.985985,4.898676,10.731727,12.625273,-11.924534,-3.755484,-10.132088,-3.163544,-13.022831,14.541292,-0.583667,-3.091866,10.733819,-5.621974,2.867275,-11.359037,7.331297,-14.224196,91.166908,43.640789,5.389893,22.164738,-87.836395,-15.975180,-1.609261,32.570820,0.094840,-17.924141,-23.961695
1035.000000,790.731628,1112.432983,78.191116,0.792222,-3.891256,87.318955,3.970675,4.837608,10.739614,12.649364,-11.924299,-3.692317,-10.113383,-3.224233,-13.023128,14.499207,-0.537662,-3.042959,10.733557,-5.533338,2.868273,-11.310140,7.244108,-14.180650,91.184059,43.602585,5.387104,21.959923,-87.640495,-16.033640,-1.600485,32.387184,0.189244,-18.191895,-24.342293
1036.000000,790.686584,1112.410889,78.192039,0.809252,-3.910058,87.325907,3.959409,4.774697,10.743905,12.669044,-11.920293,-3.636866,-10.108444,-3.286248,-13.016639,14.488598,-0.508868,-3.002011,10.722280,-5.463817,2.876425,-11.301432,7.161885,-14.158369,91.188416,43.581917,5.380266,21.706854,-87.547188,-16.111429,-1.556285,32.374950,0.207560,-18.404823,-24.665009
1037.000000,790.656128,1112.387817,78.191986,0.826940,-3.933247,87.292441,3.971440,4.728732,10.784187,12.671204,-11.911693,-3.592789,-10.106894,-3.325617,-12.989958,14.482835,-0.477678,-2.981318,10.706100,-5.432637,2.892498,-11.309934,7.152206,-14.152805,91.192177,43.574497,5.379448,21.471649,-87.521233,-16.200579,-1.484172,32.528782,0.216421,-18.636030,-24.987902
1038.000000,790.635498,1112.361084,78.190201,0.844025,-3.948585,87.218617,3.981631,4.708854,10.874159,12.682229,-11.910193,-3.565542,-10.127212,-3.333227,-12.932543,14.477663,-0.434839,-2.976511,10.714459,-5.430167,2.897983,-11.351048,7.172389,-14.098787,91.194862,43.561077,5.374835,21.176355,-87.552559,-16.230148,-1.470824,32.868069,0.220362,-18.879471,-25.318848
1039.000000,790.621948,1112.327148,78.186958,0.861117,-3.950737,87.143977,3.963506,4.701826,10.943721,12.715197,-11.915558,-3.550449,-10.159985,-3.334779,-12.892495,14.477448,-0.399524,-2.977528,10.712761,-5.442416,2.901834,-11.395867,7.199168,-14.074724,91.197273,43.556026,5.375280,20.955622,-87.602654,-16.235218,-1.466479,33.179768,0.223358,-19.010675,-25.583673
1040.000000,790.611694,1112.288940,78.181770,0.868028,-3.947171,87.106046,3.889949,4.702768,11.000659,12.818044,-11.945193,-3.533652,-10.211733,-3.337527,-12.865988,14.477115,-0.356322,-2.979761,10.690266,-5.466673,2.914121,-11.457177,7.243107,-14.056767,91.199036,43.553417,5.376773,20.697180,-87.650200,-16.273199,-1.441828,33.512432,0.229951,-19.083366,-25.915787
1041.000000,790.600281,1112.254028,78.176178,0.865728,-3.964112,87.092322,3.806723,4.711812,11.009680,12.969946,-12.002190,-3.517747,-10.232221,-3.341195,-12.867513,14.476845,-0.328185,-2.977569,10.667875,-5.478860,2.948572,-11.510717,7.274602,-14.050807,91.197067,43.551243,5.373637,20.492821,-87.636436,-16.410465,-1.364470,33.684174,0.241970,-19.093771,-26.199135
1042.000000,790.588135,1112.227295,78.171440,0.852188,-3.971929,87.083804,3.722846,4.732195,11.012604,13.132455,-12.070525,-3.503073,-10.234122,-3.333190,-12.872422,14.451988,-0.293855,-2.972538,10.658192,-5.484180,2.967109,-11.537425,7.304370,-13.983503,91.192947,43.550617,5.330584,20.303820,-87.547081,-16.642637,-1.233817,33.718376,0.270620,-19.127695,-26.417543
1043.000000,790.571716,1112.194336,78.166870,0.833370,-4.016101,87.073106,3.657275,4.763336,11.017717,13.321370,-12.152922,-3.486267,-10.186918,-3.312326,-12.876402,14.383838,-0.236483,-2.964119,10.655232,-5.473952,3.033558,-11.551661,7.378861,-13.836460,91.166832,43.546261,5.186456,20.098478,-87.460045,-17.018492,-0.994161,33.847778,0.281340,-19.335327,-26.532219
1044.000000,790.546387,1112.152466,78.162834,0.804984,-4.176100,87.051071,3.732019,4.797021,11.039426,13.478599,-12.229865,-3.471565,-10.009131,-3.286285,-12.881328,14.296733,-0.174345,-2.956901,10.670849,-5.418577,3.243986,-11.558123,7.468263,-13.727219,91.079689,43.535248,4.944615,19.855553,-87.410042,-17.545483,-0.607242,34.223984,0.334362,-19.719847,-26.547138
1045.000000,790.516724,1112.107422,78.156158,0.777105,-4.350552,87.037770,3.810894,4.831217,11.060793,13.669189,-12.322210,-3.455683,-9.828458,-3.273217,-12.899030,14.252461,-0.133318,-2.953865,10.697329,-5.359514,3.457387,-11.533457,7.537057,-13.695565,90.884148,43.506424,4.715423,19.576691,-87.316650,-18.173222,-0.067804,34.832397,0.724297,-20.197371,-26.411648
1046.000000,790.491943,1112.067139,78.147041,0.765460,-4.453481,86.997671,3.822061,4.851866,11.092398,13.822516,-12.394788,-3.440640,-9.764303,-3.271714,-12.900290,14.263797,-0.117985,-2.952863,10.728299,-5.347488,3.550205,-11.480370,7.608180,-13.693301,90.678604,43.494270,4.614754,19.390554,-87.183708,-18.653755,0.369538,35.364159,1.253261,-20.500111,-26.152918
1047.000000,790.469543,1112.022949,78.134476,0.749563,-4.506048,86.962980,3.745673,4.887477,11.145965,14.085767,-12.516037,-3.418682,-9.760783,-3.269581,-12.897731,14.302772,-0.100526,-2.952400,10.775539,-5.349629,3.606785,-11.390467,7.720634,-13.693742,90.386337,43.476128,4.487976,19.134529,-86.967194,-19.215485,0.890443,36.070686,2.127892,-20.759483,-25.632236
1048.000000,790.446594,1111.968140,78.117439,0.745403,-4.524460,86.881043,3.598240,4.931294,11.213734,14.411562,-12.661363,-3.398503,-9.828630,-3.266845,-12.879651,14.383978,-0.088345,-2.955389,10.854856,-5.343843,3.654338,-11.326876,7.821270,-13.696235,90.096291,43.460361,4.374101,18.873577,-86.803917,-19.664454,1.348074,36.798153,3.124617,-20.915104,-24.976683
1049.000000,790.424622,1111.907349,78.096863,0.770827,-4.439236,86.731946,3.368188,4.957083,11.362289,14.714713,-12.789001,-3.379357,-10.069671,-3.269557,-12.776674,14.549660,-0.081369,-2.962909,11.022038,-5.346423,3.638944,-11.296429,7.903831,-13.702971,89.862656,43.447895,4.228935,18.669090,-86.743240,-20.009165,1.800870,37.573200,4.076618,-20.991314,-24.210402
1050.000000,790.408203,1111.844360,78.077042,0.796977,-4.416937,86.534334,3.196781,4.990503,11.575704,14.980553,-12.902790,-3.369493,-10.304735,-3.249041,-12.611592,14.727291,-0.069627,-2.980686,11.245961,-5.319951,3.700467,-11.287299,7.999362,-13.707328,89.645058,43.400978,3.964011,18.516394,-86.792099,-20.254303,2.253995,38.345798,5.184781,-21.099735,-23.241081
1051.000000,790.402161,1111.791382,78.057724,0.812752,-4.382364,86.345530,3.049387,5.048861,11.783439,15.234901,-13.016870,-3.370507,-10.498269,-3.203492,-12.461658,14.866843,-0.055002,-3.009805,11.446296,-5.282993,3.749050,-11.266107,8.110347,-13.709209,89.464264,43.335060,3.625309,18.377523,-86.892021,-20.388126,2.660261,39.198296,6.287207,-21.242132,-22.170904
1052.000000,790.403198,1111.753418,78.042000,0.788118,-4.384623,86.306502,2.921263,5.112625,11.847877,15.476265,-13.123137,-3.375443,-10.568211,-3.170265,-12.436656,14.916837,-0.046371,-3.028257,11.519957,-5.239956,3.774891,-11.249697,8.180554,-13.707774,89.366211,43.311489,3.386682,18.285418,-86.978485,-20.493002,2.976872,39.930962,7.069311,-21.371685,-21.288601
1053.000000,790.404724,1111.731567,78.028641,0.741942,-4.408740,86.326678,2.760172,5.207848,11.825045,15.822752,-13.278056,-3.384026,-10.565612,-3.135296,-12.494040,14.935198,-0.046917,-3.039877,11.566292,-5.165738,3.786116,-11.234448,8.226531,-13.695389,89.295563,43.371571,3.132148,18.216043,-87.083717,-20.763163,3.451111,41.046291,8.035774,-21.552748,-20.016066
1054.000000,790.402588,1111.726318,78.018723,0.686130,-4.436450,86.297286,2.658548,5.319191,11.845575,16.118111,-13.432108,-3.397579,-10.526776,-3.063190,-12.508883,14.905425,-0.028697,-3.047411,11.704478,-5.071262,3.756615,-11.214875,8.232854,-13.641301,89.238434,43.533062,2.872350,18.177019,-87.179291,-21.111553,3.860719,42.204807,8.978403,-21.650599,-18.671360
1055.000000,790.396240,1111.740234,78.016014,0.594464,-4.428133,86.260450,2.565701,5.468748,11.899363,16.370853,-13.583040,-3.421320,-10.438160,-2.930901,-12.514614,14.714528,0.067335,-3.055669,11.811052,-4.954944,3.635013,-11.119562,8.229324,-13.444826,89.159737,43.856724,2.628685,18.137197,-87.217545,-21.431757,4.076850,43.290298,9.822457,-21.664825,-17.194498
1056.000000,790.384949,1111.751709,78.013054,0.539425,-4.367970,86.278033,2.412567,5.566789,11.912816,16.587746,-13.696157,-3.429909,-10.429279,-2.861661,-12.555564,14.581463,0.133657,-3.060068,11.805496,-4.891687,3.474712,-10.992298,8.234932,-13.138045,89.040916,44.226536,2.421204,18.057837,-87.234077,-21.782106,4.138443,44.273029,10.466080,-21.682070,-15.789351
1057.000000,790.367371,1111.747803,78.009407,0.515024,-4.307224,86.334649,2.239128,5.598670,11.882073,16.767809,-13.767277,-3.418872,-10.481097,-2.874692,-12.629662,14.553039,0.155124,-3.059400,11.741953,-4.872861,3.389410,-10.886843,8.269390,-12.886460,88.884659,44.644001,2.304684,17.933413,-87.312561,-22.314518,4.194826,45.279102,11.179901,-21.728607,-14.472084
1058.000000,790.344360,1111.732910,78.001633,0.530518,-4.132270,86.380333,1.934368,5.576384,11.860733,16.935053,-13.807169,-3.398306,-10.745355,-2.952015,-12.680315,14.675410,0.137709,-3.061938,11.707426,-4.906090,3.261465,-10.827421,8.326526,-12.644085,88.787575,44.982761,2.171876,17.775623,-87.439964,-23.054420,4.350228,46.195217,11.974237,-21.739788,-13.335148
1059.000000,790.310364,1111.702759,77.991974,0.543513,-3.959853,86.513088,1.657699,5.544072,11.798870,17.096289,-13.837441,-3.375504,-10.963119,-3.047969,-12.771975,14.796160,0.113466,-3.063058,11.641674,-4.913463,3.219010,-10.816445,8.354363,-12.412848,88.743950,45.269104,2.073278,17.686836,-87.597122,-23.761768,4.542594,46.805477,12.489820,-21.738873,-12.526716
1060.000000,790.267151,1111.671875,77.984589,0.530905,-3.836733,86.811940,1.269930,5.485649,11.579222,17.361443,-13.884376,-3.326788,-11.167077,-3.227829,-13.034011,14.935392,0.061422,-3.051675,11.436619,-4.875555,3.228698,-10.793482,8.351889,-12.015364,88.683052,45.795998,1.972312,17.639250,-87.880112,-24.894661,4.865121,47.634480,13.117124,-21.746994,-11.379859
1061.000000,790.219849,1111.654053,77.980385,0.510639,-3.783110,87.194254,0.949144,5.400058,11.229893,17.607357,-13.920234,-3.261461,-11.247175,-3.451769,-13.397916,15.071481,-0.031129,-3.007189,11.137162,-4.814476,3.291926,-10.752927,8.335752,-11.569384,88.634567,46.345600,1.887310,17.626474,-88.153999,-26.196617,5.232156,48.471825,13.940851,-21.751625,-10.123563
1062.000000,790.170776,1111.660400,77.977562,0.493241,-3.737155,87.463198,0.730533,5.316527,10.949664,17.786625,-13.960120,-3.193461,-11.291502,-3.650651,-13.689048,15.213810,-0.139598,-2.934456,10.921423,-4.757180,3.297623,-10.650252,8.326640,-11.124837,88.532936,46.819283,1.802266,17.620983,-88.283035,-27.601830,5.530539,49.260677,14.966146,-21.771349,-8.796496
1063.000000,790.117004,1111.674072,77.976677,0.499303,-3.722105,87.627159,0.640580,5.232400,10.823520,17.851194,-13.980017,-3.123605,-11.326600,-3.800630,-13.833149,15.332129,-0.223274,-2.865581,10.823271,-4.729708,3.278589,-10.514982,8.328145,-10.579792,88.377541,47.283794,1.747257,17.613686,-88.476746,-29.026281,5.801128,50.375359,16.339270,-21.856472,-7.319662
1064.000000,790.056091,1111.689453,77.976494,0.506930,-3.732166,87.749421,0.618869,5.141819,10.736931,17.876564,-13.989973,-3.055479,-11.329151,-3.943680,-13.936370,15.447474,-0.305354,-2.793225,10.772830,-4.705388,3.284654,-10.344594,8.327203,-10.009604,88.117836,47.904034,1.690054,17.601542,-88.792854,-30.549852,6.104626,51.829151,18.079353,-21.890434,-5.767347
1065.000000,789.981018,1111.694946,77.971390,0.459174,-3.782921,87.884219,0.558808,5.114155,10.633309,18.062963,-14.086220,-2.982049,-11.257248,-4.031369,-14.057727,15.482101,-0.344214,-2.718523,10.795654,-4.593310,3.342303,-10.181815,8.294776,-9.545905,87.768463,48.577206,1.585026,17.593651,-89.315842,-32.284836,6.694842,53.713982,20.195517,-21.947245,-4.188019
1066.000000,789.897827,1111.695190,77.965698,0.410741,-3.822917,87.921250,0.507634,5.111384,10.608676,18.259262,-14.202539,-2.911113,-11.193403,-4.070641,-14.102184,15.467444,-0.336948,-2.643227,10.995076,-4.431824,3.423533,-10.050559,8.239256,-9.126348,87.377525,49.196949,1.441766,17.588560,-90.040955,-34.172237,7.587856,55.947514,22.458109,-21.944445,-2.642469
1067.000000,789.818604,1111.696533,77.966469,0.395344,-3.857502,87.848469,0.542311,5.095856,10.680929,18.294161,-14.245588,-2.865298,-11.150517,-4.082064,-14.054425,15.420116,-0.297294,-2.590872,11.246947,-4.313507,3.503054,-9.948526,8.201712,-8.738950,87.054840,49.619823,1.315578,17.586567,-90.601624,-35.611519,8.294188,57.654697,24.179342,-21.851286,-1.485547
1068.000000,789.743103,1111.702026,77.973175,0.395314,-3.961297,87.764610,0.709219,5.055305,10.812953,18.215513,-14.246270,-2.818179,-11.031260,-4.097603,-13.962896,15.331426,-0.235913,-2.529946,11.537560,-4.171710,3.656112,-9.800117,8.146220,-8.172086,86.636070,50.057449,1.172934,17.585545,-91.161781,-37.289902,9.137734,59.601204,26.257767,-21.656130,-0.070103
1069.000000,789.678589,1111.710938,77.982780,0.375013,-4.251343,87.740871,1.085212,5.018356,10.892414,18.073589,-14.229656,-2.786653,-10.692860,-4.115210,-13.928216,15.226086,-0.211182,-2.467221,11.687599,-4.023065,3.951938,-9.624935,8.094079,-7.671808,86.164726,50.453625,1.153275,17.587980,-91.450256,-38.761047,10.000957,61.362957,28.238024,-21.520761,1.403090
1070.000000,789.632446,1111.725220,77.988991,0.362103,-4.596846,87.710665,1.584990,4.999714,10.958948,17.923433,-14.222662,-2.761066,-10.246055,-4.125959,-13.919262,15.165352,-0.236314,-2.410236,11.767087,-3.909352,4.310381,-9.410127,8.080643,-7.328920,85.627884,50.733791,1.158824,17.584108,-91.451675,-39.969135,10.798139,63.189777,30.463982,-21.458696,3.024526
1071.000000,789.597290,1111.739502,77.991180,0.357750,-4.931041,87.667584,2.073655,4.981241,11.044415,17.778742,-14.220498,-2.738044,-9.849825,-4.145680,-13.904844,15.175607,-0.297103,-2.362684,11.914104,-3.856693,4.602709,-9.223878,8.071704,-7.087236,85.114792,51.132298,1.170400,17.579678,-91.005699,-41.066208,11.574870,64.857887,32.505280,-21.329927,4.655979
1072.000000,789.565735,1111.734863,77.987572,0.356687,-5.168616,87.620091,2.418732,4.976371,11.139559,17.727983,-14.240673,-2.721960,-9.577375,-4.168776,-13.887651,15.225732,-0.350231,-2.322992,12.159042,-3.816720,4.831379,-9.141990,8.041941,-6.979625,84.707947,51.557007,1.178864,17.580889,-90.095398,-42.156975,12.460869,66.308304,34.483643,-21.106470,6.473470
1073.000000,789.532959,1111.698364,77.980370,0.390400,-5.504703,87.443770,2.862489,4.963301,11.358458,17.625565,-14.240440,-2.711242,-9.307602,-4.177026,-13.755630,15.312429,-0.381024,-2.290143,12.511723,-3.750775,5.216004,-9.120507,7.995229,-6.975274,84.252472,51.890083,1.225372,17.588249,-88.868561,-43.097317,13.533829,67.407501,36.498211,-20.776606,8.265580
1074.000000,789.504028,1111.655884,77.970467,0.470861,-5.789527,87.052866,3.370571,4.947529,11.808453,17.423538,-14.210787,-2.708006,-9.161416,-4.138841,-13.410443,15.458551,-0.389976,-2.274272,13.008048,-3.710548,5.571397,-9.069533,7.945184,-6.990772,83.725250,52.068810,1.346757,17.629868,-87.097244,-43.729492,14.624326,68.102966,38.344524,-20.463503,9.981359
1075.000000,789.483276,1111.619141,77.966713,0.540243,-5.961218,86.666233,3.677439,4.947382,12.164139,17.258184,-14.170660,-2.712983,-9.104260,-4.080686,-13.138830,15.483704,-0.341306,-2.276131,13.338877,-3.714534,5.713368,-8.998889,7.918133,-7.005535,83.380135,52.099583,1.464757,17.701361,-85.310638,-43.957142,15.392578,68.434158,39.623482,-20.253382,11.270903
1076.000000,789.469116,1111.582520,77.975182,0.538765,-6.059183,86.532537,3.907180,4.968809,12.423022,17.104216,-14.104005,-2.723870,-8.966272,-4.004950,-12.984133,15.288679,-0.181328,-2.285691,13.533550,-3.740187,5.775443,-8.920024,7.897846,-7.081692,83.129768,52.102577,1.611851,17.822052,-82.413116,-44.023758,16.347870,68.680611,41.132530,-19.958319,12.964955
1077.000000,789.456421,1111.539673,77.989098,0.487893,-6.095781,86.601462,3.919440,5.015866,12.405540,17.080759,-14.051581,-2.726830,-8.759176,-3.958497,-13.100795,14.902669,0.045309,-2.287498,13.510086,-3.761325,5.759840,-8.890641,7.878152,-7.406792,83.042923,52.029476,1.782699,17.913637,-78.842621,-43.949894,17.286716,68.774994,42.373135,-19.607775,14.642168
1078.000000,789.437988,1111.487671,77.997742,0.420219,-5.991302,86.717352,3.667855,5.090779,12.328051,17.224382,-14.053703,-2.716975,-8.712422,-3.926337,-13.289893,14.532230,0.283218,-2.282544,13.534798,-3.744272,5.646481,-8.884954,7.817850,-8.111667,82.910225,51.867611,2.026480,17.943182,-74.956146,-43.820206,18.281477,68.898766,43.488289,-19.067158,16.400160
1079.000000,789.419006,1111.429565,78.005234,0.400463,-5.879700,86.795345,3.430275,5.115402,12.312777,17.290094,-14.017806,-2.700749,-8.764509,-3.941716,-13.422598,14.281683,0.472067,-2.271807,13.685287,-3.700848,5.604551,-8.945294,7.739523,-8.948557,82.808304,51.670113,2.198134,18.013538,-70.979370,-43.607166,19.242764,69.073349,44.164120,-18.272255,18.080526
1080.000000,789.400513,1111.391602,78.011307,0.424759,-5.639001,86.823663,3.179340,5.096219,12.338302,17.305599,-13.974707,-2.674515,-8.949823,-3.986285,-13.471915,14.181968,0.577147,-2.250917,13.881922,-3.689726,5.490208,-9.007498,7.685716,-9.606662,82.803482,51.444717,2.269922,18.094046,-67.806198,-43.409191,19.986492,69.172997,44.368633,-17.549248,19.294518
1081.000000,789.372253,1111.354858,78.010849,0.512309,-5.291513,86.753525,2.768369,5.020952,12.461382,17.307415,-13.909057,-2.616209,-9.394682,-4.075966,-13.411852,14.184031,0.678217,-2.214251,14.309255,-3.684188,5.296045,-9.111911,7.594518,-10.600883,82.802292,51.072674,2.328408,18.197876,-63.621738,-43.171368,21.104235,69.384636,44.463318,-16.512257,20.856544
1082.000000,789.329895,1111.303101,78.005264,0.613856,-4.915802,86.671616,2.290190,4.893786,12.612065,17.322256,-13.835659,-2.550437,-9.995820,-4.214847,-13.278226,14.342792,0.734924,-2.188240,14.865655,-3.639647,5.206407,-9.341914,7.429596,-11.933170,82.790894,50.656334,2.438986,18.248419,-59.696609,-43.032734,22.737064,70.037025,44.479919,-15.482308,22.439398
1083.000000,789.265869,1111.245361,77.994591,0.714881,-4.446621,86.552480,1.683166,4.764793,12.768465,17.401070,-13.788316,-2.486181,-10.727213,-4.341510,-13.082187,14.528783,0.810385,-2.171368,15.564971,-3.479153,5.112761,-9.675733,7.154387,-13.545574,82.787071,50.226326,2.610592,18.294302,-56.324902,-43.022594,24.746950,71.395378,44.473476,-14.316968,24.158714
1084.000000,789.189697,1111.189941,77.980492,0.835053,-3.903484,86.510456,0.945608,4.585149,12.860952,17.530661,-13.746222,-2.381272,-11.575145,-4.529543,-12.895373,14.793596,0.851855,-2.125468,16.200647,-3.249339,5.020643,-10.017865,6.830543,-15.441184,82.775757,49.797050,2.825305,18.367458,-53.381191,-43.064629,26.782909,72.940819,44.416840,-12.957329,25.740950
1085.000000,789.113831,1111.151855,77.970253,0.966830,-3.391899,86.531950,0.267756,4.354660,12.886900,17.573183,-13.665577,-2.261181,-12.379623,-4.770869,-12.752604,15.086325,0.847333,-2.053346,16.690754,-3.016626,4.981649,-10.312510,6.505407,-17.287601,82.762550,49.228889,3.009439,18.452999,-50.596645,-43.129181,28.609385,74.235634,44.238117,-11.725613,27.124405
1086.000000,789.054199,1111.146362,77.968231,1.141168,-2.928976,86.404773,-0.065334,4.162567,13.006797,17.412188,-13.544372,-2.187490,-12.942064,-4.928317,-12.556916,15.302910,0.832419,-2.006788,17.095961,-2.899319,4.978049,-10.514616,6.319481,-18.551371,82.800125,48.771564,3.132716,18.523930,-48.558601,-43.147537,29.860157,75.083855,44.127335,-11.015676,28.054695
1087.000000,789.017090,1111.181885,77.978096,1.306011,-2.468675,86.132850,-0.311923,3.930407,13.312012,16.962307,-13.318788,-2.123548,-13.615148,-5.045824,-12.187488,15.467198,0.854968,-1.962288,17.752544,-2.824621,4.954373,-10.785299,6.101412,-20.095470,82.937111,48.036510,3.157269,18.545856,-45.855549,-43.153400,31.668280,76.206093,44.011433,-10.285825,29.233389
1088.000000,789.003967,1111.245605,77.999748,1.370102,-2.114692,86.006223,-0.446476,3.799360,13.560221,16.469946,-13.101957,-2.099679,-14.038623,-5.050327,-11.925657,15.360456,0.952539,-1.929859,18.273016,-2.770936,4.908265,-11.005770,5.921734,-21.459019,83.131172,47.336750,3.089186,18.547602,-43.402088,-43.106026,33.492989,77.367355,43.874386,-9.758749,30.303638
1089.000000,789.011230,1111.336670,78.029236,1.383852,-1.901531,86.089649,-0.460742,3.712993,13.521375,16.024483,-12.899077,-2.092185,-14.127585,-5.070070,-11.946930,15.150472,1.003772,-1.890446,18.421305,-2.702806,4.970314,-11.225236,5.819693,-22.946791,83.341454,46.779438,3.061232,18.553041,-41.072659,-42.866673,35.295940,78.672318,43.838394,-9.593307,31.191566
1090.000000,789.026062,1111.457397,78.058784,1.325413,-1.718181,86.240329,-0.471403,3.706344,13.371158,15.717429,-12.781168,-2.097398,-14.072616,-5.042833,-12.076378,14.879285,1.041110,-1.853762,18.406984,-2.618485,4.987372,-11.378747,5.763100,-24.352892,83.519485,46.310844,2.996200,18.558441,-38.715694,-42.452900,36.878635,79.926865,43.530041,-9.570807,31.857065
1091.000000,789.042358,1111.611206,78.091797,1.209814,-1.504921,86.456444,-0.550604,3.769554,13.145106,15.528183,-12.737463,-2.109795,-13.931892,-4.960735,-12.295308,14.460611,1.119107,-1.819328,18.309050,-2.519348,4.876133,-11.490183,5.726145,-25.495182,83.799240,45.711197,2.766200,18.569433,-36.210476,-41.901924,38.197205,80.998596,42.912483,-9.576272,32.284306
1092.000000,789.060364,1111.791992,78.129044,1.116269,-1.274923,86.653445,-0.559220,3.799839,12.927238,15.186177,-12.639934,-2.129536,-13.795737,-4.892862,-12.512923,14.049855,1.171853,-1.792334,18.174707,-2.485329,4.669470,-11.584296,5.731395,-26.463297,84.258408,44.956463,2.492774,18.574697,-33.524708,-41.127373,39.261749,81.928078,42.232967,-9.493952,32.503475
1093.000000,789.078979,1111.968628,78.161606,1.089116,-1.002704,86.762697,-0.534338,3.775999,12.846653,14.807499,-12.511108,-2.152034,-13.811864,-4.880582,-12.610316,13.874726,1.162451,-1.779050,18.014904,-2.527597,4.491223,-11.609517,5.766376,-27.098310,84.576073,44.246616,2.296332,18.572613,-31.589764,-40.407227,39.946228,82.441406,41.665768,-9.283733,32.564598
1094.000000,789.101379,1112.129395,78.186752,1.051446,-0.717542,86.878962,-0.554957,3.760336,12.783298,14.383054,-12.366700,-2.192756,-13.904046,-4.869909,-12.720021,13.723997,1.130769,-1.767419,17.613420,-2.598922,4.326707,-11.613978,5.864245,-27.883665,84.918518,43.345257,2.134275,18.528040,-29.266132,-39.349396,40.819504,82.773750,40.804779,-8.930765,32.563560
1095.000000,789.129333,1112.269409,78.205589,0.970084,-0.454009,87.052347,-0.703287,3.819130,12.636533,14.214995,-12.325640,-2.239911,-13.952074,-4.821154,-12.898849,13.526754,1.119835,-1.761829,17.050304,-2.617447,4.254603,-11.625284,6.017594,-28.595343,85.089401,42.592922,1.993674,18.355591,-27.097979,-38.215504,41.709152,82.951683,39.988853,-8.669034,32.526142
1096.000000,789.165039,1112.393799,78.219048,0.883768,-0.125202,87.336603,-1.032546,3.897079,12.376953,14.216847,-12.333593,-2.281888,-14.058665,-4.795545,-13.182236,13.342559,1.107322,-1.765024,16.327894,-2.629653,4.167398,-11.672038,6.291187,-29.371048,85.079636,41.787415,1.817402,17.958332,-25.135015,-36.972706,42.594349,83.210449,39.433289,-8.447992,32.406719
1097.000000,789.205872,1112.511108,78.221725,0.864695,0.304195,87.578251,-1.502718,3.911466,12.116608,14.235472,-12.333758,-2.304664,-14.414919,-4.861099,-13.450953,13.410820,0.987115,-1.763758,15.602490,-2.730372,3.981455,-11.793211,6.717035,-30.182413,84.967911,40.862202,1.623191,17.246803,-23.317741,-35.642773,43.516125,83.728714,38.979107,-8.231573,32.162434
1098.000000,789.249573,1112.609253,78.219757,0.830370,0.721941,87.672434,-1.966700,3.970821,12.003220,14.324815,-12.379174,-2.340252,-14.795534,-4.841129,-13.558478,13.436453,0.927491,-1.767949,15.085776,-2.828630,3.830994,-12.054965,7.228436,-30.698601,84.704803,40.103428,1.460530,16.429644,-21.703358,-34.401756,44.461849,84.348701,38.524792,-7.926715,31.832176
1099.000000,789.303101,1112.692017,78.223930,0.763856,1.061898,87.649589,-2.330217,4.103288,11.989355,14.399732,-12.428915,-2.406111,-15.020826,-4.690005,-13.581858,13.205354,1.020137,-1.797305,14.747411,-2.916238,3.774228,-12.530025,7.842537,-31.022478,84.287498,39.351337,1.247961,15.627947,-20.223606,-33.290222,45.562672,84.853210,38.257263,-7.585048,31.377617
1100.000000,789.368896,1112.754517,78.224968,0.682272,1.353497,87.644419,-2.696907,4.271716,11.947751,14.559685,-12.510829,-2.488102,-15.183240,-4.509906,-13.637221,12.932574,1.139595,-1.861897,14.408560,-3.020328,3.751614,-13.219394,8.616594,-31.356222,83.703903,38.534008,0.985929,14.721888,-18.938663,-32.268524,46.855984,85.268333,38.030918,-7.255126,30.905102
1101.000000,789.449585,1112.802490,78.217850,0.595453,1.656956,87.836885,-3.094440,4.403831,11.788553,14.828752,-12.618604,-2.548750,-15.345716,-4.420211,-13.792827,12.828104,1.162758,-1.924438,13.999963,-3.128207,3.689782,-13.768328,9.403172,-31.563475,83.041283,38.072182,0.763103,13.896880,-18.119997,-31.511326,47.721264,85.559792,37.746040,-7.004005,30.584175
1102.000000,789.546692,1112.837280,78.208092,0.514083,1.924758,88.154477,-3.659171,4.549719,11.406069,15.223690,-12.741935,-2.630205,-15.543807,-4.383652,-14.151851,12.803786,1.105151,-2.014433,13.284907,-3.320359,3.634798,-14.527035,10.764870,-31.609028,81.529060,37.552666,0.348292,12.734287,-17.081287,-30.561663,48.540882,85.825356,37.360680,-6.714390,30.165245
1103.000000,789.651367,1112.871826,78.200447,0.459225,2.150830,88.454001,-4.127321,4.674434,11.050097,15.534289,-12.823494,-2.718601,-15.717649,-4.357736,-14.479459,12.832406,1.015862,-2.104097,12.653433,-3.568656,3.582077,-15.305902,12.398388,-31.651815,79.409180,37.231846,-0.107846,11.497920,-16.088442,-29.750298,49.151108,85.920555,37.034241,-6.487122,29.761227
1104.000000,789.756042,1112.916870,78.198273,0.398004,2.309097,88.719854,-4.453738,4.775596,10.704539,15.697845,-12.848741,-2.814664,-15.810256,-4.332503,-14.796764,12.840017,0.917183,-2.178717,12.179469,-3.846081,3.473189,-16.059298,14.313510,-31.499178,76.548538,37.163883,-0.716582,10.151378,-15.090261,-29.072996,49.474396,85.983955,36.494503,-6.343455,29.359457
1105.000000,789.846008,1112.954590,78.192207,0.293199,2.378852,88.974650,-4.730009,4.937035,10.391884,15.990785,-12.957067,-2.904510,-15.774126,-4.239987,-15.085766,12.765132,0.861870,-2.251294,11.905229,-4.044878,3.348907,-16.918688,16.455282,-31.026758,73.205215,37.096355,-1.656958,8.772820,-14.166620,-28.599464,49.548527,86.150398,35.860508,-6.290330,29.011105
1106.000000,789.915466,1112.969360,78.176819,0.159788,2.354992,89.223333,-5.008581,5.133009,10.069667,16.498804,-13.173079,-2.976491,-15.665051,-4.140199,-15.382470,12.747819,0.792192,-2.326893,11.625058,-4.140078,3.262478,-18.111059,18.756525,-30.533468,70.027290,36.869862,-2.821664,7.470273,-13.461652,-28.315807,49.521961,86.473511,35.363564,-6.288496,28.640558
1107.000000,789.965698,1112.967896,78.158554,0.070395,2.286218,89.280785,-5.176985,5.315052,9.906984,16.969076,-13.390368,-3.038867,-15.581322,-4.031394,-15.537009,12.811918,0.720388,-2.406232,11.536171,-4.210217,3.213201,-19.596121,21.254782,-30.088661,66.726913,36.391815,-3.927087,6.231153,-12.845301,-28.295012,49.490612,86.524910,34.803505,-6.285940,28.146065
1108.000000,789.993469,1112.961426,78.147110,-0.022786,2.152243,89.351515,-5.231552,5.460796,9.795186,17.332216,-13.570261,-3.081090,-15.422100,-3.928892,-15.651062,12.799783,0.689424,-2.453514,11.467414,-4.234056,3.166376,-21.130417,23.743395,-29.620392,63.477070,35.804401,-4.840089,5.311939,-12.427522,-28.384802,49.447529,86.497726,34.159370,-6.283677,27.672606
1109.000000,790.011902,1112.965576,78.142563,-0.121551,1.991993,89.448165,-5.207407,5.586597,9.631930,17.622400,-13.718845,-3.118342,-15.147421,-3.836935,-15.818429,12.699901,0.675909,-2.473316,11.408688,-4.223632,3.124322,-22.495445,26.233532,-28.860638,59.846867,34.941677,-5.663254,4.417949,-12.082890,-28.504036,49.237911,86.454613,33.495506,-6.304537,27.261694
1110.000000,790.028687,1112.974487,78.130516,-0.207150,1.959062,89.451444,-5.300612,5.721101,9.557195,17.939613,-13.889475,-3.145273,-15.048856,-3.729693,-15.892545,12.657075,0.662153,-2.490006,11.486012,-4.270092,2.951362,-23.600588,28.699511,-27.725729,55.829166,33.683823,-6.504795,3.640541,-11.772004,-28.578636,48.745388,86.450752,32.771679,-6.336113,26.887772
1111.000000,790.042908,1112.957275,78.115364,-0.296062,1.827280,89.394140,-5.332563,5.877458,9.557783,18.296835,-14.088643,-3.173184,-14.915606,-3.592671,-15.894592,12.622603,0.669439,-2.516443,11.623929,-4.308879,2.951267,-24.716345,31.096972,-26.529144,51.918270,32.130489,-7.392067,3.093672,-11.669440,-28.590364,48.021271,86.450256,31.892542,-6.355227,26.464182
1112.000000,790.045898,1112.945679,78.107468,-0.391844,1.671157,89.345753,-5.285546,6.031303,9.562787,18.590675,-14.262442,-3.207098,-14.679512,-3.438476,-15.898115,12.472972,0.730165,-2.537990,11.677298,-4.314767,2.999624,-25.846012,33.394306,-25.406738,48.204365,30.397343,-8.143620,2.622971,-11.719777,-28.475945,47.100689,86.445480,30.862825,-6.391096,25.964096
1113.000000,790.041992,1112.952637,78.105003,-0.438021,1.610675,89.323482,-5.252522,6.104002,9.567825,18.712683,-14.345852,-3.227262,-14.553252,-3.360281,-15.900716,12.383318,0.756018,-2.538375,11.636277,-4.377673,2.908415,-26.865765,35.513840,-24.252697,44.658646,28.538260,-8.777808,2.021980,-11.761236,-28.188612,45.913536,86.440605,29.747118,-6.482148,25.435808
1114.000000,790.041260,1112.964111,78.106079,-0.458897,1.526180,89.336285,-5.158864,6.125924,9.557289,18.728703,-14.372240,-3.241535,-14.438372,-3.337858,-15.913351,12.378110,0.725791,-2.530976,11.557848,-4.489478,2.840197,-28.030518,37.448963,-22.962887,41.356876,26.700024,-9.358582,1.257638,-11.790795,-27.726576,44.418720,86.433899,28.521381,-6.600814,24.899586
1115.000000,790.041809,1112.980103,78.107399,-0.468859,1.394409,89.330508,-4.983330,6.139188,9.568776,18.710413,-14.393324,-3.247951,-14.288886,-3.324199,-15.905092,12.421929,0.660990,-2.526532,11.487234,-4.628516,2.817051,-29.384090,39.196335,-21.702898,38.369446,24.970663,-9.883569,0.551674,-11.846978,-27.158083,42.835186,86.373596,27.266621,-6.673206,24.469294
1116.000000,790.031128,1112.991211,78.107925,-0.475405,1.203906,89.312757,-4.747595,6.144196,9.602498,18.700523,-14.423121,-3.247494,-14.101933,-3.322995,-15.877901,12.503805,0.582671,-2.516348,11.436387,-4.747226,2.843332,-31.043501,40.548206,-20.475742,36.221172,22.972086,-10.587251,-0.089009,-11.977057,-26.587090,41.303890,86.314697,25.776924,-6.782529,24.186792
1117.000000,790.010681,1112.983276,78.101471,-0.486762,1.060174,89.329533,-4.647181,6.145989,9.605521,18.770000,-14.468012,-3.242199,-14.007846,-3.336922,-15.867144,12.599417,0.518990,-2.503387,11.391854,-4.827629,2.840555,-32.660099,41.261497,-19.590090,35.327477,21.106026,-11.191845,-0.624415,-12.131573,-26.177097,40.162308,86.301254,24.395720,-6.902518,24.040844
1118.000000,789.983459,1112.947144,78.092262,-0.509290,0.858564,89.338494,-4.551453,6.157496,9.593076,18.942286,-14.553347,-3.227985,-13.872670,-3.350754,-15.856630,12.711765,0.459773,-2.485351,11.326336,-4.915115,2.927032,-35.208775,42.057842,-18.739599,34.799507,18.517336,-11.879802,-1.360487,-12.422852,-25.740761,38.794640,86.275238,22.697805,-7.109373,23.914000
1119.000000,789.958557,1112.902100,78.081635,-0.499554,0.669359,89.325702,-4.426331,6.152712,9.610928,19.092583,-14.628957,-3.206730,-13.751401,-3.374456,-15.809424,12.855227,0.400332,-2.465750,11.305116,-5.037522,3.084514,-38.094261,42.831459,-18.379637,34.626026,15.964595,-12.331397,-2.087084,-12.747447,-25.399982,37.833698,86.223221,21.502314,-7.364664,23.791176
1120.000000,789.945496,1112.866821,78.077133,-0.497804,0.504155,89.352893,-4.294804,6.126042,9.596195,19.159225,-14.657810,-3.188998,-13.644837,-3.420104,-15.802441,13.001344,0.328670,-2.447415,11.210111,-5.266339,3.244797,-41.015972,43.682255,-18.329641,34.313808,13.304195,-12.601808,-2.905434,-13.036316,-25.038483,37.075291,86.101166,20.688597,-7.646456,23.588778
1121.000000,789.935181,1112.846436,78.073746,-0.530801,0.402337,89.364638,-4.228307,6.145985,9.571218,19.240267,-14.699835,-3.180247,-13.525990,-3.404933,-15.824154,12.996986,0.327568,-2.434680,11.146942,-5.513081,3.335298,-43.821297,44.323467,-18.230026,33.933346,10.423943,-12.951780,-3.860020,-13.212956,-24.629339,36.226471,85.976120,20.010141,-7.952083,23.348867
1122.000000,789.926880,1112.824097,78.065315,-0.554406,0.305972,89.341178,-4.203203,6.189142,9.570368,19.390831,-14.780238,-3.174326,-13.450101,-3.367928,-15.809620,13.025092,0.317236,-2.427190,11.142916,-5.770940,3.432538,-46.716835,44.726547,-18.082161,33.887367,7.116722,-13.586104,-4.925234,-13.377913,-24.175327,35.406574,85.889671,19.227701,-8.278197,23.133282
1123.000000,789.916687,1112.795776,78.056740,-0.544346,0.193986,89.254826,-4.116501,6.198533,9.634843,19.481461,-14.832901,-3.166547,-13.416610,-3.360078,-15.718449,13.150707,0.275942,-2.422330,11.132834,-6.052736,3.601387,-49.638908,45.038074,-18.026140,34.254635,3.859564,-14.356961,-5.995460,-13.655210,-23.714615,34.592598,85.882652,18.464952,-8.560323,23.030577
1124.000000,789.901306,1112.781006,78.057632,-0.510443,0.150636,89.146855,-3.999732,6.166802,9.756524,19.407372,-14.814124,-3.151570,-13.414474,-3.356912,-15.573888,13.189149,0.281158,-2.410265,11.073421,-6.350244,3.682334,-52.417519,45.271832,-17.947186,35.009567,0.593954,-15.244213,-7.191132,-13.958325,-23.266888,33.563782,85.881004,17.652161,-8.816098,22.991789
1125.000000,789.871216,1112.773193,78.061523,-0.536064,0.116161,89.118076,-3.964537,6.169584,9.779638,19.416052,-14.827686,-3.131828,-13.322320,-3.321277,-15.539551,13.043103,0.360714,-2.386928,10.809271,-6.534714,3.707868,-54.850952,45.572124,-17.866104,35.808559,-2.974325,-15.999948,-8.442541,-14.319532,-22.863222,32.461906,85.877785,16.704283,-9.067670,22.942631
1126.000000,789.826416,1112.773560,78.061905,-0.582995,0.082380,89.094807,-3.965908,6.191597,9.785847,19.492659,-14.876596,-3.115575,-13.241201,-3.285448,-15.534151,12.929276,0.418374,-2.367427,10.552026,-6.592002,3.721202,-56.434822,45.930477,-17.866190,36.392223,-5.732491,-16.504789,-9.483135,-14.612822,-22.623528,31.689590,85.877380,15.868796,-9.290929,22.918749
1127.000000,789.774292,1112.789673,78.059616,-0.631305,0.068003,89.004052,-3.964161,6.226504,9.838055,19.598568,-14.963446,-3.094266,-13.164171,-3.231945,-15.489540,12.809655,0.480842,-2.343061,10.219918,-6.616483,3.725955,-58.518627,46.606163,-17.875158,37.398743,-9.454895,-17.174982,-11.192263,-14.899791,-22.381514,30.587843,85.881805,14.604116,-9.749366,22.911882
1128.000000,789.718811,1112.822388,78.057785,-0.671266,0.075384,88.831940,-3.937600,6.280663,9.987974,19.691158,-15.071198,-3.073432,-13.122799,-3.142281,-15.353685,12.691392,0.556056,-2.324869,10.016221,-6.597550,3.727597,-60.420246,47.464554,-17.902773,38.443089,-12.886905,-17.656446,-12.971526,-14.993349,-22.249788,29.646362,85.884895,13.430916,-10.258195,22.911318
1129.000000,789.660095,1112.847656,78.055862,-0.757852,0.007152,88.799881,-3.910483,6.343009,10.048250,19.833828,-15.190081,-3.050395,-12.987203,-3.054026,-15.300934,12.512996,0.649538,-2.310156,9.734833,-6.510515,3.824921,-62.179695,48.514156,-18.052692,39.404316,-16.073528,-17.984205,-14.654153,-15.010969,-22.185930,28.892614,85.883789,12.377366,-10.639374,22.913647
1130.000000,789.597046,1112.856567,78.049103,-0.869245,-0.140746,88.802657,-3.880997,6.438068,10.000371,20.131865,-15.370078,-3.025208,-12.726561,-2.961212,-15.338413,12.331715,0.733473,-2.291043,9.405201,-6.348259,4.099021,-64.034515,49.609901,-18.574144,40.443947,-18.922880,-18.229673,-16.248308,-15.033743,-22.149630,28.293875,85.851730,11.353114,-10.817640,22.911858
1131.000000,789.530212,1112.862915,78.041420,-0.978206,-0.189410,88.889781,-3.950235,6.520049,9.910572,20.456507,-15.549935,-2.994726,-12.541722,-2.889327,-15.403024,12.168621,0.812302,-2.253028,9.089470,-6.179786,4.307241,-65.869705,50.519711,-19.320831,41.608166,-21.737759,-18.405254,-17.867104,-15.025226,-22.063763,27.829796,85.760841,10.668694,-10.817782,22.906740
1132.000000,789.471497,1112.866455,78.035812,-1.075428,-0.157936,89.092033,-4.166471,6.545824,9.682283,20.739664,-15.671858,-2.959659,-12.459327,-2.892541,-15.584676,12.035636,0.859947,-2.190353,8.607263,-6.072015,4.395974,-67.772087,51.255756,-20.203300,42.913902,-24.412539,-18.490164,-19.597122,-14.938332,-21.874895,27.413034,85.479355,10.418609,-10.805661,22.900379
1133.000000,789.417847,1112.866333,78.029533,-1.164058,-0.181714,89.254651,-4.329454,6.578131,9.484717,21.015417,-15.796824,-2.925763,-12.362377,-2.894211,-15.747748,11.953452,0.880266,-2.130937,8.129910,-5.979617,4.526651,-69.724724,51.815895,-21.069813,44.406857,-26.617559,-18.552269,-21.393717,-14.832279,-21.619247,26.962872,84.993416,10.236145,-10.806085,22.897192
1134.000000,789.357788,1112.840942,78.004250,-1.285725,-0.229045,89.379871,-4.565967,6.660943,9.305097,21.504536,-16.025024,-2.880047,-12.313866,-2.867780,-15.869712,11.983563,0.867213,-2.082819,7.643776,-5.833336,4.697116,-71.771477,52.276482,-22.038507,46.249146,-28.833752,-18.701778,-23.312977,-14.870018,-21.300877,26.448044,84.599503,10.166038,-10.890601,22.900192
1135.000000,789.295532,1112.779297,77.962563,-1.404157,-0.279256,89.569697,-4.933075,6.746050,9.062365,22.214197,-16.329689,-2.822863,-12.376366,-2.879096,-16.001989,12.231411,0.767177,-2.043044,7.073176,-5.672464,4.963717,-73.999771,52.650837,-23.049969,48.289104,-30.873758,-18.766441,-25.147085,-15.173818,-20.934624,25.974352,84.498093,10.130318,-11.092440,22.914799
1136.000000,789.237793,1112.701172,77.920074,-1.501636,-0.355484,89.728376,-5.269796,6.803766,8.825628,22.874474,-16.597078,-2.773010,-12.460912,-2.919769,-16.121845,12.544417,0.644403,-2.010214,6.531201,-5.575579,5.315110,-76.272408,52.808830,-23.946241,50.228333,-32.575256,-18.799873,-26.753901,-15.566820,-20.570978,25.639700,84.497711,10.118219,-11.331675,22.941935
1137.000000,789.181030,1112.636719,77.880928,-1.606727,-0.328336,89.845595,-5.675821,6.879901,8.637252,23.499443,-16.850807,-2.729878,-12.613132,-2.921945,-16.205540,12.764822,0.582394,-1.974773,6.029595,-5.517893,5.531783,-78.455482,52.835781,-24.854231,52.059826,-34.136032,-18.876543,-28.222507,-15.923477,-20.230883,25.384844,84.497566,10.109776,-11.578556,23.012049
1138.000000,789.123047,1112.592896,77.848320,-1.683294,-0.172118,89.904809,-6.135647,6.928872,8.507833,23.993813,-17.046736,-2.681660,-12.878631,-2.923103,-16.238010,12.924111,0.558432,-1.937430,5.594675,-5.511426,5.546345,-80.420334,52.815426,-25.797388,53.662533,-35.602833,-18.952517,-29.591684,-16.148186,-19.977741,25.215889,84.399681,10.094403,-11.819656,23.107588
1139.000000,789.059448,1112.559082,77.827637,-1.759604,-0.106144,90.008822,-6.450463,6.946722,8.362103,24.349316,-17.189880,-2.632951,-13.001725,-2.935645,-16.302891,12.985781,0.558655,-1.891909,5.170822,-5.488866,5.631252,-82.274101,52.780258,-26.788004,55.049171,-36.886398,-19.039320,-30.820835,-16.269089,-19.860863,25.173855,84.133667,10.080075,-12.079082,23.207523
1140.000000,788.986511,1112.536377,77.806618,-1.853837,-0.063763,90.167962,-6.745709,6.961030,8.163851,24.732092,-17.348154,-2.572521,-13.062142,-2.961958,-16.425503,13.047129,0.545432,-1.839528,4.707965,-5.420537,5.720008,-84.149452,52.690605,-27.921183,56.363178,-38.001472,-19.110109,-31.924654,-16.321861,-19.838356,25.175896,83.841438,10.087311,-12.386724,23.336695
1141.000000,788.906372,1112.511597,77.778496,-1.944284,0.031352,90.337087,-7.130180,6.966458,7.955220,25.185358,-17.522509,-2.500144,-13.218527,-3.017318,-16.559816,13.205887,0.499143,-1.796629,4.252306,-5.350204,5.757918,-86.110573,52.530617,-29.157499,57.611965,-38.875664,-19.160879,-32.916336,-16.372997,-19.856001,25.180605,83.662346,10.181599,-12.706274,23.482901
1142.000000,788.820618,1112.476685,77.756096,-2.009740,0.105476,90.484792,-7.387742,6.948321,7.819589,25.477711,-17.625549,-2.437596,-13.325520,-3.075486,-16.651905,13.307798,0.481725,-1.761721,3.941979,-5.302493,5.835874,-87.688293,52.339508,-30.081886,58.548229,-39.316978,-19.215441,-33.634621,-16.408125,-19.901438,25.193443,83.533249,10.305535,-12.911786,23.577976
1143.000000,788.737183,1112.437866,77.745399,-2.024817,0.148140,90.570211,-7.615695,6.878982,7.711026,25.694141,-17.684481,-2.348969,-13.433831,-3.174241,-16.724659,13.386582,0.492700,-1.704131,3.613458,-5.274954,5.989993,-89.760735,51.980316,-31.171171,59.779617,-39.709927,-19.306847,-34.536320,-16.436703,-19.976280,25.264605,83.299294,10.461010,-13.083341,23.678988
1144.000000,788.649109,1112.396606,77.741768,-2.024936,0.127544,90.603736,-7.695164,6.786244,7.684401,25.772205,-17.694828,-2.262369,-13.475317,-3.275224,-16.730791,13.424605,0.527873,-1.633805,3.322517,-5.251333,6.203636,-91.684692,51.622448,-32.164383,60.973183,-40.069687,-19.445833,-35.359982,-16.498600,-20.036818,25.482512,82.999710,10.630754,-13.158083,23.771645
1145.000000,788.557556,1112.362061,77.740883,-2.029516,0.088779,90.607683,-7.700414,6.710429,7.700521,25.818316,-17.709040,-2.179876,-13.451026,-3.345877,-16.703970,13.400070,0.592344,-1.556463,3.019926,-5.171860,6.417948,-93.380379,51.264194,-33.003662,62.183308,-40.337234,-19.617949,-36.047119,-16.587372,-20.079889,25.866611,82.637894,10.802052,-13.215298,23.874575
1146.000000,788.464844,1112.332397,77.732841,-2.084299,0.101252,90.693562,-7.816962,6.661359,7.637620,25.969555,-17.765221,-2.098211,-13.433810,-3.400494,-16.754995,13.337278,0.661023,-1.476537,2.607675,-5.007374,6.531631,-94.803093,50.888775,-33.616119,63.335098,-40.484077,-19.728245,-36.564243,-16.701752,-20.083084,26.266563,82.357918,10.863980,-13.344569,23.978958
1147.000000,788.370850,1112.298584,77.715141,-2.177516,0.148834,90.835980,-8.101886,6.653716,7.467240,26.318325,-17.904036,-2.007482,-13.450177,-3.434205,-16.900249,13.276608,0.722349,-1.396495,2.112154,-4.763495,6.601440,-96.211143,50.433720,-34.201633,64.478088,-40.549931,-19.747190,-36.969395,-16.866776,-20.064339,26.591722,82.191696,10.880352,-13.511855,24.042238
1148.000000,788.280273,1112.268433,77.701012,-2.213155,0.217234,90.897712,-8.329720,6.602242,7.383420,26.543386,-17.992928,-1.912830,-13.539680,-3.501641,-16.963438,13.283913,0.761034,-1.327439,1.736666,-4.584559,6.644045,-97.538307,49.844147,-34.676373,65.571075,-40.626297,-19.752167,-37.326576,-16.976940,-20.043909,26.819002,82.025894,10.899824,-13.676795,24.058203
1149.000000,788.192688,1112.238525,77.687767,-2.229530,0.302309,90.956849,-8.549400,6.524862,7.323567,26.716925,-18.052004,-1.818510,-13.676876,-3.592828,-16.995087,13.338167,0.782990,-1.261601,1.367122,-4.456943,6.665034,-98.806168,49.250683,-35.190556,66.562134,-40.677753,-19.767427,-37.604786,-17.056490,-20.036917,27.098335,81.881485,11.072433,-13.880116,24.064339
1150.000000,788.105347,1112.209473,77.674194,-2.234824,0.387179,91.000500,-8.708048,6.459292,7.290701,26.837975,-18.092848,-1.746588,-13.800939,-3.672568,-17.004364,13.418317,0.784456,-1.210371,1.051173,-4.378630,6.683953,-99.779861,48.820282,-35.645039,67.296722,-40.690582,-19.772329,-37.771408,-17.090021,-20.048777,27.348360,81.759888,11.288714,-14.049992,24.067049
1151.000000,788.023254,1112.189331,77.665947,-2.214197,0.461653,91.013134,-8.864511,6.356320,7.285313,26.921526,-18.120251,-1.654114,-13.970812,-3.788815,-16.985609,13.539896,0.774841,-1.143418,0.613347,-4.316545,6.691446,-101.033524,48.250637,-36.200958,68.262360,-40.698498,-19.773266,-37.943840,-17.090868,-20.077940,27.681314,81.576096,11.576279,-14.226924,24.070461
1152.000000,787.940002,1112.179443,77.667488,-2.157020,0.487423,90.992234,-8.880084,6.212162,7.329347,26.856709,-18.092884,-1.560030,-14.083504,-3.927755,-16.920988,13.648815,0.758190,-1.069349,0.182650,-4.305777,6.722579,-102.192688,47.650200,-36.643177,69.185532,-40.705280,-19.773357,-38.038921,-17.079767,-20.108761,27.996164,81.432549,11.892996,-14.314920,24.073704
1153.000000,787.862915,1112.187500,77.676758,-2.069461,0.486672,90.906016,-8.756781,6.044199,7.451050,26.650045,-18.019997,-1.472099,-14.153836,-4.071702,-16.784822,13.748055,0.733880,-0.991429,-0.179387,-4.326252,6.731659,-103.154190,47.045395,-36.934490,70.049774,-40.703552,-19.775513,-38.087677,-17.044487,-20.144285,28.293154,81.328789,12.132948,-14.337193,24.076614
1154.000000,787.795776,1112.199463,77.676193,-1.973630,0.524706,90.676222,-8.645945,5.927617,7.712103,26.477446,-17.976906,-1.407572,-14.339283,-4.171523,-16.518129,13.947061,0.679314,-0.933283,-0.402173,-4.365927,6.685560,-104.055595,46.513931,-37.178890,70.921349,-40.647266,-19.778776,-38.156738,-16.976406,-20.224802,28.719292,81.064377,12.226520,-14.340345,24.078087
1155.000000,787.756897,1112.211182,77.668312,-1.875352,0.620100,90.384644,-8.615196,5.866284,8.038925,26.368883,-17.967550,-1.366569,-14.641712,-4.220911,-16.188145,14.203153,0.608066,-0.903648,-0.564809,-4.458044,6.597571,-105.106018,46.093071,-37.358517,71.983536,-40.190765,-19.791542,-38.297070,-16.876532,-20.282124,29.218025,80.604729,12.308208,-14.347264,24.082979
1156.000000,787.739685,1112.220703,77.662140,-1.796129,0.602299,90.073679,-8.510446,5.853356,8.295506,26.280659,-17.967192,-1.352700,-14.780269,-4.220644,-15.944283,14.359396,0.563571,-0.895605,-0.667410,-4.544228,6.626433,-105.916862,45.878418,-37.415600,72.782608,-39.698967,-19.790264,-38.367371,-16.820505,-20.279020,29.514769,80.286079,12.400126,-14.391488,24.111164
1157.000000,787.729431,1112.246948,77.649284,-1.761319,0.611597,89.626562,-8.362340,5.926799,8.699064,26.259169,-18.039385,-1.352244,-14.933622,-4.123095,-15.567389,14.522399,0.529908,-0.901261,-0.661543,-4.587236,6.647764,-106.665138,45.786293,-37.377415,73.346954,-39.275734,-19.788588,-38.357044,-16.810055,-20.244991,29.747641,80.099251,12.474637,-14.501479,24.194178
1158.000000,787.732117,1112.292847,77.631317,-1.727526,0.758461,89.032844,-8.337899,6.084174,9.231649,26.293062,-18.168900,-1.370639,-15.235153,-3.907254,-15.049896,14.605183,0.562982,-0.929276,-0.327858,-4.586305,6.448950,-107.028519,45.780449,-37.183552,73.387138,-38.933529,-19.815006,-38.333950,-16.798939,-20.222141,29.808081,80.141548,12.488180,-14.589379,24.258661
1159.000000,787.754272,1112.342407,77.618423,-1.695958,0.897580,88.570855,-8.338850,6.224474,9.705594,26.287565,-18.271898,-1.410072,-15.556315,-3.710057,-14.593236,14.702649,0.570434,-0.976507,0.091269,-4.611786,6.182041,-107.203514,45.828918,-36.904739,73.197334,-38.421272,-19.923658,-38.329498,-16.830746,-20.188204,29.814590,80.360306,12.486499,-14.654648,24.278942
1160.000000,787.803528,1112.416382,77.627953,-1.564156,0.967799,87.943548,-8.046009,6.294243,10.309581,25.940126,-18.243372,-1.473699,-15.779705,-3.539554,-14.035318,14.782001,0.573028,-1.035110,0.691582,-4.761951,5.946894,-107.026260,45.977982,-36.239189,72.595192,-37.475113,-20.069021,-38.307102,-16.892393,-20.111332,29.746634,80.726433,12.424123,-14.689017,24.328981
1161.000000,787.875916,1112.516968,77.652718,-1.394627,1.039170,87.241862,-7.582170,6.328360,11.026809,25.342489,-18.117121,-1.560840,-15.962993,-3.347638,-13.380763,14.781277,0.607623,-1.116289,1.580492,-4.993191,5.618525,-106.296608,46.069859,-34.862129,71.450424,-36.080608,-20.183281,-38.248943,-16.876316,-20.041656,29.582476,81.199699,12.255487,-14.695431,24.436956
1162.000000,787.965088,1112.635742,77.690903,-1.245219,1.051655,86.658474,-6.989221,6.336358,11.642313,24.606115,-17.923296,-1.672513,-15.971298,-3.151626,-12.823474,14.656799,0.659132,-1.199165,2.608541,-5.219736,5.300354,-105.056000,46.109024,-32.786449,69.759071,-34.155792,-20.299000,-38.177769,-16.812855,-19.967701,29.207134,81.878777,12.135822,-14.696154,24.591177
1163.000000,788.064636,1112.755615,77.723671,-1.143505,0.980722,86.150157,-6.514068,6.360925,12.026543,24.094103,-17.792675,-1.767670,-15.893804,-2.996300,-12.478374,14.571538,0.674233,-1.262605,3.385281,-5.346233,5.104984,-103.951660,46.225113,-31.093100,68.360802,-32.518219,-20.448238,-38.160213,-16.761984,-19.915834,28.751127,82.465126,12.089703,-14.694473,24.725565
1164.000000,788.183655,1112.854004,77.739868,-1.064204,0.878273,85.777345,-5.960996,6.438419,12.431201,23.639791,-17.703072,-1.901151,-15.799212,-2.796780,-12.113483,14.627834,0.605394,-1.360385,4.331057,-5.473742,4.956635,-102.523476,46.656387,-28.968088,66.627655,-30.294872,-20.762945,-38.156826,-16.759560,-19.883228,28.015373,83.173111,11.937117,-14.689600,24.893553
1165.000000,788.345093,1112.928833,77.750526,-0.895426,0.898852,85.426515,-5.556417,6.429574,12.736396,23.152199,-17.539089,-2.051853,-15.924582,-2.719405,-11.831911,14.934510,0.411466,-1.475354,5.099286,-5.763900,4.794018,-101.330116,47.384449,-26.979843,65.237099,-28.070965,-21.070946,-38.153343,-16.765570,-19.823982,27.252640,83.677017,11.592052,-14.686239,25.021646
1166.000000,788.545227,1112.982422,77.759216,-0.727086,1.067619,85.037745,-5.322702,6.435777,13.112855,22.625921,-17.327770,-2.237130,-16.262878,-2.605876,-11.486008,15.216054,0.272672,-1.627445,5.875252,-6.225833,4.555995,-100.369728,48.369297,-24.959229,63.942970,-25.933977,-21.202555,-38.077885,-16.771969,-19.681147,26.493059,84.085495,11.128521,-14.686482,25.123327
1167.000000,788.760193,1113.020996,77.770981,-0.624890,1.137526,84.623474,-5.048984,6.561657,13.505569,22.157650,-17.153017,-2.457323,-16.429794,-2.344224,-11.140381,15.234673,0.263359,-1.814580,6.620320,-6.674469,4.471096,-99.335312,49.896198,-22.833937,62.264595,-23.916872,-21.284693,-37.762127,-16.773470,-19.515833,25.468683,84.340599,10.538747,-14.687118,25.230829
1168.000000,788.966858,1113.056641,77.787575,-0.609940,1.008988,84.354241,-4.626970,6.753282,13.723415,21.808102,-17.045015,-2.671433,-16.217291,-2.036618,-10.961349,15.047239,0.302814,-2.002470,7.116842,-6.947011,4.625707,-98.176956,51.783672,-20.945040,60.690224,-22.433643,-21.564602,-37.207947,-16.757914,-19.430159,24.431490,84.413544,9.899894,-14.688536,25.306276
1169.000000,789.145264,1113.114502,77.805641,-0.639630,0.832754,84.229380,-4.285670,6.897272,13.770620,21.588470,-16.993002,-2.819918,-15.941674,-1.828265,-10.934142,14.876056,0.310384,-2.126419,7.383342,-7.034864,4.723196,-96.997345,53.297791,-19.614044,59.582706,-21.720015,-21.838539,-36.617504,-16.651251,-19.439789,23.709524,84.420128,9.395863,-14.690544,25.329922
1170.000000,789.295837,1113.194214,77.826485,-0.714358,0.534490,84.273005,-3.776936,7.069582,13.694333,21.336182,-16.954292,-2.996832,-15.428517,-1.605105,-11.029471,14.649921,0.268561,-2.255184,7.746403,-6.975978,4.840218,-94.797150,55.136032,-17.780787,58.136318,-21.257891,-22.263458,-35.667458,-16.313437,-19.557116,22.845531,84.421913,8.720081,-14.692071,25.338570
1171.000000,789.429504,1113.286743,77.840797,-0.810545,0.254673,84.493992,-3.340734,7.216869,13.419472,21.205307,-16.959585,-3.149193,-14.878045,-1.466251,-11.289118,14.523020,0.129229,-2.349485,8.125880,-6.780151,4.890099,-92.024719,56.629784,-16.008013,56.871952,-21.002462,-22.724091,-34.676624,-15.756020,-19.732271,22.122751,84.430260,8.133282,-14.678493,25.343950
1172.000000,789.556519,1113.357300,77.846336,-0.888459,0.078227,84.799772,-3.108064,7.336430,13.031729,21.190687,-16.983591,-3.277778,-14.477741,-1.398003,-11.630571,14.516400,-0.062864,-2.431078,8.552711,-6.586827,4.850881,-88.987587,57.919029,-14.495030,55.794765,-20.708525,-23.034025,-33.819107,-15.135026,-19.858194,21.453617,84.510956,7.629813,-14.601050,25.351948
1173.000000,789.689392,1113.387329,77.840683,-0.912500,-0.074617,84.998628,-2.970299,7.425325,12.750864,21.215727,-17.003521,-3.385504,-14.280694,-1.362344,-11.865779,14.674382,-0.270792,-2.523511,9.055371,-6.497318,4.867063,-86.109543,59.174896,-13.445536,54.908863,-20.439377,-23.108105,-33.192780,-14.696217,-19.868414,20.924454,84.616318,7.411544,-14.362548,25.378643
1174.000000,789.823608,1113.378906,77.824577,-0.913694,-0.183085,85.171641,-2.940874,7.510059,12.523333,21.334593,-17.038748,-3.484855,-14.232330,-1.342606,-12.046131,14.948582,-0.487840,-2.626850,9.529462,-6.491752,4.924984,-83.376862,60.439331,-12.720671,54.199150,-20.258572,-23.070957,-32.807465,-14.449034,-19.778109,20.474186,84.655663,7.383214,-14.057879,25.419062
1175.000000,789.963989,1113.342896,77.807556,-0.916081,-0.175662,85.437392,-3.130222,7.583321,12.194605,21.524967,-17.055593,-3.580836,-14.301926,-1.358084,-12.321445,15.180858,-0.659769,-2.730359,9.808875,-6.590242,4.917530,-80.940399,61.632118,-12.208810,53.709621,-20.174992,-22.940449,-32.659046,-14.370251,-19.567739,20.004635,84.705017,7.372322,-13.834572,25.437916
1176.000000,790.110657,1113.280884,77.792824,-0.946590,-0.126843,85.772693,-3.370912,7.654350,11.884706,21.710920,-17.059162,-3.655782,-14.355172,-1.362187,-12.595593,15.253551,-0.725237,-2.810997,9.927872,-6.713080,4.917315,-79.468903,62.453053,-11.978183,53.565536,-20.088121,-22.787497,-32.644165,-14.376422,-19.356705,19.647902,84.731514,7.361824,-13.771199,25.439419
1177.000000,790.247925,1113.203247,77.781647,-0.969097,-0.211467,85.977645,-3.559820,7.770287,11.556614,21.925838,-17.055780,-3.765706,-14.316370,-1.322887,-12.894757,15.278553,-0.759031,-2.923485,10.163018,-6.895819,5.068615,-77.941597,63.411720,-11.767450,53.662899,-19.855227,-22.584095,-32.641190,-14.453219,-19.059563,19.237709,84.744621,7.324953,-13.763224,25.436884
1178.000000,790.364014,1113.131958,77.772034,-1.005150,-0.358412,86.139578,-3.576929,7.890858,11.343605,22.089304,-17.060158,-3.872036,-14.163842,-1.247470,-13.089655,15.259310,-0.768715,-3.023477,10.411592,-7.029408,5.251157,-76.656273,64.235260,-11.638954,54.237236,-19.665716,-22.535669,-32.659824,-14.573980,-18.771294,18.963633,84.746384,7.195531,-13.767634,25.432570
1179.000000,790.438965,1113.068115,77.763527,-1.113856,-0.534664,86.430123,-3.646970,8.030561,11.009917,22.381044,-17.122351,-3.942779,-13.885407,-1.169265,-13.390870,15.105738,-0.730224,-3.094534,10.320198,-7.014040,5.341332,-75.413101,65.153641,-11.684682,55.338581,-19.651104,-22.535254,-32.722736,-14.732377,-18.494101,18.660694,84.739006,6.950320,-13.805213,25.426363
1180.000000,790.477783,1112.996338,77.756783,-1.219855,-0.684673,86.809266,-3.807717,8.125669,10.561425,22.746859,-17.199322,-3.961442,-13.582327,-1.149763,-13.793302,14.901647,-0.665525,-3.142806,10.058901,-6.902892,5.357100,-74.303619,65.968979,-12.090899,56.757828,-19.845991,-22.455200,-32.883621,-14.800800,-18.276642,18.328924,84.725449,6.735901,-13.908944,25.377733
1181.000000,790.492737,1112.913452,77.754044,-1.243419,-0.726737,87.046622,-3.973140,8.113357,10.258586,22.920511,-17.193085,-3.959425,-13.484918,-1.199649,-14.044877,14.801115,-0.600821,-3.166315,9.918798,-6.865773,5.292800,-73.414322,66.658073,-12.786483,58.179104,-20.091381,-22.244310,-33.260689,-14.783439,-18.078199,18.123016,84.702240,6.622672,-13.996631,25.279165
1182.000000,790.488403,1112.810669,77.757729,-1.229106,-0.769944,87.297101,-4.112444,8.017817,9.992581,22.968019,-17.115969,-3.934952,-13.435381,-1.311945,-14.251676,14.712886,-0.520590,-3.166471,9.760663,-6.854631,5.287375,-72.627113,67.315811,-13.561515,59.540737,-20.225552,-22.005087,-33.822998,-14.765603,-17.861368,17.929752,84.672256,6.526970,-14.053115,25.134464
1183.000000,790.454285,1112.688965,77.763939,-1.161616,-0.960575,87.570005,-4.070217,7.823427,9.743776,22.917227,-16.984320,-3.863173,-13.312381,-1.532691,-14.445361,14.779374,-0.520859,-3.141991,9.524063,-6.808552,5.476765,-71.543533,67.932671,-14.232415,60.603062,-20.256704,-21.904701,-34.275497,-14.725242,-17.684441,17.773354,84.478844,6.327668,-14.072519,24.904526
1184.000000,790.388611,1112.575073,77.762695,-1.067349,-1.198984,87.816457,-3.949812,7.573979,9.544012,22.882391,-16.871408,-3.755137,-13.219068,-1.834123,-14.596160,15.064878,-0.631336,-3.086915,9.278362,-6.697963,5.674210,-69.857971,68.418854,-14.828791,61.361042,-20.240353,-21.930964,-34.624775,-14.511467,-17.594929,17.713472,84.006401,6.112417,-14.076851,24.599352
1185.000000,790.310120,1112.477783,77.762253,-0.936930,-1.400806,88.038603,-3.811109,7.278390,9.398908,22.779446,-16.735456,-3.630893,-13.194164,-2.186368,-14.709287,15.437098,-0.790373,-3.008910,9.099743,-6.601188,5.753784,-67.719086,68.576050,-15.292197,61.927471,-20.197369,-22.017303,-34.988152,-14.131202,-17.527496,17.708456,83.423294,5.914055,-14.077250,24.265034
1186.000000,790.242126,1112.386841,77.763466,-0.826691,-1.546003,88.218280,-3.736149,7.072684,9.310862,22.688290,-16.627842,-3.546578,-13.193340,-2.429537,-14.785349,15.661483,-0.876820,-2.948884,8.987851,-6.549085,5.749900,-65.898949,68.524963,-15.596463,62.276363,-20.175600,-22.128365,-35.320290,-13.794651,-17.449631,17.709934,82.939919,5.758506,-14.074005,24.018307
1187.000000,790.187927,1112.276123,77.759949,-0.735728,-1.645563,88.316089,-3.711187,6.874713,9.259911,22.643906,-16.518536,-3.451823,-13.225491,-2.659917,-14.824617,15.854815,-0.908667,-2.884767,8.915938,-6.515057,5.732096,-63.362461,68.303032,-15.980480,62.734589,-20.004484,-22.255257,-35.889706,-13.349411,-17.285017,17.713890,82.224457,5.634414,-14.068802,23.702105
1188.000000,790.145996,1112.153809,77.755264,-0.661051,-1.745860,88.374854,-3.737473,6.725414,9.235682,22.660427,-16.428913,-3.366667,-13.267310,-2.825606,-14.828218,15.969007,-0.882554,-2.839832,8.903591,-6.514101,5.750387,-60.723713,67.850121,-16.122179,63.055981,-19.337639,-22.323845,-36.408741,-13.009309,-17.040165,17.715363,81.627441,5.613447,-14.065398,23.397739
1189.000000,790.117188,1112.033325,77.747688,-0.589768,-1.803367,88.430969,-3.800245,6.596147,9.211405,22.696358,-16.344284,-3.297247,-13.334008,-2.971444,-14.832703,16.073475,-0.845036,-2.810670,8.883680,-6.559153,5.753541,-57.792229,67.189255,-16.046570,63.122139,-18.157278,-22.385250,-36.811134,-12.738976,-16.677164,17.718237,81.231979,5.601829,-14.076580,23.073246
1190.000000,790.091980,1111.916870,77.740425,-0.549692,-1.862906,88.571619,-3.920430,6.492890,9.116843,22.785612,-16.282408,-3.237690,-13.387044,-3.110366,-14.916629,16.157837,-0.815587,-2.781867,8.767953,-6.633702,5.725960,-54.653858,66.322113,-15.806028,62.985760,-16.718496,-22.394201,-37.126801,-12.466247,-16.255510,17.744947,80.942047,5.651109,-14.084557,22.772264
1191.000000,790.065125,1111.810547,77.728966,-0.536619,-1.852529,88.678385,-4.130008,6.431723,9.024958,22.949003,-16.256910,-3.178878,-13.483235,-3.213358,-15.008078,16.210323,-0.762226,-2.756150,8.645556,-6.707970,5.610400,-51.457809,65.218048,-15.682931,62.786423,-15.229291,-22.393351,-37.321400,-12.130507,-15.890771,17.931942,80.604706,5.879400,-14.081218,22.544363
1192.000000,790.040649,1111.698486,77.713280,-0.543353,-1.793248,88.692788,-4.425254,6.433351,9.010219,23.200483,-16.271671,-3.127165,-13.644611,-3.236853,-15.022995,16.197062,-0.637230,-2.740440,8.620638,-6.810482,5.457564,-48.466423,63.945137,-15.670253,62.582275,-13.458810,-22.280201,-37.578011,-11.911632,-15.593463,18.367666,80.455666,6.299216,-14.077418,22.434864
1193.000000,790.025085,1111.592407,77.697807,-0.523618,-1.613482,88.635635,-4.723844,6.439377,9.048554,23.375057,-16.274649,-3.093626,-13.869562,-3.237370,-14.983573,16.172670,-0.518153,-2.737685,8.623552,-6.966990,5.256752,-46.394768,62.999229,-15.670886,62.253284,-11.946062,-22.020178,-37.763390,-11.848857,-15.410597,18.807203,80.472336,6.652469,-14.038577,22.410824
1194.000000,790.001038,1111.484375,77.690140,-0.547197,-1.556031,88.616833,-5.026120,6.461117,9.099346,23.554638,-16.270002,-3.057299,-14.041499,-3.210289,-14.945929,16.024841,-0.319822,-2.737970,8.547482,-7.205543,5.042351,-43.694252,61.802097,-15.699986,61.399300,-9.756994,-21.579538,-37.838455,-11.879027,-15.254474,19.495909,80.517822,7.144610,-13.933700,22.368065
1195.000000,789.957397,1111.400879,77.686066,-0.598085,-1.539892,88.685028,-5.234943,6.493829,9.057922,23.758997,-16.294416,-3.015624,-14.028810,-3.183913,-15.011395,15.811221,-0.135494,-2.725977,8.311228,-7.361438,4.864887,-40.796768,60.549049,-15.759746,60.160679,-7.528219,-21.315454,-37.643505,-11.932903,-15.215294,20.210529,80.577866,7.596024,-13.874627,22.230242
1196.000000,789.900635,1111.362305,77.685333,-0.647271,-1.384608,88.747154,-5.515641,6.499089,8.997280,23.913544,-16.309967,-2.969460,-14.112209,-3.199497,-15.119232,15.642447,0.000982,-2.704594,8.113437,-7.510115,4.446561,-37.902557,58.957413,-15.655406,58.780968,-5.078000,-21.118313,-37.291462,-11.855669,-15.238914,20.776165,80.740410,7.862501,-13.805226,22.014761
1197.000000,789.828430,1111.345215,77.693520,-0.765226,-1.183645,88.868784,-5.897282,6.556435,8.904373,24.102436,-16.348925,-2.899542,-14.141574,-3.146305,-15.291225,15.210252,0.262255,-2.656462,7.961865,-7.554314,3.862099,-35.081718,56.981556,-15.494001,57.572384,-2.487021,-20.935709,-36.880173,-11.651090,-15.350946,21.300758,80.814911,8.297709,-13.522573,21.755812
1198.000000,789.757568,1111.335449,77.715454,-0.840465,-1.175703,88.904934,-5.949428,6.582024,8.881424,24.086269,-16.328678,-2.838159,-13.929276,-3.080086,-15.382583,14.695240,0.536299,-2.586888,7.813948,-7.560231,3.513159,-32.449940,54.993252,-15.438976,56.796700,-0.221669,-20.780880,-36.456192,-11.510573,-15.423506,21.821348,80.819016,9.041783,-13.169760,21.413223
1199.000000,789.688782,1111.342773,77.749405,-0.874213,-1.346823,88.939093,-5.649185,6.547760,8.910691,23.844191,-16.237877,-2.786915,-13.497339,-3.056519,-15.436568,14.214533,0.748972,-2.506142,7.579309,-7.562377,3.375399,-29.843809,53.023380,-15.431821,56.427765,1.691726,-20.606014,-36.006615,-11.409242,-15.428312,22.458796,80.812614,9.991687,-12.924644,21.050381
1200.000000,789.617371,1111.370972,77.783546,-0.906398,-1.572829,89.114175,-5.282349,6.462801,8.832907,23.586323,-16.142218,-2.724526,-12.993859,-3.120376,-15.612083,13.853543,0.849839,-2.417264,7.093716,-7.541134,3.271477,-27.261974,51.112438,-15.514526,56.250866,3.508396,-20.280390,-35.518784,-11.299582,-15.425855,23.172422,80.808342,10.911135,-12.794075,20.747425
1201.000000,789.539978,1111.412109,77.808014,-0.860195,-1.782319,89.075602,-4.947208,6.372458,8.905589,23.342424,-16.069878,-2.666974,-12.734377,-3.197622,-15.610685,13.778807,0.848699,-2.364847,6.834004,-7.558621,3.181848,-25.437338,49.696274,-15.699541,56.153278,4.950326,-19.965582,-35.123241,-11.201178,-15.446093,23.698881,80.811150,11.339098,-12.718286,20.538687
1202.000000,789.450195,1111.463501,77.833839,-0.790398,-1.949918,88.925310,-4.437119,6.244327,9.187980,22.942907,-15.970967,-2.583171,-12.478277,-3.275029,-15.422131,13.717739,0.864199,-2.311899,6.720610,-7.560092,3.030202,-23.114519,47.610428,-15.989626,56.128437,6.918111,-19.447546,-34.518238,-11.079978,-15.555981,24.497505,80.829590,11.590066,-12.513731,20.272318
1203.000000,789.343933,1111.531982,77.870926,-0.728918,-2.089676,88.791102,-3.934029,6.084410,9.422325,22.427040,-15.817611,-2.503930,-12.185638,-3.354271,-15.275830,13.499248,0.943731,-2.250335,6.630838,-7.506019,2.821386,-20.950642,45.324997,-16.238581,56.166260,8.759176,-18.803101,-33.822887,-10.893032,-15.685961,25.320055,80.834717,12.055358,-12.197948,20.001638
1204.000000,789.217712,1111.603882,77.908333,-0.681003,-2.209287,88.683246,-3.451695,5.928622,9.661758,21.923153,-15.677852,-2.407909,-11.882662,-3.431038,-15.150344,13.229440,1.055209,-2.171967,6.619501,-7.348669,2.619342,-19.011131,42.681156,-16.295103,56.525841,10.662127,-18.138039,-32.979370,-10.645612,-15.806920,25.858742,80.948471,12.800297,-11.869618,19.749401
1205.000000,789.084656,1111.671631,77.938744,-0.649595,-2.213209,88.636880,-3.156013,5.764318,9.833122,21.514030,-15.559210,-2.296603,-11.704168,-3.544590,-15.097939,13.001698,1.152699,-2.068226,6.618224,-7.129207,2.365053,-17.339470,39.832756,-16.295122,57.187042,12.547834,-17.455250,-32.114784,-10.365404,-15.928338,26.222315,81.128609,13.429811,-11.492766,19.521919
1206.000000,788.969849,1111.733643,77.976364,-0.498987,-2.240739,88.511072,-2.729151,5.496513,10.099386,20.853327,-15.313309,-2.181540,-11.622364,-3.746518,-14.948949,12.941621,1.177607,-1.961209,6.674773,-7.019700,2.211399,-15.860679,37.081272,-16.282537,58.099285,14.150413,-16.853838,-31.259626,-10.100790,-15.994108,26.450773,81.197014,13.876645,-11.020801,19.292465
1207.000000,788.874939,1111.798462,78.015694,-0.330096,-2.230748,88.335687,-2.252237,5.199991,10.427022,20.044041,-14.988279,-2.085624,-11.605742,-3.952323,-14.722694,12.922331,1.187977,-1.873877,6.700322,-6.996650,2.057384,-14.458966,34.393631,-16.278751,59.385391,15.244206,-16.251144,-30.317732,-9.829985,-15.976974,26.694540,81.119339,14.375565,-10.483831,18.989973
1208.000000,788.802673,1111.867554,78.053322,-0.217440,-2.350132,88.047850,-1.629733,5.023700,10.842968,19.276636,-14.718022,-2.042167,-11.406363,-4.005639,-14.432078,12.744592,1.266926,-1.828680,6.786624,-6.941123,2.047181,-13.150674,31.935385,-16.281425,60.852673,15.722328,-15.648926,-29.304663,-9.602113,-15.880131,26.935528,80.958626,14.860831,-9.984303,18.595236
1209.000000,788.746338,1111.956421,78.085762,-0.095639,-2.404854,87.655467,-1.156587,4.919325,11.228244,18.689947,-14.530191,-2.025465,-11.310390,-4.006671,-14.154821,12.644886,1.309953,-1.807209,6.902779,-6.904631,1.968494,-12.150447,30.193970,-16.377375,62.086792,15.798867,-15.220321,-28.473957,-9.426587,-15.750270,27.133766,80.870811,15.212959,-9.651655,18.258247
1210.000000,788.698120,1112.041504,78.112007,-0.038387,-2.398080,87.428977,-0.703276,4.805889,11.611076,18.054600,-14.327890,-2.005209,-11.233961,-4.009634,-13.898319,12.509812,1.358631,-1.772902,6.946365,-6.820009,1.801496,-10.954737,28.063036,-16.645086,63.830288,15.819093,-14.608732,-27.418491,-9.265050,-15.556878,27.431953,80.843964,15.653877,-9.244037,17.846834
1211.000000,788.654968,1112.107422,78.129593,-0.017712,-2.350215,87.393035,-0.496999,4.731670,11.755377,17.696957,-14.220578,-1.976241,-11.163323,-4.033327,-13.850017,12.364938,1.392661,-1.721068,6.893156,-6.649406,1.672749,-9.955111,26.069868,-16.794979,65.436852,15.902609,-13.860229,-26.530399,-9.112078,-15.443492,27.543167,80.836418,15.955972,-8.904259,17.525621
1212.000000,788.621826,1112.155762,78.144691,0.034494,-2.264920,87.446271,-0.407028,4.610623,11.773806,17.382664,-14.097822,-1.931621,-11.191238,-4.148842,-13.910054,12.367365,1.349415,-1.658739,6.839770,-6.489830,1.604270,-9.087339,24.249352,-16.803713,66.649559,16.048183,-12.979544,-25.707413,-8.984867,-15.418219,27.553427,80.832306,16.181652,-8.552055,17.274723
1213.000000,788.654724,1112.176392,78.162811,0.079262,-2.136845,87.629846,-0.415182,4.500530,11.689229,17.055805,-13.918990,-1.908826,-11.260442,-4.275451,-14.077604,12.354637,1.309959,-1.621586,6.817468,-6.416523,1.589047,-8.553528,23.096788,-16.625507,67.284500,16.083384,-12.097223,-24.844479,-8.908968,-15.375981,27.575911,80.832253,16.698282,-8.165440,17.017157
1214.000000,788.737366,1112.199585,78.186081,0.121789,-1.996765,87.777852,-0.423417,4.455798,11.589559,16.679686,-13.686730,-1.935439,-11.294998,-4.325542,-14.276548,12.234298,1.316350,-1.628524,6.914541,-6.428986,1.575310,-8.537669,22.962883,-16.194656,67.443062,16.043880,-11.430799,-23.852383,-8.838868,-15.271154,27.679068,80.830650,17.459105,-7.789707,16.746653
1215.000000,788.796631,1112.258301,78.209671,0.160220,-1.849279,87.827955,-0.376807,4.426401,11.591704,16.281506,-13.482309,-1.977244,-11.329656,-4.333496,-14.375361,12.093876,1.332097,-1.644048,7.001977,-6.342633,1.415525,-8.405989,22.901632,-15.897734,67.460449,16.028589,-11.071642,-22.639259,-8.754924,-15.247104,27.806747,80.827446,18.061266,-7.510714,16.492815
1216.000000,788.824097,1112.339111,78.226845,0.186438,-1.757147,87.814848,-0.250496,4.394283,11.660117,15.910914,-13.334695,-2.017472,-11.351807,-4.338550,-14.396938,12.040851,1.302442,-1.660466,7.010892,-6.141298,1.193222,-8.137138,22.713112,-15.636117,67.471016,16.083403,-10.829726,-21.182077,-8.665936,-15.286167,27.828728,80.825432,18.363535,-7.345849,16.191074
1217.000000,788.828064,1112.426147,78.236328,0.249086,-1.686956,87.721358,-0.050097,4.318881,11.808872,15.524318,-13.208546,-2.042949,-11.451146,-4.393338,-14.338568,12.205702,1.171597,-1.688110,7.043883,-5.862735,0.964218,-7.841075,22.413601,-15.454011,67.474380,16.210669,-10.616277,-19.500957,-8.580758,-15.417664,27.861742,80.807907,18.594267,-7.214644,15.893560
1218.000000,788.814575,1112.512085,78.243996,0.348337,-1.634296,87.669944,0.194896,4.158864,11.923779,15.062209,-13.042774,-2.045130,-11.603139,-4.543505,-14.289089,12.537759,0.952363,-1.700351,7.036079,-5.555250,0.783886,-7.527674,22.063154,-15.236833,67.469368,16.465462,-10.509954,-17.743572,-8.530120,-15.637292,27.880976,80.781982,18.857752,-7.110733,15.683682
1219.000000,788.790588,1112.596191,78.257347,0.470919,-1.611766,87.667609,0.525036,3.928255,11.987865,14.452144,-12.796033,-2.030434,-11.713746,-4.753123,-14.265121,12.876045,0.719019,-1.681580,7.007733,-5.225614,0.687796,-7.193910,21.684166,-14.938034,67.392899,16.864092,-10.464274,-15.951343,-8.500489,-15.940223,27.884323,80.751228,19.139496,-7.047549,15.532384
1220.000000,788.769531,1112.674683,78.275543,0.586689,-1.589271,87.682928,0.882013,3.691957,12.032514,13.760095,-12.499794,-2.009976,-11.781154,-4.949892,-14.253211,13.118958,0.535723,-1.640535,6.996793,-4.907705,0.642366,-6.838028,21.336374,-14.660337,67.171638,17.280642,-10.435268,-14.243146,-8.488180,-16.243387,27.889311,80.719498,19.474419,-7.010881,15.386549
1221.000000,788.760254,1112.744263,78.291435,0.694969,-1.531046,87.702760,1.106527,3.529945,12.059110,13.265919,-12.280248,-1.994112,-11.855956,-5.083272,-14.248313,13.288484,0.412094,-1.611442,7.001311,-4.696131,0.621968,-6.559100,21.111916,-14.494675,66.901657,17.580172,-10.426063,-13.055022,-8.487318,-16.439089,27.895712,80.674126,19.745749,-6.996861,15.265961
1222.000000,788.766052,1112.802002,78.303108,0.798499,-1.444104,87.726312,1.344523,3.329152,12.084448,12.644342,-11.991783,-1.976916,-12.009336,-5.252556,-14.247004,13.539572,0.242779,-1.586458,7.022013,-4.468009,0.610409,-6.210977,20.852634,-14.338520,66.458755,18.002693,-10.421191,-11.598248,-8.490026,-16.646564,27.902136,80.546234,20.055662,-6.986605,15.097613
1223.000000,788.787842,1112.856445,78.314705,0.901146,-1.344210,87.754307,1.549238,3.146648,12.097092,12.036920,-11.698097,-1.968742,-12.182570,-5.403970,-14.252309,13.782147,0.081335,-1.574369,7.037868,-4.317153,0.607571,-5.939771,20.628965,-14.207685,66.067574,18.463596,-10.421764,-10.343034,-8.507834,-16.781523,27.905754,80.374008,20.215218,-6.980794,14.953465
1224.000000,788.826294,1112.902344,78.322693,1.026012,-1.226366,87.771221,1.740332,2.960800,12.112134,11.405474,-11.379808,-1.967291,-12.405396,-5.556564,-14.243230,14.069100,-0.096590,-1.571510,7.050350,-4.265985,0.608663,-5.729471,20.449677,-14.122390,65.689850,18.964251,-10.423656,-9.238773,-8.558746,-16.840860,27.910635,80.164551,20.256142,-6.964571,14.840254
1225.000000,788.871887,1112.930542,78.323784,1.122464,-1.115010,87.784106,1.842751,2.815053,12.120549,10.937437,-11.131459,-1.973783,-12.664683,-5.690304,-14.233397,14.397736,-0.278829,-1.583604,7.054086,-4.276926,0.640830,-5.620172,20.330061,-14.179757,65.353218,19.415529,-10.462340,-8.320756,-8.650633,-16.936636,28.000340,79.792816,20.271397,-6.949408,14.807064
1226.000000,788.921448,1112.951416,78.321815,1.175891,-1.047119,87.778705,1.886694,2.761265,12.131281,10.701892,-11.007150,-1.993594,-12.832049,-5.740316,-14.227615,14.614921,-0.404855,-1.605911,7.055073,-4.275702,0.725555,-5.608598,20.235258,-14.267573,65.144958,19.791296,-10.557184,-7.641158,-8.780978,-17.119013,28.179924,79.316704,20.372171,-6.966359,14.810205
1227.000000,788.973816,1112.972778,78.318588,1.196975,-1.020530,87.819569,1.893114,2.763243,12.096680,10.638392,-10.975129,-2.020184,-12.904920,-5.758993,-14.278693,14.766600,-0.524707,-1.626137,7.038661,-4.283053,0.832529,-5.659364,20.157118,-14.300858,64.929962,20.304447,-10.646819,-7.277154,-8.927646,-17.355591,28.319082,78.992851,20.701984,-7.136752,14.908726
1228.000000,789.028198,1113.001953,78.314888,1.199946,-1.009716,87.868093,1.889654,2.798856,12.051618,10.653234,-10.991820,-2.060432,-12.930969,-5.758242,-14.352788,14.893546,-0.648724,-1.645787,7.036947,-4.329034,0.920336,-5.742255,20.115713,-14.306112,64.667961,20.880283,-10.731357,-7.201510,-9.081664,-17.635122,28.393888,78.931053,21.224508,-7.372252,15.096780
1229.000000,789.084717,1113.042236,78.311432,1.179000,-1.011072,87.885625,1.893671,2.877154,12.039441,10.716051,-11.049528,-2.119037,-12.920257,-5.708323,-14.405370,14.971677,-0.752532,-1.678034,7.039917,-4.403527,0.978054,-5.790720,20.112108,-14.307538,64.356674,21.410168,-10.846748,-7.193748,-9.212252,-17.968758,28.420996,78.921196,21.777348,-7.533535,15.297961
1230.000000,789.142273,1113.084717,78.302444,1.168350,-0.950759,87.838678,1.824906,2.966267,12.090511,10.836569,-11.139524,-2.184842,-13.018411,-5.642629,-14.389302,15.112475,-0.867998,-1.732786,7.074412,-4.537281,0.973380,-5.773854,20.109800,-14.304852,63.876862,22.015387,-10.933420,-7.190049,-9.278752,-18.403202,28.424387,78.716446,22.015289,-7.589841,15.512511
1231.000000,789.201050,1113.124390,78.293640,1.162772,-0.873161,87.627101,1.801140,3.044936,12.225633,10.889452,-11.199674,-2.237598,-13.113920,-5.546335,-14.285275,15.179447,-0.914222,-1.780427,7.205840,-4.663961,0.983272,-5.762639,20.123377,-14.259912,63.422348,22.510094,-11.039674,-7.247265,-9.293121,-18.818998,28.423521,78.386017,22.035370,-7.595887,15.697975
1232.000000,789.266724,1113.159668,78.287117,1.140615,-0.812640,87.407672,1.784427,3.175105,12.463822,10.949899,-11.279840,-2.313185,-13.218767,-5.359947,-14.095230,15.170244,-0.914628,-1.851205,7.473613,-4.862926,1.023027,-5.757349,20.154924,-14.178248,62.849915,22.947369,-11.334787,-7.261508,-9.314168,-19.461460,28.421162,77.788940,22.169182,-7.598149,15.923564
1233.000000,789.348877,1113.187622,78.280190,1.106126,-0.757205,87.306257,1.710665,3.324111,12.557190,11.111709,-11.383960,-2.402501,-13.267809,-5.196529,-14.033605,15.159075,-0.930105,-1.940398,7.623073,-5.088180,1.107928,-5.760087,20.343569,-14.167095,62.327160,23.114550,-11.749298,-7.293014,-9.408669,-20.090509,28.421932,77.162788,22.501343,-7.615022,16.071117
1234.000000,789.460815,1113.207275,78.275131,1.041186,-0.776910,87.308905,1.626632,3.511600,12.534479,11.342994,-11.503684,-2.520185,-13.222740,-5.030727,-14.090686,15.115134,-0.956219,-2.050707,7.700965,-5.351761,1.273565,-5.835330,20.770538,-14.129504,61.814548,23.312237,-12.258114,-7.384449,-9.654442,-20.676834,28.405682,76.701065,22.698330,-7.743016,16.196663
1235.000000,789.600830,1113.238159,78.274162,0.946725,-0.767639,87.354883,1.529482,3.761616,12.451843,11.614117,-11.637194,-2.665845,-13.086997,-4.821598,-14.242093,14.963456,-0.955254,-2.178560,7.766797,-5.646314,1.429029,-6.095619,21.490953,-13.990742,61.514053,23.885658,-12.898401,-7.567435,-9.971966,-21.243793,28.329763,76.497093,22.726109,-8.092803,16.362953
1236.000000,789.752625,1113.286743,78.277794,0.837310,-0.697312,87.325462,1.401131,4.051983,12.416938,11.834236,-11.753707,-2.825779,-12.956347,-4.534860,-14.360660,14.650205,-0.873205,-2.311763,7.977798,-5.964633,1.457410,-6.422177,22.476974,-13.728552,61.163704,24.633577,-13.515686,-7.759560,-10.186243,-21.876686,28.170639,76.444305,22.734568,-8.596676,16.571346
1237.000000,789.904907,1113.344482,78.278854,0.702150,-0.624224,87.175575,1.283985,4.402893,12.487155,12.091884,-11.918031,-3.004485,-12.811376,-4.145153,-14.374909,14.232386,-0.725310,-2.451637,8.380104,-6.258899,1.468492,-6.775201,23.771809,-13.429657,60.653873,25.311760,-14.147107,-7.880488,-10.309036,-22.696806,27.990597,76.354240,22.868259,-9.112935,16.818068
1238.000000,790.040466,1113.387817,78.267853,0.561901,-0.705402,87.022224,1.232034,4.779348,12.579292,12.536772,-12.196884,-3.178518,-12.592912,-3.754248,-14.350906,13.940571,-0.641189,-2.596627,8.884742,-6.441168,1.632722,-7.345417,25.220930,-13.164902,60.374237,25.760420,-14.864842,-7.943837,-10.385776,-23.759983,27.844036,76.142906,23.327108,-9.534458,17.250479
1239.000000,790.157715,1113.415283,78.245605,0.388941,-0.840995,87.021635,1.075391,5.168185,12.500244,13.282952,-12.605716,-3.335103,-12.333667,-3.433994,-14.460286,13.789345,-0.636523,-2.746528,9.161794,-6.495594,1.880259,-8.071009,26.947014,-13.102193,60.282406,25.955343,-15.603050,-8.025265,-10.579836,-25.078510,27.638767,75.879593,24.036861,-9.886691,17.939869
1240.000000,790.258057,1113.425537,78.212250,0.221279,-0.845427,87.022781,0.688038,5.553996,12.384335,14.220966,-13.087961,-3.460497,-12.251324,-3.153454,-14.590672,13.731165,-0.645577,-2.892150,9.342362,-6.481951,2.026047,-8.773685,29.007944,-13.249138,59.887375,25.957754,-16.185995,-8.211427,-10.845282,-26.709011,27.513990,75.460213,24.883448,-10.199269,18.769634
1241.000000,790.343750,1113.408813,78.184074,0.079659,-0.823472,87.050027,0.270993,5.880211,12.256119,15.038757,-13.480637,-3.561556,-12.234593,-2.917923,-14.730907,13.646165,-0.614089,-3.024392,9.497884,-6.438357,2.204583,-9.531180,31.277435,-13.576547,59.216560,25.772495,-16.662542,-8.344706,-11.204708,-28.579018,27.574188,74.865059,25.791363,-10.513262,19.558807
1242.000000,790.423462,1113.369995,78.163773,-0.046584,-0.768090,87.199537,-0.185567,6.138768,12.001026,15.730917,-13.764337,-3.638906,-12.223885,-2.749578,-14.977030,13.499804,-0.542717,-3.141234,9.579937,-6.373901,2.419325,-10.481649,33.584446,-13.942376,58.494701,25.351357,-17.037106,-8.368751,-11.684486,-30.521376,27.718597,74.292824,27.205582,-10.865846,20.281797
1243.000000,790.488708,1113.314697,78.145607,-0.158440,-0.746964,87.329111,-0.578101,6.354769,11.768703,16.324690,-13.994903,-3.696568,-12.196431,-2.611624,-15.203406,13.349790,-0.455521,-3.221385,9.693145,-6.267577,2.691987,-11.500631,35.694080,-14.330781,57.625797,24.562513,-17.256895,-8.367545,-12.337941,-32.316288,27.877708,73.970688,29.123249,-11.247023,21.031998
1244.000000,790.531128,1113.257812,78.124069,-0.241602,-0.720425,87.318177,-0.902010,6.543949,11.698162,16.854944,-14.218462,-3.737198,-12.235745,-2.471962,-15.274312,13.266669,-0.372467,-3.271233,9.861364,-6.116766,2.927926,-12.414224,37.651165,-14.877749,56.606098,23.640259,-17.527325,-8.339707,-13.189749,-33.965946,28.148628,73.771210,30.956717,-11.634479,21.799770
1245.000000,790.555664,1113.210815,78.107857,-0.273508,-0.684646,87.245539,-1.074708,6.636807,11.712385,17.130272,-14.333235,-3.756481,-12.301261,-2.394897,-15.260012,13.248985,-0.321769,-3.305700,9.957415,-6.003004,3.061867,-13.047815,39.049568,-15.402847,55.871357,23.044115,-17.852945,-8.325596,-13.906476,-35.131317,28.486982,73.510902,32.101353,-11.928985,22.388269
1246.000000,790.573975,1113.175903,78.099533,-0.274774,-0.667245,87.179865,-1.199623,6.687657,11.742004,17.297356,-14.389953,-3.774640,-12.386601,-2.348603,-15.235081,13.258584,-0.278786,-3.350034,9.997098,-5.874323,3.183024,-13.832787,40.672001,-16.087793,55.130833,22.297565,-18.433611,-8.322088,-14.831456,-36.484123,28.981871,72.989342,33.432636,-12.348843,23.181311
1247.000000,790.595886,1113.157104,78.094467,-0.265095,-0.626959,87.143338,-1.276385,6.709346,11.758129,17.369562,-14.405408,-3.792067,-12.468277,-2.328704,-15.227310,13.293480,-0.264799,-3.387836,10.002560,-5.769044,3.243345,-14.603302,42.015308,-16.678617,54.657257,21.455942,-19.119432,-8.347788,-15.673467,-37.566288,29.418375,72.308037,34.724285,-12.854377,23.955481
1248.000000,790.623596,1113.149658,78.092758,-0.237519,-0.602198,87.053800,-1.298074,6.711937,11.798951,17.354118,-14.391162,-3.806226,-12.545137,-2.312205,-15.191885,13.327257,-0.259364,-3.412489,9.991920,-5.710930,3.258065,-15.192843,43.132973,-17.253712,54.175461,20.423498,-19.714422,-8.464120,-16.421370,-38.257896,29.795275,71.515732,35.937836,-13.350410,24.614960
