Frame,root_translateX,root_translateY,root_translateZ,root_rotateX,root_rotateY,root_rotateZ,left_hip_pitch_joint_dof,left_hip_roll_joint_dof,left_hip_yaw_joint_dof,left_knee_joint_dof,left_ankle_pitch_joint_dof,left_ankle_roll_joint_dof,right_hip_pitch_joint_dof,right_hip_roll_joint_dof,right_hip_yaw_joint_dof,right_knee_joint_dof,right_ankle_pitch_joint_dof,right_ankle_roll_joint_dof,waist_yaw_joint_dof,waist_roll_joint_dof,waist_pitch_joint_dof,left_shoulder_pitch_joint_dof,left_shoulder_roll_joint_dof,left_shoulder_yaw_joint_dof,left_elbow_joint_dof,left_wrist_roll_joint_dof,left_wrist_pitch_joint_dof,left_wrist_yaw_joint_dof,right_shoulder_pitch_joint_dof,right_shoulder_roll_joint_dof,right_shoulder_yaw_joint_dof,right_elbow_joint_dof,right_wrist_roll_joint_dof,right_wrist_pitch_joint_dof,right_wrist_yaw_joint_dof
0.000000,-2391.521973,-1217.819458,78.081055,-2.694301,0.248014,-46.955665,8.055048,4.342743,27.725021,9.037381,-16.735847,-0.754297,-12.302129,-2.067431,-21.634832,11.919232,2.299496,-3.606127,-1.648023,1.200938,0.577054,-1.813229,14.998070,-36.038532,61.347744,-3.233496,3.764028,3.431117,-1.861591,-15.136808,38.978390,68.357231,-16.447685,10.848281,-5.284153
1.000000,-2391.521973,-1217.819336,78.081223,-2.694533,0.250202,-46.953996,8.051395,4.343134,27.723808,9.037559,-16.735594,-0.753072,-12.302648,-2.067715,-21.640051,11.915057,2.301956,-3.606270,-1.648949,1.201217,0.576797,-1.812954,14.998661,-36.038609,61.346203,-3.231776,3.764640,3.429945,-1.861742,-15.136705,38.977837,68.357162,-16.448105,10.848554,-5.284142
2.000000,-2391.521729,-1217.819580,78.081520,-2.694878,0.254354,-46.951061,8.046237,4.343785,27.722094,9.037679,-16.734957,-0.751919,-12.303509,-2.068027,-21.646944,11.909404,2.304759,-3.607074,-1.650292,1.201746,0.576372,-1.812563,14.999477,-36.038822,61.344036,-3.229681,3.765524,3.428477,-1.862021,-15.136566,38.977062,68.357147,-16.448526,10.848825,-5.284573
3.000000,-2391.521484,-1217.820312,78.081772,-2.695149,0.258540,-46.948381,8.042537,4.344264,27.720879,9.037616,-16.734261,-0.751538,-12.304217,-2.068200,-21.651665,11.905423,2.306337,-3.607859,-1.651237,1.202228,0.576187,-1.812315,15.000031,-36.039024,61.342514,-3.228307,3.766115,3.427569,-1.862249,-15.136467,38.976532,68.357162,-16.448658,10.848966,-5.285189
4.000000,-2391.520752,-1217.821289,78.081734,-2.694901,0.257844,-46.950831,8.042552,4.344273,27.722195,9.036522,-16.733271,-0.751919,-12.305512,-2.068117,-21.650904,11.906878,2.306079,-3.609603,-1.647718,1.202282,0.576651,-1.812561,15.000277,-36.037449,61.341312,-3.226928,3.766193,3.426527,-1.861697,-15.136502,38.976387,68.357346,-16.451225,10.849576,-5.285394
5.000000,-2391.519043,-1217.822510,78.081169,-2.694707,0.244353,-46.962088,8.061619,4.343232,27.731800,9.033701,-16.733501,-0.754548,-12.306849,-2.067488,-21.626925,11.935803,2.298213,-3.612305,-1.633141,1.200804,0.578248,-1.813887,14.999668,-36.031624,61.342239,-3.225441,3.764782,3.425607,-1.859197,-15.137012,38.977177,68.357903,-16.459763,10.851442,-5.282674
6.000000,-2391.518311,-1217.821899,78.080956,-2.695580,0.235674,-46.968381,8.075463,4.343398,27.737165,9.034201,-16.734455,-0.756649,-12.306392,-2.067063,-21.614592,11.955770,2.295184,-3.613642,-1.628108,1.200397,0.575697,-1.813913,15.000065,-36.028633,61.342911,-3.221394,3.765007,3.423401,-1.857592,-15.137189,38.976986,68.358284,-16.465418,10.852774,-5.279552
7.000000,-2391.519043,-1217.819214,78.081108,-2.696292,0.234072,-46.971251,8.075025,4.343255,27.738037,9.035914,-16.734217,-0.756907,-12.306885,-2.066929,-21.619297,11.954351,2.300837,-3.613840,-1.630456,1.200864,0.574616,-1.813427,15.000785,-36.028530,61.341736,-3.217558,3.766309,3.420592,-1.857624,-15.137252,38.975838,68.358154,-16.466721,10.853019,-5.277681
8.000000,-2391.520752,-1217.815918,78.081444,-2.696726,0.235089,-46.972147,8.071701,4.342871,27.737732,9.036505,-16.733528,-0.756007,-12.307586,-2.066894,-21.625467,11.948626,2.307251,-3.613600,-1.632324,1.201263,0.575353,-1.813235,15.001318,-36.028587,61.340137,-3.215742,3.767212,3.418709,-1.857836,-15.137322,38.974968,68.358063,-16.466795,10.853041,-5.276783
9.000000,-2391.522705,-1217.812866,78.081886,-2.696814,0.237826,-46.970945,8.064671,4.342268,27.736063,9.036949,-16.732143,-0.753768,-12.308196,-2.066888,-21.634455,11.936667,2.316931,-3.613086,-1.634437,1.201711,0.576377,-1.813010,15.002062,-36.028606,61.337719,-3.213863,3.768246,3.416474,-1.857978,-15.137341,38.973938,68.358040,-16.466722,10.853192,-5.275892
10.000000,-2391.524658,-1217.810303,78.082367,-2.696701,0.241038,-46.968444,8.057071,4.341848,27.733810,9.037229,-16.730629,-0.750960,-12.308683,-2.067148,-21.642965,11.924660,2.325828,-3.612631,-1.636189,1.202187,0.576902,-1.812684,15.002824,-36.028629,61.335335,-3.211968,3.769153,3.414553,-1.858024,-15.137312,38.973000,68.358002,-16.466791,10.853545,-5.275255
11.000000,-2391.526367,-1217.808716,78.082825,-2.696598,0.243907,-46.965475,8.050935,4.341864,27.731853,9.037273,-16.729465,-0.748283,-12.309149,-2.067631,-21.650675,11.915947,2.332472,-3.612503,-1.637730,1.202797,0.576823,-1.812234,15.003522,-36.028702,61.333176,-3.209722,3.770099,3.412938,-1.858118,-15.137276,38.972149,68.357933,-16.467142,10.854004,-5.274909
12.000000,-2391.527832,-1217.808105,78.083191,-2.696498,0.246346,-46.962576,8.046220,4.342266,27.730165,9.037266,-16.728462,-0.746287,-12.309451,-2.068176,-21.657822,11.909912,2.337014,-3.612714,-1.639152,1.203479,0.576312,-1.811711,15.004169,-36.028877,61.331161,-3.207336,3.771142,3.411531,-1.858274,-15.137221,38.971375,68.357933,-16.467653,10.854466,-5.274822
13.000000,-2391.528564,-1217.808105,78.083504,-2.696332,0.248991,-46.959679,8.042987,4.342697,27.728943,9.037264,-16.727711,-0.745264,-12.309613,-2.068532,-21.662806,11.905954,2.339376,-3.613133,-1.640198,1.204032,0.575767,-1.811297,15.004636,-36.029079,61.329685,-3.205662,3.771950,3.410584,-1.858425,-15.137165,38.970806,68.357971,-16.468058,10.854766,-5.274943
14.000000,-2391.529053,-1217.808838,78.083771,-2.696059,0.252317,-46.956615,8.038689,4.343306,27.727369,9.037144,-16.726583,-0.744533,-12.309937,-2.068919,-21.668928,11.900877,2.341455,-3.614099,-1.641583,1.204860,0.575135,-1.810772,15.005235,-36.029396,61.327751,-3.203729,3.772993,3.409481,-1.858689,-15.137098,38.970058,68.358055,-16.468466,10.855063,-5.275402
15.000000,-2391.529541,-1217.809814,78.084007,-2.695730,0.255947,-46.953753,8.034323,4.343894,27.725882,9.036833,-16.725229,-0.744488,-12.310435,-2.069228,-21.674690,11.895844,2.342673,-3.615406,-1.642931,1.205814,0.574768,-1.810315,15.005798,-36.029762,61.325867,-3.202013,3.773941,3.408576,-1.859002,-15.137040,38.969349,68.358162,-16.468592,10.855280,-5.276277
16.000000,-2391.529541,-1217.811035,78.084221,-2.695399,0.259990,-46.950876,8.029949,4.344468,27.724390,9.036347,-16.723656,-0.744889,-12.311137,-2.069506,-21.680393,11.891040,2.343397,-3.616914,-1.644268,1.206892,0.574660,-1.809906,15.006314,-36.030128,61.324001,-3.200279,3.774777,3.407866,-1.859335,-15.136974,38.968655,68.358322,-16.468609,10.855420,-5.277561
17.000000,-2391.529053,-1217.812622,78.084061,-2.694545,0.256873,-46.954807,8.034843,4.344074,27.727842,9.034323,-16.722374,-0.746385,-12.312387,-2.069355,-21.673626,11.899441,2.339943,-3.619461,-1.637408,1.206860,0.575420,-1.810380,15.006042,-36.027298,61.323524,-3.199150,3.774457,3.407376,-1.858148,-15.137206,38.968895,68.358780,-16.472948,10.856299,-5.277511
18.000000,-2391.527832,-1217.814209,78.083420,-2.694071,0.241787,-46.966060,8.056633,4.343244,27.737539,9.031112,-16.722759,-0.749608,-12.313189,-2.068872,-21.647964,11.932467,2.329633,-3.622132,-1.622749,1.205756,0.576403,-1.811569,15.005370,-36.021397,61.324741,-3.197574,3.773159,3.406903,-1.855537,-15.137828,38.969769,68.359566,-16.481634,10.858193,-5.274957
19.000000,-2391.527588,-1217.814087,78.083107,-2.694589,0.231106,-46.972799,8.071534,4.343467,27.742743,9.031459,-16.723715,-0.752196,-12.312288,-2.068571,-21.634928,11.953850,2.325121,-3.623381,-1.618001,1.205671,0.572871,-1.811453,15.005747,-36.018490,61.325634,-3.193463,3.773562,3.405026,-1.853826,-15.138062,38.969654,68.360138,-16.487228,10.859531,-5.271975
20.000000,-2391.529053,-1217.811523,78.083199,-2.694780,0.228769,-46.975566,8.071472,4.343206,27.743567,9.033261,-16.723360,-0.752891,-12.312355,-2.068597,-21.639193,11.952648,2.329820,-3.623612,-1.620441,1.206410,0.571427,-1.810781,15.006358,-36.018509,61.324680,-3.189646,3.775043,3.402468,-1.853840,-15.138191,38.968555,68.360123,-16.488417,10.859752,-5.270276
21.000000,-2391.531250,-1217.808228,78.083488,-2.694638,0.229127,-46.976446,8.068408,4.342674,27.743322,9.033932,-16.722521,-0.752306,-12.312760,-2.068708,-21.645010,11.947024,2.335630,-3.623470,-1.622359,1.206993,0.572184,-1.810434,15.006749,-36.018669,61.323246,-3.187913,3.776053,3.400788,-1.854073,-15.138312,38.967693,68.360085,-16.488384,10.859737,-5.269522
22.000000,-2391.533936,-1217.805054,78.083900,-2.694113,0.231277,-46.975211,8.061863,4.341858,27.741817,9.034463,-16.720905,-0.750465,-12.312971,-2.068907,-21.653479,11.935381,2.344468,-3.623156,-1.624543,1.207676,0.573358,-1.810045,15.007318,-36.018784,61.321018,-3.186190,3.777182,3.398858,-1.854246,-15.138403,38.966671,68.360115,-16.488174,10.859836,-5.268824
23.000000,-2391.536621,-1217.802612,78.084358,-2.693360,0.233912,-46.972643,8.054770,4.341225,27.739750,9.034852,-16.719151,-0.748013,-12.313092,-2.069378,-21.661482,11.923791,2.352470,-3.622948,-1.626389,1.208374,0.574041,-1.809597,15.007926,-36.018871,61.318787,-3.184449,3.778157,3.397252,-1.854314,-15.138450,38.965725,68.360138,-16.488127,10.860133,-5.268362
24.000000,-2391.539062,-1217.801270,78.084763,-2.692601,0.236112,-46.969754,8.048966,4.340988,27.737839,9.035027,-16.717552,-0.745682,-12.313231,-2.070078,-21.668718,11.915290,2.358415,-3.623121,-1.628038,1.209163,0.574185,-1.809067,15.008507,-36.018982,61.316715,-3.182419,3.779130,3.395923,-1.854415,-15.138494,38.964840,68.360123,-16.488348,10.860537,-5.268115
25.000000,-2391.541016,-1217.800903,78.085083,-2.691861,0.238068,-46.966892,8.044518,4.341159,27.736225,9.035106,-16.716227,-0.743971,-12.313259,-2.070817,-21.675489,11.909421,2.362127,-3.623644,-1.629591,1.210013,0.573820,-1.808478,15.009043,-36.019176,61.314796,-3.180161,3.780204,3.394781,-1.854580,-15.138523,38.964043,68.360153,-16.488773,10.860957,-5.268081
26.000000,-2391.542236,-1217.801147,78.085327,-2.691026,0.240455,-46.963936,8.040375,4.341518,27.734724,9.035231,-16.715124,-0.742926,-12.313284,-2.071464,-21.681620,11.904325,2.364059,-3.624504,-1.631109,1.210900,0.573153,-1.807876,15.009562,-36.019485,61.312923,-3.178114,3.781319,3.393819,-1.854804,-15.138515,38.963272,68.360237,-16.489231,10.861299,-5.268375
27.000000,-2391.543457,-1217.802002,78.085510,-2.690085,0.243381,-46.961002,8.037278,4.341802,27.733664,9.035235,-16.714205,-0.742632,-12.313392,-2.071881,-21.685806,11.900649,2.364642,-3.625437,-1.632224,1.211616,0.572731,-1.807454,15.009937,-36.019756,61.311558,-3.176809,3.782118,3.393219,-1.855017,-15.138513,38.962711,68.360321,-16.489454,10.861486,-5.268819
28.000000,-2391.544434,-1217.803345,78.085648,-2.689075,0.246760,-46.958180,8.033108,4.342154,27.732336,9.035069,-16.712799,-0.742843,-12.313670,-2.072368,-21.691090,11.895782,2.364555,-3.626960,-1.633680,1.212669,0.572422,-1.806956,15.010408,-36.020142,61.309776,-3.175246,3.783094,3.392589,-1.855345,-15.138507,38.962002,68.360451,-16.489498,10.861674,-5.269769
29.000000,-2391.544922,-1217.805054,78.085770,-2.688074,0.250460,-46.955459,8.028917,4.342485,27.731005,9.034730,-16.711201,-0.743538,-12.314139,-2.072819,-21.696337,11.891104,2.363822,-3.628698,-1.635145,1.213838,0.572419,-1.806515,15.010848,-36.020538,61.307987,-3.173666,3.783947,3.392151,-1.855705,-15.138489,38.961304,68.360611,-16.489414,10.861786,-5.271135
30.000000,-2391.545410,-1217.806763,78.085892,-2.687122,0.254464,-46.952706,8.024711,4.342836,27.729486,9.034198,-16.709404,-0.744525,-12.314864,-2.073251,-21.701813,11.886813,2.362749,-3.630654,-1.636656,1.215099,0.572544,-1.806057,15.011259,-36.020916,61.306137,-3.171870,3.784704,3.391876,-1.856071,-15.138461,38.960575,68.360863,-16.489391,10.861769,-5.272861
31.000000,-2391.545654,-1217.808838,78.086006,-2.686271,0.258597,-46.949904,8.020618,4.343242,27.727776,9.033468,-16.707638,-0.745687,-12.315720,-2.073621,-21.707302,11.882913,2.361347,-3.632551,-1.638140,1.216370,0.572594,-1.805563,15.011639,-36.021290,61.304291,-3.169920,3.785416,3.391695,-1.856408,-15.138441,38.959862,68.361153,-16.489386,10.861663,-5.274745
32.000000,-2391.545410,-1217.811157,78.085724,-2.684947,0.255404,-46.953690,8.026390,4.342724,27.731152,9.031178,-16.706516,-0.747849,-12.317080,-2.073543,-21.699167,11.893224,2.355354,-3.635133,-1.631289,1.216433,0.573484,-1.805957,15.011250,-36.018478,61.303867,-3.168708,3.785027,3.391672,-1.855246,-15.138744,38.960102,68.361679,-16.493595,10.862343,-5.275067
33.000000,-2391.544434,-1217.813232,78.084961,-2.684039,0.239939,-46.964815,8.049888,4.341807,27.741003,9.027772,-16.707268,-0.751675,-12.317845,-2.073143,-21.671051,11.929348,2.342237,-3.637674,-1.616544,1.215392,0.574593,-1.807094,15.010499,-36.012550,61.305199,-3.167159,3.783685,3.391613,-1.852663,-15.139443,38.961006,68.362480,-16.502163,10.864087,-5.272749
34.000000,-2391.544434,-1217.813721,78.084488,-2.684099,0.228247,-46.971846,8.064270,4.341883,27.745758,9.027584,-16.708456,-0.754155,-12.317030,-2.072946,-21.657196,11.950444,2.335655,-3.638590,-1.611610,1.215225,0.571940,-1.807131,15.010633,-36.009842,61.306137,-3.164378,3.783738,3.390643,-1.851115,-15.139690,38.961143,68.363029,-16.506884,10.865156,-5.270505
35.000000,-2391.545898,-1217.811646,78.084412,-2.683774,0.225324,-46.974871,8.066474,4.341634,27.746969,9.029790,-16.708773,-0.755674,-12.316414,-2.072996,-21.658800,11.952341,2.337115,-3.638907,-1.613697,1.215943,0.569282,-1.806336,15.011252,-36.009663,61.305740,-3.160106,3.785197,3.388277,-1.850878,-15.139824,38.960190,68.363113,-16.508602,10.865441,-5.268638
36.000000,-2391.548584,-1217.808594,78.084549,-2.683071,0.225298,-46.976128,8.063125,4.340707,27.746933,9.030991,-16.708149,-0.755415,-12.316786,-2.073287,-21.665525,11.946049,2.342551,-3.638651,-1.616227,1.216734,0.570388,-1.805644,15.011674,-36.009983,61.304211,-3.157748,3.786663,3.386165,-1.851243,-15.140042,38.959061,68.363029,-16.508518,10.865295,-5.267709
37.000000,-2391.551514,-1217.806030,78.084778,-2.682085,0.227164,-46.975038,8.056853,4.339708,27.745560,9.031682,-16.707134,-0.753747,-12.316769,-2.073646,-21.673422,11.934868,2.349044,-3.638113,-1.618480,1.217438,0.571725,-1.805237,15.012205,-36.010082,61.302052,-3.156144,3.787715,3.384546,-1.851425,-15.140167,38.958042,68.363029,-16.508234,10.865299,-5.267153
38.000000,-2391.553955,-1217.804199,78.085045,-2.680890,0.229475,-46.972791,8.050444,4.338943,27.743805,9.032225,-16.705925,-0.751597,-12.316762,-2.074296,-21.680563,11.924611,2.354501,-3.637892,-1.620364,1.218122,0.572521,-1.804786,15.012765,-36.010139,61.299946,-3.154496,3.788596,3.383271,-1.851527,-15.140249,38.957108,68.363007,-16.508171,10.865495,-5.266809
39.000000,-2391.556152,-1217.803345,78.085289,-2.679718,0.231432,-46.970301,8.046538,4.338638,27.742626,9.032505,-16.705063,-0.750129,-12.316783,-2.074928,-21.685459,11.919028,2.357291,-3.638058,-1.621655,1.218674,0.572750,-1.804392,15.013170,-36.010204,61.298477,-3.153059,3.789278,3.382471,-1.851633,-15.140307,38.956451,68.362976,-16.508303,10.865710,-5.266667
40.000000,-2391.558105,-1217.803345,78.085464,-2.678484,0.233544,-46.967602,8.042266,4.338575,27.741249,9.032856,-16.704107,-0.748713,-12.316689,-2.075764,-21.691629,11.913406,2.359181,-3.638614,-1.623308,1.219433,0.572518,-1.803810,15.013679,-36.010376,61.296642,-3.150946,3.790287,3.381533,-1.851812,-15.140355,38.955666,68.362968,-16.508652,10.866024,-5.266635
41.000000,-2391.559326,-1217.804199,78.085556,-2.677239,0.236060,-46.964930,8.038280,4.338712,27.739933,9.033252,-16.703310,-0.748006,-12.316570,-2.076491,-21.697208,11.908499,2.359304,-3.639483,-1.624890,1.220195,0.571981,-1.803224,15.014166,-36.010647,61.294880,-3.148999,3.791323,3.380738,-1.852042,-15.140360,38.954926,68.363007,-16.509026,10.866292,-5.266850
42.000000,-2391.560547,-1217.805542,78.085594,-2.675895,0.239179,-46.962272,8.034185,4.338865,27.738693,9.033492,-16.702435,-0.748018,-12.316642,-2.077118,-21.702211,11.903705,2.358094,-3.640909,-1.626477,1.221044,0.571613,-1.802684,15.014654,-36.010986,61.293118,-3.147454,3.792307,3.380142,-1.852362,-15.140358,38.954193,68.363060,-16.509169,10.866452,-5.267478
43.000000,-2391.561035,-1217.807373,78.085587,-2.674493,0.242827,-46.959675,8.030110,4.338986,27.737539,9.033530,-16.701382,-0.748685,-12.316894,-2.077661,-21.706841,11.899073,2.355963,-3.642594,-1.628007,1.221980,0.571578,-1.802234,15.015108,-36.011345,61.291424,-3.146110,3.793155,3.379758,-1.852725,-15.140347,38.953518,68.363136,-16.509026,10.866546,-5.268529
44.000000,-2391.561768,-1217.809448,78.085556,-2.673138,0.246829,-46.957154,8.027014,4.339075,27.736626,9.033442,-16.700478,-0.749469,-12.317237,-2.078046,-21.710360,11.895750,2.353951,-3.643993,-1.629175,1.222749,0.571739,-1.801925,15.015432,-36.011612,61.290138,-3.145062,3.793713,3.379586,-1.853019,-15.140323,38.953007,68.363213,-16.508865,10.866564,-5.269581
45.000000,-2391.562012,-1217.811646,78.085526,-2.671922,0.250956,-46.954737,8.022945,4.339221,27.735279,9.033151,-16.699228,-0.750718,-12.317902,-2.078512,-21.715126,11.891711,2.350935,-3.645924,-1.630742,1.223813,0.572070,-1.801519,15.015844,-36.011944,61.288410,-3.143547,3.794366,3.379474,-1.853414,-15.140284,38.952324,68.363373,-16.508699,10.866498,-5.271212
46.000000,-2391.562012,-1217.814087,78.085487,-2.670799,0.255324,-46.952224,8.018815,4.339426,27.733671,9.032639,-16.697948,-0.752180,-12.318754,-2.078931,-21.720098,11.887916,2.347504,-3.647852,-1.632339,1.224912,0.572375,-1.801073,15.016245,-36.012280,61.286613,-3.141815,3.794986,3.379450,-1.853800,-15.140244,38.951622,68.363571,-16.508549,10.866338,-5.273070
47.000000,-2391.561279,-1217.816895,78.085022,-2.669178,0.251791,-46.956699,8.024766,4.338690,27.737158,9.030562,-16.697289,-0.754629,-12.320226,-2.078872,-21.710581,11.898872,2.339499,-3.650368,-1.625663,1.224746,0.573527,-1.801491,15.015861,-36.009426,61.286293,-3.140822,3.794500,3.379603,-1.852698,-15.140520,38.951885,68.363998,-16.512604,10.866929,-5.273367
48.000000,-2391.560059,-1217.819458,78.084091,-2.668080,0.235876,-46.968370,8.048500,4.337593,27.747051,9.027359,-16.698555,-0.758715,-12.321163,-2.078479,-21.680733,11.935916,2.324313,-3.652725,-1.611303,1.223455,0.574904,-1.802593,15.015067,-36.003513,61.287754,-3.139479,3.793097,3.379703,-1.850206,-15.141170,38.952812,68.364647,-16.520985,10.868552,-5.271054
49.000000,-2391.559570,-1217.820312,78.083504,-2.667978,0.225245,-46.975103,8.063069,4.337560,27.751841,9.027312,-16.700161,-0.761373,-12.320415,-2.078284,-21.665979,11.957584,2.316249,-3.653493,-1.606558,1.223078,0.572415,-1.802623,15.015147,-36.000790,61.288780,-3.136856,3.793085,3.378842,-1.848698,-15.141377,38.952976,68.365105,-16.525597,10.869545,-5.268797
50.000000,-2391.561035,-1217.818604,78.083298,-2.667479,0.222878,-46.978319,8.065328,4.337168,27.753080,9.029690,-16.701046,-0.763117,-12.319854,-2.078336,-21.667036,11.959785,2.315911,-3.653641,-1.608739,1.223495,0.569890,-1.801884,15.015702,-36.000568,61.288433,-3.132828,3.794396,3.376655,-1.848475,-15.141455,38.952072,68.365097,-16.527182,10.869756,-5.266879
51.000000,-2391.562988,-1217.816284,78.083298,-2.666719,0.223270,-46.979670,8.062029,4.336108,27.753086,9.031054,-16.700996,-0.763077,-12.320315,-2.078626,-21.673283,11.953837,2.319606,-3.653228,-1.611352,1.223994,0.571084,-1.801277,15.016117,-36.000828,61.286949,-3.130686,3.795710,3.374709,-1.848854,-15.141612,38.951004,68.364914,-16.526966,10.869543,-5.265882
52.000000,-2391.565430,-1217.814087,78.083382,-2.665707,0.225392,-46.978920,8.055871,4.334991,27.751762,9.031919,-16.700583,-0.761623,-12.320442,-2.078996,-21.680712,11.943221,2.324346,-3.652544,-1.613682,1.224400,0.572549,-1.800907,15.016674,-36.000885,61.284893,-3.129281,3.796664,3.373213,-1.849054,-15.141682,38.950027,68.364830,-16.526545,10.869473,-5.265255
53.000000,-2391.567627,-1217.812500,78.083527,-2.664484,0.228086,-46.976938,8.050978,4.334297,27.750435,9.032475,-16.700119,-0.760145,-12.320532,-2.079464,-21.685863,11.935556,2.327385,-3.652222,-1.615184,1.224681,0.573286,-1.800599,15.017123,-36.000893,61.283363,-3.128211,3.797265,3.372308,-1.849140,-15.141697,38.949352,68.364738,-16.526367,10.869557,-5.264921
54.000000,-2391.569336,-1217.812012,78.083649,-2.663301,0.230479,-46.974633,8.045621,4.333740,27.748806,9.033047,-16.699547,-0.758307,-12.320672,-2.080276,-21.692020,11.928094,2.329775,-3.652222,-1.616998,1.225095,0.573719,-1.800107,15.017698,-36.000935,61.281506,-3.126529,3.798076,3.371324,-1.849273,-15.141706,38.948528,68.364609,-16.526381,10.869772,-5.264627
55.000000,-2391.570801,-1217.812378,78.083702,-2.662088,0.233047,-46.972128,8.041330,4.333573,27.747396,9.033566,-16.699181,-0.757061,-12.320645,-2.081070,-21.697748,11.922632,2.330187,-3.652613,-1.618716,1.225528,0.573521,-1.799550,15.018241,-36.001072,61.279785,-3.124618,3.798995,3.370487,-1.849448,-15.141677,38.947792,68.364517,-16.526604,10.870026,-5.264506
56.000000,-2391.571533,-1217.813477,78.083687,-2.660870,0.236057,-46.969589,8.037263,4.333608,27.746008,9.034119,-16.698963,-0.756484,-12.320574,-2.081753,-21.702946,11.917742,2.328924,-3.653294,-1.620419,1.225967,0.573004,-1.798983,15.018769,-36.001312,61.278126,-3.122874,3.799955,3.369784,-1.849676,-15.141598,38.947117,68.364456,-16.526844,10.870235,-5.264630
57.000000,-2391.571533,-1217.815430,78.083984,-2.660122,0.240155,-46.952169,8.030511,4.333734,27.733089,9.035028,-16.698599,-0.754808,-12.306825,-2.080976,-21.704763,11.889360,2.328992,-3.649275,-1.642178,1.227594,0.572364,-1.798110,15.018297,-36.004120,61.279068,-3.130739,3.801687,3.370821,-1.851497,-15.140952,38.947041,68.361740,-16.519650,10.868924,-5.266500
58.000000,-2391.570557,-1217.817871,78.084518,-2.659965,0.245573,-46.925545,8.021086,4.333774,27.710537,9.035396,-16.697372,-0.752365,-12.281778,-2.078664,-21.701483,11.840376,2.330262,-3.640639,-1.684222,1.231298,0.571521,-1.797896,15.015470,-36.009785,61.281937,-3.152625,3.803307,3.374278,-1.854899,-15.139835,38.947884,68.356056,-16.504419,10.865734,-5.270667
59.000000,-2391.568359,-1217.820801,78.084435,-2.659504,0.243362,-46.915258,8.021988,4.333212,27.702051,9.033769,-16.696609,-0.751716,-12.268188,-2.074169,-21.673944,11.819510,2.327675,-3.634032,-1.703077,1.233394,0.572226,-1.798815,15.011843,-36.012989,61.285305,-3.175788,3.803535,3.377914,-1.855941,-15.139532,38.949688,68.352356,-16.494232,10.864006,-5.273119
60.000000,-2391.565186,-1217.824585,78.083786,-2.660276,0.225820,-46.916254,8.045851,4.333054,27.703012,9.029324,-16.697544,-0.753233,-12.248569,-2.063159,-21.601395,11.818174,2.316944,-3.624504,-1.705405,1.233953,0.575970,-1.800018,15.005023,-36.014919,61.297310,-3.206614,3.802968,3.383334,-1.854228,-15.139737,38.953762,68.349289,-16.485332,10.863734,-5.273793
61.000000,-2391.562012,-1217.827148,78.083656,-2.663010,0.209751,-46.907528,8.072691,4.335083,27.697767,9.027139,-16.698984,-0.755542,-12.222240,-2.054149,-21.544601,11.816859,2.307043,-3.613676,-1.715290,1.234967,0.576980,-1.800277,14.997938,-36.018028,61.317509,-3.227570,3.802295,3.389850,-1.853095,-15.139660,38.957397,68.346123,-16.475882,10.863228,-5.273929
62.000000,-2391.560547,-1217.827271,78.084702,-2.666536,0.205780,-46.883969,8.074850,4.337865,27.676445,9.027121,-16.696512,-0.755519,-12.200033,-2.052242,-21.534847,11.793263,2.309852,-3.601914,-1.745859,1.237571,0.575450,-1.800655,14.993822,-36.024403,61.324051,-3.247975,3.801235,3.401638,-1.855399,-15.139308,38.959496,68.341362,-16.461012,10.860331,-5.276585
63.000000,-2391.560059,-1217.826172,78.085938,-2.669379,0.206394,-46.861524,8.070585,4.339238,27.655481,9.024490,-16.692223,-0.754205,-12.178540,-2.049861,-21.530251,11.756186,2.318917,-3.589339,-1.774591,1.240416,0.576211,-1.801531,14.989264,-36.033642,61.328526,-3.269174,3.799222,3.422437,-1.858127,-15.139077,38.961639,68.336884,-16.445082,10.857047,-5.280339
64.000000,-2391.559570,-1217.824829,78.087250,-2.671955,0.209822,-46.839772,8.063232,4.340220,27.637260,9.021064,-16.687536,-0.752089,-12.160403,-2.047251,-21.525345,11.717521,2.330028,-3.576794,-1.797322,1.243132,0.577800,-1.802100,14.984569,-36.047195,61.333359,-3.290269,3.796957,3.452404,-1.860448,-15.139086,38.963955,68.333145,-16.429253,10.853969,-5.284688
65.000000,-2391.558838,-1217.823730,78.088501,-2.674495,0.213924,-46.820612,8.057551,4.341087,27.625319,9.018117,-16.683971,-0.750334,-12.149200,-2.045491,-21.520987,11.691854,2.338344,-3.567747,-1.810649,1.245570,0.579206,-1.802169,14.981112,-36.059952,61.337505,-3.305625,3.795331,3.478087,-1.861939,-15.139433,38.965710,68.330826,-16.417742,10.851869,-5.288311
66.000000,-2391.558105,-1217.823364,78.089699,-2.677060,0.217695,-46.807470,8.051896,4.342606,27.614164,9.013678,-16.678965,-0.749111,-12.140896,-2.044250,-21.516733,11.671437,2.347341,-3.558922,-1.819816,1.248969,0.581286,-1.801406,14.977390,-36.072994,61.342793,-3.319640,3.793408,3.504245,-1.863541,-15.140218,38.967583,68.329155,-16.406935,10.849557,-5.293238
67.000000,-2391.557129,-1217.823364,78.090271,-2.678965,0.212205,-46.813283,8.059231,4.343788,27.618820,9.006042,-16.673834,-0.751075,-12.145336,-2.043663,-21.505600,11.686941,2.350018,-3.556690,-1.802596,1.249996,0.587093,-1.799338,14.975736,-36.074890,61.348080,-3.319351,3.792029,3.512672,-1.863296,-15.141669,38.968807,68.330536,-16.408443,10.848990,-5.296392
68.000000,-2391.555664,-1217.823364,78.089890,-2.680722,0.189325,-46.837323,8.093413,4.344141,27.641495,8.997132,-16.672398,-0.755947,-12.154943,-2.042529,-21.469841,11.747715,2.341812,-3.556895,-1.753927,1.249193,0.599278,-1.796298,14.975092,-36.071762,61.360634,-3.311699,3.791818,3.515675,-1.859771,-15.145131,38.969929,68.334610,-16.419682,10.851297,-5.295576
69.000000,-2391.554932,-1217.822021,78.090157,-2.683639,0.178172,-46.841791,8.111779,4.346336,27.648634,8.995431,-16.672579,-0.759441,-12.159011,-2.042978,-21.455166,11.783862,2.340279,-3.556106,-1.731699,1.249804,0.600811,-1.792572,14.975631,-36.069054,61.371944,-3.304547,3.791730,3.517828,-1.857729,-15.147315,38.969685,68.337624,-16.428112,10.852240,-5.294329
70.000000,-2391.555908,-1217.818359,78.090858,-2.685812,0.177469,-46.840707,8.109708,4.347208,27.647141,8.995383,-16.670912,-0.760591,-12.162853,-2.044117,-21.460720,11.787618,2.349458,-3.554256,-1.731363,1.251456,0.599739,-1.792015,14.976246,-36.067783,61.371788,-3.299361,3.790869,3.519622,-1.858617,-15.148287,38.968307,68.338791,-16.431509,10.851087,-5.294505
71.000000,-2391.557617,-1217.813721,78.091629,-2.687242,0.181393,-46.841194,8.100921,4.347256,27.646767,8.995579,-16.668890,-0.759706,-12.170865,-2.045294,-21.470592,11.785835,2.362055,-3.552658,-1.732870,1.253183,0.599960,-1.792320,14.976829,-36.066872,61.369415,-3.295229,3.790452,3.520312,-1.859685,-15.149052,38.966732,68.339615,-16.433260,10.849509,-5.295350
72.000000,-2391.559814,-1217.809570,78.092407,-2.688160,0.187181,-46.841458,8.092429,4.347238,27.646564,8.995959,-16.667311,-0.758086,-12.177985,-2.046258,-21.478804,11.783511,2.371819,-3.551982,-1.734010,1.254376,0.600250,-1.792543,14.977270,-36.066238,61.367226,-3.292367,3.790442,3.520265,-1.860258,-15.149534,38.965534,68.340149,-16.434370,10.848407,-5.296097
73.000000,-2391.561768,-1217.806519,78.093124,-2.688759,0.192875,-46.840866,8.081311,4.347441,27.646040,8.996733,-16.665361,-0.755372,-12.186666,-2.047632,-21.489979,11.780400,2.383423,-3.551837,-1.735291,1.255873,0.600217,-1.792617,14.977844,-36.065502,61.364159,-3.288371,3.790798,3.519648,-1.860691,-15.150105,38.963963,68.340767,-16.435978,10.847244,-5.297012
74.000000,-2391.563477,-1217.804565,78.093735,-2.689158,0.197828,-46.839575,8.071834,4.348008,27.645317,8.997769,-16.663845,-0.752720,-12.193475,-2.048990,-21.500912,11.777954,2.392338,-3.552542,-1.736268,1.257290,0.599406,-1.792427,14.978386,-36.064938,61.361179,-3.284064,3.791569,3.518505,-1.860906,-15.150600,38.962536,68.341293,-16.437735,10.846475,-5.297702
75.000000,-2391.564453,-1217.803711,78.094215,-2.689383,0.202426,-46.837806,8.063890,4.348892,27.644526,8.999086,-16.662930,-0.750559,-12.198726,-2.050289,-21.511499,11.776275,2.398360,-3.553930,-1.736885,1.258606,0.597802,-1.792067,14.978963,-36.064651,61.358265,-3.279808,3.792722,3.516870,-1.861076,-15.151010,38.961315,68.341736,-16.439495,10.846080,-5.298193
76.000000,-2391.565430,-1217.803589,78.094589,-2.689382,0.207195,-46.835859,8.056576,4.349851,27.643675,9.000452,-16.662174,-0.749047,-12.203446,-2.051523,-21.521229,11.775060,2.402248,-3.555781,-1.737233,1.259835,0.595771,-1.791621,14.979572,-36.064636,61.355423,-3.276181,3.794048,3.514977,-1.861300,-15.151350,38.960262,68.342110,-16.440908,10.845890,-5.298659
77.000000,-2391.566162,-1217.803955,78.094894,-2.689157,0.212507,-46.834000,8.049108,4.350734,27.642950,9.001677,-16.661312,-0.748183,-12.208422,-2.052684,-21.530231,11.773885,2.404820,-3.558059,-1.737445,1.261078,0.593688,-1.791172,14.980203,-36.064819,61.352684,-3.273238,3.795403,3.512941,-1.861612,-15.151652,38.959320,68.342415,-16.441799,10.845817,-5.299313
78.000000,-2391.566406,-1217.804688,78.095123,-2.688755,0.218026,-46.832412,8.043646,4.351295,27.642548,9.002441,-16.660585,-0.747944,-12.212147,-2.053495,-21.536556,11.772983,2.406021,-3.559906,-1.737549,1.262024,0.592283,-1.790861,14.980650,-36.065022,61.350765,-3.271321,3.796345,3.511438,-1.861865,-15.151836,38.958702,68.342644,-16.442179,10.845830,-5.300000
79.000000,-2391.566895,-1217.805908,78.095299,-2.688248,0.223658,-46.831086,8.036670,4.351944,27.642143,9.003300,-16.659554,-0.748016,-12.217034,-2.054538,-21.544893,11.771924,2.406837,-3.562545,-1.737679,1.263331,0.590584,-1.790451,14.981216,-36.065342,61.348286,-3.268764,3.797505,3.509480,-1.862194,-15.152020,38.957943,68.343002,-16.442532,10.845903,-5.301201
80.000000,-2391.566895,-1217.807251,78.095146,-2.687385,0.224491,-46.836665,8.035208,4.352000,27.645937,9.003071,-16.658840,-0.748923,-12.225384,-2.055649,-21.545174,11.783773,2.404249,-3.566194,-1.730952,1.263851,0.589326,-1.790841,14.981247,-36.063690,61.346439,-3.266656,3.797690,3.507727,-1.861516,-15.152499,38.957771,68.343704,-16.445431,10.846547,-5.301561
81.000000,-2391.565918,-1217.808960,78.094414,-2.686892,0.209810,-46.853033,8.055715,4.351514,27.659409,9.000739,-16.659836,-0.752148,-12.235511,-2.056669,-21.522894,11.831055,2.392604,-3.571139,-1.710003,1.262514,0.589377,-1.792775,14.980480,-36.056961,61.346401,-3.264640,3.795962,3.506251,-1.858546,-15.153681,38.958618,68.345154,-16.454134,10.848788,-5.298657
82.000000,-2391.565430,-1217.809326,78.094017,-2.687346,0.200264,-46.861317,8.071105,4.352100,27.666182,9.001831,-16.661648,-0.754898,-12.238538,-2.057324,-21.513489,11.860932,2.385857,-3.574396,-1.701941,1.262218,0.582416,-1.792811,14.980899,-36.053787,61.346725,-3.259885,3.796272,3.503136,-1.856050,-15.154074,38.958786,68.346680,-16.459974,10.850689,-5.294951
83.000000,-2391.566895,-1217.807251,78.093918,-2.687173,0.198149,-46.865784,8.071146,4.351772,27.668228,9.004656,-16.662334,-0.755796,-12.240616,-2.057902,-21.519798,11.863849,2.388351,-3.576232,-1.703184,1.262757,0.577991,-1.792045,14.981713,-36.053802,61.345573,-3.255087,3.797910,3.499059,-1.855692,-15.154178,38.957951,68.347191,-16.461437,10.851260,-5.292690
84.000000,-2391.569092,-1217.804199,78.093925,-2.686565,0.198018,-46.869309,8.068542,4.351079,27.669352,9.006160,-16.662443,-0.755403,-12.242679,-2.058497,-21.526918,11.862076,2.392123,-3.577266,-1.704162,1.263084,0.577507,-1.791186,14.982046,-36.054249,61.344383,-3.252470,3.799322,3.495991,-1.855802,-15.154273,38.957226,68.347397,-16.461517,10.851420,-5.291625
85.000000,-2391.571777,-1217.801270,78.094055,-2.685695,0.198984,-46.870806,8.063526,4.350144,27.669817,9.007726,-16.662226,-0.753837,-12.245459,-2.059568,-21.537010,11.858006,2.397664,-3.578544,-1.705138,1.263303,0.577554,-1.790186,14.982526,-36.054630,61.342457,-3.249777,3.800826,3.492459,-1.855852,-15.154314,38.956341,68.347694,-16.461351,10.851722,-5.290561
86.000000,-2391.574463,-1217.799194,78.094200,-2.684575,0.200332,-46.871073,8.058249,4.349396,27.669670,9.009117,-16.661890,-0.751692,-12.247851,-2.060870,-21.546572,11.853897,2.402318,-3.579883,-1.705940,1.263445,0.576802,-1.789553,14.983223,-36.054722,61.340267,-3.247214,3.801795,3.489581,-1.855719,-15.154245,38.955574,68.348000,-16.461346,10.852267,-5.289679
87.000000,-2391.576660,-1217.798096,78.094292,-2.683316,0.201743,-46.870958,8.053609,4.348849,27.669685,9.010428,-16.661699,-0.749649,-12.249751,-2.062211,-21.555489,11.850492,2.405298,-3.581532,-1.706615,1.263582,0.575221,-1.788838,14.983923,-36.054848,61.338249,-3.244288,3.802715,3.486918,-1.855543,-15.154099,38.954918,68.348312,-16.461647,10.852968,-5.288938
88.000000,-2391.578613,-1217.797729,78.094269,-2.681839,0.203489,-46.870808,8.049526,4.348496,27.670078,9.011852,-16.661982,-0.748183,-12.251325,-2.063483,-21.563896,11.847786,2.406056,-3.583456,-1.707196,1.263681,0.573056,-1.788066,14.984612,-36.055069,61.336380,-3.241175,3.803679,3.484417,-1.855406,-15.153865,38.954376,68.348656,-16.462166,10.853705,-5.288422
89.000000,-2391.580322,-1217.798218,78.094147,-2.680146,0.205785,-46.870656,8.045631,4.348221,27.670616,9.013321,-16.662289,-0.747423,-12.252848,-2.064666,-21.571606,11.845480,2.405025,-3.585788,-1.707748,1.263750,0.570825,-1.787296,14.985306,-36.055355,61.334568,-3.238334,3.804611,3.482101,-1.855335,-15.153569,38.953854,68.349022,-16.462685,10.854362,-5.288172
90.000000,-2391.581543,-1217.799316,78.093956,-2.678335,0.208617,-46.870565,8.042740,4.348006,27.671091,9.014322,-16.662420,-0.747340,-12.254042,-2.065480,-21.576963,11.843843,2.403308,-3.587846,-1.708154,1.263806,0.569322,-1.786755,14.985830,-36.055588,61.333244,-3.236456,3.805246,3.480494,-1.855329,-15.153334,38.953484,68.349304,-16.462940,10.854785,-5.288201
91.000000,-2391.582275,-1217.801025,78.093727,-2.676467,0.211878,-46.870575,8.038867,4.347673,27.671816,9.015483,-16.662462,-0.747831,-12.255733,-2.066495,-21.583826,11.841667,2.399962,-3.590893,-1.708680,1.263904,0.567613,-1.786098,14.986527,-36.055923,61.331497,-3.234124,3.805984,3.478510,-1.855357,-15.152998,38.953018,68.349670,-16.463032,10.855294,-5.288589
92.000000,-2391.582764,-1217.802979,78.093437,-2.674518,0.215637,-46.870665,8.035048,4.347316,27.672518,9.016444,-16.662374,-0.748806,-12.257548,-2.067452,-21.590582,11.839673,2.395766,-3.594115,-1.709224,1.264036,0.566262,-1.785508,14.987210,-36.056248,61.329746,-3.231793,3.806574,3.476741,-1.855413,-15.152618,38.952572,68.350052,-16.462996,10.855728,-5.289379
93.000000,-2391.583252,-1217.805298,78.093140,-2.672652,0.219587,-46.870801,8.031306,4.346962,27.673029,9.017197,-16.662191,-0.750074,-12.259543,-2.068372,-21.597490,11.838077,2.390967,-3.597499,-1.709815,1.264158,0.565137,-1.784924,14.987895,-36.056541,61.327950,-3.229276,3.807028,3.475148,-1.855477,-15.152207,38.952103,68.350487,-16.463009,10.856033,-5.290512
94.000000,-2391.583496,-1217.807739,78.092834,-2.670907,0.223622,-46.870900,8.027701,4.346652,27.673315,9.017726,-16.662098,-0.751534,-12.261606,-2.069212,-21.604382,11.836791,2.385617,-3.600790,-1.710405,1.264222,0.564049,-1.784323,14.988576,-36.056808,61.326141,-3.226619,3.807409,3.473663,-1.855524,-15.151782,38.951641,68.350929,-16.463026,10.856239,-5.291813
95.000000,-2391.583496,-1217.810425,78.092484,-2.669204,0.227845,-46.870932,8.025095,4.346453,27.673393,9.018023,-16.662125,-0.752723,-12.263140,-2.069792,-21.609495,11.835980,2.381299,-3.603162,-1.710835,1.264224,0.563218,-1.783857,14.989083,-36.057011,61.324776,-3.224569,3.807667,3.472598,-1.855550,-15.151452,38.951305,68.351265,-16.463026,10.856345,-5.292857
96.000000,-2391.583496,-1217.813232,78.092117,-2.667589,0.232068,-46.870888,8.021762,4.346225,27.673338,9.018351,-16.662310,-0.754381,-12.265109,-2.070508,-21.616169,11.835030,2.375260,-3.606172,-1.711385,1.264174,0.562111,-1.783226,14.989761,-36.057274,61.322964,-3.221815,3.807982,3.471233,-1.855583,-15.151003,38.950886,68.351700,-16.462999,10.856431,-5.294307
97.000000,-2391.582764,-1217.816284,78.091362,-2.665441,0.229246,-46.877504,8.025004,4.345247,27.676956,9.017485,-16.662920,-0.756700,-12.268057,-2.071145,-21.614126,11.844602,2.365763,-3.609638,-1.705609,1.262788,0.562093,-1.783433,14.990081,-36.055504,61.321789,-3.219679,3.807451,3.470109,-1.854657,-15.150692,38.951061,68.352287,-16.465410,10.856978,-5.294773
98.000000,-2391.581299,-1217.819458,78.090225,-2.664245,0.213219,-46.886333,8.047699,4.344069,27.684990,9.014991,-16.665878,-0.759831,-12.264359,-2.069117,-21.584055,11.871614,2.349626,-3.610720,-1.693527,1.259666,0.563077,-1.784551,14.989409,-36.051254,61.324310,-3.222973,3.806297,3.469889,-1.851901,-15.150672,38.952896,68.352448,-16.469311,10.858487,-5.292777
99.000000,-2391.580078,-1217.821167,78.089874,-2.664920,0.202137,-46.874453,8.063596,4.344139,27.675613,9.016446,-16.669407,-0.760617,-12.244986,-2.066264,-21.555082,11.869800,2.339556,-3.603761,-1.715108,1.259482,0.560797,-1.784722,14.987742,-36.053070,61.329746,-3.238214,3.807115,3.471018,-1.852150,-15.150013,38.954716,68.348579,-16.460354,10.857441,-5.292063
100.000000,-2391.579590,-1217.820801,78.090172,-2.665883,0.198197,-46.854264,8.064309,4.344227,27.655809,9.018479,-16.670078,-0.759313,-12.221209,-2.065122,-21.549416,11.839857,2.338955,-3.594748,-1.757034,1.260481,0.558589,-1.785748,14.984550,-36.058464,61.332882,-3.261279,3.807148,3.473949,-1.854954,-15.148534,38.956135,68.342529,-16.444284,10.853994,-5.293809
101.000000,-2391.579346,-1217.819824,78.090622,-2.666653,0.196957,-46.834982,8.061540,4.343843,27.637724,9.018703,-16.669205,-0.756965,-12.195529,-2.062346,-21.546095,11.796911,2.342943,-3.585103,-1.794034,1.261341,0.558643,-1.787471,14.980117,-36.064693,61.334991,-3.288274,3.805801,3.478864,-1.857364,-15.147016,38.958088,68.337006,-16.427111,10.850600,-5.296350
102.000000,-2391.579346,-1217.819214,78.091080,-2.667314,0.197171,-46.817833,8.058104,4.343589,27.623190,9.017879,-16.667810,-0.754147,-12.171969,-2.058921,-21.541441,11.754136,2.347924,-3.575474,-1.820903,1.261968,0.559675,-1.788981,14.974969,-36.071301,61.337650,-3.311994,3.803659,3.485506,-1.858928,-15.145885,38.960487,68.332527,-16.410612,10.847952,-5.299089
103.000000,-2391.578613,-1217.819092,78.091583,-2.668060,0.198224,-46.801404,8.055503,4.343645,27.613245,9.016858,-16.666538,-0.752011,-12.156696,-2.056809,-21.536924,11.726391,2.351062,-3.568384,-1.835781,1.262417,0.560562,-1.789797,14.971284,-36.076702,61.340313,-3.327908,3.801809,3.491404,-1.859779,-15.145378,38.962429,68.329704,-16.398859,10.846352,-5.301320
104.000000,-2391.577637,-1217.819702,78.092201,-2.669191,0.199923,-46.784503,8.052229,4.344227,27.600309,9.014941,-16.664543,-0.749535,-12.139540,-2.054794,-21.529840,11.696259,2.354084,-3.559125,-1.850627,1.263147,0.561674,-1.790512,14.966845,-36.084927,61.344788,-3.348309,3.799260,3.502773,-1.860790,-15.145144,38.965157,68.326515,-16.383755,10.844477,-5.304671
105.000000,-2391.576172,-1217.821045,78.092918,-2.670892,0.202271,-46.767137,8.049283,4.345516,27.587530,9.012347,-16.662285,-0.747814,-12.125397,-2.053191,-21.521759,11.672606,2.356079,-3.550119,-1.861146,1.264071,0.562825,-1.790914,14.962707,-36.095047,61.350075,-3.368069,3.796731,3.522310,-1.861794,-15.145312,38.967987,68.323959,-16.369102,10.842697,-5.308569
106.000000,-2391.573486,-1217.823242,78.093399,-2.672808,0.198928,-46.757240,8.054302,4.346475,27.579449,9.006157,-16.659439,-0.747732,-12.113701,-2.048796,-21.490870,11.660948,2.355324,-3.541012,-1.864719,1.264730,0.565148,-1.791183,14.957226,-36.103058,61.364246,-3.387617,3.793783,3.543525,-1.862299,-15.145788,38.971355,68.321777,-16.357290,10.841153,-5.312193
107.000000,-2391.569092,-1217.826416,78.093277,-2.675568,0.179949,-46.759570,8.084895,4.346610,27.582647,8.994430,-16.657396,-0.751042,-12.098819,-2.038178,-21.412003,11.674843,2.346776,-3.530261,-1.861303,1.264743,0.569773,-1.791380,14.947251,-36.105370,61.415192,-3.405988,3.790168,3.554247,-1.861641,-15.146319,38.975571,68.319481,-16.351145,10.840075,-5.313828
108.000000,-2391.565918,-1217.827759,78.093613,-2.679760,0.168115,-46.752841,8.105608,4.349567,27.578480,8.990226,-16.656996,-0.754044,-12.084520,-2.032520,-21.369333,11.684555,2.342314,-3.518854,-1.869790,1.265802,0.570674,-1.790545,14.940700,-36.109653,61.467220,-3.422732,3.788707,3.566802,-1.861961,-15.146743,38.978550,68.316856,-16.341820,10.837934,-5.316037
109.000000,-2391.564209,-1217.826416,78.094574,-2.683800,0.166655,-46.740099,8.106433,4.351603,27.570078,8.989411,-16.655437,-0.754771,-12.078266,-2.031682,-21.362499,11.679317,2.346457,-3.510894,-1.880325,1.267272,0.571869,-1.789773,14.938723,-36.114307,61.481323,-3.435264,3.788594,3.581639,-1.863319,-15.147399,38.979942,68.314758,-16.331980,10.835499,-5.318828
110.000000,-2391.563232,-1217.823730,78.095848,-2.687420,0.170455,-46.725392,8.100591,4.353204,27.557596,8.987219,-16.651964,-0.754056,-12.071718,-2.030809,-21.358679,11.662398,2.357130,-3.500319,-1.893508,1.269324,0.575428,-1.789649,14.935437,-36.120762,61.487648,-3.452834,3.787278,3.605122,-1.865477,-15.148404,38.981712,68.312225,-16.317953,10.831942,-5.323422
111.000000,-2391.562744,-1217.821289,78.097237,-2.690717,0.177424,-46.709741,8.089446,4.354501,27.544260,8.984693,-16.647713,-0.751857,-12.067095,-2.029878,-21.356161,11.639824,2.370502,-3.489829,-1.905421,1.271062,0.578998,-1.789935,14.931359,-36.127354,61.491875,-3.470640,3.785133,3.629525,-1.867493,-15.149357,38.983547,68.309860,-16.303894,10.828294,-5.328607
112.000000,-2391.562012,-1217.819702,78.098412,-2.693547,0.182949,-46.699154,8.079576,4.356026,27.533918,8.981544,-16.643055,-0.749972,-12.065603,-2.029563,-21.356024,11.624409,2.382193,-3.482188,-1.910905,1.272532,0.583004,-1.789507,14.927950,-36.132759,61.495354,-3.482297,3.782992,3.647784,-1.869102,-15.150300,38.984917,68.308502,-16.294273,10.825130,-5.333794
113.000000,-2391.560547,-1217.818726,78.099556,-2.698058,0.189099,-46.703064,8.076122,4.358509,27.536455,8.974008,-16.638584,-0.749862,-12.071733,-2.024247,-21.353476,11.619789,2.396542,-3.479061,-1.894640,1.276115,0.585997,-1.783664,14.929000,-36.135254,61.496956,-3.476486,3.781246,3.654280,-1.869357,-15.152248,38.984848,68.311104,-16.293230,10.824162,-5.336850
114.000000,-2391.558350,-1217.818726,78.100029,-2.701950,0.190888,-46.732439,8.083192,4.358606,27.553179,8.959905,-16.634409,-0.751156,-12.079663,-2.012087,-21.323286,11.618248,2.410016,-3.476726,-1.858264,1.278389,0.587133,-1.782556,14.930195,-36.122711,61.494518,-3.472007,3.770265,3.658973,-1.864977,-15.154910,38.984962,68.315071,-16.295801,10.825548,-5.336795
115.000000,-2391.556152,-1217.818726,78.100037,-2.704765,0.189737,-46.753231,8.098845,4.358527,27.579336,8.945819,-16.632378,-0.753988,-12.086675,-1.995532,-21.277872,11.621386,2.422266,-3.474119,-1.806078,1.279328,0.586915,-1.784086,14.932199,-36.094887,61.490276,-3.465465,3.750969,3.663775,-1.856155,-15.158148,38.985279,68.319908,-16.302349,10.828427,-5.335518
116.000000,-2391.554199,-1217.817261,78.100342,-2.707130,0.192809,-46.757414,8.096848,4.359173,27.581772,8.946122,-16.632187,-0.755642,-12.092060,-1.994905,-21.284973,11.624670,2.428942,-3.474742,-1.802633,1.281927,0.586571,-1.783864,14.934278,-36.091450,61.487339,-3.457658,3.749228,3.665092,-1.856878,-15.159071,38.984142,68.320572,-16.306017,10.828356,-5.336845
117.000000,-2391.553223,-1217.815186,78.100838,-2.709376,0.200125,-46.759999,8.087247,4.360187,27.582283,8.948259,-16.631573,-0.755961,-12.102664,-1.996211,-21.301451,11.627562,2.437166,-3.477356,-1.803734,1.284786,0.586671,-1.784012,14.934981,-36.090958,61.483120,-3.451518,3.750606,3.664324,-1.858171,-15.159641,38.982788,68.320839,-16.308310,10.827571,-5.339379
118.000000,-2391.553223,-1217.813110,78.101471,-2.711351,0.209714,-46.761612,8.074039,4.361368,27.582260,8.950167,-16.630432,-0.755181,-12.116167,-1.997852,-21.319126,11.629996,2.446610,-3.480561,-1.804532,1.286790,0.587185,-1.784436,14.935625,-36.090618,61.478203,-3.445935,3.752275,3.662643,-1.859272,-15.160077,38.981274,68.321213,-16.310320,10.826515,-5.342103
119.000000,-2391.552734,-1217.811523,78.101738,-2.712678,0.212317,-46.771781,8.070197,4.361926,27.589239,8.950171,-16.629889,-0.754600,-12.137713,-2.000714,-21.322519,11.659941,2.449816,-3.485194,-1.792776,1.287049,0.588538,-1.786284,14.935517,-36.086849,61.474064,-3.441477,3.752280,3.660721,-1.858619,-15.161308,38.980499,68.322083,-16.316702,10.826384,-5.342895
120.000000,-2391.551758,-1217.810791,78.101608,-2.714699,0.200389,-46.788001,8.087202,4.362953,27.602032,8.948808,-16.631329,-0.755324,-12.157268,-2.004484,-21.312782,11.720778,2.444019,-3.490784,-1.770758,1.285745,0.590563,-1.788689,14.934688,-36.077160,61.471844,-3.436716,3.751102,3.658290,-1.856140,-15.163214,38.980377,68.323570,-16.327517,10.827698,-5.340603
121.000000,-2391.551514,-1217.809326,78.101685,-2.717752,0.188264,-46.796605,8.100110,4.365152,27.607347,8.950694,-16.633591,-0.755885,-12.163531,-2.006317,-21.311388,11.755094,2.441815,-3.493934,-1.762003,1.285398,0.589588,-1.789400,14.935018,-36.072170,61.470551,-3.431521,3.751372,3.655324,-1.854760,-15.164231,38.979801,68.324493,-16.333982,10.828562,-5.338228
122.000000,-2391.552246,-1217.805786,78.101921,-2.719364,0.185532,-46.800189,8.101119,4.366468,27.608551,8.954772,-16.635387,-0.755189,-12.167266,-2.007675,-21.321848,11.765181,2.447698,-3.496135,-1.761977,1.285839,0.587196,-1.789199,14.936269,-36.071262,61.467705,-3.424277,3.753242,3.650102,-1.854708,-15.164938,38.978165,68.324875,-16.337986,10.828676,-5.335822
123.000000,-2391.554199,-1217.801514,78.102135,-2.719926,0.187188,-46.802943,8.094900,4.366277,27.609379,8.958121,-16.636654,-0.752816,-12.172885,-2.009301,-21.335737,11.765057,2.456045,-3.497449,-1.762674,1.286435,0.587361,-1.789281,14.937573,-36.071163,61.463829,-3.419626,3.754931,3.644923,-1.855276,-15.165575,38.976471,68.324951,-16.339827,10.828505,-5.334146
124.000000,-2391.556641,-1217.797607,78.102325,-2.719802,0.191199,-46.804201,8.085033,4.365716,27.609766,8.961304,-16.637947,-0.749159,-12.180161,-2.011403,-21.349838,11.762458,2.463771,-3.498395,-1.762975,1.286867,0.588119,-1.789525,14.939028,-36.071110,61.459793,-3.416392,3.756157,3.640000,-1.855831,-15.166096,38.974976,68.324921,-16.340836,10.828556,-5.332958
125.000000,-2391.558594,-1217.794922,78.102478,-2.719116,0.195867,-46.804464,8.075109,4.365044,27.609995,8.964361,-16.638931,-0.745459,-12.187017,-2.013952,-21.363155,11.759980,2.469479,-3.499586,-1.763119,1.287160,0.588659,-1.789740,14.940453,-36.071060,61.456039,-3.413188,3.757093,3.635481,-1.856282,-15.166471,38.973648,68.324867,-16.341724,10.828897,-5.332108
126.000000,-2391.560059,-1217.793457,78.102531,-2.718143,0.200520,-46.804448,8.066320,4.364497,27.610470,8.967299,-16.639908,-0.742314,-12.192904,-2.016544,-21.376207,11.758220,2.472618,-3.501460,-1.763221,1.287438,0.588624,-1.789859,14.941792,-36.071030,61.452480,-3.409349,3.757976,3.631145,-1.856688,-15.166719,38.972446,68.324921,-16.342859,10.829425,-5.331444
127.000000,-2391.560791,-1217.793213,78.102455,-2.717073,0.205012,-46.804602,8.060860,4.364264,27.611063,8.969358,-16.640808,-0.740615,-12.196482,-2.018234,-21.385540,11.757377,2.473020,-3.503232,-1.763232,1.287601,0.588244,-1.789887,14.942725,-36.071049,61.449978,-3.406240,3.758622,3.628076,-1.856962,-15.166815,38.971672,68.325050,-16.343801,10.829866,-5.331065
128.000000,-2391.561035,-1217.794067,78.102234,-2.715916,0.209889,-46.805023,8.054351,4.364129,27.612104,8.971967,-16.642210,-0.739209,-12.200855,-2.020164,-21.397331,11.756781,2.471332,-3.506055,-1.763179,1.287721,0.587384,-1.789855,14.943924,-36.071156,61.446777,-3.402137,3.759434,3.624166,-1.857316,-15.166837,38.970741,68.325310,-16.345034,10.830421,-5.330734
129.000000,-2391.560791,-1217.795532,78.101906,-2.714619,0.215516,-46.805672,8.048034,4.364028,27.613358,8.974360,-16.643661,-0.738740,-12.205319,-2.021869,-21.408474,11.756487,2.467598,-3.509461,-1.763115,1.287765,0.586424,-1.789797,14.945112,-36.071327,61.443703,-3.398333,3.760130,3.620428,-1.857702,-15.166793,38.969883,68.325623,-16.346064,10.830882,-5.330661
130.000000,-2391.560059,-1217.797729,78.101501,-2.713200,0.221756,-46.806605,8.041774,4.363838,27.614817,8.976522,-16.645046,-0.739160,-12.210010,-2.023442,-21.419104,11.756377,2.462348,-3.513334,-1.762962,1.287763,0.585579,-1.789760,14.946280,-36.071526,61.440781,-3.394759,3.760620,3.616923,-1.858085,-15.166672,38.969154,68.325966,-16.346725,10.831304,-5.331020
131.000000,-2391.559082,-1217.800659,78.100555,-2.710966,0.221744,-46.817445,8.044574,4.362540,27.623379,8.977003,-16.646984,-0.740984,-12.221053,-2.025634,-21.417055,11.779024,2.450722,-3.518883,-1.750491,1.285446,0.585477,-1.791268,14.946784,-36.068245,61.438839,-3.392244,3.759425,3.613916,-1.856682,-15.166888,38.969479,68.326775,-16.351587,10.832631,-5.329826
132.000000,-2391.557373,-1217.804077,78.099106,-2.709137,0.208694,-46.835876,8.066818,4.361334,27.639462,8.976162,-16.650835,-0.745072,-12.231425,-2.027736,-21.399315,11.830413,2.429919,-3.525448,-1.726603,1.279467,0.586590,-1.793706,14.946786,-36.059586,61.438416,-3.389450,3.756932,3.611176,-1.853356,-15.167030,38.970680,68.328171,-16.360851,10.835075,-5.325859
133.000000,-2391.555664,-1217.806274,78.097992,-2.708754,0.198950,-46.846850,8.081169,4.361470,27.646851,8.977989,-16.654572,-0.747927,-12.234198,-2.028885,-21.393330,11.859097,2.417115,-3.529317,-1.717325,1.275895,0.583943,-1.794264,14.947277,-36.056080,61.438354,-3.385566,3.756278,3.608139,-1.851357,-15.166735,38.971043,68.329048,-16.366148,10.836560,-5.322485
134.000000,-2391.555176,-1217.805908,78.097275,-2.708079,0.198720,-46.852924,8.082407,4.360926,27.649996,8.982294,-16.658039,-0.750054,-12.236465,-2.029814,-21.400572,11.865410,2.411756,-3.532620,-1.717734,1.274590,0.580498,-1.793916,14.948400,-36.055592,61.436844,-3.379583,3.756967,3.603019,-1.850959,-15.166383,38.970215,68.329308,-16.368650,10.837271,-5.319479
135.000000,-2391.555664,-1217.804565,78.096710,-2.707017,0.201571,-46.857455,8.078325,4.359578,27.651932,8.985241,-16.660477,-0.750461,-12.239627,-2.030905,-21.411142,11.863597,2.409930,-3.534822,-1.718995,1.273974,0.580623,-1.793965,14.949577,-36.055477,61.434372,-3.375885,3.757528,3.598748,-1.851189,-15.166164,38.969276,68.329338,-16.369253,10.837513,-5.317724
136.000000,-2391.556152,-1217.803711,78.096222,-2.705717,0.206009,-46.860227,8.070836,4.357879,27.653112,8.988503,-16.663157,-0.749684,-12.244062,-2.032542,-21.424767,11.859189,2.408147,-3.537245,-1.720183,1.273090,0.581306,-1.794042,14.951109,-36.055252,61.431026,-3.372160,3.758018,3.593895,-1.851349,-15.165834,38.968208,68.329391,-16.369673,10.837893,-5.316044
137.000000,-2391.558350,-1217.806641,78.094398,-2.686537,0.315593,-46.872568,7.949533,4.341424,27.649548,9.002656,-16.661152,-0.744819,-12.385967,-2.051759,-21.388447,11.910166,2.392898,-3.544138,-1.718940,1.252444,0.480562,-1.761240,14.963385,-36.054356,61.429241,-3.372137,3.757149,3.591680,-1.827688,-15.156870,38.966721,68.328712,-16.376919,10.839946,-5.313607
138.000000,-2391.569580,-1217.807617,78.092072,-2.651148,0.462137,-46.884986,7.766225,4.305824,27.638819,9.011824,-16.645250,-0.736102,-12.600608,-2.085038,-21.314631,11.977864,2.374484,-3.551655,-1.716474,1.204200,0.388280,-1.732748,15.003010,-36.050766,61.423492,-3.378829,3.753635,3.591000,-1.815652,-15.137713,38.962891,68.324654,-16.391172,10.843410,-5.313936
139.000000,-2391.588135,-1217.806763,78.089455,-2.607770,0.631477,-46.899527,7.598484,4.276845,27.629059,9.031951,-16.632740,-0.727378,-12.790608,-2.112221,-21.228432,12.035297,2.363461,-3.553189,-1.713800,1.160402,0.339739,-1.724108,15.046906,-36.047806,61.420044,-3.385579,3.752681,3.591698,-1.816735,-15.120152,38.947456,68.317184,-16.433481,10.845499,-5.315528
140.000000,-2391.608398,-1217.805908,78.087448,-2.564539,0.816014,-46.907723,7.376645,4.244381,27.613291,9.065718,-16.617723,-0.714912,-13.034185,-2.140866,-21.090948,12.101469,2.359208,-3.548216,-1.711780,1.116519,0.312450,-1.722411,15.096788,-36.015499,61.416134,-3.406035,3.752270,3.592466,-1.828527,-15.093749,38.871651,68.312149,-16.533503,10.845607,-5.317205
141.000000,-2391.624756,-1217.810303,78.085182,-2.527239,0.982322,-46.910797,7.117180,4.210756,27.589958,9.108282,-16.602068,-0.701536,-13.322745,-2.176437,-20.943369,12.195390,2.345845,-3.541966,-1.710619,1.082755,0.303618,-1.722378,15.155506,-35.997498,61.411926,-3.491200,3.756536,3.594233,-1.850136,-15.071027,38.770954,68.306641,-16.637859,10.845563,-5.320917
142.000000,-2391.629883,-1217.825195,78.082878,-2.504960,1.113126,-46.918749,6.944554,4.195679,27.570383,9.135065,-16.596113,-0.699720,-13.535748,-2.200916,-20.849943,12.302905,2.311820,-3.539900,-1.711235,1.091370,0.312200,-1.722204,15.209049,-36.041119,61.409531,-3.815740,3.783834,3.598548,-1.873618,-15.074464,38.720062,68.302361,-16.656740,10.848166,-5.329400
143.000000,-2391.616699,-1217.851074,78.080215,-2.510178,1.181346,-46.986691,6.894356,4.204983,27.622770,9.115728,-16.596025,-0.728307,-13.652264,-2.144664,-20.588625,12.345870,2.290452,-3.524386,-1.713924,1.171250,0.329091,-1.722406,15.253478,-36.166340,61.409332,-4.309820,3.846726,3.658852,-1.900442,-15.095798,38.708775,68.302711,-16.683966,10.856023,-5.383233
144.000000,-2391.587158,-1217.889282,78.075638,-2.541855,1.212264,-47.104611,6.925999,4.252282,27.733944,9.108278,-16.632170,-0.776718,-13.693701,-2.022021,-20.255714,12.348504,2.270284,-3.495022,-1.731588,1.329502,0.330422,-1.725613,15.284475,-36.329517,61.406548,-4.583399,3.925064,3.699933,-1.909721,-15.115191,38.661301,68.316315,-16.764061,10.874794,-5.523645
145.000000,-2391.546143,-1217.940796,78.069328,-2.606305,1.216553,-47.280802,6.987486,4.347434,27.881586,9.160729,-16.718424,-0.834126,-13.674206,-1.857353,-19.981237,12.303328,2.272286,-3.474804,-1.745515,1.535662,0.328189,-1.729369,15.323411,-36.516548,61.407326,-4.736039,3.995476,3.700635,-1.928240,-15.133755,38.607899,68.372734,-16.846039,10.888787,-5.688836
146.000000,-2391.497314,-1218.004395,78.062904,-2.699946,1.189961,-47.413485,7.045819,4.480482,27.994644,9.283925,-16.847588,-0.890501,-13.588930,-1.680473,-19.802271,12.204901,2.282888,-3.458184,-1.807213,1.780804,0.341889,-1.729611,15.373725,-36.713913,61.424454,-4.871449,4.041894,3.660374,-1.944496,-15.151467,38.513779,68.411568,-16.885376,10.894190,-5.826095
147.000000,-2391.440186,-1218.074341,78.052254,-2.771824,1.189166,-47.501579,7.097144,4.626213,28.055241,9.446448,-17.014826,-0.947606,-13.506597,-1.515985,-19.636755,12.172225,2.220071,-3.435212,-1.969205,2.108584,0.333127,-1.682810,15.457675,-36.973057,61.468102,-4.977886,4.099421,3.557724,-1.949732,-15.206154,38.263088,68.422058,-16.890160,10.898063,-5.956004
148.000000,-2391.373291,-1218.147949,78.041191,-2.869511,1.235799,-47.514223,7.047894,4.790863,28.030819,9.699716,-17.228737,-1.000618,-13.498432,-1.376809,-19.424425,12.223207,2.110200,-3.386927,-2.204712,2.520052,0.299104,-1.590814,15.544789,-37.146065,61.472839,-4.932661,4.175276,3.406486,-1.949555,-15.249523,37.886642,68.420425,-16.953096,10.899650,-6.043757
149.000000,-2391.284180,-1218.232666,78.031364,-3.018207,1.312504,-47.478554,6.906064,5.038810,27.924025,10.094398,-17.526762,-1.059288,-13.414050,-1.165076,-19.194921,12.081820,2.069097,-3.304242,-2.498184,3.085397,0.254674,-1.380755,15.604799,-37.167000,61.474205,-4.693244,4.325337,3.196089,-1.918406,-15.313438,37.254772,68.415199,-17.045433,10.910729,-6.203413
150.000000,-2391.188721,-1218.326904,78.015152,-3.121201,1.415618,-47.446740,6.772934,5.209647,27.800045,10.391678,-17.767052,-1.110807,-13.383107,-0.990576,-18.799248,11.996181,1.951542,-3.196060,-2.718087,3.629434,0.208858,-1.191002,15.686255,-37.185005,61.472866,-4.642747,4.431630,3.066754,-1.867815,-15.385385,36.708824,68.414917,-17.048946,10.942914,-6.395667
151.000000,-2391.093750,-1218.435791,77.992889,-3.201222,1.515406,-47.427129,6.648201,5.378899,27.660034,10.707336,-18.043274,-1.189775,-13.375791,-0.798667,-18.224005,11.980373,1.711401,-3.046255,-2.926885,4.293342,0.199869,-0.931985,15.885108,-37.260429,61.483032,-4.633955,4.618124,2.884356,-1.847661,-15.482810,36.167877,68.443291,-17.022779,10.974893,-6.594019
152.000000,-2390.996826,-1218.568237,77.962326,-3.275903,1.678580,-47.400829,6.501779,5.505406,27.555569,10.975902,-18.269567,-1.256797,-13.458271,-0.687085,-17.851234,12.081190,1.459362,-2.972600,-3.072674,4.757397,0.158223,-0.721060,16.090914,-37.398861,61.503895,-4.571594,4.791762,2.770050,-1.854164,-15.558137,35.777569,68.485657,-16.931335,10.997046,-6.739954
153.000000,-2390.901855,-1218.723022,77.929893,-3.378401,1.884309,-47.268480,6.194757,5.753518,27.336790,11.489973,-18.657164,-1.359504,-13.577714,-0.537397,-17.522804,12.214411,1.088873,-2.890449,-3.467535,5.424618,0.107602,-0.397324,16.502834,-37.824047,61.505646,-4.426152,5.086403,2.582916,-1.914502,-15.638700,35.225140,68.499435,-16.707211,11.012248,-6.924471
154.000000,-2390.795654,-1218.918213,77.890289,-3.482886,2.104843,-47.109724,5.838508,6.053548,27.052706,12.102499,-19.097128,-1.484064,-13.627659,-0.387564,-17.421896,12.266728,0.660224,-2.840367,-4.011056,6.119481,0.077493,-0.050311,16.995672,-38.219940,61.495148,-4.396496,5.459899,2.309701,-1.985466,-15.730394,34.613781,68.482620,-16.462934,11.009189,-7.130833
155.000000,-2390.667236,-1219.155396,77.838417,-3.580884,2.314555,-46.962006,5.578316,6.313159,26.813383,12.631886,-19.501057,-1.617744,-13.641280,-0.243767,-17.260422,12.347324,0.158886,-2.799665,-4.500634,6.756713,0.069130,0.238500,17.408867,-38.444836,61.487320,-4.325112,5.863459,2.031387,-1.989390,-15.823914,34.066353,68.418068,-16.274340,10.988620,-7.283626
156.000000,-2390.516113,-1219.418945,77.773819,-3.681809,2.526437,-46.844244,5.286803,6.643841,26.552370,13.315524,-20.043318,-1.802583,-13.656838,-0.064686,-17.091249,12.514976,-0.574670,-2.759444,-5.039690,7.598867,0.044874,0.511836,17.821779,-38.689869,61.480503,-4.083928,6.389775,1.690632,-1.935920,-16.012423,33.472309,68.310913,-16.117754,10.970696,-7.445305
157.000000,-2390.352539,-1219.698242,77.693634,-3.757542,2.741278,-46.668803,4.975663,6.947083,26.249170,14.071695,-20.623634,-1.970238,-13.680586,0.037518,-17.045839,12.795304,-1.460276,-2.729702,-5.548512,8.408998,0.001429,0.710117,18.103651,-38.855354,61.400986,-3.436992,6.865062,1.319990,-1.830040,-16.227104,32.714016,68.186409,-16.099257,10.967299,-7.578048
158.000000,-2390.156250,-1220.016113,77.614052,-3.986809,2.955576,-46.657405,4.761390,7.307616,26.117619,14.702576,-21.122143,-2.139291,-13.756659,0.214659,-17.081135,13.117465,-2.025560,-2.669552,-5.863418,9.158096,-0.012685,0.881920,18.262526,-38.939831,61.257786,-2.858842,7.186749,1.029921,-1.768141,-16.408995,32.081741,68.076546,-16.064020,10.965884,-7.655020
159.000000,-2389.948730,-1220.379395,77.540085,-4.289859,3.091573,-46.748185,4.634830,7.941547,26.093899,15.512980,-21.812365,-2.437048,-13.828447,0.618749,-17.121510,13.628696,-2.682174,-2.683143,-6.147500,10.251037,0.011690,1.155702,18.499287,-38.952168,60.923290,-2.281427,7.561929,0.627304,-1.663912,-16.675196,31.361053,67.903618,-15.857371,10.962149,-7.778027
160.000000,-2389.742188,-1220.810547,77.463196,-4.572015,3.147864,-46.729586,4.695820,8.489404,26.003115,16.076807,-22.348574,-2.754368,-13.795382,0.959496,-17.230928,14.194652,-3.405523,-2.738679,-6.404942,11.119778,0.053430,1.329335,18.780516,-38.952465,60.599552,-1.953372,7.856228,0.304957,-1.524959,-16.998165,31.075464,67.872871,-15.613935,10.981029,-7.835248
161.000000,-2389.552490,-1221.293579,77.382370,-4.840349,3.149354,-46.623858,4.879955,9.183824,25.779024,16.723526,-22.968466,-3.195665,-13.639158,1.370895,-17.457867,14.955870,-4.420180,-2.839578,-6.693274,12.040099,0.083520,1.420833,19.155661,-38.977642,60.266514,-1.583626,8.173615,0.022700,-1.250434,-17.334042,30.854708,67.819740,-15.112466,10.990070,-7.914515
162.000000,-2389.397217,-1221.810913,77.295753,-5.076942,3.086704,-46.501905,4.866146,9.934124,25.300009,17.879377,-23.595287,-3.580234,-13.389290,1.763709,-17.686384,15.634326,-5.396849,-2.924680,-6.866399,12.693095,0.122095,1.394130,19.502542,-39.004673,60.021378,-1.243864,8.405999,-0.099404,-0.930689,-17.560865,30.734425,67.653015,-14.637263,10.992391,-8.009568
163.000000,-2389.295654,-1222.343872,77.239815,-5.107863,2.921847,-46.547292,4.252582,10.796402,24.550867,20.645023,-24.037319,-3.930447,-13.109107,2.049654,-17.675367,16.397467,-6.391177,-3.038049,-6.702764,12.953186,0.168576,1.242451,19.830805,-39.007111,59.919743,-0.786646,8.595362,-0.137932,-0.621090,-17.667707,30.545383,67.500259,-14.183642,10.987757,-8.271884
164.000000,-2389.213379,-1222.941284,77.265556,-4.851325,2.509075,-46.714419,3.331367,11.467443,23.762993,24.056398,-23.846664,-4.176637,-12.660978,2.136284,-17.492287,16.797312,-7.043621,-3.120252,-6.329526,12.853218,0.251405,1.054372,20.015633,-39.005444,59.909042,-0.271322,8.764297,-0.140982,-0.383592,-17.688862,30.521784,67.482224,-13.993011,10.974953,-8.526120
165.000000,-2389.110352,-1223.554932,77.361893,-4.388697,1.989681,-47.077425,1.923478,12.155490,22.665222,29.057699,-22.516558,-4.460896,-11.828163,2.121892,-17.007092,17.001663,-7.686360,-3.209821,-5.664590,12.477202,0.322452,0.925845,20.131233,-39.003101,59.881367,0.558583,9.026768,-0.137847,-0.079048,-17.686796,30.521847,67.490280,-13.770281,10.902150,-8.770424
166.000000,-2388.947998,-1224.221802,77.482834,-3.961671,1.393572,-47.489815,-0.108486,12.975832,21.099564,35.675148,-19.461166,-4.909977,-10.530246,2.167431,-16.279600,16.859360,-8.279990,-3.329957,-4.896130,12.090276,0.323351,1.045884,20.127119,-39.004047,59.755730,1.620557,9.378384,-0.133710,0.182577,-17.753712,30.524513,67.545616,-13.333042,10.750333,-9.059699
167.000000,-2388.726074,-1224.876099,77.580078,-3.736299,0.805125,-47.698986,-2.358072,13.667429,18.897957,41.764816,-15.411848,-5.215812,-9.046034,2.369215,-15.853585,16.293648,-8.662398,-3.417240,-4.510061,12.101499,0.278269,1.322293,19.926037,-39.009083,59.598206,2.543282,9.688498,-0.142231,0.309665,-17.992956,30.529530,67.612930,-12.924742,10.544857,-9.415363
168.000000,-2388.480469,-1225.484619,77.627960,-3.744098,0.186070,-47.601068,-4.842820,14.256581,16.286711,47.428066,-10.483016,-4.261307,-7.311387,2.708949,-15.803216,15.448259,-8.980721,-3.473808,-4.302900,12.441458,0.343903,1.357408,19.518732,-38.922096,59.587414,3.541116,9.989985,-0.282980,0.435578,-18.427187,30.536095,67.619522,-12.541081,10.307124,-9.899635
169.000000,-2388.223145,-1226.074829,77.624542,-3.831122,-0.418488,-47.450976,-7.258575,14.778303,14.237505,52.224277,-7.529775,-2.814742,-5.676925,3.107499,-15.840434,14.806984,-9.417326,-3.531102,-3.977782,12.852874,0.456586,1.208898,19.084778,-38.594707,59.591934,4.829418,10.198945,-0.572905,0.595738,-18.887671,30.540916,67.620071,-12.133760,10.101231,-10.433022
170.000000,-2387.973633,-1226.644775,77.587700,-3.907705,-0.943416,-47.310227,-9.620256,15.136313,13.078039,55.563519,-7.765501,-1.687667,-4.469569,3.401747,-15.867777,14.551992,-9.937029,-3.553426,-3.405199,13.113740,0.544308,0.898262,18.703270,-38.028183,59.595875,6.178589,10.300156,-0.832238,0.775103,-19.256311,30.633434,67.542427,-11.671792,10.036190,-10.906529
171.000000,-2387.740234,-1227.172974,77.541801,-3.914391,-1.446385,-47.176052,-11.982915,15.323623,12.260644,58.168716,-8.661621,-0.814692,-3.466903,3.589564,-15.888192,14.529454,-10.501274,-3.554833,-2.726442,13.241220,0.708462,0.504129,18.377207,-37.414551,59.554863,7.343477,10.370371,-1.026152,0.847896,-19.558510,30.805708,67.452332,-11.236728,10.021323,-11.294736
172.000000,-2387.488281,-1227.707031,77.512970,-3.765931,-1.848899,-47.188484,-14.722639,15.287848,11.787306,60.120216,-9.767504,-0.088646,-2.498765,3.628906,-15.795884,14.750061,-11.243761,-3.551047,-1.900976,13.152083,0.918046,0.100023,18.100483,-36.835392,59.459743,8.432902,10.428494,-1.220932,0.716900,-19.783413,30.961576,67.342957,-10.954003,10.015512,-11.610621
173.000000,-2387.199951,-1228.259521,77.515892,-3.469340,-2.114228,-47.356665,-17.295683,14.971822,11.698179,60.601170,-10.771487,0.286175,-1.751027,3.494433,-15.511172,15.048836,-11.982501,-3.538404,-1.154156,12.806654,1.018530,-0.064224,17.924257,-36.374863,59.451351,9.202342,10.436502,-1.452789,0.294342,-19.887102,30.979366,67.209923,-10.949317,9.975343,-11.769125
174.000000,-2386.868164,-1228.828247,77.547180,-3.092954,-2.296173,-47.666157,-19.614714,14.331358,11.565898,59.712555,-11.550291,0.417318,-1.049580,3.273744,-15.073842,15.211058,-12.624938,-3.494820,-0.368068,12.295268,1.035683,-0.033482,17.822435,-36.008930,59.457867,9.810669,10.460529,-1.740487,-0.283397,-19.945383,30.988911,67.076767,-10.974045,9.828455,-11.945151
175.000000,-2386.501221,-1229.403198,77.590935,-2.703338,-2.370396,-47.905933,-21.517025,13.490187,11.212762,57.794701,-11.802278,0.444079,-0.414197,3.028778,-14.712404,15.187930,-13.126880,-3.422433,0.208466,11.749025,1.004074,0.122784,17.795816,-35.851822,59.461792,10.038471,10.543921,-1.960965,-0.948060,-19.959450,31.007845,67.013443,-10.935193,9.589091,-12.199653
176.000000,-2386.093506,-1230.002075,77.622910,-2.353579,-2.459176,-48.222551,-23.593983,12.639414,10.964355,54.743591,-11.854526,0.458202,0.433839,2.774122,-14.241512,15.080503,-13.732962,-3.306709,0.856560,11.058473,1.039836,0.368776,17.802471,-35.751595,59.464798,10.259725,10.736697,-2.260592,-1.880021,-19.957668,31.050489,66.835434,-10.829234,9.294802,-12.598838
177.000000,-2385.631348,-1230.644409,77.646088,-2.051257,-2.504551,-48.496118,-24.992865,11.922966,10.733188,50.634567,-11.340026,0.409612,1.312152,2.595038,-13.875257,14.774412,-14.215816,-3.147205,1.494190,10.416437,1.006652,0.655954,17.841171,-35.682537,59.351295,10.589696,11.048257,-2.616674,-2.530386,-19.948689,31.175356,66.397194,-10.560672,9.058077,-13.129280
178.000000,-2385.125977,-1231.306641,77.634811,-1.861239,-2.517609,-48.654413,-26.078867,11.143708,10.127764,45.660572,-10.419224,0.135694,2.242247,2.499581,-13.644654,14.419136,-14.715584,-2.960181,2.042132,9.820555,0.952594,1.023797,17.936823,-35.588459,59.087177,10.837208,11.359021,-3.004330,-3.044147,-19.941931,31.338259,65.789619,-10.136205,8.739553,-13.693060
179.000000,-2384.595459,-1231.955322,77.578133,-1.782064,-2.549006,-48.775939,-26.629988,10.556313,9.487658,41.493286,-9.442773,-0.155282,2.944518,2.486413,-13.503839,14.235346,-15.152647,-2.835978,2.385772,9.431035,0.985528,1.268163,17.991600,-35.483929,58.964863,10.938857,11.515733,-3.264472,-3.411143,-19.921265,31.424984,65.294899,-9.714532,8.453299,-14.112010
180.000000,-2383.997803,-1232.637573,77.481003,-1.749294,-2.547447,-48.986524,-27.031334,9.972063,8.847713,36.269577,-8.040819,-0.510777,3.709629,2.503285,-13.289803,14.171973,-15.784859,-2.688158,2.835571,8.996517,1.002111,1.546082,18.014845,-35.381104,58.952820,10.965318,11.649763,-3.521518,-3.771656,-19.858263,31.469316,64.679924,-9.020631,8.093579,-14.611750
181.000000,-2383.431641,-1233.243286,77.372017,-1.743455,-2.525429,-49.200351,-27.233858,9.427942,8.471139,30.103119,-6.208726,-0.909079,4.583184,2.506950,-12.998130,14.247221,-16.681484,-2.443020,3.405623,8.461853,0.949277,1.955269,18.023077,-35.325047,58.988762,10.973468,11.767856,-3.837515,-4.102006,-19.723585,31.522551,63.985462,-8.051065,7.679929,-15.139597
182.000000,-2382.843994,-1233.834106,77.250092,-1.760969,-2.473452,-49.377075,-27.228130,8.967428,7.989864,26.231932,-4.854498,-1.131384,5.192987,2.495163,-12.819452,14.316397,-17.342218,-2.234796,3.772911,8.095172,0.857071,2.276319,18.021572,-35.299171,59.081871,10.973400,11.794519,-4.140080,-4.260654,-19.593355,31.586706,63.650234,-7.559554,7.414711,-15.452245
183.000000,-2382.152832,-1234.491089,77.085228,-1.848259,-2.383986,-49.614898,-27.222113,8.648139,7.574587,22.936230,-3.681833,-1.259582,5.771337,2.515624,-12.640591,14.412687,-18.030104,-2.023839,4.158118,7.771282,0.738711,2.613234,18.020346,-35.261909,59.198490,10.970297,11.803999,-4.514949,-4.363172,-19.486555,31.672081,63.284023,-7.204196,7.234235,-15.717634
184.000000,-2381.440430,-1235.139893,76.894501,-1.937511,-2.292107,-49.887576,-27.142195,8.477892,7.391612,19.482903,-2.417139,-1.336703,6.481949,2.514690,-12.386317,14.730551,-19.074648,-1.720495,4.733118,7.328253,0.631369,3.048385,18.029537,-35.133072,59.350933,10.964761,11.816586,-5.032571,-4.444316,-19.405819,31.780954,62.679386,-6.940144,7.123892,-15.935840
185.000000,-2380.600098,-1235.876099,76.663246,-1.888588,-2.215645,-50.259017,-27.004686,8.311465,7.252096,17.678711,-1.695393,-1.343949,6.876467,2.364856,-12.169459,15.206454,-19.940466,-1.478216,5.104049,6.899652,0.616136,3.355986,18.064327,-35.020836,59.460228,10.920962,11.836581,-5.377774,-4.512632,-19.341837,31.793310,62.219311,-6.884749,7.097798,-16.041901
186.000000,-2379.684814,-1236.651367,76.424942,-1.645449,-2.153723,-50.733494,-26.642431,7.897075,6.945684,15.836768,-0.646987,-1.307081,7.454329,1.851794,-11.718957,16.218641,-21.473148,-1.019895,5.704832,5.970923,0.652684,3.846094,18.188288,-34.910446,59.633858,10.793758,11.908329,-5.950430,-4.601719,-19.221523,31.891600,61.431332,-6.813854,7.087627,-16.225489
187.000000,-2378.701416,-1237.461426,76.187088,-1.250707,-2.105989,-51.086433,-26.160557,7.275040,6.561687,15.088859,0.299221,-1.214193,8.118445,1.098921,-11.336155,17.099529,-22.937759,-0.491951,6.162083,4.827010,0.704689,4.315899,18.433014,-34.904602,59.712067,10.634382,12.001541,-6.544532,-4.656085,-19.085323,32.153606,60.699806,-6.682830,7.082278,-16.405306
188.000000,-2377.653809,-1238.285889,75.937798,-0.763059,-1.954853,-51.327992,-25.667667,6.368299,6.046599,15.084419,1.090433,-1.072372,8.860091,0.137197,-11.123474,17.844006,-24.413927,0.117319,6.411985,3.501440,0.601149,4.820266,18.720070,-34.906048,59.837692,10.305540,12.076176,-7.134983,-4.661050,-18.887831,32.277328,60.129040,-6.480154,7.064049,-16.582403
189.000000,-2376.516602,-1239.109497,75.658821,-0.278311,-1.781322,-51.630696,-25.132179,5.457681,5.666625,16.053911,1.359897,-0.848945,9.640168,-0.904118,-10.862068,18.495716,-25.857918,0.806545,6.724123,2.221519,0.446058,5.256551,18.925604,-34.907494,60.039928,9.996826,12.132033,-7.679921,-4.661461,-18.735020,32.289734,59.709755,-6.203388,7.050386,-16.766758
190.000000,-2375.369141,-1239.905273,75.387543,0.359070,-1.593492,-51.605877,-25.275831,4.545549,5.747675,17.770279,2.918203,-0.503189,10.413594,-2.038964,-10.939894,18.915482,-27.065208,1.507651,6.790177,0.934388,0.439879,5.415168,19.124567,-34.908840,60.175022,9.848911,12.180616,-8.124997,-4.707336,-18.584644,32.291519,59.403702,-6.106367,7.047417,-16.977627
191.000000,-2374.241943,-1240.635620,75.167252,0.990763,-1.500251,-51.765342,-25.596556,3.699071,6.459101,20.517502,3.948595,-0.050921,11.255195,-3.577281,-11.115048,19.771387,-28.261158,2.434006,7.068263,-0.606614,0.746330,5.372963,19.322128,-34.910538,60.248577,9.799537,12.205273,-8.540157,-4.830585,-18.381504,32.293839,59.147987,-6.073544,6.996096,-17.275408
192.000000,-2373.079590,-1241.306030,75.044472,1.188186,-1.505579,-51.844650,-25.762564,3.393713,6.845662,22.532764,3.735969,0.309433,11.476856,-4.446591,-11.434491,21.148853,-28.438955,3.149318,7.199505,-1.216101,0.981742,5.303503,19.299028,-34.939297,60.299633,9.681735,12.205969,-8.778054,-4.910320,-18.280777,32.294296,59.149231,-5.984973,6.908981,-17.539787
193.000000,-2371.851074,-1241.989868,75.026703,1.117247,-1.548439,-51.727218,-25.740606,3.070256,6.875753,24.888758,3.068984,0.755678,11.360701,-5.307998,-11.851624,23.987982,-27.708160,4.077945,7.100260,-1.539936,1.079229,5.280394,19.184305,-35.080219,60.382408,9.325471,12.181171,-9.197123,-4.818693,-18.193634,32.335777,59.294796,-5.730071,6.800918,-17.953304
194.000000,-2370.613770,-1242.735229,75.161842,1.191655,-1.577920,-51.362227,-25.368761,2.439527,6.846082,26.789637,0.676154,1.131797,10.860835,-6.321563,-12.039648,27.567051,-25.914040,4.860824,6.903682,-2.127306,0.999159,5.128156,19.217548,-35.212662,60.586002,8.918623,12.126958,-9.696436,-4.384886,-17.976070,32.452309,59.551617,-5.496030,6.760761,-18.406092
195.000000,-2369.420898,-1243.487793,75.403008,1.246434,-1.592134,-51.164246,-24.467319,1.867291,6.924456,27.589985,-1.316010,1.487430,9.907065,-7.301450,-11.913076,31.556498,-22.919739,5.480836,6.927071,-2.775131,0.785244,4.845358,19.529024,-35.634708,60.790867,8.695607,12.086672,-10.259826,-3.751710,-17.754045,32.521336,59.742214,-5.259848,6.757918,-18.793777
196.000000,-2368.280518,-1244.209229,75.683929,1.142767,-1.609371,-51.165360,-23.318478,1.575945,7.035006,27.875862,-2.903857,1.763747,8.553886,-8.106579,-11.656348,35.780544,-18.886736,5.762216,7.147968,-3.237384,0.569176,4.467848,19.902576,-36.041607,60.980438,8.386383,12.071738,-10.594931,-3.173948,-17.658506,32.611122,59.855637,-4.970885,6.739943,-19.159904
197.000000,-2367.248535,-1244.873535,75.969521,0.973694,-1.690756,-51.330769,-21.976791,1.481996,7.158235,27.803040,-4.159786,1.913096,6.977122,-8.625671,-11.334349,39.567806,-16.392691,5.253239,7.450204,-3.548214,0.476628,3.979303,20.219784,-36.321815,61.098225,8.116105,12.037093,-10.702961,-2.851424,-17.644642,32.779762,60.075459,-4.802341,6.667903,-19.530764
198.000000,-2366.287109,-1245.504395,76.267197,0.837542,-1.890798,-51.596551,-20.780811,1.431551,7.320353,27.439671,-4.871985,1.990430,5.592401,-9.015143,-11.419944,41.973331,-16.481375,4.781398,7.619566,-3.760800,0.522629,3.592154,20.428848,-36.532444,61.122322,8.021386,11.970078,-10.706846,-2.812834,-17.649115,32.948399,60.304535,-4.762195,6.552307,-19.826830
199.000000,-2365.410889,-1246.084351,76.554474,0.640980,-2.143593,-51.675552,-19.109228,1.345859,7.375537,26.772608,-5.613070,2.087434,3.725941,-9.523689,-12.108131,44.650467,-17.949142,4.290922,7.545937,-3.868411,0.619212,3.084673,20.623613,-36.890003,61.111824,7.983379,11.826269,-10.697663,-2.824320,-17.735903,33.208122,60.593952,-4.733005,6.319708,-20.262499
200.000000,-2364.546875,-1246.670898,76.844238,0.402609,-2.366258,-51.630159,-17.510674,1.233303,7.267825,25.977665,-6.172994,2.188673,1.851198,-9.983014,-13.014380,46.461792,-19.862753,4.001801,7.227308,-3.834995,0.606601,2.575621,20.743933,-37.150753,61.072521,7.962965,11.613529,-10.685360,-2.764022,-17.926613,33.514561,60.847401,-4.680187,6.043495,-20.659163
201.000000,-2363.778076,-1247.230103,77.116142,0.263434,-2.504603,-51.618541,-15.934796,1.091523,7.239496,24.912035,-6.496365,2.260920,0.085073,-10.469520,-13.729909,46.858536,-21.570328,3.930146,7.067854,-3.872870,0.554033,1.956325,20.832150,-37.195721,61.092323,7.947515,11.292619,-10.643185,-2.563975,-18.125505,33.722061,61.107712,-4.429261,5.766563,-20.940037
202.000000,-2363.087158,-1247.777344,77.370216,0.155687,-2.555678,-51.691168,-14.436504,0.990242,7.294101,23.681198,-6.680032,2.291756,-1.590928,-10.941772,-14.299562,46.009056,-22.631157,3.923837,6.967130,-3.949864,0.485121,1.313478,20.998169,-37.712597,61.446907,8.416124,11.169185,-10.697345,-2.431193,-18.231869,33.845600,61.438217,-4.252243,5.611999,-21.064663
203.000000,-2362.465576,-1248.324707,77.606445,0.020025,-2.518338,-51.634846,-13.141960,0.920503,7.249353,22.445482,-6.757511,2.311737,-3.005277,-11.200953,-14.799479,43.870052,-22.944872,3.931337,6.735254,-4.008660,0.447507,0.798321,21.236464,-37.905682,61.813816,8.651634,11.097720,-10.700990,-2.346796,-18.338974,34.018700,61.662472,-4.230882,5.514733,-21.095051
204.000000,-2361.949707,-1248.834595,77.800957,-0.102302,-2.480625,-51.324461,-12.262897,0.823551,7.068284,21.552267,-6.754147,2.329156,-3.723253,-11.280963,-15.209366,41.550537,-22.676506,3.938755,6.499935,-4.056015,0.523596,0.358314,21.460941,-37.911934,61.849319,8.787647,11.013840,-10.652630,-2.246477,-18.453966,34.140800,61.761612,-4.223197,5.390203,-21.097263
205.000000,-2361.485596,-1249.353027,77.965881,-0.145105,-2.424640,-50.892532,-11.204506,0.609711,6.734657,20.374300,-6.680481,2.346363,-4.381763,-11.324502,-15.712770,38.084209,-21.901930,3.943662,6.147541,-4.168131,0.632092,-0.287021,21.748491,-37.907944,61.773422,9.034959,10.891009,-10.516499,-2.074865,-18.585558,34.204918,61.941307,-4.185349,5.179331,-21.093571
206.000000,-2361.074951,-1249.870361,78.092178,-0.158274,-2.364183,-50.316681,-10.280006,0.352426,6.334132,19.335377,-6.615246,2.343212,-4.715923,-11.325354,-16.239252,34.405392,-20.740591,3.940653,5.779639,-4.301411,0.716143,-0.955494,21.977766,-37.899437,61.611221,9.333993,10.791871,-10.298573,-1.898154,-18.674932,34.227528,62.196533,-4.123599,4.990335,-21.087309
207.000000,-2360.715088,-1250.385498,78.179855,-0.120622,-2.352587,-49.652574,-9.477152,0.060442,5.791880,18.539923,-6.621368,2.311622,-4.747452,-11.256308,-16.703463,30.915445,-19.188782,3.929416,5.287479,-4.405445,0.789496,-1.607438,22.065044,-37.892460,61.504143,9.785651,10.683260,-9.981161,-1.741570,-18.716917,34.268742,62.645447,-4.277860,4.761164,-21.083628
208.000000,-2360.394531,-1250.903931,78.227898,-0.038177,-2.340710,-49.066742,-8.800646,-0.200944,5.343688,18.022905,-6.763921,2.216859,-4.684673,-11.129913,-16.921751,27.782749,-16.720015,3.923649,4.871744,-4.502493,0.780791,-2.147439,22.056402,-37.887348,61.300957,10.553541,10.622851,-9.624676,-1.531568,-18.751320,34.438911,63.196438,-4.969336,4.571574,-21.081470
209.000000,-2360.120850,-1251.409790,78.242714,0.117148,-2.372014,-48.670495,-8.163107,-0.415071,5.089098,17.705717,-7.036735,2.077481,-4.602880,-10.997712,-17.046703,25.163252,-13.240163,3.928464,4.587227,-4.578127,0.738314,-2.562824,22.012560,-37.881706,60.911041,11.327789,10.618587,-9.254738,-1.265441,-18.782089,34.687897,63.786354,-5.781176,4.398131,-21.081348
210.000000,-2359.861084,-1251.936157,78.245544,0.328305,-2.499576,-48.364676,-7.600234,-0.600293,5.006257,17.469664,-7.264479,1.953342,-4.422604,-10.953545,-17.164137,23.643610,-10.680523,3.984972,4.442832,-4.648729,0.743733,-2.846312,21.927427,-37.877769,60.642445,11.818244,10.616710,-8.947948,-1.033564,-18.794868,34.953457,64.297852,-6.325549,4.287865,-21.080919
211.000000,-2359.550781,-1252.458252,78.326157,0.224793,-2.445791,-48.146186,-6.886738,-0.545112,4.775362,17.071199,-7.542374,1.765706,-3.493075,-10.750574,-17.609919,22.650230,-10.874891,4.196170,4.237600,-4.289392,0.486598,-3.063565,21.509993,-37.873684,60.481350,12.377151,10.606828,-8.461879,-0.500242,-18.877909,35.345764,65.090942,-6.961288,4.223860,-21.075495
212.000000,-2359.256348,-1252.944092,78.437225,0.067290,-2.270146,-48.171954,-6.240734,-0.279967,4.726102,16.362818,-7.677631,1.561573,-2.424638,-10.225227,-17.804688,21.046186,-10.882933,4.474196,4.198016,-3.699290,-0.051883,-3.121340,20.954931,-37.870422,60.407780,12.770844,10.554379,-7.978622,0.172724,-18.957592,35.681152,65.872879,-7.401322,4.284198,-21.049181
213.000000,-2359.035156,-1253.343506,78.527588,-0.063950,-2.150160,-48.213815,-5.622542,-0.020218,4.716673,15.665889,-7.747288,1.363436,-1.515152,-9.745234,-17.968517,19.665081,-10.680879,4.657472,4.036974,-3.069769,-0.288979,-3.203591,20.460682,-37.856915,60.289162,13.055781,10.446639,-7.511422,0.677740,-19.065065,35.963268,66.352409,-7.589709,4.508162,-20.995296
214.000000,-2358.879395,-1253.690552,78.595146,-0.156703,-2.069848,-48.229469,-5.096543,0.188140,4.683136,15.086767,-7.794569,1.182516,-0.818637,-9.374557,-18.113619,18.684597,-10.467160,4.763559,3.718340,-2.487780,-0.184285,-3.347794,20.081804,-37.715126,60.014744,13.256360,10.314388,-7.006215,1.021802,-19.157534,36.137035,66.524002,-7.725011,4.863298,-20.924501
215.000000,-2358.777344,-1254.002808,78.643250,-0.176959,-1.950442,-48.303349,-4.661094,0.343449,4.719107,14.499519,-7.784121,1.024219,-0.374585,-9.098944,-18.155449,17.986904,-10.330785,4.809665,3.395639,-2.031234,0.062048,-3.542803,19.806826,-37.450035,59.694469,13.316820,10.121371,-6.459337,1.279933,-19.175587,36.233994,66.541672,-7.866234,5.209254,-20.815405
216.000000,-2358.708008,-1254.302368,78.677269,-0.140334,-1.751473,-48.395062,-4.341373,0.443473,4.795927,13.897410,-7.720702,0.882334,-0.134871,-8.910189,-18.186924,17.452360,-10.296416,4.816748,3.055455,-1.705997,0.284928,-3.752209,19.616928,-37.263729,59.418156,13.327954,9.862317,-5.860080,1.468617,-19.104105,36.322189,66.563133,-7.972446,5.488748,-20.644873
217.000000,-2358.656250,-1254.586182,78.702011,-0.119237,-1.490967,-48.423066,-4.220585,0.518405,4.813315,13.529696,-7.684259,0.778060,0.001796,-8.784430,-18.362179,17.037470,-10.285554,4.805393,2.735802,-1.483445,0.402318,-3.913135,19.479265,-37.219872,59.283745,13.327752,9.641697,-5.370072,1.582096,-18.998648,36.367725,66.601517,-8.101812,5.690644,-20.468969
218.000000,-2358.607178,-1254.858032,78.721695,-0.110661,-1.223837,-48.466050,-4.145352,0.639265,4.829497,13.163111,-7.678105,0.643134,0.161214,-8.621305,-18.740627,16.490211,-10.264669,4.758888,2.327900,-1.179456,0.497986,-4.097001,19.237309,-37.210705,59.212799,13.314255,9.362376,-4.704735,1.709928,-18.814669,36.399445,66.727287,-8.376790,5.938456,-20.187651
219.000000,-2358.551758,-1255.128784,78.738335,-0.101467,-0.962277,-48.579216,-4.074094,0.773344,4.906404,12.841646,-7.696390,0.510010,0.271938,-8.458479,-19.050970,16.009951,-10.248621,4.697851,2.003314,-0.876055,0.521319,-4.204949,18.930565,-37.208164,59.199917,13.266854,9.119982,-4.070082,1.812909,-18.585087,36.449154,66.996544,-8.615601,6.164140,-19.873133
220.000000,-2358.492432,-1255.391113,78.750648,-0.091172,-0.735381,-48.713167,-3.982610,0.910657,5.020173,12.576693,-7.746103,0.382711,0.360689,-8.301236,-19.258488,15.622433,-10.245696,4.647083,1.737416,-0.563691,0.523239,-4.258682,18.582441,-37.208408,59.190178,13.182522,8.906531,-3.506445,1.901366,-18.366228,36.553452,67.289207,-8.800073,6.418963,-19.526941
221.000000,-2358.435059,-1255.643921,78.758171,-0.079965,-0.541471,-48.790369,-3.892387,1.021439,5.075070,12.367468,-7.811072,0.258944,0.492868,-8.159344,-19.465902,15.251289,-10.268272,4.607015,1.462391,-0.269303,0.518252,-4.291616,18.231642,-37.210133,59.189529,13.092492,8.679678,-3.004146,2.018745,-18.180798,36.676105,67.470451,-8.965560,6.717493,-19.144800
222.000000,-2358.383057,-1255.893555,78.765556,-0.056189,-0.391965,-48.857765,-3.737335,1.110874,5.100502,12.107119,-7.849423,0.132250,0.715524,-8.003219,-19.620104,14.786982,-10.280636,4.573654,1.196197,-0.017289,0.516178,-4.317469,17.905504,-37.213657,59.278805,12.931623,8.390513,-2.515442,2.173359,-18.020720,36.710278,67.492584,-9.137083,6.998502,-18.726202
223.000000,-2358.341309,-1256.127686,78.770988,-0.017213,-0.261100,-48.946920,-3.538234,1.183926,5.151692,11.785637,-7.855492,0.005231,0.919103,-7.863648,-19.713573,14.366216,-10.316636,4.534566,0.979786,0.169562,0.495179,-4.340044,17.617498,-37.217308,59.478909,12.744702,8.082676,-2.058347,2.312694,-17.864077,36.717960,67.495895,-9.297832,7.195896,-18.321842
224.000000,-2358.309082,-1256.368286,78.773216,0.035801,-0.133725,-49.060630,-3.380662,1.234134,5.205295,11.540096,-7.853545,-0.089565,1.047108,-7.771381,-19.759361,14.101942,-10.366807,4.498819,0.845043,0.272317,0.481065,-4.352205,17.435717,-37.220181,59.660553,12.599547,7.869556,-1.742059,2.390652,-17.750927,36.722515,67.497078,-9.399073,7.310931,-18.028265
225.000000,-2358.285156,-1256.591431,78.774338,0.085208,-0.025354,-49.203737,-3.166169,1.304212,5.301184,11.219136,-7.847556,-0.214479,1.192296,-7.654609,-19.791391,13.796098,-10.442696,4.445510,0.705344,0.377470,0.468694,-4.357419,17.235277,-37.224319,59.908611,12.415078,7.633162,-1.371295,2.457538,-17.617514,36.727486,67.499130,-9.497802,7.433083,-17.659189
226.000000,-2358.261963,-1256.796875,78.777473,0.129155,0.030101,-49.385837,-2.879471,1.386946,5.449522,10.855962,-7.825502,-0.336247,1.360001,-7.527454,-19.765799,13.493857,-10.488948,4.393482,0.617056,0.485691,0.491117,-4.353992,17.046604,-37.228912,60.152176,12.296536,7.451690,-1.079664,2.482981,-17.519363,36.727955,67.508316,-9.574228,7.530160,-17.300726
227.000000,-2358.235107,-1256.989990,78.779579,0.171939,0.062288,-49.566746,-2.546666,1.459978,5.606968,10.472603,-7.796124,-0.448935,1.544996,-7.407489,-19.688112,13.218027,-10.535164,4.347489,0.547204,0.599148,0.500279,-4.316163,16.861067,-37.232243,60.384457,12.254185,7.283452,-0.875900,2.484518,-17.444965,36.707542,67.533768,-9.675826,7.641242,-16.906239
228.000000,-2358.206055,-1257.182983,78.778793,0.228092,0.039368,-49.729864,-2.158635,1.505867,5.744932,10.088214,-7.762485,-0.554323,1.773115,-7.315245,-19.584890,12.993819,-10.613137,4.309331,0.470831,0.698006,0.522558,-4.255939,16.683804,-37.235775,60.636032,12.143736,7.080791,-0.726419,2.474517,-17.383757,36.681408,67.539719,-9.753832,7.761939,-16.483850
229.000000,-2358.179932,-1257.368042,78.771278,0.308533,0.002763,-49.895673,-1.763846,1.520191,5.890979,9.721513,-7.734517,-0.651101,1.959824,-7.280281,-19.488058,12.904390,-10.770785,4.278348,0.402667,0.754928,0.519837,-4.179288,16.532930,-37.278576,60.937660,11.860050,6.840426,-0.611308,2.453450,-17.326408,36.676224,67.538658,-9.780133,7.854466,-16.039576
230.000000,-2358.163574,-1257.537476,78.757965,0.394109,-0.040502,-50.038515,-1.494897,1.520812,5.993914,9.499040,-7.732166,-0.719541,2.078933,-7.277668,-19.439445,12.894327,-10.929233,4.255088,0.350841,0.767239,0.512842,-4.122826,16.447651,-37.344440,61.186195,11.550303,6.658251,-0.548428,2.417020,-17.277756,36.674198,67.535629,-9.788919,7.908687,-15.695215
231.000000,-2358.156250,-1257.691895,78.741501,0.476040,-0.057168,-50.171895,-1.210465,1.523058,6.115635,9.279288,-7.753143,-0.808213,2.195181,-7.279467,-19.389668,12.907618,-11.156231,4.221871,0.279250,0.767209,0.482510,-4.041665,16.362616,-37.459698,61.512257,11.130486,6.431736,-0.495546,2.340432,-17.217947,36.671375,67.510887,-9.800526,7.966659,-15.228505
232.000000,-2358.161133,-1257.829712,78.721710,0.551644,-0.047146,-50.290645,-1.036500,1.532002,6.222692,9.167705,-7.808744,-0.892334,2.255849,-7.280133,-19.358778,12.926079,-11.386287,4.182709,0.215644,0.762397,0.447707,-3.975733,16.319345,-37.603683,61.795689,10.740045,6.222208,-0.454478,2.225632,-17.191965,36.668888,67.417694,-9.811203,8.006275,-14.767022
233.000000,-2358.176758,-1257.949219,78.700783,0.609036,-0.043335,-50.377528,-0.956773,1.557224,6.291285,9.192114,-7.914481,-0.974829,2.325748,-7.264438,-19.393032,12.897937,-11.599396,4.132880,0.180423,0.772643,0.435953,-3.972240,16.325943,-37.655659,62.022472,10.364324,6.005829,-0.344652,2.102922,-17.187960,36.670467,67.279617,-9.806200,8.034025,-14.356423
234.000000,-2358.195801,-1258.056763,78.682053,0.644811,-0.059507,-50.417972,-0.913293,1.602448,6.305062,9.311917,-8.054166,-1.061104,2.459056,-7.227306,-19.545172,12.805121,-11.770362,4.072337,0.183310,0.809177,0.435282,-3.973595,16.340977,-37.663425,62.210152,10.102473,5.756426,-0.213352,2.007061,-17.186205,36.711128,67.128685,-9.709149,8.074075,-13.971467
235.000000,-2358.218262,-1258.160278,78.663658,0.683876,-0.088354,-50.437219,-0.881573,1.630735,6.297801,9.404456,-8.149515,-1.120571,2.569168,-7.204430,-19.680315,12.735818,-11.889336,4.029231,0.185315,0.841067,0.435186,-3.972110,16.357401,-37.668026,62.325172,9.964664,5.605115,-0.127249,1.926178,-17.182074,36.782349,67.037735,-9.581939,8.102934,-13.686140
236.000000,-2358.245605,-1258.260376,78.644531,0.738780,-0.122229,-50.452335,-0.817785,1.649711,6.287818,9.487071,-8.249136,-1.194724,2.715637,-7.192331,-19.865988,12.654402,-12.058734,3.976049,0.185585,0.873009,0.433446,-3.946908,16.389206,-37.696438,62.480934,9.857766,5.457922,-0.042954,1.806522,-17.155809,36.875854,66.949417,-9.431455,8.140671,-13.308808
237.000000,-2358.282959,-1258.358154,78.623901,0.807638,-0.157628,-50.446682,-0.754760,1.647250,6.257202,9.531771,-8.318986,-1.270240,2.860487,-7.198163,-20.086573,12.568398,-12.251414,3.923674,0.182754,0.869578,0.421377,-3.905710,16.441454,-37.726978,62.637215,9.701650,5.333634,0.082924,1.690914,-17.091761,36.967247,66.896957,-9.343327,8.181601,-12.940928
238.000000,-2358.330322,-1258.451416,78.601562,0.893954,-0.198725,-50.435586,-0.675342,1.627591,6.222865,9.544912,-8.365101,-1.346125,3.015726,-7.210619,-20.266073,12.468953,-12.461877,3.876144,0.182934,0.825119,0.416535,-3.862505,16.522343,-37.779591,62.783020,9.573766,5.251788,0.241907,1.551702,-16.997770,37.147442,66.889183,-9.298431,8.253238,-12.591163
239.000000,-2358.390625,-1258.543457,78.575233,1.005206,-0.241347,-50.427155,-0.591080,1.585362,6.196668,9.536582,-8.391516,-1.420982,3.173734,-7.236676,-20.407093,12.349504,-12.703678,3.825323,0.181761,0.725680,0.414454,-3.812541,16.637728,-37.860249,62.908512,9.504929,5.228076,0.403115,1.406047,-16.859863,37.306038,66.888367,-9.282403,8.343882,-12.265309
240.000000,-2358.456543,-1258.626953,78.546272,1.130712,-0.281380,-50.418978,-0.519315,1.521857,6.172752,9.533692,-8.410860,-1.491680,3.341609,-7.274009,-20.526463,12.190487,-12.970323,3.773842,0.176709,0.588010,0.414865,-3.757248,16.774082,-37.946243,63.008976,9.466208,5.223459,0.569094,1.266541,-16.698023,37.428341,66.889603,-9.272663,8.427613,-11.949710
241.000000,-2358.525391,-1258.700562,78.519699,1.244742,-0.315675,-50.420319,-0.465391,1.462794,6.157327,9.535175,-8.424763,-1.560180,3.492857,-7.300151,-20.600895,12.018371,-13.218218,3.701247,0.176283,0.454624,0.414610,-3.719160,16.896347,-38.003391,63.116123,9.436599,5.221439,0.722080,1.146095,-16.534920,37.493725,66.893341,-9.265783,8.493101,-11.642574
242.000000,-2358.583008,-1258.759277,78.514359,1.263439,-0.353830,-50.423659,-0.426979,1.492939,6.135920,9.539788,-8.431443,-1.609619,3.563755,-7.252549,-20.619057,11.958797,-13.272487,3.599974,0.172865,0.448987,0.415832,-3.703946,16.921741,-38.035332,63.239433,9.412457,5.222321,0.848715,1.082138,-16.443645,37.506809,66.897644,-9.259181,8.527104,-11.402096
243.000000,-2358.630371,-1258.808350,78.516426,1.258670,-0.399649,-50.443148,-0.357556,1.563366,6.127461,9.531377,-8.431442,-1.666520,3.646122,-7.167105,-20.619398,11.900065,-13.271292,3.515730,0.174290,0.487115,0.417064,-3.674720,16.923960,-38.079018,63.371796,9.376868,5.227154,0.978040,1.043819,-16.363907,37.512718,66.903740,-9.249689,8.561649,-11.080932
244.000000,-2358.673584,-1258.849609,78.519234,1.256387,-0.444650,-50.470116,-0.272133,1.622441,6.129466,9.485909,-8.411345,-1.718977,3.730851,-7.090200,-20.612919,11.824286,-13.255527,3.453903,0.177158,0.508671,0.415622,-3.655725,16.919281,-38.087177,63.433979,9.362491,5.234232,1.074217,1.037730,-16.289198,37.517448,66.920540,-9.245709,8.630115,-10.760427
245.000000,-2358.713623,-1258.880493,78.521385,1.255227,-0.479873,-50.509722,-0.197454,1.668471,6.143251,9.430661,-8.386193,-1.760790,3.786462,-7.030456,-20.594950,11.768867,-13.245421,3.400542,0.177895,0.507884,0.413274,-3.648031,16.914116,-38.091705,63.478695,9.354392,5.241742,1.114731,1.037349,-16.216381,37.522331,66.952209,-9.244493,8.719967,-10.464005
246.000000,-2358.751465,-1258.902710,78.523346,1.250307,-0.507280,-50.558219,-0.124621,1.722624,6.169804,9.368942,-8.357303,-1.807034,3.826337,-6.963426,-20.562290,11.716846,-13.234098,3.336653,0.175675,0.494414,0.411808,-3.644538,16.913189,-38.095779,63.527954,9.343381,5.250323,1.132911,1.039549,-16.128937,37.530758,66.997261,-9.244107,8.847650,-10.092716
247.000000,-2358.781982,-1258.915161,78.525276,1.242215,-0.470252,-50.605704,-0.174783,1.773063,6.209923,9.403537,-8.362920,-1.827239,3.800848,-6.906355,-20.539120,11.643387,-13.205149,3.301370,0.202748,0.474764,0.356999,-3.635647,16.909834,-38.078979,63.560547,9.362303,5.257943,1.160205,1.081062,-16.044075,37.562347,67.066605,-9.250446,8.975133,-9.780026
248.000000,-2358.804443,-1258.912476,78.528618,1.225750,-0.373160,-50.681781,-0.283515,1.814910,6.270873,9.463296,-8.377357,-1.830612,3.719471,-6.864771,-20.505148,11.583227,-13.166379,3.280629,0.269645,0.459261,0.298523,-3.621215,16.902258,-38.005814,63.567986,9.398764,5.263053,1.209921,1.148897,-15.967069,37.588058,67.132263,-9.260046,9.084505,-9.569900
249.000000,-2358.821777,-1258.892334,78.533745,1.193958,-0.238565,-50.789380,-0.475389,1.883051,6.390111,9.560431,-8.402445,-1.833179,3.558233,-6.800143,-20.428493,11.495190,-13.085845,3.239422,0.392131,0.446532,0.251337,-3.599352,16.886103,-37.864613,63.578957,9.542221,5.278537,1.336052,1.246254,-15.850781,37.635166,67.212883,-9.300278,9.266926,-9.278229
250.000000,-2358.830566,-1258.862915,78.539421,1.147810,-0.079477,-50.894854,-0.701567,1.955212,6.504865,9.688909,-8.442327,-1.833187,3.385514,-6.730165,-20.355785,11.390605,-12.985891,3.193250,0.520700,0.431318,0.227419,-3.572736,16.873089,-37.746254,63.589447,9.836224,5.316220,1.514365,1.354473,-15.747738,37.760189,67.254028,-9.398091,9.452171,-8.993599
251.000000,-2358.828857,-1258.828735,78.546036,1.093032,0.063173,-50.995197,-0.976035,2.043088,6.628489,9.856614,-8.499747,-1.829937,3.211268,-6.633288,-20.276255,11.205413,-12.832080,3.145091,0.702990,0.405307,0.232989,-3.545547,16.858002,-37.542664,63.602493,10.264519,5.373118,1.769394,1.515319,-15.621527,37.931961,67.271889,-9.531156,9.694429,-8.626463
252.000000,-2358.818359,-1258.795044,78.552155,1.040753,0.227908,-51.075534,-1.242119,2.109204,6.706635,10.006162,-8.550452,-1.825488,3.051858,-6.550420,-20.217020,11.021801,-12.686774,3.107607,0.929826,0.351270,0.207141,-3.526009,16.840488,-37.353256,63.618114,10.762833,5.495326,2.012549,1.656211,-15.507858,38.093136,67.294090,-9.607562,9.931621,-8.236523
253.000000,-2358.801270,-1258.752686,78.558189,0.996058,0.383838,-51.110948,-1.499223,2.141645,6.735828,10.136872,-8.583582,-1.809354,2.907544,-6.499737,-20.200663,10.862215,-12.554687,3.086452,1.182128,0.261811,0.197437,-3.545785,16.828194,-37.154137,63.623863,11.264513,5.628531,2.210980,1.697141,-15.424373,38.273136,67.339622,-9.639282,10.142480,-7.853589
254.000000,-2358.773193,-1258.708252,78.563385,0.964544,0.502295,-51.106537,-1.699439,2.138570,6.739144,10.224216,-8.599357,-1.776647,2.806807,-6.485425,-20.217867,10.731937,-12.443467,3.082994,1.441153,0.134817,0.196315,-3.620298,16.827501,-37.091072,63.647068,11.705948,5.779457,2.402906,1.659623,-15.391737,38.482464,67.383018,-9.639707,10.284872,-7.555719
255.000000,-2358.736328,-1258.667480,78.566452,0.948094,0.576501,-51.130988,-1.785723,2.123438,6.763393,10.262246,-8.610106,-1.742700,2.751445,-6.495122,-20.205475,10.682052,-12.390149,3.090137,1.618067,0.023884,0.196353,-3.669082,16.809162,-37.071754,63.747669,11.942284,5.884546,2.534829,1.569923,-15.388038,38.622761,67.424606,-9.632115,10.357291,-7.400457
256.000000,-2358.690674,-1258.629639,78.563210,0.958188,0.580214,-51.112613,-1.861419,2.065699,6.781375,10.343706,-8.650578,-1.668999,2.693518,-6.562146,-20.196426,10.724795,-12.389788,3.120372,1.871126,-0.214878,0.220339,-3.786145,16.787161,-36.992401,64.028282,12.166348,6.105321,2.725544,1.364960,-15.369950,38.784458,67.468102,-9.613846,10.454347,-7.218927
257.000000,-2358.627441,-1258.606934,78.554497,1.004573,0.466761,-50.975897,-1.775427,1.923329,6.681308,10.381043,-8.692451,-1.576458,2.793069,-6.719907,-20.302351,10.885300,-12.516884,3.202844,1.923066,-0.524177,0.289293,-3.902603,16.765656,-36.894291,64.405190,12.452385,6.416998,2.822438,1.115379,-15.295540,38.815895,67.533890,-9.590837,10.536562,-7.156079
258.000000,-2358.532715,-1258.606445,78.540512,1.075218,0.251220,-50.780689,-1.499004,1.715209,6.525998,10.338445,-8.735795,-1.473689,3.074100,-6.937645,-20.471916,11.065356,-12.716243,3.335007,1.929117,-0.910151,0.356619,-3.964245,16.713472,-36.827816,64.922585,12.979600,6.740047,2.920233,0.873429,-15.126563,38.819351,67.745872,-9.576240,10.598024,-7.149800
259.000000,-2358.417236,-1258.618896,78.520599,1.163562,0.023947,-50.690369,-1.236189,1.547549,6.459597,10.297158,-8.794823,-1.390732,3.261821,-7.135070,-20.541656,11.312772,-12.927766,3.445962,2.027292,-1.236260,0.372510,-3.998735,16.686069,-36.751251,65.348068,13.435121,6.974738,3.019867,0.710954,-14.951841,38.818668,67.975662,-9.573668,10.652887,-7.149842
260.000000,-2358.264648,-1258.635742,78.492043,1.282048,-0.223080,-50.803435,-0.825449,1.344690,6.573188,10.222286,-8.906775,-1.277074,3.392488,-7.421977,-20.426453,11.797909,-13.263617,3.595877,2.361026,-1.671322,0.386598,-3.909848,16.590229,-36.737457,65.940224,14.111722,7.238813,3.069426,0.536218,-14.740395,38.817543,68.211998,-9.620025,10.753316,-7.144421
261.000000,-2358.097168,-1258.644531,78.456955,1.415001,-0.425466,-51.020540,-0.328142,1.087373,6.845518,10.117441,-9.068352,-1.137698,3.379359,-7.829865,-20.143436,12.614299,-13.764345,3.783624,2.926092,-2.244538,0.392573,-3.726101,16.519129,-36.500187,66.566978,14.877497,7.610608,3.179849,0.322291,-14.529606,38.783249,68.346657,-9.799143,10.888437,-7.099826
262.000000,-2357.907471,-1258.643188,78.417068,1.532798,-0.596194,-51.171104,0.047950,0.836369,7.088461,10.102221,-9.266232,-1.010506,3.304073,-8.229415,-19.881029,13.410927,-14.236341,3.966966,3.358288,-2.775688,0.413082,-3.341258,16.459116,-36.343670,66.997307,15.598944,8.008462,3.186355,-0.002275,-14.404622,38.710773,68.360306,-10.075867,10.971663,-7.011093
263.000000,-2357.705566,-1258.623657,78.373077,1.640980,-0.733401,-51.202915,0.267508,0.551200,7.194402,10.277157,-9.547924,-0.830173,3.260030,-8.652518,-19.757195,14.138503,-14.682848,4.202060,3.707654,-3.273589,0.466006,-2.879027,16.379257,-36.330757,67.242424,16.082497,8.514170,3.135887,-0.452292,-14.358722,38.703873,68.360703,-10.319201,11.052542,-6.969060
264.000000,-2357.509521,-1258.594360,78.330650,1.760589,-0.846858,-51.158847,0.386821,0.293539,7.210436,10.421805,-9.750560,-0.664325,3.229985,-9.010014,-19.731710,14.678000,-15.022634,4.411393,3.998217,-3.658434,0.537125,-2.647230,16.411375,-36.279842,67.325592,16.192194,8.930593,3.156048,-0.867295,-14.371050,38.700825,68.295128,-10.397899,11.172868,-6.962521
265.000000,-2357.276611,-1258.557373,78.284698,1.892251,-0.968456,-51.133796,0.570370,-0.056799,7.249896,10.551948,-9.991773,-0.434434,3.217958,-9.474160,-19.681641,15.301320,-15.423782,4.694252,4.425581,-4.130425,0.651446,-2.385173,16.419626,-36.269543,67.500809,16.211456,9.273194,3.136575,-1.476535,-14.453945,38.695271,68.065475,-10.424437,11.333368,-6.964754
266.000000,-2357.017822,-1258.514648,78.231659,2.026737,-1.040159,-51.122341,0.684781,-0.400075,7.310842,10.729687,-10.259879,-0.202422,3.137806,-9.936815,-19.603018,15.941623,-15.815321,4.966488,4.883327,-4.572913,0.726737,-2.136700,16.404251,-36.267273,67.721786,16.214540,9.516024,3.116707,-2.135791,-14.570650,38.692379,67.736000,-10.475811,11.451322,-7.000187
267.000000,-2356.721436,-1258.466797,78.165909,2.175122,-1.098420,-51.200271,0.801230,-0.814286,7.462612,10.984465,-10.620384,0.064631,2.937370,-10.523791,-19.417782,16.852098,-16.325674,5.273052,5.479209,-5.110759,0.827929,-1.853505,16.392845,-36.275932,67.979691,16.146599,9.796484,3.079958,-3.071198,-14.695713,38.693714,67.169121,-10.566091,11.527781,-7.188814
268.000000,-2356.408936,-1258.431274,78.093376,2.319062,-1.148134,-51.228276,0.905701,-1.219451,7.617750,11.268983,-11.012102,0.312738,2.724450,-11.109250,-19.229111,17.786404,-16.832659,5.574924,5.958365,-5.665611,0.907210,-1.475683,16.433475,-36.280972,68.065453,16.055319,10.126995,2.994691,-4.127426,-14.700356,38.660706,66.529198,-10.585914,11.475698,-7.588680
269.000000,-2356.072021,-1258.416992,78.011932,2.496366,-1.219192,-51.194419,1.074348,-1.679704,7.689381,11.477166,-11.373470,0.543019,2.525304,-11.769508,-19.145910,18.850809,-17.390032,5.888166,6.257398,-6.273903,0.954810,-1.060089,16.528187,-36.234341,68.070557,16.010933,10.412957,2.883481,-5.176989,-14.583302,38.452621,65.807243,-10.496779,11.251025,-8.071856
270.000000,-2355.738770,-1258.412354,77.945976,2.586034,-1.344747,-51.186317,1.220014,-1.933787,7.739338,11.602514,-11.610105,0.684347,2.262313,-12.203046,-19.049620,19.861732,-17.705456,6.064594,6.473199,-6.643379,0.984470,-0.943706,16.677221,-36.128101,68.070953,15.830882,10.594343,2.902384,-5.841396,-14.433234,38.190224,65.335373,-10.313901,11.014731,-8.429770
271.000000,-2355.398926,-1258.408813,77.925819,2.435398,-1.564347,-51.182142,1.570831,-2.084260,7.776234,11.905293,-12.071384,0.906090,1.668449,-12.731532,-18.791904,22.089748,-17.782393,6.310152,6.729779,-6.939802,1.099332,-0.798526,16.845875,-36.099579,68.108383,15.564221,10.831683,2.754770,-6.920604,-14.111540,37.710827,64.682999,-9.912519,10.555314,-9.033660
272.000000,-2355.008301,-1258.420044,77.935555,2.150296,-1.798090,-51.114277,1.953113,-2.027777,7.701391,12.187721,-12.507617,1.126475,0.816365,-13.098271,-18.400476,24.839121,-17.332102,6.505139,6.885422,-6.963151,1.132380,-0.638292,16.865124,-36.142193,68.149757,15.420051,10.994725,2.456018,-7.686646,-13.843669,37.436764,63.938408,-9.548034,10.179205,-9.568497
273.000000,-2354.604004,-1258.455688,77.952087,1.815874,-1.965006,-50.773946,2.213238,-1.954526,7.352632,12.532876,-12.942151,1.353012,-0.137353,-13.465922,-18.141771,27.798504,-16.533218,6.704113,6.897683,-6.967910,1.037071,-0.534103,16.867388,-36.246223,68.152336,15.378507,11.089023,2.020317,-8.133895,-13.690172,37.382465,62.884365,-9.278545,9.845653,-9.985913
274.000000,-2354.222168,-1258.512085,77.959869,1.505014,-2.142047,-50.444456,2.495373,-1.874960,6.952935,12.886924,-13.400908,1.534707,-1.139538,-13.839616,-17.873419,30.873892,-15.508487,6.834652,6.965334,-7.020527,0.983008,-0.539043,16.960567,-36.307796,68.116524,15.207762,11.166492,1.632781,-8.456632,-13.566535,37.375629,61.900143,-8.953681,9.394544,-10.338136
275.000000,-2353.824951,-1258.595215,77.952637,1.198333,-2.376761,-50.190576,2.733652,-1.813741,6.747409,13.127269,-13.739173,1.639915,-1.848621,-14.060905,-17.567242,32.966652,-14.752236,6.758132,7.059629,-7.078914,0.991914,-0.555361,17.102081,-36.384350,68.043594,14.972742,11.148022,1.357298,-8.703778,-13.449514,37.316666,61.382004,-8.702736,9.083918,-10.540452
276.000000,-2353.445312,-1258.705078,77.925537,0.947376,-2.563622,-49.969858,3.097760,-1.743692,6.416312,13.562187,-14.329176,1.810147,-3.075418,-14.373948,-16.927324,36.362495,-13.577905,6.052421,7.134943,-7.197474,1.030186,-0.584020,17.394192,-36.517239,67.909935,14.528748,11.013402,0.920776,-9.164964,-13.199229,37.048313,60.633217,-8.481135,8.718415,-10.848010
277.000000,-2353.069824,-1258.862915,77.895538,0.652324,-2.685346,-49.669187,3.334572,-1.659156,5.977860,14.065434,-14.947395,1.963469,-4.228457,-14.424376,-16.264437,39.075611,-13.256048,4.893573,7.102832,-7.306489,1.026256,-0.630556,17.714495,-36.543793,67.737404,14.166986,10.822105,0.568410,-9.546919,-12.960271,36.666950,59.914574,-8.466365,8.413095,-11.188665
278.000000,-2352.723877,-1259.039795,77.874466,0.342523,-2.716959,-49.552446,3.500735,-1.463217,5.664783,14.515705,-15.542909,2.059942,-5.662521,-14.056158,-15.774415,40.562252,-14.300091,3.925617,7.105552,-7.314120,0.983797,-0.713649,18.006029,-36.564930,67.572296,13.906251,10.615731,0.292134,-9.952785,-12.757540,36.106182,59.441044,-8.479133,7.913550,-11.563827
279.000000,-2352.395020,-1259.227905,77.861717,-0.041589,-2.808443,-49.357767,3.698663,-1.161053,5.338750,15.026112,-16.162867,2.092147,-7.251866,-13.561483,-15.842037,41.312283,-15.720398,3.210150,6.912238,-7.157292,1.124055,-0.876211,18.230579,-36.569775,67.430435,13.631427,10.498150,0.056362,-10.441042,-12.618519,35.251965,59.203693,-8.488748,7.345455,-11.962077
280.000000,-2352.065918,-1259.446045,77.858238,-0.479156,-2.938989,-49.007785,3.902258,-0.826157,4.908735,15.519680,-16.722857,2.097197,-8.707935,-13.011233,-16.200361,41.385113,-16.630096,2.733469,6.510704,-6.874990,1.361635,-1.079939,18.441113,-36.601421,67.144623,13.385910,10.477008,-0.192594,-10.848528,-12.633612,34.493431,59.126705,-8.482912,6.903078,-12.434574
281.000000,-2351.720459,-1259.716309,77.851097,-0.875058,-2.983944,-48.643226,4.089035,-0.523946,4.512825,15.904516,-17.214537,2.096904,-10.222125,-12.461238,-16.527889,41.192013,-17.067257,2.347104,6.120246,-6.591394,1.520713,-1.313123,18.665577,-36.713734,66.771347,13.191302,10.473351,-0.432518,-11.087388,-12.795616,33.948757,59.024731,-8.461802,6.600520,-12.949417
282.000000,-2351.355713,-1260.038818,77.839973,-1.209735,-3.049421,-48.234068,4.429688,-0.213948,4.066925,16.181690,-17.708498,2.062662,-11.857972,-11.893025,-17.102467,40.315010,-17.024401,1.977604,5.619135,-6.243600,1.692916,-1.637158,18.965132,-37.063343,66.253052,12.757410,10.471364,-0.694167,-11.164942,-13.200150,33.586277,58.850204,-8.407090,6.349255,-13.583818
283.000000,-2350.980957,-1260.402832,77.820190,-1.502723,-3.001221,-47.804583,4.745979,0.074683,3.647901,16.388872,-18.153538,1.954890,-13.189570,-11.359852,-17.953234,38.296631,-16.504467,1.693049,4.992303,-5.866851,1.681588,-1.861812,19.388805,-37.654835,65.560600,11.906914,10.462030,-1.063480,-11.070848,-13.730271,33.451622,58.785114,-8.277842,6.125086,-14.208703
284.000000,-2350.593506,-1260.821899,77.787338,-1.751834,-2.856009,-47.542073,5.002713,0.374916,3.406773,16.536530,-18.578688,1.795821,-14.329185,-10.519786,-18.458099,35.128407,-15.100354,1.378948,4.436998,-5.438107,1.544974,-1.989054,19.947069,-38.157314,64.553185,11.302687,10.449950,-1.583297,-10.830871,-14.259501,33.101570,58.679089,-8.105433,6.026212,-14.867932
285.000000,-2350.220215,-1261.278076,77.736923,-1.905702,-2.780231,-47.424728,5.482340,0.615839,3.360195,16.437981,-18.950895,1.630100,-15.255944,-9.496131,-18.549603,31.765781,-13.048298,0.996754,3.998772,-5.020283,1.514864,-2.150827,20.494877,-38.334942,63.606571,10.841777,10.393990,-2.048253,-10.576975,-14.769971,32.726238,58.561047,-8.033160,5.966640,-15.538463
286.000000,-2349.857422,-1261.780396,77.668503,-1.951474,-2.750027,-47.372541,6.189057,0.768472,3.406907,16.082539,-19.266512,1.452338,-15.963519,-8.449007,-18.431339,28.596390,-10.525875,0.527461,3.618150,-4.663250,1.519819,-2.370244,20.959929,-38.353798,62.891441,10.525908,10.333032,-2.399041,-10.290474,-15.256204,32.488430,58.511196,-8.014458,5.877191,-16.179577
287.000000,-2349.495850,-1262.346924,77.573967,-1.902729,-2.674386,-47.250064,6.687720,0.835571,3.436831,15.852921,-19.522261,1.288590,-16.349684,-7.748549,-18.386015,26.402822,-8.517154,0.096526,3.340700,-4.451833,1.463538,-2.569340,21.239500,-38.325050,62.486645,10.398021,10.309950,-2.616418,-10.002145,-15.608217,32.405460,58.537968,-7.982742,5.755196,-16.644146
288.000000,-2349.142578,-1262.970825,77.452927,-1.776184,-2.637462,-47.075666,7.309194,0.881629,3.567956,15.734127,-19.923857,0.998460,-16.613064,-6.894245,-18.285465,23.811310,-6.198672,-0.590203,3.103158,-4.251259,1.378819,-2.936874,21.525736,-38.234257,62.038788,10.335841,10.290652,-2.870443,-9.464673,-16.090040,32.391102,58.701797,-7.916077,5.519843,-17.245802
289.000000,-2348.770752,-1263.676880,77.295349,-1.656607,-2.569972,-46.688494,7.880085,1.012613,3.994880,15.779014,-20.465345,0.597624,-16.506575,-6.124559,-18.385525,21.976383,-4.912970,-1.377724,2.915848,-4.035685,1.204905,-3.336415,21.694881,-38.186859,61.661251,10.328317,10.258596,-3.058705,-8.785662,-16.514774,32.394897,59.042610,-7.847540,5.340961,-17.782635
290.000000,-2348.383545,-1264.437622,77.098778,-1.557300,-2.522082,-45.935128,8.415234,1.227424,4.488202,15.920151,-21.262613,0.176789,-15.960424,-5.413506,-18.436035,21.019678,-4.684871,-2.532631,2.405628,-3.755890,0.899025,-3.623766,21.760149,-38.058369,61.342472,10.354365,10.114676,-3.187060,-7.955190,-16.895887,32.393143,59.439159,-7.626434,5.154287,-18.278250
291.000000,-2347.979736,-1265.171143,76.958527,-1.596584,-2.577161,-45.222703,9.022183,1.569800,4.688159,16.183943,-21.957899,-0.145582,-15.319837,-5.026471,-18.146292,21.073177,-2.804764,-3.034067,1.829420,-3.202617,0.663589,-3.807116,21.649834,-37.959396,61.184536,10.373072,9.785718,-3.211246,-7.059765,-17.316236,32.377254,59.943996,-7.275772,4.872227,-18.686422
292.000000,-2347.547607,-1265.900879,76.934555,-1.927156,-2.618907,-44.953993,9.521098,2.163563,5.227075,16.402786,-22.280489,-0.510054,-14.865919,-4.717141,-18.356102,21.565619,-3.182897,-3.057097,1.653042,-2.428205,0.513704,-3.848029,21.461384,-37.945793,61.099201,10.381626,9.472717,-3.205342,-6.399655,-17.669437,32.376698,60.423115,-7.033001,4.682937,-18.935713
293.000000,-2347.151855,-1266.655396,77.050575,-2.107905,-2.588756,-45.003929,9.957506,2.853138,6.016802,16.925140,-21.947027,-0.987991,-14.092693,-4.187779,-18.480959,21.546570,-4.074084,-3.042476,1.713065,-1.581051,0.386803,-3.825606,21.323259,-37.903633,60.882610,10.384676,9.108117,-3.200323,-5.611640,-17.998865,32.460957,61.078773,-6.675641,4.556405,-19.204594
294.000000,-2346.820068,-1267.372925,77.251518,-2.075115,-2.479548,-45.110575,10.147691,3.244443,6.582027,17.564575,-20.847858,-1.396580,-13.112445,-3.744249,-18.476442,20.715851,-4.475985,-3.021383,1.803021,-1.081277,0.355512,-3.780180,21.301365,-37.700298,60.447739,10.381619,8.880624,-3.198132,-4.943192,-18.238571,32.800274,61.700504,-6.093356,4.513800,-19.438940
295.000000,-2346.523682,-1268.079468,77.489883,-1.958708,-2.263862,-45.140436,10.111044,3.494300,6.909474,18.182224,-19.399536,-1.717237,-12.030654,-3.358057,-18.520868,19.297211,-4.463324,-2.985986,1.801076,-0.762125,0.319548,-3.753284,21.295780,-37.251221,59.951530,10.378746,8.664856,-3.193932,-4.315163,-18.455975,33.359505,62.203594,-5.519625,4.511806,-19.698734
296.000000,-2346.269531,-1268.758057,77.723877,-1.732675,-1.986076,-45.042919,9.711073,3.626441,7.106201,19.166147,-17.864260,-1.974814,-11.033756,-3.152135,-18.630909,17.830795,-4.362501,-2.956045,1.674001,-0.644478,0.322864,-3.755318,21.303129,-36.563145,59.430046,10.384279,8.434604,-3.172458,-3.783398,-18.615538,33.940643,62.654079,-5.286889,4.520133,-19.858946
297.000000,-2346.022705,-1269.408447,77.937004,-1.455767,-1.730499,-44.810137,9.267292,3.659788,7.086660,20.124235,-16.754145,-2.119082,-10.324149,-3.104021,-18.753099,16.836681,-4.316736,-2.940510,1.474000,-0.604416,0.374465,-3.762675,21.265104,-35.984039,59.094013,10.408167,8.242282,-3.121317,-3.465282,-18.714539,34.281811,62.994946,-5.274991,4.533578,-19.893768
298.000000,-2345.749756,-1270.001587,78.113914,-1.160547,-1.460849,-44.496097,8.815260,3.526209,6.770129,20.696453,-16.285244,-2.293525,-9.495752,-3.156324,-18.906610,15.774179,-4.359969,-2.883817,1.140481,-0.515111,0.409576,-3.776399,21.077036,-35.325500,58.840225,10.500740,7.956353,-2.998883,-3.056389,-18.881952,34.569313,63.426083,-5.282083,4.552331,-19.896744
299.000000,-2345.479980,-1270.490845,78.245911,-0.940803,-1.229919,-43.998509,8.220699,3.295816,6.215714,19.683893,-17.060783,-2.479111,-8.825012,-3.324404,-19.220787,14.997302,-4.509004,-2.747452,0.653738,-0.302049,0.417206,-3.815386,20.752966,-34.911743,58.654144,10.713308,7.662854,-2.823317,-2.694093,-19.136955,34.796925,63.879116,-5.298181,4.564366,-19.864784
300.000000,-2345.218018,-1270.914185,78.352394,-0.737618,-1.152943,-43.652466,7.513726,3.261708,6.180499,18.089838,-18.018093,-2.496249,-8.143986,-3.492500,-19.424477,14.443264,-4.711376,-2.586515,0.422516,-0.078781,0.626503,-3.878552,20.367126,-34.535889,58.380692,11.006136,7.355941,-2.624707,-2.361554,-19.392714,34.972286,64.356728,-5.320369,4.598004,-19.723272
301.000000,-2344.958008,-1271.285767,78.441620,-0.565107,-1.106106,-43.584942,6.692716,3.395123,6.564736,16.370892,-17.857012,-2.494072,-7.554316,-3.552092,-19.369547,13.940102,-4.829393,-2.452359,0.503901,0.090161,0.800293,-3.833266,20.012478,-34.201466,58.085407,11.219616,7.036647,-2.390650,-2.028852,-19.541475,35.120155,64.835648,-5.337953,4.645034,-19.402544
302.000000,-2344.688721,-1271.610596,78.511513,-0.432534,-1.037637,-43.744636,5.719088,3.542151,6.811026,14.663128,-16.502142,-2.508690,-7.093427,-3.530740,-19.106052,13.507848,-4.911411,-2.335164,0.682256,0.223657,0.862107,-3.617080,19.697527,-33.829929,57.782303,11.383230,6.743440,-2.120889,-1.700131,-19.567865,35.191593,65.291992,-5.449165,4.690804,-18.959015
303.000000,-2344.405762,-1271.883179,78.557220,-0.394209,-0.994314,-43.967305,4.717222,3.747486,6.871519,12.843612,-14.031466,-2.614929,-6.678263,-3.428490,-18.810051,13.117741,-4.976459,-2.193671,0.738908,0.387376,0.855210,-3.300980,19.410170,-33.488144,57.538876,11.443475,6.519141,-1.780835,-1.364613,-19.560013,35.293636,65.599487,-5.540339,4.720195,-18.497471
304.000000,-2344.108398,-1272.110229,78.588699,-0.394778,-1.031315,-44.276492,3.881294,3.910764,6.899446,11.708349,-13.228146,-2.690556,-6.237112,-3.306670,-18.472395,12.806040,-5.065391,-2.016288,0.757731,0.525759,0.850790,-3.063514,19.126019,-33.354710,57.452133,11.313717,6.383681,-1.400006,-0.977975,-19.533648,35.534054,65.828667,-5.560404,4.741735,-18.047211
305.000000,-2343.790283,-1272.318481,78.607765,-0.484512,-0.970006,-44.617394,3.407547,4.067169,7.001003,11.292037,-10.681506,-2.846834,-5.984359,-3.149134,-18.244801,12.520823,-5.092949,-1.885498,0.722382,0.650557,0.636200,-2.871529,18.906290,-33.336472,57.444443,11.157769,6.341005,-1.115598,-0.590346,-19.495600,35.765656,65.976746,-5.572460,4.775382,-17.710297
306.000000,-2343.461670,-1272.536499,78.635445,-0.529663,-0.829465,-45.040619,3.443241,4.171856,7.338168,11.652737,-10.885902,-2.888714,-5.679961,-2.956101,-17.806002,12.154761,-5.131480,-1.721406,0.779268,0.681096,0.291565,-2.648057,18.651506,-33.332047,57.446949,10.929264,6.316533,-0.703922,0.002988,-19.353844,35.991920,66.157463,-5.653893,4.890316,-17.257441
307.000000,-2343.161621,-1272.736206,78.656891,-0.627921,-0.602885,-45.219762,3.691027,4.246149,7.590758,11.381737,-11.416550,-2.895618,-5.451047,-2.769188,-17.626743,11.646064,-5.118912,-1.584578,0.554976,0.654278,-0.211864,-2.494297,18.447140,-33.331551,57.453205,10.676778,6.241643,-0.268734,0.660068,-19.156626,36.054604,66.210190,-5.866417,5.097357,-16.789160
308.000000,-2342.949463,-1272.871216,78.670082,-0.681278,-0.505988,-45.378847,3.955435,4.312723,7.974087,11.144485,-11.706614,-2.907326,-5.244662,-2.645103,-17.488501,11.327200,-5.141757,-1.523164,0.253837,0.527801,-0.317531,-2.583539,18.341515,-33.331970,57.455997,10.419911,6.010126,0.223157,1.042078,-18.926140,36.057907,66.218155,-6.140991,5.365630,-16.345421
309.000000,-2342.787842,-1272.963867,78.680862,-0.719464,-0.538760,-45.610583,4.311029,4.368830,8.481292,10.939157,-11.824015,-2.920882,-4.989439,-2.535153,-17.275560,11.079288,-5.142721,-1.495692,0.013654,0.340726,-0.068970,-2.869070,18.267525,-33.340618,57.580303,10.195890,5.657522,0.733949,1.177543,-18.664082,36.058701,66.220169,-6.399416,5.682713,-15.953364
310.000000,-2342.648926,-1273.033691,78.686470,-0.764644,-0.544663,-45.818897,4.604274,4.421902,8.913359,10.738815,-11.884970,-2.930190,-4.792790,-2.428907,-17.093691,10.853594,-5.121482,-1.467579,-0.187413,0.181889,0.189828,-3.221565,18.145655,-33.366177,57.904823,9.899607,5.316165,1.181673,1.245623,-18.426338,36.062069,66.190208,-6.571918,5.994823,-15.642426
311.000000,-2342.510254,-1273.092285,78.685417,-0.832252,-0.500902,-45.996083,4.777818,4.467368,9.215353,10.576870,-11.933699,-2.933450,-4.692177,-2.352860,-16.998348,10.702146,-5.103335,-1.438390,-0.329298,0.107851,0.326814,-3.449598,18.015549,-33.382145,58.200073,9.698227,5.105142,1.470018,1.322179,-18.282036,36.063316,66.114243,-6.683245,6.220150,-15.464796
312.000000,-2342.368164,-1273.145996,78.678337,-0.920577,-0.436855,-46.153938,4.994697,4.548375,9.663445,10.326280,-12.022988,-2.931503,-4.585123,-2.237002,-16.897038,10.496917,-5.074983,-1.386822,-0.511156,0.083101,0.420822,-3.579801,17.834927,-33.394066,58.549969,9.628588,4.842663,1.828441,1.466510,-18.128731,36.061100,65.944267,-6.870816,6.491522,-15.267854
313.000000,-2342.231934,-1273.192139,78.667465,-1.010679,-0.401051,-46.274445,5.234119,4.623930,10.075660,10.041662,-12.122066,-2.923534,-4.473827,-2.133900,-16.834167,10.332036,-5.071080,-1.320589,-0.694216,0.106248,0.476738,-3.589952,17.660988,-33.416862,58.967247,9.611424,4.584396,2.146768,1.617164,-17.988638,36.057560,65.804947,-7.094290,6.673031,-15.079317
314.000000,-2342.099854,-1273.232056,78.653458,-1.100181,-0.386867,-46.385579,5.500234,4.688664,10.467883,9.755641,-12.224680,-2.913204,-4.367425,-2.053874,-16.785242,10.252772,-5.103499,-1.252106,-0.845235,0.149559,0.534376,-3.561557,17.508595,-33.514435,59.505104,9.596297,4.371060,2.428110,1.727759,-17.825611,36.054970,65.765350,-7.395031,6.798864,-14.869612
315.000000,-2341.976562,-1273.258667,78.636215,-1.218167,-0.353228,-46.447772,5.703316,4.780476,10.832419,9.519925,-12.376399,-2.901424,-4.269393,-1.952087,-16.772459,10.138351,-5.109646,-1.180351,-1.017834,0.255020,0.543300,-3.435082,17.438410,-33.740578,59.983646,9.511747,4.252842,2.673935,1.809746,-17.656771,36.052284,65.729912,-7.911336,6.908926,-14.639080
316.000000,-2341.862793,-1273.262695,78.613586,-1.347629,-0.310307,-46.510542,5.848639,4.885679,11.186012,9.335206,-12.584599,-2.882978,-4.227698,-1.847732,-16.767300,10.073092,-5.115596,-1.116202,-1.148569,0.432610,0.547102,-3.276940,17.425919,-34.047459,60.378841,9.305036,4.217929,2.836994,1.837043,-17.514200,36.050171,65.710670,-8.308408,6.957157,-14.387181
317.000000,-2341.755371,-1273.244019,78.585167,-1.490989,-0.275127,-46.568033,5.982214,4.991690,11.520640,9.153545,-12.827806,-2.858051,-4.231053,-1.750172,-16.762461,10.080741,-5.136748,-1.060208,-1.210948,0.665661,0.561369,-3.144511,17.424026,-34.386375,60.772480,9.073389,4.212584,2.963149,1.831354,-17.415186,36.047821,65.702461,-8.524655,6.966083,-14.103093
318.000000,-2341.658936,-1273.205322,78.553947,-1.628520,-0.256358,-46.607704,6.082731,5.061701,11.751186,9.010993,-13.022141,-2.825536,-4.256152,-1.691099,-16.761703,10.137148,-5.169569,-1.014046,-1.236020,0.863437,0.580799,-3.058469,17.424248,-34.664818,61.079060,8.970684,4.213101,3.060576,1.805504,-17.366640,36.046467,65.698776,-8.674584,6.969722,-13.858203
319.000000,-2341.565674,-1273.146973,78.518517,-1.771483,-0.250658,-46.625907,6.214969,5.134207,11.973983,8.819114,-13.285607,-2.766829,-4.311604,-1.636314,-16.769577,10.276746,-5.236606,-0.946779,-1.275361,1.135821,0.610204,-2.927224,17.426157,-35.025375,61.464581,8.933406,4.217768,3.197936,1.740822,-17.320930,36.044804,65.698845,-8.901025,6.973783,-13.505830
320.000000,-2341.484375,-1273.073486,78.481880,-1.920827,-0.246650,-46.637209,6.325675,5.201869,12.093349,8.645406,-13.565632,-2.702903,-4.383456,-1.582054,-16.780081,10.433064,-5.295848,-0.878862,-1.299782,1.415441,0.621775,-2.771307,17.428663,-35.364212,61.801052,8.903290,4.229401,3.316878,1.661521,-17.289648,36.043686,65.703346,-9.124345,6.977160,-13.151733
321.000000,-2341.422852,-1272.988281,78.451950,-2.044172,-0.255326,-46.672649,6.397734,5.270416,12.191873,8.520202,-13.843259,-2.615421,-4.464579,-1.521868,-16.778093,10.562317,-5.316679,-0.818627,-1.289181,1.668848,0.629796,-2.621659,17.434046,-35.655220,62.103943,8.866736,4.252919,3.395820,1.552470,-17.240021,36.045456,65.720757,-9.314567,6.980570,-12.819606
322.000000,-2341.385986,-1272.912964,78.449425,-2.056658,-0.299738,-46.756287,6.452424,5.228143,12.289834,8.502940,-13.904886,-2.508049,-4.505433,-1.557325,-16.697456,10.648518,-5.297078,-0.771497,-1.213763,1.723175,0.653490,-2.466431,17.469126,-35.872066,62.427589,8.849235,4.289148,3.454189,1.418314,-17.081474,36.051071,65.793877,-9.408232,6.983346,-12.503591
323.000000,-2341.364990,-1272.840454,78.452400,-2.051290,-0.339569,-46.807594,6.474780,5.168107,12.355347,8.522348,-13.912342,-2.422009,-4.534049,-1.614387,-16.637886,10.704193,-5.253879,-0.735096,-1.179002,1.707377,0.646911,-2.287538,17.515320,-36.082409,62.745098,8.838941,4.346733,3.495845,1.295285,-16.886683,36.072525,65.851677,-9.445833,6.984638,-12.203041
324.000000,-2341.359131,-1272.763184,78.454849,-2.042176,-0.378310,-46.822574,6.463386,5.106465,12.371122,8.559434,-13.921755,-2.337376,-4.575420,-1.686506,-16.626350,10.777212,-5.217235,-0.703919,-1.177311,1.665415,0.640522,-2.131698,17.553865,-36.313808,63.040695,8.832773,4.421509,3.522202,1.199832,-16.705179,36.136921,65.863220,-9.462966,6.983405,-11.925219
325.000000,-2341.362305,-1272.687256,78.456741,-2.034234,-0.414699,-46.828120,6.440918,5.049139,12.375033,8.596446,-13.934566,-2.255600,-4.616779,-1.755278,-16.628168,10.835639,-5.171857,-0.671195,-1.177957,1.616903,0.636979,-1.992757,17.570004,-36.539227,63.302525,8.832304,4.505667,3.533946,1.127119,-16.542053,36.220673,65.870201,-9.476965,6.980372,-11.657636
326.000000,-2341.372070,-1272.606567,78.458687,-2.028184,-0.454995,-46.830841,6.413985,4.997855,12.374249,8.637562,-13.952489,-2.175277,-4.648520,-1.816211,-16.636518,10.869405,-5.113315,-0.638666,-1.178941,1.570353,0.634473,-1.862332,17.572586,-36.774971,63.524349,8.838517,4.593941,3.539833,1.079813,-16.401966,36.316254,65.877472,-9.490091,6.977295,-11.375313
327.000000,-2341.384766,-1272.525635,78.460869,-2.020628,-0.497327,-46.835042,6.381577,4.948546,12.373193,8.691678,-13.969337,-2.099866,-4.673174,-1.874490,-16.645588,10.888318,-5.047120,-0.609876,-1.179917,1.526761,0.632783,-1.738574,17.571381,-37.008900,63.699379,8.849028,4.675383,3.542066,1.045170,-16.312019,36.420971,65.904221,-9.508731,6.977532,-11.144361
328.000000,-2341.399414,-1272.443604,78.463402,-2.011684,-0.543864,-46.841744,6.354686,4.910573,12.373879,8.741719,-13.980857,-2.046084,-4.687328,-1.918995,-16.651375,10.895155,-4.991780,-0.589391,-1.180924,1.498838,0.632213,-1.650206,17.569153,-37.179752,63.805458,8.858961,4.731441,3.541420,1.007793,-16.303385,36.474785,65.956978,-9.522706,6.981321,-11.018129
329.000000,-2341.418457,-1272.365723,78.465965,-2.001439,-0.597555,-46.849277,6.323099,4.865227,12.375322,8.815597,-13.993900,-1.984521,-4.696571,-1.973715,-16.659851,10.900418,-4.919005,-0.566335,-1.181999,1.455529,0.631666,-1.545910,17.567148,-37.375542,63.932411,8.874365,4.805063,3.538117,0.968972,-16.305288,36.502808,66.030579,-9.536670,6.989586,-10.819158
330.000000,-2341.442871,-1272.291870,78.468330,-1.990688,-0.656323,-46.858566,6.295527,4.826985,12.378078,8.896036,-14.005968,-1.932277,-4.699090,-2.022313,-16.668638,10.905520,-4.848869,-0.546549,-1.182410,1.403208,0.630388,-1.455520,17.565985,-37.539028,64.053375,8.892323,4.883803,3.532295,0.955683,-16.306292,36.544994,66.072441,-9.547901,6.999437,-10.579141
331.000000,-2341.471924,-1272.221436,78.469315,-1.975941,-0.721013,-46.866147,6.264510,4.792663,12.379477,8.994983,-14.024343,-1.885338,-4.709837,-2.073701,-16.679241,10.941680,-4.797670,-0.530602,-1.183296,1.344014,0.631599,-1.376532,17.566217,-37.685482,64.138428,8.946509,4.991705,3.506408,0.954389,-16.297976,36.678986,66.102814,-9.556730,7.007387,-10.290522
332.000000,-2341.503174,-1272.155151,78.469170,-1.958796,-0.793371,-46.872663,6.239861,4.759911,12.379015,9.104947,-14.046576,-1.844579,-4.722886,-2.129802,-16.691605,11.010601,-4.767694,-0.518242,-1.184413,1.282583,0.635166,-1.300708,17.566685,-37.821407,64.167900,9.039165,5.111764,3.441857,0.954689,-16.259893,36.862926,66.169479,-9.564318,7.016599,-9.989084
333.000000,-2341.534912,-1272.087158,78.468636,-1.940076,-0.868746,-46.883583,6.219417,4.725737,12.382153,9.213110,-14.067486,-1.805951,-4.737891,-2.187286,-16.700481,11.086972,-4.741727,-0.507332,-1.184914,1.231679,0.637394,-1.235042,17.564217,-37.960266,64.175308,9.137790,5.205433,3.335944,0.948903,-16.228037,37.011364,66.248451,-9.574109,7.054753,-9.742536
334.000000,-2341.567871,-1272.020142,78.468338,-1.922218,-0.945972,-46.895238,6.207442,4.700940,12.385180,9.291245,-14.081100,-1.778358,-4.745416,-2.228631,-16.707232,11.139643,-4.719386,-0.499823,-1.185491,1.201179,0.639192,-1.196051,17.561663,-38.064247,64.179245,9.209789,5.263443,3.234545,0.947801,-16.208899,37.111206,66.303757,-9.580613,7.083152,-9.530708
335.000000,-2341.602051,-1271.954102,78.468201,-1.901545,-1.018790,-46.904009,6.191014,4.666308,12.386628,9.387424,-14.094085,-1.743091,-4.759159,-2.284363,-16.717684,11.210345,-4.690392,-0.491009,-1.185137,1.167748,0.641636,-1.162121,17.553755,-38.181793,64.185143,9.274729,5.343744,3.085650,0.953083,-16.174770,37.282841,66.364586,-9.588348,7.126964,-9.242955
336.000000,-2341.637451,-1271.887451,78.468414,-1.877715,-1.086409,-46.908238,6.171766,4.624032,12.379043,9.468311,-14.097024,-1.706916,-4.781002,-2.347013,-16.734074,11.284338,-4.663085,-0.482670,-1.181197,1.142263,0.643973,-1.153630,17.527962,-38.261971,64.193985,9.292419,5.445164,2.934213,0.981891,-16.147621,37.531776,66.383682,-9.594961,7.177745,-8.981367
337.000000,-2341.672607,-1271.821167,78.468880,-1.853108,-1.147684,-46.914965,6.152772,4.579137,12.372637,9.535658,-14.092477,-1.670219,-4.808224,-2.409500,-16.748550,11.354595,-4.632999,-0.475370,-1.177529,1.128887,0.645123,-1.154856,17.494728,-38.327610,64.200340,9.304690,5.550714,2.802832,1.028226,-16.111355,37.771088,66.390762,-9.600183,7.223950,-8.739193
338.000000,-2341.710205,-1271.753906,78.470886,-1.824001,-1.171521,-46.934039,6.103809,4.525847,12.373219,9.577693,-14.067805,-1.629338,-4.873655,-2.472009,-16.754045,11.406430,-4.584033,-0.471462,-1.177644,1.116507,0.614968,-1.170866,17.482662,-38.338787,64.199661,9.325150,5.667362,2.715251,1.042409,-16.096334,37.873264,66.406441,-9.610522,7.303385,-8.627736
339.000000,-2341.752930,-1271.686035,78.475037,-1.793710,-1.180864,-46.956500,6.044735,4.472049,12.376010,9.586336,-14.018461,-1.590923,-4.947597,-2.524746,-16.757542,11.417403,-4.508424,-0.471892,-1.178316,1.092222,0.573751,-1.198802,17.479040,-38.340210,64.194672,9.383377,5.794147,2.602980,1.028890,-16.093639,37.879986,66.413551,-9.636521,7.371460,-8.554751
340.000000,-2341.800537,-1271.619385,78.479546,-1.764485,-1.201106,-46.978513,5.997649,4.423251,12.378386,9.589967,-13.964354,-1.557164,-5.007899,-2.571117,-16.762798,11.419706,-4.427582,-0.476067,-1.177642,1.058810,0.558635,-1.241715,17.477007,-38.340214,64.188416,9.473617,5.914488,2.480164,0.995342,-16.090914,37.881886,66.421227,-9.693198,7.438577,-8.454875
341.000000,-2341.848145,-1271.557617,78.483658,-1.737366,-1.228584,-47.000262,5.970275,4.390327,12.380472,9.592243,-13.925084,-1.535045,-5.044514,-2.601976,-16.767265,11.419203,-4.368471,-0.481330,-1.176708,1.032147,0.555023,-1.274529,17.475763,-38.340012,64.183754,9.545875,5.994895,2.393868,0.968252,-16.088055,37.883202,66.429276,-9.744620,7.482800,-8.373967
342.000000,-2341.895508,-1271.500244,78.486977,-1.708779,-1.253062,-47.026037,5.936604,4.348209,12.386217,9.595733,-13.876623,-1.505471,-5.093438,-2.641317,-16.771282,11.422797,-4.297606,-0.490032,-1.174952,0.995102,0.542606,-1.307313,17.475746,-38.339256,64.178040,9.614970,6.091457,2.298932,0.938912,-16.083412,37.885086,66.441521,-9.806460,7.539103,-8.261976
343.000000,-2341.942139,-1271.446777,78.489449,-1.679372,-1.277291,-47.055477,5.903767,4.307178,12.396842,9.601779,-13.833861,-1.475949,-5.145243,-2.679565,-16.771236,11.432815,-4.237475,-0.499972,-1.172503,0.953988,0.525050,-1.325735,17.480062,-38.336975,64.172935,9.634792,6.180003,2.238416,0.916603,-16.078045,37.887157,66.448524,-9.850530,7.602771,-8.143373
344.000000,-2341.988281,-1271.395874,78.491249,-1.651598,-1.304878,-47.086186,5.873425,4.271038,12.408280,9.617688,-13.799173,-1.452393,-5.190895,-2.713537,-16.769695,11.443333,-4.182904,-0.512233,-1.170189,0.912525,0.512889,-1.341202,17.486908,-38.334560,64.167007,9.648552,6.260392,2.191372,0.895009,-16.072115,37.889305,66.454094,-9.881875,7.674843,-8.018011
345.000000,-2342.034180,-1271.347290,78.492569,-1.628207,-1.340027,-47.118909,5.849792,4.246521,12.419320,9.646897,-13.778101,-1.433779,-5.218573,-2.736294,-16.768389,11.445013,-4.133238,-0.524253,-1.167105,0.878237,0.509284,-1.352591,17.493929,-38.331512,64.150932,9.658411,6.336114,2.159616,0.875918,-16.061230,37.891502,66.460503,-9.901740,7.749429,-7.918644
346.000000,-2342.075195,-1271.304565,78.493546,-1.612886,-1.380091,-47.156179,5.833177,4.231566,12.432657,9.683161,-13.765680,-1.419273,-5.231781,-2.747883,-16.763445,11.435574,-4.083319,-0.536761,-1.163559,0.851411,0.506997,-1.357672,17.498318,-38.322041,64.127251,9.666722,6.411484,2.140406,0.860332,-16.043905,37.892185,66.467499,-9.924251,7.829288,-7.844704
347.000000,-2342.113037,-1271.255249,78.492790,-1.591252,-1.304126,-47.318433,5.721230,4.221935,12.522349,9.762771,-13.774503,-1.393251,-5.356258,-2.737382,-16.671534,11.414852,-4.001202,-0.544089,-1.046399,0.831162,0.407304,-1.369920,17.465179,-38.258991,64.106102,9.771729,6.508223,2.126851,0.877653,-16.025404,37.892841,66.472939,-10.058808,7.977226,-7.778590
348.000000,-2342.155762,-1271.187256,78.493294,-1.571531,-1.203606,-47.541013,5.530950,4.214485,12.723400,9.867360,-13.798703,-1.348732,-5.559991,-2.685621,-16.455442,11.298162,-3.840643,-0.534575,-0.691891,0.827979,0.324604,-1.474725,17.346136,-38.027847,64.101074,10.135576,6.598361,2.123361,0.889072,-16.005749,37.897320,66.482475,-10.401787,8.230510,-7.732027
349.000000,-2342.196777,-1271.120605,78.496910,-1.556506,-1.110674,-47.664949,5.337068,4.196164,12.824551,9.950041,-13.800133,-1.306596,-5.700262,-2.651835,-16.335663,11.119972,-3.667513,-0.529668,-0.412245,0.814115,0.315377,-1.572618,17.221098,-37.682152,64.095383,10.603452,6.673120,2.124634,0.878814,-15.964718,37.899376,66.488098,-10.738738,8.471391,-7.720366
350.000000,-2342.230713,-1271.062988,78.501930,-1.543659,-1.052408,-47.726520,5.212460,4.170580,12.855476,9.973969,-13.774472,-1.279613,-5.773495,-2.638719,-16.287443,10.971118,-3.534901,-0.540754,-0.248226,0.779010,0.339989,-1.609001,17.113234,-37.310936,64.096283,10.964508,6.723605,2.140564,0.832832,-15.901012,37.898678,66.557579,-11.015160,8.618676,-7.721443
351.000000,-2342.256836,-1271.020386,78.506020,-1.530920,-1.008715,-47.767344,5.106043,4.138322,12.869640,9.979231,-13.735634,-1.254062,-5.842431,-2.633935,-16.250473,10.848468,-3.416312,-0.560009,-0.073983,0.707179,0.359430,-1.629614,17.033865,-36.921177,64.101799,11.277572,6.772756,2.164382,0.764799,-15.797671,37.914509,66.697372,-11.255376,8.763908,-7.727203
352.000000,-2342.277100,-1270.989990,78.508362,-1.499636,-0.970393,-47.806415,5.062980,4.100035,12.879517,9.947190,-13.692387,-1.234972,-5.909967,-2.651961,-16.220074,10.842037,-3.383093,-0.572330,0.079290,0.615193,0.355730,-1.650994,17.017113,-36.749168,64.108345,11.469578,6.811586,2.238054,0.728077,-15.709253,37.937172,66.807549,-11.307117,8.889710,-7.735212
353.000000,-2342.290771,-1270.966675,78.510193,-1.478399,-0.946278,-47.820032,5.029346,4.047673,12.872782,9.899250,-13.638296,-1.209541,-5.982804,-2.686469,-16.200073,10.867540,-3.367513,-0.585624,0.255357,0.462723,0.351187,-1.671970,16.971304,-36.635773,64.185616,11.724909,6.928198,2.434848,0.652562,-15.538748,37.942295,67.014793,-11.316671,9.086576,-7.772872
354.000000,-2342.296387,-1270.949585,78.511284,-1.464295,-0.929677,-47.832822,5.002575,4.013392,12.861309,9.875470,-13.607321,-1.188435,-6.024982,-2.702493,-16.184517,10.867769,-3.346480,-0.594312,0.430078,0.300523,0.346975,-1.684025,16.926266,-36.575680,64.271561,11.911481,7.133407,2.643761,0.577497,-15.341034,37.947842,67.214333,-11.315952,9.337449,-7.871030
355.000000,-2342.297852,-1270.937866,78.511284,-1.440482,-0.918319,-47.848073,5.015824,3.964216,12.849722,9.804111,-13.561391,-1.173442,-6.086259,-2.738638,-16.166962,10.947807,-3.370377,-0.606953,0.598408,0.114108,0.346536,-1.664935,16.865774,-36.488972,64.317642,12.231701,7.410180,2.856319,0.522382,-15.137137,37.951164,67.384239,-11.312896,9.584367,-8.019867
356.000000,-2342.295166,-1270.933472,78.511688,-1.426225,-0.916816,-47.864019,5.057494,3.913614,12.830649,9.698793,-13.509074,-1.158577,-6.134514,-2.768915,-16.149717,11.024888,-3.398543,-0.617575,0.810539,-0.137706,0.351334,-1.646465,16.798603,-36.300705,64.385033,12.734716,7.761184,3.123960,0.432935,-14.843916,37.953850,67.665192,-11.320566,9.883006,-8.227893
357.000000,-2342.284668,-1270.933472,78.509865,-1.414361,-0.948130,-47.955057,5.168312,3.878922,12.886634,9.584028,-13.479778,-1.145794,-6.145563,-2.767452,-16.066381,11.086315,-3.424870,-0.616099,1.081691,-0.392260,0.379242,-1.638763,16.680832,-36.076252,64.545738,13.281955,8.099399,3.400443,0.329536,-14.556334,37.956512,67.959335,-11.347567,10.195490,-8.389933
358.000000,-2342.271729,-1270.935913,78.504097,-1.403111,-0.985468,-48.019244,5.250188,3.850434,12.925151,9.563031,-13.502601,-1.126446,-6.167941,-2.781891,-15.997146,11.219861,-3.502676,-0.606564,1.312779,-0.687321,0.410494,-1.643251,16.552835,-35.916500,64.795723,13.798207,8.466342,3.628622,0.188257,-14.262143,37.960461,68.248764,-11.371891,10.473345,-8.456677
359.000000,-2342.255859,-1270.937866,78.494408,-1.389052,-1.021423,-48.073155,5.285490,3.827994,12.934942,9.595875,-13.546918,-1.107713,-6.209932,-2.808847,-15.954848,11.383369,-3.599471,-0.595176,1.439386,-0.933624,0.434760,-1.653704,16.493450,-35.830353,64.985985,14.172364,8.754979,3.748820,0.053345,-14.041908,37.962433,68.420219,-11.436617,10.662297,-8.470300
360.000000,-2342.230713,-1270.936768,78.480499,-1.381239,-1.069924,-48.206540,5.336667,3.810198,13.006104,9.666129,-13.632872,-1.087242,-6.287434,-2.829311,-15.844452,11.626754,-3.731753,-0.581619,1.652226,-1.236525,0.469250,-1.688691,16.423227,-35.731106,65.250336,14.499846,9.095534,3.888286,-0.099494,-13.833905,37.964458,68.479111,-11.536591,10.850080,-8.480190
361.000000,-2342.184570,-1270.932617,78.461052,-1.362592,-1.148125,-48.403461,5.471457,3.781347,13.199157,9.745317,-13.763424,-1.064906,-6.407337,-2.859653,-15.621340,12.035919,-3.947410,-0.563154,2.002458,-1.593101,0.529695,-1.709300,16.361008,-35.691074,65.544708,14.799018,9.469499,4.006826,-0.285077,-13.672214,38.075394,68.491920,-11.705777,11.016092,-8.488954
362.000000,-2342.123047,-1270.929199,78.435219,-1.321419,-1.189077,-48.528554,5.551492,3.706226,13.323431,9.840087,-13.892307,-1.035119,-6.630857,-2.983115,-15.469460,12.650918,-4.279369,-0.540995,2.311238,-1.944875,0.552772,-1.659155,16.312208,-35.635681,65.710114,15.319717,9.801175,4.048665,-0.385972,-13.612154,38.209179,68.492561,-12.038837,11.170190,-8.493090
363.000000,-2342.059082,-1270.925781,78.402710,-1.246018,-1.231449,-48.676277,5.631234,3.588174,13.459998,9.928312,-14.021684,-0.992655,-6.950246,-3.168361,-15.290906,13.460678,-4.712126,-0.500949,2.626438,-2.342362,0.584684,-1.578781,16.336424,-35.604763,65.844978,15.593407,10.083754,4.067529,-0.562271,-13.546108,38.222431,68.485435,-12.271358,11.275100,-8.494890
364.000000,-2341.992676,-1270.926147,78.363571,-1.150200,-1.243185,-48.769240,5.647196,3.475626,13.541945,10.044767,-14.150216,-0.944730,-7.260939,-3.352780,-15.159249,14.195952,-5.109134,-0.452428,2.807086,-2.672832,0.595680,-1.427543,16.384819,-35.592762,65.896072,15.625657,10.275447,4.053934,-0.751419,-13.505173,38.225273,68.425056,-12.445162,11.366291,-8.492562
365.000000,-2341.915039,-1270.933472,78.318573,-1.035032,-1.284901,-48.799503,5.666968,3.313735,13.569427,10.189149,-14.305047,-0.885227,-7.630660,-3.626489,-15.064883,15.153469,-5.641047,-0.393069,2.930981,-3.091959,0.630477,-1.244912,16.577694,-35.576290,65.909996,15.640919,10.494185,4.009690,-1.006680,-13.487556,38.224331,68.219940,-12.641067,11.475062,-8.486989
366.000000,-2341.809082,-1270.953613,78.269562,-0.940129,-1.355755,-48.818200,5.756759,3.122459,13.594786,10.377005,-14.528668,-0.822622,-7.996008,-3.962940,-14.978304,16.303944,-6.302701,-0.317488,3.013387,-3.557291,0.682623,-0.887259,16.746511,-35.572247,65.952698,15.642722,10.697223,3.873498,-1.312149,-13.513978,38.178970,67.806320,-12.787617,11.596524,-8.480688
367.000000,-2341.680420,-1270.978882,78.216141,-0.861253,-1.365012,-48.811269,5.737611,2.976134,13.596173,10.699779,-14.826676,-0.750750,-8.330337,-4.260522,-14.931389,17.301994,-6.889076,-0.221144,3.108839,-3.906830,0.627881,-0.469322,16.798220,-35.570686,65.971245,15.640864,10.889307,3.659450,-1.523167,-13.619932,38.049671,67.178131,-12.984240,11.717182,-8.479996
368.000000,-2341.540283,-1270.984863,78.157005,-0.783164,-1.354997,-48.768737,5.583140,2.823373,13.543785,11.202581,-15.187744,-0.652957,-8.696366,-4.594373,-14.918819,18.298595,-7.450482,-0.097697,3.236480,-4.190044,0.595269,-0.100363,16.803396,-35.569828,65.825600,15.637143,11.107832,3.283731,-1.811304,-13.838474,37.951485,66.345108,-13.391683,11.865662,-8.485790
369.000000,-2341.404541,-1270.977539,78.099709,-0.691752,-1.319808,-48.763832,5.448098,2.644410,13.527052,11.589865,-15.488677,-0.560820,-9.099658,-4.927570,-14.869202,19.263922,-7.965408,0.028434,3.443361,-4.434894,0.589295,0.114334,16.865658,-35.564915,65.645744,15.501585,11.253661,2.908101,-2.217841,-14.200510,37.845055,65.134712,-13.837857,12.057981,-8.492133
370.000000,-2341.278320,-1270.964233,78.046074,-0.585768,-1.297085,-48.850698,5.421998,2.461334,13.602908,11.768940,-15.686886,-0.483919,-9.487105,-5.210352,-14.756399,20.132126,-8.386317,0.127171,3.646158,-4.637736,0.624668,0.142876,17.002979,-35.534771,65.609383,15.091794,11.294893,2.630423,-2.852696,-14.573451,37.617455,63.894955,-14.080316,12.127896,-8.577688
371.000000,-2341.166992,-1270.960449,77.999893,-0.477213,-1.267180,-48.944424,5.434040,2.283313,13.689874,11.855997,-15.834051,-0.413293,-9.869583,-5.477611,-14.683036,20.966351,-8.750316,0.198030,3.732850,-4.826049,0.650725,0.147908,17.160378,-35.504345,65.602982,14.619061,11.305108,2.379677,-3.677552,-14.832912,37.271538,62.869606,-14.172236,12.091224,-8.799777
372.000000,-2341.050781,-1270.978271,77.962662,-0.438738,-1.267109,-48.994238,5.478687,2.133258,13.726655,11.943677,-16.011089,-0.339254,-10.241200,-5.751007,-14.749475,21.873329,-9.089030,0.246336,3.692454,-5.020924,0.682107,0.135298,17.363192,-35.463718,65.599838,14.247091,11.306576,2.143955,-4.842523,-14.962577,36.629288,61.891338,-14.134284,11.886842,-9.295296
373.000000,-2340.914062,-1271.019897,77.957550,-0.651088,-1.343462,-48.844603,5.477532,2.288111,13.547078,12.330833,-16.353182,-0.305587,-10.315873,-5.804076,-15.158181,22.491123,-9.085211,0.264244,3.538548,-4.946123,0.755951,0.069110,17.481806,-35.385693,65.592651,14.142871,11.302759,1.897644,-6.002364,-14.953360,35.765141,61.257088,-13.693695,11.417141,-10.038074
374.000000,-2340.762695,-1271.080444,77.980995,-1.010044,-1.384820,-48.660290,5.435374,2.659662,13.264082,12.770431,-16.716507,-0.301989,-10.534096,-5.720858,-15.646759,23.387211,-8.733208,0.256838,3.389078,-4.676072,0.773519,-0.090565,17.565647,-35.361801,65.578812,13.854414,11.244271,1.603789,-7.017923,-14.901446,34.963055,60.855541,-12.922984,10.795759,-10.814265
375.000000,-2340.598877,-1271.161987,78.026550,-1.436899,-1.395461,-48.324748,5.406543,2.964897,12.971426,13.021425,-16.922808,-0.307800,-10.756658,-5.655679,-16.022373,24.161772,-8.352745,0.249841,3.221527,-4.433034,0.786575,-0.219719,17.642727,-35.357372,65.494621,13.464779,11.168629,1.397695,-7.572259,-14.893147,34.435738,60.526489,-12.389145,10.379034,-11.294562
376.000000,-2340.421143,-1271.272339,78.071030,-1.784660,-1.360698,-47.983306,5.422235,3.359983,12.463293,13.170478,-17.104990,-0.329053,-11.213849,-5.646623,-16.586218,25.536224,-7.752710,0.242472,2.896050,-4.114955,0.786035,-0.364573,17.854139,-35.353592,65.146492,12.794735,11.005116,1.083221,-8.212298,-14.902085,33.542732,59.813103,-11.625916,9.769843,-12.003839
377.000000,-2340.243896,-1271.401245,78.087944,-2.024324,-1.372746,-47.672548,5.548776,3.565031,12.046773,13.155915,-17.221994,-0.339501,-11.862762,-5.839098,-16.986639,27.305092,-7.358029,0.243092,2.617360,-3.956432,0.857573,-0.466114,18.146090,-35.356525,64.681007,12.194173,10.751395,0.829976,-8.645923,-14.931052,32.779736,59.049911,-11.014499,9.228088,-12.670600
378.000000,-2340.058350,-1271.572998,78.085831,-2.251407,-1.432294,-47.382474,5.791389,3.767429,11.593865,13.214963,-17.436798,-0.347919,-12.619638,-6.048749,-17.196049,29.443830,-7.225798,0.189607,2.292077,-3.785858,1.058637,-0.610301,18.472502,-35.411499,64.321541,11.436256,10.432015,0.588954,-8.964437,-14.921915,32.135185,58.339012,-10.463166,8.738611,-13.417094
379.000000,-2339.864258,-1271.827026,78.073311,-2.480234,-1.257205,-47.238223,5.867265,4.029658,11.265422,13.258497,-17.709379,-0.404518,-13.628621,-5.803999,-16.961134,30.093573,-8.021156,0.133306,2.063805,-3.639119,0.931872,-0.680707,18.886684,-35.523338,64.002235,10.622289,10.188274,0.294717,-9.060143,-14.802876,31.552464,57.871464,-9.953742,8.215084,-14.154709
380.000000,-2339.678711,-1272.131592,78.052589,-2.725307,-1.201401,-47.173595,6.089806,4.338199,11.066191,13.273359,-18.006573,-0.528142,-14.644484,-5.359656,-16.755398,29.404408,-8.973188,0.069660,1.857812,-3.471461,0.993180,-0.726108,19.377960,-35.546741,63.532505,10.069905,10.070372,-0.013657,-9.117452,-14.665701,30.918343,57.630127,-9.805387,7.739425,-14.720110
381.000000,-2339.472656,-1272.495728,78.024216,-3.010620,-1.250686,-47.071108,6.427174,4.692867,10.878479,13.309847,-18.337307,-0.689582,-15.572054,-4.946438,-16.804565,28.197033,-9.453048,-0.080682,1.601674,-3.236386,1.160687,-0.754901,19.871994,-35.561588,62.980835,9.754845,10.024995,-0.301074,-9.117085,-14.617427,30.384533,57.487125,-9.720616,7.362873,-15.201951
382.000000,-2339.238770,-1272.928589,77.976425,-3.250435,-1.315618,-46.962424,6.946029,5.126071,10.704389,13.318675,-18.766258,-0.920882,-16.765005,-4.521198,-16.930044,26.337637,-9.100066,-0.302892,1.305990,-2.908234,1.348431,-0.786565,20.478329,-35.582195,62.237915,9.542009,10.020126,-0.617588,-9.002434,-14.705123,29.954473,57.385483,-9.553155,7.106152,-15.747392
383.000000,-2338.986328,-1273.428955,77.893440,-3.346893,-1.336269,-46.665142,7.443494,5.410838,10.406577,13.360316,-19.217554,-1.160366,-17.952021,-4.306148,-16.920872,24.164295,-7.718485,-0.464371,0.845661,-2.693446,1.482687,-0.850344,21.102974,-35.584560,61.456169,9.481239,10.071577,-0.922977,-8.747276,-14.879033,29.506750,57.193520,-9.397865,7.029008,-16.314541
384.000000,-2338.699219,-1274.024536,77.755913,-3.261343,-1.313628,-46.322170,7.917131,5.489764,10.084316,13.413568,-19.707184,-1.426136,-19.004271,-4.352638,-16.932613,21.644567,-5.612664,-0.533519,0.386713,-2.661243,1.507275,-0.994653,21.730745,-35.566124,60.592613,9.472761,10.263500,-1.307010,-8.292450,-15.187644,29.117682,56.818100,-9.165339,7.017318,-17.021856
385.000000,-2338.388672,-1274.683228,77.576157,-3.085715,-1.353468,-46.035355,8.509212,5.484755,9.872292,13.424765,-20.229267,-1.689649,-19.734041,-4.328167,-16.498871,19.332109,-3.937789,-0.552133,0.132724,-2.678548,1.528649,-1.216655,22.218042,-35.509716,59.898544,9.384388,10.439617,-1.625121,-7.864108,-15.573195,28.983715,56.653282,-8.767956,6.950555,-17.698191
386.000000,-2338.038574,-1275.446289,77.348808,-2.823327,-1.385987,-45.634101,9.094719,5.435231,9.604362,13.452350,-20.775246,-1.943526,-20.258869,-4.289148,-15.823806,17.232651,-2.659882,-0.551091,-0.135149,-2.725289,1.500418,-1.422676,22.619360,-35.469643,59.311905,9.287235,10.590568,-1.891933,-7.478617,-15.951593,28.951595,56.705696,-8.372892,6.871468,-18.288795
387.000000,-2337.678223,-1276.258179,77.087250,-2.500774,-1.336868,-45.221673,9.737054,5.327678,9.225363,13.557163,-21.514151,-2.261978,-20.818733,-4.321245,-14.937878,15.131190,-1.583732,-0.542995,-0.490090,-2.837336,1.383341,-1.643321,23.040043,-35.464436,58.605568,9.153472,10.788524,-2.193517,-7.067785,-16.368807,28.949947,57.058346,-8.108969,6.782634,-18.969246
388.000000,-2337.284180,-1277.156616,76.778519,-2.152776,-1.248720,-44.695779,10.275297,5.242335,8.801381,13.845738,-22.410160,-2.611599,-21.363918,-4.530436,-14.382373,13.636362,-0.975171,-0.565534,-0.908332,-2.908065,1.243093,-1.795282,23.387754,-35.465809,57.811729,8.890103,10.973783,-2.485886,-6.740216,-16.774380,28.949387,57.603321,-8.070713,6.751894,-19.726532
389.000000,-2336.856201,-1278.125610,76.427261,-1.821940,-1.194712,-44.120077,10.804889,5.226809,8.261526,14.348065,-23.480577,-3.017713,-21.810488,-4.803394,-13.912433,13.222036,-0.893827,-0.661759,-1.441027,-2.882713,1.180921,-1.899948,23.650850,-35.469078,56.999294,8.786647,11.091372,-2.815230,-6.402432,-17.233660,28.942778,58.122406,-8.007463,6.682107,-20.538048
390.000000,-2336.372070,-1279.130981,76.077065,-1.724527,-1.067299,-43.793473,11.345219,5.459191,7.992293,14.798668,-24.549726,-3.465986,-22.389351,-4.874525,-13.643622,14.533597,0.476657,-1.367666,-1.786871,-2.539333,1.034853,-1.948051,23.689960,-35.471855,56.467659,8.685646,11.123636,-3.080889,-6.018331,-17.732237,28.850660,58.543350,-7.830490,6.546890,-21.251467
391.000000,-2335.849854,-1280.117554,75.793602,-2.008602,-0.758325,-43.639547,11.786281,6.058046,7.882743,15.156444,-25.525307,-3.929998,-22.995623,-4.684070,-13.702350,16.352970,2.345819,-1.706278,-2.067577,-1.757743,0.798224,-1.974604,23.500969,-35.474407,56.180054,8.550615,11.136166,-3.298134,-5.647694,-18.253378,28.664335,58.917305,-7.619733,6.419571,-21.856173
392.000000,-2335.333740,-1281.117798,75.529434,-2.357161,-0.263019,-43.572432,12.141073,6.897655,7.854301,15.431106,-26.489002,-4.499267,-24.120407,-4.345119,-13.807982,19.303804,2.523960,-1.951151,-2.302791,-0.680469,0.537376,-2.131565,23.221737,-35.479015,55.851387,8.256949,11.122498,-3.622271,-5.244926,-18.819265,28.241325,59.286751,-7.431216,6.280184,-22.614813
393.000000,-2334.890381,-1282.042969,75.298294,-2.540644,0.222795,-43.495185,12.285460,7.612202,7.776720,15.837227,-27.226931,-5.014768,-25.295422,-4.007750,-13.717487,22.226591,1.842400,-2.170735,-2.522509,0.210531,0.492676,-2.435726,23.050892,-35.520054,55.491413,7.841703,11.001229,-3.966503,-4.945069,-19.226364,27.656900,59.659058,-7.391465,6.157741,-23.429985
394.000000,-2334.467041,-1282.978149,75.110283,-2.410190,0.651338,-43.466967,12.248026,7.908884,7.637172,16.648453,-27.435396,-5.527226,-26.323429,-3.975970,-13.438690,24.919933,1.222626,-2.348507,-2.776983,0.611250,0.575510,-2.684158,23.057402,-35.628494,55.192074,7.274004,10.755237,-4.292725,-4.723941,-19.388491,27.179413,60.158424,-7.394494,6.088358,-24.232288
395.000000,-2334.010986,-1283.886108,75.018616,-2.413455,1.042248,-43.629106,12.175808,8.236644,7.530237,17.582087,-27.234896,-5.934124,-27.033951,-3.838873,-13.336665,27.163816,-0.644110,-2.482432,-2.930758,1.132872,0.684482,-2.793357,22.957315,-35.756100,55.085594,6.686824,10.573503,-4.562388,-4.578667,-19.510681,26.956923,60.698509,-7.406081,6.077584,-24.854073
396.000000,-2333.515381,-1284.791138,75.002808,-2.463144,1.394351,-43.848254,12.176495,8.615421,7.348239,18.585411,-26.552362,-6.352293,-27.447111,-3.551125,-13.263488,29.088373,-2.687280,-2.594090,-3.130806,1.855358,0.771433,-2.842168,22.780153,-35.998714,55.057457,6.053219,10.452557,-4.973116,-4.369395,-19.637110,26.857361,61.355778,-7.431705,6.078759,-25.484783
397.000000,-2333.036621,-1285.658325,75.026672,-2.411466,1.731452,-43.985053,12.046545,8.767876,7.007612,19.415934,-25.860573,-6.535138,-27.580315,-3.419201,-13.233185,30.091572,-3.875462,-2.658814,-3.323445,2.274095,0.756674,-2.861647,22.716011,-36.207310,55.056023,5.657042,10.380232,-5.337508,-4.159907,-19.675438,26.823849,61.707752,-7.443943,6.082289,-25.869057
398.000000,-2332.563477,-1286.498413,75.077827,-2.392709,2.010581,-44.096338,11.617947,8.943042,6.410423,21.109226,-24.751781,-6.759656,-27.541662,-3.254310,-13.199880,31.128029,-5.254925,-2.756212,-3.565995,2.772872,0.723262,-2.885733,22.714911,-36.484535,55.023129,5.271308,10.276816,-5.885622,-3.762581,-19.722027,26.812466,61.953255,-7.444331,6.082610,-26.348190
399.000000,-2332.069580,-1287.324951,75.160904,-2.517414,2.175041,-44.301950,10.980194,9.302985,5.789515,23.481356,-23.423075,-6.973616,-27.096947,-2.827599,-13.225751,31.577007,-6.345263,-2.870183,-3.705514,3.463910,0.656293,-2.890278,22.756256,-36.968151,54.969139,5.228567,10.225860,-6.460401,-3.235579,-19.844238,26.813440,62.022949,-7.446342,6.074944,-26.750839
400.000000,-2331.564453,-1288.155273,75.267616,-2.608979,2.217795,-44.528091,10.466732,9.528761,4.923915,25.797445,-21.671274,-7.098536,-26.392624,-2.376217,-13.223365,31.794106,-7.334311,-2.999355,-3.763895,4.105639,0.560514,-2.874422,22.819965,-37.514248,54.965260,5.215184,10.218891,-7.007485,-2.625283,-20.015038,26.929508,62.028805,-7.381939,6.047670,-27.109558
401.000000,-2331.074219,-1288.994385,75.403015,-2.545118,2.171613,-44.742682,9.957050,9.547646,4.066015,28.123413,-19.368328,-7.200016,-25.546404,-2.078496,-13.150826,31.939407,-8.299838,-3.102796,-3.752053,4.481889,0.477168,-2.865693,22.907591,-37.880451,54.965866,5.214183,10.222864,-7.499861,-1.992056,-20.141235,27.147724,62.105423,-7.325446,6.029121,-27.456503
402.000000,-2330.610352,-1289.813110,75.585388,-2.421850,2.003751,-44.964326,9.489799,9.483754,3.458555,30.061918,-17.183506,-7.284508,-24.725302,-1.883552,-13.051580,31.829273,-8.912957,-3.173803,-3.715290,4.623614,0.484831,-2.844964,22.953701,-37.994923,54.981110,5.218788,10.241649,-7.764647,-1.593183,-20.159590,27.334637,62.280243,-7.312612,6.025605,-27.684307
403.000000,-2330.151611,-1290.598633,75.808022,-2.360446,1.770541,-45.283106,8.737852,9.411379,2.698577,32.857422,-13.640368,-7.408676,-23.351395,-1.495601,-12.882428,31.215544,-9.480066,-3.280872,-3.619302,4.821586,0.514147,-2.766362,22.942284,-38.112926,55.037189,5.124936,10.300927,-7.982454,-1.185909,-20.189470,27.698137,62.622906,-7.179536,6.024923,-27.903187
404.000000,-2329.668701,-1291.373169,76.056961,-2.363383,1.537439,-45.697982,7.746734,9.328931,1.975484,35.847721,-9.405423,-7.532064,-21.800734,-0.953087,-12.635415,30.142879,-9.776878,-3.373034,-3.476846,5.099382,0.486077,-2.641753,22.874008,-38.286888,55.157516,4.760947,10.345464,-8.119854,-0.917848,-20.275150,28.153221,62.962776,-6.790724,6.028385,-28.067959
405.000000,-2329.203857,-1292.067505,76.288391,-2.355117,1.376293,-45.937413,6.310019,9.198232,1.379556,39.175041,-6.503083,-7.094171,-20.311905,-0.512738,-12.467906,28.971523,-9.971784,-3.406775,-3.478596,5.397069,0.403233,-2.599348,22.705235,-38.466209,55.472706,4.363359,10.348992,-8.200988,-0.800340,-20.392429,28.543304,63.269112,-6.426956,6.033572,-28.262987
406.000000,-2328.790771,-1292.656860,76.504196,-2.285300,1.241250,-45.841331,4.188463,9.024095,1.259498,42.781796,-7.692546,-6.502306,-18.914040,-0.391163,-12.513890,27.874010,-10.161023,-3.353029,-3.585056,5.543989,0.389802,-2.801730,22.453215,-38.507458,55.838085,4.302808,10.349584,-8.226016,-0.655734,-20.522657,28.763885,63.438431,-6.343055,6.035191,-28.462776
407.000000,-2328.412354,-1293.165649,76.715630,-2.180852,1.061541,-45.731204,2.507982,8.849474,1.335856,45.174583,-9.477594,-6.054253,-17.855045,-0.353992,-12.524292,27.021866,-10.240308,-3.289917,-3.561573,5.556429,0.451724,-2.969425,22.310688,-38.502342,55.924061,4.505349,10.347485,-8.227239,-0.495648,-20.590178,28.811131,63.495819,-6.336651,6.012923,-28.570892
408.000000,-2328.015625,-1293.655029,76.944153,-1.991851,0.921736,-45.729659,0.329043,8.529373,1.561946,47.454292,-12.222640,-5.539350,-16.510151,-0.339436,-12.412588,25.837317,-10.245452,-3.204578,-3.408425,5.444035,0.514581,-3.120219,22.166775,-38.486633,55.940041,5.116043,10.309554,-8.185356,-0.322693,-20.606260,28.876825,63.628208,-6.301873,5.968078,-28.620895
409.000000,-2327.636963,-1294.074829,77.167320,-1.738988,0.862102,-45.789654,-1.714432,8.247269,2.000752,48.419537,-15.119997,-5.187815,-15.339828,-0.418064,-12.195664,24.655018,-10.159375,-3.104722,-3.207230,5.208264,0.522103,-3.197703,22.061670,-38.485455,55.944077,5.751446,10.222197,-8.037173,-0.267524,-20.609419,29.112432,63.770332,-6.171259,5.935843,-28.559175
410.000000,-2327.262207,-1294.438843,77.397141,-1.468474,0.762145,-45.788466,-3.543046,8.038896,2.375165,48.320580,-17.601542,-5.004068,-14.150297,-0.588559,-12.003216,23.373873,-9.978055,-2.969748,-3.039669,4.895944,0.620526,-3.257596,22.009310,-38.485630,55.946712,6.203743,10.064854,-7.837745,-0.291360,-20.611385,29.429771,63.903023,-6.026063,5.840343,-28.351000
411.000000,-2326.869873,-1294.776489,77.637032,-1.178090,0.674332,-45.762319,-5.031793,7.900290,2.700812,46.922783,-19.636370,-4.927222,-12.852049,-0.820638,-11.853134,21.897110,-9.691605,-2.784100,-2.835098,4.528782,0.687495,-3.211936,21.985941,-38.426914,55.909412,6.814327,9.859818,-7.633501,-0.276977,-20.588350,29.773422,64.245934,-5.984622,5.633068,-27.987780
412.000000,-2326.446045,-1295.089233,77.878403,-0.930941,0.574074,-45.637982,-6.242208,7.967916,3.169470,44.401409,-21.054909,-4.899189,-11.467318,-1.072811,-11.806777,20.254951,-9.306437,-2.544127,-2.703986,4.181170,0.728151,-3.087813,21.983326,-38.355953,55.869164,7.431486,9.660505,-7.351440,-0.219270,-20.543180,30.046537,64.662514,-5.980344,5.461672,-27.536451
413.000000,-2326.000732,-1295.353882,78.084778,-0.730291,0.583661,-45.493507,-7.335755,8.050683,3.492317,41.049126,-21.636662,-4.895882,-10.258147,-1.335020,-11.815657,18.698811,-8.907520,-2.273381,-2.656501,3.901434,0.645718,-2.881200,21.984089,-38.315891,55.830856,7.751661,9.491428,-6.977593,-0.119246,-20.514547,30.269566,65.000786,-5.974232,5.369998,-27.052431
414.000000,-2325.550537,-1295.550903,78.231636,-0.632101,0.634392,-45.430385,-8.060663,8.152267,3.706169,38.133514,-21.393059,-4.900732,-9.490542,-1.493958,-11.804459,17.683142,-8.640973,-2.054864,-2.588896,3.766552,0.590574,-2.711083,21.988569,-38.277451,55.732548,7.832998,9.361320,-6.661657,-0.039933,-20.525154,30.484993,65.175346,-5.968721,5.343077,-26.673239
415.000000,-2325.081787,-1295.680908,78.320297,-0.666855,0.660282,-45.393889,-8.915842,8.315217,3.857462,34.223675,-20.350290,-4.908168,-8.606817,-1.613821,-11.816274,16.559996,-8.365082,-1.744255,-2.495454,3.746919,0.584783,-2.498324,21.974894,-38.244999,55.540771,7.871914,9.144931,-6.219676,0.062877,-20.597019,30.906052,65.330429,-5.960763,5.325546,-26.175030
416.000000,-2324.584961,-1295.750000,78.359505,-0.785892,0.681864,-45.347268,-9.708798,8.402578,3.898651,30.464678,-18.431076,-4.905892,-7.874537,-1.709234,-11.869466,15.748042,-8.226153,-1.392338,-2.386608,3.846979,0.604376,-2.339802,21.884256,-38.203011,55.418610,7.871698,8.890807,-5.774188,0.205532,-20.670933,31.449011,65.600815,-5.950737,5.303823,-25.714626
417.000000,-2324.055176,-1295.759155,78.352997,-0.972305,0.716851,-45.324084,-10.417603,8.391849,4.009587,26.836920,-15.349646,-4.892280,-7.375113,-1.832789,-11.938366,15.357491,-8.269863,-0.963401,-2.294021,4.026721,0.599079,-2.194676,21.701664,-38.174675,55.404720,7.870906,8.661030,-5.300026,0.376608,-20.697802,31.962322,66.021576,-5.943682,5.303459,-25.220942
418.000000,-2323.498047,-1295.710327,78.295479,-1.251695,0.657815,-45.502331,-10.898429,8.389128,4.298028,23.734985,-11.201931,-4.891236,-7.029591,-1.874872,-11.834932,15.379920,-8.490268,-0.483361,-2.045155,4.301913,0.669090,-2.063736,21.449776,-38.169167,55.502697,7.880037,8.493703,-4.858257,0.594583,-20.722923,32.434399,66.371262,-5.931819,5.412215,-24.686069
419.000000,-2322.931152,-1295.669556,78.243263,-1.424080,0.447007,-45.902261,-10.891799,8.434842,4.810214,22.829094,-10.058955,-4.899684,-6.725085,-1.912441,-11.598762,15.560801,-8.748964,-0.112206,-1.756722,4.409332,0.803191,-1.937787,21.272526,-38.166065,55.684128,7.905177,8.429775,-4.534177,0.809036,-20.675400,32.772289,66.522896,-5.926362,5.595292,-24.246874
420.000000,-2322.352539,-1295.722290,78.260818,-1.386934,0.536948,-46.267935,-10.049256,8.218757,5.578598,21.988609,-10.554706,-4.761017,-6.452832,-2.215508,-11.147335,15.588861,-9.013396,0.351153,-1.402578,4.050976,0.424350,-1.432845,21.159439,-38.163342,56.104752,8.082083,8.414132,-4.110087,1.382296,-20.307629,33.205772,66.629295,-5.932664,5.912433,-23.630465
421.000000,-2321.816162,-1295.774414,78.272949,-1.474522,0.570703,-46.351124,-9.087071,8.013920,5.947400,20.841270,-11.173334,-4.662652,-5.994560,-2.391999,-11.020227,15.205202,-9.130162,0.744152,-1.279401,3.747009,-0.051051,-0.908785,21.056063,-38.161800,56.594124,8.581669,8.453549,-3.767998,2.102219,-19.884581,33.507397,66.608887,-5.950435,6.225030,-23.050909
422.000000,-2321.366943,-1295.808228,78.305130,-1.418170,0.353390,-46.324960,-8.058037,7.674665,6.160391,19.896868,-11.471405,-4.452629,-5.273210,-2.680601,-11.002359,14.817864,-9.257680,1.108434,-1.216899,3.278063,-0.094435,-0.587060,20.990501,-38.160130,57.090961,9.144124,8.545523,-3.458054,2.682313,-19.368868,33.612236,66.595123,-5.969594,6.562334,-22.484890
423.000000,-2320.974121,-1295.846802,78.367027,-1.295849,0.069102,-46.314783,-7.024221,7.257922,6.377702,19.068481,-11.394574,-4.210234,-4.370221,-3.022446,-10.972170,14.203568,-9.208419,1.429385,-1.130062,2.690197,0.037892,-0.321220,20.910559,-38.162952,57.604801,9.685062,8.726500,-3.175045,3.114587,-18.786179,33.656853,66.595833,-5.978644,6.954543,-21.944153
424.000000,-2320.605713,-1295.885742,78.435608,-1.218535,-0.125482,-46.382525,-6.063903,6.929896,6.635228,18.169935,-11.265370,-3.979873,-3.515515,-3.259291,-10.967976,13.379487,-8.945950,1.714272,-1.013292,2.232077,0.084100,0.004140,20.783199,-38.196548,58.052494,10.127839,8.977802,-2.963807,3.440553,-18.250368,33.716583,66.594650,-5.983113,7.335775,-21.448748
425.000000,-2320.276367,-1295.911377,78.490608,-1.145912,-0.205099,-46.578065,-5.442109,6.725177,6.892002,17.515491,-11.179032,-3.814999,-3.003666,-3.413419,-11.038382,12.753055,-8.713633,1.910501,-0.883493,1.974358,0.062402,0.260607,20.653641,-38.227779,58.361462,10.348175,9.166449,-2.858148,3.601283,-17.910114,33.763149,66.593864,-5.991082,7.578818,-21.113176
426.000000,-2319.965332,-1295.912109,78.533440,-1.097392,-0.225934,-46.788927,-4.774329,6.476692,7.251734,16.780525,-11.113743,-3.594331,-2.466107,-3.597340,-11.091918,11.968080,-8.411796,2.142505,-0.701104,1.755371,0.040804,0.566154,20.411762,-38.237503,58.760483,10.525463,9.395088,-2.746569,3.691717,-17.576157,33.852055,66.592697,-6.013711,7.838717,-20.702213
427.000000,-2319.678467,-1295.896851,78.566147,-1.047810,-0.215846,-46.922228,-4.260443,6.213643,7.499406,16.168243,-11.067891,-3.363737,-2.027570,-3.779477,-11.085600,11.288911,-8.126870,2.319234,-0.616924,1.670012,0.050505,0.800548,20.105696,-38.244026,59.132679,10.617605,9.613152,-2.664033,3.700959,-17.371136,33.923534,66.592018,-6.070408,8.028430,-20.311230
428.000000,-2319.405762,-1295.877075,78.592659,-0.989869,-0.194394,-47.005102,-3.827325,5.929491,7.677251,15.612871,-11.014517,-3.146420,-1.659478,-3.987320,-11.091404,10.722877,-7.906266,2.546020,-0.584481,1.658793,0.073840,0.975357,19.784737,-38.264103,59.453815,10.684202,9.811956,-2.603772,3.695203,-17.255283,33.977585,66.592522,-6.179963,8.154088,-19.947958
429.000000,-2319.146484,-1295.862671,78.614738,-0.911351,-0.225488,-47.058659,-3.348030,5.623347,7.816767,15.043317,-10.933279,-2.947386,-1.289010,-4.219437,-11.099908,10.280441,-7.767107,2.776940,-0.576936,1.672313,0.156054,1.099891,19.484837,-38.290569,59.725876,10.749945,9.961071,-2.567328,3.681664,-17.171717,34.009178,66.609596,-6.278145,8.241017,-19.600872
430.000000,-2318.903076,-1295.863647,78.630981,-0.823270,-0.284245,-47.104710,-2.964651,5.392742,7.907132,14.619531,-10.867315,-2.812466,-1.026471,-4.399717,-11.101079,10.049003,-7.722326,2.936316,-0.573689,1.691834,0.215736,1.179606,19.289953,-38.335384,59.907936,10.779270,10.019084,-2.538379,3.665094,-17.106615,34.065544,66.672707,-6.308909,8.297056,-19.345320
431.000000,-2318.672363,-1295.880859,78.643021,-0.745328,-0.353182,-47.166699,-2.460484,5.117278,8.027543,14.092708,-10.796058,-2.657493,-0.720419,-4.619773,-11.107740,9.846195,-7.709468,3.113613,-0.556901,1.739032,0.250494,1.279367,19.076790,-38.456207,60.140415,10.791081,10.044377,-2.475090,3.638784,-17.014286,34.250496,66.820259,-6.329134,8.377036,-19.004728
432.000000,-2318.466309,-1295.910034,78.649727,-0.672994,-0.421121,-47.251517,-1.971027,4.879242,8.160232,13.613661,-10.746516,-2.529052,-0.459276,-4.820584,-11.158488,9.733866,-7.741752,3.279824,-0.526546,1.800535,0.258536,1.375131,18.914925,-38.595524,60.344124,10.794993,10.051921,-2.395265,3.608015,-16.906961,34.472672,66.993309,-6.345468,8.466966,-18.650629
433.000000,-2318.280029,-1295.945923,78.652199,-0.596945,-0.480679,-47.356338,-1.516975,4.668220,8.302947,13.179090,-10.708244,-2.422592,-0.261666,-5.006565,-11.210541,9.709953,-7.823750,3.413138,-0.494013,1.859297,0.259339,1.450025,18.804234,-38.751942,60.521294,10.794677,10.056911,-2.314005,3.575942,-16.802532,34.696198,67.104385,-6.359916,8.582270,-18.270393
434.000000,-2318.117188,-1295.984619,78.653839,-0.521597,-0.528775,-47.443103,-1.107685,4.471610,8.422421,12.761466,-10.652755,-2.331571,-0.132500,-5.180731,-11.221646,9.773707,-7.936257,3.515910,-0.483933,1.899390,0.270180,1.467125,18.733191,-38.955986,60.702156,10.790551,10.059866,-2.247555,3.515193,-16.725695,34.933506,67.113876,-6.371720,8.699675,-17.826857
435.000000,-2317.980957,-1296.026367,78.654465,-0.455711,-0.561490,-47.513371,-0.754288,4.302477,8.514610,12.382068,-10.595079,-2.259659,-0.040784,-5.329185,-11.228356,9.858770,-8.051971,3.608383,-0.483688,1.921750,0.282641,1.466575,18.693159,-39.132145,60.836472,10.785283,10.061314,-2.198670,3.415740,-16.651451,35.148636,67.113617,-6.384064,8.767791,-17.388786
436.000000,-2317.867432,-1296.069580,78.654686,-0.408925,-0.560183,-47.648135,-0.469800,4.192245,8.652740,12.061313,-10.555251,-2.213848,-0.032778,-5.436327,-11.267093,9.975978,-8.151459,3.671443,-0.388584,1.934362,0.285499,1.447925,18.674870,-39.255314,60.901016,10.785165,10.062043,-2.170586,3.274979,-16.605083,35.480270,67.109421,-6.422806,8.816957,-16.960939
437.000000,-2317.781006,-1296.112427,78.654480,-0.379428,-0.530479,-47.818854,-0.259748,4.136572,8.824928,11.810453,-10.536572,-2.189031,-0.069489,-5.499641,-11.363464,10.053381,-8.214712,3.704180,-0.208475,1.933944,0.288805,1.406673,18.668121,-39.328060,60.913387,10.791328,10.061019,-2.150313,3.076889,-16.590048,35.927898,67.102661,-6.494099,8.854659,-16.518429
438.000000,-2317.715332,-1296.155884,78.657387,-0.367179,-0.496536,-47.891881,-0.145285,4.107277,8.888001,11.655210,-10.518707,-2.174374,-0.077126,-5.527480,-11.445917,10.075551,-8.233966,3.711275,-0.136142,1.927573,0.302548,1.362678,18.664318,-39.372410,60.917294,10.800098,10.060148,-2.141277,2.891421,-16.584829,36.256447,67.097145,-6.530594,8.870354,-16.191059
439.000000,-2317.668945,-1296.201294,78.657776,-0.344263,-0.461791,-47.901335,-0.036686,4.054814,8.895576,11.471869,-10.482085,-2.157063,-0.063953,-5.585343,-11.700175,10.079185,-8.275813,3.722593,-0.104371,1.877921,0.322205,1.264636,18.659817,-39.406826,60.918938,10.831669,10.060804,-2.137079,2.630405,-16.578712,36.666515,67.074509,-6.546721,8.880664,-15.774087
440.000000,-2317.634033,-1296.245483,78.658890,-0.340036,-0.451112,-47.899136,0.053133,4.032283,8.881952,11.353715,-10.468295,-2.144845,-0.030015,-5.609200,-11.878540,10.079535,-8.302100,3.718545,-0.091116,1.825905,0.368318,1.125570,18.646704,-39.439991,60.915352,10.930262,10.059107,-2.134778,2.350808,-16.573206,36.971256,67.042564,-6.554654,8.887878,-15.363529
441.000000,-2317.611572,-1296.290527,78.658577,-0.331574,-0.459258,-47.851997,0.140354,4.015061,8.837775,11.266390,-10.459065,-2.141053,0.032970,-5.629578,-12.069732,10.079507,-8.342772,3.710503,-0.131966,1.754659,0.426604,0.985380,18.642509,-39.477844,60.911022,11.094455,10.044728,-2.132257,2.037767,-16.554998,37.161549,67.033195,-6.564087,8.893625,-14.943328
442.000000,-2317.597656,-1296.347778,78.656044,-0.302588,-0.475246,-47.704172,0.221667,3.959415,8.682421,11.158595,-10.421768,-2.147737,0.141553,-5.686551,-12.358484,10.083068,-8.439587,3.695453,-0.228063,1.620255,0.461529,0.846125,18.649979,-39.484955,60.923119,11.182182,10.010104,-2.127903,1.771513,-16.536806,37.400524,67.018410,-6.576900,8.896876,-14.530169
443.000000,-2317.589600,-1296.412354,78.652931,-0.275542,-0.498458,-47.528155,0.302933,3.905765,8.489600,11.055728,-10.386117,-2.162662,0.273113,-5.737418,-12.632774,10.084320,-8.550252,3.694078,-0.259557,1.458067,0.474920,0.696538,18.656347,-39.489986,60.947086,11.209063,9.965052,-2.122093,1.600097,-16.529253,37.686295,66.995377,-6.589341,8.897947,-14.155400
444.000000,-2317.583252,-1296.479370,78.650909,-0.258374,-0.528344,-47.402607,0.381773,3.884530,8.377060,10.973831,-10.364851,-2.178718,0.371172,-5.756032,-12.791877,10.085590,-8.620215,3.698645,-0.243073,1.340054,0.480974,0.613613,18.659517,-39.499596,60.958923,11.223368,9.932542,-2.116720,1.504297,-16.521536,37.868015,66.984833,-6.597510,8.898109,-13.886017
445.000000,-2317.576172,-1296.547485,78.648926,-0.246357,-0.556282,-47.332017,0.497621,3.879955,8.298919,10.871351,-10.350142,-2.205784,0.479430,-5.759125,-12.936082,10.085856,-8.695691,3.700670,-0.212242,1.200804,0.483356,0.572579,18.661613,-39.541359,60.966259,11.238421,9.900180,-2.109995,1.388419,-16.508978,38.033295,66.973076,-6.607780,8.898102,-13.543962
446.000000,-2317.569336,-1296.610229,78.646553,-0.239342,-0.577749,-47.273963,0.591783,3.884393,8.235705,10.803221,-10.350180,-2.235422,0.575449,-5.755367,-13.065352,10.080747,-8.761715,3.698082,-0.203760,1.082415,0.485688,0.565376,18.661449,-39.641369,60.972084,11.250456,9.888484,-2.106425,1.301321,-16.504845,38.155342,66.949150,-6.620517,8.899182,-13.218819
447.000000,-2317.563721,-1296.668213,78.644104,-0.239361,-0.590981,-47.219525,0.654676,3.899045,8.174683,10.771370,-10.363364,-2.267402,0.658628,-5.742997,-13.191213,10.066762,-8.814200,3.690623,-0.199900,0.987750,0.489221,0.562583,18.659872,-39.765224,60.977165,11.260741,9.882226,-2.105726,1.254941,-16.502972,38.256042,66.918846,-6.634849,8.902011,-12.922600
448.000000,-2317.562012,-1296.720825,78.641518,-0.240420,-0.587694,-47.183055,0.687248,3.920027,8.130293,10.760000,-10.382858,-2.296865,0.708351,-5.726846,-13.300839,10.061697,-8.862087,3.677402,-0.183756,0.905228,0.491456,0.560739,18.658588,-39.871445,60.981174,11.262568,9.877211,-2.105823,1.243193,-16.501875,38.354084,66.872185,-6.649617,8.907772,-12.632747
449.000000,-2317.564209,-1296.767822,78.639030,-0.239663,-0.574985,-47.141227,0.694103,3.935365,8.099103,10.758154,-10.395881,-2.317073,0.728512,-5.717233,-13.385355,10.064437,-8.898494,3.664031,-0.174655,0.842928,0.495471,0.558804,18.657467,-39.927010,60.983906,11.257581,9.874726,-2.105568,1.242300,-16.500412,38.447346,66.827698,-6.662276,8.920664,-12.406783
450.000000,-2317.570068,-1296.809814,78.636887,-0.241180,-0.571426,-47.074270,0.694810,3.952386,8.035449,10.765185,-10.409426,-2.345004,0.764105,-5.709786,-13.524129,10.069474,-8.945864,3.644232,-0.179375,0.761242,0.517513,0.538561,18.653690,-39.988056,60.987186,11.251747,9.873092,-2.105036,1.244027,-16.496641,38.597240,66.770020,-6.683184,8.944466,-12.107791
451.000000,-2317.576172,-1296.846924,78.634926,-0.248296,-0.563821,-47.021046,0.684878,3.974550,7.971979,10.788894,-10.427865,-2.372093,0.798093,-5.697441,-13.658887,10.070813,-8.980253,3.623897,-0.177267,0.699622,0.541766,0.484364,18.643713,-40.083359,60.990238,11.251150,9.873463,-2.105032,1.246130,-16.490482,38.752335,66.731918,-6.704339,8.975593,-11.830496
452.000000,-2317.579346,-1296.878174,78.633049,-0.260235,-0.555612,-47.031480,0.681114,4.012591,7.971128,10.819836,-10.460891,-2.396301,0.803086,-5.669283,-13.724890,10.078459,-8.999152,3.602428,-0.139822,0.678137,0.550232,0.419999,18.646318,-40.215881,61.001865,11.253007,9.881629,-2.106509,1.246556,-16.488684,38.916187,66.682922,-6.722625,9.032002,-11.583995
453.000000,-2317.581543,-1296.904663,78.631439,-0.269211,-0.553853,-47.072197,0.698508,4.051566,8.008809,10.838364,-10.491895,-2.420837,0.797597,-5.639932,-13.749849,10.095124,-9.013433,3.580187,-0.075539,0.677400,0.553862,0.351315,18.645956,-40.322159,61.029301,11.249447,9.887923,-2.106058,1.246841,-16.486280,39.091953,66.621536,-6.738184,9.102088,-11.357391
454.000000,-2317.586182,-1296.929077,78.629761,-0.278066,-0.549291,-47.111214,0.709575,4.087929,8.041195,10.858870,-10.521285,-2.443558,0.782446,-5.613633,-13.777085,10.122335,-9.030232,3.555479,-0.029249,0.683800,0.553446,0.304082,18.644520,-40.369343,61.047318,11.249352,9.895943,-2.103594,1.246339,-16.467073,39.225895,66.564713,-6.777646,9.157061,-11.148419
455.000000,-2317.594971,-1296.952026,78.627281,-0.284008,-0.543932,-47.136362,0.708366,4.112072,8.053449,10.879065,-10.542948,-2.459697,0.757617,-5.599813,-13.807704,10.167073,-9.054767,3.534757,-0.006261,0.687067,0.553081,0.282597,18.644341,-40.375187,61.050346,11.254923,9.903603,-2.101400,1.245116,-16.431713,39.299969,66.546638,-6.824090,9.187027,-11.003813
456.000000,-2317.607422,-1296.975342,78.623550,-0.286697,-0.546461,-47.149959,0.705209,4.140473,8.057367,10.918033,-10.576321,-2.480763,0.717816,-5.591092,-13.862256,10.264838,-9.109699,3.505936,0.010900,0.686965,0.554734,0.261474,18.644543,-40.379730,61.050468,11.268258,9.912727,-2.099169,1.243963,-16.368637,39.416245,66.541412,-6.886830,9.232411,-10.802337
457.000000,-2317.621094,-1296.997681,78.619453,-0.288129,-0.556713,-47.168389,0.707049,4.168560,8.061422,10.963402,-10.613145,-2.502243,0.679610,-5.584579,-13.914850,10.375243,-9.172063,3.476763,0.016033,0.686691,0.555929,0.249967,18.643887,-40.384094,61.048588,11.282164,9.918899,-2.097016,1.244310,-16.296295,39.527786,66.540932,-6.932458,9.278216,-10.585288
458.000000,-2317.636230,-1297.019775,78.615425,-0.290832,-0.574053,-47.191681,0.717585,4.200420,8.073762,11.015211,-10.653853,-2.524752,0.653825,-5.573447,-13.959998,10.471996,-9.226984,3.449139,0.015965,0.688228,0.556443,0.241141,18.639725,-40.389210,61.045681,11.328753,9.922616,-2.093696,1.252001,-16.216963,39.622475,66.541702,-7.007184,9.314108,-10.367483
459.000000,-2317.652588,-1297.039551,78.611938,-0.298045,-0.593109,-47.204234,0.715459,4.237420,8.074755,11.088181,-10.698852,-2.547098,0.648042,-5.557045,-14.027736,10.535626,-9.265935,3.426638,0.020475,0.691225,0.555718,0.223749,18.624826,-40.392704,61.041344,11.462570,9.923351,-2.088850,1.275801,-16.131788,39.726944,66.542076,-7.179379,9.355973,-10.166222
460.000000,-2317.666748,-1297.052246,78.608253,-0.314695,-0.612965,-47.236003,0.700087,4.284924,8.088265,11.194510,-10.765334,-2.566194,0.652221,-5.525530,-14.074295,10.559922,-9.280243,3.404794,0.047944,0.712935,0.553625,0.202554,18.588030,-40.394009,61.034794,11.643776,9.922879,-2.070554,1.283470,-16.101768,39.781830,66.545593,-7.400534,9.433858,-10.063368
461.000000,-2317.679688,-1297.061646,78.604279,-0.333469,-0.640568,-47.288622,0.694243,4.324425,8.112688,11.281504,-10.822166,-2.579657,0.655982,-5.496933,-14.089088,10.576241,-9.286051,3.385333,0.074575,0.736198,0.552365,0.189178,18.557409,-40.394222,61.030331,11.760794,9.921823,-2.040209,1.284265,-16.098095,39.789597,66.548439,-7.537803,9.485469,-10.003736
462.000000,-2317.693115,-1297.070557,78.600388,-0.352027,-0.676261,-47.350771,0.700369,4.376250,8.151498,11.389894,-10.893439,-2.599905,0.659188,-5.460998,-14.099619,10.616733,-9.299463,3.358349,0.090815,0.762421,0.548734,0.184102,18.526291,-40.392307,61.028229,11.861519,9.920292,-1.985571,1.284827,-16.086411,39.794140,66.550713,-7.694902,9.541331,-9.934988
463.000000,-2317.705811,-1297.078369,78.597244,-0.368047,-0.720352,-47.445792,0.736367,4.428817,8.218257,11.465984,-10.952173,-2.622579,0.663347,-5.421446,-14.081496,10.655604,-9.307083,3.334597,0.124381,0.787953,0.539979,0.182611,18.484354,-40.381039,61.030266,11.987227,9.919844,-1.890056,1.291717,-16.051132,39.796181,66.552589,-7.919776,9.611870,-9.864854
464.000000,-2317.717041,-1297.084961,78.595421,-0.381853,-0.757715,-47.560073,0.795016,4.477914,8.310630,11.502776,-10.997011,-2.642389,0.666038,-5.378189,-14.032664,10.675925,-9.304059,3.310446,0.198675,0.814624,0.516596,0.183554,18.419010,-40.337486,61.035469,12.195329,9.920325,-1.731867,1.321434,-16.002943,39.795925,66.554008,-8.290794,9.683466,-9.822087
465.000000,-2317.729248,-1297.088623,78.594612,-0.392613,-0.788348,-47.663460,0.844584,4.513658,8.384804,11.514977,-11.023477,-2.657444,0.667923,-5.341735,-13.990679,10.675506,-9.292915,3.287032,0.270877,0.834944,0.488103,0.184832,18.346313,-40.274071,61.040306,12.472133,9.921580,-1.562841,1.349920,-15.947427,39.794899,66.556740,-8.704257,9.759558,-9.807261
466.000000,-2317.743408,-1297.088867,78.594414,-0.401747,-0.816700,-47.747531,0.895143,4.549096,8.453167,11.523857,-11.045575,-2.673447,0.670067,-5.303598,-13.957232,10.672404,-9.276390,3.256890,0.337342,0.854277,0.457688,0.186479,18.263681,-40.201191,61.046608,12.803747,9.923658,-1.350926,1.368852,-15.879176,39.792374,66.560333,-9.151525,9.837821,-9.795272
467.000000,-2317.752686,-1297.083252,78.594032,-0.416695,-0.782014,-47.851156,0.857106,4.586545,8.530169,11.572090,-11.082387,-2.679099,0.607151,-5.265262,-13.912203,10.656149,-9.247096,3.233960,0.438179,0.884709,0.362976,0.171693,18.144835,-40.091259,61.121216,13.054955,9.927236,-1.153357,1.381392,-15.858708,39.786953,66.561592,-9.549716,9.953688,-9.787027
468.000000,-2317.760986,-1297.068481,78.593567,-0.434750,-0.719586,-47.954854,0.754773,4.629981,8.626966,11.662466,-11.134797,-2.675482,0.501078,-5.226936,-13.865799,10.627544,-9.202344,3.214442,0.605695,0.936758,0.250965,0.081324,17.991104,-40.015205,61.299229,13.284196,9.943772,-0.995764,1.370903,-15.852261,39.782444,66.561134,-9.948926,10.114033,-9.780399
469.000000,-2317.774414,-1297.048340,78.594048,-0.442368,-0.663491,-48.019768,0.679513,4.648352,8.680990,11.712714,-11.155779,-2.669935,0.424405,-5.214881,-13.859662,10.618086,-9.176413,3.198483,0.721735,0.964387,0.200569,-0.023689,17.877140,-39.969131,61.456734,13.403278,9.970158,-0.879453,1.328492,-15.822206,39.779827,66.558884,-10.206272,10.205447,-9.774737
470.000000,-2317.787109,-1297.034302,78.595039,-0.441238,-0.643189,-48.027652,0.624530,4.649855,8.701475,11.731491,-11.155388,-2.663068,0.371218,-5.217868,-13.894460,10.613799,-9.160757,3.178047,0.832266,0.962592,0.179720,-0.136087,17.775438,-39.903290,61.588051,13.500668,10.043535,-0.759510,1.275012,-15.764692,39.779846,66.558975,-10.511805,10.343502,-9.753424
471.000000,-2317.793945,-1297.031250,78.595284,-0.434425,-0.649980,-48.040259,0.628166,4.640294,8.712966,11.713140,-11.144596,-2.656761,0.350357,-5.230964,-13.939555,10.638027,-9.167369,3.156017,0.990861,0.915402,0.176850,-0.209647,17.723104,-39.841232,61.615685,13.562622,10.134957,-0.638455,1.260146,-15.708845,39.783199,66.579231,-10.683517,10.516822,-9.742658
472.000000,-2317.799072,-1297.036255,78.595505,-0.399689,-0.648311,-48.071612,0.694694,4.600383,8.747105,11.595299,-11.090112,-2.651203,0.286913,-5.273853,-13.935818,10.763104,-9.229947,3.141904,1.170805,0.801302,0.163832,-0.234487,17.703741,-39.772377,61.622524,13.719986,10.217870,-0.512495,1.245309,-15.628813,39.784782,66.664856,-10.692817,10.646960,-9.740818
473.000000,-2317.803467,-1297.041748,78.597221,-0.362077,-0.633331,-48.070145,0.759708,4.539236,8.752814,11.425464,-11.001702,-2.643400,0.214415,-5.332865,-13.955029,10.887762,-9.296479,3.132977,1.316434,0.640597,0.154707,-0.258777,17.638464,-39.661545,61.663334,14.068981,10.359184,-0.381087,1.197263,-15.514873,39.784401,66.761047,-10.677641,10.779699,-9.744820
474.000000,-2317.805664,-1297.045166,78.600349,-0.335467,-0.600977,-48.050573,0.786423,4.499063,8.743907,11.305832,-10.936434,-2.636592,0.168291,-5.367992,-13.986507,10.938728,-9.321920,3.128047,1.419719,0.517681,0.151345,-0.304885,17.573116,-39.556789,61.723652,14.407722,10.505578,-0.319221,1.149413,-15.423615,39.784618,66.832924,-10.671298,10.903146,-9.752463
475.000000,-2317.802246,-1297.048218,78.603813,-0.309557,-0.564450,-48.043370,0.814114,4.452927,8.737284,11.161632,-10.859936,-2.628317,0.113436,-5.406234,-14.021008,10.982459,-9.340572,3.124541,1.552192,0.369444,0.153564,-0.373953,17.474649,-39.419590,61.812042,14.828609,10.701947,-0.250388,1.095328,-15.319020,39.784245,66.899834,-10.662927,11.063369,-9.773027
476.000000,-2317.792725,-1297.054688,78.605270,-0.259258,-0.575222,-48.078395,0.932073,4.376517,8.772209,10.925229,-10.750489,-2.616189,0.047973,-5.476812,-14.018393,11.110476,-9.404958,3.124984,1.740155,0.160104,0.190864,-0.458437,17.338659,-39.205204,61.961220,15.364494,10.935144,-0.137885,1.043901,-15.193299,39.770958,66.944092,-10.656604,11.270520,-9.818258
477.000000,-2317.779053,-1297.064209,78.600220,-0.208904,-0.554830,-48.151160,1.032583,4.300307,8.845909,10.762681,-10.688368,-2.600119,-0.087008,-5.567050,-13.958228,11.378374,-9.544940,3.131855,1.939395,-0.082154,0.200847,-0.525513,17.173519,-38.920387,62.220043,15.762815,11.124043,-0.026398,1.004879,-15.079966,39.762089,66.915802,-10.665771,11.484713,-9.850617
478.000000,-2317.765381,-1297.068848,78.591766,-0.174436,-0.544068,-48.219468,1.046380,4.254339,8.915095,10.759921,-10.711817,-2.578195,-0.237676,-5.637362,-13.892406,11.647058,-9.692151,3.146846,2.247196,-0.329509,0.220255,-0.645510,16.995983,-38.523415,62.553955,16.008524,11.314682,0.043921,0.949843,-15.020388,39.775692,66.855309,-10.680490,11.682505,-9.849189
479.000000,-2317.743652,-1297.073853,78.582100,-0.159734,-0.557164,-48.271756,1.057685,4.227952,8.952147,10.838693,-10.798070,-2.552822,-0.287723,-5.677502,-13.849274,11.803439,-9.808844,3.165909,2.516918,-0.586534,0.285090,-0.744612,16.804577,-38.134834,62.937855,16.382963,11.525146,0.119984,0.768322,-14.946374,39.731281,66.850906,-10.743385,11.879348,-9.838096
480.000000,-2317.709961,-1297.078735,78.572105,-0.147229,-0.548709,-48.365564,1.059300,4.211850,9.036480,10.920830,-10.894572,-2.523982,-0.356305,-5.705611,-13.763507,11.939569,-9.906520,3.185870,2.767516,-0.847436,0.329699,-0.772067,16.643850,-37.913727,63.197010,16.568539,11.735291,0.169147,0.486940,-14.891172,39.729935,66.861565,-10.827008,12.041117,-9.837023
481.000000,-2317.662842,-1297.083984,78.559135,-0.116318,-0.567603,-48.530770,1.107843,4.186307,9.175193,10.964481,-10.982315,-2.487251,-0.442647,-5.746073,-13.626623,12.127740,-10.026017,3.211112,3.030175,-1.124818,0.402443,-0.787459,16.574230,-37.769558,63.373066,16.674139,11.903809,0.181147,0.161917,-14.863703,39.736992,66.865700,-10.906017,12.126612,-9.838947
482.000000,-2317.599365,-1297.095825,78.539932,-0.061648,-0.539048,-48.700578,1.177576,4.119307,9.371485,10.997639,-11.094523,-2.436774,-0.641496,-5.847487,-13.420144,12.536039,-10.264115,3.248745,3.406562,-1.517206,0.462322,-0.779889,16.543209,-37.392517,63.521362,16.723894,12.028071,0.212919,-0.234065,-14.846130,39.736809,66.812019,-11.110234,12.168729,-9.844264
483.000000,-2317.520264,-1297.113281,78.513245,0.005834,-0.467275,-48.794693,1.139245,4.018127,9.491207,11.103449,-11.235926,-2.388656,-0.958651,-6.008004,-13.269673,13.117765,-10.593095,3.293369,3.824463,-1.954408,0.440538,-0.768470,16.628778,-36.801117,63.480156,16.792171,12.122712,0.221003,-0.584208,-14.855053,39.734859,66.562775,-11.544032,12.271887,-9.851009
484.000000,-2317.430176,-1297.124023,78.479355,0.090297,-0.439203,-48.791971,1.057046,3.869027,9.516496,11.329119,-11.435307,-2.310210,-1.267889,-6.244599,-13.208229,13.822397,-11.001449,3.375679,4.138095,-2.415873,0.474781,-0.741236,16.803717,-36.435375,63.320816,16.914398,12.186676,0.155023,-1.030596,-14.908050,39.729824,66.062210,-12.104969,12.423261,-9.882565
485.000000,-2317.314209,-1297.133057,78.435692,0.205182,-0.432387,-48.755019,1.013585,3.679566,9.520872,11.558664,-11.654383,-2.216414,-1.553559,-6.540157,-13.186245,14.611907,-11.467506,3.479282,4.266417,-2.855703,0.534325,-0.705641,16.984673,-36.320496,63.225739,16.955986,12.220677,0.102607,-1.525731,-15.000020,39.672298,65.379677,-12.584374,12.507213,-9.971045
486.000000,-2317.172852,-1297.149048,78.387321,0.321721,-0.409844,-48.749746,0.979298,3.437273,9.559833,11.819094,-11.944091,-2.111756,-1.914504,-6.908185,-13.118656,15.579741,-12.048300,3.611043,4.385457,-3.390354,0.540123,-0.718154,17.183233,-36.148590,63.187752,16.977276,12.292089,0.056041,-2.190713,-15.117259,39.577145,64.479912,-13.066870,12.526090,-10.144670
487.000000,-2317.011963,-1297.168579,78.324127,0.450053,-0.415899,-48.772844,0.939096,3.266820,9.604017,12.101791,-12.222034,-2.030062,-2.191105,-7.178611,-13.032115,16.340221,-12.508382,3.714105,4.507651,-3.760910,0.554898,-0.817268,17.325991,-36.102161,63.186672,16.985723,12.364395,-0.135431,-2.716972,-15.202491,39.561615,63.926380,-13.141890,12.497522,-10.336381
488.000000,-2316.826172,-1297.200806,78.257652,0.570575,-0.449994,-48.779732,0.918355,3.030381,9.648091,12.556777,-12.651341,-1.897199,-2.461636,-7.554134,-12.941445,17.313845,-13.126327,3.889051,4.765119,-4.250773,0.630388,-1.054579,17.578709,-36.096210,63.155575,16.954596,12.421690,-0.467620,-3.405599,-15.422441,39.578423,63.173317,-12.864806,12.358937,-10.683959
489.000000,-2316.609375,-1297.258545,78.192352,0.690106,-0.499644,-48.814147,0.996490,2.791701,9.715615,12.889577,-13.048900,-1.776278,-2.640450,-7.906927,-12.840469,18.154892,-13.686172,4.068991,5.144882,-4.760783,0.684912,-1.330924,17.851063,-36.067295,63.088779,16.896544,12.387717,-0.669196,-4.042223,-15.684455,39.628780,62.514164,-12.180773,12.112955,-11.153258
490.000000,-2316.374023,-1297.345703,78.127487,0.810252,-0.556342,-48.771445,1.156536,2.559826,9.736628,13.093740,-13.380772,-1.674895,-2.719708,-8.228714,-12.784160,18.871986,-14.186832,4.230504,5.393128,-5.272914,0.717008,-1.579492,18.145256,-36.032318,63.080112,16.835209,12.275104,-0.745139,-4.605616,-15.855281,39.672966,62.045593,-11.476595,11.822271,-11.607222
491.000000,-2316.121338,-1297.445801,78.065422,0.897036,-0.561384,-48.667247,1.296012,2.283463,9.662756,13.343179,-13.782086,-1.555175,-2.842397,-8.637084,-12.872051,19.786060,-14.759439,4.439454,5.413265,-5.895803,0.680552,-1.825515,18.559952,-36.046513,63.022842,16.700745,12.037452,-0.764135,-5.212626,-16.071093,39.684124,61.400059,-10.829562,11.430041,-12.109167
492.000000,-2315.845947,-1297.532104,78.027527,0.802808,-0.559047,-48.667683,1.368883,2.253543,9.631616,13.684031,-14.220870,-1.473113,-3.157038,-8.859918,-13.098797,20.902611,-14.965408,4.590654,5.366337,-6.232619,0.683964,-2.034024,18.958399,-36.079063,62.786037,16.400064,11.744919,-0.770342,-5.725956,-16.386465,39.684158,60.801765,-10.283377,10.930017,-12.519541
493.000000,-2315.552246,-1297.588379,78.029037,0.476772,-0.500742,-48.701807,1.316897,2.489574,9.578363,14.165648,-14.724898,-1.384502,-3.870860,-8.908327,-13.367474,22.601753,-14.705690,4.672661,5.322052,-6.233762,0.700251,-2.288719,19.290682,-36.080936,62.394432,16.029966,11.416609,-0.812447,-6.144496,-16.861031,39.568771,60.224297,-9.733070,10.434761,-12.885675
494.000000,-2315.251709,-1297.615967,78.070526,-0.010077,-0.446939,-48.522553,1.216773,2.768772,9.376054,14.540268,-15.070215,-1.308899,-4.705254,-8.932143,-13.672685,24.464941,-14.184718,4.696432,5.168284,-6.061883,0.768624,-2.583055,19.522631,-36.080051,61.940388,15.897742,11.208654,-0.913836,-6.376918,-17.334873,39.363159,59.669170,-9.409842,10.148798,-13.147779
495.000000,-2314.945312,-1297.628418,78.128212,-0.521511,-0.337594,-48.250867,1.083561,3.097360,8.976062,14.870752,-15.381710,-1.207641,-6.113918,-9.066968,-14.037745,27.470287,-13.213062,4.659755,4.862405,-5.776694,0.905219,-3.123732,19.808744,-36.081249,61.208332,15.854552,10.997288,-1.080616,-6.551777,-18.054506,39.094265,58.857773,-9.220403,9.840100,-13.457854
496.000000,-2314.645264,-1297.684937,78.189430,-1.009349,-0.216721,-47.987980,1.052484,3.475187,8.467852,15.072439,-15.677163,-1.103480,-8.014399,-9.189275,-14.200641,31.278942,-12.132718,4.347778,4.502158,-5.416112,1.161235,-4.019442,20.173332,-36.082535,60.220417,15.725158,10.691770,-1.184512,-6.686549,-19.021860,38.814518,57.908794,-9.163986,9.423935,-13.859803
497.000000,-2314.364258,-1297.842163,78.239639,-1.433351,0.118675,-47.916273,1.000700,3.802688,8.128293,14.959816,-15.859572,-1.056751,-9.824811,-8.733471,-14.072515,32.745667,-11.654653,3.564391,4.274922,-5.252382,1.109941,-4.894194,20.642267,-36.070160,59.181347,15.421929,10.341096,-1.156841,-6.617847,-19.789804,38.470112,57.127586,-9.141484,9.047298,-14.269499
498.000000,-2314.118408,-1298.060425,78.271980,-1.806850,0.467835,-47.873071,0.928452,4.167802,7.874910,14.853437,-16.093060,-1.040401,-11.896514,-7.942945,-14.214018,32.931488,-12.883833,2.868261,4.058713,-5.163222,1.065893,-5.839127,21.173054,-35.985477,57.996048,15.072840,10.021014,-1.059598,-6.505178,-20.482706,37.994316,56.363335,-9.159161,8.695526,-14.703250
499.000000,-2313.881104,-1298.338623,78.282387,-2.057902,0.573448,-47.732053,1.120336,4.441474,7.534302,14.692086,-16.320112,-1.062871,-14.048794,-7.201783,-14.616893,32.685455,-13.909918,2.188564,3.583833,-5.136797,1.344542,-6.847640,21.770702,-35.817020,56.565842,14.803582,9.728754,-0.951564,-6.461333,-21.116451,37.264355,55.756073,-9.218536,8.297194,-15.121960
500.000000,-2313.602539,-1298.697144,78.264923,-2.176394,0.487254,-47.621655,1.710949,4.556400,7.310945,14.311755,-16.472986,-1.140232,-15.850317,-6.608665,-14.782303,31.976437,-14.016556,1.613577,3.041228,-5.160964,1.717957,-7.660365,22.253414,-35.606995,55.418907,14.300339,9.319944,-0.779325,-6.430492,-21.620829,36.459244,55.507492,-9.229033,7.958307,-15.470128
501.000000,-2313.250488,-1299.158813,78.211830,-2.222954,0.412900,-47.591046,2.634061,4.648149,7.230544,13.777352,-16.730457,-1.280110,-17.868294,-5.955336,-14.832813,30.525009,-13.227301,1.005066,2.440541,-5.152346,1.917732,-8.431576,22.700600,-35.514103,54.416775,13.553548,8.732320,-0.554924,-6.231603,-22.259272,35.731884,55.391327,-9.228024,7.700972,-15.929498
502.000000,-2312.841797,-1299.718872,78.128464,-2.239807,0.410159,-47.669661,3.570450,4.727370,7.321836,13.235718,-17.070747,-1.428977,-19.573915,-5.397050,-14.800483,28.346268,-11.457204,0.580605,1.925605,-5.081049,1.767476,-8.948495,22.958424,-35.575981,54.012131,12.530128,8.238325,-0.347433,-5.915939,-22.846928,35.366207,55.339775,-9.015427,7.652006,-16.362120
503.000000,-2312.397461,-1300.366821,78.019073,-2.254602,0.294626,-47.836207,4.805529,4.845298,7.553422,12.555880,-17.475426,-1.618981,-20.912062,-4.849101,-14.664381,25.645182,-9.384372,0.320029,1.440450,-4.923635,1.632381,-9.260345,23.111191,-35.634895,53.976826,11.611792,7.926456,-0.180700,-5.649415,-23.311474,35.080936,55.334816,-8.825404,7.653468,-16.765779
504.000000,-2311.916260,-1301.122803,77.869026,-2.231642,0.097136,-47.926361,6.242228,4.950728,7.738059,11.843075,-17.954575,-1.873097,-21.889133,-4.414361,-14.322069,22.815014,-7.341178,0.212532,0.935106,-4.748452,1.559649,-9.344202,23.244438,-35.641830,54.034382,10.908352,7.802221,-0.061374,-5.345669,-23.680437,34.893127,55.340069,-8.793254,7.654086,-17.204998
505.000000,-2311.428223,-1301.954590,77.670723,-2.129899,-0.110398,-47.791256,7.195100,4.985718,7.721867,11.475451,-18.352768,-2.077612,-22.334774,-4.301965,-14.099435,20.969828,-6.101113,0.172673,0.542830,-4.663085,1.543177,-9.328675,23.324667,-35.645145,54.116619,10.453788,7.788141,-0.005071,-5.089628,-23.880005,34.826454,55.342567,-8.765114,7.652394,-17.518944
506.000000,-2310.923828,-1302.891113,77.407486,-1.927291,-0.221537,-47.519363,8.517532,4.986501,7.570959,11.168694,-19.148190,-2.445581,-22.878445,-4.337738,-13.721420,18.257099,-4.422764,0.121913,-0.050892,-4.626141,1.445088,-9.171019,23.482603,-35.650280,54.178841,9.847267,7.810429,0.047921,-4.585056,-24.120478,34.757793,55.344025,-8.720479,7.630036,-17.996157
507.000000,-2310.414551,-1303.922607,77.080490,-1.642998,-0.201802,-47.164288,9.461363,4.952323,7.311210,11.241490,-20.113991,-2.823894,-23.360733,-4.499785,-13.200589,16.157301,-3.257536,0.062873,-0.544908,-4.694387,1.245839,-8.909721,23.688530,-35.653015,54.153057,9.423200,7.890946,0.055352,-4.040302,-24.218729,34.576603,55.422436,-8.706964,7.532727,-18.417439
508.000000,-2309.939697,-1304.955322,76.717514,-1.338599,-0.071280,-46.801514,10.090399,4.956047,6.986652,11.753071,-21.340208,-3.246542,-24.033648,-4.698147,-12.486602,14.997735,-2.527881,-0.131546,-1.025440,-4.760466,1.049051,-8.568214,23.944824,-35.650620,54.002426,9.097341,8.099922,0.057796,-3.539176,-24.226978,34.183735,55.616833,-8.699224,7.340141,-18.851891
509.000000,-2309.447998,-1306.096558,76.285553,-1.006931,0.103578,-46.512143,10.623104,5.020026,6.751893,12.502846,-22.746946,-3.734708,-24.878082,-4.821186,-11.650589,14.982651,-2.216300,-0.374696,-1.381759,-4.793753,0.939485,-8.171220,24.261778,-35.616520,53.751507,8.898130,8.327600,0.056921,-3.064711,-24.224461,33.708431,55.782051,-8.797235,7.137699,-19.286318
510.000000,-2308.921387,-1307.310791,75.851334,-1.023100,0.380359,-46.231890,10.856333,5.322780,6.610625,13.213811,-23.836662,-4.114637,-25.629116,-4.729714,-11.332813,16.470385,-0.586731,-1.316273,-1.596531,-4.561493,0.880817,-7.891995,24.379105,-35.552666,53.665520,8.841650,8.499515,0.067191,-2.801799,-24.224699,33.413750,55.986275,-8.893844,6.998220,-19.592428
511.000000,-2308.367432,-1308.518066,75.483551,-1.417355,0.832423,-45.914830,11.048828,6.311562,6.303699,14.378041,-25.542437,-4.745660,-26.740492,-4.279176,-11.280452,19.478786,1.546399,-1.845948,-1.953890,-3.628201,0.761094,-7.455200,24.320477,-35.510250,53.618980,8.810363,8.826373,0.104898,-2.451140,-24.212757,32.928242,56.546379,-8.960610,6.810920,-20.082897
512.000000,-2307.832031,-1309.670776,75.182281,-1.783250,1.347572,-45.563762,11.141694,7.311198,5.927274,15.212470,-26.755392,-5.264594,-27.783504,-3.900441,-11.563794,22.513166,1.768547,-2.006446,-2.228701,-2.624084,0.664777,-7.125377,24.113781,-35.501354,53.613609,8.756721,9.049361,0.142473,-2.112046,-24.139637,32.303577,57.168335,-8.972906,6.688760,-20.553839
513.000000,-2307.295898,-1310.858398,74.951927,-1.841781,1.800222,-45.170132,11.046617,7.968663,5.475235,16.338308,-27.275885,-5.794196,-28.649353,-3.752741,-11.665331,25.345478,1.378402,-2.156801,-2.488782,-2.000113,0.635186,-6.735839,23.994192,-35.501457,53.613548,8.567799,9.071277,0.165922,-1.667908,-23.909676,31.597609,57.719650,-8.982478,6.599539,-21.108835
514.000000,-2306.768555,-1311.945923,74.854294,-1.761357,2.034934,-45.107501,10.870303,8.325318,5.157254,18.180000,-26.995258,-6.353321,-29.231436,-3.726574,-11.570928,28.212093,-0.427368,-2.336392,-2.566144,-1.615865,0.759206,-6.169131,23.879381,-35.524155,53.641151,8.134598,9.069313,0.217299,-1.305825,-23.678137,31.280951,58.424545,-8.886185,6.440443,-21.654995
515.000000,-2306.184570,-1313.028564,74.881920,-1.692945,2.254925,-45.272940,10.609677,8.528682,4.596627,20.241682,-25.944952,-6.629610,-29.373196,-3.541053,-11.434114,30.290159,-2.805501,-2.465092,-2.605048,-1.158715,0.739192,-5.340325,23.704102,-35.615238,53.840160,7.528349,9.029182,0.236074,-1.038172,-23.470251,31.232327,59.284065,-8.577532,6.320800,-22.100531
516.000000,-2305.582275,-1314.085449,74.982918,-1.575478,2.418783,-45.563687,10.369777,8.533988,3.993689,21.879770,-24.724361,-6.693669,-29.205730,-3.347574,-11.255578,31.305979,-4.251111,-2.538021,-2.611102,-0.864399,0.649101,-4.660720,23.562326,-35.689381,54.128719,7.087077,9.009284,0.234321,-0.807453,-23.308115,31.229393,59.901535,-8.218711,6.298591,-22.397732
517.000000,-2304.937988,-1315.162476,75.126877,-1.627815,2.467207,-45.875195,10.045087,8.602637,3.124446,24.189226,-22.691315,-6.924885,-28.575315,-2.958277,-11.102407,32.070904,-5.795322,-2.659899,-2.555001,-0.409212,0.517056,-3.817837,23.340446,-35.729771,54.659492,6.776004,9.004946,0.228152,-0.361335,-23.104397,31.232441,60.602989,-7.852626,6.323456,-22.760681
518.000000,-2304.280518,-1316.216187,75.293373,-1.827243,2.408240,-45.997945,9.558107,8.911639,2.274088,26.902164,-20.363937,-7.127610,-27.496786,-2.420815,-11.210585,32.258389,-7.044387,-2.813738,-2.544900,0.260288,0.305472,-2.978820,23.065254,-35.731544,55.233059,6.755478,9.084344,0.225156,0.355821,-22.955826,31.236435,61.020191,-7.756289,6.374282,-23.098372
519.000000,-2303.645996,-1317.219727,75.486435,-1.891736,2.199473,-45.931825,8.890470,9.144865,1.459686,29.954742,-17.345022,-7.412864,-26.089298,-2.115467,-11.455757,32.245323,-8.234713,-2.932171,-2.585701,0.808079,0.156319,-2.249031,22.794630,-35.727264,55.587128,6.862261,9.289087,0.222720,1.327204,-22.876619,31.317181,61.163063,-7.565909,6.384101,-23.356318
520.000000,-2303.034180,-1318.184937,75.724266,-1.792734,1.886513,-45.986781,7.993374,9.113544,0.799676,33.375183,-13.266325,-7.764568,-24.479086,-1.916283,-11.463737,31.965155,-9.230777,-3.014744,-2.489692,1.078425,0.108097,-1.683818,22.534386,-35.687004,55.996712,7.367054,9.433734,0.221908,2.233939,-22.758957,31.545401,61.282600,-7.443624,6.390752,-23.477480
521.000000,-2302.429688,-1319.069458,75.985855,-1.691711,1.545271,-45.951682,6.806499,8.758801,0.068153,36.648445,-9.778987,-7.509532,-22.729614,-1.761583,-11.436536,31.306389,-9.958887,-3.040204,-2.472939,1.305070,0.101889,-1.231127,22.229946,-35.637943,56.460667,8.032894,9.559057,0.224020,2.930983,-22.614008,31.755802,61.511261,-7.339460,6.393030,-23.499002
522.000000,-2301.846436,-1319.848022,76.236168,-1.591088,1.136782,-45.849469,5.103702,8.175511,-0.058860,39.764153,-9.929211,-6.896884,-20.941208,-1.688683,-11.454760,30.501434,-10.517608,-3.019134,-2.503561,1.539922,0.241567,-1.034214,21.844440,-35.589622,56.950432,8.775264,9.652441,0.243992,3.438247,-22.488522,31.839689,61.844128,-7.259073,6.409953,-23.504215
523.000000,-2301.310059,-1320.535889,76.476196,-1.462982,0.696889,-45.843015,3.308089,7.636162,0.564408,42.326569,-12.446606,-6.210342,-19.136278,-1.614522,-11.331372,29.575939,-10.916997,-2.911138,-2.403526,1.596415,0.435233,-0.850911,21.540462,-35.508129,57.349228,9.371969,9.681579,0.355990,3.798522,-22.257595,31.872372,62.281574,-7.136566,6.434627,-23.500809
524.000000,-2300.799561,-1321.169434,76.720894,-1.306892,0.354121,-45.812745,1.886731,7.329021,1.179864,43.652103,-14.569706,-5.738490,-17.834955,-1.595862,-11.252439,28.754368,-11.110407,-2.800092,-2.365417,1.534073,0.467687,-0.619603,21.407173,-35.476833,57.585983,9.699374,9.662665,0.496543,4.029857,-22.025255,31.904505,62.648815,-6.966093,6.439151,-23.464808
525.000000,-2300.296875,-1321.772705,76.975929,-1.056019,0.061284,-45.921689,0.078604,7.020370,2.131071,44.531204,-17.241865,-5.246606,-16.201056,-1.620921,-11.026629,27.592100,-11.263264,-2.655550,-2.252130,1.256306,0.450922,-0.237348,21.339197,-35.470852,57.941216,10.113587,9.630662,0.745084,4.254697,-21.661003,32.003616,63.163818,-6.782813,6.443316,-23.311625
526.000000,-2299.822998,-1322.299438,77.225563,-0.807130,-0.171215,-46.069097,-1.570529,6.902565,3.099413,44.320316,-19.755522,-4.965878,-14.669301,-1.672434,-10.711025,26.315996,-11.270051,-2.503988,-2.125728,0.855633,0.424046,0.206652,21.365141,-35.465351,58.290520,10.366984,9.626983,1.020470,4.330886,-21.254810,32.073986,63.700703,-6.746702,6.447603,-23.075708
527.000000,-2299.348389,-1322.760254,77.476814,-0.566890,-0.315286,-46.199877,-3.081314,6.933835,3.832456,43.067368,-21.621426,-4.857107,-13.213950,-1.760719,-10.445779,24.874273,-11.110824,-2.333661,-2.091244,0.455413,0.398196,0.682234,21.427626,-35.431931,58.516872,10.475592,9.657627,1.271019,4.323856,-20.838871,32.080154,64.166336,-6.759542,6.450998,-22.861795
528.000000,-2298.851562,-1323.143555,77.725174,-0.469148,-0.293986,-46.367822,-4.387898,7.048526,4.134428,40.329689,-22.547783,-4.852262,-11.832821,-1.761629,-10.228408,23.080210,-10.667063,-2.148842,-1.982749,0.224813,0.259025,1.185726,21.387297,-35.262432,58.560459,10.496489,9.692677,1.532615,4.399674,-20.485241,32.078903,64.504807,-6.745224,6.454511,-22.636599
529.000000,-2298.349121,-1323.435059,77.937866,-0.492931,-0.214692,-46.611535,-5.502512,7.327142,4.230023,36.672379,-22.550255,-4.919999,-10.553740,-1.635602,-10.006082,21.126295,-10.032784,-1.943658,-1.720902,0.211518,0.143277,1.618769,21.241783,-35.005997,58.561554,10.528952,9.647130,1.806747,4.531201,-20.247753,32.076687,64.644272,-6.706939,6.461711,-22.360687
530.000000,-2297.841309,-1323.640015,78.108856,-0.597360,-0.139993,-46.760757,-6.488981,7.716522,4.302489,32.617104,-21.345631,-4.968875,-9.315997,-1.528567,-9.919903,19.189781,-9.371847,-1.673335,-1.538022,0.320525,0.150493,1.947326,21.071510,-34.778152,58.556984,10.555234,9.534713,2.082358,4.610163,-20.057297,32.077427,64.725243,-6.624979,6.466802,-22.044817
531.000000,-2297.317871,-1323.756592,78.228905,-0.728383,-0.034602,-46.876024,-7.203472,7.968330,4.409483,29.607908,-19.499708,-4.986809,-8.534596,-1.507809,-9.889959,17.932613,-8.945597,-1.419409,-1.418635,0.442921,0.169227,2.116945,20.934523,-34.702606,58.551853,10.563596,9.451146,2.272960,4.641165,-19.947136,32.081379,64.799400,-6.498278,6.484761,-21.784185
532.000000,-2296.752441,-1323.779663,78.287453,-0.925888,0.047212,-47.014890,-8.078488,8.190784,4.636598,25.879057,-16.062986,-5.003324,-7.708179,-1.523078,-9.840411,16.668362,-8.545032,-1.012065,-1.243421,0.719958,0.247940,2.244134,20.684597,-34.690144,58.543671,10.568069,9.384126,2.489435,4.648335,-19.905088,32.096500,64.863914,-6.281031,6.546343,-21.423052
533.000000,-2296.184814,-1323.721069,78.273376,-1.270081,-0.017691,-47.188963,-8.739776,8.353516,4.903164,22.513119,-10.802978,-5.093731,-7.003874,-1.461512,-9.790330,15.855262,-8.349216,-0.531789,-1.079200,1.246876,0.451568,2.288271,20.303492,-34.688507,58.535648,10.568223,9.371899,2.664900,4.621089,-19.980659,32.104202,64.909218,-6.062459,6.642277,-21.108194
534.000000,-2295.581543,-1323.711792,78.289848,-1.361630,-0.162439,-47.740777,-8.314801,8.369064,5.635778,21.644953,-10.788887,-5.017413,-6.391223,-1.543151,-9.351989,15.507742,-8.363416,-0.043014,-0.697921,1.464630,0.614497,2.462313,19.989534,-34.686783,58.601974,10.564976,9.368743,2.888655,4.633471,-19.870348,32.154716,65.026138,-5.839709,6.795407,-20.749268
535.000000,-2295.004883,-1323.763794,78.356468,-1.456076,0.023924,-47.943577,-7.432717,8.142937,6.003729,20.341690,-11.197183,-4.861145,-5.995395,-1.744855,-9.407262,14.894834,-8.136245,0.363147,-0.661089,1.473472,0.089233,2.843355,19.778793,-34.687893,58.745674,10.558819,9.379502,3.068705,4.895700,-19.570766,32.346004,65.115547,-5.749743,7.042422,-20.361835
536.000000,-2294.513916,-1323.799316,78.418388,-1.540328,0.107426,-47.949310,-6.785344,7.968192,6.151156,19.397825,-11.378187,-4.761869,-5.588310,-1.912029,-9.791972,14.353213,-7.936289,0.609107,-0.674281,1.431036,-0.171106,2.953929,19.697081,-34.690861,58.781082,10.554357,9.390310,3.144480,5.110457,-19.322842,32.499420,65.122025,-5.747301,7.247190,-20.083252
537.000000,-2294.123535,-1323.815063,78.468880,-1.501851,0.040503,-47.933945,-5.940898,7.649530,6.352525,18.335348,-11.430162,-4.599741,-4.943449,-2.221386,-10.304804,13.667130,-7.787428,0.911926,-0.666976,1.199460,-0.257804,2.926678,19.671051,-34.694572,58.783188,10.557191,9.395835,3.259451,5.274965,-18.936104,32.614460,65.125809,-5.768956,7.560176,-19.697802
538.000000,-2293.771729,-1323.823730,78.518990,-1.416073,-0.117171,-48.000122,-5.079883,7.293382,6.615333,17.430592,-11.333004,-4.390876,-4.241224,-2.568675,-10.790173,12.999848,-7.657416,1.165517,-0.604877,0.862776,-0.175571,2.859123,19.670933,-34.730770,58.783192,10.570199,9.404290,3.389304,5.310472,-18.520161,32.654747,65.129883,-5.835912,7.912706,-19.331074
539.000000,-2293.458252,-1323.832031,78.560860,-1.374322,-0.276544,-48.099329,-4.285997,7.025301,6.858397,16.665247,-11.276759,-4.170225,-3.594955,-2.831725,-11.318037,12.398473,-7.477246,1.369920,-0.553073,0.621578,-0.101695,2.851375,19.671431,-34.876144,58.785679,10.580736,9.436015,3.457563,5.301266,-18.131598,32.664669,65.135170,-5.981196,8.285936,-19.047274
540.000000,-2293.177490,-1323.839600,78.594765,-1.347618,-0.427420,-48.179739,-3.595145,6.796195,7.045191,16.043997,-11.251393,-3.983095,-3.014232,-3.060035,-11.890616,11.881137,-7.296425,1.539654,-0.534375,0.461325,-0.055724,2.883400,19.665272,-35.065163,58.791016,10.592772,9.523788,3.465164,5.294330,-17.780851,32.672909,65.149826,-6.147314,8.652384,-18.819172
541.000000,-2292.934326,-1323.833984,78.616074,-1.339016,-0.543505,-48.287281,-3.036192,6.603231,7.215624,15.592054,-11.300044,-3.782924,-2.540376,-3.244231,-12.340756,11.454080,-7.137640,1.701438,-0.473517,0.407678,-0.025804,2.906914,19.615507,-35.210865,58.795742,10.628541,9.693565,3.455600,5.273343,-17.517403,32.741676,65.216537,-6.296878,9.016364,-18.616526
542.000000,-2292.694824,-1323.813599,78.626923,-1.303551,-0.636681,-48.393000,-2.590892,6.388682,7.373373,15.253632,-11.382283,-3.559942,-2.166234,-3.446026,-12.703187,11.114421,-7.056010,1.867405,-0.420413,0.424147,0.006141,2.908814,19.530432,-35.312454,58.800255,10.687481,9.923300,3.446800,5.199943,-17.342518,32.838543,65.333008,-6.385504,9.384969,-18.390064
543.000000,-2292.471436,-1323.783569,78.630013,-1.261913,-0.709983,-48.511497,-2.226754,6.173913,7.533521,14.999752,-11.484498,-3.341289,-1.820952,-3.633064,-12.960200,10.743585,-6.997980,2.028890,-0.418494,0.511417,0.045825,2.904457,19.435362,-35.448120,58.805958,10.717505,10.180862,3.437279,5.071355,-17.240946,32.944172,65.481476,-6.444829,9.730311,-18.144138
544.000000,-2292.274170,-1323.755493,78.626953,-1.197462,-0.736534,-48.718065,-1.990764,6.023226,7.718946,14.831864,-11.558687,-3.193729,-1.611506,-3.758839,-13.071067,10.448412,-6.967505,2.139207,-0.398631,0.591725,0.056585,2.904063,19.375217,-35.556885,58.810806,10.720634,10.368814,3.409221,4.956585,-17.198616,33.060204,65.567635,-6.503569,9.975278,-17.948559
545.000000,-2292.099121,-1323.734253,78.628716,-1.139515,-0.802087,-48.942940,-1.629753,5.833015,8.000497,14.552902,-11.609610,-3.034272,-1.325728,-3.899368,-13.104272,10.047953,-6.923998,2.236501,-0.355160,0.683096,0.127907,2.896042,19.320013,-35.624962,58.817673,10.719845,10.565843,3.355479,4.808416,-17.167753,33.251129,65.592239,-6.585567,10.255966,-17.661531
546.000000,-2291.934082,-1323.731567,78.641617,-1.118039,-0.864303,-49.049916,-1.247121,5.683503,8.155709,14.201417,-11.593523,-2.912504,-1.020624,-3.973084,-13.001361,9.687890,-6.797772,2.356347,-0.363185,0.814105,0.198440,2.889416,19.274467,-35.701801,58.824982,10.717343,10.702976,3.283423,4.730322,-17.154305,33.499371,65.596786,-6.688437,10.442355,-17.352142
547.000000,-2291.782471,-1323.750244,78.655075,-1.062182,-0.905163,-49.061246,-0.879365,5.486607,8.196737,13.763659,-11.497355,-2.805206,-0.765639,-4.097583,-12.980108,9.457664,-6.758689,2.473066,-0.383353,0.869965,0.220193,2.888134,19.264339,-35.758553,58.829517,10.723410,10.782336,3.192413,4.721088,-17.107658,33.753296,65.606300,-6.809926,10.594712,-16.981316
548.000000,-2291.646484,-1323.779663,78.665604,-0.988004,-0.961603,-49.107410,-0.462022,5.283153,8.273909,13.258108,-11.365548,-2.713615,-0.571641,-4.241411,-12.923249,9.373009,-6.797494,2.574199,-0.351570,0.877940,0.254579,2.895639,19.264053,-35.875263,58.842110,10.735351,10.852856,3.112368,4.696361,-17.023319,33.959190,65.636200,-6.968510,10.730785,-16.579544
549.000000,-2291.522705,-1323.816650,78.671829,-0.921704,-1.013826,-49.176327,-0.150943,5.148879,8.354135,12.900855,-11.280883,-2.656295,-0.451335,-4.338747,-12.859063,9.356181,-6.851543,2.642305,-0.326876,0.881494,0.273397,2.917554,19.263834,-36.057652,58.866821,10.743697,10.900251,3.032891,4.657988,-16.946787,34.097908,65.665428,-7.116127,10.806884,-16.286303
550.000000,-2291.401367,-1323.862549,78.674988,-0.865101,-1.055755,-49.251121,0.221237,4.997673,8.458513,12.488674,-11.196346,-2.595126,-0.314362,-4.447488,-12.773042,9.352494,-6.935018,2.723500,-0.315595,0.889276,0.282901,2.971406,19.261055,-36.342175,58.903965,10.752343,10.944791,2.878374,4.586182,-16.830404,34.253983,65.710518,-7.312171,10.867178,-15.913532
551.000000,-2291.291992,-1323.911621,78.676147,-0.815633,-1.077502,-49.308745,0.518955,4.877014,8.538310,12.158525,-11.136267,-2.549498,-0.213241,-4.534678,-12.708842,9.367172,-7.021394,2.790826,-0.315277,0.896436,0.284835,3.031998,19.250490,-36.582432,58.925438,10.761672,10.971269,2.692856,4.513993,-16.707926,34.346214,65.761017,-7.485999,10.887665,-15.578305
552.000000,-2291.195068,-1323.957520,78.675339,-0.765105,-1.043578,-49.323709,0.752500,4.739639,8.578549,11.839191,-11.070104,-2.500044,-0.185944,-4.646797,-12.682858,9.456260,-7.148670,2.858953,-0.325472,0.897010,0.265241,3.091107,19.219074,-36.782764,58.933552,10.778041,10.987553,2.474457,4.443028,-16.563986,34.375553,65.816513,-7.671426,10.910809,-15.190705
553.000000,-2291.111572,-1323.995728,78.674026,-0.713799,-0.982023,-49.318791,0.875118,4.612602,8.584020,11.591709,-11.005966,-2.452772,-0.246913,-4.763027,-12.690461,9.605818,-7.282941,2.913104,-0.321688,0.894117,0.264834,3.102360,19.167196,-36.913578,58.939434,10.795193,10.992843,2.287801,4.350513,-16.473459,34.461498,65.819229,-7.795146,10.952265,-14.808418
554.000000,-2291.040527,-1324.030884,78.673157,-0.679687,-0.930053,-49.317713,0.971677,4.514757,8.587838,11.393249,-10.958128,-2.414896,-0.291732,-4.853160,-12.714297,9.711150,-7.380691,2.959487,-0.267612,0.894325,0.300622,3.066064,19.084957,-37.012344,58.981350,10.809196,10.994925,2.115359,4.202609,-16.434559,34.733612,65.813560,-7.837427,10.995348,-14.410048
555.000000,-2290.983887,-1324.065430,78.671196,-0.666499,-0.876569,-49.263212,0.991479,4.452337,8.532931,11.315768,-10.954122,-2.385763,-0.305761,-4.911555,-12.793525,9.757309,-7.448000,2.994586,-0.219962,0.895097,0.344851,2.986291,19.001440,-37.148537,59.054836,10.822585,10.995309,1.954158,4.015070,-16.421213,35.085716,65.791428,-7.853559,11.014211,-14.035428
556.000000,-2290.936523,-1324.102417,78.668678,-0.661640,-0.821033,-49.165200,0.962695,4.404272,8.419076,11.302368,-10.969681,-2.363101,-0.303816,-4.959795,-12.927927,9.787294,-7.511586,3.022169,-0.198755,0.891153,0.378436,2.900425,18.926056,-37.295380,59.122673,10.838554,10.993525,1.814184,3.798337,-16.416752,35.438034,65.750603,-7.863914,11.020988,-13.701632
557.000000,-2290.894775,-1324.143311,78.666260,-0.660062,-0.769672,-49.048198,0.926804,4.364484,8.283312,11.300630,-10.989822,-2.346658,-0.285478,-4.999610,-13.084252,9.800726,-7.570731,3.045915,-0.186871,0.884390,0.390468,2.825802,18.857523,-37.452450,59.192158,10.854222,10.989489,1.694413,3.560503,-16.410652,35.755562,65.717758,-7.872857,11.022407,-13.413110
558.000000,-2290.858643,-1324.186157,78.663841,-0.659860,-0.732740,-48.927887,0.908654,4.338920,8.177619,11.300521,-11.006639,-2.337847,-0.257299,-5.024772,-13.205782,9.803811,-7.613980,3.062069,-0.179087,0.880662,0.394053,2.777440,18.810282,-37.575775,59.247551,10.865030,10.985304,1.614189,3.374034,-16.404243,35.966663,65.705452,-7.879570,11.020864,-13.227341
559.000000,-2290.829834,-1324.229492,78.660866,-0.652383,-0.703885,-48.811027,0.898207,4.304484,8.042523,11.291365,-11.023927,-2.331328,-0.224591,-5.062405,-13.365874,9.836662,-7.687192,3.080554,-0.169106,0.870729,0.397112,2.718301,18.768139,-37.764797,59.312466,10.877425,10.978982,1.504281,3.121393,-16.397654,36.229473,65.688957,-7.890591,11.016600,-12.997571
560.000000,-2290.807861,-1324.273682,78.658066,-0.638567,-0.677916,-48.731292,0.910183,4.271499,7.946387,11.245857,-11.023814,-2.331431,-0.226257,-5.105076,-13.500519,9.922853,-7.779658,3.094000,-0.148052,0.845792,0.400366,2.648865,18.763062,-37.995659,59.359055,10.885658,10.972850,1.371371,2.863812,-16.396328,36.471260,65.642822,-7.905592,10.999723,-12.750167
561.000000,-2290.792969,-1324.315918,78.655388,-0.624581,-0.653651,-48.667427,0.931970,4.251674,7.894910,11.194498,-11.022086,-2.334132,-0.235192,-5.136432,-13.608182,9.999523,-7.861136,3.103778,-0.124434,0.819715,0.403593,2.566778,18.761951,-38.211819,59.403484,10.885349,10.968205,1.218935,2.612359,-16.395426,36.653030,65.593369,-7.920260,10.950516,-12.490894
562.000000,-2290.786133,-1324.357178,78.652199,-0.608123,-0.632812,-48.567271,0.929366,4.227691,7.805356,11.168294,-11.019731,-2.338074,-0.236594,-5.178775,-13.767966,10.083738,-7.957682,3.108608,-0.125709,0.769610,0.409658,2.417114,18.760950,-38.400696,59.449383,10.874518,10.965096,1.035676,2.395355,-16.393423,36.851521,65.548264,-7.934905,10.873381,-12.194264
563.000000,-2290.784180,-1324.399414,78.649261,-0.594979,-0.616771,-48.459386,0.924308,4.210192,7.704939,11.147861,-11.016508,-2.346543,-0.223931,-5.213866,-13.939500,10.151793,-8.048293,3.107821,-0.127280,0.704975,0.414077,2.220627,18.758707,-38.570625,59.484955,10.861876,10.960144,0.865633,2.224203,-16.389812,37.052238,65.506958,-7.950627,10.787809,-11.878536
564.000000,-2290.784180,-1324.442261,78.646774,-0.586678,-0.605551,-48.357576,0.922772,4.204177,7.632058,11.136995,-11.015817,-2.356158,-0.202820,-5.231121,-14.065270,10.184284,-8.106398,3.104130,-0.127942,0.652653,0.416166,2.057337,18.756027,-38.688393,59.509968,10.852796,10.947878,0.755954,2.123768,-16.386084,37.192997,65.476746,-7.963501,10.728035,-11.639602
565.000000,-2290.784912,-1324.486694,78.644569,-0.581017,-0.596826,-48.263604,0.923992,4.203124,7.552390,11.127845,-11.017237,-2.370427,-0.168592,-5.243193,-14.206755,10.205433,-8.165971,3.096706,-0.128680,0.588589,0.417014,1.854422,18.750479,-38.818535,59.550823,10.842710,10.913046,0.645628,2.033674,-16.381521,37.346893,65.439987,-7.980076,10.668201,-11.359218
566.000000,-2290.784180,-1324.529785,78.642616,-0.577680,-0.592193,-48.188064,0.932014,4.206348,7.469075,11.116371,-11.020741,-2.389647,-0.120985,-5.250482,-14.362115,10.216238,-8.227980,3.085063,-0.129613,0.513991,0.417466,1.613254,18.736662,-38.959507,59.622322,10.831525,10.847979,0.536200,1.959662,-16.377295,37.516029,65.395462,-8.000896,10.616027,-11.036240
567.000000,-2290.777100,-1324.571655,78.641060,-0.583068,-0.594955,-48.157653,0.966376,4.223476,7.434932,11.104207,-11.034754,-2.411170,-0.059663,-5.234922,-14.450555,10.190507,-8.261631,3.077458,-0.130570,0.473736,0.418143,1.434649,18.737774,-39.170437,59.773693,10.832121,10.808616,0.446233,1.913382,-16.374846,37.623592,65.369980,-8.018872,10.586308,-10.766351
568.000000,-2290.764648,-1324.607300,78.637764,-0.604095,-0.610652,-48.142703,0.973561,4.261958,7.417453,11.186262,-11.099209,-2.431788,0.033536,-5.191749,-14.501658,10.106407,-8.265382,3.072657,-0.135726,0.486243,0.434326,1.319863,18.737452,-39.275997,59.913937,10.830127,10.744803,0.289626,1.896724,-16.376270,37.637371,65.362305,-8.130272,10.573407,-10.543382
569.000000,-2290.753174,-1324.626953,78.628090,-0.653551,-0.616924,-48.156703,0.858087,4.345921,7.412977,11.507848,-11.286407,-2.445749,0.077870,-5.121038,-14.517911,10.070610,-8.271567,3.062065,-0.119608,0.564569,0.464406,1.197122,18.736658,-39.284939,59.985054,10.832025,10.717122,0.059993,1.882335,-16.383682,37.672626,65.357498,-8.301143,10.575897,-10.366813
570.000000,-2290.740479,-1324.631592,78.614357,-0.717284,-0.637819,-48.188464,0.741205,4.419044,7.417617,11.821124,-11.462816,-2.450970,0.095002,-5.064954,-14.513511,10.068537,-8.276196,3.056170,-0.102743,0.653721,0.500739,1.084405,18.732773,-39.287476,59.989944,10.838946,10.713792,-0.088262,1.869748,-16.384884,37.711670,65.338310,-8.416011,10.592077,-10.280733
571.000000,-2290.721680,-1324.626709,78.599426,-0.785573,-0.653318,-48.225427,0.547395,4.530515,7.422762,12.339056,-11.754095,-2.453921,0.121813,-4.982732,-14.508535,10.068525,-8.282770,3.052177,-0.096168,0.827596,0.542661,0.882278,18.700382,-39.290989,59.990273,10.890263,10.709312,-0.270170,1.866059,-16.381714,37.789677,65.273659,-8.641406,10.644930,-10.183707
572.000000,-2290.695068,-1324.613281,78.585442,-0.850224,-0.670943,-48.264529,0.375305,4.618398,7.429133,12.784055,-12.009115,-2.449232,0.142755,-4.914741,-14.493914,10.049952,-8.278979,3.054887,-0.084656,1.021701,0.556047,0.659623,18.620991,-39.292339,59.991043,11.000086,10.704293,-0.369143,1.864594,-16.378099,37.887096,65.215675,-8.954171,10.699072,-10.101788
573.000000,-2290.664062,-1324.595459,78.573517,-0.900829,-0.717876,-48.305651,0.279238,4.675982,7.441835,13.134220,-12.220008,-2.435988,0.198790,-4.869203,-14.473199,10.026217,-8.277853,3.063828,-0.095870,1.216768,0.579776,0.412064,18.526714,-39.327320,59.995396,11.068172,10.676299,-0.444414,1.838762,-16.374086,37.918068,65.202461,-9.290315,10.716555,-10.003784
574.000000,-2290.632324,-1324.577637,78.560188,-0.933914,-0.795438,-48.384959,0.258565,4.716635,7.498484,13.433352,-12.410466,-2.413099,0.239975,-4.847939,-14.403451,10.103691,-8.326010,3.073602,-0.122257,1.384935,0.614020,0.198807,18.483908,-39.456074,59.998447,11.076175,10.577394,-0.491573,1.754071,-16.371683,37.925774,65.199631,-9.424389,10.757812,-9.898211
575.000000,-2290.604248,-1324.552490,78.542259,-0.965602,-0.840699,-48.540869,0.196695,4.765928,7.615925,13.754679,-12.605941,-2.391610,0.156906,-4.837442,-14.268567,10.317140,-8.417718,3.077369,-0.074754,1.517218,0.609205,0.042653,18.455965,-39.543732,59.999950,11.107909,10.469642,-0.545769,1.644819,-16.384264,37.930954,65.195999,-9.448337,10.810328,-9.795130
576.000000,-2290.590332,-1324.515015,78.522369,-0.992800,-0.867838,-48.720850,0.077809,4.831482,7.784299,14.162275,-12.838467,-2.369421,-0.045996,-4.833296,-14.073429,10.685550,-8.556924,3.074573,-0.006423,1.643838,0.629476,-0.130178,18.440598,-39.642124,59.999840,11.160313,10.357304,-0.643963,1.428243,-16.424801,37.964703,65.166916,-9.524343,10.900182,-9.639221
577.000000,-2290.596436,-1324.472168,78.502983,-1.013986,-0.868198,-48.697116,-0.082311,4.848321,7.764262,14.463733,-12.976494,-2.345188,-0.196456,-4.862160,-14.073178,10.961994,-8.669939,3.072088,-0.072029,1.690147,0.656129,-0.268850,18.441738,-39.733055,60.000763,11.196342,10.324072,-0.765076,1.266860,-16.466888,38.034325,65.153625,-9.751633,11.008646,-9.527775
578.000000,-2290.629150,-1324.423706,78.484985,-0.991387,-0.797025,-48.614815,-0.368003,4.818886,7.642944,14.800285,-13.090830,-2.299011,-0.496996,-4.962615,-14.174403,11.437762,-8.866537,3.066660,-0.216062,1.665289,0.679488,-0.507783,18.457869,-39.836620,59.995605,11.273549,10.315386,-0.992625,1.051087,-16.481131,38.043259,65.113647,-10.101986,11.118649,-9.467862
579.000000,-2290.687256,-1324.364990,78.469711,-0.930076,-0.727185,-48.559266,-0.651890,4.737747,7.548414,15.027840,-13.127691,-2.239485,-0.923733,-5.125634,-14.255090,12.055297,-9.106517,3.061591,-0.357490,1.527944,0.743366,-0.833085,18.557976,-40.056355,59.963852,11.422973,10.309253,-1.244606,0.749316,-16.477623,38.051834,65.031181,-10.446808,11.168139,-9.452883
580.000000,-2290.753662,-1324.297485,78.458160,-0.885560,-0.662253,-48.548799,-0.883187,4.676027,7.500241,15.198525,-13.138426,-2.195431,-1.278107,-5.246024,-14.285873,12.513299,-9.257395,3.059165,-0.446983,1.356203,0.830469,-1.178460,18.725801,-40.335384,59.859249,11.505357,10.295028,-1.426979,0.414315,-16.473997,38.065781,64.976067,-10.679855,11.175886,-9.448233
581.000000,-2290.815430,-1324.215210,78.450645,-0.861026,-0.578341,-48.644302,-1.168177,4.650380,7.533779,15.417393,-13.160570,-2.153489,-1.677179,-5.320589,-14.231047,12.887080,-9.321513,3.053744,-0.442947,1.165132,0.903116,-1.664962,18.891966,-40.614944,59.739918,11.649359,10.229007,-1.567760,-0.020338,-16.493938,38.094254,64.930840,-10.857987,11.187243,-9.446112
582.000000,-2290.868652,-1324.105469,78.443375,-0.855893,-0.530240,-48.764175,-1.423131,4.637586,7.599705,15.652812,-13.194580,-2.104755,-2.013508,-5.359851,-14.112031,13.143430,-9.310071,3.046143,-0.417359,1.025382,0.974171,-2.206311,18.966539,-40.935715,59.727268,11.694350,10.125111,-1.595818,-0.516593,-16.573376,38.174953,64.884735,-10.903910,11.197281,-9.447260
583.000000,-2290.907227,-1323.978516,78.435547,-0.866766,-0.538943,-48.896342,-1.624978,4.621554,7.646045,15.926226,-13.257873,-2.041321,-2.268742,-5.390824,-13.978241,13.364739,-9.264895,3.043665,-0.386923,0.937951,1.089980,-2.778183,18.963451,-41.211689,59.728130,11.699241,9.954144,-1.601601,-1.087594,-16.696812,38.214680,64.879967,-10.980148,11.199343,-9.465228
584.000000,-2290.935303,-1323.831787,78.427414,-0.869509,-0.493585,-49.059873,-1.878793,4.582999,7.716687,16.194206,-13.315213,-1.951678,-2.605276,-5.442162,-13.809183,13.604426,-9.202545,3.052955,-0.304804,0.865091,1.108730,-3.307865,18.904459,-41.349480,59.749447,11.704895,9.658009,-1.601323,-1.664924,-16.860672,38.219883,64.872009,-11.085617,11.195077,-9.562239
585.000000,-2290.964600,-1323.654541,78.419510,-0.878709,-0.386504,-49.125435,-2.154640,4.535695,7.697232,16.426325,-13.351151,-1.873584,-2.875072,-5.496893,-13.750515,13.747922,-9.137196,3.066678,-0.278617,0.826156,1.086227,-3.682527,18.839540,-41.431145,59.780682,11.712408,9.416413,-1.599132,-2.077697,-16.989594,38.221272,64.861458,-11.187887,11.182428,-9.682198
586.000000,-2291.003418,-1323.438232,78.413734,-0.840947,-0.296188,-49.134310,-2.600877,4.385883,7.591487,16.743292,-13.346911,-1.722218,-3.317590,-5.656572,-13.719403,14.017012,-9.038583,3.105749,-0.278466,0.731113,1.123026,-4.363689,18.710958,-41.599022,59.858135,11.723844,9.042784,-1.595004,-2.812324,-17.187042,38.220684,64.830063,-11.351291,11.154491,-9.937968
587.000000,-2291.044189,-1323.189819,78.408638,-0.749731,-0.149317,-49.150085,-3.013111,4.136449,7.502612,16.896173,-13.235254,-1.534881,-3.868606,-5.927480,-13.691623,14.435624,-8.990299,3.167277,-0.256461,0.554082,1.150239,-5.025435,18.543074,-41.711555,59.934532,11.726382,8.741926,-1.578575,-3.508890,-17.353214,38.179901,64.658798,-11.371897,11.144469,-10.273919
588.000000,-2291.079834,-1322.911743,78.405045,-0.663749,-0.014538,-49.188379,-3.449072,3.862511,7.466791,17.031603,-13.090946,-1.311513,-4.479640,-6.236025,-13.664466,14.874684,-8.896009,3.252184,-0.215820,0.359095,1.198236,-5.641086,18.326252,-41.734447,59.998627,11.732572,8.456964,-1.518514,-4.153867,-17.501665,38.023651,64.290665,-11.381960,11.087158,-10.765400
589.000000,-2291.108154,-1322.604980,78.401253,-0.574156,0.137764,-49.277276,-3.888110,3.583514,7.476333,17.145163,-12.931441,-1.079682,-5.149524,-6.557711,-13.629256,15.347620,-8.762116,3.342610,-0.159836,0.161960,1.221019,-6.157748,18.100740,-41.787312,60.065609,11.735947,8.180833,-1.416129,-4.739353,-17.589212,37.818817,63.879852,-11.385995,10.933623,-11.349644
590.000000,-2291.141357,-1322.270020,78.394547,-0.429211,0.301630,-49.385430,-4.274061,3.265148,7.498603,17.161835,-12.715053,-0.864985,-5.909122,-6.960074,-13.724221,16.022346,-8.695076,3.410524,-0.145427,-0.077660,1.233336,-6.564906,17.950867,-42.004475,60.099636,11.730020,7.974802,-1.311032,-5.229681,-17.606283,37.690456,63.474667,-11.391563,10.728547,-11.889507
591.000000,-2291.184082,-1321.914062,78.386742,-0.226631,0.451745,-49.590452,-4.680841,2.807426,7.601657,17.082853,-12.384394,-0.599521,-6.825368,-7.541838,-14.035603,16.768587,-8.627575,3.447670,-0.080132,-0.475535,1.269501,-7.029829,17.819902,-42.365372,60.130974,11.701276,7.773702,-1.205971,-5.802431,-17.555712,37.658401,63.023251,-11.405374,10.398703,-12.454103
592.000000,-2291.242432,-1321.526245,78.395592,0.035199,0.633058,-49.889682,-4.993192,2.274347,7.542374,16.755320,-11.866216,-0.314508,-7.713449,-8.099810,-14.151738,17.316858,-8.403940,3.472672,0.075313,-0.962829,1.312085,-7.516597,17.678833,-42.765411,60.326488,11.499799,7.557899,-1.056485,-6.395588,-17.340128,37.657707,62.947834,-11.412738,10.021420,-12.903560
593.000000,-2291.314697,-1321.099365,78.404518,0.246493,0.815090,-50.307555,-5.282122,1.777742,7.363976,16.331617,-11.349189,-0.078228,-8.614954,-8.554746,-14.164572,17.690430,-8.017564,3.486736,0.300970,-1.452807,1.396124,-8.052609,17.543537,-43.235619,60.646809,11.083810,7.320147,-0.926773,-7.059058,-17.067553,37.660778,62.946056,-11.386988,9.712462,-13.199286
594.000000,-2291.416748,-1320.598755,78.420456,0.454601,1.021209,-50.817441,-5.641387,1.436329,7.315409,16.172335,-10.939839,0.123963,-9.429548,-8.893442,-14.159357,18.041704,-7.620144,3.485989,0.452967,-1.848158,1.475282,-8.483386,17.488588,-43.603466,60.944435,10.627651,7.111014,-0.874378,-7.630744,-16.828655,37.662209,62.972195,-11.185369,9.491001,-13.369116
595.000000,-2291.521729,-1320.041016,78.468422,0.605874,1.198910,-51.293894,-6.130856,1.061513,7.312327,16.089466,-10.317668,0.413112,-10.441670,-9.292949,-14.167573,18.499432,-6.850116,3.488349,0.535450,-2.296941,1.717288,-9.051116,17.405607,-43.904434,61.427467,10.008226,6.845214,-0.840087,-8.380255,-16.544218,37.662411,63.004414,-10.669799,9.220449,-13.532459
596.000000,-2291.607178,-1319.416870,78.546875,0.705507,1.510488,-51.909799,-6.791622,0.659678,7.430598,15.763878,-9.380627,0.789949,-11.847626,-9.687822,-14.023493,18.939470,-5.512472,3.511076,0.608197,-2.768942,1.810858,-9.563214,17.285048,-44.066620,62.002064,9.506710,6.568635,-0.805948,-9.170178,-16.267086,37.801483,63.012596,-10.062338,8.932704,-13.608284
597.000000,-2291.681396,-1318.722290,78.650307,0.738322,1.828451,-52.532111,-7.392708,0.354722,7.562384,15.306535,-8.375597,1.154495,-13.250390,-9.960633,-13.818558,19.304470,-3.879889,3.530692,0.744688,-3.127539,1.838982,-9.881038,17.272509,-44.150475,62.398113,9.366548,6.312386,-0.756682,-9.808722,-16.159767,38.183273,62.921852,-9.778126,8.797819,-13.581883
598.000000,-2291.740723,-1317.983398,78.759834,0.759056,2.103827,-53.133943,-7.906137,0.020123,7.695086,14.606147,-7.204831,1.527608,-14.606900,-10.213846,-13.504792,19.525793,-2.012158,3.601357,0.755444,-3.491087,1.831405,-10.049203,17.342236,-44.157951,62.775173,9.313800,6.115540,-0.706590,-10.386411,-16.105349,38.433147,62.709034,-9.746005,8.687390,-13.489957
599.000000,-2291.794434,-1317.188599,78.845139,0.684181,2.323731,-53.696742,-8.411987,-0.219161,7.870343,13.986679,-6.146454,1.848537,-15.802258,-10.328982,-13.061049,19.509394,-0.057344,3.693809,0.689714,-3.776508,1.833763,-10.131278,17.507723,-44.228470,63.109749,9.188848,6.016312,-0.681196,-10.991845,-16.071501,38.662510,62.534271,-9.733073,8.586756,-13.445245
600.000000,-2291.843506,-1316.365356,78.874657,0.449129,2.448895,-54.053517,-8.939953,-0.303899,7.889996,13.703738,-5.551700,2.108896,-16.500090,-10.266316,-12.772432,19.026173,1.610296,3.800084,0.501214,-3.886565,1.832216,-10.145709,17.737928,-44.325233,63.354046,9.111026,5.985161,-0.673013,-11.497233,-16.057150,38.794212,62.386379,-9.736443,8.532069,-13.438732
601.000000,-2291.901123,-1315.522339,78.815506,0.214047,2.521802,-54.427117,-9.547710,-0.360337,8.043290,13.456327,-5.270746,2.459413,-17.193762,-10.114837,-12.278745,18.330725,3.221252,3.985221,0.330117,-4.006539,1.767642,-10.148925,18.103336,-44.476883,63.623463,8.889929,5.980599,-0.664202,-12.076378,-16.026842,38.913082,62.298725,-9.664827,8.497843,-13.432952
602.000000,-2291.979492,-1314.679932,78.616554,-0.191047,2.569142,-54.577281,-10.127493,-0.215688,8.245370,13.373929,-5.896462,2.789932,-17.993200,-9.962347,-12.024075,18.957039,3.296172,4.280343,0.128463,-3.925332,1.594313,-10.181282,18.475199,-44.621540,63.886753,8.146937,5.986515,-0.655967,-12.627549,-16.081333,39.136818,62.275749,-9.547440,8.493494,-13.418019
603.000000,-2292.198486,-1313.851685,78.418427,-0.035702,2.488626,-54.376739,-11.187625,-0.607369,8.347436,14.214740,-5.982342,3.262296,-19.031052,-10.695652,-12.066857,22.172232,0.867960,4.276017,-0.067488,-4.594043,1.643703,-10.421574,19.091549,-44.639301,64.076408,7.450246,6.010174,-0.625839,-13.086229,-16.043652,39.327312,62.058186,-9.529995,8.525828,-13.413733
604.000000,-2292.462646,-1313.123169,78.299423,0.129858,2.264234,-54.118973,-12.061492,-0.979372,8.413048,15.039267,-5.623408,3.650639,-19.411020,-11.387115,-12.592086,26.530636,-1.614041,4.209515,-0.017413,-5.374282,1.852857,-10.613853,19.783894,-44.701298,64.192200,7.211068,6.026713,-0.571352,-13.376141,-16.007708,39.542591,61.649155,-9.522909,8.538504,-13.409576
605.000000,-2292.717529,-1312.486084,78.246986,0.139088,2.155725,-54.003179,-12.512674,-1.089736,8.493874,15.209939,-5.235542,3.841134,-19.381725,-11.619561,-13.068125,29.609226,-3.609829,4.081219,0.159460,-5.761680,1.804591,-10.571583,20.215931,-44.763233,64.305489,7.229980,6.023921,-0.556742,-13.500309,-15.944922,39.613361,61.413887,-9.541038,8.530938,-13.406104
606.000000,-2292.981934,-1311.855225,78.233948,0.015119,2.134003,-53.918203,-13.120365,-1.107631,8.558446,15.148039,-4.525040,4.060527,-18.882120,-11.750221,-13.910703,34.289715,-6.821299,3.803452,0.470692,-6.109645,1.565847,-10.223836,20.858746,-44.781906,64.501747,7.359384,5.965154,-0.544826,-13.724924,-15.858415,39.632824,61.168274,-9.660075,8.477588,-13.400579
607.000000,-2293.253906,-1311.259033,78.235703,-0.103094,2.047143,-53.980646,-13.492959,-1.054879,8.646574,14.785409,-3.777705,4.186523,-17.878239,-11.802528,-14.693531,38.193390,-9.937164,3.538390,1.015949,-6.289180,1.376685,-9.735000,21.450422,-44.747669,64.735725,7.502630,5.816119,-0.540737,-14.002831,-15.852303,39.634247,61.089592,-9.822248,8.403907,-13.397882
608.000000,-2293.551270,-1310.678711,78.219574,-0.153263,1.836626,-54.207895,-13.654466,-0.985843,8.905254,14.423916,-3.096485,4.274993,-16.483747,-11.845057,-15.015696,41.784172,-13.088380,3.328575,1.880368,-6.481198,1.418368,-9.122826,22.116173,-44.560532,64.886673,7.541597,5.681344,-0.568347,-14.422924,-15.849781,39.633339,61.081039,-9.857580,8.392315,-13.393044
609.000000,-2293.873291,-1310.107666,78.168472,-0.169108,1.666747,-54.290427,-13.906713,-0.969274,9.010393,14.340469,-2.651843,4.333429,-15.240265,-11.909166,-15.110032,44.035103,-15.117216,3.250615,2.440465,-6.603548,1.450621,-8.523681,22.664951,-44.305679,64.887360,7.549057,5.629088,-0.623555,-14.804105,-15.845468,39.630219,61.055500,-9.914468,8.389314,-13.386079
610.000000,-2294.237061,-1309.521240,78.079216,-0.107262,1.481686,-54.231556,-14.315362,-1.057713,9.000606,14.370958,-2.140540,4.383787,-13.504149,-12.079314,-15.160127,46.169983,-17.107332,3.236920,2.988945,-6.771142,1.518130,-7.714487,23.321346,-43.880905,64.851799,7.545158,5.612956,-0.709552,-15.279320,-15.849535,39.585655,60.947277,-10.005742,8.368666,-13.380699
611.000000,-2294.618652,-1308.967163,77.969498,0.011605,1.382636,-54.281107,-14.897985,-1.188677,9.046732,14.461059,-1.558195,4.390977,-11.398166,-12.145502,-14.866338,47.981369,-18.845854,3.238664,3.826761,-7.012266,1.538334,-6.712047,24.002583,-43.403885,64.901711,7.529687,5.591970,-0.750848,-15.738672,-15.871395,39.504021,60.830357,-10.024984,8.262974,-13.378088
612.000000,-2295.030518,-1308.418213,77.832886,0.189008,1.329647,-54.339029,-15.561762,-1.319231,9.168498,14.646893,-1.067705,4.374971,-9.559101,-12.091613,-14.387521,49.061726,-19.811083,3.247823,4.791605,-7.264885,1.533372,-5.776505,24.612761,-43.228077,64.925629,7.269094,5.493383,-0.782549,-16.102852,-15.946744,39.498993,60.815544,-9.741620,8.092777,-13.380950
613.000000,-2295.480469,-1307.853149,77.668831,0.334574,1.318557,-54.356712,-16.439514,-1.396579,9.260533,15.111528,-0.679968,4.366017,-7.736607,-11.978827,-14.136561,49.577862,-20.375715,3.259975,5.735636,-7.428766,1.528850,-4.843602,25.172865,-43.071194,64.923714,6.810838,5.390889,-0.925668,-16.446974,-16.073160,39.500687,60.809097,-9.215333,7.948036,-13.404161
614.000000,-2295.971436,-1307.275146,77.488350,0.507215,1.235568,-54.427297,-17.298147,-1.432841,9.426780,15.635920,-0.299204,4.336663,-5.744591,-11.709001,-13.872079,49.230949,-20.824940,3.275723,6.757596,-7.545419,1.645948,-3.973706,25.653265,-42.832306,64.930275,6.352473,5.333254,-1.169611,-16.815962,-16.227674,39.494061,60.806889,-8.743664,7.826829,-13.421634
615.000000,-2296.490479,-1306.702759,77.292023,0.694243,1.187540,-54.438759,-18.124186,-1.483075,9.532163,16.097973,0.088714,4.292922,-3.885951,-11.341543,-13.660774,48.169758,-21.139502,3.305481,7.605000,-7.625788,1.685028,-3.197588,25.984079,-42.439762,65.001144,5.972188,5.291062,-1.449121,-17.098728,-16.385328,39.451344,60.806335,-8.518018,7.678667,-13.432491
616.000000,-2297.041016,-1306.144409,77.086975,0.944654,1.208767,-54.475751,-18.898335,-1.557534,9.647726,16.402895,0.548302,4.241453,-2.210456,-10.916866,-13.362149,46.757668,-21.487373,3.344324,8.393024,-7.733722,1.655666,-2.508815,26.259693,-42.017967,65.104584,5.615000,5.251464,-1.724565,-17.292919,-16.552900,39.414608,60.806690,-8.439590,7.506635,-13.448178
617.000000,-2297.648682,-1305.575684,76.863388,1.345185,1.182952,-54.616871,-19.681284,-1.712655,9.942856,16.459494,1.246027,4.126720,-0.420161,-10.481520,-12.834903,44.843231,-22.082687,3.377478,9.316810,-8.000214,1.623604,-1.741915,26.667082,-41.681339,65.236504,5.016532,5.172674,-2.035044,-17.510435,-16.719030,39.408035,60.808365,-8.371840,7.286289,-13.475037
618.000000,-2298.303955,-1304.993652,76.614799,1.815875,1.141657,-54.900989,-20.393667,-1.874841,10.394727,16.469078,1.955354,3.964225,1.214617,-10.144912,-12.118967,42.905407,-22.812351,3.398257,10.224783,-8.340002,1.621817,-0.998683,27.122612,-41.547047,65.397545,4.103808,5.100504,-2.304977,-17.733412,-16.865862,39.408806,60.809021,-8.190504,7.078371,-13.541038
619.000000,-2298.973389,-1304.414673,76.362839,2.214736,1.171041,-55.175813,-21.240583,-1.920117,10.866124,16.530476,2.697137,3.766883,2.795901,-9.792943,-11.593213,40.139732,-23.892570,3.403220,11.082484,-8.590944,1.517920,-0.232918,27.548859,-41.495102,65.441368,3.135380,5.096147,-2.547449,-17.961906,-17.027636,39.447136,60.808186,-8.075037,6.961603,-13.608493
620.000000,-2299.751221,-1303.749512,76.079269,2.529070,1.217033,-55.360397,-22.143831,-1.881675,11.128427,16.621223,3.453480,3.564516,4.069238,-9.406683,-11.404418,37.277111,-24.703911,3.323751,11.594682,-8.656501,1.423115,0.424453,27.876175,-41.426891,65.398766,2.222351,5.124378,-2.775833,-18.293678,-17.198423,39.509399,60.803154,-8.065277,6.895986,-13.661691
621.000000,-2300.590332,-1303.040283,75.790611,2.800681,1.160512,-55.638803,-23.151445,-1.723665,11.443777,16.618488,4.510214,3.310980,5.277619,-8.933157,-11.243505,34.131855,-25.207567,3.127604,12.179903,-8.601792,1.516799,1.029712,28.177071,-41.211651,65.317451,1.219362,5.168884,-3.073850,-18.809656,-17.463453,39.579842,60.723324,-8.060519,6.846191,-13.769605
622.000000,-2301.487061,-1302.307373,75.520203,3.003906,1.123378,-56.106755,-23.751549,-1.471428,11.749797,16.415674,5.375103,3.105964,5.782113,-8.575558,-11.031266,32.025333,-24.926092,2.857056,12.730551,-8.512276,1.594702,1.348894,28.317581,-40.941265,65.291023,0.624231,5.200609,-3.293060,-19.130304,-17.633043,39.632973,60.596752,-8.056155,6.844049,-13.869122
623.000000,-2302.475830,-1301.492554,75.314751,2.866852,1.134309,-56.550733,-24.454538,-0.923986,11.867743,15.637741,6.897326,2.807751,5.850833,-7.867859,-10.615899,29.984318,-27.099144,2.845762,13.245869,-8.075027,1.560367,1.713162,28.395987,-40.676086,65.279846,-0.125237,5.290264,-3.603817,-19.563730,-17.811552,39.687702,60.511818,-8.054051,6.837857,-14.010560
624.000000,-2303.496094,-1300.658569,75.203400,2.426814,1.155276,-56.976653,-24.856327,-0.084307,11.631649,14.062811,8.888571,2.401257,5.231954,-6.755754,-10.087125,28.936676,-28.738932,2.512154,13.755980,-7.253225,1.494174,1.873565,28.406166,-40.511890,65.246193,-0.747545,5.396669,-4.003232,-19.941179,-18.042814,39.914154,60.503601,-8.012107,6.834374,-14.210437
625.000000,-2304.552246,-1299.819946,75.148216,2.071519,1.296075,-57.448207,-25.076813,0.418393,10.692772,11.826890,10.706893,1.454093,3.971521,-5.804209,-9.905173,28.756987,-29.757452,1.823000,14.190841,-6.555464,1.323002,1.925902,28.460882,-40.497593,65.233009,-1.474132,5.505787,-4.452107,-20.282440,-18.197481,40.302589,60.520840,-7.682985,6.839732,-14.451380
626.000000,-2305.646729,-1298.964355,75.127296,1.859347,1.499264,-58.193977,-25.214056,0.585289,9.221486,9.531118,11.304186,0.711634,2.455455,-5.179727,-10.252931,28.805779,-30.572300,0.875830,14.730301,-6.099942,1.211350,1.895148,28.511530,-40.496342,65.233147,-1.967143,5.621691,-4.854162,-20.673088,-18.235788,40.720512,60.536781,-7.259909,6.864704,-14.775481
627.000000,-2306.788330,-1298.070679,75.130325,1.676139,1.732394,-59.142464,-25.471567,0.870474,7.860608,7.649082,10.723007,0.029599,0.953037,-4.693729,-10.972071,28.586588,-31.106985,0.192139,15.370009,-5.756508,1.182064,1.787751,28.481676,-40.480289,65.246048,-2.138308,5.709006,-5.162419,-21.078264,-18.221292,41.182556,60.541248,-6.983573,6.877991,-15.182454
628.000000,-2307.901855,-1297.167480,75.234528,0.998567,1.588563,-59.059625,-25.996168,1.610663,6.638206,7.065021,8.833679,-0.435894,-0.274676,-3.545490,-11.480618,28.932802,-30.313208,-0.243151,14.980326,-4.723199,1.420333,1.574204,28.171589,-40.473511,65.277061,-2.181188,5.846061,-5.406212,-21.209234,-18.267939,41.451237,60.537201,-6.884074,6.895408,-15.637361
629.000000,-2308.889893,-1296.422729,75.398880,0.737958,1.432020,-58.140540,-26.794743,2.011950,6.708522,7.948033,7.548163,-0.819862,-0.912448,-3.074621,-12.411251,29.075687,-29.646427,-0.708326,14.203732,-4.267075,1.571510,1.346233,27.975700,-40.497543,65.280525,-2.183505,5.962390,-5.634402,-20.881775,-18.274677,41.549129,60.525608,-6.876154,6.965747,-15.949418
630.000000,-2309.749023,-1295.800659,75.630058,0.931839,1.427133,-57.229031,-27.488646,2.060994,7.731983,10.724249,6.556302,-1.566754,-1.570804,-3.117347,-13.626170,29.056282,-28.835657,-1.124593,13.347841,-4.247004,1.588002,1.052407,27.715742,-40.662949,65.286911,-2.063015,6.110590,-5.911834,-19.866488,-18.272205,41.598099,60.520638,-6.884167,7.179447,-16.189327
631.000000,-2310.463867,-1295.258667,75.918976,1.241161,1.668890,-56.636178,-27.574280,1.890175,8.151788,13.453686,5.855684,-1.882927,-2.310233,-3.375440,-14.407121,28.638369,-27.881678,-1.328282,12.869604,-4.421441,1.115044,0.954179,27.342279,-41.002831,65.299606,-1.617952,6.178065,-6.154992,-18.463774,-18.269434,41.612335,60.519077,-6.893462,7.493848,-16.217901
632.000000,-2311.056396,-1294.740723,76.228767,1.404359,1.781711,-55.924475,-27.185940,1.923266,8.353700,16.326569,4.753304,-1.945937,-2.589899,-3.509504,-15.266005,27.535103,-26.654892,-1.362515,12.246325,-4.258694,0.711308,0.912214,26.783182,-41.351753,65.315781,-1.014032,6.187343,-6.334968,-17.116028,-18.324369,41.615067,60.536167,-6.947502,7.799152,-16.216898
633.000000,-2311.573975,-1294.211426,76.560944,1.575336,1.719695,-55.415058,-26.250933,2.146158,8.529677,19.039282,3.532759,-1.937164,-2.500747,-3.613259,-15.934972,26.121929,-25.316469,-1.333290,11.747263,-3.873641,0.677218,0.827299,26.079985,-41.520000,65.322067,-0.489759,6.188024,-6.403643,-15.969533,-18.420607,41.614033,60.754265,-6.991334,7.918004,-16.212442
634.000000,-2311.995605,-1293.698730,76.880142,1.743105,1.561731,-55.167311,-24.892958,2.528220,8.572263,21.522959,2.171750,-1.924388,-2.246885,-3.688972,-16.259026,24.606010,-23.930483,-1.290843,11.576408,-3.333340,0.897772,0.700798,25.273233,-41.530941,65.323662,0.080441,6.187739,-6.409329,-14.940617,-18.555779,41.613892,61.181019,-7.000908,7.936415,-16.200054
635.000000,-2312.350098,-1293.178955,77.177338,1.850884,1.480885,-54.822069,-23.836771,2.855799,8.495911,23.161695,1.219307,-1.925562,-2.050042,-3.732357,-16.523260,23.454815,-22.906200,-1.278450,11.389303,-2.820913,1.036804,0.633268,24.664469,-41.532726,65.273369,0.543891,6.189677,-6.392231,-14.195662,-18.690414,41.615871,61.554863,-7.008607,7.924347,-16.179710
636.000000,-2312.629883,-1292.684814,77.418510,1.848165,1.501927,-54.271401,-22.522894,3.320507,8.169927,25.028675,0.118923,-1.966644,-1.828033,-3.745176,-17.086943,21.943623,-21.608849,-1.286710,10.889425,-2.004831,1.105584,0.592080,23.936663,-41.533215,65.051109,1.190078,6.195796,-6.347942,-13.202127,-18.931063,41.616417,62.107502,-7.021013,7.871168,-16.148546
637.000000,-2312.867920,-1292.190552,77.627579,1.918779,1.653630,-53.831882,-21.258791,3.556149,7.498922,26.219107,-1.909119,-2.024023,-1.850522,-3.839962,-17.579121,20.709007,-20.470818,-1.285816,10.478897,-1.236553,1.128705,0.472692,23.331463,-41.518547,64.654472,2.020792,6.218434,-6.255561,-12.167587,-19.275803,41.615059,62.713135,-6.999887,7.770830,-16.074558
638.000000,-2313.067627,-1291.719604,77.802361,1.997257,1.767386,-53.461414,-19.947781,3.773220,7.119174,27.054916,-3.323650,-2.208551,-1.999355,-3.992449,-17.882725,19.765589,-19.497868,-1.266295,10.221665,-0.560367,1.284482,0.283666,22.903460,-41.475510,64.041374,2.932979,6.256599,-6.067923,-11.166636,-19.691309,41.636452,63.353977,-6.895823,7.663228,-15.938691
639.000000,-2313.217285,-1291.284424,77.953674,2.092312,1.833371,-53.074789,-18.549288,3.826015,6.896428,27.573683,-4.631070,-2.443010,-2.068570,-4.202002,-18.221989,18.954794,-18.681030,-1.196272,9.805273,0.002597,1.455647,0.126913,22.576712,-41.394592,63.411625,3.707730,6.328144,-5.760786,-10.178106,-20.069263,41.767155,64.221802,-6.823784,7.513628,-15.829278
640.000000,-2313.308350,-1290.901978,78.078606,2.202868,1.924134,-52.884476,-17.037174,3.731466,6.797293,27.820663,-5.477170,-2.690798,-2.220500,-4.430333,-18.352249,18.383362,-18.030533,-1.114709,9.457674,0.403094,1.480263,0.018623,22.276958,-41.294559,62.954067,4.436931,6.414539,-5.437313,-9.138996,-20.346384,41.981266,65.285370,-6.884012,7.454062,-15.746392
641.000000,-2313.351074,-1290.570557,78.183128,2.229771,1.964116,-52.755746,-15.378851,3.458251,6.649957,27.204231,-6.531240,-2.857358,-2.259624,-4.572729,-18.423090,17.787716,-17.417980,-1.018625,9.055375,0.718912,1.445878,-0.095797,21.985994,-41.222443,62.647583,5.180517,6.558692,-5.170849,-8.066850,-20.563784,42.219780,66.282303,-7.090163,7.467988,-15.627314
642.000000,-2313.359375,-1290.286499,78.263611,2.143638,1.963693,-52.554056,-13.724093,3.190537,6.431095,25.793411,-7.723752,-2.900022,-2.106006,-4.565216,-18.624638,17.024603,-16.789978,-0.907817,8.487237,1.026475,1.367908,-0.204323,21.705391,-41.030727,62.394081,5.814081,6.688812,-4.950452,-6.912826,-20.762360,42.333424,67.096451,-7.236388,7.484399,-15.487059
643.000000,-2313.354004,-1290.031128,78.307114,1.963249,1.950181,-52.185608,-12.386183,3.090144,6.349812,24.276384,-7.864495,-2.831656,-1.889700,-4.488120,-19.035765,16.336401,-16.275572,-0.802184,7.751946,1.290913,1.260864,-0.357278,21.493990,-40.730801,62.105911,6.361613,6.775032,-4.756944,-5.700492,-20.944174,42.342598,67.699127,-7.252037,7.511398,-15.338191
644.000000,-2313.365234,-1289.796387,78.332870,1.823572,1.904669,-51.716416,-11.504803,2.919340,6.257186,22.501427,-8.364815,-2.655837,-1.710612,-4.491446,-19.565266,15.899254,-15.927355,-0.703848,6.988420,1.379031,1.230905,-0.756203,21.377539,-40.531563,61.847645,6.867466,6.825212,-4.532647,-4.485551,-21.078009,42.401237,68.085320,-7.246642,7.576324,-15.184875
645.000000,-2313.388916,-1289.584839,78.352966,1.719934,1.781565,-51.448678,-10.833159,2.810102,6.257904,21.050920,-8.281752,-2.513869,-1.552424,-4.500296,-19.884132,15.647509,-15.662719,-0.632587,6.531764,1.306736,1.304466,-1.385887,21.287529,-40.447754,61.722813,7.245356,6.849405,-4.187999,-3.291905,-21.125309,42.555305,68.266060,-7.141484,7.732597,-14.975261
646.000000,-2313.407471,-1289.410156,78.374519,1.629862,1.600790,-51.345537,-10.339555,2.773068,6.328416,20.142403,-8.151664,-2.422488,-1.392286,-4.482128,-19.998253,15.457275,-15.466691,-0.590585,6.325691,1.176907,1.359675,-1.858583,21.224636,-40.422565,61.684181,7.468325,6.855357,-3.842179,-2.444999,-21.087816,42.706715,68.279655,-6.981745,7.858156,-14.764290
647.000000,-2313.413330,-1289.269653,78.391830,1.533701,1.420253,-51.326488,-9.745354,2.780902,6.510907,19.165997,-8.024682,-2.304959,-1.149071,-4.423611,-20.078638,15.188094,-15.218102,-0.545486,6.081787,0.957281,1.332851,-2.358491,21.121918,-40.416470,61.678040,7.739551,6.862476,-3.323697,-1.444600,-20.896116,42.875210,68.272179,-6.749448,7.979419,-14.462327
648.000000,-2313.405518,-1289.153687,78.402527,1.422786,1.232093,-51.367558,-9.199888,2.837599,6.713394,18.382633,-7.989212,-2.214828,-0.889931,-4.323914,-20.091036,14.915025,-14.988448,-0.510545,5.893205,0.733364,1.195587,-2.700884,20.976007,-40.414757,61.700947,7.935820,6.868697,-2.815153,-0.611167,-20.583357,43.013226,68.257706,-6.566244,8.048160,-14.144541
649.000000,-2313.384521,-1289.051392,78.406334,1.302573,1.012339,-51.453937,-8.610597,2.914078,6.911228,17.641638,-8.027654,-2.152519,-0.592964,-4.202181,-20.057251,14.652470,-14.784292,-0.472496,5.766016,0.537908,1.009832,-2.907757,20.772400,-40.415352,61.763855,8.124599,6.873806,-2.355587,0.037477,-20.201849,43.118816,68.254456,-6.486378,8.063367,-13.823454
650.000000,-2313.343506,-1288.946655,78.396187,1.134462,0.723670,-51.525354,-7.924856,3.009970,7.043383,16.898096,-8.203380,-2.102622,-0.213458,-4.045082,-20.023640,14.406940,-14.614828,-0.421466,5.603577,0.443743,0.836293,-2.953664,20.510269,-40.430450,61.845066,8.368610,6.880175,-1.913344,0.483513,-19.825298,43.140377,68.255432,-6.463579,8.062945,-13.493162
651.000000,-2313.287842,-1288.827026,78.370689,0.953093,0.418633,-51.537412,-7.248524,3.094158,7.133670,16.204556,-8.472560,-2.030661,0.138826,-3.916586,-20.035238,14.306077,-14.531150,-0.350026,5.389273,0.443906,0.691487,-2.945261,20.174686,-40.465725,62.005142,8.573865,6.906393,-1.529152,0.744282,-19.517824,43.144001,68.257973,-6.443413,8.055485,-13.185159
652.000000,-2313.232910,-1288.693604,78.350594,0.825957,0.132554,-51.454124,-6.694503,3.095485,7.144986,15.646982,-8.671189,-1.876644,0.441431,-3.882886,-20.131727,14.312428,-14.500312,-0.260156,5.094751,0.459515,0.604786,-2.909374,19.825411,-40.553959,62.149342,8.799978,6.980862,-1.182989,0.841240,-19.270369,43.143185,68.271942,-6.401626,8.044981,-12.903540
653.000000,-2313.188477,-1288.559692,78.369972,0.853314,-0.145908,-51.418544,-6.274551,2.928125,7.172664,15.293822,-8.495563,-1.743219,0.726515,-4.030621,-20.151232,14.284920,-14.417604,-0.160813,4.881713,0.318118,0.614130,-2.848818,19.540731,-40.708355,62.246037,9.024264,7.084404,-0.877846,0.833114,-19.015501,43.140469,68.281319,-6.352660,8.037761,-12.664493
654.000000,-2313.139648,-1288.425293,78.398010,0.860347,-0.385643,-51.428727,-5.996638,2.821719,7.213717,15.060051,-8.343946,-1.658961,0.950126,-4.110106,-20.137115,14.158570,-14.286489,-0.089528,4.773730,0.256120,0.620715,-2.766443,19.350851,-40.852612,62.285995,9.143197,7.169050,-0.688251,0.798566,-18.865763,43.139458,68.283173,-6.327936,8.031480,-12.500136
655.000000,-2313.090088,-1288.291260,78.423584,0.835870,-0.584930,-51.459043,-5.694128,2.732304,7.279504,14.813977,-8.194291,-1.553204,1.234509,-4.153095,-20.096058,13.900830,-14.059684,-0.002818,4.676464,0.251497,0.620181,-2.631221,19.144333,-41.075203,62.314140,9.207326,7.286041,-0.493803,0.719480,-18.725332,43.140133,68.283249,-6.305849,8.024717,-12.302629
656.000000,-2313.044434,-1288.165527,78.446404,0.808664,-0.742453,-51.507294,-5.442297,2.661277,7.343975,14.589241,-8.067555,-1.454125,1.477437,-4.175146,-20.045736,13.632069,-13.830583,0.074747,4.588517,0.272977,0.608534,-2.474020,19.010902,-41.310085,62.343109,9.227648,7.400143,-0.364366,0.611890,-18.613657,43.141174,68.283447,-6.289030,8.021369,-12.128664
657.000000,-2313.007080,-1288.057861,78.467117,0.784709,-0.863425,-51.543317,-5.226736,2.598560,7.402781,14.355247,-7.940811,-1.364471,1.679488,-4.184889,-19.991491,13.356997,-13.607007,0.140788,4.488720,0.278984,0.573544,-2.310348,18.954292,-41.541069,62.445324,9.238710,7.517557,-0.314608,0.495720,-18.480602,43.142101,68.284622,-6.283314,8.023170,-11.981781
658.000000,-2312.973877,-1287.955933,78.485664,0.758506,-0.966828,-51.529879,-5.064017,2.531951,7.406238,14.160325,-7.824105,-1.276991,1.871653,-4.196798,-20.001534,13.088336,-13.403265,0.202148,4.348377,0.279170,0.548125,-2.190888,18.925346,-41.753334,62.609138,9.246829,7.714828,-0.305790,0.396803,-18.334427,43.145027,68.283310,-6.283050,8.028852,-11.845476
659.000000,-2312.944580,-1287.862915,78.499901,0.733881,-1.049999,-51.508108,-4.952760,2.471797,7.397735,14.022846,-7.729979,-1.194651,2.020498,-4.214051,-20.023195,12.876697,-13.234580,0.257374,4.215302,0.279047,0.537311,-2.106702,18.909765,-41.933399,62.788517,9.246220,7.962164,-0.302263,0.326241,-18.176958,43.149300,68.278992,-6.277184,8.057321,-11.713264
660.000000,-2312.916260,-1287.778320,78.510605,0.712463,-1.120259,-51.487618,-4.891175,2.430215,7.390919,13.951640,-7.675335,-1.136861,2.106674,-4.232068,-20.036638,12.759279,-13.132188,0.297418,4.131805,0.278706,0.535689,-2.054161,18.896261,-42.015579,62.918839,9.241316,8.158491,-0.301024,0.294620,-18.050062,43.152752,68.274460,-6.271023,8.104968,-11.611408
661.000000,-2312.885986,-1287.698853,78.517570,0.693022,-1.174163,-51.463381,-4.843636,2.376962,7.378875,13.902033,-7.626241,-1.062818,2.183851,-4.265849,-20.054436,12.660289,-13.029075,0.348381,4.032250,0.279136,0.531519,-1.984934,18.877026,-42.078075,63.054241,9.235394,8.421314,-0.300777,0.278703,-17.881840,43.157681,68.253281,-6.260363,8.202374,-11.459987
662.000000,-2312.853760,-1287.625000,78.521248,0.668427,-1.220391,-51.397696,-4.844314,2.324121,7.334035,13.922009,-7.609130,-0.989260,2.244540,-4.306041,-20.104799,12.597802,-12.953113,0.399143,3.907270,0.289065,0.529735,-1.911952,18.848858,-42.096119,63.126045,9.233521,8.676305,-0.302332,0.274972,-17.727785,43.163296,68.209465,-6.247933,8.327568,-11.277701
663.000000,-2312.816406,-1287.556763,78.523590,0.643526,-1.263450,-51.315643,-4.861557,2.265813,7.259017,13.967397,-7.606312,-0.919513,2.313482,-4.351026,-20.188629,12.539915,-12.889485,0.456060,3.747895,0.316206,0.529289,-1.848479,18.804386,-42.109314,63.156113,9.232410,8.904984,-0.306756,0.273868,-17.594742,43.174145,68.161591,-6.240019,8.465724,-11.071269
664.000000,-2312.771973,-1287.492065,78.525421,0.622610,-1.302398,-51.264219,-4.866488,2.209134,7.214552,14.009873,-7.614680,-0.850360,2.368037,-4.401752,-20.239519,12.504330,-12.835857,0.518813,3.581074,0.367123,0.524317,-1.788065,18.743965,-42.133923,63.156845,9.227545,9.096966,-0.313110,0.273961,-17.505220,43.193115,68.073921,-6.232969,8.610360,-10.837133
665.000000,-2312.722412,-1287.430420,78.526947,0.605959,-1.333796,-51.236838,-4.866439,2.153373,7.196467,14.046842,-7.627810,-0.781592,2.402640,-4.458010,-20.262117,12.489451,-12.793005,0.582876,3.420732,0.433467,0.511742,-1.750805,18.665337,-42.152733,63.155239,9.220757,9.243324,-0.320529,0.274891,-17.451725,43.224430,67.972839,-6.225402,8.741967,-10.599791
666.000000,-2312.672363,-1287.376709,78.528923,0.597749,-1.351598,-51.222961,-4.859756,2.092821,7.191729,14.056397,-7.631724,-0.713470,2.420540,-4.520696,-20.271238,12.484288,-12.758472,0.648645,3.273891,0.493335,0.489454,-1.742444,18.588318,-42.162178,63.152786,9.214145,9.335696,-0.329243,0.276337,-17.414392,43.293732,67.878525,-6.217912,8.869285,-10.365862
667.000000,-2312.624512,-1287.336304,78.533623,0.604384,-1.372750,-51.207055,-4.817467,2.036870,7.189912,13.999794,-7.606974,-0.668511,2.446060,-4.572763,-20.278152,12.469940,-12.733706,0.697547,3.163647,0.514619,0.475008,-1.741675,18.555981,-42.172520,63.144432,9.209644,9.362454,-0.342157,0.276888,-17.380716,43.386848,67.817680,-6.210585,8.963554,-10.186862
668.000000,-2312.577881,-1287.306152,78.539879,0.614216,-1.397857,-51.201887,-4.723477,1.959518,7.191619,13.866119,-7.551529,-0.617342,2.496621,-4.639402,-20.287395,12.433022,-12.696279,0.757415,3.005376,0.520064,0.458062,-1.741416,18.545723,-42.202255,63.118034,9.201741,9.374123,-0.367366,0.277496,-17.320625,43.516037,67.752068,-6.195917,9.067506,-9.928290
669.000000,-2312.528076,-1287.282227,78.546898,0.628712,-1.427423,-51.251085,-4.593984,1.898608,7.244984,13.714450,-7.503057,-0.568642,2.550629,-4.696164,-20.250355,12.392699,-12.655485,0.813224,2.873878,0.525428,0.445869,-1.741654,18.533499,-42.255657,63.097805,9.190064,9.382225,-0.401122,0.278662,-17.255840,43.574223,67.713524,-6.178522,9.134778,-9.657933
670.000000,-2312.478271,-1287.261841,78.552666,0.639484,-1.437943,-51.340988,-4.481861,1.857934,7.346448,13.586323,-7.472308,-0.520262,2.570787,-4.742807,-20.166740,12.362307,-12.616385,0.865352,2.784960,0.530429,0.418767,-1.748717,18.514996,-42.281059,63.084110,9.180640,9.388902,-0.466251,0.279425,-17.196226,43.627068,67.692955,-6.162802,9.201371,-9.370637
671.000000,-2312.430908,-1287.243530,78.556572,0.643805,-1.447821,-51.443998,-4.397267,1.838279,7.459550,13.515421,-7.471344,-0.479278,2.579603,-4.775240,-20.070557,12.340293,-12.582659,0.909387,2.720297,0.536837,0.405339,-1.780053,18.496265,-42.286743,63.077526,9.174842,9.395282,-0.540332,0.278764,-17.144199,43.655102,67.678200,-6.148222,9.279059,-9.088256
672.000000,-2312.382812,-1287.231934,78.561569,0.651102,-1.466795,-51.546230,-4.280885,1.816004,7.569669,13.408556,-7.462099,-0.447688,2.610888,-4.804703,-19.977539,12.301428,-12.546291,0.950643,2.649486,0.535623,0.402465,-1.807135,18.484821,-42.292080,63.068691,9.167895,9.400279,-0.602941,0.278791,-17.101463,43.699272,67.660004,-6.135015,9.366778,-8.815188
673.000000,-2312.333008,-1287.228149,78.567879,0.662492,-1.497961,-51.634675,-4.163178,1.791828,7.642512,13.292260,-7.443088,-0.428991,2.659621,-4.827312,-19.917770,12.254128,-12.515887,0.979885,2.578493,0.531630,0.404561,-1.810673,18.476713,-42.302708,63.061924,9.163683,9.403885,-0.637514,0.279502,-17.071224,43.727985,67.647728,-6.128199,9.425265,-8.623953
674.000000,-2312.284668,-1287.228149,78.571854,0.671542,-1.529945,-51.683218,-4.020236,1.755499,7.709431,13.164697,-7.427308,-0.404777,2.736185,-4.860298,-19.869886,12.195005,-12.485893,1.018088,2.451291,0.526751,0.404544,-1.812108,18.451300,-42.324200,63.058769,9.158404,9.410403,-0.670547,0.280873,-17.029274,43.739582,67.635933,-6.122434,9.482897,-8.393228
675.000000,-2312.236816,-1287.230347,78.572929,0.679853,-1.567484,-51.711063,-3.911136,1.717382,7.744106,13.105800,-7.437758,-0.377193,2.813573,-4.902486,-19.859657,12.170569,-12.481422,1.060261,2.298450,0.525974,0.406594,-1.815772,18.396011,-42.332085,63.057526,9.146114,9.417156,-0.684378,0.283608,-17.002163,43.756687,67.623322,-6.115683,9.509273,-8.185574
676.000000,-2312.190918,-1287.234863,78.572662,0.686836,-1.606006,-51.746782,-3.809459,1.687064,7.785583,13.074594,-7.465761,-0.352266,2.885154,-4.943325,-19.844080,12.165061,-12.488307,1.103213,2.171186,0.526134,0.409350,-1.825117,18.317402,-42.343727,63.057137,9.131634,9.422559,-0.692458,0.288091,-16.984598,43.772404,67.615005,-6.108139,9.519322,-7.995101
677.000000,-2312.147461,-1287.243042,78.572441,0.693722,-1.648876,-51.821950,-3.693449,1.673463,7.865784,13.042415,-7.502613,-0.330729,2.951139,-4.972141,-19.788740,12.162292,-12.495253,1.141369,2.087858,0.525165,0.415237,-1.831635,18.233925,-42.393116,63.057110,9.118126,9.426237,-0.699433,0.291114,-16.961517,43.779724,67.607292,-6.113724,9.533202,-7.829043
678.000000,-2312.107178,-1287.257446,78.573616,0.718477,-1.680385,-51.935506,-3.537412,1.652889,7.990932,12.926558,-7.508509,-0.312707,2.980322,-5.013128,-19.686386,12.198394,-12.521612,1.170846,2.030202,0.497587,0.411585,-1.804335,18.149954,-42.432140,63.055653,9.117568,9.430401,-0.704669,0.294433,-16.892702,43.779568,67.603325,-6.293231,9.574728,-7.696516
679.000000,-2312.074707,-1287.279175,78.575806,0.751921,-1.693260,-52.036932,-3.418622,1.629269,8.076728,12.796990,-7.488883,-0.302667,2.982603,-5.049598,-19.617146,12.237212,-12.549968,1.188277,1.971899,0.457406,0.404236,-1.766767,18.111107,-42.435074,63.053776,9.159475,9.446144,-0.706856,0.298565,-16.796700,43.771992,67.602890,-6.560957,9.623990,-7.610442
680.000000,-2312.048584,-1287.303711,78.577492,0.776116,-1.687674,-52.116375,-3.309776,1.608711,8.157235,12.667635,-7.469502,-0.294360,2.980101,-5.081285,-19.552917,12.267145,-12.578418,1.207054,1.898834,0.412060,0.398122,-1.730858,18.111977,-42.434071,63.052910,9.250481,9.501103,-0.708362,0.312457,-16.648779,43.746273,67.602692,-6.933125,9.688654,-7.508325
681.000000,-2312.024414,-1287.325317,78.577820,0.787546,-1.663420,-52.178962,-3.250101,1.600756,8.230132,12.595230,-7.476165,-0.286183,2.965750,-5.099466,-19.491236,12.274066,-12.597065,1.228394,1.839324,0.385632,0.392970,-1.696934,18.112791,-42.430386,63.046612,9.341735,9.565131,-0.707671,0.343683,-16.467262,43.681866,67.600845,-7.344136,9.768380,-7.381638
682.000000,-2311.997559,-1287.340332,78.576836,0.780348,-1.554243,-52.204736,-3.370217,1.608870,8.248666,12.665596,-7.522744,-0.275917,2.876822,-5.097681,-19.472569,12.246453,-12.589243,1.252585,1.801309,0.402005,0.332001,-1.658172,18.103636,-42.426819,63.029064,9.477889,9.588412,-0.706821,0.380919,-16.351910,43.648483,67.571396,-7.648208,9.857014,-7.244317
683.000000,-2311.970947,-1287.343872,78.578316,0.751209,-1.437379,-52.186093,-3.505458,1.621039,8.225129,12.750628,-7.559859,-0.266865,2.830343,-5.073457,-19.489082,12.148459,-12.539477,1.270128,1.760787,0.442916,0.320480,-1.628925,18.096186,-42.425201,62.991295,9.627640,9.590471,-0.705969,0.386617,-16.320147,43.622578,67.498329,-7.895073,9.942829,-7.152782
684.000000,-2311.937500,-1287.347656,78.583305,0.716791,-1.314957,-52.147914,-3.678952,1.634594,8.175589,12.826838,-7.591027,-0.253727,2.804609,-5.022403,-19.525763,11.931727,-12.428968,1.291815,1.670184,0.508376,0.317343,-1.557764,18.094954,-42.423904,62.922649,9.759048,9.593593,-0.704382,0.383111,-16.336542,43.499161,67.348160,-8.242904,10.072047,-7.111491
685.000000,-2311.898926,-1287.354370,78.586899,0.670651,-1.200916,-52.125429,-3.827039,1.653503,8.132115,12.906621,-7.634484,-0.238752,2.806485,-4.965127,-19.558554,11.706381,-12.314506,1.311807,1.613652,0.569223,0.314100,-1.481995,18.095417,-42.421005,62.852573,9.793935,9.600690,-0.703377,0.381651,-16.364899,43.400856,67.213173,-8.494883,10.189492,-7.104163
686.000000,-2311.856201,-1287.363892,78.584946,0.607225,-1.114313,-52.132616,-4.039378,1.721848,8.105621,13.164860,-7.785212,-0.217856,2.822134,-4.868813,-19.566313,11.458033,-12.185224,1.331644,1.633536,0.657563,0.312415,-1.376338,18.094799,-42.412796,62.737621,9.814890,9.618783,-0.701604,0.381036,-16.394279,43.336117,67.041054,-8.672085,10.392785,-7.106487
687.000000,-2311.807129,-1287.370117,78.576927,0.522725,-0.997243,-52.087006,-4.355218,1.806720,8.039620,13.599976,-8.009539,-0.185401,2.811842,-4.777053,-19.629827,11.268909,-12.080632,1.356310,1.639592,0.761314,0.268604,-1.228656,18.093887,-42.385090,62.533390,9.826417,9.693349,-0.703959,0.385824,-16.407351,43.263359,66.846573,-8.695465,10.604518,-7.128583
688.000000,-2311.756592,-1287.369751,78.567421,0.426927,-0.907037,-51.975195,-4.604273,1.862759,7.940287,13.955151,-8.184281,-0.162340,2.837476,-4.707845,-19.728683,11.107192,-11.996039,1.382251,1.609103,0.845992,0.259710,-1.108324,18.101191,-42.251282,62.283905,9.885643,9.812270,-0.724426,0.398338,-16.400021,43.102928,66.697655,-8.748825,10.732156,-7.146255
689.000000,-2311.700928,-1287.374146,78.558548,0.343791,-0.830725,-51.866812,-4.886961,1.917998,7.788039,14.376262,-8.403762,-0.140699,2.903894,-4.622484,-19.863064,10.885509,-11.895102,1.419583,1.577150,0.932879,0.239209,-0.904583,18.149792,-41.844841,61.828209,10.134377,10.019955,-0.824294,0.473633,-16.387014,42.777569,66.552773,-9.022412,10.903219,-7.147089
690.000000,-2311.639404,-1287.384521,78.549751,0.282838,-0.795837,-51.808784,-5.057625,1.946698,7.683704,14.671930,-8.580880,-0.120981,2.967750,-4.569623,-19.939501,10.733068,-11.834686,1.455842,1.600266,0.962754,0.208331,-0.650269,18.244368,-41.337486,61.285194,10.527548,10.187366,-0.977072,0.618877,-16.379894,42.397518,66.391495,-9.239044,11.080508,-7.150522
691.000000,-2311.570801,-1287.395630,78.537811,0.234032,-0.819731,-51.782930,-5.156570,1.968234,7.604027,15.017210,-8.811582,-0.088390,3.074833,-4.543218,-19.989483,10.658047,-11.820801,1.506647,1.699319,0.954781,0.196699,-0.298694,18.409523,-40.810738,60.547779,10.935027,10.290949,-1.168413,0.865875,-16.442186,42.082355,66.083534,-9.266838,11.301461,-7.154549
692.000000,-2311.510498,-1287.400879,78.525940,0.210389,-0.853558,-51.638215,-5.233306,1.923340,7.439279,15.299471,-8.970448,-0.034678,3.181243,-4.583069,-20.145092,10.675014,-11.856822,1.559288,1.706267,0.871236,0.193325,-0.081661,18.591721,-40.551662,60.098717,11.028005,10.304425,-1.284860,1.076835,-16.521616,41.966442,65.755249,-9.157813,11.472151,-7.155247
693.000000,-2311.462891,-1287.391357,78.514412,0.201071,-0.868740,-51.449758,-5.335641,1.829890,7.219731,15.516032,-9.074776,0.047331,3.218686,-4.678180,-20.380369,10.795212,-11.931284,1.625013,1.667292,0.699010,0.192342,0.028718,18.826452,-40.469616,59.774193,11.035325,10.304600,-1.439601,1.191075,-16.549154,41.940372,65.524628,-8.988585,11.597198,-7.159043
694.000000,-2311.414062,-1287.360474,78.501106,0.186757,-0.873889,-51.360983,-5.421590,1.778533,7.127436,15.689719,-9.175901,0.112246,3.175422,-4.757736,-20.494976,10.957881,-11.997654,1.676917,1.676591,0.544960,0.193794,0.077018,18.983685,-40.464233,59.628593,11.028698,10.297637,-1.542954,1.204786,-16.551933,41.919579,65.408501,-8.877617,11.667450,-7.162999
695.000000,-2311.354736,-1287.302979,78.481346,0.140997,-0.851805,-51.333357,-5.593968,1.752682,7.072361,16.010691,-9.366912,0.187741,3.051272,-4.842933,-20.572878,11.195946,-12.073605,1.740637,1.690773,0.360591,0.170891,0.113751,19.150150,-40.462059,59.539944,11.016323,10.290065,-1.619164,1.177778,-16.556051,41.863194,65.274498,-8.818212,11.719541,-7.177763
696.000000,-2311.279297,-1287.212646,78.450218,0.048155,-0.857858,-51.297726,-5.928069,1.761150,6.985108,16.682152,-9.734830,0.292323,2.884260,-4.931150,-20.681774,11.527386,-12.172505,1.826701,1.637398,0.174796,0.176773,0.113711,19.331985,-40.462528,59.451897,10.995395,10.282569,-1.709977,1.067216,-16.567146,41.799099,65.184525,-8.799237,11.738740,-7.229644
697.000000,-2311.175049,-1287.091675,78.404549,-0.083185,-0.909695,-51.306261,-6.315678,1.811395,6.932699,17.600931,-10.236675,0.419954,2.726415,-5.021411,-20.793104,11.947721,-12.314301,1.918836,1.563879,0.045766,0.221870,0.056435,19.472551,-40.461815,59.403450,10.891096,10.251425,-1.772220,0.951639,-16.603567,41.765598,65.131355,-8.794955,11.746398,-7.321934
698.000000,-2311.043701,-1286.942627,78.348541,-0.154307,-1.077842,-51.454391,-6.784523,1.865906,7.114497,19.454048,-10.791410,0.571358,2.499502,-5.260154,-20.814739,12.731821,-12.622424,2.019557,1.601748,-0.160490,0.368902,-0.051951,19.646566,-40.410000,59.396286,10.579133,10.121080,-1.832173,0.843238,-16.676867,41.748333,65.075851,-8.786594,11.751028,-7.423244
699.000000,-2310.852783,-1286.797729,78.278358,-0.196543,-1.234261,-51.819107,-6.945839,1.929258,7.716527,21.991669,-12.516391,0.920651,2.103134,-5.616727,-20.628862,13.869596,-13.086265,2.125036,1.767139,-0.474755,0.377264,-0.046429,19.879286,-40.347057,59.412498,10.402144,9.974456,-1.846234,0.814156,-16.781353,41.739620,65.014442,-8.793261,11.754955,-7.474171
700.000000,-2310.616211,-1286.656860,78.185043,-0.317303,-1.400016,-52.276066,-6.748990,2.056561,8.231160,23.724766,-13.277153,1.070305,1.797933,-5.830705,-20.466908,14.738808,-13.429930,2.192284,1.856332,-0.717620,0.331758,0.037619,20.011698,-40.275494,59.488716,10.388955,9.874075,-1.856424,0.815189,-16.876848,41.736927,64.910934,-8.895270,11.767215,-7.482120
701.000000,-2310.373047,-1286.500000,78.049721,-0.573727,-1.458132,-52.696672,-6.274323,2.266713,8.693007,25.531075,-14.826810,1.330926,1.123236,-6.089298,-20.303257,16.298935,-14.039813,2.283172,1.923836,-1.127715,0.144340,0.210372,20.190681,-40.025055,59.674957,10.406967,9.743440,-1.865664,0.837756,-17.071947,41.721729,64.590256,-9.237304,11.808681,-7.483376
702.000000,-2310.174805,-1286.291138,77.878601,-0.905420,-1.478570,-53.007816,-6.034477,2.408572,8.474033,25.832832,-16.273674,0.757635,0.280594,-6.264564,-20.295439,18.014957,-14.720291,2.400672,1.941959,-1.552908,0.065289,0.235725,20.401402,-39.749165,59.722549,10.487470,9.702833,-1.871251,0.807350,-17.322128,41.615429,64.031944,-9.551210,11.897886,-7.481458
703.000000,-2310.025879,-1286.025879,77.688797,-1.315635,-1.467979,-53.349237,-5.859267,2.391888,7.412601,25.597593,-17.469873,0.842424,-0.728447,-6.366758,-20.350752,19.878086,-15.378353,2.534613,2.107988,-1.975953,0.198389,0.052750,20.621185,-39.573071,59.727032,10.543723,9.685679,-1.867136,0.569601,-17.608385,41.380108,63.436893,-9.702403,11.979156,-7.478754
704.000000,-2309.962158,-1285.729492,77.559311,-1.575746,-1.397355,-53.642353,-5.801507,2.290275,6.316550,25.134838,-18.423906,0.895666,-2.029950,-6.554892,-20.362381,21.936600,-15.811016,2.603293,2.255769,-2.548239,0.453310,-0.242139,20.917080,-39.555550,59.725990,10.550920,9.658132,-1.842350,-0.009346,-17.761574,40.915409,63.101246,-9.711753,11.983251,-7.480097
705.000000,-2309.973633,-1285.455566,77.610603,-1.588940,-1.397490,-53.760840,-5.931548,2.128590,6.235304,25.039692,-18.068645,1.045354,-3.149847,-6.969399,-20.094614,23.771612,-15.528453,2.582708,2.287067,-3.452472,0.912488,-0.539845,21.245457,-39.553768,59.754543,10.544276,9.651789,-1.780335,-0.659662,-17.718199,40.525318,62.899372,-9.701759,11.954135,-7.500089
706.000000,-2309.981934,-1285.248901,77.787239,-1.895343,-1.239808,-53.698424,-6.022548,2.197409,6.009156,24.623669,-17.518581,1.169266,-4.199555,-6.895029,-19.602171,24.953014,-15.043419,2.362485,2.244882,-4.014524,1.135984,-0.688421,21.445833,-39.556541,59.780560,10.521418,9.649070,-1.722722,-1.130356,-17.715755,40.202641,62.694256,-9.638635,11.862969,-7.580025
707.000000,-2310.014648,-1285.097656,78.036079,-2.317833,-0.899657,-53.375664,-6.123486,2.413856,5.452623,23.621763,-16.656748,1.282734,-5.582581,-6.136790,-18.851337,24.759605,-13.826815,1.936311,2.038512,-4.457183,1.086734,-0.738014,21.636641,-39.607239,59.781971,10.433101,9.644141,-1.675004,-1.472713,-17.737370,39.803825,62.392723,-9.528165,11.623669,-7.727488
708.000000,-2310.080566,-1284.975952,78.294533,-2.740676,-0.588072,-52.800652,-6.148962,2.589143,4.609899,22.293047,-15.648336,1.371832,-7.129952,-5.199387,-18.379997,23.422468,-12.876969,1.472756,1.522503,-4.836878,1.044680,-0.809866,21.859238,-39.731365,59.759842,10.253778,9.638412,-1.648768,-1.775081,-17.817535,39.236732,62.017902,-9.512177,11.221258,-7.871558
709.000000,-2310.167969,-1284.871826,78.523888,-3.067626,-0.433894,-52.160798,-5.978656,2.693023,3.713690,20.918381,-14.659257,1.447649,-8.768422,-4.420934,-18.113949,21.751244,-11.379424,1.103738,0.977058,-5.209162,1.206398,-1.003388,22.113356,-39.826675,59.636162,10.023971,9.632967,-1.646220,-2.111457,-18.006176,38.623867,61.706192,-9.507076,10.726143,-8.023716
710.000000,-2310.246826,-1284.791992,78.657997,-3.162937,-0.376995,-51.747392,-5.758040,2.651435,3.196675,19.911461,-13.946108,1.526198,-10.345963,-4.141558,-18.008173,20.182652,-9.250454,0.899025,0.743052,-5.670778,1.390968,-1.300465,22.379148,-39.980534,59.517868,9.724817,9.558925,-1.648421,-2.452451,-18.364677,38.122906,61.302391,-9.502126,10.406289,-8.071451
711.000000,-2310.318848,-1284.737305,78.699562,-3.080679,-0.478893,-51.480245,-5.477838,2.463915,2.867917,19.237246,-13.450036,1.606046,-12.135202,-4.108880,-17.701183,18.379980,-6.771409,0.738381,0.663686,-6.329886,1.659282,-1.710257,22.714241,-40.199814,59.455879,9.351331,9.393493,-1.652001,-3.004425,-18.994389,37.642391,60.657684,-9.495592,10.139771,-8.124747
712.000000,-2310.367676,-1284.746948,78.671234,-2.890412,-0.625695,-51.293942,-5.342535,2.277280,2.756870,19.127542,-13.363946,1.632812,-13.196953,-4.143482,-17.292934,17.155272,-5.151614,0.678096,0.712437,-6.807195,1.733232,-1.929525,22.938570,-40.259659,59.450188,9.225195,9.264923,-1.672052,-3.391655,-19.453474,37.382301,60.258888,-9.485212,9.946074,-8.294047
713.000000,-2310.388428,-1284.837524,78.606506,-2.603909,-0.813177,-51.181855,-5.097934,1.997190,2.734229,19.129375,-13.428347,1.643176,-14.301988,-4.226918,-16.737326,15.645237,-3.318653,0.568466,0.885771,-7.441735,1.682793,-2.072963,23.266558,-40.275856,59.427383,9.099802,9.130115,-1.701738,-3.889046,-19.924376,37.033905,59.971127,-9.471279,9.642841,-8.670420
714.000000,-2310.382080,-1285.002441,78.516563,-2.246491,-1.010443,-51.064481,-4.785314,1.640788,2.787546,19.213640,-13.634177,1.640459,-14.998240,-4.408822,-16.216089,14.190104,-1.848334,0.417877,1.025342,-8.115090,1.433346,-2.041636,23.621508,-40.276226,59.356575,9.023474,9.066031,-1.773991,-4.336946,-20.218775,36.685207,59.900368,-9.465865,9.299310,-9.106193
715.000000,-2310.364014,-1285.227661,78.388138,-1.830271,-1.196060,-50.673709,-4.631139,1.210031,2.626490,19.583151,-13.982353,1.638220,-15.135381,-4.727652,-16.015295,12.698174,-1.254136,0.340940,0.876043,-8.737518,1.109229,-1.953352,23.997438,-40.316998,59.250462,8.759470,9.011543,-1.908310,-4.644683,-20.404377,36.378117,59.885818,-9.360702,8.917218,-9.549633
716.000000,-2310.353271,-1285.509399,78.207382,-1.242830,-1.424961,-50.283367,-4.462801,0.533219,2.459032,20.199814,-14.514809,1.619102,-14.987222,-5.284935,-15.844011,11.128746,-1.496953,0.298798,0.633212,-9.632955,0.770751,-1.925938,24.530880,-40.447018,59.218262,8.148008,8.890398,-2.122493,-4.949761,-20.546331,35.972324,59.878147,-9.071403,8.418826,-10.097514
717.000000,-2310.352539,-1285.823608,78.007011,-0.622896,-1.775525,-50.061682,-4.223487,0.043678,2.472357,20.659346,-14.947235,1.556421,-14.678152,-5.619966,-15.563188,10.427268,-2.030408,-0.012223,0.568455,-10.306977,0.692019,-1.957382,24.934338,-40.541176,59.218563,7.625747,8.809453,-2.278523,-5.138129,-20.585340,35.721561,59.876324,-8.790616,8.098305,-10.469643
718.000000,-2310.322021,-1286.107544,77.895653,-0.439333,-2.075843,-49.991800,-3.908902,-0.125343,2.496409,21.318518,-15.562664,1.404123,-14.270466,-5.631102,-15.081281,10.329700,-0.576977,-0.896106,0.605741,-10.674480,0.690034,-2.019006,25.237297,-40.571419,59.257904,6.935535,8.752134,-2.405811,-5.326546,-20.676844,35.418720,59.836342,-8.363132,7.764966,-10.942783
719.000000,-2310.277100,-1286.364380,77.866333,-0.430711,-2.222800,-49.992429,-3.624347,-0.000572,2.516308,21.621725,-15.927215,1.249449,-14.032394,-5.490533,-14.881683,10.503844,0.129845,-0.933663,0.732423,-10.691893,0.677132,-2.086370,25.376900,-40.575283,59.244957,6.291008,8.645041,-2.479740,-5.451036,-20.819592,35.138451,59.675797,-7.866389,7.508062,-11.389829
720.000000,-2310.243164,-1286.572144,77.868454,-0.426882,-2.174499,-49.835321,-3.545454,0.057755,2.391455,21.656050,-16.020861,1.142535,-14.011413,-5.459270,-14.905663,10.724400,0.211926,-0.886940,0.723988,-10.708820,0.649885,-2.208240,25.470800,-40.576939,59.130154,5.940934,8.504662,-2.588992,-5.534873,-20.930449,34.820114,59.428497,-7.654234,7.292178,-11.762492
721.000000,-2310.223877,-1286.727783,77.871063,-0.379580,-2.064774,-49.607878,-3.565953,0.015121,2.160006,21.608097,-16.021107,1.062039,-14.117892,-5.524065,-14.939795,11.035385,0.252968,-0.815629,0.646930,-10.804637,0.756817,-2.485791,25.557428,-40.578426,58.913437,5.753368,8.297483,-2.756102,-5.671221,-21.061468,34.427223,59.042305,-7.612423,7.026845,-12.139511
722.000000,-2310.209229,-1286.850220,77.859955,-0.275330,-1.885621,-49.513029,-3.644138,-0.057629,2.101967,21.546515,-15.997930,1.017979,-14.317711,-5.580906,-14.825794,11.250955,0.409908,-0.766983,0.661457,-10.949500,0.841968,-2.693512,25.639366,-40.577927,58.717918,5.527401,8.124912,-2.907307,-5.792124,-21.151026,34.245716,58.740368,-7.606729,6.837126,-12.358256
723.000000,-2310.207520,-1286.960571,77.825768,-0.051752,-1.629585,-49.555749,-3.823617,-0.205965,2.206803,21.474644,-15.964318,0.968495,-14.723514,-5.662418,-14.464986,11.484860,0.990590,-0.708888,0.770293,-11.312676,0.898827,-2.931095,25.882105,-40.573868,58.354675,4.962181,7.877758,-3.177866,-6.013751,-21.248976,34.135281,58.321411,-7.424430,6.557383,-12.632421
724.000000,-2310.234375,-1287.050415,77.752144,0.314553,-1.303589,-49.565474,-4.204530,-0.519968,2.422619,21.573496,-15.933887,0.959972,-15.303940,-5.875646,-13.921498,11.687922,2.286565,-0.631162,0.789140,-11.974994,0.897030,-3.259437,26.286997,-40.571941,58.172173,4.347375,7.633530,-3.511221,-6.409350,-21.302673,34.075569,58.022766,-6.835927,6.193529,-12.902938
725.000000,-2310.281250,-1287.111084,77.613983,0.823566,-0.928429,-49.325043,-4.906837,-0.975706,2.736861,22.126520,-16.006926,0.976114,-15.830008,-6.250604,-13.379594,11.579522,4.731500,-0.410090,0.629792,-12.824020,0.879767,-3.800941,26.686291,-40.571255,58.204067,3.808927,7.483119,-3.779298,-6.843564,-21.359789,34.068527,57.857609,-6.218339,5.873363,-13.252167
726.000000,-2310.300049,-1287.071899,77.507675,0.851856,-0.576344,-49.125183,-5.843636,-1.070560,3.323939,22.958996,-16.436190,1.031618,-16.412537,-6.416379,-13.136749,11.585532,6.309745,-0.383283,0.479829,-13.371520,0.958749,-4.715058,26.887825,-40.568390,58.461205,3.282511,7.375840,-3.919632,-7.404515,-21.589060,34.064903,57.707027,-5.550438,5.568963,-13.706800
727.000000,-2310.287842,-1287.001953,77.504440,0.710566,-0.283621,-49.332514,-6.380161,-0.864863,3.584402,23.303841,-16.520086,1.100835,-16.624659,-6.131203,-12.994551,11.120674,6.450533,-0.428224,0.770816,-13.558038,1.078888,-5.596872,26.888344,-40.538914,58.782368,2.812546,7.318996,-4.014806,-7.831651,-21.692497,34.070797,57.701195,-5.161840,5.377558,-14.176301
728.000000,-2310.253662,-1286.947510,77.523590,0.566495,0.079199,-49.497499,-6.805436,-0.682204,3.774855,23.318661,-16.497696,1.083871,-16.773226,-5.837904,-12.875916,10.431819,6.711420,-0.442648,1.043172,-13.794200,0.964983,-6.336566,26.888050,-40.349476,58.933464,2.498887,7.292694,-4.226600,-8.025442,-21.689711,34.089977,57.677258,-5.095134,5.150510,-14.624054
729.000000,-2310.214600,-1286.899048,77.541420,0.445176,0.317930,-49.581068,-7.097992,-0.547358,3.890355,23.311176,-16.483389,1.081508,-16.820116,-5.623860,-12.808207,9.873593,6.958989,-0.431069,1.225879,-14.034814,0.897843,-7.041860,26.887985,-40.128033,58.948360,2.199283,7.192181,-4.451200,-8.123521,-21.668823,34.090317,57.605839,-5.097054,4.889514,-15.063069
730.000000,-2310.172363,-1286.858276,77.552979,0.363507,0.459668,-49.754172,-7.216661,-0.452434,4.050897,23.297403,-16.483931,1.094717,-16.862368,-5.471237,-12.656166,9.625927,7.081107,-0.396345,1.425018,-14.223189,0.884008,-7.578989,26.878784,-40.045460,58.961613,1.900220,7.033212,-4.595389,-8.180235,-21.650396,34.091602,57.547340,-5.102780,4.698048,-15.388342
731.000000,-2310.126709,-1286.834351,77.558350,0.293771,0.524287,-49.975633,-7.271247,-0.314532,4.351425,23.299488,-16.521162,1.119823,-16.922749,-5.271246,-12.382908,9.488351,7.182144,-0.352810,1.787314,-14.460895,0.898524,-8.242126,26.818933,-39.959789,59.001877,1.471813,6.729506,-4.719593,-8.259206,-21.634560,34.095730,57.498402,-5.103909,4.466635,-15.803849
732.000000,-2310.076416,-1286.833862,77.573235,0.148838,0.469804,-50.203242,-7.179673,-0.082689,4.656097,23.332781,-16.620415,1.132243,-16.884100,-5.016844,-12.183196,9.568452,7.096068,-0.393260,2.178743,-14.585057,0.974993,-8.795394,26.663723,-39.828304,59.151100,0.909133,6.334471,-4.764340,-8.345329,-21.626316,34.113274,57.477024,-5.091151,4.256265,-16.210936
733.000000,-2310.019287,-1286.879028,77.633850,-0.186824,0.278092,-50.647897,-6.787355,0.466170,5.126508,23.250641,-16.751390,1.103606,-16.803734,-4.648394,-12.527971,10.813213,6.568805,-0.445650,2.710596,-14.474290,1.120867,-9.179772,26.461220,-39.760067,59.380363,-0.006897,5.978141,-4.764603,-8.498154,-21.585367,34.325420,57.397724,-5.072322,4.151358,-16.542679
734.000000,-2309.956299,-1287.003418,77.741341,-0.614911,0.166887,-51.274373,-6.232221,1.259043,5.764435,22.899837,-16.812359,0.990022,-16.391415,-4.128990,-13.399239,12.590425,4.437847,-0.686650,3.327314,-14.264261,1.032132,-9.273662,26.330666,-39.760353,59.542034,-1.022018,5.712297,-4.761746,-8.637571,-21.441563,34.809536,57.270393,-5.056669,4.035797,-16.817638
735.000000,-2309.903809,-1287.171387,77.890427,-1.059001,0.106123,-51.711712,-5.626602,2.028263,6.226579,22.234861,-16.671991,0.826039,-15.689352,-3.637347,-14.052809,14.207816,2.200742,-0.962277,3.750102,-14.032876,0.873136,-9.301395,26.202778,-39.773300,59.789200,-1.819191,5.441727,-4.754416,-8.801044,-21.195824,35.308601,57.226982,-5.045423,3.773702,-17.084545
736.000000,-2309.869873,-1287.342529,78.055313,-1.472833,0.063764,-51.812148,-5.011864,2.653262,6.376296,21.349867,-16.341667,0.641980,-14.828992,-3.390559,-14.704297,15.949096,1.162975,-0.960545,3.859362,-13.778761,0.825758,-9.375548,26.037024,-39.780132,60.184456,-2.353472,5.122759,-4.738663,-9.025628,-20.919470,35.693989,57.306683,-5.046719,3.356010,-17.339371
737.000000,-2309.852295,-1287.517822,78.222748,-1.742538,0.063529,-51.738721,-4.346608,3.045850,6.388463,20.164946,-15.814671,0.452893,-13.868049,-3.290340,-15.155396,17.000446,0.049946,-0.635277,3.831549,-13.599883,0.891829,-9.496615,25.866932,-39.805908,60.672977,-2.830037,4.830000,-4.676198,-9.335068,-20.653435,36.030132,57.580296,-5.042888,2.853515,-17.551130
738.000000,-2309.848877,-1287.670898,78.356430,-1.790223,0.219337,-51.605807,-3.948603,3.154862,6.385215,19.128466,-15.310645,0.331094,-13.376723,-3.213769,-15.190850,17.151121,-1.419393,-0.557192,3.778686,-13.553825,0.908001,-9.578529,25.758053,-39.833939,60.977604,-3.124644,4.662770,-4.584723,-9.602538,-20.491512,36.284508,57.896294,-5.018409,2.492679,-17.662991
739.000000,-2309.844482,-1287.812866,78.451477,-1.702544,0.366897,-51.475466,-3.398926,3.065823,6.419465,17.719065,-14.624700,0.218128,-12.929634,-3.417186,-15.353253,17.459162,-1.019576,-0.232561,3.710009,-13.559057,1.037257,-9.626595,25.643023,-39.871372,61.230061,-3.390563,4.471736,-4.436031,-9.982856,-20.404703,36.644772,58.293537,-4.970063,2.110814,-17.729855
740.000000,-2309.823730,-1287.948242,78.530708,-1.609777,0.413347,-51.420292,-2.747997,2.963624,6.529278,16.365984,-13.992771,0.119396,-12.627671,-3.419498,-15.210217,17.114733,-1.176248,-0.203732,3.706733,-13.447986,1.285837,-9.564552,25.509277,-39.878784,61.418846,-3.522015,4.289816,-4.207840,-10.308288,-20.396133,36.939842,58.527580,-4.916739,1.925594,-17.738070
741.000000,-2309.764160,-1288.097046,78.599838,-1.557653,0.493391,-51.434277,-2.117073,2.909525,6.681613,15.114944,-13.449132,0.033220,-12.358875,-3.372084,-15.200201,16.664509,-1.091284,-0.363700,3.747463,-13.190753,1.372669,-9.306943,25.325325,-39.875908,61.550343,-3.543692,4.170845,-3.946718,-10.420315,-20.416914,37.217384,58.632908,-4.821213,1.865399,-17.735205
742.000000,-2309.674072,-1288.256836,78.656540,-1.544808,0.631839,-51.518834,-1.590745,2.907396,6.884021,14.023575,-13.018912,-0.042799,-12.102603,-3.257323,-15.191559,16.090816,-0.941745,-0.498605,3.830346,-12.833029,1.261204,-8.898951,25.133675,-39.841923,61.603233,-3.538893,4.101882,-3.736748,-10.418206,-20.436913,37.590881,58.754143,-4.762073,1.854617,-17.692347
743.000000,-2309.572266,-1288.417358,78.698174,-1.556575,0.706035,-51.602144,-1.190965,2.926204,7.031574,13.316418,-12.773246,-0.097737,-11.830693,-3.145673,-15.194213,15.607794,-0.858652,-0.574122,3.877917,-12.528236,1.158970,-8.543669,25.013254,-39.748745,61.617210,-3.530546,4.058067,-3.629036,-10.396740,-20.430536,37.914318,58.873085,-4.757869,1.850479,-17.609869
744.000000,-2309.460938,-1288.586792,78.727844,-1.566007,0.742332,-51.685779,-0.643982,2.948075,7.200201,12.483870,-12.518413,-0.171055,-11.422748,-3.008237,-15.196243,15.028118,-0.840461,-0.645927,3.912631,-12.122825,1.008402,-8.054166,24.861181,-39.507893,61.653259,-3.523392,4.020533,-3.485262,-10.339594,-20.386969,38.371471,59.115845,-4.761777,1.844628,-17.439253
745.000000,-2309.351074,-1288.757446,78.750229,-1.581112,0.744887,-51.783979,-0.087334,2.975814,7.383426,11.717938,-12.308486,-0.248036,-10.993462,-2.869051,-15.216929,14.470385,-0.861473,-0.712055,3.994805,-11.744040,0.861947,-7.610476,24.696281,-39.194450,61.677280,-3.521776,4.011931,-3.256989,-10.261270,-20.302526,38.910339,59.460461,-4.759881,1.844303,-17.205626
746.000000,-2309.247070,-1288.922974,78.768944,-1.637052,0.680946,-51.774030,0.437009,3.039994,7.450356,11.134224,-12.184695,-0.320497,-10.428206,-2.713567,-15.374811,13.830259,-0.875133,-0.765581,4.032005,-11.343745,0.800004,-7.275135,24.505585,-38.925629,61.744820,-3.520926,3.967136,-3.003930,-10.147751,-20.170853,39.464417,59.887390,-4.749756,1.847293,-16.896223
747.000000,-2309.146484,-1289.085449,78.784599,-1.688648,0.615225,-51.728719,0.925575,3.095973,7.449871,10.614114,-12.078761,-0.386993,-9.880790,-2.580964,-15.563106,13.261423,-0.906093,-0.810537,4.029608,-10.961994,0.768804,-7.008264,24.323288,-38.759315,61.839527,-3.525045,3.868448,-2.763720,-9.977364,-20.012320,39.962448,60.323795,-4.736467,1.851668,-16.476454
748.000000,-2309.052734,-1289.237671,78.795975,-1.732150,0.572471,-51.703383,1.262504,3.129772,7.450680,10.247219,-12.006575,-0.431741,-9.534035,-2.492011,-15.666263,12.913164,-0.941916,-0.835048,4.040101,-10.694114,0.750964,-6.817530,24.196014,-38.648796,61.873402,-3.534433,3.768566,-2.594424,-9.804440,-19.906965,40.324139,60.595612,-4.693465,1.856093,-16.122080
749.000000,-2308.956787,-1289.387085,78.806648,-1.798741,0.490112,-51.663085,1.704269,3.192238,7.430729,9.823593,-11.944098,-0.492249,-9.043004,-2.352540,-15.790283,12.432580,-0.968334,-0.855578,4.090248,-10.326735,0.777896,-6.562868,23.983070,-38.376022,61.892391,-3.540484,3.592571,-2.364046,-9.504992,-19.795578,40.744144,60.860638,-4.570323,1.863386,-15.642213
750.000000,-2308.847168,-1289.543213,78.816513,-1.889186,0.417814,-51.591484,2.116596,3.284212,7.369367,9.486526,-11.930267,-0.556561,-8.507126,-2.196146,-15.991803,11.912321,-0.972990,-0.871524,4.102360,-9.909218,0.758325,-6.211018,23.686287,-37.947418,61.908142,-3.527445,3.359666,-2.056590,-9.065970,-19.650049,40.898838,61.014111,-4.454290,1.875179,-15.206029
751.000000,-2308.735596,-1289.693237,78.824005,-1.986384,0.362104,-51.498179,2.451753,3.386269,7.282115,9.256861,-11.962420,-0.607508,-8.013694,-2.058924,-16.284695,11.452649,-0.982386,-0.887378,4.038411,-9.460861,0.678081,-5.797979,23.367992,-37.583687,61.935600,-3.524533,3.081326,-1.680967,-8.612358,-19.437796,40.933456,61.193459,-4.440688,1.883508,-14.828290
752.000000,-2308.622070,-1289.840088,78.829796,-2.090233,0.356497,-51.328094,2.646829,3.486514,7.127552,9.155766,-12.039340,-0.642161,-7.584297,-1.950742,-16.668470,11.022909,-0.989832,-0.898300,3.892455,-8.990778,0.549051,-5.407411,23.029036,-37.270504,61.970192,-3.518965,2.859073,-1.355875,-8.178473,-19.169529,40.940201,61.452896,-4.451074,1.887768,-14.511098
753.000000,-2308.518555,-1289.963379,78.833672,-2.183692,0.380729,-51.159840,2.749066,3.575382,6.964296,9.122931,-12.131829,-0.665305,-7.251256,-1.861586,-16.992970,10.672772,-0.996871,-0.902393,3.740843,-8.502348,0.436040,-5.107048,22.688145,-37.030109,61.980362,-3.455370,2.713737,-1.130495,-7.760496,-18.907692,40.943909,61.706741,-4.592592,1.889506,-14.228535
754.000000,-2308.421631,-1290.065674,78.837898,-2.267801,0.404228,-50.909118,2.785365,3.624601,6.797979,9.135815,-12.199854,-0.674806,-7.031796,-1.826128,-17.250437,10.467256,-1.011414,-0.897220,3.566396,-8.114900,0.399370,-4.947084,22.452780,-36.940552,61.965611,-3.383622,2.638203,-1.003114,-7.482849,-18.733692,40.945435,61.900711,-4.754743,1.888478,-14.049940
755.000000,-2308.334717,-1290.147827,78.842430,-2.326389,0.442118,-50.640325,2.804145,3.652527,6.529376,9.131317,-12.250937,-0.678199,-6.810431,-1.840259,-17.633108,10.314479,-1.065432,-0.883256,3.254594,-7.594657,0.389793,-4.797453,22.188587,-36.923264,61.893997,-3.310131,2.573428,-0.875361,-7.147576,-18.557030,40.945602,62.134083,-4.914829,1.886623,-13.884971
756.000000,-2308.248047,-1290.220703,78.847206,-2.381664,0.484757,-50.373472,2.811800,3.663214,6.285894,9.107946,-12.283173,-0.675543,-6.651583,-1.874691,-17.979280,10.231824,-1.130978,-0.860832,2.966654,-7.074140,0.392146,-4.702619,21.955359,-36.919102,61.801243,-3.284858,2.516244,-0.782639,-6.822376,-18.464903,40.945683,62.327766,-5.002131,1.885398,-13.798048
757.000000,-2308.162598,-1290.286377,78.851257,-2.430080,0.520774,-50.151845,2.829548,3.672302,6.066489,9.081024,-12.314842,-0.667810,-6.510659,-1.910139,-18.299639,10.180942,-1.193024,-0.828318,2.712902,-6.534055,0.393455,-4.655151,21.720013,-36.919331,61.774918,-3.300243,2.442260,-0.707037,-6.502993,-18.450710,40.945328,62.519531,-5.024425,1.885177,-13.784549
758.000000,-2308.082031,-1290.353882,78.851852,-2.453082,0.519623,-49.967796,2.917535,3.661586,5.906349,8.993726,-12.325044,-0.658851,-6.366887,-1.959103,-18.574080,10.169343,-1.297124,-0.785388,2.523159,-6.033730,0.413433,-4.631723,21.520603,-36.920208,61.768158,-3.373559,2.377879,-0.634382,-6.220683,-18.454380,40.944901,62.764374,-5.035614,1.886786,-13.785961
759.000000,-2308.008545,-1290.428101,78.846535,-2.445094,0.501072,-49.817966,3.071004,3.621230,5.777909,8.850256,-12.321423,-0.649951,-6.192356,-2.031917,-18.836742,10.166789,-1.478680,-0.736045,2.389012,-5.601911,0.419026,-4.607113,21.353611,-36.919025,61.766396,-3.558774,2.332587,-0.544332,-5.945951,-18.438791,40.945995,63.140068,-5.037984,1.888618,-13.819226
760.000000,-2307.942139,-1290.513794,78.834503,-2.408803,0.468475,-49.646427,3.239939,3.557864,5.654007,8.714138,-12.324897,-0.642771,-5.995864,-2.128624,-19.104645,10.173482,-1.740413,-0.684413,2.275965,-5.260381,0.416247,-4.580652,21.214340,-36.919476,61.762360,-3.776031,2.299591,-0.421922,-5.653574,-18.389845,40.948822,63.527817,-4.980482,1.926262,-13.938910
761.000000,-2307.880859,-1290.601685,78.818642,-2.371752,0.401090,-49.483099,3.428613,3.498625,5.535885,8.617423,-12.357748,-0.637134,-5.763893,-2.217218,-19.321463,10.183153,-2.034832,-0.634555,2.135432,-4.958391,0.431149,-4.544227,21.074003,-36.926796,61.777649,-4.030230,2.272084,-0.277771,-5.352051,-18.323387,40.953022,63.856663,-4.931485,1.973713,-14.093792
762.000000,-2307.819824,-1290.686035,78.800858,-2.340360,0.327851,-49.375294,3.570919,3.466450,5.482885,8.577704,-12.406815,-0.634623,-5.596867,-2.265450,-19.420374,10.200071,-2.251058,-0.599364,2.037035,-4.727758,0.436101,-4.522928,20.931406,-36.933361,61.859703,-4.252426,2.220779,-0.162834,-5.129714,-18.258808,40.956245,64.103981,-4.928880,1.991383,-14.221858
763.000000,-2307.757324,-1290.763916,78.780983,-2.304758,0.233544,-49.397481,3.804938,3.428254,5.511925,8.501461,-12.473940,-0.634490,-5.419462,-2.315105,-19.422878,10.290577,-2.545745,-0.557337,1.970534,-4.421824,0.452418,-4.512712,20.682077,-36.939220,62.079430,-4.574544,2.106593,0.005021,-4.860651,-18.148239,40.959057,64.440674,-4.939126,2.009126,-14.374581
764.000000,-2307.689209,-1290.832764,78.760162,-2.277225,0.104694,-49.520737,4.124016,3.404550,5.676849,8.385388,-12.546828,-0.636491,-5.269217,-2.329377,-19.234060,10.438046,-2.825260,-0.509537,1.963576,-4.084183,0.489807,-4.480985,20.371183,-36.947170,62.349842,-4.948245,1.983921,0.178690,-4.643027,-18.023546,40.960354,64.771500,-4.988927,2.037831,-14.447103
765.000000,-2307.614258,-1290.894897,78.738472,-2.253536,-0.016739,-49.662150,4.439709,3.381311,5.869995,8.294902,-12.635693,-0.638740,-5.124269,-2.333199,-18.984247,10.578736,-3.089898,-0.457417,1.935797,-3.712292,0.510473,-4.438544,20.006561,-36.987350,62.658691,-5.233679,1.853220,0.335983,-4.436769,-17.915543,40.962574,65.093559,-5.135196,2.051307,-14.463530
766.000000,-2307.544922,-1290.953247,78.716949,-2.216406,-0.108678,-49.666153,4.654811,3.328468,5.923259,8.275909,-12.724214,-0.636459,-4.973707,-2.385322,-18.883177,10.693272,-3.371102,-0.409368,1.765517,-3.358826,0.516160,-4.416293,19.646759,-37.055119,63.001961,-5.334376,1.677415,0.458584,-4.223233,-17.828150,40.965282,65.402184,-5.395101,2.061241,-14.463135
767.000000,-2307.490967,-1291.009399,78.695625,-2.159698,-0.170693,-49.599157,4.792346,3.244841,5.872163,8.274758,-12.788034,-0.630817,-4.858144,-2.485472,-18.866806,10.833962,-3.685550,-0.364489,1.521775,-3.072301,0.524372,-4.413656,19.340513,-37.089649,63.340828,-5.350902,1.480202,0.555481,-3.989609,-17.764479,40.966969,65.634766,-5.684320,2.098398,-14.432046
768.000000,-2307.454102,-1291.064697,78.675919,-2.099092,-0.209245,-49.517071,4.866109,3.183397,5.819464,8.274050,-12.824863,-0.628722,-4.796170,-2.561491,-18.863310,10.941075,-3.914999,-0.334278,1.344485,-2.899445,0.534878,-4.412942,19.163725,-37.101219,63.569763,-5.355752,1.341018,0.619845,-3.816818,-17.723631,40.968151,65.772507,-5.934717,2.153377,-14.366446
769.000000,-2307.429199,-1291.122070,78.657356,-2.038979,-0.247611,-49.406128,4.941989,3.110211,5.724521,8.280648,-12.867426,-0.629273,-4.703076,-2.654104,-18.894072,11.042953,-4.198388,-0.298562,1.108841,-2.705126,0.565071,-4.412895,19.002855,-37.157379,63.833511,-5.358657,1.186075,0.697005,-3.596255,-17.679916,40.992889,65.938004,-6.341640,2.251910,-14.215113
770.000000,-2307.409180,-1291.179199,78.640381,-1.985544,-0.298589,-49.286302,5.020215,3.047421,5.615045,8.293851,-12.909450,-0.631391,-4.575106,-2.734062,-18.957893,11.094876,-4.453224,-0.268561,0.906197,-2.527420,0.613107,-4.412963,18.913363,-37.319412,64.043907,-5.363513,1.074015,0.754093,-3.379173,-17.669329,41.091328,66.129852,-6.745259,2.347540,-14.017015
771.000000,-2307.387939,-1291.236816,78.626076,-1.954393,-0.339790,-49.211776,5.099658,3.012284,5.537065,8.309692,-12.959238,-0.638334,-4.448290,-2.778145,-18.995293,11.116177,-4.658453,-0.245266,0.789155,-2.335493,0.638564,-4.406373,18.844196,-37.487022,64.237068,-5.369334,1.023589,0.783852,-3.150367,-17.663872,41.249573,66.432793,-7.084245,2.460051,-13.802943
772.000000,-2307.368652,-1291.289795,78.615364,-1.945266,-0.362184,-49.164852,5.149298,3.013677,5.496053,8.355894,-13.026824,-0.648613,-4.345882,-2.777556,-19.006218,11.105155,-4.792226,-0.227960,0.768622,-2.113824,0.641228,-4.371143,18.797829,-37.588467,64.356384,-5.369880,1.014549,0.805810,-2.893863,-17.660725,41.466648,66.788216,-7.403301,2.655652,-13.568465
773.000000,-2307.350830,-1291.334717,78.606888,-1.939524,-0.394316,-49.148482,5.212716,3.020834,5.477625,8.381031,-13.083405,-0.659582,-4.250572,-2.768313,-19.003387,11.092260,-4.896231,-0.212341,0.761676,-1.880448,0.657572,-4.297389,18.782360,-37.655716,64.415276,-5.376174,1.011286,0.838132,-2.636215,-17.636591,41.648911,67.153549,-7.653882,2.928869,-13.277322
774.000000,-2307.329590,-1291.377930,78.599518,-1.942533,-0.427967,-49.156751,5.297304,3.035857,5.490723,8.380576,-13.133494,-0.670450,-4.165316,-2.750072,-18.999716,11.085826,-4.975967,-0.201712,0.756923,-1.628650,0.662337,-4.186919,18.761448,-37.717117,64.474670,-5.384383,1.012252,0.888696,-2.343776,-17.591484,41.786198,67.494118,-7.843765,3.271702,-12.970829
775.000000,-2307.310059,-1291.413818,78.594193,-1.956673,-0.449092,-49.204875,5.365213,3.064184,5.535939,8.378620,-13.178626,-0.682040,-4.112090,-2.717316,-18.998140,11.074574,-5.013275,-0.197400,0.765437,-1.388612,0.660369,-4.060818,18.738016,-37.757057,64.506233,-5.389039,1.015972,0.956084,-2.048307,-17.557728,41.961956,67.688408,-7.998039,3.655002,-12.660714
776.000000,-2307.297607,-1291.442261,78.589172,-1.965902,-0.448504,-49.276864,5.405513,3.090830,5.595782,8.381068,-13.217846,-0.692252,-4.092704,-2.685427,-18.996374,11.064909,-5.036685,-0.199325,0.781151,-1.172135,0.657551,-3.929177,18.710215,-37.766312,64.520103,-5.388592,1.019745,1.056758,-1.762239,-17.524202,42.124432,67.778145,-8.099321,4.032219,-12.333819
777.000000,-2307.301025,-1291.463257,78.576073,-1.910976,-0.419895,-49.307190,5.388290,3.070288,5.643995,8.412690,-13.254752,-0.699250,-4.134095,-2.711010,-18.995792,11.118105,-5.146823,-0.199014,0.756142,-0.990072,0.649118,-3.781579,18.680223,-37.770103,64.534805,-5.427523,1.024652,1.192781,-1.448895,-17.444525,42.253063,67.805206,-8.150663,4.463536,-11.895381
778.000000,-2307.324951,-1291.482300,78.546204,-1.763926,-0.377760,-49.299025,5.303319,2.934721,5.650730,8.492914,-13.289047,-0.700531,-4.206724,-2.859740,-18.978901,11.224822,-5.467248,-0.181603,0.655427,-0.982292,0.649570,-3.658145,18.701485,-37.774555,64.500015,-5.590652,1.030189,1.257742,-1.218261,-17.309795,42.331249,67.802841,-8.153704,4.834561,-11.409770
779.000000,-2307.359619,-1291.495605,78.516136,-1.619844,-0.319158,-49.339144,5.185153,2.776517,5.693413,8.588401,-13.330173,-0.699287,-4.334441,-3.019228,-18.867743,11.360776,-5.838110,-0.195531,0.607838,-1.052737,0.633211,-3.546868,18.737940,-37.776939,64.366501,-5.757014,1.034877,1.284206,-1.069476,-17.149046,42.363499,67.795410,-8.155130,5.170174,-10.917366
780.000000,-2307.394531,-1291.500244,78.510757,-1.588782,-0.285663,-49.392468,5.100902,2.769545,5.739300,8.668025,-13.355619,-0.704061,-4.477094,-3.044643,-18.796524,11.532405,-5.929851,-0.215189,0.577821,-1.028656,0.632950,-3.467052,18.731247,-37.777622,64.250015,-5.807919,1.034589,1.297718,-1.017924,-16.988676,42.365814,67.792168,-8.238528,5.461206,-10.540574
781.000000,-2307.429932,-1291.502319,78.508118,-1.569325,-0.265083,-49.431919,5.001663,2.780687,5.781831,8.781977,-13.387613,-0.712422,-4.630637,-3.057903,-18.726786,11.728544,-6.001587,-0.240512,0.554999,-1.034089,0.621170,-3.425223,18.704704,-37.775974,64.165543,-5.817986,1.031963,1.307075,-1.006287,-16.764313,42.363388,67.788391,-8.357134,5.759322,-10.207923
782.000000,-2307.464844,-1291.503418,78.501442,-1.542048,-0.267007,-49.473257,4.941483,2.782958,5.810335,8.883923,-13.424642,-0.721521,-4.729459,-3.079524,-18.684916,11.894795,-6.080341,-0.266179,0.569474,-1.075840,0.604643,-3.421596,18.689354,-37.774124,64.124046,-5.782009,1.015457,1.311345,-1.011928,-16.606773,42.361027,67.781471,-8.420570,5.920912,-10.038053
783.000000,-2307.491699,-1291.507812,78.491547,-1.526424,-0.335505,-49.493798,4.912581,2.792524,5.841793,9.043882,-13.501036,-0.736010,-4.787020,-3.103725,-18.646183,12.101012,-6.201938,-0.297917,0.600650,-1.154306,0.588692,-3.414297,18.690683,-37.773502,64.111275,-5.688306,0.986289,1.311673,-1.036586,-16.414324,42.359856,67.770294,-8.639304,6.104718,-9.838723
784.000000,-2307.500732,-1291.519653,78.478683,-1.528973,-0.485332,-49.496694,4.979850,2.816364,5.841692,9.248073,-13.627954,-0.750091,-4.709940,-3.115457,-18.632586,12.290832,-6.346283,-0.320926,0.610459,-1.233434,0.583436,-3.351385,18.712061,-37.772781,64.112366,-5.519576,0.979209,1.307792,-1.054744,-16.247540,42.356998,67.766014,-9.041594,6.272835,-9.666311
785.000000,-2307.490723,-1291.532593,78.465637,-1.546636,-0.637843,-49.520496,5.078104,2.847838,5.854396,9.447190,-13.767254,-0.763761,-4.589342,-3.109161,-18.607128,12.428813,-6.461115,-0.337065,0.608851,-1.292357,0.536745,-3.226151,18.739119,-37.773361,64.148529,-5.200818,0.976316,1.302161,-1.046998,-16.137543,42.323566,67.757568,-9.509565,6.400751,-9.527720
786.000000,-2307.474365,-1291.532471,78.453613,-1.570453,-0.775573,-49.584851,5.166707,2.890446,5.918070,9.700951,-13.940319,-0.775266,-4.462578,-3.081847,-18.530596,12.535431,-6.545788,-0.348252,0.607415,-1.359117,0.449103,-3.059176,18.768017,-37.784740,64.323120,-4.896896,0.978223,1.286808,-1.029003,-16.074108,42.250645,67.675232,-10.058042,6.572970,-9.366398
787.000000,-2307.472656,-1291.512451,78.438347,-1.581180,-0.916807,-49.698412,5.215812,2.921552,6.023412,9.983716,-14.110554,-0.779658,-4.421595,-3.073887,-18.406622,12.730023,-6.640580,-0.356611,0.645912,-1.468822,0.443016,-2.976061,18.860968,-37.878712,64.574890,-4.872684,1.038463,1.242434,-1.055742,-16.074320,42.243538,67.437187,-10.436082,6.843188,-9.196424
788.000000,-2307.488525,-1291.479736,78.423500,-1.574089,-1.022573,-49.874930,5.231686,2.942286,6.190348,10.238199,-14.250285,-0.785074,-4.483742,-3.071998,-18.213457,12.983785,-6.729046,-0.374182,0.755000,-1.665813,0.466785,-2.921768,19.031424,-37.942650,64.807518,-4.870477,1.209373,1.212047,-1.135859,-16.077919,42.218784,67.156776,-10.668182,7.080198,-8.994504
789.000000,-2307.518066,-1291.442139,78.413254,-1.578827,-1.076537,-49.982884,5.171995,2.965756,6.276128,10.461972,-14.353814,-0.787695,-4.539266,-3.058461,-18.103426,13.102224,-6.752717,-0.387780,0.809506,-1.864612,0.487272,-2.848158,19.221394,-37.944340,64.890663,-4.813909,1.381964,1.208526,-1.201830,-16.086355,42.142509,66.913368,-10.795010,7.205416,-8.822572
790.000000,-2307.557129,-1291.397583,78.406586,-1.588242,-1.054030,-50.005328,4.982777,2.996621,6.290119,10.775305,-14.476587,-0.786229,-4.630046,-3.041980,-18.050432,13.166172,-6.742988,-0.402422,0.801245,-2.162279,0.466333,-2.685010,19.525543,-37.941872,64.897980,-4.667538,1.582129,1.210147,-1.253681,-16.128159,41.975452,66.572914,-10.879457,7.285491,-8.588089
791.000000,-2307.598389,-1291.338989,78.402580,-1.599841,-0.999428,-49.989664,4.661899,3.020481,6.237147,11.177263,-14.611246,-0.777529,-4.777050,-3.039882,-18.043919,13.208005,-6.695863,-0.420670,0.778476,-2.564764,0.450427,-2.479377,19.910873,-37.939030,64.851456,-4.388289,1.842810,1.219731,-1.292207,-16.284678,41.712967,66.104179,-10.895958,7.316937,-8.280574
792.000000,-2307.642334,-1291.266479,78.401283,-1.607832,-0.940620,-49.986769,4.359071,3.031783,6.194618,11.504791,-14.704209,-0.763029,-4.927694,-3.042028,-18.038929,13.213810,-6.612776,-0.437777,0.765241,-2.966016,0.474421,-2.239823,20.305532,-37.938755,64.685829,-3.939193,2.098454,1.231650,-1.368137,-16.547995,41.466759,65.601303,-10.896197,7.330592,-7.994597
793.000000,-2307.688965,-1291.182861,78.403297,-1.614078,-0.839032,-49.979054,4.023814,3.028930,6.145737,11.788021,-14.757855,-0.742415,-5.109667,-3.049050,-18.041330,13.173876,-6.487846,-0.453654,0.796931,-3.404859,0.483878,-1.987198,20.749783,-37.938789,64.438210,-3.504672,2.340268,1.236569,-1.492460,-16.894068,41.402287,65.156113,-10.887800,7.331835,-7.814015
794.000000,-2307.739746,-1291.081055,78.408211,-1.613455,-0.721569,-49.968001,3.656785,3.007625,6.088743,12.050321,-14.780556,-0.709150,-5.315802,-3.064430,-18.038397,13.097043,-6.320941,-0.466644,0.837113,-3.860131,0.513786,-1.784303,21.192768,-37.942226,64.225594,-3.177706,2.558076,1.241642,-1.752790,-17.224258,41.356316,64.944130,-10.814963,7.329071,-7.741772
795.000000,-2307.791992,-1290.960571,78.416565,-1.613361,-0.649274,-49.965107,3.384053,2.975254,6.045653,12.227015,-14.765147,-0.670630,-5.452300,-3.078190,-18.025808,12.976604,-6.129829,-0.477394,0.846185,-4.267536,0.610581,-1.660282,21.581596,-38.067253,64.069565,-2.949033,2.749996,1.250842,-2.134324,-17.478266,41.294106,64.919136,-10.648714,7.329932,-7.730112
796.000000,-2307.842529,-1290.827881,78.424316,-1.610672,-0.538657,-50.055633,3.030937,2.937675,6.083809,12.426833,-14.738576,-0.615826,-5.694515,-3.077025,-17.914530,12.836345,-5.861941,-0.499025,0.895313,-4.754074,0.687560,-1.543169,22.022051,-38.370937,63.955704,-2.673042,2.926680,1.257254,-2.672997,-17.729946,41.150871,64.911842,-10.497768,7.332444,-7.723382
797.000000,-2307.893311,-1290.683472,78.430054,-1.589075,-0.390672,-50.224587,2.767835,2.902793,6.180904,12.543166,-14.709250,-0.571860,-5.945783,-3.080554,-17.767235,12.788738,-5.679689,-0.514083,0.963215,-5.092002,0.704214,-1.481156,22.273615,-38.591625,63.923676,-2.504273,3.050803,1.258823,-3.077727,-17.877554,41.066090,64.869209,-10.477233,7.332047,-7.722444
798.000000,-2307.944824,-1290.531982,78.436127,-1.540252,-0.257395,-50.347959,2.448098,2.810630,6.288480,12.620348,-14.621101,-0.501444,-6.306530,-3.143226,-17.593876,12.804345,-5.482200,-0.524489,1.027869,-5.574268,0.733125,-1.417127,22.551544,-38.827862,63.846821,-2.257633,3.258756,1.258450,-3.614623,-18.099918,41.006256,64.688339,-10.474646,7.318923,-7.729538
799.000000,-2307.996826,-1290.377441,78.441086,-1.462975,-0.116240,-50.418327,2.151639,2.670451,6.338083,12.632728,-14.490881,-0.412892,-6.684543,-3.273949,-17.475979,12.915113,-5.349110,-0.523885,1.028789,-6.093447,0.735438,-1.364092,22.788630,-39.008080,63.737915,-1.794522,3.449966,1.255749,-4.095826,-18.314035,40.790581,64.386841,-10.480172,7.274145,-7.751764
800.000000,-2308.052246,-1290.213623,78.443657,-1.371819,-0.001667,-50.471645,1.892889,2.519758,6.384062,12.637095,-14.362249,-0.319697,-7.053798,-3.434685,-17.380711,13.106132,-5.269001,-0.516804,0.977323,-6.582956,0.749705,-1.332869,23.000286,-39.183456,63.644367,-1.308048,3.549614,1.251479,-4.538422,-18.538103,40.409088,63.992031,-10.481283,7.156392,-7.776208
801.000000,-2308.104980,-1290.050903,78.444962,-1.291264,0.046594,-50.550495,1.658522,2.349063,6.466548,12.643964,-14.219930,-0.215362,-7.430491,-3.614191,-17.241739,13.333489,-5.170449,-0.504778,0.907143,-7.156505,0.814364,-1.321447,23.246708,-39.350117,63.588444,-0.938839,3.597409,1.243634,-5.149361,-18.830124,39.995167,63.604240,-10.479111,6.891576,-7.869524
802.000000,-2308.155518,-1289.896240,78.445999,-1.222642,0.089363,-50.572200,1.437309,2.208446,6.493017,12.713855,-14.119738,-0.123713,-7.703529,-3.763688,-17.162849,13.479763,-5.069491,-0.487215,0.864526,-7.675538,0.833963,-1.369944,23.465357,-39.486778,63.583218,-0.852424,3.659420,1.232402,-5.672749,-19.147959,39.911884,63.263512,-10.454323,6.659764,-8.038572
803.000000,-2308.211670,-1289.752075,78.450226,-1.146647,0.108916,-50.480841,1.283546,2.090198,6.431084,12.747843,-14.022357,-0.059328,-7.854021,-3.897102,-17.182970,13.564803,-5.006315,-0.471453,0.832637,-8.099571,0.836779,-1.481144,23.646006,-39.611755,63.571369,-0.847679,3.744795,1.209633,-5.977033,-19.391064,39.909042,62.973331,-10.434665,6.501420,-8.159206
804.000000,-2308.274414,-1289.617798,78.458176,-1.081686,0.072500,-50.382289,1.156154,1.938886,6.318704,12.735131,-13.864474,0.014877,-7.960003,-4.063499,-17.242496,13.616659,-4.906254,-0.451055,0.797444,-8.718920,0.851519,-1.698616,23.945215,-39.842346,63.534019,-0.847672,3.854393,1.150868,-6.357118,-19.655054,39.912140,62.689564,-10.410086,6.276742,-8.265107
805.000000,-2308.343018,-1289.482910,78.464401,-1.036485,0.062280,-50.311557,1.021519,1.846204,6.261424,12.778639,-13.757844,0.074791,-8.037935,-4.159781,-17.268692,13.593123,-4.770741,-0.438321,0.775646,-9.292538,0.819167,-1.898780,24.249670,-40.087543,63.493366,-0.840742,3.920914,1.097897,-6.730863,-19.763905,39.912773,62.620640,-10.354861,6.119618,-8.313693
806.000000,-2308.420166,-1289.321655,78.466805,-0.998740,0.076829,-50.259081,0.746966,1.745844,6.201025,12.956943,-13.675233,0.157204,-8.198888,-4.273129,-17.293615,13.581918,-4.585947,-0.427436,0.748778,-9.977046,0.786286,-2.192689,24.616419,-40.418159,63.428841,-0.835703,3.970708,1.052688,-7.175004,-19.831573,39.913204,62.566013,-10.273478,5.997763,-8.357989
807.000000,-2308.494873,-1289.142944,78.472809,-0.993785,0.142804,-50.051092,0.338670,1.657588,6.014388,13.239310,-13.624780,0.235489,-8.334108,-4.379765,-17.442884,13.446447,-4.350357,-0.413785,0.646724,-10.531203,0.766059,-2.569690,24.872072,-40.692158,63.364155,-0.842063,4.077213,0.986598,-7.465939,-19.949362,39.916302,62.351414,-10.137876,5.912723,-8.406871
808.000000,-2308.561035,-1288.949951,78.484253,-0.991205,0.250912,-49.930327,-0.080835,1.562772,5.862850,13.423704,-13.517620,0.316576,-8.477289,-4.455181,-17.539165,13.166152,-4.016438,-0.394873,0.632360,-11.038759,0.729068,-3.021260,25.009483,-40.792393,63.244713,-0.849904,4.261293,0.895916,-7.606171,-20.154411,39.915131,61.982712,-9.839130,5.788331,-8.488660
809.000000,-2308.627441,-1288.722656,78.491638,-0.969852,0.421796,-49.990012,-0.551699,1.465687,5.904548,13.596009,-13.403001,0.418631,-8.784300,-4.500817,-17.422035,12.916637,-3.621524,-0.378325,0.746509,-11.507919,0.659918,-3.501314,25.060284,-40.802498,63.095623,-0.856659,4.386701,0.823275,-7.743735,-20.455641,39.909111,61.415058,-9.495194,5.717876,-8.584208
810.000000,-2308.699219,-1288.459595,78.493874,-0.944446,0.562372,-50.113203,-0.987117,1.371053,6.007258,13.806102,-13.318949,0.535481,-9.098592,-4.546769,-17.246002,12.735504,-3.246477,-0.362242,0.854902,-11.875810,0.677137,-3.977656,25.062946,-40.804432,62.953735,-0.859093,4.416784,0.766378,-7.924218,-20.799587,39.873024,60.720222,-9.325696,5.667936,-8.713502
811.000000,-2308.763428,-1288.192383,78.496864,-0.911588,0.620392,-50.327728,-1.292778,1.279068,6.170176,13.937852,-13.222131,0.654038,-9.358206,-4.581721,-17.003773,12.580737,-2.882112,-0.341352,0.959729,-12.181373,0.747652,-4.394563,25.061350,-40.804745,62.834705,-0.854327,4.391801,0.720615,-8.152869,-21.083803,39.777824,60.134743,-9.275075,5.557087,-8.868402
812.000000,-2308.822266,-1287.913574,78.503761,-0.877954,0.639406,-50.519327,-1.559628,1.160523,6.391073,14.016530,-13.071816,0.807770,-9.622199,-4.618873,-16.640230,12.397050,-2.416217,-0.285257,0.999197,-12.494455,0.819580,-4.796805,25.059511,-40.792450,62.796078,-0.888823,4.308491,0.651048,-8.500912,-21.284307,39.527958,59.696136,-9.264067,5.317565,-9.100243
813.000000,-2308.885986,-1287.611328,78.511078,-0.814025,0.679649,-50.637232,-1.858536,0.981088,6.518097,14.077572,-12.861989,0.994495,-9.931358,-4.710335,-16.106308,12.305347,-1.953111,-0.154511,0.950748,-12.811934,0.872205,-5.206759,25.059063,-40.716873,62.795063,-0.986226,4.238017,0.470536,-8.835229,-21.419685,39.123009,59.492352,-9.256661,4.976229,-9.392701
814.000000,-2308.962891,-1287.291138,78.525131,-0.789891,0.741508,-50.737902,-2.241202,0.814552,6.637389,14.144319,-12.609877,1.196220,-10.371078,-4.795297,-15.444469,12.311288,-1.379774,0.020441,0.905336,-13.121194,0.945421,-5.710600,25.065094,-40.563526,62.798393,-1.021656,4.198963,0.224223,-9.224059,-21.556742,38.681492,59.424732,-9.208068,4.671976,-9.694682
815.000000,-2309.062744,-1286.899902,78.558235,-0.892782,0.848249,-50.898891,-2.709975,0.817329,6.783728,14.297703,-12.408638,1.369169,-10.880840,-4.761502,-15.033711,12.321486,-0.558435,0.148633,0.917895,-13.276540,1.027154,-6.286500,25.097305,-40.493839,62.802929,-1.297418,4.150250,-0.022015,-9.638363,-21.757742,38.470039,59.369915,-8.822560,4.484511,-10.028476
816.000000,-2309.176758,-1286.472168,78.607086,-1.069661,0.924663,-51.086774,-3.149434,0.889892,6.937570,14.447424,-12.203860,1.531196,-11.373465,-4.679960,-14.767727,12.329735,0.396580,0.235941,0.945062,-13.355269,1.166786,-6.896604,25.158047,-40.512249,62.825550,-1.728107,4.065349,-0.227694,-10.092393,-21.960306,38.384708,59.327927,-8.258132,4.376299,-10.343875
817.000000,-2309.296143,-1286.008057,78.669807,-1.288566,0.988647,-51.272751,-3.668941,1.017651,7.098791,14.567360,-11.894247,1.747654,-11.950866,-4.539806,-14.542845,12.247041,1.784850,0.339283,0.967547,-13.375908,1.367985,-7.696088,25.217449,-40.647152,62.972824,-2.539598,3.936197,-0.375129,-10.709884,-22.115767,38.376686,59.324665,-7.413388,4.365174,-10.827323
818.000000,-2309.408447,-1285.525879,78.733627,-1.510962,1.136894,-51.420960,-4.242679,1.133346,7.222374,14.608536,-11.526052,1.983003,-12.504438,-4.386214,-14.369950,11.939860,3.336476,0.459424,1.000276,-13.379098,1.450189,-8.436041,25.221483,-40.658897,63.089279,-3.525081,3.858176,-0.476923,-11.245135,-22.163786,38.356564,59.322369,-6.820265,4.368005,-11.409005
819.000000,-2309.507324,-1285.033936,78.796982,-1.701586,1.307909,-51.496693,-4.811507,1.173586,7.290615,14.492465,-11.066578,2.227205,-12.927934,-4.257623,-14.192488,11.285651,4.956460,0.645718,0.967437,-13.412558,1.414493,-9.041797,25.214598,-40.655304,63.099663,-4.310782,3.734877,-0.540913,-11.652038,-22.127453,38.297649,59.320530,-6.590327,4.330419,-12.045404
820.000000,-2309.601318,-1284.531128,78.842026,-1.809616,1.508566,-51.557814,-5.312360,1.108617,7.372042,14.283357,-10.592120,2.461570,-13.331059,-4.247252,-14.067328,10.713827,6.267103,0.827258,0.953490,-13.523913,1.298106,-9.534476,25.193224,-40.652290,63.101677,-4.868816,3.586300,-0.565805,-11.888282,-22.060499,38.268646,59.318810,-6.484031,4.242883,-12.650170
821.000000,-2309.697266,-1284.020386,78.866104,-1.864262,1.632561,-51.663059,-5.843750,0.973434,7.564253,14.058323,-10.044708,2.759235,-13.831273,-4.341823,-13.976375,10.247634,7.555260,1.171508,1.027614,-13.697824,1.237041,-10.131256,25.154581,-40.650459,63.151775,-5.420600,3.377978,-0.571554,-12.129714,-21.961750,38.199158,59.306652,-6.192467,4.150744,-13.335208
822.000000,-2309.803223,-1283.509521,78.874626,-1.979368,1.653432,-51.769037,-6.355902,0.962527,7.810039,14.184101,-9.723822,3.048702,-14.329917,-4.516436,-14.255283,10.889135,7.778335,1.800286,1.210455,-13.753866,1.307029,-10.675784,25.115751,-40.658146,63.290215,-5.912431,3.155362,-0.575169,-12.321364,-21.852644,38.121796,59.262920,-5.829663,4.106427,-14.017372
823.000000,-2309.905029,-1283.060669,78.891060,-2.159487,1.653085,-51.969790,-6.728048,1.062472,8.050839,14.364470,-9.544364,3.238384,-14.633135,-4.620742,-14.485682,12.244291,6.597159,2.142993,1.508512,-13.736855,1.332700,-11.048878,25.126488,-40.711395,63.389111,-6.207726,3.027253,-0.623026,-12.365516,-21.806450,38.174328,59.189377,-5.575069,4.074708,-14.518874
824.000000,-2310.001465,-1282.670166,78.936432,-2.445166,1.830300,-52.188411,-7.262504,1.348693,8.401669,14.510149,-9.276524,3.434266,-14.768487,-4.651847,-14.878897,14.686530,4.687994,2.533625,2.077677,-13.639338,1.131422,-11.430902,25.239685,-40.809975,63.454388,-6.503680,2.931525,-0.796280,-12.237598,-21.794397,38.346848,59.036137,-5.117731,4.032707,-15.112242
825.000000,-2310.112793,-1282.307129,78.996284,-2.754915,2.119622,-52.311003,-7.866063,1.659684,8.589997,14.529996,-8.956679,3.570644,-14.582786,-4.681728,-15.251622,16.946850,2.443713,2.718118,2.570349,-13.500617,0.762248,-11.660245,25.454275,-40.724457,63.374405,-6.707209,2.893543,-1.020437,-12.034122,-21.794775,38.408611,58.952480,-4.877720,3.967431,-15.614136
826.000000,-2310.245605,-1281.957520,79.044289,-2.982788,2.361155,-52.345079,-8.556997,1.936899,8.702069,14.491171,-8.527414,3.692397,-13.892316,-4.835400,-15.555137,19.769955,-0.635182,2.818632,3.164380,-13.373393,0.460664,-11.902934,25.812801,-40.403622,63.012775,-6.759038,2.886970,-1.249129,-11.888806,-21.847778,38.416607,58.937447,-4.815872,3.923084,-16.211075
827.000000,-2310.400146,-1281.597412,79.060432,-3.089903,2.412266,-52.291162,-9.006412,2.004366,8.747141,14.478212,-8.164491,3.803403,-12.797801,-5.297096,-15.892215,22.515751,-2.850704,3.096033,3.578269,-13.313712,0.547211,-12.090653,26.278360,-40.272427,62.439762,-6.849375,2.885271,-1.436715,-12.022044,-21.951443,38.355618,58.939381,-4.767261,3.899571,-16.808031
828.000000,-2310.576416,-1281.232178,79.053291,-3.133936,2.417149,-52.256077,-9.446389,2.005581,8.778945,14.595160,-7.875391,3.901907,-11.339591,-5.774659,-16.078970,24.910666,-4.980700,3.367801,3.937136,-13.251791,0.734113,-12.271524,26.737331,-40.262974,62.058971,-6.951900,2.859303,-1.766445,-12.266686,-22.074503,38.291149,58.942356,-4.625475,3.885124,-17.499102
829.000000,-2310.769531,-1280.876221,79.024643,-3.149221,2.481379,-52.243673,-9.885812,1.996536,8.797702,14.815820,-7.713779,3.963915,-10.150980,-6.134483,-16.236111,26.476852,-6.726684,3.573844,4.287660,-13.194438,0.859454,-12.449188,26.989119,-40.192169,61.969215,-6.975051,2.851747,-2.060016,-12.448836,-22.185251,38.288788,58.998596,-4.457024,3.859498,-18.026110
830.000000,-2310.980713,-1280.518677,78.986061,-3.151755,2.556236,-52.237359,-10.474437,1.983050,8.783469,15.154929,-7.555335,4.016033,-8.655260,-6.536617,-16.436529,28.107195,-8.965405,3.780155,4.793216,-13.066452,1.036384,-12.615792,27.181263,-39.851692,61.929054,-6.969336,2.830117,-2.367083,-12.630609,-22.329004,38.291042,59.209492,-4.244411,3.768524,-18.615973
831.000000,-2311.183838,-1280.194336,78.944794,-3.131651,2.658208,-52.208176,-11.197768,1.941463,8.737998,15.535080,-7.357177,4.063841,-6.898845,-6.986616,-16.661018,29.794138,-11.637102,3.982453,5.459336,-12.838858,1.228622,-12.656294,27.275116,-39.129086,61.994877,-6.964363,2.747985,-2.619381,-12.669671,-22.532228,38.293762,59.555454,-4.062410,3.545884,-19.234804
832.000000,-2311.421875,-1279.865356,78.881393,-2.976964,2.789887,-51.954616,-11.872252,1.695827,8.528089,15.773435,-7.078386,4.160824,-5.387876,-7.537427,-17.026632,31.280083,-13.798449,4.157150,5.774130,-12.684336,1.366713,-12.477189,27.449873,-38.618977,62.065380,-7.123744,2.620838,-2.782571,-12.618382,-22.660465,38.265686,59.915722,-3.798280,3.343589,-19.670284
833.000000,-2311.691406,-1279.561890,78.802719,-2.721018,2.948201,-51.617048,-12.524467,1.297998,8.245885,15.875247,-6.704962,4.263174,-4.009081,-8.022998,-17.263807,32.456135,-15.340344,4.298974,5.843959,-12.654576,1.444082,-12.092096,27.800423,-38.381748,62.092056,-7.415355,2.512827,-2.931434,-12.488846,-22.696293,38.223835,60.172352,-3.407530,3.254456,-20.087219
834.000000,-2311.989258,-1279.272339,78.710258,-2.479195,3.174443,-51.392391,-13.326345,0.971307,8.055723,16.123177,-6.394491,4.338383,-2.901958,-8.347506,-17.445408,33.401844,-16.308836,4.393933,6.027240,-12.626881,1.436135,-11.610868,28.190205,-38.240231,62.096436,-7.647686,2.480423,-3.058611,-12.235869,-22.736843,38.218628,60.321175,-3.022423,3.235513,-20.524807
835.000000,-2312.309082,-1279.000244,78.608719,-2.265161,3.367200,-51.263938,-13.922521,0.823452,7.981545,16.434267,-6.254679,4.372037,-2.241860,-8.425781,-17.460562,33.803356,-16.653963,4.457588,6.230702,-12.587023,1.447399,-11.246057,28.462069,-38.089241,62.098743,-7.764784,2.476684,-3.132100,-12.052959,-22.756563,38.216503,60.466515,-2.846701,3.186806,-20.804955
836.000000,-2312.664062,-1278.727295,78.479744,-1.990792,3.562515,-51.209334,-14.916391,0.605527,7.949275,17.060358,-6.097722,4.404781,-1.347306,-8.396614,-17.148876,34.043892,-16.992392,4.555573,6.544673,-12.559134,1.417384,-10.558164,28.928219,-37.739861,62.099346,-7.911832,2.477664,-3.234610,-11.748240,-22.762026,38.130283,60.751003,-2.746794,3.096659,-21.206539
837.000000,-2313.031738,-1278.468994,78.339348,-1.583236,3.658330,-51.347656,-15.682047,0.350973,8.134526,17.572336,-5.954273,4.399540,-0.513973,-8.370039,-16.563913,33.506577,-17.181519,4.610934,6.942859,-12.625752,1.428353,-9.825830,29.369955,-37.363087,62.095509,-8.116488,2.516633,-3.291595,-11.372063,-22.761230,37.920925,60.848923,-2.728251,3.086280,-21.619461
838.000000,-2313.410156,-1278.222046,78.197304,-1.133725,3.808308,-51.570654,-16.339735,0.071843,8.504627,17.843493,-5.741424,4.340988,0.190608,-8.321617,-15.845913,32.018917,-17.302431,4.586104,7.489317,-12.771249,1.289754,-9.024473,29.765587,-37.153622,62.066124,-8.457359,2.611051,-3.338288,-10.946115,-22.765280,37.877068,61.049595,-2.772917,3.067116,-22.079214
839.000000,-2313.809814,-1277.960571,78.062294,-0.731203,3.889641,-51.725110,-16.979477,-0.189001,8.748163,18.100861,-5.488540,4.254988,0.718649,-8.127320,-15.192649,30.020798,-17.310204,4.428380,7.853418,-12.797251,1.204583,-8.272272,30.075418,-37.122856,62.038879,-8.563442,2.668753,-3.459892,-10.650762,-22.791456,37.857628,61.387230,-2.885314,3.052849,-22.536282
840.000000,-2314.250732,-1277.680542,77.923355,-0.304365,3.834916,-51.931620,-17.480814,-0.419694,9.037183,18.355585,-5.218314,4.158548,1.136454,-7.982117,-14.879229,27.452614,-16.818504,4.191961,8.251938,-12.770346,1.292489,-7.620178,30.263645,-37.122730,62.226387,-8.576113,2.676275,-3.736053,-10.409223,-22.869638,37.856220,61.677185,-2.874689,3.064510,-23.000334
841.000000,-2314.742188,-1277.384644,77.766998,0.191941,3.643562,-52.175488,-17.837748,-0.669078,9.382984,18.622711,-4.938907,4.047554,1.244451,-7.935170,-14.730798,25.167610,-15.671849,4.017544,8.616203,-12.765272,1.517084,-7.006400,30.368799,-37.124744,62.501930,-8.567864,2.712523,-4.056872,-10.217663,-22.940100,37.912949,61.887733,-2.761237,3.111656,-23.452147
842.000000,-2315.232178,-1277.095337,77.634697,0.519568,3.378647,-52.171759,-18.070675,-0.816840,9.451863,18.876814,-4.724401,3.954490,1.398786,-7.983309,-14.803967,24.410460,-16.444269,4.191193,8.705521,-12.599454,1.676239,-6.542098,30.308498,-37.126801,62.772442,-8.521067,2.783736,-4.284246,-10.011152,-22.992086,37.996193,62.029724,-2.691003,3.175239,-23.773451
843.000000,-2315.703613,-1276.835693,77.573296,0.540543,3.393927,-52.142310,-18.586575,-0.741586,9.331739,19.097128,-4.342721,3.790258,1.655879,-7.722989,-14.879884,23.260361,-17.363472,4.386521,8.783792,-12.108099,1.428757,-5.893822,30.023006,-37.130131,63.197762,-8.408401,2.938649,-4.547605,-9.455482,-23.013224,38.121178,62.211266,-2.675797,3.322842,-24.164469
844.000000,-2316.199951,-1276.566162,77.573143,0.422763,3.412403,-52.092259,-19.062185,-0.466078,9.099638,18.969027,-3.723724,3.579915,1.800207,-7.188151,-14.947383,22.002398,-17.761581,4.243857,8.897861,-11.405590,1.099261,-5.242115,29.689669,-37.138317,63.487896,-8.335637,3.061466,-4.803427,-8.836365,-23.011862,38.199314,62.313889,-2.664240,3.485453,-24.522352
845.000000,-2316.754639,-1276.272095,77.607574,0.338732,3.421693,-51.937096,-19.279568,-0.288151,8.740586,18.213404,-2.712462,3.352246,1.874138,-6.633257,-14.988388,20.821920,-17.823444,3.978024,8.883494,-10.704254,0.894156,-4.694386,29.369310,-37.142700,63.775917,-8.156836,3.123014,-5.067397,-8.255740,-23.013502,38.226376,62.378147,-2.667564,3.547676,-24.869411
846.000000,-2317.329346,-1275.952759,77.649719,0.238052,3.366392,-51.767402,-19.341921,-0.134662,8.362720,17.169271,-1.517515,3.137328,1.896047,-6.082369,-15.007276,19.767441,-17.736753,3.639256,8.809449,-9.956115,0.829655,-4.276082,28.986753,-37.141018,64.064613,-7.698500,3.208321,-5.280791,-7.763010,-23.029839,38.224384,62.511703,-2.671049,3.543316,-25.234921
847.000000,-2317.917725,-1275.616821,77.691574,0.174438,3.340347,-51.671585,-19.289791,0.008583,8.057089,15.838346,-0.162527,2.908297,1.795782,-5.614562,-15.153619,18.877625,-17.611237,3.256602,8.776912,-9.198863,0.789104,-3.988765,28.494762,-37.139198,64.406250,-6.939099,3.340333,-5.492488,-7.298685,-23.021534,38.221195,62.802856,-2.666560,3.538047,-25.579935
848.000000,-2318.538574,-1275.260986,77.717552,0.206294,3.360644,-51.712367,-19.160355,0.098394,7.903550,14.223203,1.329032,2.633570,1.546115,-5.301813,-15.391305,18.093397,-17.603939,2.922399,8.909064,-8.560380,0.738037,-3.815953,27.935328,-37.072865,64.692726,-5.946699,3.528858,-5.700814,-6.759643,-23.025805,38.223236,63.082516,-2.620489,3.539737,-25.801100
849.000000,-2319.159912,-1274.909302,77.700272,0.369113,3.381625,-51.823902,-19.058706,0.097910,7.865424,13.010408,2.430350,2.370420,1.343510,-5.195340,-15.666165,17.529257,-17.793201,2.716548,9.043809,-8.201719,0.725654,-3.702857,27.531614,-37.024220,64.794472,-5.210085,3.651569,-5.792115,-6.356095,-23.047293,38.307213,63.232925,-2.535298,3.566252,-25.853104
850.000000,-2319.816895,-1274.546021,77.614059,0.742397,3.408549,-52.090175,-19.008001,-0.028051,7.968770,11.603658,3.756315,1.969645,1.076577,-5.294214,-16.252460,16.769129,-18.491268,2.492860,9.165385,-7.957050,0.723752,-3.483253,27.084089,-37.017757,64.814621,-4.341380,3.723584,-5.820584,-5.904411,-23.061480,38.548801,63.310303,-2.365769,3.638823,-25.839701
851.000000,-2320.484375,-1274.148315,77.489510,1.060156,3.304720,-52.547077,-19.091728,-0.156506,8.315375,10.751630,4.687094,1.832926,0.841787,-5.558434,-16.957674,15.999995,-19.595972,2.408694,9.299117,-7.848780,0.795154,-3.150326,26.704096,-37.019398,64.770844,-3.470057,3.723477,-5.786452,-5.635273,-23.028870,38.716869,63.327503,-2.225755,3.718193,-25.782120
852.000000,-2321.031006,-1273.759277,77.515404,0.718122,2.825068,-52.476930,-19.119368,0.315339,7.961640,10.793350,5.174882,1.768164,0.804983,-5.022003,-17.294607,15.983926,-19.250771,2.164254,8.969222,-6.741041,1.148677,-2.763940,25.942072,-37.021839,64.778313,-2.480016,3.726433,-5.640401,-5.248434,-23.038260,38.782345,63.431274,-2.210994,3.827476,-25.737505
853.000000,-2321.443115,-1273.472290,77.590012,0.556265,2.430062,-52.275046,-19.300913,0.625635,7.986231,12.337113,5.041092,1.594006,0.930717,-4.699211,-17.735203,15.908130,-18.685835,1.977808,8.617352,-5.844554,1.255083,-2.264911,25.165215,-37.036140,64.781593,-1.665136,3.727514,-5.551645,-4.413913,-22.951033,38.869621,63.629528,-2.217338,3.916944,-25.666187
854.000000,-2321.781006,-1273.250977,77.692703,0.617819,2.238320,-51.939944,-19.420362,0.674225,8.501831,15.228430,3.034545,1.635829,1.001959,-4.746744,-18.327763,15.702348,-18.240585,1.866211,8.234445,-5.350017,0.949089,-1.678769,24.461187,-37.156284,64.791405,-0.854312,3.731433,-5.411180,-3.320569,-22.674322,38.930061,64.069756,-2.274304,4.063995,-25.449625
855.000000,-2322.054199,-1273.068359,77.813881,0.728032,2.175702,-51.689381,-19.213888,0.593049,8.642401,17.117996,0.706414,1.793477,1.071105,-4.855792,-18.742889,15.335731,-17.854507,1.826495,7.974556,-5.104887,0.616300,-1.261092,23.984085,-37.310055,64.794563,-0.219595,3.746240,-5.279480,-2.477465,-22.392723,38.935303,64.402153,-2.432612,4.280843,-25.191061
856.000000,-2322.298340,-1272.871338,77.925270,0.754732,2.143740,-51.657097,-18.665716,0.728489,8.797032,19.426558,-1.690479,1.764835,1.165045,-4.871589,-19.176237,14.650740,-17.235104,1.772441,7.712840,-4.698720,0.284146,-0.866699,23.381121,-37.459904,64.797737,0.577480,3.791075,-5.091925,-1.490742,-22.079700,38.914524,64.596405,-2.832924,4.658336,-24.757978
857.000000,-2322.518311,-1272.655273,78.018364,0.731565,2.021927,-51.765711,-17.774794,1.040390,8.918748,21.348898,-3.784151,1.518357,1.319463,-4.790005,-19.448528,13.954535,-16.598543,1.708735,7.520832,-4.194247,0.309732,-0.692661,22.820881,-37.472702,64.799019,1.249176,3.856770,-4.862265,-0.811931,-21.821022,38.845345,64.614166,-3.302371,4.978446,-24.245647
858.000000,-2322.720215,-1272.433350,78.088966,0.614462,1.770139,-51.903563,-16.593506,1.472949,9.090467,22.870613,-5.474563,1.386753,1.666275,-4.631760,-19.724215,13.206436,-15.974806,1.667936,7.265085,-3.615350,0.606665,-0.660117,22.320337,-37.415852,64.800026,1.888239,3.976281,-4.566410,-0.382040,-21.542177,38.785683,64.679276,-3.962763,5.176120,-23.629053
859.000000,-2322.876465,-1272.236206,78.137688,0.496625,1.630502,-51.970815,-15.411595,1.675982,8.939322,23.527901,-7.487009,1.182657,1.899569,-4.510252,-20.048552,12.594192,-15.447300,1.650225,6.881341,-3.102244,0.798883,-0.657571,21.893309,-37.369263,64.793488,2.432103,4.151344,-4.227479,-0.037626,-21.201645,38.779758,64.878174,-4.691822,5.258798,-22.973928
860.000000,-2322.995117,-1272.054443,78.151970,0.323349,1.574786,-51.952403,-14.552045,1.899759,8.750589,24.091740,-8.765374,0.843958,1.964320,-4.386560,-20.451302,12.247931,-15.096684,1.642380,6.366463,-2.588774,0.889140,-0.673122,21.533054,-37.364033,64.746094,2.822499,4.354217,-3.866309,0.248019,-20.828974,38.780289,65.157288,-5.246709,5.279719,-22.337461
861.000000,-2323.072998,-1271.882690,78.140518,0.130134,1.515977,-51.950463,-14.044020,2.079820,8.659664,24.242588,-8.144647,0.497699,1.943727,-4.309052,-20.702036,12.193342,-14.935137,1.640408,5.989614,-2.202850,0.954284,-0.698985,21.281736,-37.365601,64.676834,3.021371,4.518592,-3.586893,0.457264,-20.568796,38.782818,65.374268,-5.517559,5.280153,-21.880878
862.000000,-2323.118896,-1271.725708,78.126671,-0.026202,1.393727,-51.961147,-13.435241,2.108613,8.332136,23.562284,-8.855487,0.228575,1.926804,-4.248768,-20.931540,12.246815,-14.776255,1.643446,5.527941,-1.739114,1.052796,-0.734957,20.956066,-37.370335,64.588806,3.166590,4.701995,-3.189181,0.761323,-20.246328,38.795006,65.684189,-5.717917,5.267979,-21.299637
863.000000,-2323.150391,-1271.606323,78.121422,-0.131226,1.293390,-51.949493,-12.866605,2.068414,8.102098,22.597960,-9.434500,0.277322,1.942359,-4.206250,-21.066954,12.275035,-14.626186,1.643600,5.117326,-1.412113,1.085201,-0.744382,20.688383,-37.389427,64.537949,3.222775,4.840131,-2.780576,1.104781,-19.898539,38.864914,66.050842,-5.767621,5.256803,-20.773640
864.000000,-2323.184814,-1271.512329,78.119179,-0.218538,1.201233,-51.928696,-12.276800,1.968321,7.700368,21.500635,-9.694404,0.278416,1.951527,-4.161392,-21.143637,12.329102,-14.524419,1.641429,4.789630,-1.183716,1.072019,-0.748768,20.514009,-37.475368,64.400444,3.258763,4.992201,-2.372394,1.474372,-19.597178,39.024460,66.353477,-5.766664,5.253938,-20.234867
865.000000,-2323.240723,-1271.431396,78.133842,-0.217825,1.099237,-51.897168,-11.801337,1.845831,7.463326,20.597445,-9.642931,0.425493,1.965253,-4.174869,-21.179579,12.382174,-14.447258,1.636036,4.524433,-1.094297,1.043280,-0.761901,20.431414,-37.615616,64.202667,3.285825,5.141738,-1.995044,1.786819,-19.330809,39.219727,66.587082,-5.752227,5.255876,-19.697632
866.000000,-2323.315430,-1271.369873,78.180344,-0.095943,0.933443,-51.914586,-11.316189,1.665211,7.490686,19.806665,-9.236188,0.591182,2.100355,-4.283501,-21.129736,12.298979,-14.309069,1.630911,4.331978,-1.170201,1.062166,-0.784654,20.403599,-37.818779,64.019989,3.334412,5.277337,-1.648495,1.988536,-19.071224,39.433506,66.771156,-5.734056,5.270142,-19.193649
867.000000,-2323.392090,-1271.323120,78.232506,0.028612,0.786864,-51.987326,-10.935844,1.546059,7.551148,19.182362,-8.898029,0.679403,2.227283,-4.338573,-21.048689,12.142408,-14.161583,1.625102,4.227557,-1.221191,1.020870,-0.787122,20.367067,-37.996693,63.934399,3.396983,5.363587,-1.422351,2.089313,-18.915735,39.580109,66.862923,-5.722772,5.287434,-18.845753
868.000000,-2323.468506,-1271.283447,78.277954,0.133989,0.625113,-52.032200,-10.445445,1.408623,7.610166,18.394171,-8.478148,0.768920,2.432631,-4.375982,-20.949392,11.869835,-13.949370,1.617012,4.081751,-1.240916,0.924786,-0.786319,20.277510,-38.205593,63.897366,3.492037,5.455447,-1.181743,2.148380,-18.753008,39.693645,66.963806,-5.707821,5.308180,-18.422110
869.000000,-2323.543457,-1271.245239,78.312859,0.228599,0.422567,-52.025406,-9.974779,1.272811,7.608473,17.725559,-8.115106,0.839771,2.687879,-4.409797,-20.903530,11.631358,-13.782283,1.609317,3.879783,-1.205860,0.842345,-0.787507,20.166893,-38.418770,63.890633,3.543815,5.526420,-0.997345,2.143661,-18.634947,39.707161,67.047981,-5.662400,5.316099,-18.069458
870.000000,-2323.612305,-1271.208252,78.337540,0.315077,0.183466,-52.003434,-9.512603,1.142014,7.580101,17.178419,-7.813047,0.892135,2.959462,-4.459156,-20.880728,11.499843,-13.688641,1.598784,3.653202,-1.116931,0.782687,-0.791698,20.041107,-38.723942,63.890358,3.564315,5.576806,-0.828015,2.118416,-18.575878,39.713531,67.072342,-5.571050,5.323679,-17.788012
871.000000,-2323.676025,-1271.174072,78.355690,0.396245,-0.047189,-51.995278,-9.084867,1.028533,7.562413,16.727673,-7.562154,0.920171,3.195746,-4.518737,-20.845324,11.464337,-13.652615,1.586058,3.473454,-0.994520,0.713695,-0.794664,19.896729,-39.020866,63.892788,3.583599,5.605600,-0.696759,2.088848,-18.547419,39.720264,67.085846,-5.510520,5.340972,-17.531132
872.000000,-2323.738281,-1271.142212,78.370964,0.473762,-0.265667,-52.001052,-8.689330,0.928462,7.559848,16.315361,-7.329338,0.934119,3.388592,-4.581893,-20.795681,11.481553,-13.644407,1.570233,3.340366,-0.857850,0.633181,-0.801440,19.753368,-39.290619,63.894150,3.612584,5.614717,-0.612180,2.036570,-18.537680,39.728790,67.090645,-5.493700,5.377779,-17.253471
873.000000,-2323.803955,-1271.115967,78.387177,0.564789,-0.482186,-52.027604,-8.262643,0.824742,7.581476,15.853577,-7.072985,0.938661,3.564464,-4.658229,-20.725067,11.535418,-13.655190,1.550675,3.247872,-0.750299,0.590685,-0.807138,19.640156,-39.486153,63.894783,3.667764,5.617864,-0.567325,1.941908,-18.520620,39.756039,67.095642,-5.486360,5.431488,-16.953974
874.000000,-2323.874023,-1271.102661,78.406677,0.673249,-0.722723,-52.064760,-7.759559,0.710307,7.621533,15.294191,-6.776764,0.933604,3.780154,-4.739655,-20.650696,11.558870,-13.665202,1.528548,3.197854,-0.698102,0.599719,-0.808934,19.574186,-39.608635,63.909412,3.818282,5.620168,-0.553287,1.845944,-18.459869,39.782375,67.102020,-5.481229,5.506694,-16.659609
875.000000,-2323.942139,-1271.105713,78.425858,0.779490,-0.955685,-52.092275,-7.246551,0.601591,7.652909,14.722792,-6.485608,0.920265,4.024064,-4.807797,-20.598696,11.537888,-13.668851,1.500015,3.184886,-0.686278,0.609178,-0.807867,19.528528,-39.672474,63.989014,4.094032,5.629012,-0.549888,1.794508,-18.331957,39.802727,67.123344,-5.484015,5.632951,-16.378254
876.000000,-2324.005615,-1271.119263,78.441261,0.868969,-1.173622,-52.135445,-6.776937,0.525888,7.689953,14.234905,-6.247762,0.896934,4.256508,-4.852436,-20.543304,11.517795,-13.675630,1.465356,3.221931,-0.682769,0.614768,-0.805963,19.478718,-39.692547,64.123093,4.412913,5.688096,-0.551005,1.766820,-18.158325,39.890484,67.160675,-5.491282,5.822468,-16.094286
877.000000,-2324.063477,-1271.137207,78.451447,0.931177,-1.360937,-52.163125,-6.489716,0.494085,7.704881,13.965037,-6.118327,0.871838,4.415822,-4.865913,-20.515617,11.498680,-13.680285,1.440068,3.252801,-0.669891,0.615154,-0.793404,19.450706,-39.726067,64.203697,4.637517,5.784598,-0.553626,1.752862,-18.013117,39.986710,67.194061,-5.492554,5.984140,-15.874218
878.000000,-2324.111816,-1271.153198,78.458061,0.973999,-1.498666,-52.172030,-6.192285,0.466082,7.700567,13.691639,-5.982370,0.835561,4.593153,-4.872289,-20.506605,11.474160,-13.686652,1.408439,3.255851,-0.634575,0.615465,-0.746336,19.438000,-39.834194,64.239540,4.900418,5.960514,-0.559334,1.728639,-17.808004,40.089947,67.238335,-5.488112,6.206255,-15.582710
879.000000,-2324.152832,-1271.167358,78.463097,1.005539,-1.612671,-52.164342,-5.961606,0.445575,7.679467,13.483461,-5.875980,0.801442,4.743990,-4.871846,-20.515556,11.442609,-13.688066,1.380886,3.234870,-0.577304,0.624640,-0.687487,19.421591,-39.957901,64.246452,5.110225,6.158598,-0.572622,1.711308,-17.615484,40.188366,67.273155,-5.484550,6.416852,-15.299998
880.000000,-2324.182617,-1271.179565,78.466919,1.028510,-1.707140,-52.143460,-5.820524,0.430067,7.651141,13.363079,-5.814549,0.780585,4.851164,-4.870308,-20.536245,11.409819,-13.683832,1.364940,3.189641,-0.512479,0.633312,-0.646077,19.395473,-40.053902,64.247620,5.243232,6.326793,-0.598765,1.706399,-17.488262,40.269775,67.302208,-5.486308,6.564312,-15.078402
881.000000,-2324.201660,-1271.187866,78.468994,1.040946,-1.767575,-52.109112,-5.711507,0.415259,7.616847,13.272369,-5.767383,0.763662,4.941792,-4.869389,-20.564091,11.379370,-13.679377,1.351664,3.124151,-0.431926,0.639267,-0.614158,19.360201,-40.149345,64.247749,5.341041,6.494716,-0.630879,1.705118,-17.379725,40.368965,67.334595,-5.487484,6.706659,-14.852215
882.000000,-2324.219482,-1271.193848,78.469376,1.052169,-1.803529,-52.028427,-5.645498,0.388246,7.534630,13.207443,-5.721778,0.748587,5.020045,-4.876385,-20.646851,11.358928,-13.684293,1.337177,2.976742,-0.304109,0.637529,-0.601440,19.306416,-40.318359,64.245178,5.432865,6.715175,-0.660328,1.706074,-17.271503,40.552288,67.356392,-5.476551,6.912734,-14.513599
883.000000,-2324.228760,-1271.196167,78.469666,1.071845,-1.812409,-51.979951,-5.613835,0.349124,7.468081,13.137524,-5.672469,0.744145,5.030962,-4.909651,-20.720242,11.400444,-13.713292,1.329349,2.815481,-0.167567,0.636410,-0.588039,19.232229,-40.435970,64.195564,5.571335,6.939303,-0.670840,1.708669,-17.181885,40.659729,67.364037,-5.458631,7.138712,-14.122307
884.000000,-2324.228516,-1271.196167,78.471146,1.085412,-1.793627,-52.015617,-5.587828,0.333923,7.491032,13.061897,-5.636914,0.743884,4.985621,-4.940413,-20.706825,11.458647,-13.734622,1.325861,2.722285,-0.010965,0.630768,-0.562260,19.160646,-40.558891,64.030380,5.660647,7.177884,-0.679992,1.711927,-17.129469,40.766487,67.363808,-5.443443,7.368694,-13.708261
885.000000,-2324.224854,-1271.198120,78.473755,1.091100,-1.754198,-52.103661,-5.585634,0.354136,7.576967,13.010406,-5.623763,0.741423,4.908261,-4.946243,-20.630590,11.489138,-13.731461,1.319193,2.711673,0.151438,0.623514,-0.559665,19.094021,-40.678093,63.807308,5.695379,7.378337,-0.688162,1.712256,-17.120844,40.990356,67.356369,-5.436932,7.588071,-13.300101
886.000000,-2324.218506,-1271.211304,78.477768,1.112257,-1.690586,-52.207830,-5.571967,0.365502,7.685370,12.902948,-5.587892,0.738799,4.801668,-4.965203,-20.538986,11.536219,-13.738472,1.313840,2.695254,0.265974,0.593548,-0.539226,19.045206,-40.758194,63.564751,5.777688,7.535623,-0.694865,1.711602,-17.090590,41.146038,67.348701,-5.450126,7.815617,-12.874655
887.000000,-2324.212158,-1271.236572,78.481094,1.146841,-1.635708,-52.273302,-5.531456,0.352596,7.770242,12.753695,-5.532171,0.735910,4.710902,-5.005817,-20.487732,11.603803,-13.771512,1.311597,2.614073,0.320579,0.561661,-0.512451,19.001759,-40.790886,63.352329,5.919608,7.676145,-0.700509,1.712030,-17.010801,41.200085,67.342499,-5.553758,8.054724,-12.464341
888.000000,-2324.205322,-1271.270508,78.482658,1.186790,-1.597435,-52.323990,-5.483895,0.335961,7.825592,12.639300,-5.492988,0.732142,4.657432,-5.045011,-20.464504,11.673418,-13.815107,1.311686,2.533076,0.329212,0.545048,-0.505869,18.962894,-40.796562,63.228924,6.030410,7.778541,-0.703712,1.713468,-16.929586,41.221642,67.338463,-5.685007,8.227924,-12.170860
889.000000,-2324.193848,-1271.312866,78.483101,1.227312,-1.568062,-52.390481,-5.407599,0.320936,7.912347,12.505003,-5.461189,0.724117,4.600402,-5.094216,-20.421789,11.769584,-13.880459,1.314225,2.433700,0.323223,0.523147,-0.503418,18.900127,-40.802097,63.093349,6.167854,7.903814,-0.706660,1.716214,-16.814396,41.240070,67.333977,-5.859800,8.442264,-11.787877
890.000000,-2324.178223,-1271.361206,78.482964,1.266364,-1.543946,-52.469838,-5.323044,0.313713,8.012671,12.392314,-5.449859,0.712593,4.560094,-5.137178,-20.364532,11.854364,-13.945028,1.319220,2.348546,0.304952,0.495513,-0.501725,18.828133,-40.807716,62.988979,6.280773,8.009560,-0.708911,1.719476,-16.706015,41.254822,67.330208,-6.000045,8.629921,-11.417986
891.000000,-2324.161621,-1271.411377,78.480141,1.296236,-1.505003,-52.511786,-5.285370,0.309547,8.076941,12.343242,-5.463149,0.696217,4.511886,-5.174451,-20.331167,11.947154,-14.016446,1.323168,2.246094,0.282631,0.451192,-0.501537,18.758211,-40.820950,62.899979,6.422540,8.095651,-0.710107,1.719599,-16.623245,41.310555,67.321426,-6.146752,8.792900,-11.044253
892.000000,-2324.149170,-1271.460571,78.475883,1.322816,-1.466981,-52.533401,-5.280126,0.304491,8.104723,12.336982,-5.491780,0.676607,4.459368,-5.209107,-20.322226,12.052565,-14.097949,1.325535,2.140873,0.251201,0.415616,-0.503755,18.706545,-40.840599,62.807972,6.591140,8.156472,-0.709193,1.716723,-16.570210,41.405823,67.300758,-6.300653,8.928950,-10.683753
893.000000,-2324.141113,-1271.509888,78.471527,1.348042,-1.427198,-52.551639,-5.281689,0.302230,8.122556,12.335707,-5.521729,0.655890,4.407422,-5.236861,-20.314898,12.150388,-14.175662,1.326277,2.064011,0.210825,0.397361,-0.504377,18.676647,-40.852528,62.691570,6.761928,8.222114,-0.707493,1.712785,-16.523716,41.451851,67.285294,-6.473865,9.046392,-10.351004
894.000000,-2324.135742,-1271.556641,78.468391,1.372911,-1.375714,-52.615098,-5.285483,0.314506,8.181602,12.323376,-5.551984,0.634780,4.327817,-5.256660,-20.264719,12.249236,-14.245840,1.324589,2.035743,0.165789,0.384702,-0.497628,18.658049,-40.857338,62.536880,6.929324,8.307225,-0.705444,1.700310,-16.475016,41.459545,67.279037,-6.667030,9.163969,-10.032535
895.000000,-2324.130127,-1271.600220,78.467018,1.389150,-1.322293,-52.698239,-5.292061,0.342104,8.259535,12.318694,-5.584462,0.616472,4.263551,-5.256473,-20.200274,12.292835,-14.279032,1.323330,2.022252,0.139026,0.377991,-0.485366,18.648981,-40.860970,62.410954,7.125383,8.408396,-0.707248,1.683467,-16.438421,41.460911,67.274696,-6.826244,9.260525,-9.784620
896.000000,-2324.123291,-1271.641724,78.465485,1.393575,-1.254432,-52.767936,-5.330088,0.374792,8.318347,12.349112,-5.627867,0.599646,4.205278,-5.244828,-20.154116,12.304960,-14.295510,1.322260,2.001999,0.127178,0.361803,-0.468170,18.649851,-40.862530,62.300556,7.348544,8.519134,-0.710627,1.677008,-16.405945,41.460915,67.270340,-6.979489,9.352462,-9.582788
897.000000,-2324.115234,-1271.676147,78.462730,1.361895,-1.148476,-52.779022,-5.483276,0.435939,8.332710,12.514139,-5.726192,0.582349,4.149315,-5.191691,-20.148666,12.230433,-14.269572,1.319828,1.946277,0.150351,0.326667,-0.454013,18.646923,-40.878494,62.196770,7.664031,8.608827,-0.713669,1.672820,-16.381157,41.460041,67.244469,-7.191056,9.481638,-9.389063
898.000000,-2324.107666,-1271.699341,78.460541,1.308894,-1.038454,-52.743660,-5.728760,0.517328,8.289802,12.783792,-5.853301,0.569163,4.127069,-5.094180,-20.198261,12.039286,-14.181256,1.314807,1.818420,0.211051,0.312458,-0.454016,18.633377,-40.888302,62.164261,7.983234,8.621183,-0.713089,1.642195,-16.385859,41.457199,67.138939,-7.472953,9.624824,-9.280268
899.000000,-2324.099365,-1271.720459,78.457352,1.252550,-0.938357,-52.654709,-5.975006,0.582171,8.192904,13.050303,-5.969965,0.558115,4.135129,-5.000244,-20.307100,11.837550,-14.093270,1.308429,1.630360,0.264840,0.311686,-0.472516,18.616882,-40.892998,62.154774,8.236625,8.661976,-0.712481,1.609942,-16.396322,41.453304,66.947395,-7.780625,9.776425,-9.249116
900.000000,-2324.092285,-1271.737183,78.453514,1.204339,-0.848311,-52.587923,-6.176800,0.634087,8.121560,13.270206,-6.066206,0.550839,4.126281,-4.931295,-20.390810,11.705472,-14.034574,1.306139,1.510927,0.288928,0.312456,-0.533461,18.599424,-40.896320,62.133442,8.440168,8.756797,-0.712892,1.564605,-16.396282,41.450752,66.755722,-7.997067,9.906517,-9.241370
901.000000,-2324.082275,-1271.747559,78.450638,1.156450,-0.764127,-52.576423,-6.390028,0.705522,8.091631,13.510378,-6.180294,0.545687,4.097931,-4.852017,-20.435900,11.568385,-13.961051,1.304922,1.459771,0.307932,0.310860,-0.640631,18.564146,-40.901573,62.094006,8.718553,8.903531,-0.713675,1.450171,-16.384090,41.448196,66.572914,-8.221404,10.047477,-9.235550
902.000000,-2324.064941,-1271.743042,78.447960,1.088509,-0.644228,-52.620495,-6.650281,0.805565,8.115248,13.799019,-6.320879,0.549301,4.005526,-4.760672,-20.415836,11.443699,-13.855996,1.300198,1.484209,0.363373,0.272341,-0.716392,18.506363,-40.903908,62.060692,8.984710,9.025977,-0.715964,1.250578,-16.363707,41.443218,66.513115,-8.399533,10.168236,-9.237396
903.000000,-2324.041260,-1271.724487,78.446426,1.017654,-0.551399,-52.620108,-6.835045,0.866584,8.105616,14.013789,-6.415542,0.557324,3.963267,-4.698823,-20.428413,11.332870,-13.760471,1.301239,1.495160,0.416934,0.272062,-0.765810,18.474297,-40.932747,62.042572,9.128301,9.070278,-0.728361,1.075680,-16.362591,41.439209,66.470116,-8.457675,10.265440,-9.240771
904.000000,-2324.013428,-1271.695679,78.445946,0.960232,-0.465803,-52.559139,-7.056831,0.896166,8.025465,14.237625,-6.492699,0.573947,3.925362,-4.653908,-20.517189,11.205182,-13.645873,1.312087,1.472594,0.469830,0.275570,-0.809165,18.466991,-40.971752,61.997925,9.238955,9.090625,-0.782964,0.868676,-16.379385,41.434143,66.356789,-8.466107,10.391859,-9.245464
905.000000,-2323.984375,-1271.650024,78.447296,0.915653,-0.353645,-52.485919,-7.251667,0.886944,7.933589,14.356437,-6.511624,0.593441,3.836169,-4.649591,-20.613098,11.153901,-13.564458,1.324930,1.487790,0.499859,0.265668,-0.825340,18.482729,-40.974419,61.907944,9.357540,9.104401,-0.873057,0.711036,-16.419582,41.396931,66.217102,-8.471466,10.480654,-9.248686
906.000000,-2323.957764,-1271.588867,78.450378,0.898829,-0.270767,-52.447869,-7.434048,0.834340,7.847622,14.382928,-6.478724,0.633748,3.677171,-4.697404,-20.709867,11.176820,-13.497337,1.348370,1.542241,0.491284,0.287077,-0.820635,18.552750,-40.975471,61.709869,9.541858,9.110802,-0.998891,0.494943,-16.507029,41.310085,65.961205,-8.477588,10.572772,-9.251565
907.000000,-2323.920898,-1271.517944,78.446587,0.881203,-0.236126,-52.305662,-7.589469,0.742357,7.705595,14.494504,-6.496095,0.689809,3.597336,-4.787825,-20.887453,11.232147,-13.481216,1.385969,1.539351,0.439150,0.340831,-0.801618,18.659901,-40.981632,61.487621,9.641102,9.108579,-1.113243,0.246455,-16.607359,41.303402,65.764534,-8.473543,10.637090,-9.267832
908.000000,-2323.868652,-1271.434326,78.431442,0.851036,-0.252963,-52.168119,-7.929098,0.676189,7.579088,15.197004,-6.846957,0.795471,3.541128,-4.917618,-21.136684,11.396279,-13.523594,1.440112,1.544721,0.341160,0.407379,-0.775831,18.829691,-40.972916,61.185772,9.664508,9.103627,-1.182290,0.005709,-16.694042,41.304684,65.638893,-8.471116,10.665660,-9.336911
909.000000,-2323.788574,-1271.337646,78.403435,0.812810,-0.344524,-52.119601,-8.502596,0.813606,8.209965,17.783508,-8.203704,1.141214,3.464679,-5.109623,-21.344988,11.800809,-13.659185,1.533647,1.542650,0.199607,0.518597,-0.702250,19.150053,-40.929447,60.737507,9.678847,9.080772,-1.207152,-0.271408,-16.750839,41.302307,65.613380,-8.475573,10.673146,-9.460331
910.000000,-2323.640625,-1271.256226,78.381783,0.795316,-0.486868,-52.136042,-8.723012,0.927063,8.930705,20.442158,-10.030772,1.245839,3.443507,-5.310374,-21.496115,12.141389,-13.761601,1.602781,1.475369,0.033060,0.539732,-0.569262,19.402124,-40.894596,60.475914,9.682525,9.030907,-1.232275,-0.404311,-16.771055,41.300079,65.606239,-8.484027,10.676536,-9.559661
911.000000,-2323.423340,-1271.197388,78.360680,0.662634,-0.613440,-52.476545,-8.445265,1.351641,10.087311,24.921925,-11.550849,1.687639,3.317999,-5.562470,-21.720749,12.863720,-13.871683,1.646795,1.480243,-0.201182,0.420759,-0.283816,19.754932,-40.871059,60.268055,9.677790,8.907564,-1.271707,-0.471869,-16.800098,41.298229,65.568123,-8.518126,10.690898,-9.678435
912.000000,-2323.177002,-1271.136719,78.307983,0.409592,-0.602503,-53.375214,-7.409101,1.972765,11.141701,27.923664,-13.617092,1.532554,2.818039,-5.872836,-22.986753,13.906288,-14.116959,1.642342,1.799899,-0.446102,0.079868,0.094427,20.023666,-40.788689,60.255016,9.651824,8.798930,-1.328660,-0.490607,-16.814722,41.298599,65.420135,-8.651829,10.723539,-9.691026
913.000000,-2322.923584,-1271.027954,78.197815,-0.012882,-0.527765,-54.783737,-5.854766,2.664937,11.665528,29.842503,-14.746126,1.369034,1.963355,-6.054129,-24.716234,15.238329,-14.542879,1.375196,2.457543,-0.598379,-0.269279,0.574444,20.255014,-40.451717,60.246834,9.584595,8.698831,-1.384223,-0.661474,-16.890181,41.295452,65.098282,-8.969190,10.758345,-9.669789
914.000000,-2322.695801,-1270.830322,78.050552,-0.720860,-0.511205,-55.770201,-4.384107,3.099426,11.024425,29.386065,-14.248513,0.858757,1.024384,-5.869119,-25.694254,16.780783,-14.722624,1.230954,2.559289,-0.461576,-0.306820,0.948581,20.355448,-39.978867,60.233978,9.543491,8.679907,-1.392844,-1.149983,-17.118412,41.291103,64.626755,-9.323044,10.772028,-9.631130
915.000000,-2322.537109,-1270.546997,77.935295,-1.326141,-0.590881,-56.062834,-3.750169,3.204520,10.414814,28.572855,-15.698863,0.788218,0.426736,-5.820419,-26.075819,17.975683,-14.783008,1.236819,2.230860,-0.491263,-0.034713,0.928091,20.425358,-39.753910,60.228161,9.531340,8.695084,-1.389615,-1.557405,-17.282187,41.266235,64.244408,-9.535331,10.774530,-9.627177
916.000000,-2322.456299,-1270.239380,77.933746,-1.644196,-0.621235,-55.835359,-3.142458,2.993929,9.143581,27.283634,-17.200457,0.892344,-0.581466,-6.093332,-26.397543,20.022343,-14.629478,1.313989,1.656171,-0.991798,0.609802,0.467021,20.577032,-39.603065,60.226322,9.522173,8.746578,-1.368646,-1.990384,-17.446108,41.144188,63.607300,-9.748072,10.777919,-9.631655
917.000000,-2322.411865,-1269.927002,78.043129,-1.821139,-0.528345,-55.479876,-2.989778,2.562664,7.739847,26.237360,-17.315605,1.029695,-1.714182,-6.576366,-26.307528,22.003889,-13.990357,1.408538,1.439419,-1.781801,1.219860,-0.276919,20.701931,-39.614899,60.229458,9.525270,8.762676,-1.301211,-2.126242,-17.504274,40.940979,63.105072,-9.800260,10.782198,-9.635213
918.000000,-2322.365234,-1269.655273,78.211639,-2.002548,-0.271907,-55.273528,-2.933651,2.203534,6.491106,24.964338,-16.849598,1.182375,-3.081666,-6.881110,-25.627073,23.755896,-12.923050,1.244060,1.513580,-2.540333,1.509304,-0.869325,20.776154,-39.690266,60.231789,9.524769,8.736906,-1.188551,-2.177078,-17.497004,40.667976,62.831924,-9.814949,10.778316,-9.632588
919.000000,-2322.317139,-1269.446533,78.377747,-2.304668,0.188919,-55.229949,-2.887739,2.031849,5.166848,23.373787,-16.362440,1.277658,-4.517001,-6.445036,-24.066500,24.198580,-12.698778,0.967008,1.580101,-3.115196,1.337954,-1.056721,20.899624,-39.882591,60.233761,9.515319,8.623757,-1.048172,-2.214002,-17.481956,40.313118,62.658527,-9.810623,10.655826,-9.627909
920.000000,-2322.308838,-1269.239258,78.506645,-2.677825,0.668464,-55.374184,-2.914099,2.031706,3.959329,22.082758,-16.081085,1.310841,-5.854036,-5.658890,-22.689251,23.111952,-12.468753,0.691333,1.604155,-3.529264,1.122966,-1.082147,21.126181,-40.194466,60.235626,9.459641,8.496591,-0.929922,-2.411939,-17.525410,39.989941,62.515461,-9.776327,10.389662,-9.628148
921.000000,-2322.358154,-1269.021851,78.588722,-3.075800,0.941315,-55.553815,-2.930769,2.129440,2.814194,21.184923,-15.965667,1.286721,-7.053669,-4.813743,-21.577463,21.543997,-11.677854,0.519630,1.541524,-3.844081,1.126379,-1.113354,21.389900,-40.464561,60.257183,9.410215,8.398496,-0.824325,-2.801030,-17.623112,39.783676,62.407463,-9.748072,10.078530,-9.632215
922.000000,-2322.456299,-1268.817505,78.623512,-3.365376,1.103510,-55.650106,-2.954302,2.233645,1.487728,20.431786,-15.957138,1.207783,-8.467826,-3.966238,-20.642673,19.645241,-10.014910,0.369200,1.387598,-4.286258,1.293674,-1.179827,21.759787,-40.565639,60.301006,9.387340,8.331372,-0.739289,-3.392651,-17.762413,39.595341,62.350922,-9.750656,9.672991,-9.662228
923.000000,-2322.580078,-1268.638672,78.603271,-3.536727,1.233183,-55.602752,-2.988109,2.245610,0.286780,19.804684,-16.110649,1.123079,-9.914269,-3.452999,-20.160488,18.106739,-7.953337,0.280161,1.140090,-4.818175,1.453427,-1.293711,22.170364,-40.572903,60.308620,9.376445,8.302622,-0.726823,-3.933873,-17.886663,39.155540,62.349411,-9.792901,9.259081,-9.749976
924.000000,-2322.721191,-1268.477783,78.516327,-3.582710,1.402221,-55.422404,-3.111162,2.147481,-0.767628,19.289108,-16.478878,1.058571,-11.372580,-3.185492,-19.871927,16.551283,-5.027516,0.254440,0.941494,-5.431730,1.475854,-1.504264,22.575125,-40.568867,60.309837,9.380875,8.244102,-0.721919,-4.380548,-18.118330,38.656635,62.346085,-9.893341,8.889997,-9.807973
925.000000,-2322.874756,-1268.349243,78.370644,-3.390015,1.472647,-55.062826,-3.237447,1.853848,-1.526338,19.038357,-16.929441,1.052808,-12.422942,-3.237588,-19.618748,15.238679,-1.755151,0.235501,0.810388,-6.101552,1.484189,-1.791299,22.912214,-40.562908,60.336582,9.379647,8.152185,-0.709857,-4.737835,-18.388330,38.235695,62.290195,-9.956500,8.720592,-9.868389
926.000000,-2323.055908,-1268.288940,78.245010,-2.754647,1.333563,-54.676105,-3.376400,1.222223,-1.845569,19.199551,-16.987785,1.111100,-13.076411,-3.646164,-19.171129,14.175554,1.567262,0.218013,0.779552,-7.128445,1.587498,-2.088291,23.289055,-40.539791,60.415676,9.372997,8.057343,-0.663119,-5.066571,-18.490137,37.867073,62.255810,-9.977218,8.653901,-9.946012
927.000000,-2323.147705,-1268.269165,78.204903,-2.509422,1.304317,-54.472274,-3.525027,0.786349,-1.988095,19.520967,-16.994148,1.183230,-13.156734,-3.980112,-19.090401,13.905462,1.758941,-0.187605,0.897683,-7.901196,1.448301,-2.228543,23.450182,-40.538582,60.755306,9.123619,7.957091,-0.508514,-5.357162,-18.608299,37.460056,62.237621,-9.949437,8.581948,-10.079684
928.000000,-2323.194092,-1268.227539,78.215042,-2.456397,1.490300,-54.383984,-3.877424,0.697519,-2.043252,19.629341,-16.930553,1.247300,-13.040539,-3.908600,-19.026413,13.119633,1.587133,-0.408419,1.012805,-8.138437,0.801564,-2.093662,23.455883,-40.624653,61.105778,8.320698,7.910553,-0.464147,-5.608411,-18.769812,37.178345,62.279675,-9.866950,8.391859,-10.323874
929.000000,-2323.259521,-1268.100586,78.242638,-2.453411,1.450919,-54.162231,-4.048277,0.623995,-2.212835,19.664148,-16.805248,1.298862,-12.936996,-3.961823,-19.178308,12.791858,1.687855,-0.492802,0.947136,-8.150731,0.585696,-2.050128,23.488131,-40.744888,61.264183,7.355893,7.900586,-0.498235,-6.149440,-18.951101,36.947449,62.475449,-9.824501,8.064988,-10.698410
930.000000,-2323.329346,-1267.944580,78.277786,-2.432256,1.303583,-53.882871,-4.028832,0.551056,-2.365427,19.580685,-16.656073,1.337823,-12.834893,-4.085447,-19.433727,12.731937,1.855040,-0.525125,0.850872,-8.124707,0.626680,-2.056689,23.553501,-40.792629,61.279476,6.775260,7.884536,-0.566668,-6.595067,-19.062658,36.852432,62.698368,-9.756660,7.821748,-10.987535
931.000000,-2323.414062,-1267.765381,78.312996,-2.258167,1.167818,-53.627066,-3.888754,0.297407,-2.511036,19.154236,-16.265850,1.410373,-12.736842,-4.429688,-19.797340,12.690490,2.042506,-0.572491,0.766714,-8.252569,0.656355,-2.067887,23.790688,-40.902081,61.200260,6.078083,7.850199,-0.748480,-7.200487,-19.227230,36.826599,63.036873,-9.452896,7.472165,-11.414053
932.000000,-2323.512695,-1267.599731,78.328178,-1.877445,1.063973,-53.344443,-3.633443,-0.189793,-2.581958,18.395733,-15.710064,1.482598,-12.685511,-4.947625,-19.816477,12.658131,1.879319,-0.563400,0.731806,-8.711962,0.615847,-2.069208,24.199976,-40.968853,60.978920,5.505443,7.846267,-0.965797,-7.526688,-19.375351,36.822701,63.086136,-8.725127,7.223706,-11.798539
933.000000,-2323.623291,-1267.441040,78.316689,-1.441381,0.941516,-53.018837,-3.418954,-0.768112,-2.702875,17.732533,-15.178443,1.554818,-12.563887,-5.503765,-19.621311,12.559338,1.467071,-0.479766,0.665068,-9.314693,0.577427,-2.143995,24.639589,-41.052582,60.779118,5.064826,7.864257,-1.161921,-7.730510,-19.449448,36.817570,63.088371,-7.945468,7.072108,-12.182034
934.000000,-2323.745117,-1267.287354,78.278160,-0.984961,0.822060,-52.895422,-3.297678,-1.195287,-2.675153,17.362072,-14.847633,1.614151,-12.505412,-5.876726,-19.228289,12.500786,1.065898,-0.373054,0.709595,-9.828939,0.573047,-2.259286,24.974174,-41.147362,60.629078,4.842517,7.893384,-1.311205,-7.876488,-19.450394,36.813499,63.058182,-7.461012,7.036895,-12.419237
935.000000,-2323.885498,-1267.112061,78.222946,-0.574452,0.690432,-52.961865,-3.251822,-1.661499,-2.451992,17.141727,-14.576972,1.686215,-12.487155,-6.249582,-18.665220,12.391087,0.575403,-0.312182,0.866991,-10.485150,0.584376,-2.431748,25.352541,-41.199024,60.474472,4.572034,7.920520,-1.495905,-8.088539,-19.413326,36.793228,62.934021,-7.004792,7.030790,-12.640059
936.000000,-2324.013672,-1266.910400,78.208771,-0.454662,0.547282,-53.119732,-3.306837,-1.849844,-2.119281,17.186172,-14.405942,1.738007,-12.553338,-6.389138,-18.302816,12.324927,0.640966,-0.381915,1.091603,-10.942652,0.695656,-2.680458,25.646130,-41.200947,60.389812,4.354023,7.928609,-1.716981,-8.348204,-19.382330,36.647591,62.617462,-6.716619,7.028668,-12.896601
937.000000,-2324.144287,-1266.689453,78.200378,-0.397219,0.497701,-53.146444,-3.582503,-1.916646,-1.942127,17.439932,-14.296649,1.771285,-12.678511,-6.439530,-18.190220,12.211535,0.949745,-0.429131,1.156485,-11.265410,0.735342,-2.920806,25.859116,-41.150677,60.286301,4.271963,7.913799,-1.994104,-8.461115,-19.399651,36.355923,62.020882,-6.655457,7.026563,-13.153756
938.000000,-2324.291504,-1266.432129,78.182991,-0.314316,0.598299,-53.049767,-4.196491,-2.057031,-1.910626,17.869984,-14.167872,1.819222,-13.007402,-6.589044,-18.206661,12.146841,1.266587,-0.476816,1.138080,-11.668635,0.700132,-3.298288,26.083508,-41.011768,60.114063,4.191084,7.855808,-2.358754,-8.612411,-19.435225,36.092319,61.514816,-6.646267,6.954933,-13.510317
939.000000,-2324.452393,-1266.135620,78.164383,-0.190370,0.685749,-52.985671,-4.655671,-2.204852,-1.858158,18.114639,-14.006605,1.869140,-13.308422,-6.742339,-18.177029,12.120816,1.535679,-0.505162,1.145461,-12.046076,0.748450,-3.650554,26.286854,-40.903599,59.911453,4.109359,7.757143,-2.603857,-8.838769,-19.443184,35.932144,61.271664,-6.641311,6.867325,-13.825018
940.000000,-2324.615479,-1265.798340,78.143723,-0.051994,0.767062,-52.938522,-5.182903,-2.412355,-1.769759,18.334417,-13.766453,1.953975,-13.675025,-6.940886,-18.101070,12.043924,1.918446,-0.520698,1.141085,-12.542976,0.843683,-4.118428,26.540003,-40.827965,59.716122,3.820691,7.557690,-2.851680,-9.180882,-19.439812,35.783138,61.081402,-6.634452,6.738145,-14.253201
941.000000,-2324.774414,-1265.405396,78.112839,0.058847,0.875339,-52.971893,-5.915046,-2.661343,-1.603148,18.718485,-13.515995,2.105974,-14.127452,-7.149606,-17.959585,11.826292,2.501169,-0.505726,1.148270,-13.137875,0.954814,-4.764627,26.788609,-40.791447,59.636940,3.204466,7.293877,-3.115038,-9.647047,-19.448160,35.647411,61.000046,-6.586862,6.572881,-14.828509
942.000000,-2324.927246,-1264.979980,78.075684,0.124528,0.933477,-53.236093,-6.567471,-2.780435,-1.217721,19.125687,-13.372334,2.214011,-14.495670,-7.180133,-17.653915,11.404999,3.200913,-0.482911,1.365099,-13.647652,1.081706,-5.462493,26.950129,-40.786049,59.709457,2.565970,7.132341,-3.346328,-10.098906,-19.487469,35.645729,60.925995,-6.416607,6.543581,-15.340037
943.000000,-2325.069336,-1264.600342,78.045013,0.152094,0.984348,-53.459486,-7.129287,-2.814434,-0.809269,19.439734,-13.245719,2.231905,-14.775125,-7.116544,-17.345150,10.871085,3.910958,-0.465613,1.707332,-14.152769,1.150625,-6.288074,26.993807,-40.784042,60.005386,1.991822,7.086094,-3.578607,-10.395185,-19.541895,35.675480,60.717400,-6.083515,6.533613,-15.788801
944.000000,-2325.215820,-1264.244995,78.038231,-0.019415,1.060125,-53.455698,-7.790919,-2.696384,-0.714638,19.902775,-13.187852,2.242653,-15.015164,-6.866980,-17.049248,10.550343,4.251247,-0.259023,1.897668,-14.481305,1.126450,-7.144531,26.924843,-40.770237,60.365604,1.377563,7.078492,-3.761455,-10.570548,-19.558580,35.675983,60.563435,-5.755864,6.483199,-16.181824
945.000000,-2325.345703,-1263.945923,78.063644,-0.420654,1.117000,-53.243745,-8.508973,-2.325833,-0.918261,20.574606,-13.239686,2.227117,-15.047447,-6.396286,-17.004154,10.953063,4.038526,0.022505,1.998060,-14.475402,1.083647,-7.975778,26.727772,-40.755230,60.640022,0.624676,7.073466,-3.919337,-10.655401,-19.574348,35.620106,60.508507,-5.651452,6.379786,-16.485464
946.000000,-2325.460693,-1263.685913,78.126320,-0.939120,1.219088,-53.179956,-8.992962,-1.909028,-1.023639,20.975910,-13.260188,2.206643,-14.962769,-5.991920,-17.052008,11.613291,3.495973,0.142101,2.244060,-14.331038,0.997584,-8.561971,26.499863,-40.750103,60.808971,-0.121690,7.020749,-4.028494,-10.672129,-19.580927,35.519535,60.516708,-5.645422,6.298366,-16.666887
947.000000,-2325.562744,-1263.459229,78.224869,-1.510965,1.287004,-53.248995,-9.450420,-1.227819,-1.040631,21.247093,-13.201426,2.165861,-14.783545,-5.440507,-17.005814,12.836721,3.133093,0.375766,2.758068,-14.006111,0.913431,-9.244245,26.135815,-40.741505,60.996716,-1.223868,6.839848,-4.148538,-10.789104,-19.582470,35.398941,60.578281,-5.646574,6.166466,-16.880577
948.000000,-2325.664795,-1263.263550,78.353813,-2.012614,1.262338,-53.272624,-9.584939,-0.569264,-1.118137,21.123278,-12.964822,2.091666,-14.306864,-4.920576,-16.762909,13.844186,2.311211,0.546247,3.246134,-13.615568,0.978777,-9.791910,25.781702,-40.737957,61.072548,-2.219811,6.580774,-4.243361,-11.098985,-19.540991,35.395893,60.775360,-5.658654,5.971089,-17.120655
949.000000,-2325.765625,-1263.119629,78.492668,-2.309020,1.246705,-53.197034,-9.420394,-0.180304,-1.233745,20.427822,-12.440035,2.015659,-13.648453,-4.729596,-16.614185,14.825915,1.859839,0.951702,3.634343,-13.425067,1.038018,-10.181702,25.507219,-40.739090,61.087044,-2.960716,6.270760,-4.326710,-11.483112,-19.383335,35.461487,61.104179,-5.676129,5.709365,-17.408981
950.000000,-2325.868164,-1263.011719,78.613564,-2.385940,1.181313,-52.984940,-9.028509,-0.072988,-1.386975,19.383497,-11.729313,1.957551,-12.846003,-4.789484,-16.504391,15.457930,1.009812,1.253738,3.793380,-13.417077,1.163018,-10.422223,25.350704,-40.745686,61.096279,-3.591391,5.936017,-4.405353,-11.992776,-19.121243,35.604759,61.550117,-5.692146,5.366094,-17.714661
951.000000,-2325.973633,-1262.924683,78.705856,-2.307845,1.098846,-52.862647,-8.542539,-0.115047,-1.399551,18.235546,-10.998548,1.897453,-12.132434,-4.902840,-16.222614,15.726576,0.400835,1.440522,3.972135,-13.515512,1.329426,-10.588029,25.257898,-40.750004,61.173645,-4.077282,5.612033,-4.489712,-12.529799,-18.853765,35.734688,61.939678,-5.746573,5.026557,-17.935860
952.000000,-2326.073486,-1262.861694,78.766609,-2.128719,1.002547,-52.906118,-8.135320,-0.171301,-1.278435,17.373203,-10.482898,1.845866,-11.672220,-4.937695,-15.925953,15.552622,-0.320572,1.511895,4.218198,-13.608955,1.470574,-10.685011,25.188210,-40.749355,61.308384,-4.338388,5.399951,-4.541890,-12.941117,-18.673403,35.854122,62.192699,-5.788401,4.789306,-18.018223
953.000000,-2326.170166,-1262.817871,78.792648,-1.892737,0.920817,-52.979133,-7.648013,-0.343097,-1.036120,16.398582,-9.912886,1.794742,-11.198055,-5.130031,-15.768110,15.364611,0.184587,1.810432,4.590603,-13.770815,1.621391,-10.743765,25.088961,-40.745445,61.501785,-4.568635,5.195446,-4.582824,-13.490365,-18.472067,36.081776,62.467289,-5.805048,4.548721,-18.044218
954.000000,-2326.257812,-1262.779297,78.804428,-1.712416,0.805715,-52.997332,-7.270189,-0.484290,-0.868687,15.705564,-9.490019,1.747445,-10.877798,-5.207415,-15.526025,14.961327,-0.213520,1.880714,4.848355,-13.778782,1.780249,-10.739464,24.949764,-40.741089,61.712395,-4.764369,5.030282,-4.589188,-14.046096,-18.348541,36.339302,62.523140,-5.810803,4.369910,-18.046589
955.000000,-2326.324463,-1262.773071,78.819458,-1.596048,0.699756,-53.015906,-6.925864,-0.550907,-0.754369,15.161026,-9.184605,1.698652,-10.584056,-5.225080,-15.388515,14.598386,-0.419540,1.840407,5.091852,-13.650733,1.865676,-10.671458,24.740999,-40.722107,62.035286,-5.034929,4.821008,-4.587266,-14.487399,-18.286438,36.658939,62.527714,-5.805000,4.142849,-18.044151
956.000000,-2326.370117,-1262.818848,78.838554,-1.511475,0.631568,-52.997094,-6.597382,-0.569370,-0.684669,14.655623,-8.947424,1.636469,-10.235342,-5.183046,-15.294442,14.122993,-0.512330,1.792709,5.347638,-13.469371,1.792528,-10.496118,24.504406,-40.660164,62.401882,-5.266447,4.625732,-4.581488,-14.748430,-18.213577,37.086769,62.557961,-5.790391,3.923564,-18.039625
957.000000,-2326.402588,-1262.914917,78.855751,-1.427015,0.596960,-52.942721,-6.279955,-0.580289,-0.660590,14.163509,-8.751148,1.553471,-9.854272,-5.131972,-15.239863,13.607235,-0.620679,1.762740,5.584722,-13.302324,1.582507,-10.208734,24.329102,-40.595398,62.682590,-5.413085,4.477006,-4.566302,-14.834023,-18.086506,37.610310,62.636246,-5.740277,3.753363,-17.995211
958.000000,-2326.437744,-1263.044312,78.866188,-1.320927,0.586006,-52.905472,-6.050606,-0.587909,-0.631802,13.814408,-8.626206,1.477751,-9.595585,-5.103730,-15.212806,13.271132,-0.737445,1.718963,5.765192,-13.205248,1.394945,-9.950362,24.269728,-40.548523,62.810558,-5.464285,4.389266,-4.543588,-14.849537,-17.959173,38.026249,62.725300,-5.705746,3.677917,-17.902611
959.000000,-2326.482178,-1263.186890,78.869362,-1.216821,0.579302,-52.855432,-5.784983,-0.589522,-0.590363,13.427110,-8.500592,1.364247,-9.278774,-5.068063,-15.209403,12.868158,-0.922134,1.623684,5.993565,-13.088964,1.178919,-9.623487,24.255367,-40.486763,62.920773,-5.489041,4.315429,-4.468998,-14.859367,-17.801483,38.640942,62.819389,-5.679498,3.643679,-17.715668
960.000000,-2326.531738,-1263.330811,78.868423,-1.123169,0.552648,-52.857321,-5.553103,-0.564173,-0.529327,13.146832,-8.434268,1.249519,-8.949205,-5.009854,-15.223601,12.454273,-1.103100,1.527130,6.204805,-12.916299,1.054270,-9.377548,24.247705,-40.476528,63.015030,-5.552068,4.300825,-4.323581,-14.867305,-17.701986,39.315216,62.836079,-5.570776,3.635833,-17.517756
961.000000,-2326.574219,-1263.476562,78.867203,-1.035990,0.475118,-52.966618,-5.254990,-0.493902,-0.344539,12.892077,-8.411536,1.144928,-8.594418,-4.918665,-15.253352,12.031276,-1.242532,1.410082,6.474646,-12.658802,1.032177,-9.164010,24.210476,-40.469803,63.033047,-5.749560,4.300590,-4.106964,-14.866847,-17.614145,40.031517,62.854580,-5.349848,3.630636,-17.331873
962.000000,-2326.597900,-1263.630249,78.865494,-0.950300,0.358402,-53.059707,-4.888161,-0.436619,-0.172421,12.625621,-8.399853,1.059947,-8.176101,-4.831840,-15.287709,11.599592,-1.394777,1.307020,6.631613,-12.315359,1.036254,-8.913359,24.098045,-40.444714,63.052944,-6.078934,4.298552,-3.854856,-14.817772,-17.451555,40.661213,62.929993,-5.156582,3.627788,-17.151993
963.000000,-2326.599854,-1263.791504,78.860382,-0.872672,0.262707,-53.023083,-4.560763,-0.427112,-0.136948,12.424650,-8.409822,0.998132,-7.719903,-4.787953,-15.400131,11.183682,-1.600739,1.232579,6.605311,-11.885599,1.015490,-8.637215,23.844614,-40.291870,63.142330,-6.343322,4.285981,-3.621643,-14.620846,-17.226229,40.991879,63.039249,-5.041711,3.622651,-16.916075
964.000000,-2326.584229,-1263.964722,78.854805,-0.802030,0.108490,-52.918742,-4.184752,-0.441843,-0.182314,12.241982,-8.438343,0.937759,-7.178433,-4.775040,-15.608044,10.786166,-1.857880,1.162446,6.484784,-11.366250,1.025640,-8.343538,23.434566,-39.932919,63.390182,-6.497334,4.171888,-3.402334,-14.249011,-16.974440,41.089886,63.214222,-5.068482,3.556691,-16.618511
965.000000,-2326.555908,-1264.152954,78.842392,-0.718827,-0.014955,-52.742872,-3.854970,-0.488535,-0.298899,12.135491,-8.505788,0.884262,-6.685727,-4.812596,-15.875944,10.538765,-2.215773,1.106532,6.263779,-10.831266,0.987408,-8.004342,22.988832,-39.503502,63.717049,-6.635343,3.980722,-3.183081,-13.718019,-16.745920,41.107662,63.460472,-5.258523,3.449008,-16.278019
966.000000,-2326.521973,-1264.359863,78.820091,-0.590252,-0.115781,-52.622878,-3.538320,-0.574519,-0.375592,12.040112,-8.595704,0.841219,-6.242888,-4.884570,-16.039883,10.357120,-2.689091,1.075396,6.085652,-10.347065,0.914647,-7.617577,22.595778,-39.079617,63.965988,-6.695871,3.768431,-2.957612,-13.045770,-16.590937,41.118908,63.724705,-5.536206,3.346855,-15.943804
967.000000,-2326.484863,-1264.578247,78.795967,-0.476876,-0.154603,-52.575679,-3.303604,-0.628972,-0.374932,12.007073,-8.732111,0.796438,-5.893163,-4.919387,-16.136423,10.182287,-3.146909,0.975766,6.026269,-9.879090,0.784888,-7.216182,22.252649,-38.736492,64.159111,-6.717144,3.543991,-2.685735,-12.254823,-16.540911,41.182617,63.938606,-5.673577,3.306610,-15.681774
968.000000,-2326.445068,-1264.789062,78.798019,-0.469364,-0.216123,-52.537795,-3.022365,-0.552025,-0.389454,11.915942,-8.834700,0.739101,-5.591481,-4.841227,-16.217596,10.103170,-3.364115,0.876904,5.995814,-9.292228,0.724993,-6.831826,21.924166,-38.512169,64.321671,-6.730847,3.355489,-2.370479,-11.435182,-16.574654,41.277107,64.105576,-5.696633,3.305352,-15.473393
969.000000,-2326.406738,-1265.000000,78.807831,-0.462682,-0.266862,-52.491572,-2.770732,-0.490393,-0.409446,11.755198,-8.861583,0.689299,-5.370468,-4.783405,-16.285099,10.056467,-3.506129,0.829742,5.964666,-8.872669,0.695969,-6.553838,21.712223,-38.388889,64.440544,-6.730842,3.236641,-2.138405,-10.832338,-16.609100,41.362309,64.254913,-5.705211,3.306372,-15.348875
970.000000,-2326.366699,-1265.217407,78.819267,-0.458072,-0.326388,-52.437329,-2.400677,-0.406929,-0.428278,11.466775,-8.863883,0.614957,-5.045740,-4.699336,-16.379074,9.932019,-3.679200,0.777225,5.935893,-8.357846,0.664732,-6.225048,21.460060,-38.248177,64.664474,-6.719710,3.106707,-1.846376,-10.075256,-16.643879,41.499954,64.565506,-5.713134,3.307149,-15.232830
971.000000,-2326.320557,-1265.433716,78.827461,-0.472355,-0.334030,-52.333529,-2.105110,-0.315873,-0.479291,11.244105,-8.893719,0.539232,-4.722322,-4.604137,-16.516682,9.755300,-3.834769,0.736490,5.886967,-7.850493,0.599629,-5.936089,21.233345,-38.134399,64.916473,-6.673774,3.040957,-1.584018,-9.361317,-16.702599,41.638195,64.939110,-5.715811,3.309464,-15.161008
972.000000,-2326.270264,-1265.622192,78.833313,-0.487812,-0.361138,-52.247174,-1.853171,-0.233131,-0.535225,11.071740,-8.939268,0.474860,-4.427769,-4.519227,-16.652285,9.602992,-3.975399,0.705703,5.796101,-7.306274,0.588449,-5.716340,21.014704,-38.123741,65.142540,-6.530311,3.031858,-1.306836,-8.815409,-16.746723,41.700523,65.480774,-5.719031,3.302727,-15.151920
973.000000,-2326.208008,-1265.792603,78.837761,-0.491791,-0.369820,-52.203048,-1.581642,-0.172164,-0.543338,10.854430,-8.970364,0.428650,-4.186101,-4.457796,-16.721348,9.510194,-4.119914,0.690123,5.692895,-6.721222,0.596702,-5.511977,20.750072,-38.120068,65.389442,-6.401395,3.026355,-0.968083,-8.424003,-16.749235,41.708920,66.276848,-5.734131,3.296569,-15.203353
974.000000,-2326.140137,-1265.963623,78.843369,-0.473924,-0.352351,-52.155559,-1.296873,-0.143298,-0.543266,10.532183,-8.939462,0.385904,-4.015718,-4.438163,-16.777275,9.488403,-4.286149,0.681251,5.554487,-6.171423,0.602278,-5.296635,20.503044,-38.117489,65.562843,-6.383536,3.014351,-0.593046,-8.060061,-16.740976,41.712860,67.056496,-5.763955,3.294534,-15.418454
975.000000,-2326.075684,-1266.135498,78.849152,-0.459348,-0.309219,-52.053372,-1.054387,-0.122101,-0.586553,10.211204,-8.891387,0.342817,-3.860327,-4.429535,-16.882381,9.457966,-4.447910,0.677115,5.315421,-5.676225,0.604050,-5.074477,20.304520,-38.118725,65.664391,-6.464614,2.981082,-0.235780,-7.706170,-16.714523,41.732761,67.737549,-5.787654,3.292192,-15.741582
976.000000,-2326.019043,-1266.305786,78.853752,-0.444185,-0.261080,-51.934534,-0.840703,-0.099493,-0.650668,9.913529,-8.843186,0.298894,-3.717460,-4.421726,-17.002632,9.439639,-4.615984,0.678417,5.008967,-5.244568,0.620575,-4.892925,20.137907,-38.123558,65.749084,-6.738877,2.924019,0.088617,-7.384696,-16.649357,41.744217,68.344803,-5.790905,3.288880,-16.113012
977.000000,-2325.965820,-1266.475342,78.857155,-0.436170,-0.225416,-51.775499,-0.642056,-0.073113,-0.747230,9.654749,-8.808822,0.253245,-3.551661,-4.413797,-17.164543,9.417288,-4.789714,0.681121,4.641177,-4.875099,0.645878,-4.771226,19.977627,-38.140423,65.827919,-7.040856,2.861886,0.363483,-7.067154,-16.563665,41.749317,68.826591,-5.785910,3.285100,-16.480253
978.000000,-2325.909424,-1266.644897,78.858414,-0.434499,-0.184150,-51.615187,-0.476645,-0.038500,-0.838539,9.457047,-8.804209,0.207836,-3.391508,-4.403846,-17.340004,9.406656,-4.970443,0.685228,4.285286,-4.544242,0.650641,-4.731942,19.782675,-38.213226,65.908127,-7.333907,2.804878,0.576635,-6.710298,-16.497738,41.786606,69.163315,-5.780517,3.281470,-16.803448
979.000000,-2325.850098,-1266.804932,78.857506,-0.439178,-0.146251,-51.520178,-0.362879,-0.001646,-0.863447,9.343849,-8.823898,0.174207,-3.285267,-4.385196,-17.433048,9.404225,-5.098285,0.688206,4.081186,-4.310019,0.650242,-4.731042,19.614624,-38.262604,65.939636,-7.566429,2.728078,0.682771,-6.435310,-16.476435,41.845558,69.325005,-5.782253,3.279387,-16.988420
980.000000,-2325.787354,-1266.959961,78.854546,-0.454780,-0.107554,-51.436256,-0.239664,0.059138,-0.875076,9.262825,-8.892982,0.128615,-3.149665,-4.344207,-17.528582,9.395977,-5.257267,0.692531,3.844829,-4.003760,0.643624,-4.734411,19.371353,-38.281803,65.967690,-7.809982,2.542526,0.753028,-6.069672,-16.471102,41.906281,69.416168,-5.798864,3.277590,-17.147179
981.000000,-2325.721924,-1267.110352,78.851532,-0.471194,-0.076711,-51.349809,-0.122779,0.115927,-0.906933,9.201882,-8.974119,0.084426,-3.001364,-4.301390,-17.627316,9.374977,-5.409685,0.701456,3.583582,-3.704169,0.627635,-4.736212,19.108259,-38.283791,66.013252,-7.935624,2.313043,0.774678,-5.728370,-16.459219,41.909439,69.421516,-5.864284,3.273587,-17.201096
982.000000,-2325.650146,-1267.266602,78.848312,-0.481719,-0.054606,-51.277839,0.032635,0.163568,-0.933019,9.088747,-9.035450,0.046379,-2.849445,-4.264343,-17.703003,9.362177,-5.566415,0.712218,3.345149,-3.428206,0.597576,-4.735940,18.848047,-38.284317,66.074677,-7.992667,2.081359,0.780561,-5.412354,-16.437489,41.907043,69.414803,-6.037976,3.264972,-17.205458
983.000000,-2325.579834,-1267.421875,78.844383,-0.492053,-0.058820,-51.278418,0.251439,0.223680,-0.896384,8.935950,-9.096216,0.006762,-2.689402,-4.214744,-17.717716,9.366278,-5.726920,0.719705,3.215553,-3.171865,0.576455,-4.735386,18.614155,-38.284260,66.150017,-8.021658,1.856071,0.783154,-5.096525,-16.427193,41.905750,69.364883,-6.198176,3.257088,-17.177954
984.000000,-2325.514648,-1267.574097,78.838829,-0.515990,-0.077775,-51.256600,0.442691,0.303028,-0.864845,8.879501,-9.209229,-0.038942,-2.489865,-4.140781,-17.745951,9.327207,-5.870213,0.725655,3.138373,-2.923027,0.558081,-4.727160,18.437954,-38.283882,66.175232,-8.031317,1.687560,0.782208,-4.784259,-16.408897,41.906170,69.278923,-6.334888,3.256136,-17.103178
985.000000,-2325.451416,-1267.724976,78.831619,-0.537816,-0.115906,-51.207701,0.623056,0.375855,-0.864331,8.880241,-9.345171,-0.081507,-2.265982,-4.076319,-17.804071,9.302199,-6.028452,0.731830,3.028862,-2.686479,0.549924,-4.703992,18.330494,-38.285191,66.177559,-8.025079,1.563712,0.777386,-4.509207,-16.368973,41.909878,69.202614,-6.553121,3.255623,-16.996359
986.000000,-2325.385010,-1267.877197,78.822845,-0.558377,-0.176141,-51.133761,0.766115,0.423745,-0.880102,8.895980,-9.454850,-0.109219,-2.082143,-4.037519,-17.863403,9.298306,-6.160629,0.736631,2.928896,-2.514828,0.542874,-4.671322,18.283688,-38.285904,66.177155,-8.015300,1.489542,0.773931,-4.310909,-16.327955,41.913933,69.170616,-6.697070,3.254192,-16.908506
987.000000,-2325.310791,-1268.028687,78.812294,-0.580008,-0.263921,-51.035653,0.970355,0.479552,-0.920427,8.945507,-9.617359,-0.140775,-1.807671,-3.995865,-17.958960,9.305312,-6.348015,0.745524,2.781497,-2.282663,0.535962,-4.602295,18.239780,-38.285671,66.174942,-8.001301,1.417458,0.771020,-4.041332,-16.274290,41.933170,69.165924,-6.777015,3.253862,-16.791046
988.000000,-2325.229248,-1268.178101,78.799454,-0.596327,-0.377109,-50.951403,1.209153,0.524028,-0.957138,8.996157,-9.788555,-0.168813,-1.527271,-3.974710,-18.047440,9.374524,-6.570078,0.760479,2.633752,-2.051544,0.529678,-4.501962,18.204576,-38.285721,66.169479,-7.986536,1.375490,0.769329,-3.744200,-16.225868,41.989788,69.200111,-6.809840,3.256610,-16.659700
989.000000,-2325.143799,-1268.320068,78.784950,-0.607698,-0.495537,-50.899373,1.473163,0.562130,-0.956841,9.030942,-9.959986,-0.192019,-1.274620,-3.966629,-18.091434,9.504519,-6.813269,0.781724,2.491413,-1.823551,0.520147,-4.369544,18.176102,-38.286774,66.161064,-7.973036,1.347149,0.769652,-3.438123,-16.171995,42.059242,69.285545,-6.832860,3.270339,-16.496387
990.000000,-2325.060059,-1268.452393,78.770645,-0.619046,-0.596122,-50.860454,1.697076,0.593483,-0.945881,9.059244,-10.109853,-0.211412,-1.072947,-3.962903,-18.116993,9.630098,-7.026977,0.806194,2.363172,-1.623819,0.507096,-4.243432,18.157845,-38.287624,66.144112,-7.925954,1.331349,0.771813,-3.135064,-16.126810,42.126411,69.353035,-6.898462,3.324421,-16.318508
991.000000,-2324.980225,-1268.576294,78.757462,-0.629899,-0.666355,-50.834162,1.930170,0.631481,-0.924209,9.079865,-10.275019,-0.233441,-0.867793,-3.954736,-18.140726,9.757154,-7.257649,0.836991,2.224096,-1.393453,0.476753,-4.087967,18.146608,-38.287395,66.097519,-7.766466,1.322996,0.778008,-2.720498,-16.068619,42.199318,69.403931,-7.088828,3.469694,-16.081778
992.000000,-2324.909424,-1268.682007,78.745247,-0.639575,-0.678874,-50.787581,2.018580,0.657003,-0.916847,9.166058,-10.424790,-0.247941,-0.751212,-3.953654,-18.178698,9.842168,-7.432488,0.880106,2.039959,-1.197603,0.445366,-3.947782,18.145763,-38.288322,66.046768,-7.679430,1.316998,0.810736,-2.379702,-16.012218,42.228306,69.413773,-7.440369,3.713363,-15.755143
993.000000,-2324.850342,-1268.761230,78.734711,-0.642567,-0.650383,-50.756317,2.008190,0.669563,-0.890984,9.290101,-10.555834,-0.254190,-0.711447,-3.963465,-18.204006,9.910868,-7.569595,0.926399,1.797795,-1.019652,0.449595,-3.814218,18.168077,-38.291836,65.943718,-7.686846,1.314244,0.863564,-2.181840,-15.975646,42.234390,69.415565,-7.818596,4.000004,-15.325190
994.000000,-2324.799072,-1268.818359,78.726501,-0.643003,-0.611598,-50.794340,1.998301,0.681996,-0.816914,9.354677,-10.632594,-0.256407,-0.717299,-3.968233,-18.180853,9.963073,-7.649909,0.951176,1.652858,-0.905678,0.477462,-3.738722,18.192293,-38.294601,65.830055,-7.705729,1.313997,0.909778,-2.105806,-15.969241,42.236897,69.414940,-8.028525,4.219294,-14.980916
995.000000,-2324.751953,-1268.860352,78.719353,-0.646106,-0.549840,-50.878342,1.971058,0.704167,-0.673247,9.419441,-10.714854,-0.256783,-0.767022,-3.966134,-18.106646,10.025889,-7.724162,0.971728,1.533705,-0.793124,0.508534,-3.694313,18.202106,-38.296009,65.686028,-7.726175,1.315693,0.974549,-2.062796,-15.967991,42.236904,69.413498,-8.185869,4.483822,-14.603088
996.000000,-2324.707520,-1268.891357,78.711411,-0.653482,-0.453900,-50.983490,1.871444,0.734586,-0.484261,9.538795,-10.824117,-0.253041,-0.893799,-3.959982,-17.990786,10.123751,-7.804427,0.988274,1.449037,-0.701175,0.516921,-3.681189,18.207157,-38.294254,65.408501,-7.726279,1.318673,1.048519,-2.024997,-15.977741,42.234810,69.356537,-8.231803,4.791345,-14.213087
997.000000,-2324.667480,-1268.910156,78.702820,-0.675729,-0.344444,-51.004610,1.670122,0.761676,-0.371268,9.782104,-10.970778,-0.242063,-1.019462,-3.953405,-17.945368,10.184967,-7.858087,1.003165,1.348197,-0.651938,0.507538,-3.691275,18.210896,-38.296066,65.049492,-7.624569,1.311678,1.096554,-1.997113,-16.028828,42.243721,69.126152,-8.304902,5.092096,-13.889830
998.000000,-2324.629639,-1268.923218,78.694199,-0.707976,-0.254877,-50.958983,1.411596,0.783169,-0.356315,10.130233,-11.150331,-0.223620,-1.082604,-3.948277,-18.004732,10.184592,-7.891301,1.020341,1.227102,-0.633006,0.506655,-3.739758,18.235352,-38.356991,64.676880,-7.273142,1.254835,1.104669,-1.986567,-16.112646,42.302238,68.756531,-8.569774,5.396768,-13.614557
999.000000,-2324.589111,-1268.947754,78.686180,-0.722862,-0.229280,-50.965163,1.332819,0.799110,-0.300297,10.291456,-11.264850,-0.207645,-1.104741,-3.954540,-18.013500,10.248988,-7.963403,1.034141,1.197003,-0.683051,0.515137,-3.765903,18.291801,-38.403503,64.402046,-6.780183,1.143756,1.104744,-1.992500,-16.147831,42.333462,68.385330,-8.919819,5.646166,-13.421409
1000.000000,-2324.542725,-1268.987671,78.676407,-0.727664,-0.266137,-51.049930,1.405621,0.817601,-0.183051,10.336307,-11.351710,-0.196008,-1.089116,-3.959275,-17.940746,10.367237,-8.066812,1.049203,1.270423,-0.796760,0.507240,-3.766117,18.360956,-38.405537,64.333817,-6.239285,1.056173,1.104339,-1.994609,-16.151834,42.336720,68.047585,-9.262885,5.823167,-13.275205
1001.000000,-2324.492432,-1269.031738,78.663841,-0.732754,-0.367487,-51.135253,1.558019,0.840366,-0.036290,10.436605,-11.490266,-0.182286,-1.000597,-3.965209,-17.834364,10.536538,-8.216603,1.075694,1.396474,-0.978427,0.511352,-3.735361,18.495945,-38.405468,64.338615,-5.668622,1.031685,1.105806,-2.023081,-16.172068,42.342201,67.657433,-9.648376,5.979507,-13.084673
1002.000000,-2324.444092,-1269.054932,78.645508,-0.750692,-0.492209,-51.138960,1.595250,0.849822,0.011370,10.756408,-11.698778,-0.172903,-0.933212,-4.001063,-17.805691,10.810088,-8.397278,1.093995,1.447301,-1.147224,0.548682,-3.715659,18.627714,-38.409531,64.443832,-5.307452,1.034142,1.125930,-2.135421,-16.273430,42.383228,67.346092,-9.792902,6.027949,-12.905231
1003.000000,-2324.406738,-1269.041870,78.623489,-0.785114,-0.594110,-51.069245,1.498504,0.850075,-0.016542,11.162670,-11.909715,-0.160127,-0.932719,-4.044330,-17.832590,11.074415,-8.538779,1.107905,1.449955,-1.250168,0.604190,-3.729089,18.706251,-38.455868,64.533318,-5.034581,1.061146,1.156245,-2.284553,-16.429779,42.408932,67.125458,-9.811182,6.034197,-12.791018
1004.000000,-2324.383057,-1268.999023,78.603600,-0.828624,-0.655776,-50.980242,1.280837,0.846576,-0.084797,11.745293,-12.184793,-0.129990,-0.971979,-4.096759,-17.884005,11.378992,-8.676484,1.138302,1.441639,-1.378535,0.711115,-3.769991,18.826300,-38.611454,64.572701,-4.562941,1.131891,1.182821,-2.578404,-16.698225,42.410927,66.828484,-9.832136,6.039810,-12.685520
1005.000000,-2324.377686,-1268.934692,78.586952,-0.853646,-0.597992,-50.927946,0.967449,0.834279,-0.127572,12.232953,-12.384477,-0.091302,-1.145856,-4.150452,-17.910595,11.642176,-8.761754,1.166359,1.451105,-1.527849,0.747343,-3.817424,18.934269,-38.752800,64.601524,-4.129505,1.194063,1.188163,-2.935627,-16.928024,42.407578,66.641045,-9.843739,6.043038,-12.617047
1006.000000,-2324.394287,-1268.840942,78.570908,-0.861031,-0.489909,-50.904699,0.475594,0.799005,-0.125594,12.814879,-12.581758,-0.023994,-1.521998,-4.249207,-17.906715,12.033240,-8.858901,1.195365,1.476105,-1.770131,0.794558,-3.870553,19.076406,-38.879326,64.613686,-3.761458,1.233512,1.195573,-3.475786,-17.194668,42.402687,66.438210,-9.841766,6.047416,-12.544866
1007.000000,-2324.432129,-1268.718872,78.556412,-0.849769,-0.380321,-50.951975,0.011604,0.756452,-0.053530,13.296027,-12.704155,0.023372,-1.971965,-4.362899,-17.835800,12.474658,-8.938573,1.210535,1.548943,-2.055334,0.898932,-4.020742,19.246313,-39.289387,64.666039,-3.488995,1.283844,1.201787,-4.081810,-17.428797,42.415199,66.177193,-9.835896,6.084742,-12.444496
1008.000000,-2324.489990,-1268.574219,78.547058,-0.843735,-0.256534,-50.983081,-0.453509,0.715836,0.001783,13.697887,-12.758073,0.054902,-2.424578,-4.461145,-17.769888,12.836967,-8.948890,1.216463,1.582193,-2.381921,1.013097,-4.251448,19.432421,-39.848251,64.765472,-3.338403,1.393987,1.201187,-4.821523,-17.588459,42.424553,65.937614,-9.829399,6.109902,-12.329078
1009.000000,-2324.566895,-1268.408813,78.541557,-0.813015,-0.068834,-50.992522,-0.980270,0.642147,0.017319,14.016085,-12.728489,0.095006,-2.978243,-4.591029,-17.721565,13.221252,-8.936237,1.210346,1.584313,-2.769850,1.065525,-4.516424,19.599939,-40.299362,64.844612,-3.312286,1.546073,1.188612,-5.647830,-17.636196,42.376255,65.767113,-9.813684,6.114227,-12.253610
1010.000000,-2324.664307,-1268.213867,78.535225,-0.731019,0.193669,-50.971982,-1.558670,0.504878,0.000663,14.253151,-12.614477,0.157214,-3.678543,-4.804051,-17.686440,13.758680,-8.970132,1.197114,1.576668,-3.198440,1.073933,-4.815456,19.706980,-40.611259,64.902306,-3.209841,1.673535,1.178414,-6.406815,-17.638916,42.208683,65.511978,-9.764425,6.115092,-12.191474
1011.000000,-2324.781006,-1267.984619,78.533142,-0.639888,0.405845,-50.943634,-2.057925,0.356660,-0.020166,14.406471,-12.454626,0.218155,-4.322004,-5.022396,-17.651814,14.260242,-8.975588,1.184466,1.573561,-3.617369,1.157225,-5.153220,19.749140,-40.809525,64.997879,-2.998108,1.742881,1.174910,-7.124565,-17.624754,41.974792,65.192055,-9.657032,6.103219,-12.157954
1012.000000,-2324.919434,-1267.725220,78.538689,-0.495031,0.639391,-51.004658,-2.616615,0.151902,-0.005228,14.466999,-12.159841,0.299236,-5.150297,-5.301004,-17.510437,14.869791,-8.921832,1.171415,1.654765,-4.164396,1.264362,-5.619774,19.747585,-41.003521,65.229279,-2.617281,1.761063,1.171640,-8.000364,-17.522606,41.728664,64.888184,-9.500501,6.039017,-12.150108
1013.000000,-2325.082520,-1267.417969,78.567902,-0.315640,0.858689,-51.037969,-3.184459,-0.130658,-0.050175,14.475639,-11.695546,0.430311,-6.058395,-5.655485,-17.335745,15.557117,-8.758302,1.171387,1.765875,-4.796617,1.437680,-6.221061,19.738564,-41.327587,65.654129,-2.284881,1.761322,1.165896,-8.997157,-17.320135,41.639709,64.795158,-9.437589,5.934504,-12.146555
1014.000000,-2325.248535,-1267.056152,78.649208,-0.185777,1.085169,-51.121501,-3.806010,-0.414239,-0.088814,14.438051,-10.954778,0.609496,-7.044648,-6.010343,-17.133448,16.217398,-8.199739,1.203623,1.812259,-5.441432,1.643260,-6.872773,19.716866,-41.747742,66.297997,-2.167315,1.760532,1.153391,-10.083944,-17.059622,41.626633,64.782898,-9.358025,5.808804,-12.143135
1015.000000,-2325.403076,-1266.629395,78.784332,-0.166441,1.427841,-51.384510,-4.462811,-0.530084,0.134429,14.343897,-10.087286,0.793122,-8.188458,-6.215312,-16.772409,16.888176,-7.209248,1.256765,1.882283,-5.920914,1.724283,-7.327775,19.730331,-42.015717,66.826118,-2.150185,1.777795,1.135421,-11.064248,-16.860596,41.628246,64.745201,-9.066092,5.659928,-12.137228
1016.000000,-2325.541016,-1266.150024,78.956673,-0.277313,1.761483,-51.704239,-5.328056,-0.518181,0.558012,14.245639,-8.895614,1.030998,-9.718372,-6.325013,-16.253698,17.716290,-5.502163,1.322084,1.970232,-6.369208,1.806008,-7.724884,19.841076,-42.213184,67.193779,-2.196926,1.849898,1.127261,-12.196990,-16.720245,41.634396,64.550064,-8.334123,5.507960,-12.134535
1017.000000,-2325.658691,-1265.619507,79.148537,-0.421629,2.122352,-52.021724,-6.108672,-0.453695,1.005533,13.988376,-7.641080,1.274948,-11.130581,-6.356242,-15.777476,18.301315,-3.586302,1.419623,1.970691,-6.707075,1.797587,-7.950225,20.042213,-42.294003,67.281685,-2.227764,1.984824,1.115167,-13.112650,-16.652527,41.634644,64.186478,-7.784992,5.480911,-12.138805
1018.000000,-2325.756348,-1265.042725,79.333580,-0.536581,2.460721,-52.348662,-6.791963,-0.441168,1.606521,13.556635,-6.291480,1.546712,-12.457387,-6.427136,-15.265138,18.725634,-1.632429,1.577855,1.926504,-7.080035,1.741041,-8.104164,20.337370,-42.301746,67.286644,-2.225819,2.066760,1.084007,-13.813908,-16.682783,41.539619,63.534172,-7.606670,5.469997,-12.147846
1019.000000,-2325.834717,-1264.422729,79.482819,-0.613095,2.651108,-52.709991,-7.237000,-0.501948,2.215175,12.975657,-5.024806,1.827485,-13.506569,-6.494929,-14.624117,18.881815,0.162116,1.813107,1.892277,-7.480993,1.751487,-8.245281,20.705784,-42.303829,67.288345,-2.211442,2.149930,1.063101,-14.397133,-16.770039,41.339828,62.681244,-7.590281,5.486543,-12.180849
1020.000000,-2325.896484,-1263.782837,79.560692,-0.660802,2.740731,-53.081207,-7.515792,-0.598753,2.795095,12.462193,-4.138977,2.042794,-14.220659,-6.557024,-14.023409,18.820316,1.427209,2.067506,1.854346,-7.851907,1.732146,-8.337005,21.093996,-42.306396,67.291908,-2.205620,2.243550,1.057338,-14.924499,-16.801371,41.132195,62.036930,-7.588849,5.490755,-12.243052
1021.000000,-2325.962646,-1263.144531,79.540710,-0.720949,2.812195,-53.266323,-8.061293,-0.725965,3.434737,12.306590,-3.614214,2.344334,-14.947598,-6.666800,-13.397950,18.752558,2.248967,2.695517,1.732547,-8.269292,1.618263,-8.478011,21.617212,-42.307632,67.295456,-2.334849,2.340428,1.056850,-15.532942,-16.869131,41.008297,61.435493,-7.519185,5.492185,-12.340260
1022.000000,-2326.051025,-1262.467407,79.410690,-0.852575,2.714863,-53.244595,-8.565228,-0.773715,3.991405,12.632844,-3.735323,2.641149,-15.546306,-6.926323,-13.232749,19.827026,1.117830,3.177878,1.675601,-8.474193,1.621609,-8.684189,21.965927,-42.321514,67.300156,-2.580223,2.376598,1.079146,-15.951329,-17.003637,41.000336,61.116817,-7.305315,5.491262,-12.432045
1023.000000,-2326.138672,-1261.807983,79.183533,-1.165934,2.439479,-52.724414,-9.215636,-0.687901,4.753764,13.517843,-4.586788,3.154061,-16.045164,-7.506772,-13.719520,23.346657,-1.131198,3.861983,1.441772,-8.441785,1.780031,-9.022009,22.351318,-42.430408,67.313179,-2.884077,2.390762,1.127129,-16.429424,-17.267984,40.955391,60.893860,-6.837792,5.487785,-12.619458
1024.000000,-2326.212402,-1261.203491,78.887878,-1.630595,2.301511,-51.928831,-9.905547,-0.482935,5.349629,14.386462,-5.919787,3.722937,-16.113642,-8.059485,-14.434245,28.168304,-4.818026,4.049063,1.107486,-8.132002,1.618263,-9.273158,22.631138,-42.692093,67.337082,-2.922196,2.431721,1.144962,-16.529182,-17.547091,40.849148,60.847618,-6.465701,5.504721,-12.862974
1025.000000,-2326.351807,-1260.672241,78.620781,-1.558631,2.216828,-51.256535,-10.512994,-0.629426,5.622458,14.872859,-6.827828,4.186337,-15.944236,-8.793920,-14.905140,32.803688,-8.298162,4.065619,1.086188,-8.200327,1.268128,-9.419568,22.951675,-42.802902,67.331459,-2.911071,2.460831,1.152858,-16.403397,-17.661217,40.807545,61.012081,-6.143955,5.541759,-13.048163
1026.000000,-2326.593506,-1260.148438,78.450752,-0.978974,1.969701,-51.059961,-11.110761,-1.444183,5.923429,15.445561,-6.639198,4.555382,-15.397346,-10.062287,-14.761993,38.045124,-12.221279,4.059994,1.640415,-9.225877,1.195322,-9.479138,23.697821,-42.820786,67.198021,-2.866133,2.483650,1.197545,-16.294231,-17.458088,40.780094,61.444241,-5.761859,5.577963,-13.151010
1027.000000,-2326.856934,-1259.628540,78.340172,-0.677776,1.664005,-51.001252,-11.556951,-1.900784,6.226490,15.986146,-6.317321,4.747521,-14.487989,-10.838329,-14.729342,42.471691,-15.042779,4.042141,2.173671,-9.906180,1.361829,-9.168414,24.598320,-42.817673,66.682190,-2.847182,2.569768,1.204476,-16.294561,-17.330112,40.774918,61.597588,-5.643364,5.608578,-13.162204
1028.000000,-2327.145264,-1259.057739,78.261780,-0.709157,1.453866,-51.030137,-12.239312,-1.923336,6.433487,16.745729,-6.150202,4.862859,-13.415478,-11.061877,-14.773129,46.375515,-16.652983,4.000811,2.580577,-10.049885,1.449942,-8.622138,25.392319,-42.705170,66.169884,-2.834475,2.676319,1.207492,-16.306797,-17.345322,40.684875,61.617634,-5.403507,5.595768,-13.209193
1029.000000,-2327.439697,-1258.455566,78.205528,-0.922742,1.278544,-51.073792,-12.997927,-1.713035,6.548090,17.530943,-6.029501,4.923288,-12.146906,-11.059226,-14.977793,49.783073,-17.322678,3.968227,2.851583,-9.796148,1.491615,-7.968219,25.961664,-42.594116,65.902122,-2.821524,2.804655,1.212145,-16.328009,-17.445429,40.531330,61.676605,-5.039906,5.528987,-13.339738
1030.000000,-2327.742676,-1257.839844,78.143135,-1.069469,1.125674,-51.178705,-13.624788,-1.574316,6.681168,18.036127,-5.821046,4.960249,-10.948402,-11.054051,-14.914639,52.538719,-17.460447,3.955063,3.074889,-9.493382,1.501575,-7.351221,26.316515,-42.500870,65.798828,-2.810141,2.978429,1.211943,-16.328629,-17.611755,40.473038,61.786045,-4.617826,5.453472,-13.466635
1031.000000,-2328.047852,-1257.236450,78.069748,-1.124430,0.960708,-51.261713,-14.131016,-1.534182,6.810837,18.367113,-5.549903,5.003706,-9.683983,-11.050677,-14.698129,54.707237,-17.335999,3.952280,3.316283,-9.213513,1.535021,-6.797074,26.521069,-42.316814,65.751564,-2.794426,3.152465,1.209067,-16.253441,-17.843626,40.462112,61.887611,-4.210147,5.400961,-13.545133
1032.000000,-2328.378174,-1256.613525,77.991501,-1.099125,0.814722,-51.505576,-14.636533,-1.535819,7.076168,18.514078,-5.117675,5.068363,-8.064081,-11.004946,-14.316377,56.510376,-17.033812,3.960560,3.817073,-8.897192,1.518309,-6.158934,26.604788,-41.997410,65.720276,-2.774020,3.292353,1.203516,-15.925516,-18.213316,40.463928,61.985645,-3.782607,5.328366,-13.615695
1033.000000,-2328.723389,-1255.994751,77.896126,-1.022694,0.724176,-51.841825,-15.148462,-1.525226,7.515547,18.575554,-4.648898,5.141868,-6.439625,-10.961643,-13.905079,57.585041,-16.655056,3.973359,4.513382,-8.586411,1.410759,-5.432058,26.662920,-41.708485,65.549850,-2.760666,3.314301,1.196297,-15.458182,-18.584932,40.494999,62.161255,-3.323666,5.288292,-13.657943
1034.000000,-2329.095459,-1255.359741,77.769875,-0.927739,0.582227,-52.103773,-15.772238,-1.542091,7.913749,18.843439,-4.220893,5.244273,-4.705734,-10.960469,-13.585387,58.139515,-16.206247,3.987225,5.060862,-8.201580,1.388647,-4.653011,26.738575,-41.497490,65.141037,-2.672469,3.314035,1.177389,-15.011602,-18.972132,40.547913,62.271446,-2.928161,5.287326,-13.667068
1035.000000,-2329.512207,-1254.687012,77.603409,-0.820097,0.510492,-52.283358,-16.532785,-1.570050,8.204487,19.306009,-3.872579,5.340431,-3.053576,-10.903312,-13.251485,57.902637,-16.005518,4.003006,5.411966,-7.788248,1.356701,-4.015871,26.687094,-41.214893,64.918884,-2.410995,3.238081,1.138379,-14.551673,-19.300211,40.512032,62.301792,-2.653550,5.290061,-13.672844
1036.000000,-2329.983154,-1253.998657,77.419403,-0.632427,0.436951,-52.603791,-17.476744,-1.610199,8.676426,19.784367,-3.371593,5.440918,-1.112735,-10.815518,-12.597404,56.898327,-16.013100,4.086286,5.891680,-7.346272,1.393527,-3.404040,26.563177,-40.822594,64.845543,-2.021900,3.073386,1.096127,-13.991180,-19.643559,40.407024,62.311001,-2.497535,5.292960,-13.679385
1037.000000,-2330.505615,-1253.331909,77.239059,-0.439748,0.325765,-53.034256,-18.246941,-1.533075,9.242017,20.097818,-2.860063,5.452368,0.861497,-10.520148,-11.812811,54.592335,-16.262304,4.270223,6.505232,-7.007944,1.484864,-2.906686,26.497705,-40.431561,65.021019,-1.509607,2.714788,1.037233,-13.401627,-19.804733,40.251804,62.427528,-2.503724,5.292314,-13.683798
1038.000000,-2331.085938,-1252.672241,77.034401,-0.226380,0.424740,-53.411597,-19.276180,-1.444706,9.724280,20.442514,-2.297801,5.422712,2.706416,-10.112538,-11.095618,51.591877,-16.969521,4.447282,6.998271,-6.747139,1.310031,-2.373533,26.523701,-40.208599,65.360794,-1.218953,2.417073,0.979322,-12.741328,-19.880377,40.153049,62.613159,-2.501846,5.331758,-13.667958
1039.000000,-2331.723877,-1252.004639,76.808952,-0.034799,0.588474,-53.733924,-20.502832,-1.322173,10.113906,20.847563,-1.683521,5.366369,4.506567,-9.515907,-10.332309,47.696964,-17.983793,4.525618,7.464036,-6.495887,1.101092,-1.871759,26.601553,-40.003334,65.588829,-1.180287,2.337400,0.934034,-12.119905,-20.002169,40.127396,62.826092,-2.344371,5.425370,-13.605913
1040.000000,-2332.431641,-1251.310425,76.564064,0.197602,0.749496,-54.027703,-21.337328,-1.250219,10.340449,21.057228,-1.197153,5.296652,5.685113,-9.110229,-9.868276,44.792629,-18.773848,4.535921,7.790951,-6.343630,1.026253,-1.554705,26.656450,-39.821907,65.617302,-1.179224,2.353295,0.922371,-11.770618,-20.089897,40.096680,63.033886,-2.146565,5.559561,-13.535255
1041.000000,-2333.239990,-1250.557739,76.308090,0.440380,0.870929,-54.436269,-22.595673,-1.100315,10.736991,21.184551,-0.272103,5.114991,7.283737,-8.512736,-9.181779,40.354126,-20.094934,4.533657,8.358907,-6.130301,0.991941,-1.088221,26.728252,-39.577480,65.535988,-1.179826,2.393022,0.912913,-11.323682,-20.210674,39.989426,63.373272,-1.797648,5.865590,-13.417060
1042.000000,-2334.126709,-1249.758423,76.061661,0.574069,0.910218,-54.959054,-23.651802,-0.735642,11.147458,21.163048,0.722838,4.872621,8.479259,-7.915205,-8.738202,36.475674,-21.242910,4.447701,8.984640,-5.782719,1.088823,-0.694111,26.721113,-39.409431,65.426498,-1.174497,2.402239,0.883833,-11.081926,-20.279779,39.797203,63.749165,-1.559309,6.190333,-13.311088
1043.000000,-2335.075439,-1248.939941,75.825897,0.657327,0.969856,-55.642387,-24.666758,-0.174260,11.591709,20.974634,1.858416,4.570812,9.249792,-7.325897,-8.493178,33.062309,-22.288408,4.265582,9.598755,-5.326880,1.106578,-0.232079,26.709185,-39.289906,65.396500,-1.235500,2.399225,0.797922,-10.970235,-20.287682,39.568329,64.092087,-1.537401,6.526069,-13.247538
1044.000000,-2336.106934,-1248.099121,75.589569,0.673119,0.965138,-56.249304,-25.580315,0.472237,11.925065,20.536928,3.203493,4.199165,9.733647,-6.557892,-8.230457,30.124008,-22.986849,3.954488,10.130947,-4.804144,1.093010,0.248796,26.724365,-39.274410,65.417419,-1.373318,2.405348,0.688932,-10.937050,-20.282187,39.544838,64.343620,-1.658446,6.860419,-13.236105
1045.000000,-2337.217529,-1247.241577,75.336365,0.697235,0.890089,-56.709005,-26.266254,0.996580,12.036462,19.885220,4.621770,3.843995,10.092720,-5.716707,-7.970407,27.837017,-23.039898,3.511096,10.413836,-4.292835,1.038113,0.749498,26.726192,-39.270737,65.464638,-1.446626,2.466671,0.575783,-10.835293,-20.256788,39.543583,64.448822,-1.917891,7.127297,-13.236030
1046.000000,-2338.379395,-1246.361206,75.068954,0.679293,0.782389,-57.037477,-26.967052,1.549189,12.013947,18.753939,6.573412,3.399939,10.325606,-4.831507,-7.922749,25.591927,-23.806528,3.070198,10.657344,-3.629636,0.850455,1.424189,26.674164,-39.267998,65.484200,-1.503096,2.666424,0.433881,-10.561419,-20.267786,39.546455,64.482582,-2.154947,7.391924,-13.239715
1047.000000,-2339.510254,-1245.458008,74.855576,0.298579,0.626909,-57.101473,-27.523882,2.108479,11.348762,17.419394,8.491783,2.967891,10.238255,-3.802299,-7.944077,24.117088,-26.147757,2.675431,10.683498,-2.486538,0.568013,2.033344,26.402388,-39.266228,65.481941,-1.504253,2.937416,0.307061,-10.179039,-20.487442,39.593445,64.536278,-2.326698,7.622981,-13.246053
1048.000000,-2340.672119,-1244.506226,74.703651,-0.215280,0.413450,-57.151545,-27.837566,2.519404,10.031533,15.624038,10.220555,2.363261,9.622598,-2.640930,-7.975943,23.571409,-27.852926,2.062016,10.707156,-1.087028,0.352316,2.588749,26.059895,-39.263145,65.480545,-1.513487,3.141682,0.159368,-9.805345,-20.862663,39.633991,64.648598,-2.403820,7.866521,-13.268404
1049.000000,-2341.922852,-1243.526245,74.632767,-0.511345,0.223620,-57.258792,-27.885941,2.708749,9.120324,13.983019,10.644986,1.945689,8.760904,-1.981448,-8.153472,23.791842,-28.840851,1.464657,10.759654,-0.246403,0.285539,2.920803,25.887630,-39.256348,65.526253,-1.519146,3.228736,0.051989,-9.606938,-21.101637,39.691154,64.836685,-2.416704,8.038762,-13.340017
1050.000000,-2343.248779,-1242.541748,74.620934,-0.502865,0.188881,-57.501914,-27.864017,2.823845,8.190378,11.590684,9.866736,1.223408,7.259446,-1.451267,-8.611686,24.362055,-29.955029,0.552529,10.899345,0.431798,0.269518,3.241415,25.785110,-39.142151,65.699432,-1.495055,3.274734,-0.064835,-9.462203,-21.302820,39.838383,65.269402,-2.420937,8.253800,-13.492176
1051.000000,-2344.613770,-1241.502319,74.641624,-0.604934,0.245464,-57.900586,-28.055182,3.170970,7.735920,9.491776,7.922222,0.172309,5.388904,-1.055935,-8.999189,25.019728,-30.888416,-0.366386,11.233115,0.903105,0.325856,3.525319,25.708389,-38.744015,65.921555,-1.336636,3.280658,-0.160604,-9.436984,-21.544683,39.915432,65.674652,-2.421096,8.479320,-13.658168
1052.000000,-2345.893311,-1240.466064,74.762825,-1.266689,-0.006109,-57.521718,-28.337460,4.167074,7.345733,8.266294,5.596027,-1.012586,3.639935,0.074362,-9.543538,26.299915,-30.278528,-0.955968,10.927906,2.297684,0.761475,3.712275,25.329187,-38.362526,66.141846,-0.997347,3.356160,-0.272935,-9.312990,-22.154116,39.962585,65.827126,-2.434880,8.740634,-13.840174
1053.000000,-2347.080078,-1239.524902,74.954208,-1.613111,-0.104657,-56.707900,-29.048626,4.915535,7.705775,8.653323,4.162728,-2.302616,2.285068,0.830635,-10.618968,26.956993,-29.271467,-1.346985,10.256883,3.406520,0.995863,3.997047,25.068840,-38.230640,66.096306,-0.680265,3.536581,-0.524413,-8.775085,-22.816748,40.118607,65.846687,-2.527936,9.075101,-13.972907
1054.000000,-2348.097900,-1238.716431,75.235191,-1.490739,0.109819,-55.895651,-29.732840,4.990035,8.233186,10.346793,4.041337,-3.260212,1.006974,0.902554,-11.673649,27.076834,-28.220984,-1.560557,9.576758,3.910790,0.774199,4.528571,24.859882,-38.230923,65.862953,-0.399627,3.801977,-0.802528,-7.908531,-23.361792,40.365818,65.889107,-2.674946,9.437885,-14.039977
1055.000000,-2349.004883,-1237.981567,75.603607,-1.081075,0.363806,-55.117878,-30.048378,4.667897,8.396381,12.199012,4.151400,-3.567295,-0.006804,0.574314,-12.591485,26.592667,-27.041183,-1.644430,8.794517,4.092780,0.423780,5.220407,24.656927,-38.247410,65.514183,-0.257272,4.087809,-1.110449,-6.966085,-23.775045,40.457302,65.893929,-3.008227,9.698454,-14.041858
1056.000000,-2349.816406,-1237.298096,76.015114,-0.562212,0.528698,-54.557482,-29.894445,4.453116,8.661238,14.118288,4.134741,-3.615312,-0.695158,0.101014,-13.231728,25.666399,-25.690617,-1.719030,8.142010,4.159198,0.209093,5.783740,24.403715,-38.245808,65.211372,-0.157767,4.382954,-1.437560,-6.067167,-24.126850,40.472019,65.893982,-3.518277,9.801536,-13.976441
1057.000000,-2350.581055,-1236.612915,76.440765,-0.044713,0.589900,-54.108850,-29.460390,4.405949,8.752344,16.221590,3.760108,-3.587318,-1.100995,-0.336801,-13.669971,24.463402,-24.219143,-1.835022,7.609050,4.296322,0.206524,6.149463,24.103516,-38.242531,64.917374,-0.120427,4.651531,-1.702841,-5.317611,-24.472214,40.474300,65.895554,-3.824384,9.812115,-13.842864
1058.000000,-2351.288818,-1235.943726,76.831535,0.402892,0.530666,-53.535306,-28.943783,4.430251,8.718126,18.723764,3.005126,-3.362393,-1.227864,-0.726507,-14.202395,23.101343,-22.740473,-1.999149,7.004391,4.551107,0.385841,6.356340,23.799505,-38.240719,64.553322,-0.026805,4.875319,-1.849167,-4.615968,-24.827774,40.476013,65.917221,-3.997997,9.720006,-13.718583
1059.000000,-2351.939453,-1235.311890,77.161461,0.814774,0.407538,-53.021074,-28.293564,4.552195,8.712485,21.336573,1.971341,-3.087737,-1.296283,-1.097702,-14.680070,21.915926,-21.424726,-2.187174,6.561974,4.822989,0.638332,6.440440,23.545099,-38.240448,64.100136,0.093966,5.083112,-1.893664,-3.835247,-25.139860,40.479637,65.947990,-4.137569,9.606889,-13.630835
1060.000000,-2352.545654,-1234.723877,77.428764,1.203861,0.308683,-52.677831,-27.490143,4.741200,8.583455,23.676228,0.852286,-2.882372,-1.514561,-1.435459,-14.942394,21.074089,-20.325958,-2.379664,6.365069,5.050821,0.830172,6.502208,23.364914,-38.238491,63.604221,0.157810,5.279274,-1.901305,-3.000113,-25.283587,40.484390,66.012596,-4.245990,9.556175,-13.538950
1061.000000,-2353.098877,-1234.190308,77.637238,1.531895,0.222850,-52.474788,-26.795202,4.943398,8.474372,25.194447,-0.020781,-2.806163,-1.739436,-1.640057,-15.028628,20.620747,-19.625433,-2.511264,6.273904,5.201558,0.937986,6.551888,23.252039,-38.227684,63.256168,0.221747,5.471530,-1.905284,-2.389600,-25.261513,40.488163,66.107086,-4.375268,9.506506,-13.431979
1062.000000,-2353.601074,-1233.697144,77.798363,1.726792,0.172375,-52.200356,-25.880606,5.276893,8.223972,27.151802,-1.250190,-2.779451,-2.047160,-1.810130,-15.157514,20.078821,-18.771338,-2.668002,6.073818,5.442245,0.990072,6.628100,23.086853,-38.225262,62.770458,0.457112,5.846966,-1.919894,-1.603185,-25.118746,40.572529,66.311501,-4.555298,9.374316,-13.271719
1063.000000,-2354.061279,-1233.236450,77.920738,1.814863,0.157174,-51.829905,-24.980675,5.634912,7.874913,28.922567,-2.480653,-2.767551,-2.312723,-1.888672,-15.459115,19.544378,-17.989637,-2.824425,5.755227,5.730906,0.987522,6.645941,22.922672,-38.252007,62.125484,0.862533,6.292808,-1.949463,-0.808516,-24.922075,40.800438,66.545830,-4.577627,9.188668,-13.126018
1064.000000,-2354.487061,-1232.801025,78.011826,1.856738,0.144985,-51.463183,-23.974289,5.956202,7.407855,30.174873,-3.658966,-2.772721,-2.606727,-1.913702,-15.786972,19.110056,-17.312544,-2.988136,5.448075,6.000648,0.976398,6.639115,22.802687,-38.252586,61.258999,1.239248,6.638914,-1.976460,-0.001513,-24.686323,40.955688,66.713814,-4.586631,9.016390,-12.901357
1065.000000,-2354.877441,-1232.403564,78.078583,1.948336,0.120486,-51.181600,-22.803059,6.170413,6.930220,31.023239,-4.725861,-2.792391,-2.960838,-1.989103,-16.012144,18.933300,-16.811951,-3.137332,5.163074,6.138272,1.010204,6.600893,22.739920,-38.251106,60.339123,1.632174,6.818371,-1.998021,0.682378,-24.385950,41.094933,66.832695,-4.589938,8.915772,-12.589949
1066.000000,-2355.233398,-1232.063477,78.140007,2.126638,0.036266,-50.957880,-21.351625,6.297025,6.700573,31.467615,-5.646329,-2.820033,-3.307074,-2.192899,-16.166817,18.962572,-16.465956,-3.271663,4.866084,6.021057,1.097626,6.449579,22.737549,-38.251389,59.530838,1.984309,6.910753,-2.002548,1.262196,-23.994787,41.352345,66.846214,-4.580045,8.884786,-12.214023
1067.000000,-2355.563721,-1231.775635,78.207253,2.355433,0.003267,-50.799161,-19.721338,6.362982,6.652025,31.323984,-6.399878,-2.884830,-3.633882,-2.433656,-16.233154,18.989176,-16.175056,-3.371911,4.609986,5.670829,1.081401,6.199712,22.741789,-38.252785,59.011555,2.349303,6.950745,-2.002779,1.732741,-23.492579,41.661629,66.843407,-4.619424,8.874882,-11.775684
1068.000000,-2355.860596,-1231.530884,78.274590,2.539568,0.045158,-50.526709,-18.093004,6.277673,6.310204,30.578943,-6.950685,-3.083262,-3.923804,-2.635469,-16.344927,18.877682,-15.871530,-3.411242,4.238198,5.191788,0.933525,5.865538,22.716331,-38.252544,58.845608,2.812736,6.955761,-2.002038,2.109161,-22.919401,41.816452,66.809341,-4.672199,8.801533,-11.244659
1069.000000,-2356.126221,-1231.300171,78.335114,2.678288,0.079608,-50.212347,-16.563137,6.119178,5.796205,29.322502,-7.224841,-3.368553,-4.143538,-2.788445,-16.525677,18.687164,-15.561275,-3.427728,3.814848,4.682815,0.816380,5.395367,22.666767,-38.252174,58.861893,3.275823,6.982583,-1.998432,2.412737,-22.440941,41.884041,66.689308,-4.676618,8.620931,-10.712163
1070.000000,-2356.346924,-1231.072266,78.389290,2.746365,0.073351,-50.012159,-15.091148,6.076940,5.528964,27.825220,-7.309834,-3.675455,-4.270833,-2.845613,-16.607134,18.414589,-15.207977,-3.450672,3.580678,4.214470,0.787937,4.800027,22.544268,-38.252197,58.969513,3.628795,7.058224,-1.968846,2.665337,-22.117371,41.949665,66.526527,-4.665739,8.410801,-10.224896
1071.000000,-2356.501465,-1230.846924,78.437782,2.737571,0.033143,-49.935996,-13.704332,6.078269,5.409443,26.313339,-7.269457,-3.956742,-4.293061,-2.801192,-16.566147,18.032894,-14.794272,-3.473252,3.493859,3.849955,0.794721,4.192633,22.294338,-38.255409,59.145947,3.948460,7.183580,-1.901607,2.835702,-21.928490,41.986523,66.413597,-4.655694,8.234831,-9.788782
1072.000000,-2356.576172,-1230.624146,78.478363,2.617136,-0.080347,-49.977620,-12.343194,6.075237,5.251999,24.880840,-7.100726,-4.182971,-4.131122,-2.622098,-16.430679,17.488556,-14.305085,-3.498678,3.460668,3.670405,0.820246,3.655929,21.934031,-38.302189,59.344948,4.279552,7.336003,-1.854695,2.915962,-21.858818,41.998760,66.384438,-4.645998,8.117116,-9.420657
1073.000000,-2356.564453,-1230.422607,78.506920,2.379572,-0.228542,-50.006864,-11.012634,6.074950,5.039382,23.511429,-6.635143,-4.303994,-3.768737,-2.326013,-16.341436,16.745949,-13.761699,-3.492255,3.330739,3.699296,0.755277,3.226944,21.500694,-38.498428,59.561943,4.561446,7.516866,-1.823378,2.980039,-21.869942,42.000076,66.382210,-4.633887,8.087232,-9.145652
1074.000000,-2356.484131,-1230.235474,78.519951,2.054509,-0.392262,-49.944559,-10.056241,6.081750,4.871108,22.484838,-5.943843,-4.343544,-3.401608,-2.077177,-16.367870,16.130239,-13.358376,-3.467167,3.115874,3.810097,0.647764,2.954086,21.165182,-38.712856,59.714577,4.773245,7.676844,-1.812260,3.035682,-21.892395,41.999809,66.383446,-4.629026,8.083373,-8.993955
1075.000000,-2356.368164,-1230.060303,78.522575,1.744528,-0.572480,-49.855308,-8.823252,6.127342,4.768382,20.942612,-5.360705,-4.515244,-2.911854,-1.778221,-16.448761,15.405761,-12.896037,-3.403157,2.793123,3.962089,0.478094,2.579560,20.759558,-38.965569,59.884876,5.108320,7.873669,-1.807176,3.127061,-21.880541,41.998871,66.386650,-4.629845,8.081264,-8.826278
1076.000000,-2356.245117,-1229.881226,78.532990,1.547934,-0.834897,-49.847047,-7.668459,6.139994,4.798284,19.231497,-5.619343,-4.951922,-2.442552,-1.626463,-16.461796,14.895171,-12.549844,-3.306702,2.550887,3.963361,0.452524,2.075186,20.421429,-39.184052,60.108009,5.475169,7.989822,-1.789277,3.184708,-21.788872,41.998817,66.387466,-4.627693,8.078996,-8.660052
1077.000000,-2356.104004,-1229.706055,78.553398,1.416254,-1.095040,-49.920965,-6.624554,6.074448,4.855294,17.788345,-5.758280,-5.185981,-2.011021,-1.572639,-16.336210,14.501708,-12.255183,-3.187741,2.475262,3.852308,0.503746,1.498534,20.109924,-39.459255,60.433182,5.935765,8.056912,-1.741613,3.226295,-21.634726,42.002193,66.389122,-4.621834,8.079377,-8.478958
1078.000000,-2355.939209,-1229.535156,78.577492,1.298022,-1.325557,-49.959513,-5.784469,5.988489,4.984860,16.694887,-5.818758,-5.205842,-1.582263,-1.565923,-16.233501,14.090364,-11.958524,-3.042808,2.388096,3.716078,0.540879,0.965747,19.807257,-39.701160,60.790039,6.399511,8.122643,-1.692590,3.270527,-21.438648,42.005779,66.392883,-4.625443,8.080833,-8.285667
1079.000000,-2355.751709,-1229.366943,78.597725,1.176186,-1.535674,-49.967537,-5.118403,5.902100,5.172302,15.892301,-5.875706,-5.145236,-1.168170,-1.593752,-16.190491,13.707413,-11.690741,-2.876582,2.259857,3.590088,0.568482,0.528082,19.522757,-39.835648,61.101162,6.825595,8.200824,-1.658399,3.338306,-21.215845,42.007172,66.397675,-4.643895,8.081695,-8.106133
1080.000000,-2355.539062,-1229.200562,78.608063,1.055918,-1.740090,-50.002944,-4.495790,5.803782,5.351686,15.205299,-5.999147,-5.019112,-0.815214,-1.648957,-16.122030,13.460545,-11.499402,-2.692904,2.145223,3.479841,0.594517,0.200769,19.283400,-39.973400,61.352020,7.203117,8.272035,-1.613376,3.421510,-20.966309,42.005920,66.432274,-4.718121,8.084181,-7.918942
1081.000000,-2355.312988,-1229.029541,78.602348,0.954787,-1.875537,-50.270772,-3.866832,5.751005,5.835223,14.509551,-6.208844,-4.866016,-0.713941,-1.730295,-15.852019,13.545492,-11.447353,-2.512801,2.178767,3.361463,0.587083,0.001360,19.127127,-40.150002,61.516266,7.449398,8.364295,-1.556064,3.469208,-20.689356,42.007584,66.461548,-4.913053,8.134661,-7.721890
1082.000000,-2355.081543,-1228.841797,78.577057,0.817146,-1.896547,-50.616091,-3.364044,5.753508,6.432661,13.869519,-6.553669,-4.690336,-0.883028,-1.792075,-15.481004,13.869504,-11.481547,-2.334039,2.295836,3.295031,0.530574,-0.134794,19.023804,-40.327160,61.607895,7.593549,8.486191,-1.489931,3.432513,-20.440504,42.023708,66.459442,-5.231961,8.201711,-7.502151
1083.000000,-2354.851562,-1228.634155,78.533653,0.611951,-1.848690,-50.833088,-3.024961,5.771157,6.811618,13.302157,-7.037804,-4.514130,-1.167968,-1.822495,-15.225539,14.257108,-11.545070,-2.141383,2.312898,3.312646,0.487915,-0.275836,18.948351,-40.537529,61.643669,7.702322,8.629695,-1.386591,3.269923,-20.249136,42.039062,66.454552,-5.523340,8.265035,-7.259096
1084.000000,-2354.627686,-1228.413330,78.483185,0.402302,-1.773165,-50.991829,-2.788947,5.787983,7.107526,12.781788,-7.583410,-4.323860,-1.528909,-1.855968,-15.053839,14.711411,-11.638348,-1.936418,2.252890,3.360232,0.490249,-0.429544,18.883268,-40.757221,61.655205,7.851021,8.769773,-1.248478,2.973639,-20.102768,42.043892,66.462921,-5.682938,8.345083,-7.013815
1085.000000,-2354.426758,-1228.209717,78.495453,0.455726,-1.760953,-51.238644,-2.641969,5.533905,7.441905,12.556200,-7.572083,-4.083267,-1.786082,-2.150450,-14.741054,15.060369,-11.658055,-1.720486,2.230079,3.047873,0.635475,-0.540650,18.876797,-40.867264,61.673737,8.052180,8.915100,-1.062642,2.532650,-19.826159,42.047581,66.510857,-5.769420,8.459718,-6.782978
1086.000000,-2354.216064,-1228.039673,78.526558,0.495118,-1.727384,-51.521688,-2.508043,5.314761,7.796570,12.368881,-7.503180,-3.861793,-1.907856,-2.371489,-14.403234,15.093786,-11.523698,-1.515680,2.201507,2.737661,0.690358,-0.537930,18.877079,-40.994858,61.691647,8.254430,9.051930,-0.898716,2.104381,-19.546591,42.050964,66.548996,-5.970109,8.532222,-6.572334
1087.000000,-2354.000977,-1227.901001,78.554245,0.494921,-1.697440,-51.763578,-2.404473,5.187057,8.028584,12.246040,-7.493032,-3.700791,-1.924713,-2.486867,-14.189418,15.004649,-11.387412,-1.364300,2.154589,2.541216,0.688889,-0.502369,18.879025,-41.118774,61.701488,8.344587,9.153594,-0.802333,1.822735,-19.349018,42.053871,66.562149,-6.152184,8.569909,-6.449048
1088.000000,-2353.783691,-1227.790771,78.576263,0.471644,-1.698306,-51.919164,-2.259671,5.030712,8.255182,12.122692,-7.525696,-3.495442,-1.850447,-2.620130,-13.992682,14.812815,-11.212280,-1.158024,2.046165,2.298518,0.652497,-0.435213,18.882399,-41.297009,61.700134,8.406322,9.272556,-0.705934,1.515040,-19.098890,42.059349,66.561615,-6.321542,8.613355,-6.319740
1089.000000,-2353.562744,-1227.699219,78.593048,0.438349,-1.699276,-52.010019,-2.140347,4.887391,8.402437,12.075178,-7.610354,-3.303808,-1.711200,-2.740868,-13.878770,14.580640,-11.055429,-0.952010,1.921196,2.077020,0.575006,-0.365348,18.882595,-41.511803,61.693932,8.523202,9.343870,-0.626231,1.299149,-18.862680,42.070953,66.547249,-6.491973,8.659267,-6.233558
1090.000000,-2353.352051,-1227.616699,78.605469,0.403372,-1.714155,-52.059548,-2.049800,4.744135,8.492329,12.084732,-7.720325,-3.121427,-1.558268,-2.867598,-13.820323,14.371851,-10.928972,-0.752286,1.792694,1.875905,0.511054,-0.324368,18.880510,-41.733944,61.686420,8.616332,9.366752,-0.547449,1.135630,-18.650677,42.094524,66.508667,-6.599161,8.714788,-6.175007
1091.000000,-2353.143311,-1227.536743,78.616463,0.362108,-1.735454,-52.090393,-1.968361,4.611493,8.559695,12.126810,-7.844778,-2.947819,-1.387282,-2.985371,-13.784975,14.157147,-10.808141,-0.559796,1.682108,1.709926,0.485688,-0.314724,18.868250,-41.915920,61.679924,8.713759,9.373460,-0.481371,0.997775,-18.458546,42.117878,66.471535,-6.709800,8.774798,-6.125123
1092.000000,-2352.940186,-1227.463379,78.627953,0.320788,-1.755318,-52.106966,-1.886569,4.480617,8.606913,12.155120,-7.959991,-2.779526,-1.197229,-3.097471,-13.776433,13.908278,-10.677302,-0.371156,1.581252,1.580090,0.477381,-0.314269,18.832596,-42.025219,61.674625,8.846722,9.378158,-0.422245,0.887530,-18.280537,42.138203,66.442406,-6.892175,8.836137,-6.081834
1093.000000,-2352.742676,-1227.399292,78.639969,0.283637,-1.774903,-52.125644,-1.777106,4.349242,8.653941,12.135272,-8.051960,-2.620553,-0.993598,-3.204520,-13.771063,13.640536,-10.541318,-0.187457,1.500874,1.482299,0.476280,-0.313262,18.793528,-42.148994,61.668915,8.955468,9.380460,-0.371754,0.820864,-18.119644,42.157429,66.414169,-7.091390,8.872700,-6.046570
1094.000000,-2352.543213,-1227.339111,78.650757,0.251144,-1.786643,-52.152832,-1.666566,4.215433,8.710077,12.106574,-8.142699,-2.461771,-0.804684,-3.316073,-13.760478,13.388958,-10.416442,-0.004264,1.444192,1.408522,0.474523,-0.311333,18.753160,-42.272137,61.663506,9.048360,9.381437,-0.341756,0.788432,-17.968067,42.171398,66.396095,-7.284969,8.887276,-6.008081
1095.000000,-2352.349365,-1227.284180,78.659126,0.224828,-1.789366,-52.189442,-1.568021,4.086152,8.773693,12.083839,-8.234630,-2.311683,-0.649770,-3.429309,-13.742932,13.183120,-10.316100,0.169148,1.409511,1.359196,0.472584,-0.308649,18.717117,-42.385044,61.658649,9.120818,9.381925,-0.328949,0.780034,-17.833794,42.180843,66.387360,-7.462999,8.896606,-5.958540
1096.000000,-2352.166016,-1227.236328,78.665054,0.214939,-1.778903,-52.218885,-1.477207,3.945316,8.835021,12.042583,-8.311963,-2.167629,-0.539890,-3.561361,-13.730192,13.046280,-10.255820,0.335317,1.370349,1.308470,0.469511,-0.290718,18.692171,-42.447556,61.654900,9.161934,9.381057,-0.319417,0.777288,-17.705669,42.188095,66.380928,-7.646249,8.908098,-5.885982
1097.000000,-2351.994385,-1227.197144,78.669189,0.214666,-1.756035,-52.236108,-1.398630,3.800859,8.882540,11.984118,-8.372628,-2.033839,-0.467478,-3.701882,-13.731087,12.964086,-10.228520,0.490031,1.320699,1.241903,0.466338,-0.249525,18.685513,-42.458477,61.652500,9.184566,9.379831,-0.305395,0.775223,-17.577770,42.192326,66.375061,-7.833303,8.916788,-5.794145
1098.000000,-2351.833984,-1227.165649,78.671997,0.214275,-1.723433,-52.251870,-1.337655,3.667937,8.925904,11.935885,-8.435215,-1.909224,-0.415020,-3.833693,-13.735571,12.899589,-10.210681,0.635296,1.280191,1.171752,0.463571,-0.195740,18.684500,-42.464916,61.650726,9.206035,9.380099,-0.290437,0.772908,-17.457438,42.195892,66.369209,-8.008953,8.924139,-5.692828
1099.000000,-2351.685547,-1227.138672,78.673759,0.211499,-1.683585,-52.267507,-1.306810,3.576206,8.956417,11.913159,-8.486180,-1.820352,-0.385581,-3.925721,-13.739784,12.854221,-10.197992,0.738734,1.252062,1.125062,0.461099,-0.148961,18.682426,-42.472942,61.648090,9.221269,9.380223,-0.283785,0.756273,-17.409910,42.196438,66.366791,-8.118920,8.975016,-5.668453
1100.000000,-2351.542236,-1227.117798,78.675911,0.197851,-1.647222,-52.260292,-1.279487,3.467635,8.977888,11.907836,-8.564377,-1.706879,-0.321048,-4.031497,-13.766401,12.750412,-10.164072,0.872734,1.218100,1.075913,0.458434,-0.087010,18.673063,-42.486675,61.644928,9.239296,9.382447,-0.277440,0.738104,-17.396172,42.197193,66.363228,-8.242014,9.025818,-5.648074
1101.000000,-2351.404785,-1227.104614,78.677917,0.176635,-1.613146,-52.232071,-1.264894,3.374355,8.966280,11.933022,-8.655239,-1.600821,-0.214615,-4.116659,-13.826836,12.588752,-10.110832,1.000913,1.203991,1.037040,0.451125,-0.037720,18.648523,-42.492649,61.643253,9.253471,9.392947,-0.267356,0.746725,-17.393797,42.199032,66.358391,-8.310550,9.073339,-5.641682
1102.000000,-2351.274170,-1227.098389,78.679153,0.153930,-1.576995,-52.191461,-1.260505,3.291198,8.936898,11.968811,-8.749103,-1.507349,-0.105720,-4.192004,-13.905144,12.427417,-10.062149,1.117837,1.202514,1.000212,0.429975,-0.023050,18.640829,-42.495834,61.640816,9.265930,9.422230,-0.247593,0.775628,-17.389660,42.201416,66.344604,-8.345488,9.126276,-5.639165
1103.000000,-2351.150146,-1227.098511,78.678841,0.135126,-1.546349,-52.135512,-1.257217,3.211476,8.895470,12.013263,-8.843134,-1.423757,-0.001231,-4.269147,-14.000277,12.297897,-10.035021,1.224777,1.187274,0.958281,0.406886,-0.021541,18.637392,-42.498604,61.638214,9.280226,9.484256,-0.242228,0.819057,-17.374418,42.204330,66.292603,-8.394320,9.187373,-5.638938
1104.000000,-2351.030273,-1227.103516,78.677010,0.119580,-1.510751,-52.082624,-1.259477,3.134568,8.854281,12.062971,-8.939860,-1.346578,0.080848,-4.349202,-14.097304,12.209741,-10.029833,1.323010,1.170769,0.911802,0.372890,-0.022022,18.628620,-42.498375,61.632973,9.298382,9.573028,-0.238921,0.847404,-17.340620,42.204426,66.255783,-8.505672,9.276315,-5.658552
1105.000000,-2350.922607,-1227.112793,78.674332,0.108408,-1.472740,-52.041500,-1.262304,3.081985,8.828598,12.096383,-9.009327,-1.295219,0.124733,-4.405647,-14.159825,12.167203,-10.036284,1.388822,1.166435,0.873580,0.344222,-0.023119,18.622557,-42.495766,61.623562,9.308413,9.644808,-0.237143,0.853729,-17.304920,42.203609,66.249977,-8.593872,9.354500,-5.671460
1106.000000,-2350.821533,-1227.126709,78.671005,0.100262,-1.434556,-52.004142,-1.265177,3.016358,8.796116,12.138119,-9.098340,-1.234047,0.171070,-4.477763,-14.236032,12.132050,-10.056685,1.469943,1.163010,0.813608,0.312983,-0.025951,18.615335,-42.491013,61.604137,9.312091,9.729305,-0.236852,0.855555,-17.254814,42.202427,66.247070,-8.647501,9.461155,-5.679901
1107.000000,-2350.727539,-1227.145630,78.667412,0.093189,-1.397662,-51.971569,-1.265942,2.959504,8.767194,12.178171,-9.184105,-1.181505,0.213976,-4.541279,-14.306213,12.102235,-10.081665,1.544048,1.159748,0.751334,0.284693,-0.031799,18.613674,-42.485081,61.591419,9.313269,9.809411,-0.235617,0.856331,-17.207039,42.201275,66.245209,-8.676532,9.556538,-5.686450
1108.000000,-2350.639160,-1227.169922,78.663673,0.078352,-1.374195,-51.937676,-1.263257,2.917466,8.736884,12.235582,-9.279108,-1.136826,0.280172,-4.588903,-14.381200,12.047027,-10.098454,1.614222,1.155560,0.694794,0.265723,-0.036789,18.611500,-42.476601,61.574451,9.322085,9.884327,-0.233704,0.858627,-17.157017,42.200054,66.243523,-8.736253,9.640746,-5.697311
1109.000000,-2350.556641,-1227.197998,78.659683,0.056828,-1.363503,-51.908499,-1.256109,2.895955,8.707174,12.323336,-9.391686,-1.100171,0.380341,-4.615054,-14.461493,11.956569,-10.101033,1.679575,1.154682,0.654685,0.255193,-0.038502,18.606413,-42.464409,61.553196,9.361184,9.959686,-0.228098,0.862258,-17.095734,42.198326,66.243454,-8.875079,9.744696,-5.737391
1110.000000,-2350.478760,-1227.228882,78.655357,0.034658,-1.357917,-51.884488,-1.243316,2.882684,8.681408,12.417194,-9.507941,-1.070429,0.485866,-4.633482,-14.538548,11.867284,-10.103642,1.736674,1.154286,0.624533,0.247719,-0.039158,18.595825,-42.448402,61.541225,9.439240,10.014708,-0.221063,0.865344,-17.036551,42.195786,66.244469,-9.029632,9.851495,-5.794972
1111.000000,-2350.406738,-1227.260864,78.650269,0.013237,-1.354490,-51.865917,-1.232045,2.874965,8.658566,12.518449,-9.626036,-1.044925,0.583464,-4.647910,-14.609011,11.794183,-10.112697,1.786100,1.154245,0.599883,0.244678,-0.039016,18.579874,-42.409328,61.535389,9.502588,10.064443,-0.213594,0.867903,-16.981770,42.192184,66.245438,-9.177165,9.948599,-5.857828
1112.000000,-2350.342041,-1227.294434,78.644211,-0.006713,-1.352907,-51.850208,-1.228219,2.873288,8.636126,12.635538,-9.748749,-1.022251,0.668578,-4.658616,-14.671449,11.745092,-10.133272,1.828518,1.155661,0.573382,0.245343,-0.037314,18.557285,-42.326572,61.533661,9.526367,10.123217,-0.206367,0.869416,-16.923307,42.187046,66.245636,-9.315199,10.050185,-5.933426
1113.000000,-2350.281738,-1227.329224,78.638634,-0.024507,-1.354190,-51.841468,-1.215567,2.873221,8.617096,12.739312,-9.863463,-1.004722,0.752061,-4.666236,-14.725438,11.700649,-10.156672,1.869818,1.159685,0.544810,0.247489,-0.026608,18.514645,-42.202133,61.533962,9.579718,10.180623,-0.189131,0.871251,-16.858763,42.164215,66.245766,-9.474364,10.159645,-6.006773
1114.000000,-2350.222656,-1227.364136,78.634224,-0.042011,-1.356486,-51.842641,-1.187558,2.874439,8.608037,12.816627,-9.964346,-0.992188,0.841881,-4.666678,-14.762700,11.636293,-10.167292,1.912452,1.166067,0.525926,0.248662,0.007446,18.423233,-41.971100,61.537357,9.719396,10.276811,-0.131530,0.874374,-16.783529,42.089645,66.245636,-9.699531,10.291848,-6.062170
1115.000000,-2350.165039,-1227.398560,78.631569,-0.058925,-1.355924,-51.850772,-1.150926,2.874597,8.605632,12.856469,-10.039846,-0.982074,0.928411,-4.662038,-14.788815,11.554205,-10.163356,1.947703,1.170732,0.520176,0.248794,0.044854,18.320757,-41.759571,61.549030,9.829210,10.378584,-0.038474,0.881838,-16.715956,41.987934,66.243851,-9.929186,10.409878,-6.101587
1116.000000,-2350.111572,-1227.430786,78.630272,-0.073298,-1.343598,-51.861884,-1.110916,2.872535,8.607259,12.877585,-10.112546,-0.970953,1.019956,-4.654733,-14.815134,11.442854,-10.148055,1.984259,1.175183,0.519666,0.247550,0.087859,18.200737,-41.536869,61.570137,9.901780,10.483314,0.079690,0.894752,-16.641693,41.851440,66.239670,-10.200319,10.533236,-6.144992
1117.000000,-2350.066650,-1227.463379,78.630135,-0.075061,-1.326187,-51.879095,-1.053071,2.857649,8.611911,12.825824,-10.139258,-0.964094,1.064222,-4.660199,-14.826684,11.395323,-10.151534,2.002147,1.182000,0.505340,0.248643,0.088514,18.080984,-41.356457,61.719620,9.927904,10.526760,0.190083,0.900027,-16.565996,41.711231,66.241455,-10.441077,10.642021,-6.180748
1118.000000,-2350.034424,-1227.497192,78.630135,-0.070690,-1.297404,-51.888457,-1.005901,2.840647,8.609654,12.752581,-10.144930,-0.962607,1.069834,-4.671107,-14.840222,11.394666,-10.173262,2.009295,1.185443,0.471661,0.249851,0.027005,17.932920,-41.207108,62.076916,9.938289,10.532361,0.260960,0.896787,-16.479794,41.556324,66.251244,-10.635382,10.743736,-6.214998
1119.000000,-2350.012695,-1227.530518,78.630096,-0.065085,-1.255589,-51.888683,-0.992995,2.831831,8.602881,12.708409,-10.146284,-0.963737,1.059118,-4.677217,-14.857633,11.397114,-10.190266,2.012807,1.188232,0.437512,0.251930,-0.032836,17.787567,-41.090179,62.387886,9.938420,10.542025,0.334339,0.890095,-16.416458,41.446697,66.267311,-10.738586,10.798834,-6.239316
1120.000000,-2349.999023,-1227.566528,78.630836,-0.054300,-1.220793,-51.892763,-0.968315,2.822184,8.595943,12.635690,-10.137130,-0.968087,1.045860,-4.682439,-14.878201,11.399363,-10.211154,2.016487,1.193683,0.390075,0.259594,-0.100875,17.640181,-41.007645,62.721172,9.942680,10.581656,0.430649,0.869991,-16.335630,41.336472,66.319069,-10.845926,10.835143,-6.269131
1121.000000,-2349.987305,-1227.606567,78.632393,-0.039355,-1.192396,-51.903924,-0.904619,2.805806,8.592257,12.506831,-10.109391,-0.977314,1.042866,-4.689466,-14.895991,11.398049,-10.236636,2.021395,1.206882,0.335562,0.267070,-0.144406,17.512810,-40.959064,63.000690,9.950971,10.617219,0.595409,0.831417,-16.232542,41.240074,66.438393,-10.958908,10.846823,-6.296492
1122.000000,-2349.974854,-1227.647827,78.637466,-0.014733,-1.165707,-52.036844,-0.759677,2.798598,8.694776,12.271232,-10.043577,-0.999495,1.014077,-4.681192,-14.793685,11.403197,-10.244695,2.022454,1.325560,0.303546,0.268274,-0.150327,17.428398,-40.940170,63.168407,9.947618,10.624653,0.730988,0.781019,-16.139797,41.154755,66.626656,-11.022326,10.851200,-6.303779
1123.000000,-2349.968262,-1227.687012,78.642838,0.004887,-1.126368,-52.119065,-0.648395,2.790950,8.765846,12.049398,-9.969228,-1.022997,0.982392,-4.667727,-14.716418,11.382979,-10.239757,2.019541,1.417161,0.298553,0.269912,-0.147807,17.366581,-40.923832,63.269329,9.930972,10.630467,0.850861,0.727347,-16.060320,41.108810,66.803413,-11.061373,10.855948,-6.308851
1124.000000,-2349.968506,-1227.725098,78.647949,0.027419,-1.072364,-52.157732,-0.581036,2.772609,8.781901,11.848938,-9.886355,-1.044181,0.941675,-4.664344,-14.691516,11.369755,-10.242462,2.012789,1.470889,0.301474,0.273026,-0.135860,17.336161,-40.920242,63.299213,9.884492,10.652292,0.914071,0.687549,-16.018929,41.101059,66.896690,-11.084563,10.881069,-6.315784
1125.000000,-2349.975830,-1227.757202,78.652924,0.043464,-0.998391,-52.188157,-0.564450,2.764894,8.790070,11.696063,-9.816076,-1.063655,0.873910,-4.657124,-14.682735,11.365520,-10.238317,2.003274,1.516873,0.330538,0.277739,-0.127016,17.314838,-40.919094,63.305229,9.799081,10.690063,0.930575,0.635398,-16.008736,41.093105,66.934494,-11.100802,10.939429,-6.322227
1126.000000,-2349.989014,-1227.777832,78.657036,0.047767,-0.879599,-52.208183,-0.624931,2.769901,8.789357,11.612593,-9.767316,-1.078339,0.764888,-4.643242,-14.684863,11.362894,-10.223087,1.990423,1.555893,0.393228,0.267468,-0.119741,17.294458,-40.919575,63.308506,9.631070,10.723116,0.934686,0.565863,-16.006863,41.087299,66.943657,-11.114947,10.980960,-6.338252
1127.000000,-2350.018799,-1227.777832,78.659149,0.033341,-0.699713,-52.145099,-0.876146,2.791234,8.721612,11.670568,-9.738674,-1.092082,0.548717,-4.623708,-14.747119,11.383903,-10.192883,1.960486,1.553690,0.528851,0.248832,-0.132117,17.264353,-40.922157,63.311226,9.379314,10.747265,0.929603,0.418726,-16.010489,41.082687,66.941666,-11.130469,11.007663,-6.382204
1128.000000,-2350.074707,-1227.745117,78.659859,0.011837,-0.525628,-52.066657,-1.249862,2.826910,8.594903,11.868958,-9.720618,-1.109503,0.256819,-4.610825,-14.858992,11.507174,-10.171110,1.908271,1.545184,0.724411,0.329804,-0.240756,17.225838,-40.965935,63.313126,9.293898,10.773907,0.895406,0.138464,-16.035358,41.080105,66.937073,-11.140221,11.038019,-6.425224
1129.000000,-2350.151367,-1227.683716,78.661819,-0.016257,-0.353731,-52.059062,-1.645245,2.885652,8.539715,12.082756,-9.691241,-1.128534,-0.135757,-4.592221,-14.901785,11.742223,-10.145678,1.843073,1.563316,0.998366,0.486952,-0.392947,17.189140,-41.100307,63.310734,9.283278,10.791497,0.796890,-0.343741,-16.096743,41.077911,66.936043,-11.152645,11.076026,-6.452435
1130.000000,-2350.230225,-1227.613647,78.664818,-0.067944,-0.170588,-51.961008,-2.073389,2.952629,8.433712,12.349535,-9.678020,-1.144787,-0.519536,-4.568622,-14.997430,11.990163,-10.102555,1.773101,1.570537,1.326791,0.603607,-0.525149,17.135096,-41.196732,63.305832,9.285882,10.796124,0.653063,-0.783648,-16.255110,41.158340,67.004913,-11.368989,11.173587,-6.488968
1131.000000,-2350.323975,-1227.533691,78.671417,-0.140768,0.038942,-51.880195,-2.665253,3.067130,8.278106,12.719119,-9.666423,-1.161780,-1.055601,-4.515101,-15.134510,12.344189,-10.005195,1.673520,1.643477,1.807289,0.685312,-0.662051,17.059805,-41.231590,63.293350,9.295562,10.789509,0.488280,-1.244967,-16.528530,41.159664,67.112183,-11.455815,11.245941,-6.728036
1132.000000,-2350.438965,-1227.448730,78.678879,-0.211586,0.289825,-51.825829,-3.251495,3.187803,8.166451,13.025968,-9.628319,-1.178916,-1.625900,-4.454623,-15.270327,12.676575,-9.890961,1.565162,1.739172,2.276168,0.679365,-0.730410,17.043222,-41.339256,63.289806,9.305820,10.776258,0.349666,-1.720725,-16.737875,41.146793,67.219040,-11.450995,11.261460,-7.140874
1133.000000,-2350.577637,-1227.348877,78.684875,-0.312982,0.583083,-51.663917,-3.995507,3.329939,7.931407,13.460822,-9.606233,-1.204937,-2.234657,-4.378196,-15.555779,12.992549,-9.742036,1.421803,1.736297,2.816507,0.621653,-0.785322,17.039085,-41.502903,63.290859,9.308187,10.766850,0.199937,-2.252374,-16.950920,41.132881,67.256729,-11.452364,11.271588,-7.551764
1134.000000,-2350.744141,-1227.229126,78.691246,-0.445569,0.840617,-51.430501,-4.782105,3.498371,7.601110,13.969965,-9.587797,-1.244607,-2.774159,-4.271039,-15.973510,13.227622,-9.534515,1.258302,1.702694,3.444506,0.615335,-0.866740,17.036057,-41.575783,63.290134,9.301273,10.715366,0.003143,-2.832933,-17.170410,41.048855,67.252258,-11.517051,11.274430,-7.922481
1135.000000,-2350.937988,-1227.102783,78.693413,-0.590591,1.155759,-51.215256,-5.401044,3.635753,7.369474,14.361186,-9.580625,-1.278779,-3.175652,-4.162164,-16.222813,13.325660,-9.367578,1.133851,1.714826,3.899020,0.557350,-0.912673,17.052336,-41.581253,63.271748,9.272511,10.643706,-0.138761,-3.225058,-17.307127,40.960030,67.244865,-11.585114,11.262329,-8.162796
1136.000000,-2351.184082,-1226.966431,78.688026,-0.722155,1.471351,-50.989250,-6.415492,3.864740,7.012803,14.994523,-9.546381,-1.357311,-3.795344,-3.943973,-16.494743,13.373858,-9.112008,0.899984,1.769859,4.582226,0.512327,-0.980669,17.166447,-41.595551,63.147724,9.195625,10.488028,-0.343185,-3.877746,-17.491762,40.818432,67.237602,-11.697307,11.189638,-8.529261
1137.000000,-2351.473145,-1226.831299,78.674683,-0.838891,1.785644,-50.699059,-7.431208,4.069081,6.591947,15.607927,-9.460629,-1.469211,-4.378754,-3.723041,-16.731045,13.400497,-8.921080,0.625116,1.763216,5.163576,0.522047,-1.098479,17.338329,-41.621136,63.014538,9.104461,10.333269,-0.545583,-4.496928,-17.628948,40.642178,67.232895,-11.798832,11.031974,-8.876820
1138.000000,-2351.819824,-1226.692383,78.657898,-0.922448,2.102867,-50.387345,-8.468435,4.260178,6.145171,16.160969,-9.285678,-1.613503,-4.986110,-3.509963,-17.028481,13.421063,-8.752012,0.313652,1.759870,5.683897,0.547925,-1.303352,17.549940,-41.626972,62.958439,8.843410,10.159442,-0.799858,-5.066685,-17.736788,40.208065,67.229591,-11.821712,10.794929,-9.251710
1139.000000,-2352.202393,-1226.547241,78.640785,-0.992451,2.353086,-50.045010,-9.410694,4.428568,5.691759,16.597383,-9.024383,-1.773023,-5.478392,-3.299351,-17.408293,13.310023,-8.556590,0.006318,1.750143,6.194772,0.619501,-1.584427,17.748192,-41.708698,62.950291,8.569531,10.063652,-1.112617,-5.591562,-17.893105,39.796520,67.227173,-11.829644,10.524225,-9.659038
1140.000000,-2352.604248,-1226.392822,78.608459,-1.049160,2.668034,-49.682704,-10.400858,4.567389,5.250771,17.101774,-8.802027,-1.904898,-5.936938,-3.097150,-17.737680,13.095135,-8.393021,-0.249663,1.791999,6.691867,0.572405,-1.874339,17.868633,-41.762089,62.937630,8.393452,10.031061,-1.417770,-5.948985,-18.126787,39.427086,67.192253,-11.816088,10.286257,-10.014303
1141.000000,-2353.044189,-1226.222290,78.555069,-1.018171,2.943595,-49.343771,-11.323167,4.645525,4.884943,17.585331,-8.581076,-2.026892,-6.346841,-2.951982,-18.005709,12.861958,-8.343496,-0.490352,1.917953,7.110907,0.543041,-2.167876,17.970278,-41.754257,62.887886,8.276187,10.005749,-1.656533,-6.235726,-18.383265,39.013088,67.134949,-11.781879,10.089168,-10.314543
1142.000000,-2353.532715,-1226.026978,78.509773,-1.056470,3.144032,-48.930777,-12.436892,4.723819,4.363696,18.166702,-8.246705,-2.238192,-6.827924,-2.797689,-18.476871,12.630917,-8.289968,-0.838911,1.986374,7.612495,0.568536,-2.529586,18.087454,-41.748344,62.729267,8.355597,10.001615,-1.880572,-6.567049,-18.700220,38.536201,67.065933,-11.713437,9.814230,-10.754816
1143.000000,-2354.058350,-1225.832031,78.503647,-1.095226,3.315061,-48.461696,-13.489631,4.858569,3.692260,18.689713,-7.689340,-2.485486,-7.296731,-2.578309,-19.003740,12.496744,-7.954720,-1.195535,2.091142,8.166733,0.648920,-2.911043,18.176550,-41.736633,62.482410,8.599832,10.000402,-2.076478,-6.773956,-19.016451,38.242641,67.132782,-11.695014,9.412995,-11.293070
1144.000000,-2354.625732,-1225.652466,78.525574,-0.953406,3.537821,-48.083082,-14.536771,4.836172,3.203302,19.008955,-6.711561,-2.701437,-7.905335,-2.539993,-19.445961,12.444392,-7.603685,-1.560888,2.238342,8.439716,0.608548,-3.174034,18.346052,-41.662617,62.171856,8.875083,9.995262,-2.234106,-6.842921,-19.181168,37.897282,67.398682,-11.687168,8.927814,-11.833425
1145.000000,-2355.187012,-1225.458130,78.530602,-0.757557,3.721233,-47.881090,-15.739430,4.859621,3.371261,20.535795,-6.137822,-2.628864,-8.604630,-2.621624,-19.722950,12.623838,-7.383125,-1.884508,2.364714,8.525336,0.543408,-3.318541,18.454477,-41.466839,62.042675,9.157934,9.993560,-2.336868,-6.828916,-19.245201,37.503334,67.660049,-11.676667,8.561279,-12.290006
1146.000000,-2355.708740,-1225.252808,78.514984,-0.657200,3.704840,-47.872214,-16.963236,5.180523,4.253929,23.808846,-7.319574,-2.308386,-9.250228,-2.634524,-19.914654,12.915913,-7.153844,-2.269099,2.455279,8.689994,0.593714,-3.355775,18.501694,-41.282253,61.952591,9.357245,10.067085,-2.438623,-6.733163,-19.374796,37.219719,67.853500,-11.663223,8.282673,-12.739019
1147.000000,-2356.141602,-1225.056641,78.468422,-0.733548,3.586081,-48.024998,-17.581974,5.833168,5.419919,28.622593,-9.051911,-2.211530,-9.628460,-2.425602,-20.017614,13.128628,-6.927825,-2.624929,2.477855,9.023079,0.594561,-3.213793,18.534208,-41.269112,61.722538,9.357762,10.214043,-2.567950,-6.433564,-19.677305,37.203236,67.807129,-11.564392,8.077735,-13.065764
1148.000000,-2356.515625,-1224.867188,78.401955,-0.932442,3.462435,-48.066384,-17.569336,6.611157,6.407331,33.419338,-10.350074,-2.154104,-9.914907,-2.136429,-20.270634,13.269461,-6.708613,-2.974916,2.231220,9.438277,0.445028,-2.926426,18.633818,-41.265015,61.347404,9.240260,10.311475,-2.714469,-5.991569,-20.069981,37.199203,67.771645,-11.429391,7.848452,-13.350250
1149.000000,-2356.855469,-1224.675415,78.324997,-1.051958,3.398630,-48.164403,-16.833742,7.268434,7.246110,37.595089,-12.016733,-2.316293,-10.426063,-1.978292,-20.428785,13.782087,-6.677304,-3.292446,1.871292,9.690869,0.222592,-2.553800,18.857870,-41.118229,60.857407,9.096683,10.335057,-2.814487,-5.528136,-20.445557,36.977100,67.765564,-11.370049,7.713687,-13.591361
1150.000000,-2357.216797,-1224.451904,78.245522,-1.150302,3.343129,-48.231113,-16.088743,7.630608,7.603887,39.990696,-12.729156,-2.316570,-10.826766,-1.925370,-20.534695,14.193855,-6.668281,-3.493593,1.556014,9.742907,0.150587,-2.359085,19.077408,-40.894634,60.490292,9.050771,10.358161,-2.833960,-5.251765,-20.658745,36.745937,67.756134,-11.335822,7.695007,-13.782937
1151.000000,-2357.596924,-1224.193604,78.155098,-1.252611,3.324477,-48.362494,-14.502514,8.105947,7.817530,43.179840,-13.452085,-2.304709,-11.541380,-1.791918,-20.623003,14.859207,-6.618766,-3.804473,1.178808,9.715143,0.132282,-2.205785,19.529312,-40.501652,59.853825,9.029066,10.395917,-2.840568,-4.868127,-20.948774,36.569313,67.747047,-11.277092,7.732592,-14.097965
1152.000000,-2358.000977,-1223.888062,78.066444,-1.328978,3.414002,-48.387880,-12.759326,8.373220,7.835565,45.210056,-14.338749,-2.355758,-12.360836,-1.739769,-20.751732,15.454812,-6.511922,-4.073029,0.747614,9.516901,0.174372,-2.245629,19.993502,-40.236847,59.378418,9.028593,10.414561,-2.826937,-4.610793,-21.089050,36.553802,67.743401,-11.257601,7.867667,-14.291073
1153.000000,-2358.411865,-1223.532471,77.983299,-1.456962,3.510772,-48.361529,-10.929655,8.541733,7.681005,46.429043,-15.372038,-2.560213,-13.101158,-1.637456,-20.918980,15.754039,-6.224426,-4.303392,0.260251,9.292270,0.315459,-2.372458,20.425755,-40.031750,59.003262,9.026290,10.421350,-2.816270,-4.412582,-21.129490,36.549168,67.738350,-11.273485,7.992164,-14.351270
1154.000000,-2358.816406,-1223.133179,77.894577,-1.662534,3.624980,-48.410700,-8.923939,8.674765,7.375459,46.808277,-16.452578,-2.819125,-13.809830,-1.393793,-21.023916,15.799582,-5.748237,-4.524272,-0.129745,9.098784,0.469005,-2.501756,20.881874,-39.933994,58.620449,9.018387,10.422664,-2.818218,-4.158637,-21.131702,36.548264,67.687767,-11.371181,8.067557,-14.354365
1155.000000,-2359.200439,-1222.696411,77.797508,-1.957953,3.657681,-48.545556,-6.899317,8.797363,7.010230,46.134300,-17.358456,-3.071684,-14.298983,-1.043040,-21.051579,15.634464,-5.200593,-4.693444,-0.375062,8.994286,0.640608,-2.594334,21.231770,-39.899174,58.395123,9.018575,10.419200,-2.822546,-3.871907,-21.127035,36.550671,67.596672,-11.518085,8.090792,-14.313055
1156.000000,-2359.560791,-1222.218384,77.681732,-2.362276,3.658510,-48.695511,-4.905338,8.962837,6.605595,44.862873,-18.239647,-3.350393,-14.676493,-0.638490,-21.074863,15.381665,-4.628927,-4.829195,-0.554940,8.969734,0.777334,-2.646548,21.496155,-39.877453,58.237339,9.072768,10.417589,-2.856723,-3.537290,-21.137665,36.553791,67.453682,-11.606449,8.095828,-14.212894
1157.000000,-2359.908936,-1221.687256,77.544624,-2.849569,3.728733,-48.660492,-2.745746,9.195705,5.831107,42.807648,-19.298134,-3.667811,-15.152888,-0.144182,-21.272430,15.030503,-3.915952,-4.966486,-0.830089,9.048748,0.790149,-2.656257,21.780941,-39.874420,57.948837,9.232130,10.418960,-2.975286,-3.099806,-21.160057,36.583309,67.255676,-11.614684,8.078377,-14.018458
1158.000000,-2360.258545,-1221.105225,77.397476,-3.314691,3.815744,-48.449613,-0.807020,9.439294,4.921868,40.311344,-20.267485,-3.967184,-15.685390,0.214716,-21.681602,14.745235,-3.225248,-5.090930,-1.180273,9.112807,0.732418,-2.686080,22.057346,-39.864288,57.554909,9.427873,10.420054,-3.105381,-2.736325,-21.098642,36.640415,67.295273,-11.604673,8.062540,-13.800338
1159.000000,-2360.620850,-1220.455566,77.240250,-3.711343,3.849174,-48.165611,1.094066,9.753716,4.262765,37.232796,-21.149982,-4.303566,-16.320625,0.376159,-22.177319,14.729296,-2.620728,-5.221632,-1.598046,9.083215,0.761320,-2.764071,22.329941,-39.848419,57.111759,9.659105,10.420989,-3.156213,-2.479219,-20.961481,36.673840,67.438072,-11.456721,8.055731,-13.589688
1160.000000,-2360.989258,-1219.718140,77.077789,-3.997500,3.836594,-48.052489,2.768014,9.844441,3.738397,34.175739,-21.741699,-4.574921,-17.013769,0.378416,-22.460922,14.901170,-2.073868,-5.322695,-1.773373,8.931872,0.846664,-2.856014,22.531780,-39.767208,56.635868,9.889697,10.419815,-3.146909,-2.244718,-20.871586,36.720371,67.483696,-11.050627,8.025489,-13.428985
1161.000000,-2361.345947,-1218.921509,76.918114,-4.186971,3.798991,-48.140685,4.689676,9.674992,3.223613,30.510023,-22.074928,-4.766308,-17.945877,0.309841,-22.489553,15.153856,-1.322033,-5.383585,-1.713700,8.613220,0.954588,-2.895314,22.645842,-39.494804,56.168400,10.286708,10.401096,-3.048275,-2.002059,-20.725203,36.732662,67.593719,-10.557061,7.940487,-13.293409
1162.000000,-2361.706787,-1218.068604,76.753899,-4.275193,3.989772,-48.109117,5.813095,9.427950,3.026484,27.281097,-21.095057,-4.789295,-19.121815,0.018178,-22.533775,15.476463,-0.591312,-5.397220,-1.743063,8.182166,0.791057,-2.904216,22.675936,-39.367355,55.953026,10.795566,10.387128,-2.895849,-1.790996,-20.530720,36.736752,67.650169,-10.351233,7.884409,-13.177808
1163.000000,-2362.088379,-1217.126709,76.577843,-4.407348,4.099227,-47.997469,6.488873,9.176539,2.814475,24.504648,-19.493401,-4.794545,-20.192039,-0.293958,-22.684736,15.585389,0.315172,-5.398484,-1.809883,7.777707,0.774535,-3.052044,22.664446,-39.323364,55.800652,11.409750,10.383778,-2.828807,-1.684121,-20.358150,36.741455,67.653816,-10.304151,7.823108,-13.066932
1164.000000,-2362.501221,-1216.136597,76.427437,-4.356344,4.158037,-47.917698,6.781269,8.857139,2.785319,22.864937,-20.870033,-4.666134,-20.943377,-0.622158,-22.707607,15.559809,1.099967,-5.387525,-1.778916,7.304417,0.817468,-3.189354,22.661472,-39.216469,55.717796,11.994280,10.381132,-2.816535,-1.662937,-20.141947,36.742340,67.703262,-10.299472,7.794588,-12.993145
1165.000000,-2362.927246,-1215.135864,76.329514,-4.092182,4.240292,-47.732504,6.796854,8.246105,2.711849,21.290045,-22.554693,-4.350636,-21.770500,-1.208603,-22.675468,15.296691,2.190437,-5.337386,-1.799289,6.488525,0.800257,-3.294387,22.661404,-39.060562,55.688908,12.824793,10.386650,-2.800733,-1.662986,-19.745438,36.694439,67.846817,-10.304279,7.770440,-12.918847
1166.000000,-2363.356689,-1214.117188,76.283684,-3.639774,4.330450,-47.481054,6.304030,7.269585,2.553667,20.123075,-23.834780,-3.846937,-22.554399,-2.077829,-22.572590,14.492717,3.765901,-5.216985,-1.874283,5.298752,0.690808,-3.367468,22.655518,-38.964230,55.674694,13.641575,10.443295,-2.761300,-1.649005,-19.195686,36.523205,68.086868,-10.311843,7.747967,-12.810094
1167.000000,-2363.791992,-1213.062744,76.284584,-2.968732,4.381167,-47.235434,5.400862,6.081106,2.452179,19.865259,-24.295534,-3.242780,-23.021008,-3.019237,-22.307556,13.223460,5.512089,-5.029526,-1.920189,4.008586,0.577248,-3.398461,22.649233,-38.954826,55.639191,13.953772,10.548720,-2.704055,-1.653014,-18.729582,36.423748,68.262222,-10.309268,7.743676,-12.681204
1168.000000,-2364.219971,-1211.963135,76.309181,-2.217005,4.394654,-46.926235,4.130618,4.760476,2.421946,20.330540,-24.400314,-2.533864,-23.180502,-3.992674,-21.990154,11.344602,7.584847,-4.742590,-2.008945,2.716567,0.497604,-3.513647,22.593824,-39.027687,55.638184,13.978261,10.722271,-2.693895,-1.681322,-18.395285,36.416306,68.356110,-10.297059,7.738430,-12.528775
1169.000000,-2364.608887,-1210.874512,76.307518,-1.579172,4.335031,-46.691184,2.809349,3.533683,2.574539,21.117981,-24.520798,-1.869412,-23.212017,-4.751362,-21.380171,9.326591,9.547548,-4.250861,-2.016156,1.656142,0.452785,-3.688897,22.474228,-39.198570,55.646591,13.971518,10.847891,-2.676580,-1.701650,-18.265902,36.418663,68.367485,-10.281847,7.730815,-12.340603
1170.000000,-2364.978760,-1209.808716,76.257866,-1.108065,4.170287,-46.304976,1.516008,2.551637,2.813798,22.144470,-24.895313,-1.273913,-23.237581,-5.014816,-19.788368,7.556792,11.299916,-3.382223,-2.115048,0.909830,0.494137,-3.966650,22.323757,-39.482632,55.742149,13.847975,10.879863,-2.615339,-1.759014,-18.279251,36.473690,68.366760,-10.272757,7.726913,-12.172871
1171.000000,-2365.344238,-1208.745239,76.169029,-0.797459,4.051435,-45.652503,0.410319,1.993429,3.117095,23.060133,-25.350397,-0.850248,-23.380135,-5.082052,-18.343945,6.571010,12.082065,-2.947313,-2.343673,0.546940,0.483033,-4.229756,22.183067,-39.695068,55.822632,13.710559,10.894095,-2.535181,-1.803601,-18.338129,36.514519,68.358147,-10.274965,7.725438,-12.078941
1172.000000,-2365.724854,-1207.634033,76.064781,-0.683406,3.968278,-44.952567,-1.044713,1.518102,3.781485,24.179981,-26.065014,-0.312018,-23.744160,-5.193376,-16.754944,5.764231,12.372924,-2.251059,-2.652293,0.327968,0.508461,-4.613333,21.991957,-39.902149,55.832706,13.593248,10.901488,-2.381195,-1.905827,-18.450193,36.521290,68.312965,-10.290916,7.722244,-12.006577
1173.000000,-2366.126221,-1206.541016,75.991753,-0.558606,3.809546,-44.479700,-2.332926,1.142701,4.469675,25.040060,-26.651907,0.254643,-24.235628,-5.281587,-15.329823,5.404657,11.658226,-1.732302,-2.775694,0.216515,0.654269,-5.048066,21.823051,-40.020679,55.826519,13.533965,10.900003,-2.172960,-2.081639,-18.523243,36.524216,68.286453,-10.377603,7.716944,-11.954153
1174.000000,-2366.529785,-1205.516602,76.025726,-0.232480,3.468977,-44.724849,-3.317512,0.387007,4.999583,25.987370,-26.270885,0.874005,-24.674946,-5.500814,-13.757473,5.338310,9.842773,-1.270238,-2.296402,-0.331151,1.127978,-5.412319,21.790512,-40.105385,55.847439,13.460607,10.898113,-1.855731,-2.427945,-18.414993,36.618649,68.282715,-10.610536,7.708686,-11.867085
1175.000000,-2366.890625,-1204.541992,76.141655,-0.188991,3.263722,-45.438109,-4.029162,0.084254,5.944859,26.380938,-25.632772,1.379150,-25.500694,-5.603675,-13.156941,6.436039,7.614445,-0.735285,-1.537295,-0.550487,1.374654,-5.455107,21.673786,-40.221867,56.107574,13.330832,10.895272,-1.525317,-2.819040,-18.329536,36.814209,68.276733,-10.956101,7.665235,-11.715208
1176.000000,-2367.204834,-1203.705200,76.331619,-0.468549,3.186376,-46.202064,-4.529281,0.289658,6.880495,26.294048,-24.938046,1.678581,-26.113779,-5.401508,-13.842164,9.344989,6.757830,0.243686,-0.879753,-0.435030,1.316324,-5.214606,21.509880,-40.435421,56.707043,13.274837,10.898024,-1.316746,-3.088832,-18.209774,37.042572,68.268799,-11.342745,7.605554,-11.518589
1177.000000,-2367.489258,-1203.005737,76.597885,-0.841469,3.320845,-46.716083,-4.955127,0.641016,7.506361,25.628853,-24.002899,1.850720,-26.249607,-5.109498,-14.628050,12.601293,6.317426,0.752880,-0.600716,-0.258511,0.887533,-4.711859,21.416521,-40.779335,57.377972,13.249582,10.947828,-1.251201,-3.204187,-18.031401,37.245995,68.268227,-11.598356,7.524181,-11.336758
1178.000000,-2367.766602,-1202.413330,76.889107,-1.153883,3.551824,-46.884653,-5.235324,0.831302,7.738143,24.841669,-23.129993,1.953921,-26.015249,-5.099207,-15.229767,14.850000,5.667183,0.939829,-0.589441,-0.201750,0.518836,-4.318205,21.407824,-41.061680,57.772442,13.223198,11.020682,-1.247732,-3.244339,-17.918282,37.409424,68.266701,-11.648321,7.449379,-11.225561
1179.000000,-2368.070312,-1201.856079,77.176422,-1.394634,3.689229,-46.866308,-5.508825,0.979397,7.822551,23.652729,-21.868126,2.091025,-25.277042,-5.356575,-15.858467,17.476858,4.427649,1.047437,-0.587142,-0.217355,0.284769,-4.035797,21.406031,-41.419498,58.151859,13.195041,11.105837,-1.251089,-3.340555,-17.886391,37.687775,68.263344,-11.562037,7.386279,-11.091537
1180.000000,-2368.403320,-1201.318604,77.454254,-1.583377,3.734527,-46.853924,-5.564198,1.059552,7.878493,22.313507,-20.556578,2.215019,-24.171106,-5.771083,-16.134729,19.773247,3.093824,1.151168,-0.504995,-0.321984,0.377858,-3.937029,21.401520,-41.605526,58.400772,13.182694,11.119404,-1.252924,-3.561234,-17.902142,37.864300,68.262856,-11.363070,7.380851,-10.969853
1181.000000,-2368.733154,-1200.836426,77.717056,-1.761697,3.555223,-46.832338,-5.254679,1.129209,7.913396,20.821917,-19.263390,2.260363,-22.683769,-6.212301,-16.018026,21.863153,1.556088,1.364708,-0.456449,-0.439059,0.760730,-3.889735,21.358709,-41.680397,58.674061,13.183255,11.072434,-1.250680,-3.853237,-17.903406,37.897209,68.257988,-11.184438,7.381351,-10.839994
1182.000000,-2369.022461,-1200.439209,77.957108,-1.977830,3.406597,-46.760845,-4.874829,1.236244,7.841546,19.356627,-18.071241,2.256178,-20.967825,-6.705653,-15.927113,23.555435,-0.189939,1.582164,-0.484924,-0.464829,1.015124,-3.801493,21.206696,-41.832546,59.056564,13.195173,11.004690,-1.251363,-3.986647,-17.912582,37.997124,68.253044,-11.100941,7.380174,-10.722961
1183.000000,-2369.281494,-1200.121460,78.164879,-2.144698,3.235329,-46.654886,-4.433707,1.339848,7.707983,17.911190,-16.948015,2.246408,-19.219683,-7.050224,-15.807229,24.522217,-2.677539,1.811955,-0.505599,-0.457352,1.176327,-3.686899,20.951071,-41.894032,59.491997,13.275378,10.912239,-1.253182,-3.939268,-17.910954,38.194637,68.250771,-11.093335,7.377045,-10.579126
1184.000000,-2369.522949,-1199.866943,78.325356,-2.209737,3.015455,-46.477673,-3.928600,1.310166,7.513839,16.606640,-15.957519,2.256253,-17.311079,-7.671950,-15.893100,25.268074,-3.738466,2.074269,-0.523359,-0.537281,1.281975,-3.560568,20.623564,-41.895805,59.969604,13.468948,10.810175,-1.256634,-3.685204,-17.880308,38.332203,68.254005,-11.107563,7.375909,-10.368001
1185.000000,-2369.740723,-1199.699463,78.439293,-2.215425,2.810967,-46.308413,-3.553385,1.256319,7.353910,15.774640,-15.343239,2.258917,-15.726627,-8.106646,-15.917924,25.337898,-4.108660,2.307456,-0.518199,-0.634368,1.279449,-3.413581,20.378275,-41.872505,60.301102,13.644086,10.734747,-1.259349,-3.366663,-17.811911,38.377743,68.268173,-11.122588,7.377411,-10.171371
1186.000000,-2369.956543,-1199.606079,78.514557,-2.149334,2.640734,-46.240426,-3.137425,1.209421,7.245855,14.822085,-14.659557,2.227247,-13.685415,-8.332594,-15.915792,24.644672,-5.347083,3.287957,-0.397286,-0.823339,1.115583,-3.100617,20.119516,-41.767094,60.639919,13.849160,10.633610,-1.263588,-2.847425,-17.610399,38.400829,68.342392,-11.182487,7.383154,-9.886067
1187.000000,-2370.198730,-1199.552856,78.554314,-2.017218,2.458249,-46.317405,-2.782202,1.140811,7.283859,14.131392,-14.152751,2.152936,-11.866486,-8.411141,-16.145172,23.611956,-5.694339,3.803707,-0.197448,-1.108387,0.969834,-2.697953,19.990068,-41.573254,60.758881,14.018256,10.538943,-1.286037,-2.360676,-17.312582,38.404575,68.410332,-11.318792,7.425425,-9.627015
1188.000000,-2370.461914,-1199.507202,78.564713,-1.864320,2.209483,-46.441337,-2.515427,1.117962,7.420695,13.806041,-13.844180,2.043369,-10.410936,-8.269354,-16.433270,22.186649,-5.719827,3.868781,0.052194,-1.364045,0.985780,-2.362972,19.911224,-41.337700,60.774021,14.113160,10.439735,-1.335806,-2.001507,-17.004034,38.408157,68.420158,-11.458915,7.504881,-9.410520
1189.000000,-2370.724609,-1199.454590,78.566017,-1.763181,1.929507,-46.545258,-2.377210,1.155895,7.516712,13.834878,-13.715544,1.918670,-9.248187,-8.002069,-16.701260,20.430351,-6.093961,3.843759,0.227432,-1.470970,1.094263,-2.123042,19.785286,-41.185566,60.779514,14.154179,10.352017,-1.394656,-1.742712,-16.759331,38.413246,68.420921,-11.735310,7.547534,-9.259739
1190.000000,-2370.958740,-1199.392456,78.575691,-1.742089,1.699006,-46.631629,-2.332592,1.269020,7.579641,13.982474,-13.643922,1.801911,-8.450618,-7.731674,-16.982338,19.075998,-6.344553,3.785600,0.354339,-1.362659,1.162688,-1.920896,19.531300,-41.084686,60.785431,14.186699,10.273122,-1.432515,-1.512133,-16.622648,38.418335,68.418503,-12.138947,7.562803,-9.194545
1191.000000,-2371.164795,-1199.333496,78.591240,-1.771647,1.505549,-46.727172,-2.339486,1.436183,7.622776,14.172298,-13.604534,1.693619,-7.889623,-7.449335,-17.191822,18.054169,-6.295593,3.713498,0.477752,-1.107399,1.143036,-1.744845,19.195312,-41.009621,60.790482,14.218075,10.175081,-1.483671,-1.266336,-16.552280,38.423771,68.415962,-12.561862,7.618057,-9.179935
1192.000000,-2371.351807,-1199.293213,78.605667,-1.805391,1.327605,-46.853661,-2.321017,1.610466,7.689151,14.330385,-13.581030,1.585847,-7.387183,-7.153878,-17.319336,17.103443,-6.133092,3.627822,0.635131,-0.816349,1.032518,-1.568342,18.859711,-40.976910,60.792915,14.270943,10.039350,-1.547106,-1.011093,-16.488953,38.429382,68.416000,-12.880644,7.747383,-9.175704
1193.000000,-2371.531006,-1199.286865,78.610138,-1.773547,1.160336,-46.960606,-2.265882,1.695823,7.736365,14.382580,-13.546404,1.501855,-6.996552,-6.971366,-17.420527,16.392109,-6.054434,3.550621,0.728965,-0.660020,0.902073,-1.449424,18.708168,-40.972355,60.795155,14.355959,9.959562,-1.559120,-0.838449,-16.411777,38.433300,68.417358,-13.013664,7.870206,-9.174432
1194.000000,-2371.718506,-1199.307983,78.600281,-1.662101,0.970307,-47.074082,-2.130570,1.732419,7.807577,14.383954,-13.478773,1.381033,-6.468073,-6.806076,-17.552872,15.507170,-6.091760,3.425339,0.832847,-0.574000,0.702564,-1.338685,18.693436,-40.963852,60.801666,14.429990,9.897470,-1.563884,-0.645045,-16.257370,38.438496,68.419373,-13.108427,8.039707,-9.175285
1195.000000,-2371.906494,-1199.344238,78.575706,-1.491352,0.738497,-47.206857,-1.928680,1.709525,7.915234,14.377631,-13.429572,1.261933,-5.959826,-6.717564,-17.642033,14.781360,-6.279787,3.293566,0.922601,-0.562896,0.537854,-1.234877,18.738993,-40.942192,60.807163,14.447906,9.821740,-1.625557,-0.530184,-16.103460,38.443584,68.421158,-13.159363,8.188849,-9.178882
1196.000000,-2372.088623,-1199.391235,78.537285,-1.261787,0.491543,-47.348577,-1.683295,1.618597,8.044382,14.369044,-13.393157,1.150528,-5.447106,-6.701930,-17.691124,14.135888,-6.611889,3.166537,0.983235,-0.604506,0.409164,-1.125574,18.785172,-40.922581,60.812054,14.457785,9.749111,-1.713635,-0.484418,-15.973196,38.447681,68.421448,-13.208440,8.305868,-9.187801
1197.000000,-2372.264648,-1199.448120,78.487747,-0.984001,0.231350,-47.508902,-1.401445,1.449621,8.210271,14.345905,-13.363265,1.046397,-4.868639,-6.746980,-17.723022,13.408814,-7.077203,3.040582,1.048135,-0.709708,0.316404,-1.013750,18.814520,-40.914062,60.819019,14.470196,9.710719,-1.791314,-0.473594,-15.864109,38.450340,68.416222,-13.282036,8.403947,-9.234645
1198.000000,-2372.418701,-1199.483032,78.496590,-0.978118,-0.079243,-47.576871,-1.084809,1.552145,8.250568,14.317985,-13.316328,0.933017,-4.415963,-6.567949,-17.724018,13.010159,-7.031403,2.848486,1.037977,-0.451788,0.334061,-0.915218,18.686329,-40.912010,60.854939,14.491318,9.700052,-1.844635,-0.483455,-15.843640,38.448597,68.410240,-13.412700,8.512080,-9.357134
1199.000000,-2372.552002,-1199.529663,78.532280,-0.997488,-0.403480,-47.546366,-0.617133,1.665370,8.172465,14.013438,-13.111462,0.825632,-3.927656,-6.379937,-17.804747,12.682605,-6.821178,2.697361,0.942373,-0.142510,0.397670,-0.783838,18.541231,-40.910053,60.860752,14.512612,9.686623,-1.911853,-0.429423,-15.842668,38.444504,68.370941,-13.525206,8.615845,-9.489762
1200.000000,-2372.679443,-1199.598267,78.567886,-0.968698,-0.662902,-47.504166,-0.119412,1.712666,8.099048,13.512325,-12.809449,0.713737,-3.503984,-6.251292,-17.886547,12.386496,-6.676447,2.554716,0.895616,0.047772,0.387432,-0.609490,18.469481,-40.905861,60.863846,14.584645,9.675712,-1.941626,-0.252490,-15.840611,38.439812,68.248840,-13.569627,8.699191,-9.598265
1201.000000,-2372.805420,-1199.677124,78.595940,-0.924893,-0.877982,-47.490625,0.345914,1.751538,8.064360,12.996768,-12.515594,0.593956,-3.160773,-6.140121,-17.935831,12.153406,-6.597481,2.419834,0.926656,0.160846,0.357869,-0.407710,18.440683,-40.903099,60.866402,14.616797,9.669385,-1.967097,-0.016586,-15.840037,38.440197,68.061684,-13.579767,8.787094,-9.660357
1202.000000,-2372.925781,-1199.758667,78.617699,-0.889067,-1.090608,-47.506054,0.692374,1.794625,8.061494,12.638741,-12.323536,0.497744,-2.909482,-6.046934,-17.953871,11.991926,-6.555230,2.325051,0.986027,0.224559,0.370286,-0.246185,18.435419,-40.902302,60.869694,14.641541,9.669394,-1.984711,0.159448,-15.838682,38.443882,67.913933,-13.577431,8.850683,-9.674385
1203.000000,-2373.039307,-1199.845581,78.635117,-0.860593,-1.276002,-47.530687,1.107634,1.865545,8.067612,12.221632,-12.108122,0.367013,-2.609235,-5.916054,-17.966553,11.798633,-6.514650,2.207690,1.065968,0.295579,0.376712,0.005547,18.433046,-40.901394,60.874687,14.689820,9.685810,-2.026392,0.379856,-15.834963,38.449360,67.747627,-13.571937,8.932004,-9.677961
1204.000000,-2373.149658,-1199.932129,78.649940,-0.851897,-1.430380,-47.540188,1.444672,1.959248,8.065623,11.905198,-11.943472,0.237367,-2.331728,-5.769043,-17.988873,11.593961,-6.466655,2.095053,1.110782,0.370579,0.376895,0.268331,18.427906,-40.888493,60.877724,14.707965,9.741661,-2.067594,0.569968,-15.832196,38.454586,67.602562,-13.564280,9.027298,-9.676653
1205.000000,-2373.260742,-1200.003052,78.660706,-0.852159,-1.497026,-47.547343,1.605822,2.070961,8.055689,11.740932,-11.836924,0.123790,-2.157784,-5.617206,-18.018583,11.397388,-6.401744,1.982859,1.133324,0.458065,0.347034,0.368140,18.424366,-40.856049,60.879932,14.628203,9.821111,-2.031646,0.717167,-15.831671,38.459427,67.469078,-13.555271,9.134074,-9.672444
1206.000000,-2373.368164,-1200.057007,78.667625,-0.851575,-1.516644,-47.574471,1.635034,2.181866,8.059798,11.688602,-11.771138,0.023687,-2.112271,-5.485044,-18.027740,11.287271,-6.355117,1.863794,1.135694,0.562731,0.335926,0.381308,18.397457,-40.855946,60.896427,14.489738,9.926950,-2.049486,0.793283,-15.832278,38.464493,67.324867,-13.553226,9.253805,-9.655622
1207.000000,-2373.468262,-1200.107910,78.673065,-0.848535,-1.516759,-47.603643,1.630684,2.280934,8.067836,11.655319,-11.715756,-0.072316,-2.112283,-5.372473,-18.031717,11.218799,-6.324607,1.752789,1.132080,0.677959,0.338136,0.375997,18.326429,-40.858376,60.946129,14.336428,10.045890,-2.078382,0.845158,-15.831715,38.469826,67.184288,-13.555902,9.353639,-9.593100
1208.000000,-2373.560059,-1200.159668,78.676567,-0.844804,-1.501025,-47.532046,1.570420,2.357711,7.989126,11.674828,-11.674678,-0.155737,-2.117479,-5.297945,-18.120909,11.189860,-6.326930,1.652611,1.059586,0.787596,0.338180,0.355426,18.246025,-40.858883,60.995007,14.246609,10.182947,-2.082427,0.903794,-15.830118,38.492474,67.025909,-13.559751,9.442248,-9.486657
1209.000000,-2373.640625,-1200.214233,78.678909,-0.836863,-1.484035,-47.412898,1.497211,2.412519,7.849428,11.701629,-11.633923,-0.232135,-2.117945,-5.256733,-18.269453,11.201222,-6.364436,1.565274,0.968267,0.880823,0.335905,0.325062,18.158436,-40.859161,61.057693,14.223073,10.310543,-2.084678,0.983454,-15.827605,38.538261,66.845001,-13.563273,9.512843,-9.349686
1210.000000,-2373.713379,-1200.273315,78.680336,-0.825580,-1.470766,-47.296299,1.445179,2.459926,7.717004,11.712026,-11.595407,-0.307381,-2.117952,-5.225711,-18.409052,11.238379,-6.422800,1.490156,0.917651,0.959136,0.331106,0.287744,18.072355,-40.858494,61.134266,14.205575,10.408053,-2.081622,1.058511,-15.824966,38.581425,66.689499,-13.565323,9.558700,-9.209924
1211.000000,-2373.778076,-1200.335815,78.680054,-0.806362,-1.471782,-47.186654,1.425680,2.487607,7.626130,11.710379,-11.567855,-0.361959,-2.118259,-5.213332,-18.503574,11.294144,-6.485888,1.439852,0.884962,0.996397,0.325384,0.274877,18.029264,-40.858311,61.168549,14.194405,10.469619,-2.077714,1.067839,-15.840970,38.587955,66.626366,-13.559086,9.616302,-9.181554
1212.000000,-2373.836670,-1200.403931,78.677872,-0.785991,-1.490192,-47.076426,1.428095,2.520210,7.504924,11.708612,-11.540282,-0.435531,-2.113993,-5.210091,-18.628181,11.423037,-6.605543,1.378558,0.860267,1.007543,0.321268,0.272731,18.013052,-40.860374,61.175179,14.182882,10.524150,-2.075456,1.068174,-15.874853,38.597610,66.564796,-13.541930,9.664563,-9.127808
1213.000000,-2373.886719,-1200.474121,78.675507,-0.767920,-1.513759,-47.016930,1.466360,2.559877,7.420911,11.685890,-11.519062,-0.510483,-2.102048,-5.196640,-18.715340,11.552971,-6.725818,1.323299,0.882123,1.000944,0.314128,0.273463,18.008137,-40.862289,61.178062,14.171105,10.550342,-2.064005,1.065327,-15.915248,38.640392,66.526291,-13.522750,9.690557,-9.028854
1214.000000,-2373.928711,-1200.541260,78.673897,-0.755807,-1.524995,-47.014639,1.522537,2.614486,7.411277,11.639729,-11.503724,-0.585706,-2.102681,-5.154858,-18.727564,11.641833,-6.814330,1.269585,0.942320,0.996741,0.301600,0.275205,18.000559,-40.863853,61.181156,14.158300,10.560413,-2.038340,1.051730,-15.968390,38.721947,66.500183,-13.507091,9.702762,-8.864844
1215.000000,-2373.965576,-1200.607666,78.672913,-0.740867,-1.533348,-47.024141,1.590654,2.662531,7.416743,11.565107,-11.478050,-0.657229,-2.106579,-5.114935,-18.728472,11.717927,-6.892845,1.213538,0.963018,0.989400,0.298840,0.277498,17.997046,-40.866909,61.194393,14.144679,10.568254,-2.023716,1.024612,-16.017015,38.797012,66.471199,-13.490853,9.709658,-8.684901
1216.000000,-2373.997803,-1200.672729,78.671898,-0.728930,-1.535337,-47.030981,1.651444,2.708409,7.420436,11.496095,-11.455357,-0.726443,-2.111296,-5.077554,-18.735716,11.787116,-6.966455,1.158403,0.950557,0.981438,0.298318,0.277377,17.997334,-40.871178,61.212902,14.131741,10.575950,-2.018700,0.989116,-16.060207,38.869450,66.448280,-13.449876,9.714799,-8.498869
1217.000000,-2374.025391,-1200.735840,78.670868,-0.720940,-1.530449,-47.034395,1.694544,2.754795,7.419119,11.446857,-11.441225,-0.789259,-2.112925,-5.038504,-18.750244,11.835946,-7.029175,1.109829,0.921030,0.974731,0.297199,0.274081,18.000313,-40.874985,61.229298,14.120792,10.582829,-2.016323,0.941310,-16.098545,38.948566,66.440132,-13.386508,9.720366,-8.297035
1218.000000,-2374.049072,-1200.795776,78.669510,-0.713035,-1.523697,-47.036166,1.724304,2.787281,7.417113,11.412221,-11.432933,-0.832515,-2.115985,-5.011496,-18.760527,11.874095,-7.077482,1.075915,0.896666,0.966316,0.297557,0.262815,18.004230,-40.877270,61.251179,14.075564,10.586616,-2.015489,0.899666,-16.128977,39.015362,66.436546,-13.301585,9.725549,-8.127596
1219.000000,-2374.071045,-1200.855957,78.667938,-0.698799,-1.522397,-47.043279,1.778659,2.821467,7.417274,11.346476,-11.414656,-0.887472,-2.125062,-4.986375,-18.768923,11.946757,-7.152238,1.033708,0.872429,0.939827,0.304116,0.224492,18.005817,-40.879410,61.264606,13.891667,10.582022,-2.018329,0.836534,-16.172836,39.124882,66.434868,-13.121067,9.741283,-7.877539
1220.000000,-2374.090576,-1200.914673,78.666306,-0.690002,-1.543163,-47.055435,1.861913,2.856781,7.427132,11.269212,-11.396336,-0.941756,-2.115321,-4.959163,-18.768978,12.018601,-7.223896,0.993657,0.869331,0.899120,0.325227,0.148669,18.000776,-40.882694,61.270134,13.670269,10.564413,-2.023454,0.773004,-16.207247,39.250679,66.434776,-12.909646,9.780481,-7.645700
1221.000000,-2374.107666,-1200.974243,78.664108,-0.683566,-1.559270,-47.071666,1.943847,2.899012,7.439308,11.216101,-11.394130,-0.993149,-2.091874,-4.924063,-18.766582,12.076949,-7.290152,0.956837,0.867061,0.856645,0.335508,0.050040,17.988838,-40.886326,61.273106,13.493423,10.539323,-2.029598,0.734668,-16.219902,39.350883,66.434784,-12.732963,9.822924,-7.440399
1222.000000,-2374.124756,-1201.030029,78.662460,-0.681167,-1.557083,-47.096793,2.000416,2.940921,7.451185,11.164268,-11.391690,-1.043094,-2.091069,-4.885195,-18.757402,12.123397,-7.346437,0.921166,0.867072,0.806390,0.335689,-0.061336,17.971598,-40.885098,61.271622,13.391394,10.491124,-2.032757,0.696148,-16.221209,39.414825,66.435760,-12.692947,9.875982,-7.264786
1223.000000,-2374.136719,-1201.082764,78.661064,-0.685513,-1.568221,-47.168537,2.072378,2.994982,7.499467,11.115471,-11.399852,-1.088456,-2.076403,-4.824602,-18.711432,12.131259,-7.375070,0.885594,0.870633,0.774621,0.353591,-0.155932,17.951563,-40.888760,61.272907,13.369364,10.458808,-2.035619,0.645892,-16.221426,39.477287,66.437180,-12.676031,9.931615,-7.103598
1224.000000,-2374.139404,-1201.136597,78.658257,-0.694344,-1.594344,-47.268870,2.174206,3.059044,7.588682,11.082542,-11.432387,-1.131862,-2.042750,-4.752327,-18.631393,12.134859,-7.403837,0.849854,0.869972,0.767570,0.371997,-0.171137,17.953344,-40.891808,61.293911,13.356784,10.455033,-2.036141,0.629798,-16.220461,39.488918,66.435753,-12.661910,9.958895,-7.010769
1225.000000,-2374.138184,-1201.187134,78.654610,-0.703854,-1.624138,-47.359549,2.271237,3.119612,7.669398,11.073509,-11.477802,-1.174611,-2.000056,-4.686507,-18.560354,12.142169,-7.438426,0.818965,0.866394,0.767666,0.389481,-0.173817,17.956694,-40.892639,61.316120,13.338241,10.454254,-2.035420,0.630344,-16.219389,39.494812,66.434265,-12.646927,9.983864,-6.961704
1226.000000,-2374.136230,-1201.235229,78.651108,-0.714723,-1.645471,-47.419684,2.345050,3.172960,7.718797,11.076855,-11.522671,-1.215730,-1.959743,-4.631337,-18.520531,12.149573,-7.473803,0.793039,0.846807,0.767946,0.402093,-0.174750,17.962046,-40.895267,61.331509,13.323483,10.456340,-2.039246,0.631509,-16.217186,39.501278,66.432076,-12.615592,10.016823,-6.919482
1227.000000,-2374.133789,-1201.278442,78.647797,-0.726323,-1.650903,-47.470953,2.386911,3.221364,7.752810,11.095291,-11.570291,-1.248079,-1.934075,-4.580389,-18.490129,12.148842,-7.502972,0.772554,0.835052,0.769808,0.408097,-0.175773,17.966385,-40.896942,61.338375,13.311769,10.459490,-2.043643,0.632264,-16.213894,39.508434,66.427834,-12.588446,10.060344,-6.875209
1228.000000,-2374.128418,-1201.317993,78.644905,-0.746525,-1.656300,-47.517845,2.412189,3.276406,7.783619,11.142354,-11.633586,-1.274995,-1.889488,-4.517453,-18.463930,12.102052,-7.510958,0.756990,0.838309,0.782495,0.418079,-0.176767,17.963121,-40.896194,61.338955,13.310137,10.461472,-2.042305,0.634396,-16.203201,39.515636,66.422173,-12.580098,10.125941,-6.852645
1229.000000,-2374.119629,-1201.355225,78.642181,-0.772424,-1.659878,-47.562366,2.424631,3.321378,7.805477,11.190635,-11.688457,-1.294816,-1.847223,-4.465022,-18.448305,12.048224,-7.507423,0.745974,0.845807,0.796836,0.422121,-0.176186,17.956097,-40.895386,61.337761,13.317647,10.463416,-2.038627,0.636694,-16.187778,39.520355,66.418022,-12.579697,10.192451,-6.849149
1230.000000,-2374.107666,-1201.390137,78.640320,-0.794355,-1.661793,-47.608638,2.450528,3.374804,7.837490,11.233558,-11.750762,-1.320287,-1.793985,-4.400375,-18.424824,11.979564,-7.500443,0.730872,0.856989,0.811375,0.425299,-0.174611,17.945070,-40.894138,61.336399,13.342205,10.466990,-2.032725,0.638851,-16.162828,39.525593,66.413506,-12.583928,10.286585,-6.849865
1231.000000,-2374.093994,-1201.423462,78.638969,-0.812678,-1.657845,-47.660858,2.489055,3.418065,7.875043,11.237765,-11.792974,-1.343547,-1.754022,-4.343838,-18.393442,11.922113,-7.494030,0.715720,0.866710,0.813311,0.426005,-0.173343,17.935852,-40.891693,61.336391,13.384323,10.471292,-2.027591,0.638970,-16.130135,39.528942,66.410728,-12.594480,10.384867,-6.857298
1232.000000,-2374.077637,-1201.455444,78.637657,-0.831148,-1.653776,-47.726614,2.529963,3.458730,7.922722,11.238400,-11.833902,-1.364104,-1.721286,-4.288541,-18.347740,11.869580,-7.486611,0.703405,0.888948,0.811931,0.427037,-0.173311,17.926519,-40.881790,61.338188,13.413390,10.476564,-2.017048,0.638944,-16.093134,39.531029,66.410202,-12.607133,10.493597,-6.874883
1233.000000,-2374.058350,-1201.485962,78.636703,-0.848449,-1.648381,-47.795106,2.577823,3.496521,7.978523,11.228776,-11.870159,-1.385362,-1.686592,-4.233301,-18.293537,11.809175,-7.474814,0.695076,0.924012,0.807891,0.426319,-0.163077,17.903080,-40.813713,61.345650,13.476673,10.483032,-1.992961,0.640020,-16.050499,39.531471,66.412712,-12.628174,10.615627,-6.901436
1234.000000,-2374.037109,-1201.515625,78.635895,-0.866338,-1.627665,-47.849768,2.609050,3.528999,8.019714,11.217196,-11.901999,-1.406013,-1.664574,-4.184849,-18.252516,11.754704,-7.466701,0.687348,0.939885,0.799908,0.414266,-0.129676,17.846024,-40.621830,61.408882,13.577096,10.490246,-1.951691,0.641540,-15.999644,39.514454,66.415604,-12.722030,10.728487,-6.935669
1235.000000,-2374.012451,-1201.537720,78.634933,-0.890001,-1.602803,-47.915046,2.619452,3.566685,8.071474,11.228514,-11.949080,-1.421423,-1.652686,-4.129795,-18.199547,11.687768,-7.443254,0.679284,0.949796,0.816806,0.402108,-0.111878,17.723562,-40.379513,61.555340,13.778646,10.533414,-1.892416,0.648896,-15.948209,39.405788,66.420921,-12.971331,10.805957,-6.950005
1236.000000,-2373.981689,-1201.554565,78.633514,-0.914633,-1.575335,-47.999900,2.625459,3.601494,8.141499,11.255336,-12.005564,-1.430512,-1.648630,-4.076208,-18.123970,11.621490,-7.412505,0.675842,0.954080,0.859570,0.395957,-0.107315,17.572342,-40.176147,61.681343,13.980266,10.615575,-1.816283,0.655897,-15.920706,39.299938,66.426239,-13.215232,10.843832,-6.958186
1237.000000,-2373.948975,-1201.570557,78.631821,-0.936581,-1.546651,-48.081547,2.628424,3.629571,8.206008,11.283763,-12.060715,-1.435084,-1.649535,-4.030195,-18.050018,11.565329,-7.388155,0.677064,0.957127,0.908112,0.380345,-0.109301,17.450201,-40.044815,61.781189,14.123805,10.702419,-1.736420,0.656887,-15.914111,39.267662,66.431351,-13.406867,10.874092,-6.966547
1238.000000,-2373.916504,-1201.585938,78.628746,-0.956426,-1.503476,-48.154883,2.597110,3.655402,8.261261,11.345039,-12.128209,-1.435444,-1.680880,-3.995126,-17.984772,11.544592,-7.379374,0.680659,0.961853,0.950276,0.343903,-0.111621,17.360706,-39.977512,61.845654,14.211335,10.801013,-1.673110,0.656491,-15.908703,39.258133,66.436218,-13.549743,10.923276,-6.973441
1239.000000,-2373.887939,-1201.599487,78.624939,-0.974576,-1.462790,-48.219660,2.564535,3.674563,8.298499,11.405166,-12.184602,-1.434025,-1.711831,-3.973166,-17.940817,11.544792,-7.380110,0.684336,0.968372,0.974812,0.318491,-0.113342,17.314203,-39.954956,61.863663,14.255955,10.880702,-1.637409,0.654632,-15.902220,39.253910,66.438843,-13.630130,10.968557,-6.978573
1240.000000,-2373.859375,-1201.613159,78.621063,-0.992519,-1.425454,-48.282129,2.529812,3.696277,8.340125,11.472371,-12.250299,-1.431740,-1.746706,-3.948404,-17.891609,11.547854,-7.383918,0.689450,0.978227,0.995526,0.290866,-0.115365,17.270636,-39.936909,61.875061,14.296199,10.971431,-1.603010,0.651790,-15.888395,39.249107,66.441887,-13.706236,11.033203,-6.985332
1241.000000,-2373.830566,-1201.626343,78.617409,-1.009820,-1.396350,-48.340011,2.502367,3.718838,8.384743,11.538989,-12.322428,-1.428649,-1.778082,-3.921540,-17.838427,11.551438,-7.390324,0.696158,0.987860,1.012565,0.264417,-0.117849,17.226152,-39.917900,61.889763,14.331373,11.069219,-1.565313,0.647500,-15.866525,39.243214,66.445694,-13.778121,11.117328,-6.996526
1242.000000,-2373.802002,-1201.639038,78.615097,-1.025844,-1.356465,-48.396249,2.484721,3.735499,8.423744,11.573628,-12.373543,-1.427411,-1.806689,-3.898305,-17.792416,11.547673,-7.393194,0.701866,0.992682,1.025812,0.234840,-0.119793,17.173323,-39.845318,61.964981,14.310459,11.126089,-1.531730,0.646110,-15.841836,39.214733,66.449532,-13.816172,11.200243,-7.005684
1243.000000,-2373.778076,-1201.649902,78.614845,-1.039694,-1.304358,-48.429222,2.452593,3.746628,8.447963,11.578059,-12.398975,-1.428740,-1.841365,-3.874655,-17.760683,11.512792,-7.381607,0.705748,0.993282,1.041400,0.206361,-0.126441,17.085407,-39.620689,62.175556,14.144705,11.154897,-1.497512,0.648401,-15.814939,39.135075,66.450996,-13.826246,11.280998,-7.003393
1244.000000,-2373.760254,-1201.659424,78.615417,-1.044954,-1.234028,-48.412327,2.384166,3.740711,8.418268,11.580056,-12.404344,-1.425782,-1.889947,-3.872188,-17.776360,11.487167,-7.377129,0.709281,0.991532,1.048881,0.191499,-0.131487,17.000757,-39.363697,62.361317,13.970714,11.247939,-1.449527,0.649187,-15.781235,39.029507,66.448456,-13.834375,11.374875,-6.998470
1245.000000,-2373.740234,-1201.668579,78.616486,-1.034895,-1.206612,-48.372612,2.380613,3.709136,8.373237,11.525294,-12.380576,-1.417735,-1.907390,-3.899159,-17.803802,11.503561,-7.396619,0.719559,0.980570,1.053994,0.213384,-0.137162,16.932562,-39.247765,62.490101,13.834536,11.363794,-1.368558,0.642062,-15.746963,38.912548,66.446075,-13.830282,11.465849,-6.992776
1246.000000,-2373.709473,-1201.678589,78.616562,-1.022145,-1.202333,-48.329054,2.427242,3.657272,8.321968,11.438256,-12.352733,-1.402705,-1.899899,-3.947371,-17.827938,11.551840,-7.441936,0.743101,0.946807,1.089386,0.221293,-0.138478,16.821564,-39.226788,62.649757,13.639642,11.497775,-1.286931,0.636301,-15.728369,38.816414,66.443596,-13.757339,11.567060,-6.986202
1247.000000,-2373.673828,-1201.687500,78.615585,-1.023826,-1.218503,-48.310117,2.472565,3.634667,8.303865,11.405291,-12.356484,-1.387009,-1.865475,-3.965366,-17.831123,11.558686,-7.460988,0.770516,0.932576,1.144902,0.219994,-0.141012,16.775124,-39.259056,62.720100,13.410872,11.618584,-1.242386,0.630872,-15.733550,38.798668,66.443695,-13.591395,11.661506,-6.982279
1248.000000,-2373.633301,-1201.690308,78.613052,-1.027234,-1.245853,-48.299558,2.529790,3.612282,8.296786,11.404678,-12.389663,-1.357299,-1.807703,-3.985556,-17.829767,11.562955,-7.482376,0.814438,0.926107,1.254047,0.217688,-0.143233,16.762653,-39.344749,62.744308,12.883225,11.758070,-1.234183,0.618587,-15.766458,38.795036,66.445465,-13.308824,11.796481,-6.977633
