Frame,root_translateX,root_translateY,root_translateZ,root_rotateX,root_rotateY,root_rotateZ,left_hip_pitch_joint_dof,left_hip_roll_joint_dof,left_hip_yaw_joint_dof,left_knee_joint_dof,left_ankle_pitch_joint_dof,left_ankle_roll_joint_dof,right_hip_pitch_joint_dof,right_hip_roll_joint_dof,right_hip_yaw_joint_dof,right_knee_joint_dof,right_ankle_pitch_joint_dof,right_ankle_roll_joint_dof,waist_yaw_joint_dof,waist_roll_joint_dof,waist_pitch_joint_dof,left_shoulder_pitch_joint_dof,left_shoulder_roll_joint_dof,left_shoulder_yaw_joint_dof,left_elbow_joint_dof,left_wrist_roll_joint_dof,left_wrist_pitch_joint_dof,left_wrist_yaw_joint_dof,right_shoulder_pitch_joint_dof,right_shoulder_roll_joint_dof,right_shoulder_yaw_joint_dof,right_elbow_joint_dof,right_wrist_roll_joint_dof,right_wrist_pitch_joint_dof,right_wrist_yaw_joint_dof
0.000000,-2109.079102,1037.612305,78.600487,-1.327441,-0.886958,13.799817,2.574174,3.089799,6.845458,11.494781,-13.017274,-0.793974,-1.982502,-4.022030,-20.274738,11.024312,-6.963556,0.609198,1.021142,0.789239,0.245515,-0.044303,15.696237,-37.756435,64.075974,14.982741,12.139842,-0.105279,0.363237,-14.752850,37.041935,66.676178,-16.797760,11.910537,-7.424349
1.000000,-2109.079834,1037.611694,78.600288,-1.325001,-0.889484,13.770241,2.585689,3.091981,6.870842,11.484356,-13.016133,-0.795182,-1.988323,-4.014579,-20.233879,11.025538,-6.962656,0.608316,1.021311,0.796046,0.246084,-0.042119,15.691249,-37.753658,64.077263,14.980110,12.142873,-0.101624,0.365232,-14.751174,37.017513,66.675339,-16.807669,11.911701,-7.421659
2.000000,-2109.080322,1037.610596,78.600143,-1.324024,-0.890929,13.754562,2.592081,3.093985,6.886829,11.479865,-13.015144,-0.796771,-1.992749,-4.007745,-20.201681,11.025980,-6.962055,0.606692,1.015675,0.801985,0.246661,-0.040452,15.687216,-37.751015,64.078957,14.979506,12.145726,-0.098967,0.366889,-14.749804,37.000263,66.673424,-16.817411,11.912988,-7.420187
3.000000,-2109.080811,1037.608398,78.600189,-1.323396,-0.891918,13.757663,2.590958,3.093935,6.880763,11.480565,-13.011770,-0.799291,-1.992786,-4.003660,-20.185024,11.026815,-6.964383,0.604373,1.008669,0.805089,0.247219,-0.039491,15.684417,-37.746803,64.080757,14.980887,12.148288,-0.095994,0.368610,-14.748485,36.992321,66.670395,-16.830297,11.916051,-7.419378
4.000000,-2109.080811,1037.605469,78.600380,-1.322755,-0.892273,13.772423,2.586177,3.092723,6.863053,11.482023,-13.007317,-0.801658,-1.990379,-4.001969,-20.178728,11.028593,-6.968456,0.602985,1.006362,0.806261,0.247324,-0.038382,15.682513,-37.741886,64.081947,14.982169,12.149704,-0.092337,0.369724,-14.747128,36.986813,66.667908,-16.842842,11.920156,-7.417971
5.000000,-2109.080811,1037.602295,78.600609,-1.321603,-0.892114,13.791566,2.579658,3.090533,6.840314,11.483200,-13.002561,-0.803683,-1.987135,-4.001345,-20.174921,11.030513,-6.973656,0.602410,1.005494,0.807265,0.247108,-0.036639,15.680568,-37.736576,64.083000,14.982808,12.150790,-0.087999,0.370348,-14.745653,36.981037,66.665703,-16.855927,11.924573,-7.416291
6.000000,-2109.080322,1037.599609,78.600708,-1.319236,-0.892001,13.797507,2.578259,3.089389,6.833634,11.480879,-12.999854,-0.804752,-1.986695,-4.000124,-20.163946,11.032066,-6.976903,0.602756,1.006097,0.808585,0.246964,-0.034726,15.678539,-37.732849,64.083809,14.981800,12.152068,-0.084532,0.370887,-14.744292,36.972137,66.664490,-16.865349,11.927162,-7.414549
7.000000,-2109.079834,1037.598877,78.600594,-1.316502,-0.892830,13.780408,2.585034,3.089899,6.848740,11.472249,-12.998245,-0.805604,-1.990783,-3.994953,-20.129185,11.033736,-6.978409,0.603543,1.006888,0.812696,0.247379,-0.031777,15.674614,-37.728790,64.085060,14.978773,12.154692,-0.080180,0.372457,-14.742095,36.949944,66.663307,-16.876829,11.929021,-7.411528
8.000000,-2109.079834,1037.599609,78.600327,-1.315028,-0.893614,13.748011,2.598053,3.092759,6.881618,11.460267,-12.997864,-0.806502,-1.999283,-3.985605,-20.077787,11.035212,-6.977105,0.603146,1.006243,0.818994,0.248310,-0.029070,15.669845,-37.725231,64.086586,14.975658,12.157865,-0.076381,0.374802,-14.739792,36.922558,66.661751,-16.888531,11.929974,-7.408371
9.000000,-2109.079346,1037.599609,78.600166,-1.314966,-0.893735,13.735228,2.603456,3.094939,6.896918,11.456749,-12.997599,-0.808003,-2.004190,-3.977984,-20.043316,11.035580,-6.976737,0.601607,0.997782,0.823314,0.249527,-0.027341,15.666468,-37.721687,64.088737,14.975677,12.160921,-0.074013,0.376695,-14.737883,36.906525,66.658722,-16.900196,11.931164,-7.406990
10.000000,-2109.078857,1037.598755,78.600204,-1.315283,-0.893400,13.741509,2.600478,3.094442,6.885949,11.458303,-12.995223,-0.809747,-2.003327,-3.975015,-20.032057,11.036757,-6.979693,0.600311,0.992544,0.824188,0.250606,-0.026655,15.664569,-37.716873,64.090446,14.977595,12.162804,-0.071263,0.378371,-14.736303,36.900257,66.655670,-16.912783,11.934179,-7.405895
11.000000,-2109.077637,1037.597046,78.600365,-1.315376,-0.892017,13.758538,2.594078,3.092827,6.865682,11.460423,-12.992234,-0.811226,-2.000897,-3.973975,-20.028536,11.038317,-6.983996,0.600111,0.990973,0.824253,0.251051,-0.025596,15.663120,-37.711647,64.091667,14.979145,12.163746,-0.067879,0.379322,-14.734783,36.895245,66.653229,-16.924786,11.937945,-7.404308
12.000000,-2109.076416,1037.594971,78.600548,-1.314699,-0.889983,13.778890,2.587912,3.090816,6.847085,11.461896,-12.989653,-0.812155,-1.998656,-3.973939,-20.027411,11.039383,-6.988138,0.600552,0.990438,0.824216,0.251194,-0.024426,15.662016,-37.707520,64.092453,14.979950,12.164252,-0.064917,0.379716,-14.733580,36.891392,66.651550,-16.933983,11.940938,-7.403005
13.000000,-2109.074707,1037.592651,78.600708,-1.313287,-0.887774,13.799879,2.580262,3.087673,6.823575,11.463026,-12.986252,-0.813204,-1.995727,-3.974322,-20.025118,11.040689,-6.994340,0.601636,0.989898,0.824313,0.251419,-0.022640,15.660470,-37.702312,64.093292,14.980488,12.164918,-0.060841,0.380072,-14.732005,36.885948,66.649612,-16.945702,11.944548,-7.401420
14.000000,-2109.072754,1037.590942,78.600655,-1.310702,-0.885919,13.802954,2.578743,3.085942,6.817884,11.459572,-12.984416,-0.813988,-1.996048,-3.973041,-20.009874,11.042336,-6.999497,0.603637,0.990516,0.825071,0.251746,-0.020264,15.658240,-37.697750,64.094124,14.979087,12.166507,-0.056751,0.380695,-14.730199,36.875210,66.648262,-16.956425,11.946849,-7.399514
15.000000,-2109.070801,1037.590698,78.600403,-1.308000,-0.884477,13.783983,2.586464,3.086806,6.837782,11.449850,-12.984249,-0.814630,-2.001979,-3.967158,-19.971645,11.043865,-7.001832,0.605198,0.990822,0.826881,0.252556,-0.017651,15.655114,-37.693787,64.095345,14.976356,12.169433,-0.053060,0.382380,-14.727724,36.855354,66.646927,-16.967016,11.947565,-7.396942
16.000000,-2109.068604,1037.591675,78.600014,-1.306952,-0.882652,13.750060,2.597486,3.090627,6.871240,11.439471,-12.985656,-0.815582,-2.011992,-3.957075,-19.921618,11.044989,-7.001230,0.605102,0.989964,0.829291,0.253594,-0.015562,15.651927,-37.690216,64.096886,14.974009,12.172732,-0.050223,0.384642,-14.725100,36.833740,66.645042,-16.977488,11.947573,-7.394368
17.000000,-2109.066650,1037.592407,78.599762,-1.307650,-0.880804,13.735650,2.601515,3.093228,6.885497,11.436654,-12.986832,-0.816662,-2.016969,-3.950208,-19.893728,11.044977,-7.001123,0.604331,0.983667,0.830381,0.254805,-0.014405,15.650160,-37.687416,64.098640,14.974321,12.175200,-0.048813,0.386128,-14.723265,36.822662,66.642578,-16.985689,11.947817,-7.393358
18.000000,-2109.064453,1037.592651,78.599724,-1.308677,-0.878790,13.741484,2.598907,3.093386,6.877175,11.438170,-12.986297,-0.818272,-2.016762,-3.946492,-19.881968,11.045226,-7.004019,0.603555,0.976680,0.830256,0.256374,-0.013840,15.648850,-37.682976,64.100540,14.976719,12.177170,-0.046760,0.387897,-14.721500,36.816418,66.639313,-16.996902,11.949829,-7.392522
19.000000,-2109.061768,1037.592041,78.599831,-1.309468,-0.875497,13.758915,2.591631,3.091930,6.856349,11.440886,-12.984632,-0.819734,-2.014434,-3.945318,-19.879885,11.045970,-7.008677,0.603907,0.974517,0.829589,0.257076,-0.013006,15.647973,-37.677792,64.101776,14.978827,12.177865,-0.043733,0.389060,-14.719833,36.811596,66.636703,-17.007996,11.953155,-7.391026
20.000000,-2109.058838,1037.590942,78.599968,-1.309424,-0.871513,13.780933,2.582172,3.089172,6.830131,11.443433,-12.982578,-0.820765,-2.011372,-3.945465,-19.880722,11.046512,-7.014665,0.605158,0.973737,0.828887,0.257379,-0.011589,15.647071,-37.672337,64.102745,14.980216,12.178123,-0.040071,0.389676,-14.718104,36.806782,66.634377,-17.019354,11.956776,-7.389357
21.000000,-2109.055908,1037.589600,78.600067,-1.308557,-0.867384,13.803828,2.573695,3.085747,6.804963,11.444607,-12.980263,-0.821537,-2.008131,-3.946238,-19.880913,11.047083,-7.021561,0.607010,0.973301,0.828214,0.257724,-0.009827,15.646120,-37.667149,64.103363,14.981009,12.178317,-0.036194,0.390094,-14.716424,36.802029,66.632347,-17.030022,11.960048,-7.387880
22.000000,-2109.051270,1037.588257,78.600227,-1.304939,-0.867147,13.810161,2.578889,3.082712,6.798553,11.433193,-12.975550,-0.822509,-2.005414,-3.946593,-19.871288,11.048770,-7.027005,0.609445,0.974016,0.825584,0.258106,-0.006256,15.646523,-37.663353,64.101570,14.979760,12.179177,-0.032718,0.391010,-14.715130,36.798313,66.630089,-17.032892,11.961801,-7.386665
23.000000,-2109.045654,1037.588257,78.600349,-1.299691,-0.873482,13.790166,2.607832,3.079784,6.817562,11.399991,-12.966001,-0.824658,-2.001374,-3.944380,-19.836887,11.052852,-7.033118,0.613353,0.974899,0.818416,0.258602,0.001469,15.649136,-37.659161,64.095985,14.976121,12.181696,-0.027901,0.393714,-14.713344,36.793686,66.625542,-17.027805,11.962560,-7.385049
24.000000,-2109.039795,1037.589600,78.600296,-1.295260,-0.883988,13.749790,2.651112,3.079472,6.857465,11.359297,-12.956146,-0.827247,-1.997056,-3.937324,-19.783550,11.056743,-7.037161,0.615769,0.974527,0.809400,0.259421,0.009682,15.652822,-37.655701,64.089767,14.972770,12.184845,-0.023172,0.397502,-14.711113,36.789776,66.619469,-17.020100,11.962363,-7.383844
25.000000,-2109.035645,1037.591431,78.600052,-1.295104,-0.889595,13.725691,2.680574,3.080926,6.886322,11.336768,-12.951908,-0.829042,-1.993395,-3.928857,-19.739216,11.057758,-7.039525,0.616369,0.965865,0.802464,0.260056,0.014974,15.655953,-37.652962,64.086487,14.972990,12.187820,-0.019563,0.401132,-14.708464,36.786026,66.612213,-17.016798,11.962020,-7.384055
26.000000,-2109.034180,1037.592773,78.599953,-1.297334,-0.887679,13.731217,2.677171,3.081166,6.876613,11.341286,-12.952877,-0.829626,-1.991087,-3.924822,-19.729370,11.055273,-7.041869,0.616088,0.955280,0.800669,0.261094,0.015842,15.656873,-37.649364,64.087257,14.977209,12.188254,-0.016051,0.402645,-14.705764,36.782333,66.606598,-17.024899,11.963594,-7.385118
27.000000,-2109.033203,1037.593262,78.599998,-1.299322,-0.882116,13.751222,2.662825,3.079612,6.852349,11.350494,-12.954393,-0.829402,-1.989826,-3.923643,-19.730711,11.052187,-7.044516,0.616860,0.952445,0.799260,0.262181,0.015786,15.657446,-37.644440,64.087990,14.980994,12.186915,-0.011521,0.403479,-14.703153,36.778515,66.602669,-17.036303,11.966445,-7.385568
28.000000,-2109.031738,1037.593018,78.600136,-1.300152,-0.875639,13.776415,2.646390,3.076607,6.822943,11.358342,-12.955084,-0.828493,-1.988563,-3.924054,-19.735361,11.049367,-7.048143,0.618538,0.951822,0.797223,0.262754,0.016299,15.657970,-37.639137,64.088799,14.983928,12.185067,-0.006761,0.403853,-14.700576,36.774502,66.599731,-17.048227,11.969167,-7.385626
29.000000,-2109.029541,1037.591919,78.600258,-1.299849,-0.869214,13.802888,2.635073,3.073736,6.800754,11.362543,-12.955014,-0.827729,-1.987356,-3.924886,-19.738180,11.047897,-7.052075,0.620324,0.951870,0.794910,0.262995,0.017065,15.658357,-37.634983,64.089516,14.985805,12.183664,-0.003034,0.404118,-14.698515,36.771210,66.597977,-17.057467,11.970830,-7.385484
30.000000,-2109.026611,1037.591309,78.600136,-1.298469,-0.864629,13.813107,2.626681,3.071059,6.784414,11.363965,-12.955677,-0.827071,-1.986829,-3.924988,-19.732910,11.047482,-7.057666,0.623420,0.953002,0.791607,0.263418,0.018762,15.658423,-37.629780,64.090523,14.986913,12.182512,0.001837,0.404575,-14.695912,36.765743,66.596268,-17.068745,11.971972,-7.385064
31.000000,-2109.022217,1037.591919,78.599899,-1.295203,-0.865306,13.798748,2.636792,3.070325,6.798272,11.352167,-12.955723,-0.827463,-1.988092,-3.921921,-19.704201,11.049055,-7.061992,0.627092,0.954467,0.786731,0.264492,0.022055,15.659026,-37.625473,64.090004,14.985762,12.183171,0.006281,0.406171,-14.693484,36.758358,66.594009,-17.073997,11.971272,-7.384441
32.000000,-2109.016602,1037.593262,78.599617,-1.291829,-0.871886,13.766555,2.667771,3.070761,6.832090,11.325379,-12.951855,-0.829592,-1.986468,-3.915398,-19.657255,11.052338,-7.065852,0.629645,0.955086,0.774655,0.266145,0.026910,15.663621,-37.621815,64.086113,14.984041,12.185277,0.009937,0.410216,-14.690363,36.753513,66.588875,-17.069710,11.969121,-7.383630
33.000000,-2109.010986,1037.595215,78.599266,-1.290693,-0.881466,13.724263,2.704469,3.074376,6.873152,11.299029,-12.948830,-0.832568,-1.982805,-3.904498,-19.603701,11.054049,-7.067231,0.630209,0.954591,0.759117,0.268070,0.031294,15.671023,-37.618767,64.081154,14.982499,12.187121,0.012862,0.416458,-14.686539,36.749947,66.580902,-17.062317,11.966490,-7.383336
34.000000,-2109.007568,1037.597778,78.598946,-1.294039,-0.884456,13.708550,2.718559,3.078908,6.888480,11.295382,-12.951427,-0.834545,-1.979017,-3.894525,-19.573584,11.051929,-7.067023,0.629273,0.946051,0.747953,0.269466,0.033320,15.676532,-37.615871,64.079742,14.984710,12.187958,0.015452,0.421046,-14.682558,36.746986,66.572731,-17.062054,11.964997,-7.383881
35.000000,-2109.005859,1037.600098,78.598824,-1.298128,-0.880910,13.717651,2.708098,3.080052,6.873264,11.308301,-12.956162,-0.834781,-1.976642,-3.890111,-19.569223,11.047136,-7.066818,0.628843,0.940799,0.742817,0.271102,0.032949,15.678905,-37.611618,64.080513,14.989014,12.186523,0.019623,0.423160,-14.679048,36.744034,66.567215,-17.070557,11.966045,-7.384407
36.000000,-2109.005127,1037.602051,78.598824,-1.301698,-0.873658,13.741094,2.691536,3.079307,6.851489,11.322721,-12.960446,-0.834042,-1.975735,-3.889162,-19.573414,11.043008,-7.067017,0.629686,0.939483,0.741180,0.272104,0.032652,15.679880,-37.607685,64.081154,14.991779,12.184371,0.023450,0.423810,-14.676759,36.741425,66.563950,-17.079111,11.967770,-7.384711
37.000000,-2109.003906,1037.603027,78.598900,-1.303935,-0.865337,13.769921,2.667874,3.076976,6.818710,11.340163,-12.965144,-0.832262,-1.974824,-3.889442,-19.581558,11.037972,-7.068416,0.631907,0.939280,0.739152,0.272811,0.032832,15.680841,-37.602165,64.082031,14.994674,12.181259,0.028632,0.424144,-14.673865,36.737713,66.560631,-17.090946,11.970065,-7.384903
38.000000,-2109.002197,1037.603027,78.598976,-1.304670,-0.857624,13.797734,2.647695,3.073530,6.787042,11.352138,-12.967862,-0.830208,-1.973644,-3.890650,-19.588291,11.034281,-7.071791,0.635132,0.939750,0.735666,0.273039,0.033661,15.681830,-37.596573,64.082924,14.997088,12.178465,0.033756,0.424477,-14.670863,36.733780,66.558113,-17.102520,11.971736,-7.384824
39.000000,-2108.998779,1037.602417,78.598961,-1.302840,-0.853591,13.811624,2.639549,3.070351,6.769883,11.353494,-12.968233,-0.829118,-1.972187,-3.891539,-19.585272,11.033236,-7.076578,0.639292,0.941207,0.728073,0.273371,0.036024,15.684390,-37.591381,64.081932,14.997831,12.177026,0.038573,0.425606,-14.667576,36.729805,66.555344,-17.108521,11.971954,-7.384319
40.000000,-2108.993896,1037.602295,78.598846,-1.298803,-0.857496,13.796024,2.658959,3.068967,6.786778,11.333852,-12.964869,-0.830181,-1.969596,-3.889008,-19.555639,11.035555,-7.081057,0.643908,0.943279,0.712099,0.274434,0.041393,15.691394,-37.587196,64.076698,14.995642,12.177599,0.042752,0.429002,-14.663439,36.726231,66.550362,-17.103083,11.969594,-7.383269
41.000000,-2108.989014,1037.603516,78.598572,-1.296264,-0.865414,13.762600,2.690394,3.070457,6.820030,11.309432,-12.961552,-0.832122,-1.965911,-3.881414,-19.510441,11.037159,-7.083511,0.646498,0.943446,0.693839,0.275915,0.046549,15.700311,-37.584068,64.070724,14.993649,12.178589,0.046118,0.434665,-14.658892,36.723232,66.543053,-17.094950,11.966114,-7.382806
42.000000,-2108.985107,1037.604370,78.598312,-1.296561,-0.871890,13.749253,2.708365,3.072307,6.833024,11.301810,-12.960979,-0.834378,-1.958388,-3.874638,-19.483749,11.035457,-7.085498,0.647335,0.934877,0.675308,0.277715,0.049871,15.711294,-37.581722,64.064926,14.994401,12.178623,0.048085,0.443111,-14.654786,36.721451,66.528328,-17.087284,11.963914,-7.383991
43.000000,-2108.983398,1037.605591,78.598198,-1.299730,-0.873569,13.756941,2.707792,3.073058,6.823288,11.307629,-12.962584,-0.835291,-1.951983,-3.871422,-19.480022,11.032355,-7.086696,0.647299,0.930729,0.663479,0.278943,0.050564,15.718271,-37.579090,64.061974,14.996704,12.177261,0.050639,0.448788,-14.651578,36.720592,66.518456,-17.086689,11.963593,-7.384986
44.000000,-2108.983643,1037.607300,78.598190,-1.303835,-0.868995,13.777530,2.692034,3.073231,6.799111,11.324584,-12.967685,-0.834625,-1.947775,-3.868707,-19.483334,11.026115,-7.086026,0.647814,0.928546,0.657439,0.280230,0.050372,15.721544,-37.574711,64.061401,15.000638,12.174548,0.056199,0.450855,-14.647802,36.718597,66.512970,-17.094187,11.964495,-7.385856
45.000000,-2108.984375,1037.608765,78.598282,-1.307109,-0.861080,13.805035,2.666296,3.071800,6.768118,11.346424,-12.973988,-0.832635,-1.946347,-3.867930,-19.491249,11.017644,-7.084380,0.649670,0.927996,0.655805,0.280950,0.050255,15.722856,-37.569790,64.061440,15.003878,12.171015,0.062392,0.451419,-14.644670,36.715492,66.509300,-17.104872,11.966064,-7.386932
46.000000,-2108.983887,1037.609863,78.598312,-1.306643,-0.858661,13.813560,2.656664,3.069705,6.756358,11.352011,-12.977147,-0.830412,-1.945266,-3.867907,-19.486364,11.013451,-7.084046,0.653595,0.930336,0.650132,0.281625,0.052442,15.725778,-37.565029,64.059021,15.004262,12.169029,0.068409,0.452792,-14.641628,36.711769,66.505508,-17.108059,11.966275,-7.387469
47.000000,-2108.981689,1037.611450,78.598213,-1.304437,-0.862511,13.799705,2.669655,3.068571,6.771358,11.340811,-12.977114,-0.829237,-1.943312,-3.865626,-19.460163,11.013231,-7.084390,0.658160,0.932148,0.637982,0.281870,0.056989,15.731813,-37.561241,64.053940,15.002865,12.168808,0.073599,0.456064,-14.638133,36.708294,66.500435,-17.102808,11.964301,-7.387528
48.000000,-2108.979492,1037.614014,78.597931,-1.303115,-0.870463,13.769876,2.693564,3.069695,6.800663,11.325722,-12.977240,-0.828957,-1.940380,-3.859256,-19.419771,11.013425,-7.083818,0.661203,0.932560,0.623297,0.282287,0.061535,15.739436,-37.558186,64.048386,15.001752,12.168963,0.078104,0.461082,-14.634215,36.705235,66.494057,-17.095980,11.961070,-7.387896
49.000000,-2108.978760,1037.617065,78.597588,-1.306130,-0.874410,13.756875,2.702164,3.072395,6.812612,11.328341,-12.981926,-0.828512,-1.936946,-3.852007,-19.394003,11.010520,-7.081875,0.661886,0.926760,0.613937,0.282720,0.063451,15.744355,-37.555283,64.046463,15.004459,12.168393,0.082403,0.465163,-14.630500,36.702354,66.488205,-17.097013,11.958567,-7.389193
50.000000,-2108.979736,1037.619995,78.597366,-1.310578,-0.872021,13.766298,2.687395,3.073386,6.797408,11.349081,-12.989581,-0.827105,-1.934694,-3.848258,-19.390726,11.004473,-7.079444,0.662087,0.922537,0.610876,0.283409,0.062892,15.746135,-37.551254,64.046913,15.009338,12.165831,0.087794,0.467320,-14.627430,36.699322,66.484230,-17.106812,11.958230,-7.390734
51.000000,-2108.981445,1037.622070,78.597298,-1.314612,-0.865668,13.788858,2.667147,3.073007,6.776118,11.370030,-12.996037,-0.825447,-1.933981,-3.847144,-19.395374,10.998595,-7.077466,0.662933,0.921204,0.610180,0.283830,0.062327,15.746831,-37.547531,64.047432,15.012600,12.163065,0.092323,0.468107,-14.625354,36.696659,66.481918,-17.116098,11.958730,-7.391802
52.000000,-2108.982666,1037.623169,78.597351,-1.317674,-0.858140,13.816798,2.639555,3.071537,6.744826,11.394677,-13.003010,-0.822814,-1.933448,-3.846833,-19.403820,10.991352,-7.075578,0.664873,0.920943,0.609440,0.284098,0.062195,15.747463,-37.542374,64.048027,15.015748,12.159337,0.098351,0.468640,-14.622850,36.692841,66.479561,-17.128130,11.959571,-7.392938
53.000000,-2108.982422,1037.623657,78.597443,-1.317721,-0.854933,13.830493,2.624658,3.069538,6.726043,11.405621,-13.006370,-0.820412,-1.932511,-3.847068,-19.404049,10.987382,-7.075073,0.668210,0.922757,0.606511,0.284197,0.063992,15.748889,-37.537514,64.046738,15.016428,12.156773,0.104355,0.469641,-14.620654,36.688736,66.477104,-17.134485,11.959735,-7.393598
54.000000,-2108.980469,1037.624878,78.597435,-1.315526,-0.858145,13.819943,2.634185,3.068315,6.736923,11.396739,-13.005746,-0.819238,-1.930749,-3.845572,-19.382671,10.987104,-7.074882,0.672693,0.924757,0.598967,0.283744,0.068806,15.752462,-37.533714,64.042107,15.014609,12.156570,0.110030,0.472386,-14.618595,36.684708,66.473259,-17.130072,11.958183,-7.393766
55.000000,-2108.978516,1037.627197,78.597298,-1.313734,-0.866181,13.790988,2.659612,3.069235,6.767839,11.378825,-13.003877,-0.819249,-1.927893,-3.839564,-19.342129,10.987137,-7.073224,0.675815,0.925639,0.589989,0.283631,0.074346,15.756776,-37.530624,64.036629,15.012789,12.157390,0.115692,0.476451,-14.616407,36.681099,66.467911,-17.122974,11.955709,-7.394184
56.000000,-2108.977783,1037.630371,78.596970,-1.316441,-0.870854,13.754714,2.677488,3.075403,6.803435,11.372681,-13.008076,-0.819291,-1.928293,-3.827512,-19.297226,10.982617,-7.067235,0.676253,0.924741,0.586384,0.283045,0.077308,15.758623,-37.528042,64.034546,15.012607,12.157894,0.120747,0.479968,-14.614254,36.676678,66.463280,-17.123377,11.953535,-7.395226
57.000000,-2108.978760,1037.633179,78.596725,-1.320664,-0.869866,13.741587,2.673755,3.080633,6.814819,11.384923,-13.015658,-0.818510,-1.929603,-3.817563,-19.273479,10.973445,-7.060065,0.675137,0.917535,0.586651,0.283049,0.077709,15.758735,-37.525166,64.035728,15.015646,12.157285,0.124981,0.481900,-14.611968,36.672115,66.459190,-17.132095,11.952410,-7.397102
58.000000,-2108.980469,1037.634766,78.596649,-1.324389,-0.865082,13.753119,2.658826,3.081383,6.802366,11.401710,-13.020905,-0.817274,-1.930030,-3.814836,-19.272718,10.967727,-7.056885,0.674664,0.914153,0.586996,0.283201,0.076976,15.758808,-37.522022,64.036674,15.018942,12.155638,0.128538,0.483090,-14.610395,36.669064,66.456589,-17.141090,11.952811,-7.398328
59.000000,-2108.982422,1037.635132,78.596695,-1.327617,-0.858344,13.778002,2.631755,3.080823,6.772646,11.426988,-13.027430,-0.815208,-1.930548,-3.813847,-19.281307,10.961760,-7.054661,0.675105,0.912711,0.587486,0.282646,0.076403,15.758884,-37.517132,64.037613,15.022575,12.152745,0.133573,0.483944,-14.608503,36.665195,66.454025,-17.153156,11.954188,-7.399276
60.000000,-2108.983643,1037.634521,78.596809,-1.329749,-0.851391,13.807576,2.605437,3.079178,6.739294,11.448306,-13.032138,-0.813137,-1.930542,-3.814231,-19.292027,10.957446,-7.054369,0.676651,0.913060,0.587749,0.281317,0.076917,15.758739,-37.511917,64.038269,15.025162,12.149847,0.138894,0.484382,-14.606747,36.661148,66.452316,-17.164604,11.955677,-7.399682
61.000000,-2108.983154,1037.634033,78.596901,-1.328719,-0.850061,13.817651,2.597529,3.077451,6.727162,11.452544,-13.033258,-0.811928,-1.929584,-3.814664,-19.288960,10.956532,-7.055110,0.680062,0.915326,0.586066,0.279699,0.080631,15.759638,-37.507305,64.035667,15.024643,12.148499,0.144490,0.485709,-14.605613,36.656761,66.450279,-17.167423,11.955990,-7.399618
62.000000,-2108.981689,1037.634521,78.596886,-1.326096,-0.855060,13.805432,2.611869,3.076588,6.741853,11.440607,-13.031352,-0.812037,-1.927164,-3.812893,-19.265274,10.958055,-7.055661,0.683817,0.916437,0.582620,0.277925,0.087052,15.761776,-37.503826,64.030098,15.022282,12.148836,0.150081,0.488606,-14.605006,36.652424,66.447037,-17.161850,11.954816,-7.399606
63.000000,-2108.980225,1037.636108,78.596733,-1.324071,-0.864040,13.778019,2.631274,3.077117,6.763914,11.427706,-13.029554,-0.812599,-1.924394,-3.808952,-19.236647,10.959085,-7.055203,0.685631,0.916066,0.580250,0.276985,0.091993,15.763545,-37.501747,64.025452,15.020612,12.149568,0.154310,0.491459,-14.604663,36.649357,66.443779,-17.156307,11.953512,-7.399967
64.000000,-2108.980225,1037.637817,78.596535,-1.324897,-0.870169,13.761695,2.648597,3.078791,6.784692,11.420968,-13.029605,-0.813131,-1.920738,-3.802767,-19.205484,10.958284,-7.053582,0.686065,0.910776,0.579190,0.275952,0.096111,15.765077,-37.499527,64.021713,15.020832,12.150286,0.159122,0.494918,-14.603952,36.645638,66.439056,-17.153481,11.952101,-7.401363
65.000000,-2108.982178,1037.638428,78.596504,-1.327288,-0.869794,13.769460,2.640460,3.079250,6.773767,11.433338,-13.031918,-0.812845,-1.918388,-3.799569,-19.200609,10.954328,-7.051937,0.684883,0.904866,0.580365,0.275269,0.096392,15.765126,-37.496338,64.021530,15.024334,12.149244,0.163947,0.496919,-14.602522,36.642170,66.435463,-17.161228,11.952461,-7.403214
66.000000,-2108.984863,1037.637573,78.596588,-1.329788,-0.865095,13.792510,2.617119,3.078547,6.745799,11.455024,-13.035734,-0.811400,-1.918226,-3.798721,-19.208300,10.949803,-7.050729,0.684494,0.902666,0.582209,0.274297,0.096016,15.764627,-37.492004,64.021935,15.027848,12.147079,0.169145,0.497712,-14.600945,36.638481,66.433098,-17.172216,11.954036,-7.404550
67.000000,-2108.987305,1037.635864,78.596794,-1.331261,-0.859675,13.820170,2.592724,3.076831,6.713737,11.473510,-13.038098,-0.809711,-1.918368,-3.799120,-19.218891,10.945864,-7.050280,0.685001,0.902444,0.583773,0.272951,0.096313,15.763859,-37.487301,64.022484,15.030484,12.144838,0.174390,0.497956,-14.599414,36.634533,66.431648,-17.183496,11.955721,-7.405393
68.000000,-2108.989258,1037.634277,78.596962,-1.330675,-0.856842,13.832767,2.582508,3.075785,6.701300,11.479048,-13.038795,-0.808409,-1.919077,-3.799145,-19.219038,10.944266,-7.050024,0.686182,0.904224,0.585026,0.271872,0.097505,15.762657,-37.483860,64.022987,15.030894,12.143854,0.178479,0.498107,-14.598470,36.630470,66.431267,-17.191536,11.956429,-7.405676
69.000000,-2108.989502,1037.633667,78.596970,-1.328190,-0.859138,13.824661,2.585460,3.075305,6.709125,11.474373,-13.038529,-0.807412,-1.920600,-3.797735,-19.202116,10.944445,-7.049333,0.688652,0.905887,0.586616,0.270333,0.100808,15.761146,-37.480339,64.022141,15.029535,12.144223,0.183385,0.499334,-14.597944,36.623898,66.430466,-17.196499,11.956040,-7.405980
70.000000,-2108.989258,1037.634277,78.596863,-1.325531,-0.867222,13.800774,2.604592,3.075576,6.733313,11.460704,-13.036254,-0.808026,-1.919511,-3.794083,-19.170181,10.946752,-7.048867,0.690805,0.906004,0.586104,0.268605,0.106160,15.761776,-37.477551,64.017509,15.027361,12.145722,0.188011,0.502542,-14.598109,36.618595,66.427597,-17.192322,11.954798,-7.406283
71.000000,-2108.989258,1037.635620,78.596588,-1.325881,-0.874907,13.768612,2.626413,3.079098,6.765417,11.449659,-13.036145,-0.809211,-1.918388,-3.786047,-19.130629,10.947374,-7.046176,0.690697,0.904997,0.587120,0.266630,0.110728,15.761906,-37.475182,64.013908,15.026006,12.147177,0.192387,0.506117,-14.598251,36.613518,66.424347,-17.189976,11.953527,-7.406853
72.000000,-2108.991455,1037.636597,78.596420,-1.328345,-0.877311,13.759828,2.627512,3.083107,6.775585,11.457610,-13.039875,-0.809914,-1.918646,-3.778417,-19.109098,10.944160,-7.042161,0.688197,0.898529,0.592102,0.265451,0.111781,15.759858,-37.472507,64.014694,15.028094,12.147456,0.196129,0.508025,-14.597930,36.608158,66.421600,-17.198179,11.953401,-7.408297
73.000000,-2108.994141,1037.636230,78.596474,-1.330808,-0.875594,13.773013,2.612194,3.083366,6.757639,11.474584,-13.042433,-0.809853,-1.918032,-3.776324,-19.110670,10.940741,-7.040029,0.686100,0.894918,0.597401,0.264603,0.111443,15.757780,-37.468678,64.015579,15.031299,12.146078,0.200265,0.509220,-14.597694,36.603653,66.419479,-17.209366,11.955101,-7.409481
74.000000,-2108.997070,1037.634766,78.596695,-1.332771,-0.871573,13.798799,2.590294,3.082275,6.728422,11.493141,-13.044174,-0.809158,-1.917534,-3.776261,-19.120419,10.937529,-7.038918,0.685101,0.894030,0.602528,0.263249,0.111591,15.755730,-37.464226,64.016159,15.033620,12.144082,0.204720,0.509561,-14.597507,36.599308,66.418121,-17.220448,11.957497,-7.410100
75.000000,-2108.999268,1037.633179,78.596931,-1.332612,-0.869602,13.811574,2.579867,3.081555,6.715547,11.499572,-13.044415,-0.808295,-1.917998,-3.776188,-19.121666,10.936191,-7.038049,0.685392,0.895780,0.606898,0.262123,0.112719,15.753369,-37.460793,64.016693,15.033620,12.143064,0.208469,0.509544,-14.597529,36.594296,66.417862,-17.228674,11.959005,-7.410139
76.000000,-2109.001221,1037.632935,78.596977,-1.331451,-0.869180,13.806391,2.578156,3.081765,6.721560,11.498716,-13.044947,-0.806919,-1.921254,-3.774471,-19.107248,10.935837,-7.035936,0.686707,0.897404,0.615323,0.260411,0.115091,15.748390,-37.457253,64.017944,15.032037,12.143239,0.213079,0.510244,-14.597791,36.580185,66.418365,-17.238428,11.959684,-7.409642
77.000000,-2109.002930,1037.633667,78.596855,-1.330559,-0.868371,13.788521,2.579927,3.083165,6.740142,11.496992,-13.046615,-0.805720,-1.928287,-3.770409,-19.080933,10.935981,-7.032645,0.687432,0.897125,0.627186,0.258363,0.117234,15.741311,-37.454285,64.019768,15.030725,12.144745,0.217322,0.512174,-14.598152,36.557304,66.419144,-17.248316,11.959456,-7.408518
78.000000,-2109.004883,1037.634888,78.596672,-1.330725,-0.867075,13.763599,2.582371,3.086214,6.764826,11.495949,-13.048914,-0.805190,-1.937737,-3.764066,-19.048971,10.935988,-7.028023,0.686945,0.895762,0.640987,0.256504,0.118901,15.733330,-37.451382,64.021881,15.030052,12.146825,0.221091,0.514581,-14.598787,36.532234,66.419746,-17.258371,11.959067,-7.407232
79.000000,-2109.006348,1037.635010,78.596649,-1.331387,-0.866822,13.758302,2.580364,3.087946,6.771949,11.499389,-13.049449,-0.805798,-1.942216,-3.759654,-19.031794,10.935433,-7.025346,0.685309,0.890942,0.652618,0.255641,0.119732,15.727290,-37.448170,64.023788,15.031216,12.148041,0.223762,0.516424,-14.599904,36.517799,66.419373,-17.268644,11.959685,-7.407053
80.000000,-2109.007324,1037.633301,78.596786,-1.332148,-0.865622,13.771632,2.570159,3.087447,6.754544,11.508234,-13.047984,-0.806762,-1.941515,-3.758646,-19.033644,10.935424,-7.026194,0.683472,0.888103,0.660379,0.254430,0.120119,15.723516,-37.444031,64.024872,15.033133,12.147911,0.226341,0.517573,-14.600986,36.512085,66.418739,-17.279255,11.961924,-7.406943
81.000000,-2109.008301,1037.630127,78.597046,-1.332426,-0.863178,13.795126,2.555745,3.086024,6.727052,11.517759,-13.045560,-0.807680,-1.939824,-3.759029,-19.042622,10.935730,-7.028642,0.682301,0.887290,0.666483,0.252657,0.120992,15.720330,-37.439575,64.025558,15.034502,12.147382,0.229278,0.517965,-14.601744,36.507507,66.418373,-17.288954,11.964775,-7.406339
82.000000,-2109.008789,1037.625977,78.597389,-1.331598,-0.860300,13.822548,2.544647,3.084277,6.703987,11.523085,-13.042634,-0.808469,-1.938315,-3.759963,-19.050533,10.936132,-7.031381,0.681834,0.887278,0.671270,0.251198,0.122088,15.717665,-37.436096,64.025925,15.035074,12.147017,0.231848,0.517934,-14.602314,36.503841,66.418335,-17.296190,11.967084,-7.405779
83.000000,-2109.009277,1037.622314,78.597603,-1.329418,-0.858898,13.836005,2.535862,3.082448,6.685124,11.524817,-13.038822,-0.809457,-1.937420,-3.760818,-19.053595,10.937355,-7.034949,0.682001,0.888242,0.679138,0.249486,0.124290,15.713037,-37.431953,64.026260,15.034333,12.147355,0.235551,0.517797,-14.603360,36.496490,66.418770,-17.304722,11.969610,-7.404965
84.000000,-2109.008545,1037.619263,78.597710,-1.324853,-0.862488,13.827832,2.543705,3.081732,6.693654,11.513888,-13.034308,-0.810801,-1.937989,-3.760016,-19.037773,10.940158,-7.037415,0.683162,0.888977,0.688059,0.248176,0.128383,15.707807,-37.428795,64.024925,15.031449,12.149610,0.239422,0.518801,-14.604894,36.484837,66.418831,-17.307507,11.970832,-7.404166
85.000000,-2109.007080,1037.617065,78.597794,-1.319897,-0.871283,13.805969,2.570367,3.081240,6.718885,11.488466,-13.025466,-0.813703,-1.935885,-3.757350,-19.007277,10.945199,-7.040439,0.683868,0.888440,0.690681,0.246784,0.134730,15.706717,-37.426212,64.019562,15.027689,12.152887,0.242683,0.521580,-14.606300,36.479015,66.416321,-17.301212,11.971126,-7.403738
86.000000,-2109.007080,1037.615601,78.597603,-1.318848,-0.878525,13.777770,2.592257,3.085172,6.748195,11.473913,-13.021811,-0.816515,-1.935327,-3.749588,-18.972462,10.947500,-7.040381,0.682175,0.886795,0.696061,0.245229,0.138883,15.704473,-37.424076,64.016449,15.025362,12.155680,0.245571,0.524022,-14.607691,36.473598,66.413727,-17.299530,11.971680,-7.403886
87.000000,-2109.008301,1037.614014,78.597511,-1.319235,-0.881880,13.768854,2.596385,3.088211,6.756312,11.474951,-13.021061,-0.818687,-1.935499,-3.743661,-18.955149,10.947199,-7.039844,0.678956,0.880779,0.704542,0.244573,0.140061,15.700790,-37.421722,64.016556,15.026364,12.157124,0.247928,0.525188,-14.608888,36.468323,66.411407,-17.305777,11.973259,-7.404986
88.000000,-2109.010742,1037.611328,78.597664,-1.319674,-0.881837,13.781704,2.589912,3.087955,6.743788,11.480273,-13.019231,-0.820084,-1.934590,-3.742638,-18.956699,10.946881,-7.040798,0.676488,0.877916,0.710566,0.244188,0.140082,15.698219,-37.418987,64.016869,15.028380,12.157011,0.250080,0.525720,-14.609613,36.464882,66.409958,-17.313057,11.975590,-7.405666
89.000000,-2109.013184,1037.607422,78.597984,-1.319603,-0.879626,13.806659,2.574910,3.086362,6.715797,11.489149,-13.016196,-0.821431,-1.933262,-3.743043,-18.966755,10.946362,-7.042982,0.674024,0.876586,0.717001,0.243128,0.140378,15.695359,-37.414673,64.017204,15.030797,12.156100,0.253227,0.525799,-14.610188,36.460621,66.408707,-17.323048,11.979039,-7.406003
90.000000,-2109.014893,1037.603149,78.598244,-1.317858,-0.878453,13.823505,2.563388,3.084657,6.694402,11.493193,-13.012940,-0.822272,-1.932788,-3.743856,-18.972452,10.946927,-7.045784,0.672786,0.877892,0.722556,0.241900,0.141721,15.692186,-37.410194,64.017662,15.031456,12.155505,0.256720,0.525484,-14.610641,36.455029,66.408379,-17.332806,11.981808,-7.405778
91.000000,-2109.016357,1037.600586,78.598213,-1.315169,-0.879036,13.820274,2.563632,3.084802,6.700048,11.490172,-13.012076,-0.822777,-1.935618,-3.742693,-18.959791,10.948959,-7.047340,0.672713,0.879243,0.730576,0.240802,0.143958,15.687088,-37.406715,64.018753,15.029935,12.156484,0.260005,0.525984,-14.611340,36.441654,66.409058,-17.341644,11.982703,-7.405023
92.000000,-2109.017822,1037.599243,78.598038,-1.313061,-0.879593,13.806639,2.566949,3.085972,6.715887,11.486971,-13.012206,-0.823497,-1.941014,-3.739539,-18.937731,10.951072,-7.047621,0.671954,0.878534,0.741253,0.239898,0.145787,15.680472,-37.403725,64.020355,15.028806,12.158402,0.262905,0.527726,-14.612020,36.420986,66.409859,-17.350510,11.982641,-7.403836
93.000000,-2109.019043,1037.598755,78.597839,-1.312043,-0.879675,13.787821,2.570944,3.088507,6.736639,11.484184,-13.012734,-0.824691,-1.948242,-3.734465,-18.911236,10.952887,-7.046396,0.670167,0.877196,0.752659,0.239317,0.147128,15.673627,-37.400787,64.022194,15.028164,12.160532,0.265304,0.529842,-14.612776,36.399540,66.410400,-17.359253,11.982350,-7.402548
94.000000,-2109.020264,1037.598755,78.597656,-1.311929,-0.879454,13.766268,2.573975,3.091249,6.753221,11.482406,-13.013278,-0.825877,-1.954016,-3.729667,-18.890553,10.953907,-7.044642,0.668288,0.876016,0.760917,0.239152,0.147926,15.668795,-37.398460,64.023666,15.027752,12.162067,0.266744,0.531453,-14.613366,36.384529,66.410522,-17.365789,11.982205,-7.401585
95.000000,-2109.020996,1037.597900,78.597641,-1.312124,-0.879684,13.759943,2.575319,3.093820,6.764309,11.482213,-13.012704,-0.827693,-1.958780,-3.724643,-18.871866,10.954965,-7.043350,0.665308,0.872851,0.769581,0.239528,0.148551,15.663826,-37.395031,64.025536,15.028142,12.163525,0.268082,0.533284,-14.614150,36.370491,66.409950,-17.374596,11.982656,-7.400733
96.000000,-2109.021240,1037.595581,78.597824,-1.312340,-0.879271,13.773445,2.569714,3.093316,6.749361,11.485786,-13.009205,-0.829775,-1.957435,-3.723763,-18.873585,10.956529,-7.045793,0.662340,0.870354,0.773721,0.239985,0.148680,15.661111,-37.390713,64.026985,15.030129,12.163747,0.269379,0.534431,-14.614573,36.365200,66.408836,-17.383696,11.984605,-7.399992
97.000000,-2109.021240,1037.592041,78.598137,-1.312109,-0.877262,13.798069,2.558991,3.091567,6.722116,11.490314,-13.004640,-0.831679,-1.954868,-3.724558,-18.883636,10.958257,-7.050032,0.660400,0.869790,0.775839,0.239680,0.149299,15.659116,-37.385883,64.028107,15.031919,12.163502,0.271139,0.534877,-14.614444,36.361153,66.407990,-17.392193,11.987149,-7.398698
98.000000,-2109.020752,1037.588867,78.598305,-1.310253,-0.876015,13.809259,2.553515,3.090502,6.709272,11.489765,-13.001271,-0.832917,-1.954471,-3.725042,-18.884495,10.960705,-7.054065,0.660213,0.871350,0.779103,0.239318,0.151133,15.656164,-37.381481,64.029068,15.031281,12.164029,0.273348,0.534734,-14.614605,36.355549,66.407906,-17.399593,11.989006,-7.397280
99.000000,-2109.020508,1037.587158,78.598236,-1.307957,-0.875384,13.805634,2.555013,3.090783,6.716376,11.485846,-13.000286,-0.833686,-1.957221,-3.723847,-18.871689,10.963106,-7.056494,0.660758,0.871757,0.785729,0.239058,0.153262,15.651611,-37.378174,64.030136,15.029246,12.165717,0.275266,0.535187,-14.615335,36.345135,66.408272,-17.406158,11.989682,-7.396113
100.000000,-2109.020020,1037.586548,78.598053,-1.306165,-0.874626,13.793607,2.557748,3.091529,6.727595,11.482663,-13.000353,-0.834219,-1.960914,-3.721775,-18.856449,10.964767,-7.057542,0.660821,0.870897,0.792793,0.239042,0.154592,15.647153,-37.375908,64.031166,15.027834,12.167585,0.276533,0.536220,-14.616027,36.333061,66.408562,-17.411478,11.989804,-7.395164
101.000000,-2109.019775,1037.586670,78.597832,-1.305135,-0.873287,13.776909,2.561724,3.093321,6.746029,11.478579,-13.000894,-0.834922,-1.967557,-3.717754,-18.832945,10.966892,-7.057868,0.660168,0.869417,0.802321,0.239143,0.155924,15.641293,-37.372974,64.032623,15.026330,12.170205,0.277757,0.537837,-14.617009,36.316841,66.408638,-17.418537,11.989895,-7.393943
102.000000,-2109.019287,1037.587158,78.597626,-1.304868,-0.871475,13.758456,2.565393,3.095960,6.765202,11.474806,-13.001614,-0.835861,-1.975006,-3.712733,-18.808971,10.968839,-7.057262,0.658867,0.867833,0.810665,0.239422,0.156917,15.636231,-37.369907,64.034096,15.025135,12.172667,0.278361,0.539437,-14.617929,36.302475,66.408241,-17.425570,11.990150,-7.392725
103.000000,-2109.018799,1037.586914,78.597557,-1.305115,-0.870098,13.752467,2.566157,3.097727,6.773337,11.473377,-13.001185,-0.837200,-1.979663,-3.708900,-18.793884,10.970480,-7.057638,0.657079,0.865189,0.816217,0.240138,0.157387,15.632564,-37.366390,64.035652,15.025373,12.174581,0.278515,0.540833,-14.618561,36.292709,66.407166,-17.432888,11.991046,-7.391655
104.000000,-2109.017822,1037.585205,78.597687,-1.305690,-0.868032,13.768052,2.559365,3.096859,6.755516,11.476540,-12.998145,-0.839016,-1.978429,-3.708575,-18.798220,10.972298,-7.061560,0.655275,0.862842,0.818024,0.240790,0.157450,15.630671,-37.361893,64.036987,15.027803,12.175200,0.278952,0.541740,-14.618517,36.288235,66.405777,-17.440796,11.993307,-7.390350
105.000000,-2109.016357,1037.582397,78.597931,-1.305683,-0.864682,13.794274,2.548472,3.094579,6.726364,11.480130,-12.994255,-0.840704,-1.975654,-3.709967,-18.809952,10.974231,-7.067223,0.654448,0.862247,0.818848,0.240765,0.158218,15.629241,-37.356968,64.037788,15.029909,12.175224,0.280069,0.542051,-14.618185,36.284531,66.404724,-17.448233,11.996021,-7.388637
106.000000,-2109.013916,1037.579590,78.598213,-1.302890,-0.864893,13.807170,2.549675,3.092022,6.713457,11.471787,-12.988476,-0.842428,-1.972583,-3.711814,-18.812235,10.977344,-7.072698,0.655557,0.863676,0.818327,0.240675,0.161709,15.629075,-37.352856,64.035378,15.028950,12.175893,0.281877,0.542714,-14.618272,36.281067,66.403122,-17.447777,11.997769,-7.386960
107.000000,-2109.010010,1037.577881,78.598419,-1.298341,-0.872343,13.800030,2.566674,3.090081,6.720042,11.453208,-12.981847,-0.844387,-1.967142,-3.712371,-18.801308,10.980815,-7.077678,0.657699,0.864569,0.816716,0.241071,0.166908,15.629690,-37.348614,64.031250,15.026270,12.177341,0.283988,0.544508,-14.618634,36.277836,66.400818,-17.440222,11.998381,-7.385765
108.000000,-2109.009277,1037.577515,78.597351,-1.296463,-0.874556,13.799332,2.570875,3.089431,6.727979,11.461976,-12.987651,-0.843555,-1.960518,-3.712644,-18.790640,10.980690,-7.084357,0.663569,0.867518,0.816452,0.241569,0.168093,15.624214,-37.324680,64.040367,15.023718,12.176024,0.286600,0.546667,-14.618669,36.274235,66.401840,-17.426256,11.999363,-7.385622
109.000000,-2109.012939,1037.579224,78.595337,-1.298359,-0.865909,13.831039,2.520973,3.089147,6.707003,11.538290,-13.019247,-0.835760,-1.957492,-3.717869,-18.812674,10.971435,-7.091906,0.674478,0.889646,0.819486,0.244357,0.143223,15.601099,-37.271751,64.101051,15.020519,12.157760,0.289285,0.546121,-14.617027,36.271770,66.421944,-17.396051,12.001313,-7.387364
110.000000,-2109.019531,1037.583862,78.593719,-1.302099,-0.849858,13.889364,2.443994,3.083858,6.657048,11.630759,-13.054081,-0.824946,-1.957569,-3.732500,-18.869202,10.960545,-7.098741,0.684984,0.934875,0.820093,0.249922,0.076220,15.567257,-37.261333,64.218529,15.015026,12.117286,0.291235,0.537312,-14.609487,36.271870,66.477821,-17.333702,12.000584,-7.390293
111.000000,-2109.025635,1037.592041,78.593353,-1.300423,-0.825642,13.973768,2.373884,3.069010,6.595008,11.691432,-13.071129,-0.813631,-1.961116,-3.756901,-18.939348,10.954645,-7.106131,0.694137,0.968050,0.815770,0.252959,0.025556,15.539072,-37.248230,64.321419,15.012272,12.079439,0.293903,0.511682,-14.588942,36.271843,66.563416,-17.263924,11.999211,-7.393329
112.000000,-2109.031006,1037.605225,78.594032,-1.291864,-0.792082,14.076827,2.294299,3.027646,6.499241,11.717316,-13.063373,-0.795361,-1.980092,-3.813300,-19.047617,10.971434,-7.128098,0.708664,0.981423,0.798171,0.253180,0.007154,15.512286,-37.202030,64.403961,15.019990,12.048031,0.299237,0.455099,-14.542644,36.269222,66.704475,-17.187777,11.998630,-7.397746
113.000000,-2109.032715,1037.618896,78.592087,-1.268908,-0.763485,14.132045,2.245846,2.977782,6.447481,11.709477,-13.045156,-0.777154,-2.046121,-3.883829,-19.094885,11.079972,-7.194118,0.725566,1.063740,0.752191,0.255275,0.004454,15.488409,-37.131256,64.433319,15.086038,12.037333,0.301265,0.426823,-14.504382,36.268520,66.818588,-17.064169,12.003362,-7.401645
114.000000,-2109.032227,1037.629028,78.587509,-1.245295,-0.726174,14.178471,2.186551,2.931786,6.412037,11.730227,-13.042710,-0.759197,-2.151125,-3.959664,-19.110826,11.262043,-7.297376,0.744198,1.207997,0.668133,0.251731,0.001242,15.469024,-37.051781,64.435089,15.227198,12.036297,0.298605,0.420560,-14.460696,36.270771,66.924522,-16.857624,12.028157,-7.404644
115.000000,-2109.027832,1037.636597,78.582581,-1.221652,-0.697698,14.229526,2.133533,2.889293,6.374649,11.759082,-13.049289,-0.741510,-2.245621,-4.032185,-19.125902,11.445286,-7.406102,0.764242,1.357955,0.552908,0.256509,-0.003110,15.453324,-37.014317,64.443138,15.396118,12.041713,0.292810,0.368572,-14.363942,36.274990,67.126648,-16.567947,12.084772,-7.412305
116.000000,-2109.015381,1037.647095,78.577400,-1.203695,-0.710352,14.260926,2.138755,2.858953,6.357399,11.771183,-13.061193,-0.728190,-2.278224,-4.084637,-19.131226,11.582235,-7.497276,0.781428,1.522134,0.435103,0.282744,-0.020860,15.405865,-36.995617,64.520081,15.498192,12.055652,0.287259,0.296965,-14.237203,36.290218,67.371300,-16.217955,12.199150,-7.442264
117.000000,-2108.996094,1037.661133,78.568825,-1.174980,-0.760093,14.252317,2.225809,2.816855,6.388221,11.757042,-13.084772,-0.710418,-2.307513,-4.162685,-19.093439,11.828733,-7.657793,0.804482,1.831471,0.273114,0.323015,-0.086306,15.332726,-36.784420,64.693527,15.546280,12.066858,0.313240,0.276331,-14.115075,36.363129,67.588783,-15.824217,12.405116,-7.524120
118.000000,-2108.962158,1037.682007,78.558426,-1.116164,-0.849471,14.224557,2.380195,2.754300,6.432280,11.669067,-13.083556,-0.690638,-2.320783,-4.258388,-19.041344,12.094593,-7.838068,0.840536,2.104750,0.124060,0.359525,-0.131241,15.285812,-36.471546,64.838959,15.558021,12.071081,0.353702,0.295809,-14.037824,36.404457,67.687790,-15.595225,12.589686,-7.551864
119.000000,-2108.916992,1037.712280,78.546593,-1.060400,-0.896461,14.257436,2.544654,2.656626,6.448156,11.552740,-13.084196,-0.657059,-2.346555,-4.399530,-19.014074,12.424592,-8.082726,0.906630,2.446744,-0.092012,0.338337,-0.122477,15.204854,-36.022266,65.040695,15.649658,12.102900,0.394793,0.346412,-13.914593,36.414398,67.805214,-15.406804,12.825150,-7.553682
120.000000,-2108.873291,1037.752197,78.529541,-1.004601,-0.925015,14.302875,2.626119,2.559095,6.439431,11.554846,-13.138765,-0.608445,-2.409285,-4.559019,-19.011213,12.810218,-8.357219,0.980384,2.778846,-0.323281,0.325234,-0.084782,15.126069,-35.511028,65.179161,15.740612,12.219095,0.429455,0.360545,-13.772229,36.418365,67.899666,-15.322752,13.102678,-7.530500
121.000000,-2108.823730,1037.802368,78.511154,-0.949586,-1.048831,14.285220,2.790719,2.469005,6.480897,11.524635,-13.195691,-0.565285,-2.428553,-4.705176,-18.959167,13.195942,-8.625194,1.051870,3.138017,-0.555283,0.390234,-0.048483,15.064652,-34.994892,65.265846,15.775728,12.369978,0.507867,0.352160,-13.648075,36.419792,67.921616,-15.253914,13.361113,-7.477228
122.000000,-2108.749023,1037.871826,78.489243,-0.896981,-1.237241,14.218032,3.190603,2.355319,6.600573,11.398745,-13.272549,-0.520860,-2.340175,-4.880534,-18.827227,13.697392,-8.987975,1.151988,3.655025,-0.857965,0.485867,-0.020179,14.966251,-34.483368,65.514473,15.840657,12.576239,0.648503,0.358809,-13.528983,36.482571,67.970901,-15.227134,13.643939,-7.360415
123.000000,-2108.653564,1037.964478,78.460747,-0.845055,-1.409654,14.233979,3.449312,2.262569,6.655173,11.392400,-13.382627,-0.461476,-2.256074,-5.022622,-18.752766,14.065766,-9.277837,1.259359,3.959589,-1.084712,0.494026,0.048735,14.883671,-34.185822,65.779175,15.882665,12.738266,0.693574,0.363205,-13.456864,36.487949,67.998466,-15.227146,13.775784,-7.239728
124.000000,-2108.543457,1038.080444,78.429733,-0.797108,-1.550429,14.397468,3.668945,2.104432,6.564668,11.494625,-13.571055,-0.342524,-2.118201,-5.258681,-18.806202,14.513590,-9.679884,1.449172,4.203167,-1.410369,0.459039,0.177665,14.815132,-33.638142,66.133400,15.881804,12.933806,0.823288,0.363241,-13.347247,36.436176,68.017166,-15.218473,13.870358,-7.134406
125.000000,-2108.425049,1038.228394,78.393242,-0.729543,-1.636503,14.609223,3.841519,1.894405,6.417428,11.609688,-13.781312,-0.189149,-2.022189,-5.562661,-18.907724,15.032173,-10.136065,1.671677,4.393090,-1.774874,0.401527,0.396252,14.791542,-33.450760,66.556389,15.894606,13.129392,0.802267,0.356078,-13.239012,36.361042,68.022408,-15.224854,13.938460,-7.106535
126.000000,-2108.294678,1038.410400,78.351852,-0.656057,-1.722220,14.663477,4.025023,1.670224,6.352180,11.648451,-13.965367,-0.037622,-2.017152,-5.881522,-18.930582,15.614568,-10.595104,1.879083,4.689675,-2.136653,0.368559,0.638581,14.832129,-33.160606,66.822952,16.003889,13.355995,0.865428,0.353740,-13.150914,36.286793,67.991676,-15.228053,13.958749,-7.102425
127.000000,-2108.135254,1038.642700,78.304718,-0.569485,-1.846793,14.481951,4.497409,1.393706,6.583000,11.487424,-14.184849,0.158460,-2.016448,-6.233598,-18.656433,16.342035,-11.148181,2.161605,5.386244,-2.541462,0.374201,1.175797,14.887218,-33.118740,67.062500,16.442696,13.636690,0.783384,0.355769,-13.121785,36.293903,67.810890,-15.333328,14.043363,-7.102994
128.000000,-2107.939941,1038.932739,78.251747,-0.509161,-2.020483,14.497867,5.003410,1.084297,6.682996,11.365964,-14.437462,0.403121,-1.846594,-6.614931,-18.516335,16.947535,-11.690804,2.518773,5.940801,-2.881063,0.407785,1.959573,14.921872,-33.113102,67.149826,16.858446,13.987118,0.710250,0.354174,-13.157084,36.295677,67.445045,-15.292686,14.124421,-7.163869
129.000000,-2107.710693,1039.287476,78.185486,-0.416507,-2.174127,14.643927,5.480682,0.681342,6.615651,11.276352,-14.713647,0.703293,-1.643500,-7.116780,-18.510143,17.633457,-12.311111,2.946701,6.425282,-3.204604,0.400734,2.899512,14.928320,-33.062572,67.108894,17.265970,14.440836,0.539935,0.341253,-13.225051,36.294765,67.082436,-15.114994,14.140118,-7.330131
130.000000,-2107.464355,1039.687988,78.105400,-0.304468,-2.292938,14.909035,5.918150,0.187055,6.430102,11.208249,-15.006237,1.022558,-1.490855,-7.745615,-18.573807,18.488302,-13.020680,3.394442,6.831621,-3.531210,0.360729,3.913815,14.927691,-33.021198,66.981956,17.671692,14.959747,0.285530,0.276797,-13.284504,36.292313,66.777901,-14.868104,14.140802,-7.574419
131.000000,-2107.202637,1040.132690,78.006195,-0.139053,-2.339957,15.280150,6.221153,-0.341439,6.179063,11.198114,-15.287212,1.336276,-1.458158,-8.435228,-18.684660,19.431738,-13.739274,3.804086,7.131885,-3.857684,0.303761,4.810713,14.935085,-32.963684,66.806839,17.835928,15.438381,0.040413,0.225668,-13.366020,36.290607,66.366013,-14.593494,14.144916,-7.859094
132.000000,-2106.934570,1040.598022,77.884834,0.128459,-2.323056,15.591385,6.499442,-0.966135,5.978500,11.130013,-15.537141,1.676083,-1.606897,-9.253525,-18.717573,20.616362,-14.556350,4.226933,7.518004,-4.272944,0.256366,5.632879,14.981095,-32.860207,66.543655,17.855661,15.873907,-0.185288,0.216701,-13.497007,36.313709,65.737633,-14.273832,14.142427,-8.195408
133.000000,-2106.654297,1041.096313,77.743431,0.415786,-2.298201,15.696753,6.869781,-1.737293,5.897954,10.999444,-15.829446,2.070749,-1.895577,-10.247294,-18.566689,22.124844,-15.540932,4.731389,8.135929,-4.806958,0.253495,6.516379,15.076093,-32.674034,66.128105,17.845314,16.294291,-0.434233,0.147198,-13.650302,36.342548,65.001923,-13.973582,14.078306,-8.643989
134.000000,-2106.384521,1041.616211,77.583748,0.724187,-2.281065,15.788789,7.209550,-2.505435,5.936397,10.981168,-16.196127,2.479597,-2.221087,-11.222756,-18.275017,23.612812,-16.480473,5.269332,8.737945,-5.312801,0.286560,7.303993,15.124833,-32.361572,65.782867,17.821911,16.603088,-0.715545,-0.186864,-13.726857,36.303902,64.642494,-13.850556,13.884582,-9.146381
135.000000,-2106.117188,1042.173584,77.402214,1.047950,-2.311192,16.006043,7.500206,-3.363602,5.867103,11.162296,-16.663910,2.939901,-2.486923,-12.350564,-18.090363,25.210287,-17.475838,5.882413,9.019712,-5.827147,0.384579,7.912748,15.137582,-32.077267,65.593636,17.781120,16.844151,-1.098382,-0.795368,-13.762979,36.166046,64.586227,-13.795445,13.629371,-9.695701
136.000000,-2105.877686,1042.733276,77.203514,1.329395,-2.327806,16.245161,7.610800,-4.118232,5.779324,11.606001,-17.239248,3.344703,-2.909321,-13.408534,-17.824169,26.997742,-18.342436,6.385917,9.094748,-6.236835,0.442803,8.270144,15.154823,-31.852831,65.463654,17.759832,17.029144,-1.536479,-1.422459,-13.813259,35.894302,64.581337,-13.792313,13.371721,-10.252851
137.000000,-2105.632080,1043.341919,77.004890,1.481642,-2.472594,16.450523,7.819808,-4.881432,5.685487,12.331510,-18.081514,3.857320,-3.620924,-14.611406,-17.297901,29.785900,-19.011021,6.946064,9.124045,-6.505538,0.605864,8.414290,15.217750,-31.676937,65.279640,17.642370,17.151764,-2.040767,-2.200534,-13.945955,35.472485,64.583359,-13.797264,13.051744,-10.963478
138.000000,-2105.378906,1043.968262,76.824730,1.481359,-2.649623,16.772960,8.033131,-5.395870,5.485599,13.095863,-18.899212,4.320638,-4.829438,-15.702205,-16.695910,33.560505,-18.943193,7.229740,8.987729,-6.534470,0.740117,8.353911,15.404919,-31.664001,65.011734,17.231266,17.128088,-2.514743,-2.830285,-14.147676,35.213058,64.608467,-13.796676,12.724438,-11.691706
139.000000,-2105.104492,1044.574219,76.663307,1.371120,-2.896565,17.330350,8.290496,-5.785166,5.026723,13.927554,-19.735872,4.765322,-6.194259,-16.727161,-16.075678,37.857796,-18.257547,7.089874,8.549377,-6.472425,0.872293,8.111312,15.773599,-31.664305,64.694237,16.600466,17.031887,-3.017540,-3.257619,-14.371660,34.839115,64.623589,-13.791722,12.357209,-12.462197
140.000000,-2104.778809,1045.185547,76.487427,1.344290,-3.168123,17.940132,8.622243,-6.140083,4.612605,14.383348,-20.306541,5.109685,-7.430918,-17.558241,-15.456565,41.500275,-17.411720,6.433981,8.121106,-6.480973,0.948156,7.795615,16.176069,-31.666559,64.438713,16.139149,16.885464,-3.376057,-3.441346,-14.553427,34.423916,64.625206,-13.791245,12.087992,-13.081979
141.000000,-2104.411377,1045.783203,76.290634,1.422633,-3.389438,18.386496,9.155155,-6.662678,4.155602,14.642324,-20.861990,5.498925,-9.073673,-18.535994,-14.449944,45.868740,-16.086235,5.265097,7.616191,-6.615678,0.997030,7.260084,16.698093,-31.671726,64.295158,15.769796,16.628241,-3.688116,-3.529845,-14.774134,33.873302,64.614677,-13.792407,11.832219,-13.751751
142.000000,-2103.990967,1046.378662,76.081940,1.465055,-3.483595,18.803827,9.795190,-7.283401,3.657502,14.890950,-21.561733,5.961444,-11.393548,-19.534588,-13.081480,51.069107,-14.264153,3.559004,6.974576,-6.796391,0.972615,6.329786,17.367880,-31.694805,64.263741,15.495824,16.306599,-3.939477,-3.504078,-15.168427,33.215763,64.486549,-13.782006,11.604763,-14.437156
143.000000,-2103.549316,1046.918701,75.875626,1.491123,-3.359138,19.133513,10.097667,-7.736310,3.267992,15.229156,-22.248814,6.319499,-13.799571,-20.079187,-12.324973,55.002998,-14.051092,2.313072,6.355195,-6.965123,0.840127,5.299435,18.078554,-31.882515,64.106773,15.337920,16.088364,-4.040852,-3.396274,-15.620905,32.753094,64.235023,-13.770208,11.451545,-14.935246
144.000000,-2103.104492,1047.424316,75.684166,1.404670,-3.289156,19.375133,10.340151,-8.027785,2.956583,15.636870,-22.952856,6.577225,-16.451393,-20.263538,-11.950717,58.372227,-14.977849,1.487462,5.503160,-7.025757,0.926512,4.217939,18.941080,-32.321476,63.523590,15.152102,15.917480,-4.079002,-3.371969,-16.067041,31.943720,63.904099,-13.750516,11.226629,-15.399586
145.000000,-2102.638428,1047.925415,75.543304,1.057351,-3.085751,19.694355,10.456990,-7.974903,2.671822,16.205660,-23.739658,6.715075,-19.234667,-20.048510,-12.145567,60.880600,-15.790112,0.878933,4.440349,-6.725183,1.082931,3.114017,19.819071,-32.594707,62.385784,15.118672,15.846603,-4.160521,-3.190974,-16.618301,30.634647,63.352932,-13.720153,10.977418,-15.804331
146.000000,-2102.103516,1048.457764,75.449318,0.473129,-2.751573,20.008220,10.508926,-7.668165,2.396427,16.633810,-24.419527,6.797315,-21.722004,-19.503532,-12.616298,61.962406,-16.298101,0.469061,3.413775,-6.150688,1.159154,2.057705,20.548059,-32.668797,61.074688,15.187085,15.789467,-4.256279,-2.755764,-17.268650,29.361738,62.637012,-13.775180,10.796729,-16.132336
147.000000,-2101.526611,1048.984619,75.386795,-0.184232,-2.422725,20.381167,10.742730,-7.132638,1.976336,16.830694,-25.113379,6.876074,-24.590067,-18.664045,-13.438316,62.133598,-16.673887,0.137956,2.183276,-5.237960,1.318994,0.596957,21.413614,-32.795349,59.209049,15.260732,15.641479,-4.317824,-1.944286,-18.215986,28.080118,61.714436,-13.856709,10.657765,-16.519068
148.000000,-2100.867188,1049.528320,75.324287,-0.730570,-1.957144,20.604481,11.136471,-6.714436,1.704132,16.470181,-25.469910,6.826330,-27.279932,-17.851089,-14.053989,61.202930,-16.786470,0.002250,1.084850,-4.442500,1.390741,-0.721085,22.313931,-33.182987,57.237892,15.048894,15.370503,-4.324911,-1.000807,-19.104542,26.964005,60.675285,-13.756953,10.625668,-16.907894
149.000000,-2100.159668,1050.069580,75.263176,-1.238343,-1.483289,20.858430,11.651341,-6.317572,1.487509,15.886930,-25.682846,6.562943,-29.691448,-17.109663,-14.843730,58.963318,-16.884977,-0.045223,-0.193084,-3.656266,1.464911,-2.034465,23.225573,-33.748180,55.343117,14.342564,14.921617,-4.307971,0.015928,-19.954844,25.896986,59.539070,-13.437915,10.619405,-17.441109
150.000000,-2099.361328,1050.625977,75.192169,-1.706797,-0.887004,21.173116,12.112741,-5.924103,1.356914,15.288288,-25.811813,6.213758,-31.869467,-16.327396,-15.667903,55.639103,-16.834774,-0.051198,-1.665486,-2.878435,1.422454,-3.269085,24.091356,-34.381088,53.605789,13.355255,14.365889,-4.307783,1.143003,-20.732090,24.881048,58.429581,-13.040025,10.591673,-18.078627
151.000000,-2098.472412,1051.186768,75.114922,-2.116818,-0.340424,21.402951,12.530135,-5.658938,1.355258,14.807231,-25.815392,5.987832,-33.127609,-15.654697,-16.132318,52.846958,-16.633022,-0.037250,-2.656252,-2.350462,1.438320,-4.056153,24.669739,-34.760052,52.376133,12.738852,13.970832,-4.325933,2.007777,-21.256557,24.211983,57.652416,-12.780630,10.572011,-18.527872
152.000000,-2097.520264,1051.725952,75.040092,-2.404564,0.113965,21.470558,13.350729,-5.337674,1.461666,14.045938,-25.562042,5.619867,-34.824543,-14.388639,-16.912485,47.616386,-16.108139,0.032699,-4.080342,-1.571805,1.445074,-5.172694,25.605635,-35.216793,50.238537,11.961270,13.261197,-4.412239,3.627865,-22.097977,23.225937,56.356762,-12.308620,10.612145,-19.247662
153.000000,-2096.404541,1052.293335,74.963478,-2.567783,0.485039,21.389717,14.247581,-5.167037,1.730818,13.486803,-25.016117,5.221498,-35.967831,-13.147666,-17.751076,42.852623,-15.295255,0.093921,-5.230603,-0.974710,1.421661,-6.016742,26.370646,-35.423748,48.548859,11.521273,12.537195,-4.519668,5.112119,-22.764284,22.372833,55.369606,-11.872536,10.711727,-19.862488
154.000000,-2095.144043,1052.873413,74.905945,-2.692770,0.852992,21.305328,15.143903,-5.001086,2.182082,13.200936,-24.224041,4.715769,-36.701019,-11.829861,-18.772696,38.318016,-14.148296,0.087506,-6.402507,-0.395299,1.246951,-6.677765,27.015623,-35.516426,47.284832,11.275546,11.816440,-4.687613,6.490098,-23.359985,21.654915,54.807217,-11.595449,10.822898,-20.480396
155.000000,-2093.751221,1053.450928,74.872719,-2.745998,1.129254,21.264340,15.911130,-4.808534,2.754380,13.554296,-23.183064,4.019276,-36.910480,-10.386302,-19.794292,33.877705,-12.890840,-0.067201,-7.577378,0.151435,0.957885,-7.267166,27.533007,-35.527397,46.433346,11.178531,11.213416,-4.969705,7.833557,-23.917316,21.212303,54.629326,-11.350484,11.081100,-21.122898
156.000000,-2092.259521,1054.019287,74.862602,-2.850728,1.092986,21.484602,16.470255,-4.450793,3.404510,14.847488,-22.232212,3.143215,-36.472828,-9.142903,-20.785580,30.423748,-11.600612,-0.521739,-8.608562,0.664151,0.902884,-7.845336,27.869673,-35.529823,45.880772,11.171131,10.757171,-5.252469,9.071343,-24.452524,21.144159,54.530991,-10.843461,11.520961,-21.715338
157.000000,-2090.628418,1054.593262,74.868622,-2.992281,0.950833,21.805179,16.921362,-3.752970,4.574341,17.471237,-20.706299,2.141372,-35.351002,-7.650840,-21.831438,27.156693,-9.939226,-1.273032,-9.726799,1.324438,0.828612,-8.385241,28.105799,-35.523930,45.464695,11.220589,10.226570,-5.559317,10.703454,-25.019434,21.122328,54.532608,-9.950372,12.128627,-22.278685
158.000000,-2088.841553,1055.183594,74.888451,-3.233042,0.667769,21.936168,17.123388,-2.858770,5.798773,20.719122,-18.719875,1.348553,-33.808857,-5.988924,-22.558977,24.505041,-8.038294,-2.399982,-10.434988,2.047750,0.741926,-8.534246,28.166645,-35.440601,45.232285,11.291468,9.686017,-5.783710,12.218606,-25.491745,21.129757,54.590443,-9.205002,12.758353,-22.614397
159.000000,-2086.876221,1055.787109,74.915665,-3.280616,0.166842,22.059898,17.013039,-2.193496,6.700044,24.005825,-16.320837,0.999586,-32.299629,-4.843699,-23.108061,22.926638,-6.550961,-3.388696,-10.826963,2.472858,0.706781,-8.499910,28.133881,-35.393139,45.260502,11.371892,9.222063,-5.944180,13.280932,-25.814241,21.276024,54.729313,-8.645689,13.297691,-22.799934
160.000000,-2084.741943,1056.410156,74.938766,-3.174704,-0.481940,22.184114,16.508615,-1.302970,7.972161,29.148458,-11.645184,0.746050,-29.808823,-3.549054,-23.426523,21.326315,-4.696868,-4.627554,-11.161832,2.826829,0.702196,-8.330274,27.934973,-35.387936,45.615730,11.637866,8.654019,-6.175856,14.430355,-26.214539,21.828255,55.170074,-7.860231,14.016462,-22.958260
161.000000,-2082.524414,1057.052368,74.907272,-3.186610,-0.989252,22.111479,15.712344,-0.290718,9.146133,33.949917,-5.765032,0.455458,-27.330788,-2.246363,-23.254541,20.108757,-3.203707,-5.674422,-11.155231,3.247700,0.433238,-7.868102,27.584412,-35.387318,46.033264,12.063509,8.214328,-6.365855,15.410122,-26.628214,22.562223,55.673885,-7.290874,14.600138,-23.049923
162.000000,-2080.215332,1057.775635,74.763229,-3.726852,-1.339448,21.965951,14.311534,1.602434,10.222542,39.590981,3.531592,-0.679303,-24.499210,-0.175758,-22.522076,19.216183,-0.815792,-8.050131,-10.762123,4.508620,-0.066808,-7.060160,26.825520,-35.347115,46.667240,12.623360,7.671216,-6.493976,16.475313,-27.257462,23.168070,56.242634,-6.633543,15.247136,-23.139671
163.000000,-2078.134521,1058.480103,74.408195,-4.924358,-1.805950,21.634259,12.598541,4.363424,10.653828,44.799858,11.109437,-2.793836,-23.215834,1.547394,-22.174637,20.797634,1.293099,-9.476713,-9.989886,6.604814,0.255083,-6.889343,25.933680,-35.295395,47.515251,12.833299,6.966803,-6.505984,16.769529,-27.923382,23.515524,56.705692,-6.429204,15.766382,-23.231405
164.000000,-2076.292480,1059.049927,73.967010,-6.015250,-2.391824,21.099723,10.007006,7.017731,10.546749,51.818604,10.582600,-3.235448,-22.881083,2.532696,-22.350843,24.628374,0.490258,-9.536306,-8.704498,8.321955,1.194932,-7.135980,25.304432,-35.190598,48.474430,12.909501,6.273283,-6.427777,16.223274,-28.171417,24.022259,57.356201,-6.495835,16.039396,-23.268831
165.000000,-2074.601807,1059.506958,73.695450,-6.722883,-2.765261,20.479168,6.281268,9.106168,9.990702,59.652760,7.366267,-2.846768,-22.793991,3.372303,-22.179045,28.721176,-3.637642,-9.458485,-7.284249,9.449630,2.062808,-7.305755,24.744104,-35.083832,49.874142,12.977177,5.798016,-6.174399,14.843573,-27.974028,24.834284,58.367966,-6.630706,16.016685,-23.121735
166.000000,-2072.965820,1059.868286,73.637764,-6.716406,-2.789443,20.046676,2.224825,10.079982,9.500255,65.954391,3.943461,-2.352690,-22.587023,3.587516,-21.821999,31.303415,-6.755229,-9.391121,-6.204254,9.501516,2.193633,-7.131272,24.434217,-35.189854,51.412003,13.094388,5.591625,-5.926171,13.281509,-27.424675,25.704256,59.353931,-6.739840,15.842711,-22.834427
167.000000,-2071.356689,1060.197998,73.783203,-6.524288,-2.663193,19.941450,-2.866436,10.856730,9.054726,71.997673,-0.215163,-1.802259,-21.732265,3.625733,-21.499279,32.749500,-9.407232,-9.268132,-5.286015,9.043696,1.881231,-6.606655,24.226788,-35.702625,53.393093,13.445798,5.524111,-5.721673,11.389140,-26.669735,26.797136,60.266586,-6.962579,15.453752,-22.464851
168.000000,-2069.805176,1060.522217,74.085526,-6.218749,-2.589948,19.853800,-6.229511,11.138111,8.807706,74.893890,-2.986647,-1.437509,-20.673677,3.690181,-21.207472,32.839828,-10.688782,-9.120259,-4.693347,8.544947,1.553803,-6.064965,24.193689,-36.262806,54.741810,13.627005,5.492406,-5.689522,10.103546,-26.125277,27.383654,60.782520,-7.262920,15.065966,-22.260452
169.000000,-2068.213135,1060.881470,74.508835,-5.876210,-2.587427,19.667134,-10.154605,11.234427,8.565509,77.053635,-6.168023,-0.986732,-18.883188,3.912625,-20.649326,32.104027,-11.807371,-8.839702,-3.959046,7.820776,1.089340,-5.106869,24.233051,-36.973297,56.348694,13.769246,5.453017,-5.747324,8.477650,-25.434523,27.707825,61.355072,-7.830436,14.521699,-22.130009
170.000000,-2066.660400,1061.271240,74.979713,-5.673786,-2.679411,19.454012,-13.655052,11.386569,8.453555,77.742683,-8.919618,-0.559067,-16.611523,4.347335,-20.023710,30.505522,-12.429209,-8.453988,-3.209120,7.188843,0.690848,-4.019589,24.226683,-37.419506,57.753971,14.024611,5.455034,-5.952007,7.024895,-24.900558,27.799099,61.647030,-8.536912,14.066927,-22.125490
171.000000,-2065.166748,1061.693848,75.443802,-5.521645,-2.829125,19.159454,-16.499403,11.559334,8.362464,77.292419,-11.134228,-0.231856,-14.316733,4.872935,-19.423397,28.547411,-12.660315,-8.074444,-2.409350,6.752885,0.408386,-3.020090,24.166912,-37.577972,58.655987,14.119905,5.494074,-6.197683,5.888586,-24.591063,27.806814,61.669769,-9.082810,13.835610,-22.191566
172.000000,-2063.748779,1062.145386,75.872719,-5.302899,-3.179126,18.678042,-19.512489,11.580887,8.272532,75.439110,-13.486148,0.049923,-11.214259,5.488850,-18.430573,25.890224,-12.742083,-7.608485,-1.065109,6.243062,0.419705,-1.975504,23.983782,-37.641426,59.438366,14.136254,5.551897,-6.561795,4.408095,-24.384136,27.880100,61.616684,-9.589889,13.762060,-22.405062
173.000000,-2062.364014,1062.621826,76.253487,-5.114751,-3.548939,18.250477,-21.781059,11.514911,8.054047,72.325424,-14.987552,0.243883,-8.301976,5.958084,-17.521454,23.363018,-12.707792,-7.217628,0.166031,5.852118,0.624015,-1.177569,23.687574,-37.649918,60.167278,13.996176,5.531029,-6.942987,2.959542,-24.257944,28.078392,61.547241,-9.756197,13.758102,-22.716105
174.000000,-2060.995361,1063.120728,76.563774,-4.927201,-3.862494,17.936816,-23.729601,11.448017,7.833605,68.137703,-15.892323,0.378337,-5.575530,6.278290,-16.764315,20.999090,-12.718269,-6.831100,1.136896,5.537005,0.864404,-0.420933,23.318630,-37.655121,60.880260,13.834256,5.517841,-7.354231,1.464122,-24.135683,28.344259,61.364391,-9.855770,13.758175,-23.092102
175.000000,-2059.633545,1063.660767,76.781708,-4.775754,-3.988170,17.501786,-25.136366,11.456286,7.794593,64.225464,-16.163738,0.428444,-3.692051,6.475976,-16.136992,19.368998,-12.806762,-6.505986,1.872223,5.361835,0.968844,0.195762,22.979418,-37.655811,61.368496,13.715915,5.511275,-7.709266,0.301479,-24.046566,28.612133,61.090775,-10.030610,13.754689,-23.441380
176.000000,-2058.324707,1064.238892,76.898254,-4.722374,-4.030711,16.817954,-26.605858,11.620222,7.868769,59.264427,-15.948714,0.442216,-1.772528,6.741663,-15.237981,17.771061,-13.000050,-6.119394,2.901410,5.323215,1.069651,0.863256,22.492477,-37.625088,61.927013,13.509064,5.481493,-8.161620,-1.072170,-23.989897,28.911892,60.637932,-10.222612,13.722205,-23.890150
177.000000,-2057.017822,1064.866821,76.933258,-4.720164,-4.019911,16.069764,-27.953981,11.833294,7.943777,52.476688,-14.923248,0.344484,0.186828,7.019308,-14.110833,16.393204,-13.462599,-5.651980,4.232935,5.478845,1.226446,1.536713,21.803890,-37.485485,62.615845,13.103892,5.399477,-8.765305,-2.782783,-24.000795,29.230152,59.992374,-10.242400,13.574958,-24.416945
178.000000,-2055.699463,1065.532837,76.902527,-4.757116,-3.980419,15.394065,-28.736002,11.780192,7.778162,45.690144,-13.220355,0.181020,1.726914,7.150717,-13.183988,15.602887,-14.138723,-5.206300,5.294971,5.665721,1.339893,2.061344,21.154947,-37.275406,63.324284,12.383786,5.309908,-9.367910,-4.378275,-23.972538,29.492058,59.408901,-10.244081,13.356338,-24.914543
179.000000,-2054.395264,1066.204346,76.815865,-4.864966,-3.944485,14.788573,-29.152950,11.635308,7.416388,39.013630,-11.093168,-0.009715,3.195439,7.242166,-12.338785,15.046105,-14.974704,-4.740952,6.321411,5.865343,1.400239,2.428470,20.480125,-36.965164,64.209625,11.543643,5.245681,-10.029089,-5.975273,-23.828337,29.669155,59.024734,-10.241349,13.054323,-25.513937
180.000000,-2053.008545,1066.915771,76.671997,-4.979372,-3.821554,14.391643,-29.327909,11.431904,7.076156,32.566940,-8.746634,-0.271023,4.573028,7.243086,-11.684455,14.720151,-16.011915,-4.241062,7.132516,5.984748,1.295923,2.812589,19.919483,-36.672020,64.994400,10.821359,5.236058,-10.746789,-7.526335,-23.506828,29.756565,58.871857,-10.227958,12.684513,-26.194391
181.000000,-2051.555420,1067.676514,76.473274,-4.960227,-3.800070,13.974616,-29.253466,11.060559,6.680633,27.515249,-6.932419,-0.566426,5.707068,7.042015,-11.159916,14.879938,-17.232855,-3.767521,7.742630,5.937150,1.224243,3.123250,19.546940,-36.598663,65.608627,10.256115,5.222408,-11.387492,-8.828087,-23.171860,29.780996,58.722034,-10.201580,12.387124,-26.776815
182.000000,-2050.076172,1068.462891,76.227715,-4.889859,-3.816106,13.454871,-28.950127,10.572317,6.060673,22.686375,-5.243808,-0.865660,7.073295,6.617710,-10.401361,15.463769,-19.010584,-3.145467,8.594497,5.736990,1.105959,3.502795,19.176868,-36.589645,66.477371,9.356526,5.120612,-12.103176,-10.259806,-22.772345,29.812561,58.430565,-10.084605,12.091212,-27.465179
183.000000,-2048.546875,1069.267822,75.938782,-4.790153,-3.880506,12.948358,-28.529158,10.135950,5.249952,19.723711,-3.995081,-0.981671,8.403749,6.128788,-9.737475,16.018503,-20.684603,-2.563809,9.372531,5.413453,1.018552,3.854291,18.972891,-36.589962,67.487923,8.139647,4.872794,-12.715403,-11.378425,-22.349937,29.858997,58.220181,-9.972896,11.920234,-28.157528
184.000000,-2046.938843,1070.120117,75.589081,-4.557619,-3.843121,12.517591,-28.341681,9.513007,4.179735,18.472754,-2.874296,-0.997688,9.574326,5.417368,-9.213161,16.822090,-22.547796,-1.899917,10.033152,4.859790,0.870072,4.306880,18.918177,-36.591927,68.391838,7.148270,4.750885,-13.312081,-12.367362,-21.853594,29.897881,58.119198,-9.971065,11.856515,-28.810713
185.000000,-2045.301636,1071.019043,75.185135,-4.116295,-3.771350,12.234927,-28.306026,8.550485,3.264135,19.169462,-1.988496,-0.858562,10.595882,4.334071,-8.853137,18.038700,-24.691767,-1.095750,10.507937,4.047355,0.782926,4.805038,18.913630,-36.594898,69.169449,6.440998,4.753397,-13.851840,-13.245892,-21.343004,29.897745,58.052055,-9.982181,11.849192,-29.357103
186.000000,-2043.702515,1071.903442,74.793968,-3.221651,-3.735112,11.920037,-28.503733,7.734221,3.279012,20.978695,-0.367830,-0.223365,11.184282,3.246935,-8.664435,19.114912,-26.299744,-0.460335,10.825827,3.197663,0.841246,5.036430,18.944105,-36.603096,69.677277,6.002643,4.810513,-14.166826,-13.794483,-20.962534,29.891079,58.042419,-9.965637,11.849072,-29.686199
187.000000,-2042.098389,1072.798218,74.469070,-2.046322,-3.726072,11.341719,-28.706068,6.500683,4.317806,24.654358,1.304332,0.286639,12.128856,0.987751,-8.279884,20.986317,-28.682766,0.649352,11.712306,1.455816,1.252334,5.170084,19.005325,-36.610889,70.455147,5.204934,4.974815,-14.545580,-14.543480,-20.315119,29.892250,58.038284,-9.902589,11.851201,-30.112991
188.000000,-2040.474121,1073.742310,74.231148,-1.190128,-3.716851,10.962687,-28.704708,5.478625,5.236247,27.836891,1.269919,0.682751,12.971345,-1.000471,-8.331290,22.534979,-29.892540,1.805214,12.504877,0.118287,1.475145,5.311246,18.946463,-36.648701,71.140114,4.363383,5.127212,-14.848556,-14.945278,-19.745449,29.925953,58.038776,-9.771430,11.836511,-30.446737
189.000000,-2038.829468,1074.723877,74.075539,-0.678431,-3.741780,10.967594,-28.533108,4.487454,5.615072,30.722883,0.466442,1.167768,13.784174,-2.584190,-8.736776,24.258026,-29.915161,3.040824,12.786761,-0.695686,1.475006,5.609102,18.784231,-36.774918,71.708405,3.506506,5.384155,-15.234367,-15.037556,-19.150703,29.979086,58.086105,-9.561898,11.760496,-30.824362
190.000000,-2037.154785,1075.719604,73.987831,-0.266290,-3.805223,11.360424,-28.089239,3.380265,5.805538,33.209759,-0.801956,1.716771,14.424579,-4.059330,-9.343065,26.584452,-28.984818,4.246661,12.553428,-1.341749,1.256698,6.081676,18.653175,-37.004818,71.935532,3.036500,5.884041,-15.709303,-14.776056,-18.412655,29.986946,58.292370,-9.549174,11.572751,-31.238794
191.000000,-2035.527588,1076.676270,74.014511,0.313931,-3.970219,11.769473,-27.453598,2.237153,6.128973,35.219326,-3.479007,2.196831,14.682789,-5.524418,-9.754704,29.312159,-27.431667,5.180804,12.260768,-2.090097,1.139578,6.323392,18.613409,-37.258224,71.985695,2.813097,6.423637,-16.102737,-14.329368,-17.682514,29.988354,58.731422,-9.587729,11.321136,-31.623056
192.000000,-2034.004150,1077.587769,74.133835,0.783397,-4.214471,12.097629,-26.008057,0.952592,6.592230,36.704117,-6.483747,2.776428,14.393776,-7.299651,-9.907768,33.710175,-23.985559,6.224159,12.130821,-2.827063,1.128700,6.328656,18.509161,-37.583862,72.023483,2.653214,7.055039,-16.537193,-13.677116,-16.786930,29.992519,59.789478,-9.673804,11.018790,-31.995586
193.000000,-2032.500244,1078.513672,74.315605,1.196318,-4.423087,12.411255,-24.385630,-0.176398,6.952676,37.129856,-8.525021,3.313265,13.373075,-8.874410,-9.883288,38.481739,-19.429800,6.682470,11.973063,-3.341712,1.041133,6.195798,18.386948,-38.010910,72.025963,2.515954,7.575562,-16.917627,-12.944323,-16.136944,29.992584,60.749401,-9.706438,10.773717,-32.191883
194.000000,-2031.077393,1079.405518,74.532524,1.669319,-4.569468,12.519630,-22.560354,-1.258357,7.360613,36.884613,-10.042412,3.838643,11.669186,-10.330549,-9.311918,43.422455,-13.278671,6.219820,11.797697,-3.766368,0.941678,5.925306,18.228878,-38.491741,72.021233,2.429866,8.072577,-17.306202,-12.161549,-15.693839,29.994600,61.649174,-9.759459,10.479256,-32.362026
195.000000,-2029.763062,1080.259521,74.761948,2.150578,-4.786907,12.466251,-20.480476,-2.317384,7.854078,36.114563,-11.205669,4.349849,9.407685,-11.763396,-8.447671,48.616478,-8.411222,5.535628,11.572256,-4.080997,1.002682,5.528000,17.994244,-38.775417,72.012756,2.445367,8.532757,-17.618021,-11.496894,-15.445178,30.015753,62.733822,-10.011325,10.069926,-32.524776
196.000000,-2028.563110,1081.076416,74.994026,2.528086,-5.111365,12.293324,-18.468727,-3.145995,8.272172,35.189541,-12.071480,4.787748,6.868865,-12.885999,-7.711620,53.418755,-6.388849,5.009573,11.320686,-4.102042,1.214502,5.083894,17.687149,-38.827209,71.996071,2.558817,8.890086,-17.817413,-10.987013,-15.442150,30.049341,63.840382,-10.501261,9.730269,-32.624249
197.000000,-2027.391113,1081.859131,75.231018,2.832663,-5.536159,12.341531,-16.483847,-3.956553,8.450721,34.136662,-12.712805,5.163403,4.318772,-13.786466,-7.188132,57.992504,-5.897402,4.542518,10.878420,-3.996305,1.461554,4.618501,17.463120,-38.947975,71.886246,2.824225,9.198594,-18.019203,-10.460401,-15.583702,30.207176,64.930077,-11.090970,9.552829,-32.682533
198.000000,-2026.195557,1082.593994,75.478569,3.077258,-5.963947,12.666617,-14.091719,-4.998920,8.294195,32.668743,-13.269406,5.569998,1.397628,-14.623711,-6.832740,62.792126,-6.293137,3.961170,10.042344,-3.852527,1.638824,4.066526,17.398573,-39.209129,71.626404,3.372287,9.564982,-18.321491,-9.643801,-15.809407,30.464458,66.288506,-11.845243,9.480582,-32.706486
199.000000,-2024.979004,1083.272217,75.715836,3.206616,-6.268468,13.011294,-11.699625,-5.928745,7.997312,31.064850,-13.760590,5.918773,-1.502545,-15.169040,-6.544282,66.473351,-7.352772,3.349186,9.117579,-3.707029,1.553068,3.850347,17.573141,-39.966003,71.564247,4.791038,10.092710,-18.723322,-8.598147,-15.964508,30.478912,67.667679,-12.612570,9.533978,-32.699162
200.000000,-2023.732422,1083.905884,75.936958,3.237255,-6.409290,13.450123,-9.581463,-6.686237,7.481943,29.559896,-14.215916,6.178814,-4.534492,-15.422474,-6.544782,69.095039,-8.754975,2.752980,8.106988,-3.518771,1.302075,3.822033,17.933434,-40.391567,71.486504,6.247480,10.689944,-19.056280,-7.361699,-16.185989,30.360107,68.725426,-13.291227,9.734212,-32.627544
201.000000,-2022.556641,1084.446411,76.138466,3.144846,-6.534559,14.012379,-7.815787,-7.218812,6.883017,28.260792,-14.560180,6.358723,-7.266196,-15.366404,-6.665559,70.461205,-10.105758,2.200393,7.233014,-3.333584,1.209389,3.601975,18.422071,-40.269535,71.131500,7.381673,11.115157,-19.269489,-6.211528,-16.407745,30.063076,69.405212,-13.755513,9.980686,-32.448242
202.000000,-2021.405273,1084.925171,76.325363,2.900709,-6.609403,14.756328,-5.830304,-7.654840,5.863865,26.848852,-14.983341,6.489221,-10.574489,-14.948551,-7.179744,70.819763,-11.968785,1.615184,6.239336,-2.994294,1.225714,2.857772,19.128225,-39.796314,70.375931,8.706862,11.526713,-19.383583,-4.736188,-16.688410,29.764832,70.099274,-14.035119,10.397209,-32.024281
203.000000,-2020.294800,1085.348145,76.493927,2.571162,-6.651780,15.564918,-4.207650,-7.844222,4.825809,25.782085,-15.394610,6.536576,-13.351424,-14.562111,-8.178048,69.843758,-13.556488,1.140138,5.305187,-2.595848,1.284642,1.900410,19.781143,-39.642490,69.438011,9.441318,11.788931,-19.330965,-3.439826,-16.883089,29.393452,70.370216,-13.880881,10.879492,-31.379574
204.000000,-2019.149780,1085.745850,76.652267,2.265051,-6.714953,16.286895,-2.554227,-7.936959,3.886516,24.662619,-15.770479,6.547781,-15.830960,-14.324834,-9.452271,67.832970,-14.737544,0.746271,4.417707,-2.243750,1.347538,0.862197,20.316422,-39.547153,68.406784,9.924533,11.989322,-19.200575,-2.288301,-16.929729,29.004457,70.533882,-13.636016,11.296100,-30.721626
205.000000,-2017.993530,1086.105347,76.784821,2.090883,-6.710283,16.748444,-1.203400,-7.976658,3.311915,23.644165,-16.018850,6.521056,-17.750196,-14.119948,-10.332092,65.640976,-15.307327,0.547264,3.888953,-2.050535,1.330480,-0.030209,20.610090,-39.455631,67.556473,10.357561,12.111022,-19.027716,-1.481839,-16.868219,28.753716,70.742210,-13.482483,11.562378,-30.196579
206.000000,-2016.841919,1086.431274,76.872429,2.000610,-6.651335,17.083093,0.344690,-8.038610,2.761188,22.397860,-16.280077,6.484952,-19.959648,-13.802595,-11.051222,62.550808,-15.672727,0.337976,3.270088,-1.938051,1.260175,-1.141310,20.813290,-39.390564,66.657974,10.770021,12.177221,-18.779305,-0.735993,-16.704748,28.381142,70.995796,-13.301193,11.806951,-29.597500
207.000000,-2015.684692,1086.740723,76.928070,1.886680,-6.648190,17.418881,2.232575,-8.049782,2.141522,20.977015,-16.680914,6.466175,-22.262339,-13.373805,-11.902069,57.770378,-15.600764,0.161014,2.514139,-1.782609,1.258488,-2.687827,20.778929,-39.314034,65.843979,10.962091,12.186580,-18.448917,-0.054404,-16.529785,27.941980,71.292488,-12.896816,11.930001,-28.952248
208.000000,-2014.500244,1087.035522,76.946747,1.879393,-6.583833,17.622924,3.988596,-8.073915,1.646616,19.549835,-17.015614,6.431878,-24.032177,-13.072752,-12.788717,52.414986,-15.180913,0.128871,1.934388,-1.701571,1.203641,-4.118953,20.583296,-39.256603,65.152443,11.065943,12.164615,-18.157631,0.470792,-16.382999,27.659962,71.666939,-12.620271,11.938707,-28.433224
209.000000,-2013.235107,1087.335327,76.915977,2.015526,-6.462854,17.677989,5.838786,-8.191531,1.330349,17.884996,-17.293156,6.385519,-25.560757,-12.931252,-13.699459,46.295689,-14.350144,0.125958,1.572980,-1.735825,1.095325,-5.505714,20.224745,-39.194885,64.628746,11.174545,12.051573,-17.860668,0.944865,-16.255486,27.457951,72.051315,-12.589114,11.936862,-28.000908
210.000000,-2011.970337,1087.614746,76.822273,2.210225,-6.388948,17.750142,7.738997,-8.384104,1.001008,16.253349,-17.632092,6.343144,-26.863331,-12.947166,-14.568427,40.074047,-13.465446,0.191621,1.207265,-1.841278,1.064573,-6.829556,19.790373,-39.189350,64.202339,11.171114,11.892668,-17.621264,1.369334,-16.211531,27.342993,72.275352,-12.458183,11.905677,-27.679867
211.000000,-2010.662598,1087.881714,76.673096,2.378053,-6.398291,17.857301,9.471390,-8.508785,0.686746,14.981981,-18.074612,6.285892,-27.790817,-12.987151,-15.283104,34.764698,-12.584548,0.348210,0.856327,-1.913055,1.141239,-7.849995,19.401707,-39.187988,63.793438,10.975972,11.741954,-17.430428,1.687462,-16.204729,27.185404,72.434959,-12.199812,11.784385,-27.507248
212.000000,-2009.229614,1088.147217,76.464882,2.533624,-6.452633,18.053104,11.197065,-8.579236,0.319843,13.879659,-18.618742,6.196510,-28.513418,-13.002646,-15.712755,30.012732,-11.637696,0.595564,0.432499,-1.971014,1.225846,-8.627889,19.043886,-39.187103,63.373878,10.590983,11.618444,-17.292435,1.941486,-16.199827,27.013968,72.662788,-12.008242,11.604694,-27.372633
213.000000,-2007.724731,1088.401367,76.211967,2.664560,-6.447212,18.382320,13.155765,-8.599549,-0.236841,12.747600,-19.364075,6.044763,-29.233919,-13.089437,-15.961163,25.159012,-10.531592,0.900786,-0.209022,-2.044501,1.214681,-9.256441,18.667385,-39.212200,62.855251,10.074034,11.514174,-17.219086,2.226085,-16.192200,26.865719,72.958946,-11.953791,11.412850,-27.217340
214.000000,-2006.161865,1088.638550,75.915176,2.722907,-6.440742,18.879952,14.978807,-8.508747,-0.918169,11.886467,-20.263943,5.859548,-29.802265,-13.294934,-16.163336,21.108221,-9.492694,1.190883,-0.991794,-2.077355,1.150892,-9.665581,18.326681,-39.337776,62.353359,9.634890,11.428226,-17.197388,2.459157,-16.185495,26.785406,73.191422,-11.929407,11.297626,-27.096220
215.000000,-2004.534668,1088.851074,75.568787,2.714796,-6.407471,19.426071,16.686447,-8.249986,-1.677432,11.404773,-21.426174,5.653149,-30.231024,-13.486833,-16.150370,17.977774,-8.534495,1.413949,-1.836612,-2.057907,1.128928,-9.987488,18.018961,-39.540619,61.913742,9.354920,11.390643,-17.192974,2.616476,-16.161440,26.748024,73.330383,-11.773130,11.232551,-27.015005
216.000000,-2002.825195,1089.037964,75.181068,2.601932,-6.338188,20.036837,18.133223,-7.844916,-2.354441,11.191633,-22.638132,5.421589,-30.519190,-13.571901,-15.857101,15.965600,-7.710016,1.505990,-2.511042,-1.985712,1.134461,-10.154999,17.792187,-39.627686,61.487690,9.144134,11.384873,-17.161488,2.748733,-16.126680,26.747219,73.341301,-11.376451,11.173565,-26.981997
217.000000,-2001.079712,1089.201904,74.782822,2.279398,-6.226832,20.711280,19.747097,-6.976791,-3.184931,11.210333,-24.296947,5.028638,-30.658426,-13.489373,-15.301611,14.634295,-6.580728,1.444451,-3.347650,-1.682445,1.160795,-10.157918,17.560232,-39.664352,60.998245,8.916068,11.383099,-17.076187,2.851474,-16.043919,26.749758,73.307129,-10.754138,11.096344,-26.974949
218.000000,-1999.218384,1089.355103,74.363037,1.677582,-5.926886,21.371125,20.908445,-5.736097,-3.733158,11.611607,-26.014088,4.590229,-30.733171,-13.151740,-15.056830,14.740814,-5.417351,1.093339,-3.991986,-1.058451,1.095273,-9.997429,17.368273,-39.670658,60.604038,8.890672,11.394962,-17.001482,2.945436,-15.967133,26.751831,73.182648,-10.357348,11.067380,-26.980467
219.000000,-1997.337524,1089.468994,73.939522,1.013665,-5.488808,22.071441,21.599253,-4.315900,-3.975623,12.582097,-27.747789,4.085597,-30.806713,-12.748532,-14.900257,15.734181,-4.322984,0.570181,-4.584473,-0.345618,0.989063,-9.764219,17.281240,-39.674877,60.306641,8.877117,11.419510,-16.913303,2.993322,-15.841585,26.753576,72.985817,-10.108947,11.011092,-27.023008
220.000000,-1995.370483,1089.526611,73.520798,0.586079,-5.118924,22.563787,21.918526,-3.291766,-3.877881,13.932334,-28.844687,3.592149,-30.853804,-12.415996,-14.496172,17.313013,-3.586219,0.109901,-4.834676,0.043696,1.001042,-9.606140,17.285189,-39.674366,60.242271,8.870879,11.487270,-16.801138,2.992111,-15.639819,26.757441,72.879608,-9.889230,10.894840,-27.059034
221.000000,-1993.223755,1089.558594,73.140457,0.330890,-4.744942,22.783314,22.056227,-2.271056,-3.538704,16.219513,-29.587671,2.867881,-30.750416,-11.980110,-14.056651,19.678040,-2.824030,-0.494201,-4.867868,0.293929,0.974233,-9.236389,17.373814,-39.646179,60.238770,8.876019,11.638267,-16.542141,3.009176,-15.294075,26.774239,72.849747,-9.701371,10.709828,-27.066729
222.000000,-1990.932251,1089.629395,72.862473,-0.184634,-4.318535,22.764357,21.680391,-0.784972,-2.853513,20.390059,-29.609648,1.671425,-30.168549,-11.111729,-14.296880,22.568182,-1.276143,-1.340716,-4.819122,0.922070,0.611844,-8.197875,17.413179,-39.576817,60.349445,8.971308,11.847548,-15.934757,3.158202,-14.910819,26.777781,72.845406,-9.602862,10.408819,-27.058920
223.000000,-1988.646851,1089.758545,72.806839,-1.291225,-4.354074,22.414738,21.203430,1.213493,-1.937502,25.213459,-28.258411,0.420705,-29.705782,-9.734325,-15.119936,25.002478,1.570781,-2.092697,-4.556091,2.451763,0.704351,-7.125799,17.141270,-39.570652,60.667950,9.203809,12.047620,-15.247362,3.185311,-14.876445,26.810989,72.750488,-9.504239,10.008908,-27.017105
224.000000,-1986.212402,1089.895874,72.986595,-2.446603,-4.461290,22.117755,20.415237,3.375161,-1.167930,30.676249,-24.618799,-0.910415,-28.551008,-8.193541,-16.121443,26.965097,2.215807,-2.614146,-4.364330,4.103249,0.813476,-6.033849,16.760843,-39.578396,61.301888,9.524764,12.275490,-14.701025,3.356668,-14.885496,26.948357,72.615822,-9.411005,9.569516,-26.883842
225.000000,-1983.785034,1090.004639,73.321068,-3.290037,-4.503386,21.919643,18.899960,5.485272,-0.239474,36.601597,-17.567245,-2.574710,-26.844786,-6.651803,-16.984930,28.087080,1.827531,-3.033529,-4.106226,5.381846,0.491506,-4.949721,16.408897,-39.674408,62.266014,10.150430,12.587524,-14.229634,3.739722,-14.796281,27.195288,72.607407,-9.404567,9.140036,-26.671078
226.000000,-1981.379883,1090.069336,73.680748,-3.718147,-4.484045,22.086841,16.863842,7.116170,0.424392,41.769730,-8.639837,-3.371675,-25.175125,-5.704335,-17.670914,28.743023,1.290116,-3.419468,-4.061571,5.986863,0.058198,-4.167887,16.278082,-39.911995,63.143250,10.868123,12.905868,-13.834541,4.036030,-14.644951,27.358727,72.651497,-9.466720,8.777784,-26.475887
227.000000,-1979.187012,1090.130005,74.010590,-4.049496,-4.533070,22.342376,13.771211,8.579046,0.830439,47.648720,-0.806790,-3.082636,-23.325413,-4.833377,-18.275438,29.883352,-0.873326,-3.715192,-3.995508,6.446101,-0.082719,-3.746488,16.168449,-40.204338,64.144150,11.743380,13.203461,-13.357275,4.002695,-14.588525,27.334641,72.671738,-9.778199,8.378011,-26.326021
228.000000,-1977.181396,1090.207153,74.373528,-4.318076,-4.717957,22.517315,10.287933,9.428640,1.187686,54.049850,0.102259,-2.425466,-21.503717,-4.049941,-18.641592,30.510128,-3.446786,-3.797804,-3.661377,6.783497,0.267352,-3.853790,15.976416,-40.706951,64.983704,12.437765,13.372324,-12.932615,3.659232,-14.735105,27.293669,72.527725,-10.442835,8.055438,-26.234798
229.000000,-1975.304077,1090.311035,74.769501,-4.374831,-4.910802,22.354398,7.477425,9.835692,1.821849,58.583569,-0.212475,-1.841836,-20.000782,-3.412917,-18.656301,30.461321,-4.968396,-3.833154,-3.136860,6.864887,0.544023,-3.932338,15.823780,-41.092808,65.423233,12.756023,13.498587,-12.729047,3.354488,-14.942551,27.280558,72.254074,-10.932990,7.775150,-26.199739
230.000000,-1973.524902,1090.427734,75.185509,-4.145652,-4.989843,22.023572,3.742441,10.050264,2.938006,63.457222,-1.168095,-1.073519,-18.088192,-2.671882,-18.363167,29.975527,-6.495770,-3.861637,-2.284961,6.679471,0.752378,-3.897232,15.664250,-41.385769,65.709892,13.059862,13.602796,-12.628081,2.917846,-15.287066,27.263901,71.735039,-11.407394,7.377118,-26.202938
231.000000,-1971.815308,1090.561523,75.600418,-4.001348,-5.021999,21.931649,0.334542,10.187591,3.901933,66.763016,-2.373663,-0.468326,-16.310648,-2.154554,-18.166384,29.197886,-7.550301,-3.871921,-1.566185,6.381868,0.863760,-4.036300,15.633604,-41.270622,65.840401,13.223680,13.623619,-12.503036,2.509858,-15.665057,27.263655,71.157120,-11.723204,7.075931,-26.266727
232.000000,-1970.133423,1090.724609,75.984550,-3.784636,-5.066483,21.717442,-3.622735,10.363851,4.946814,69.299767,-4.356855,0.109119,-14.032739,-1.516234,-17.974199,27.958916,-8.626191,-3.841325,-0.444725,6.122610,0.839275,-4.825871,16.022236,-40.904541,65.849075,13.317867,13.632133,-12.357594,1.997695,-16.299475,27.271551,70.402908,-12.083112,6.841090,-26.456078
233.000000,-1968.524902,1090.925293,76.340469,-3.604740,-5.163779,21.528778,-6.779080,10.599293,6.021214,70.075104,-6.544285,0.498935,-11.875386,-0.990090,-17.715607,26.635960,-9.435824,-3.729627,0.488333,5.871992,0.799190,-5.496142,16.337830,-40.808990,65.840858,13.548845,13.590496,-12.341154,1.259140,-16.861456,27.279329,69.775040,-12.305441,6.787788,-26.824415
234.000000,-1966.940918,1091.175537,76.680634,-3.467447,-5.409391,21.453705,-9.490311,10.851878,6.880510,69.742439,-8.800545,0.672787,-9.465567,-0.498513,-17.553810,25.030132,-10.069300,-3.584973,1.109021,5.692475,0.850689,-5.899251,16.471367,-40.778625,65.835777,13.747453,13.546248,-12.341315,0.323526,-17.349316,27.277643,69.180946,-12.377859,6.769653,-27.336193
235.000000,-1965.364014,1091.469727,76.986961,-3.231085,-5.678041,21.226154,-11.939280,10.953837,7.649506,68.353683,-11.084796,0.732622,-6.946900,-0.086524,-17.231821,23.330124,-10.661240,-3.402168,1.766986,5.447979,0.872188,-6.068921,16.514864,-40.705650,65.786110,13.887076,13.571762,-12.323656,-0.688350,-17.778481,27.275623,68.474442,-12.389644,6.746232,-27.883413
236.000000,-1963.835205,1091.789185,77.237717,-3.008054,-5.944070,20.933082,-13.919594,10.995863,8.136525,66.445671,-12.794779,0.807755,-4.724442,0.273319,-16.853748,21.791367,-11.144611,-3.230081,2.430161,5.257175,0.872762,-6.196186,16.653019,-40.505020,65.762825,13.933264,13.650979,-12.278961,-1.591440,-18.098354,27.275726,67.786858,-12.381165,6.616819,-28.371307
237.000000,-1962.355469,1092.121582,77.436203,-2.708268,-6.169132,20.528200,-16.041340,11.131072,8.815805,63.205582,-14.295135,0.854248,-2.257112,0.556048,-16.303076,20.146889,-11.751025,-3.008847,3.221986,4.916147,0.955346,-6.239063,16.729321,-40.393452,65.773056,13.952271,13.666245,-12.361528,-2.786499,-18.308664,27.292725,66.972595,-12.275537,6.343358,-28.895889
238.000000,-1960.933838,1092.465698,77.572495,-2.522667,-6.370183,20.334515,-17.454988,11.232255,9.086892,60.375610,-14.872905,0.851098,-0.517383,0.739385,-16.064714,18.976318,-12.159941,-2.829786,3.659751,4.716832,1.084030,-6.281796,16.798811,-40.139648,65.770325,13.954226,13.751475,-12.426878,-3.659539,-18.376699,27.311497,66.339340,-12.098938,6.112710,-29.217943
239.000000,-1959.531982,1092.831177,77.642113,-2.439216,-6.554275,20.276703,-19.164097,11.381213,9.239743,56.193577,-15.158679,0.811862,1.700485,0.979342,-15.952782,17.506224,-12.700914,-2.569068,4.093001,4.510006,1.283173,-6.326505,16.901749,-39.765049,65.724854,13.870637,13.829898,-12.582211,-4.856039,-18.395908,27.446426,65.585167,-11.719728,5.743937,-29.550129
240.000000,-1958.124756,1093.245361,77.648117,-2.426032,-6.597644,20.362469,-20.691563,11.492897,9.310320,51.225437,-14.805918,0.657365,3.767028,1.211113,-15.989646,16.157232,-13.305102,-2.268047,4.401469,4.354115,1.367718,-6.330366,17.071627,-39.644653,65.656403,13.500443,13.860758,-12.756158,-6.128833,-18.385605,27.771376,64.954597,-11.114350,5.288082,-29.780767
241.000000,-1956.773560,1093.712280,77.598572,-2.449492,-6.523916,20.464386,-21.779774,11.389444,9.236687,45.801327,-13.802182,0.373663,5.411418,1.366322,-16.079430,15.101869,-13.902525,-1.951319,4.515224,4.259060,1.318591,-6.237716,17.101625,-39.619030,65.708427,12.797180,13.865129,-12.904976,-7.260305,-18.390820,27.862684,64.323456,-10.564571,4.840513,-29.920414
242.000000,-1955.427734,1094.250610,77.470650,-2.562495,-6.483425,20.441964,-22.852018,11.262484,8.979177,39.134781,-12.201761,0.010196,7.267789,1.602031,-16.081619,14.164176,-14.820490,-1.542346,4.712118,4.335647,1.312895,-6.178759,17.121778,-39.548107,65.866219,11.932836,13.871612,-13.025441,-8.803965,-18.508116,27.874271,63.613045,-10.171958,4.277245,-30.159098
243.000000,-1954.064331,1094.857666,77.302917,-2.619833,-6.417088,20.510511,-23.390213,10.955226,8.829493,32.912937,-10.121605,-0.329525,8.864429,1.657142,-16.118687,13.576589,-15.804114,-1.107125,4.896134,4.363764,1.291697,-6.004446,17.089689,-39.527855,65.906975,11.384586,13.806008,-13.362216,-10.102798,-18.644550,27.859940,63.089298,-9.871726,3.789667,-30.523308
244.000000,-1952.698364,1095.512695,77.093338,-2.628697,-6.382782,20.616209,-23.746332,10.532109,8.804702,27.342905,-8.099540,-0.607393,10.386905,1.567712,-16.237549,13.226057,-16.912506,-0.607160,5.119882,4.292468,1.225281,-5.821369,17.072557,-39.345089,65.913490,11.069005,13.760183,-13.586822,-11.110713,-18.777164,27.824522,62.602703,-9.677056,3.375771,-30.982632
245.000000,-1951.362793,1096.204224,76.848618,-2.635640,-6.360399,20.650926,-23.911913,10.150680,8.649889,23.622143,-6.681712,-0.807336,11.567550,1.437039,-16.275711,13.093345,-17.855196,-0.180006,5.401677,4.209018,1.160599,-5.678762,17.062883,-39.270378,65.912384,10.881232,13.726772,-13.860374,-11.736785,-18.880663,27.820578,62.262169,-9.601613,3.121544,-31.339422
246.000000,-1949.973877,1096.972900,76.553589,-2.631117,-6.341116,20.657784,-24.046135,9.691213,8.340678,20.015554,-5.276324,-0.970120,12.934018,1.228141,-16.320148,13.038426,-19.017540,0.380550,5.749587,4.097086,1.054950,-5.491809,17.072624,-39.283619,65.921951,10.465289,13.699537,-14.296082,-12.290167,-18.997177,27.828173,61.788654,-9.484427,2.919165,-31.729609
247.000000,-1948.517090,1097.839600,76.211014,-2.554601,-6.332831,20.457019,-24.058783,9.247056,8.199047,17.051258,-3.832260,-1.029103,14.469024,0.766462,-16.427282,13.310321,-20.543289,1.174702,6.202432,3.884483,0.966090,-5.301340,17.165617,-39.334839,66.051315,9.573175,13.687924,-14.818385,-12.770162,-19.070581,27.846210,61.175858,-9.298414,2.771045,-32.176739
248.000000,-1947.095093,1098.764282,75.850075,-2.410027,-6.296122,20.008385,-23.948128,8.926590,8.206656,15.796099,-2.609598,-0.842221,15.692871,0.055699,-16.743210,13.909116,-22.036160,2.012586,6.773066,3.658736,0.893929,-5.057715,17.165737,-39.368950,66.266617,8.684361,13.683130,-15.565758,-13.062885,-19.114639,27.847731,60.636280,-9.182910,2.709436,-32.570847
249.000000,-1945.694580,1099.750000,75.472382,-2.232876,-6.256931,19.723762,-23.922220,8.423794,8.138538,16.062675,-1.449497,-0.297407,16.865953,-0.881917,-17.484402,14.705174,-23.479227,3.004055,7.166769,3.403204,0.863304,-4.829131,17.144367,-39.347298,66.523369,8.016810,13.709091,-16.206861,-13.187118,-19.185780,27.816420,59.958458,-9.175402,2.711837,-32.949810
250.000000,-1944.194580,1100.861206,75.073273,-1.826886,-6.181364,19.604905,-23.879826,7.578105,8.464990,17.520267,-0.228459,0.726464,17.999220,-2.235541,-18.556589,15.805870,-24.904991,4.202255,7.319293,2.914070,0.806883,-4.478055,17.104340,-39.348808,66.685341,7.577007,13.718914,-17.000034,-13.172329,-19.186819,27.798487,59.375946,-9.243668,2.717634,-33.273502
251.000000,-1942.691284,1101.954834,74.763054,-0.999744,-6.081021,19.648656,-23.971298,6.468173,8.739247,19.683638,2.236914,1.890755,18.916655,-3.954437,-19.542995,17.077368,-26.019869,5.331297,7.431250,1.935539,0.820780,-4.300398,17.194937,-39.359829,66.966766,7.293971,13.828543,-17.432060,-13.042110,-18.971720,27.797575,59.166920,-9.336339,2.735476,-33.521717
252.000000,-1941.208984,1103.063354,74.579216,-0.187570,-5.964781,20.016908,-24.045900,5.343391,9.100925,21.971046,3.402953,2.296564,19.694723,-5.688221,-20.360441,18.573061,-26.424778,6.428685,7.463536,0.914420,0.869040,-4.283516,17.335562,-39.449150,67.370049,7.123043,13.914249,-17.839935,-12.785298,-18.689938,27.801476,59.148403,-9.386579,2.818022,-33.747723
253.000000,-1939.754883,1104.217529,74.513695,0.378271,-5.911095,20.947095,-23.931311,3.853582,9.151580,24.365355,3.232827,2.769510,20.526180,-7.468927,-21.266247,20.647053,-25.690931,7.717780,7.119760,0.022861,0.917114,-4.303207,17.334333,-39.821987,67.856499,6.817230,13.940459,-18.407234,-12.313397,-18.384981,27.808617,59.250919,-9.406681,2.989481,-34.102913
254.000000,-1938.252441,1105.477051,74.528229,0.651112,-5.849233,22.115854,-23.582949,2.381555,8.895731,26.338892,2.454067,3.399577,21.091833,-8.898613,-21.786682,23.249756,-23.701715,8.926726,6.610267,-0.442389,0.827458,-4.384296,17.352514,-40.385746,68.337624,6.422242,14.117689,-18.889812,-11.635555,-18.125916,27.838614,59.504025,-9.463764,3.199816,-34.657703
255.000000,-1936.761108,1106.765137,74.629547,1.133931,-5.931692,23.205987,-22.763771,0.810834,8.775805,27.958855,0.736637,4.016536,21.171432,-10.501153,-21.504105,26.872263,-20.657185,9.936867,6.314954,-0.868394,0.847860,-4.528904,17.554932,-41.028118,68.489189,6.315409,14.363914,-19.473442,-10.887187,-17.846012,27.878454,59.993011,-9.536132,3.363218,-35.275867
256.000000,-1935.231812,1108.102905,74.826637,1.740955,-6.064198,24.252069,-21.568829,-0.797223,8.744359,28.767031,-1.312229,4.606830,20.922480,-11.987718,-20.548061,30.396219,-17.075714,10.118703,6.172188,-1.365621,0.912990,-4.644359,17.837214,-41.633541,68.437508,6.334792,14.536315,-20.005787,-10.182616,-17.511555,27.887882,60.591335,-9.542122,3.434004,-35.754944
257.000000,-1933.855591,1109.341187,75.039558,2.146462,-6.067609,25.129678,-19.957417,-2.534448,8.617440,29.078575,-3.365504,5.282304,20.061617,-13.461805,-19.175434,34.706909,-11.593390,9.038508,6.058843,-1.725351,0.767120,-4.702150,18.024952,-42.370720,68.358612,6.490816,14.690298,-20.358198,-9.334930,-17.150259,27.972881,61.486645,-9.548632,3.404385,-36.234161
258.000000,-1932.598633,1110.508789,75.234192,2.475305,-6.066869,25.903274,-18.741844,-3.655639,8.476112,29.010811,-4.564541,5.784643,18.982935,-14.469675,-18.281754,38.051647,-6.902870,7.485615,5.984216,-1.850377,0.676652,-4.783837,18.044945,-42.895992,68.350090,6.744454,14.774282,-20.468868,-8.911870,-16.907291,28.055174,62.385120,-9.568185,3.288502,-36.603279
259.000000,-1931.299805,1111.722046,75.401390,2.890578,-6.087364,26.677982,-17.105299,-5.134075,8.240957,28.704733,-5.942602,6.441270,17.132618,-15.605806,-16.858574,42.311474,-0.195884,5.048420,5.852871,-2.043787,0.673955,-4.991493,18.043821,-43.467392,68.337219,7.201439,14.894873,-20.586502,-8.533054,-16.599161,28.150785,63.712826,-9.710109,3.083712,-37.147934
260.000000,-1930.109375,1112.846436,75.536636,3.212121,-6.190941,27.412913,-15.435308,-6.468484,7.900333,28.264135,-7.153813,7.013357,14.547100,-16.320478,-15.247765,47.319977,2.056882,3.481771,5.647188,-2.148496,0.894109,-5.372190,17.996204,-43.778358,68.312050,7.759859,15.007921,-20.637726,-8.424101,-16.361244,28.501087,65.252609,-10.045265,2.822479,-37.654747
261.000000,-1929.017090,1113.890991,75.653526,3.354919,-6.455763,28.256694,-13.902949,-7.499054,7.359592,27.922348,-8.130643,7.442509,11.851666,-16.646858,-14.255141,52.389858,1.263237,2.425556,5.211555,-2.042603,1.299952,-5.895589,17.867895,-44.012024,68.292709,8.288527,15.061844,-20.644745,-8.437410,-16.237087,28.913921,66.607376,-10.380454,2.625518,-37.968502
262.000000,-1927.933716,1114.901489,75.780815,3.334445,-6.697920,29.261502,-12.027298,-8.608140,6.370298,27.477991,-9.229133,7.874395,8.277633,-16.715498,-13.526024,58.339451,-1.057953,1.387419,4.365734,-1.727561,1.640357,-6.546582,17.688328,-44.542652,68.299820,9.249594,15.338659,-20.526009,-8.362773,-16.120909,29.482725,68.267105,-11.012982,2.538908,-38.107475
263.000000,-1926.869995,1115.853516,75.921562,3.310071,-6.838015,30.311973,-10.748400,-9.323402,5.568584,26.991049,-9.840030,8.117658,5.710636,-16.671497,-13.222972,61.800259,-2.956710,0.877911,3.733803,-1.517174,1.674600,-6.997636,17.576448,-44.714565,68.296356,9.681532,15.433438,-20.400957,-8.175932,-16.028280,29.781450,69.372452,-11.547494,2.537017,-38.097664
264.000000,-1925.816406,1116.753052,76.074112,3.219134,-7.010053,31.550637,-9.000950,-10.206953,4.346084,26.182981,-10.486012,8.392240,2.616647,-16.515127,-13.050843,65.186134,-5.461948,0.359831,2.866471,-1.279145,1.651039,-7.703269,17.396225,-44.700775,68.251915,9.996851,15.445401,-20.176168,-7.812015,-15.871146,29.922043,70.754120,-12.293245,2.547919,-38.016418
265.000000,-1924.765991,1117.612793,76.233360,3.018119,-7.109814,32.926946,-7.252723,-10.959499,2.872527,25.310362,-11.069028,8.645715,-0.291513,-16.140015,-13.057610,67.235153,-8.085814,-0.126957,1.866418,-1.014748,1.472556,-8.519529,17.164646,-44.616188,68.087097,10.338372,15.442463,-19.875090,-7.353765,-15.682771,29.927162,72.204163,-13.100089,2.554520,-37.803909
266.000000,-1923.732544,1118.424561,76.384888,2.866844,-7.191997,34.110770,-5.682562,-11.500222,1.574632,24.444872,-11.534274,8.856465,-2.929457,-15.687798,-12.930055,68.221878,-10.378592,-0.510622,1.062352,-0.815555,1.292000,-9.360732,16.961210,-44.553749,67.778450,10.434521,15.436121,-19.530249,-6.860584,-15.573893,29.898991,73.273659,-13.620755,2.578327,-37.481693
267.000000,-1922.690796,1119.206299,76.525108,2.749250,-7.284701,34.926341,-3.662345,-11.937512,0.332758,23.233316,-12.053437,9.035446,-6.273092,-15.016191,-12.465243,68.527267,-12.885753,-0.861331,0.382161,-0.652376,1.215396,-10.384888,16.832413,-44.749844,67.341492,10.838530,15.377893,-19.074100,-6.267571,-15.507156,29.746162,73.988960,-13.888375,2.696604,-36.957809
268.000000,-1921.668457,1119.935303,76.648857,2.572615,-7.342481,35.761945,-1.948031,-12.151242,-0.792910,22.243090,-12.539167,9.164195,-9.229500,-14.340197,-12.409622,67.697861,-14.861603,-1.163423,-0.229589,-0.462312,1.185670,-11.173300,16.819479,-44.578102,66.904045,10.835754,15.358018,-18.546387,-5.754789,-15.473433,29.421015,74.170670,-14.084087,2.906121,-36.483276
269.000000,-1920.671143,1120.610107,76.748695,2.340240,-7.261892,36.690559,-0.530447,-12.281293,-2.029979,21.476856,-13.041031,9.277954,-12.110347,-13.488333,-12.484806,66.063614,-16.332853,-1.488745,-0.832751,-0.287193,1.134274,-11.957701,16.753954,-44.065071,66.178337,10.346589,15.315112,-18.004585,-5.313180,-15.412112,28.943745,74.196564,-14.326692,3.117327,-36.124382
270.000000,-1919.691284,1121.249146,76.824730,2.225292,-7.191892,37.516918,0.601914,-12.383405,-2.946523,20.793100,-13.374029,9.351245,-14.265042,-12.837249,-12.558624,64.227135,-17.099924,-1.645384,-1.212898,-0.220786,1.185700,-12.582088,16.637938,-43.745544,65.491104,9.731953,15.234813,-17.561903,-5.122931,-15.353186,28.565271,74.172363,-14.403200,3.258190,-35.887558
271.000000,-1918.687256,1121.902710,76.870438,2.247138,-7.225134,38.143699,2.091002,-12.540635,-3.872416,19.766050,-13.682744,9.428014,-16.645550,-12.263274,-12.732217,61.600330,-17.629177,-1.741039,-1.509477,-0.230501,1.311884,-13.219755,16.410767,-43.534733,64.611855,8.856143,15.051991,-17.010887,-5.031359,-15.330084,28.224842,74.090691,-14.404261,3.346462,-35.648338
272.000000,-1917.650269,1122.587891,76.887497,2.168067,-7.234946,38.684009,3.988828,-12.604626,-4.866850,18.575356,-14.195324,9.514376,-19.285204,-11.559108,-13.162195,57.654552,-17.746487,-1.796863,-1.801383,-0.121480,1.425822,-13.721102,15.891793,-43.333305,63.654533,7.891066,14.698431,-16.332022,-5.026198,-15.348899,27.788124,73.981659,-14.366131,3.303810,-35.445633
273.000000,-1916.591675,1123.268677,76.866547,2.063129,-7.210501,39.286511,5.528831,-12.532761,-5.763776,17.838440,-14.861885,9.593336,-21.340727,-10.869705,-13.704715,53.393543,-17.409309,-1.807954,-2.115170,0.072076,1.409055,-13.905623,15.323085,-43.169945,62.884823,7.161581,14.390412,-15.873752,-5.021112,-15.364542,27.317492,73.926605,-14.321506,3.106216,-35.331451
274.000000,-1915.479614,1123.943848,76.806297,2.067434,-7.135273,39.817985,7.044127,-12.505697,-6.644324,17.079077,-15.528312,9.670130,-23.151892,-10.281149,-14.053982,48.581680,-16.570595,-1.794896,-2.415073,0.095029,1.315575,-13.926392,14.881197,-43.076221,62.165714,6.542056,14.132331,-15.609903,-4.951182,-15.321368,26.678831,73.921303,-14.333779,2.754909,-35.258827
275.000000,-1914.311401,1124.625732,76.696625,2.080963,-7.109122,40.470062,8.545756,-12.474092,-7.555955,16.486403,-16.325832,9.724923,-24.725409,-9.914038,-14.444312,43.566654,-15.501505,-1.673330,-2.745114,0.028013,1.289363,-13.916306,14.575141,-43.018227,61.525345,5.981225,13.972195,-15.430365,-4.852179,-15.299223,26.047886,73.920815,-14.341515,2.376437,-35.199261
276.000000,-1913.144287,1125.282593,76.550980,2.093518,-7.108621,41.229399,9.551091,-12.430072,-8.243954,16.235266,-16.966612,9.745234,-25.639297,-9.774175,-14.714028,40.182194,-14.691499,-1.464661,-3.046010,-0.033353,1.323945,-13.906069,14.441720,-43.018826,61.140278,5.684453,13.930763,-15.321609,-4.767031,-15.311008,25.715918,73.917816,-14.316571,2.118752,-35.167801
277.000000,-1911.882202,1125.964478,76.370071,2.153576,-7.125293,42.021365,11.231665,-12.341528,-9.419858,15.794656,-18.015093,9.751892,-26.923399,-9.690986,-14.906470,34.904263,-13.379695,-0.981498,-3.496138,-0.232474,1.414509,-13.916865,14.323317,-43.033302,60.686741,5.251208,13.915977,-15.117471,-4.506674,-15.352113,25.437235,73.910500,-14.189012,1.702666,-35.139816
278.000000,-1910.563843,1126.655396,76.162323,2.209429,-7.108780,42.838521,12.848431,-12.187276,-10.515593,15.270979,-18.975201,9.751705,-27.954191,-9.756743,-14.971651,30.404305,-12.217428,-0.496326,-3.849162,-0.483577,1.470082,-13.911356,14.311613,-43.119110,60.482578,4.796978,13.909609,-14.867994,-4.120086,-15.396946,25.384506,73.911293,-14.046028,1.318585,-35.124149
279.000000,-1909.160034,1127.370239,75.913986,2.275168,-7.033555,43.803139,14.425475,-11.947220,-11.691239,14.817260,-20.016598,9.749383,-28.930338,-10.038256,-14.939981,26.569511,-11.214873,0.014162,-4.338929,-0.777485,1.479972,-13.836589,14.439162,-43.355652,60.403847,4.429782,13.906274,-14.567114,-3.640599,-15.412863,25.331453,73.912804,-13.948972,0.908472,-35.118370
280.000000,-1907.703247,1128.092529,75.614410,2.397354,-6.909856,44.885897,15.915759,-11.710312,-13.014878,14.492723,-21.132263,9.728575,-29.859133,-10.588435,-14.667166,23.361023,-10.337721,0.536424,-4.989118,-1.196706,1.473786,-13.697252,14.717399,-43.595825,60.343487,4.148066,13.912890,-14.203801,-3.104756,-15.446568,25.289499,73.871147,-13.771613,0.498574,-35.111794
281.000000,-1906.206299,1128.830811,75.267761,2.475886,-6.712047,45.972134,17.116041,-11.416121,-14.181932,14.413463,-22.278650,9.690687,-30.602657,-11.205765,-14.548584,20.873869,-9.695585,0.957104,-5.581161,-1.550514,1.466074,-13.514309,15.052064,-43.816151,60.210873,4.060699,13.973900,-13.819793,-2.635876,-15.514909,25.267885,73.808182,-13.562975,0.230492,-35.106144
282.000000,-1904.630859,1129.604004,74.868423,2.498519,-6.451543,46.933832,18.527849,-10.877285,-15.450613,14.396314,-23.829432,9.634912,-31.441999,-11.841882,-14.342020,18.411856,-9.073711,1.317898,-6.238863,-1.885141,1.470348,-13.193172,15.548421,-43.997078,59.972301,4.037494,14.127363,-13.334818,-2.166646,-15.593171,25.231987,73.768776,-13.325893,0.021588,-35.105267
283.000000,-1903.005371,1130.390869,74.431557,2.433052,-6.186128,47.964191,19.472008,-10.375197,-16.337177,14.489367,-24.987673,9.594418,-31.885115,-12.144177,-13.788374,17.132141,-8.572701,1.440913,-6.746655,-2.059946,1.503955,-12.908502,15.941828,-44.010597,59.784111,4.025470,14.259339,-12.983434,-1.849634,-15.624125,25.226721,73.767120,-13.213593,-0.115107,-35.142654
284.000000,-1901.283813,1131.207275,73.936783,2.321827,-5.792374,49.247210,20.488810,-9.608806,-17.630281,14.932983,-26.668665,9.529344,-32.428913,-12.523369,-12.677151,16.395134,-7.682339,1.515607,-7.572851,-2.270632,1.457493,-12.474511,16.533810,-44.013626,59.537506,4.008087,14.440162,-12.546244,-1.329840,-15.640769,25.224466,73.767799,-13.136806,-0.336755,-35.247631
285.000000,-1899.467896,1132.063110,73.391167,2.087553,-5.312726,50.414587,21.339094,-8.628197,-18.801994,15.642879,-28.476387,9.375438,-32.953285,-12.660267,-11.244320,17.128113,-6.387991,1.513783,-8.386712,-2.385272,1.367751,-11.984057,17.183586,-43.988758,59.230934,4.000974,14.691698,-12.144289,-0.692372,-15.638512,25.221733,73.785599,-13.117157,-0.534454,-35.358917
286.000000,-1897.576538,1132.959961,72.814781,1.803642,-4.798119,51.228898,22.060350,-7.553640,-19.261099,16.373177,-30.013540,9.094007,-33.486656,-12.330344,-9.936980,19.269112,-5.180383,1.410912,-8.719383,-2.353366,1.235904,-11.495297,17.691729,-43.829502,58.994049,4.003898,14.947108,-11.782103,0.005227,-15.610229,25.218828,73.904037,-13.102531,-0.667016,-35.427334
287.000000,-1895.545532,1133.946533,72.232010,1.463932,-4.180645,51.986384,22.814573,-6.105323,-19.350021,17.658068,-31.514269,8.434158,-33.937931,-11.630170,-8.755898,23.547625,-4.080583,1.141878,-9.043614,-2.194942,0.905327,-10.649753,18.167559,-43.504486,58.937534,4.051108,15.191129,-11.232118,0.975721,-15.496848,25.208397,74.262062,-12.997520,-0.773083,-35.442265
288.000000,-1893.595093,1134.965820,71.782394,0.584020,-3.849777,52.261822,23.412632,-4.338638,-18.816416,19.270605,-32.364254,7.488788,-34.816994,-10.393788,-8.598859,27.625366,-1.089816,-0.176912,-9.167808,-1.327729,0.916375,-9.774087,18.349312,-43.243988,59.023930,4.207034,15.354895,-10.575597,1.670242,-15.490766,25.100370,74.547821,-12.763687,-0.790189,-35.438480
289.000000,-1891.698608,1136.040283,71.585091,-0.561265,-3.810930,52.840103,23.970339,-2.177306,-17.733831,21.646212,-32.157558,6.117023,-35.017323,-9.525679,-9.808811,31.652618,-0.075981,-0.542630,-9.597658,0.048681,1.492716,-8.970531,18.174080,-42.907562,59.550701,4.364641,15.405437,-9.949149,2.273554,-15.561561,24.971422,74.731606,-12.521084,-0.807453,-35.393021
290.000000,-1889.753662,1137.190552,71.597198,-1.431138,-3.605822,53.329765,23.956869,-0.271264,-16.311920,24.588606,-30.227360,4.590034,-34.615597,-8.813767,-11.104528,34.632702,-0.327479,-0.844934,-9.873057,1.286377,1.497070,-8.079771,17.798790,-42.580055,60.458538,4.587856,15.489830,-9.521798,3.301598,-15.566113,24.961531,75.009109,-12.346474,-0.855237,-35.229805
291.000000,-1887.795776,1138.381348,71.751060,-2.099338,-3.532678,53.787352,23.888784,1.250244,-14.913191,27.137676,-27.147448,3.040058,-33.752632,-8.163300,-12.076174,36.641178,-1.128654,-1.190878,-9.895485,2.193221,1.223090,-7.218423,17.461004,-42.234638,61.407299,4.950866,15.540848,-9.243801,4.491360,-15.510049,24.933727,75.352638,-12.309134,-0.903270,-34.987873
292.000000,-1885.832031,1139.576660,71.988914,-2.547522,-3.502962,54.430943,23.429390,3.092404,-12.778853,30.269400,-21.714401,1.396586,-32.195011,-7.486550,-13.152066,38.483540,-2.380202,-1.657476,-9.943267,3.040691,0.592263,-6.195974,17.220633,-42.026295,62.688259,5.568100,15.582666,-8.991930,6.169706,-15.344501,24.887907,75.799301,-12.260056,-0.920302,-34.641445
293.000000,-1883.987671,1140.713379,72.307091,-3.000486,-3.815617,54.961908,22.411291,4.686913,-10.535632,34.031147,-15.493730,-0.438920,-30.266411,-6.797981,-14.008604,39.726841,-4.582688,-2.051414,-9.830127,3.700807,0.461702,-5.683833,17.074867,-42.024902,63.905071,6.250757,15.724642,-8.777194,7.494886,-15.246155,24.867182,75.911705,-12.083847,-0.927436,-34.309502
294.000000,-1882.312256,1141.791504,72.707657,-3.398625,-4.158120,55.442384,20.496233,5.722364,-9.137229,38.640373,-7.723730,-2.792592,-28.058828,-6.086403,-14.860566,40.282940,-7.206703,-2.285578,-9.650886,4.402043,0.558860,-5.446005,16.861069,-42.199432,65.075760,6.965427,16.059837,-8.556133,8.370475,-15.262563,24.865026,75.910507,-11.935339,-0.960676,-33.989464
295.000000,-1880.818726,1142.807495,73.155960,-3.877163,-4.497292,55.988992,17.330244,6.324258,-7.955556,44.221008,-2.346340,-4.620661,-25.500786,-5.290511,-15.748812,39.842487,-9.111671,-2.402350,-9.474172,5.195688,0.807270,-5.423085,16.566103,-42.432102,66.079987,7.602518,16.506144,-8.384125,8.793848,-15.418635,24.868565,75.884453,-11.901032,-1.116923,-33.662373
296.000000,-1879.452759,1143.749756,73.602699,-4.207787,-4.888134,56.464912,13.738853,6.633816,-6.698519,50.170906,-0.147691,-5.299872,-23.126431,-4.582780,-16.405127,39.011017,-10.344544,-2.453290,-9.015288,5.744728,1.056779,-5.511592,16.357704,-42.647049,66.716507,8.022494,16.861876,-8.261786,8.959681,-15.592858,24.932991,75.856377,-11.891912,-1.379907,-33.382519
297.000000,-1878.183716,1144.622559,74.002441,-4.326255,-5.168068,56.671614,10.047587,6.901286,-5.237076,55.935257,0.523188,-5.297594,-21.118895,-3.967829,-16.756470,38.189873,-11.319276,-2.498240,-8.210528,5.979363,1.046645,-5.503014,16.275217,-42.852673,67.030022,8.498857,17.128691,-8.147154,9.054296,-15.723275,25.149775,75.777237,-11.850602,-1.653261,-33.130974
298.000000,-1876.913452,1145.506592,74.382927,-4.296471,-5.442659,56.809815,5.826829,7.262302,-3.603079,61.999058,0.333834,-4.884214,-18.908255,-3.311181,-16.955568,37.244701,-12.373139,-2.556579,-7.004022,5.990989,0.883476,-5.336100,16.262379,-42.980984,67.122803,9.231080,17.361740,-7.993598,9.061307,-15.885483,25.502733,75.522255,-11.801447,-1.954658,-32.848312
299.000000,-1875.702148,1146.382935,74.740562,-4.183316,-5.696617,56.990168,1.887890,7.621165,-2.447473,66.682922,-0.563044,-4.274560,-16.768648,-2.844162,-17.146732,36.283672,-13.362524,-2.586628,-5.912010,5.813832,0.644660,-5.058293,16.258347,-43.089077,67.131523,9.823819,17.498890,-7.870969,8.908155,-16.138502,25.867022,75.042473,-11.748609,-2.246703,-32.628891
300.000000,-1874.580566,1147.244507,75.083694,-4.034534,-6.057608,57.179020,-1.779099,8.052231,-1.469047,70.046150,-2.055542,-3.630276,-14.496396,-2.453107,-17.289839,35.157806,-14.242491,-2.596404,-4.807158,5.555121,0.544930,-4.815789,16.210897,-43.098503,67.131287,10.034842,17.552473,-7.806215,8.526871,-16.557562,26.353083,74.450935,-11.575964,-2.553934,-32.493439
301.000000,-1873.527100,1148.112671,75.419998,-3.787171,-6.464634,57.291538,-4.725810,8.405178,-0.680294,71.885582,-3.697476,-3.077528,-12.418573,-2.181220,-17.340279,34.042690,-14.895080,-2.590635,-3.882602,5.280759,0.575428,-4.588842,16.120371,-43.100819,67.127266,10.173133,17.556812,-7.781910,7.930837,-16.983984,26.707672,73.982651,-11.341954,-2.759978,-32.468945
302.000000,-1872.569702,1148.954712,75.732056,-3.515682,-6.822627,57.337956,-8.148664,8.935310,0.375607,72.925865,-5.828697,-2.465013,-9.868676,-1.918270,-17.300938,32.521236,-15.539376,-2.532513,-2.705506,4.901642,0.684230,-4.284926,15.925758,-43.094723,67.128273,10.595992,17.534266,-7.746575,6.988248,-17.561922,27.138618,73.353836,-11.245354,-2.858305,-32.489990
303.000000,-1871.640747,1149.836792,76.042412,-3.388318,-7.111653,57.352771,-11.074965,9.688514,1.291673,72.786263,-7.827261,-1.943161,-7.542616,-1.531389,-17.278015,30.785164,-15.874235,-2.464152,-1.703351,4.734343,0.788791,-3.953900,15.709180,-42.972672,67.141472,10.983616,17.433584,-7.733478,6.065715,-18.059551,27.337809,72.767921,-11.509819,-2.876092,-32.626423
304.000000,-1870.771606,1150.731323,76.326607,-3.331690,-7.320838,57.527375,-13.911590,10.329048,1.815568,71.711372,-9.840214,-1.570830,-5.224924,-1.128320,-17.358713,28.836405,-16.052042,-2.314260,-0.898673,4.689888,0.903354,-3.582224,15.527440,-42.740402,67.094521,11.147151,17.308851,-7.747900,5.063889,-18.485178,27.387098,72.275169,-11.961680,-2.887012,-32.817528
305.000000,-1869.937744,1151.630127,76.572891,-3.184621,-7.584014,57.645808,-16.428694,10.916716,2.364084,69.479012,-11.817949,-1.307253,-2.905607,-0.843450,-17.406961,26.931919,-16.224180,-2.084126,-0.136737,4.595349,1.150113,-3.313490,15.487547,-42.181160,67.045586,11.187760,17.256493,-7.742348,3.984695,-18.835552,27.411680,71.805611,-12.395476,-2.899495,-33.000305
306.000000,-1869.140991,1152.557007,76.775719,-3.053465,-7.694637,57.787605,-18.548697,11.496144,2.919642,66.591896,-13.194171,-1.154288,-0.956618,-0.635606,-17.463017,25.256147,-16.375067,-1.856470,0.540895,4.530104,1.284820,-3.187620,15.565205,-41.498859,67.043892,11.221318,17.222736,-7.771245,3.076954,-19.120937,27.453999,71.346909,-12.690697,-2.915969,-33.150848
307.000000,-1868.396606,1153.517578,76.935204,-2.942895,-7.857252,57.902796,-20.697332,12.141415,3.524804,62.423424,-14.168941,-1.068658,1.380513,-0.401929,-17.490337,23.247532,-16.534918,-1.557898,1.233089,4.534931,1.518674,-3.040217,15.601961,-40.898357,67.043503,11.240951,17.133099,-7.845043,1.976671,-19.437490,27.540113,70.794548,-12.990672,-2.953447,-33.359211
308.000000,-1867.680786,1154.522461,77.057198,-2.806305,-7.899380,57.937526,-21.869875,12.493509,3.939191,58.545078,-14.176213,-1.067950,2.962855,-0.273388,-17.464468,21.848989,-16.647560,-1.315352,1.639442,4.531097,1.586066,-2.848149,15.611518,-40.655308,67.059296,11.239987,17.039490,-7.943354,1.179617,-19.575047,27.702190,70.500793,-13.255674,-2.973941,-33.526634
309.000000,-1866.991943,1155.566650,77.120201,-2.739672,-7.763052,58.144698,-23.269087,12.767252,4.295400,52.889366,-13.628291,-1.124920,4.813005,-0.147506,-17.533308,20.168146,-16.861109,-0.948025,2.024005,4.530943,1.518489,-2.579874,15.614976,-40.335423,67.143341,11.161196,16.876793,-8.170489,0.245041,-19.730316,27.903111,69.895111,-13.551517,-2.986960,-33.716625
310.000000,-1866.334473,1156.650024,77.115715,-2.679698,-7.653670,58.353025,-24.355896,12.780857,4.392317,46.449425,-12.526610,-1.327397,6.534315,-0.076126,-17.723993,18.718508,-17.206348,-0.527668,2.187243,4.529905,1.493714,-2.402184,15.650652,-40.088333,67.296097,10.876896,16.729601,-8.469120,-0.661248,-19.872215,27.980843,68.983246,-13.749994,-3.069064,-33.936531
311.000000,-1865.719238,1157.770874,77.042755,-2.600900,-7.573612,58.370932,-24.875689,12.651395,4.361683,40.307831,-11.222331,-1.656522,7.904530,-0.082741,-17.733536,17.839083,-17.706621,-0.142259,2.463325,4.526273,1.567201,-2.310533,15.729770,-40.006504,67.303085,10.468686,16.649452,-8.730157,-1.543815,-20.004900,28.081017,68.173225,-13.773314,-3.245575,-34.187359
312.000000,-1865.127563,1158.965942,76.905983,-2.521297,-7.470924,58.336599,-25.153164,12.373197,4.382280,32.823013,-9.384146,-2.134889,9.399311,-0.220753,-17.679422,17.238054,-18.583420,0.410506,2.834968,4.483491,1.592227,-2.207042,15.831937,-39.989223,67.218170,9.948249,16.603285,-9.113035,-2.757827,-20.113840,28.142786,67.406685,-13.789313,-3.543262,-34.520275
313.000000,-1864.562256,1160.215210,76.719734,-2.458248,-7.385461,58.379415,-25.188946,11.997691,4.425315,26.836912,-7.714012,-2.481465,10.706161,-0.446114,-17.715496,16.945534,-19.536251,0.987887,3.150670,4.403860,1.530297,-2.145110,15.885762,-39.981350,67.120567,9.653107,16.569670,-9.516222,-3.816445,-20.169241,28.151087,66.879173,-13.842097,-3.753082,-34.864708
314.000000,-1864.009888,1161.529541,76.489708,-2.373075,-7.283475,58.563113,-25.167147,11.528564,4.628572,21.946903,-6.146360,-2.700974,12.048473,-0.783665,-17.928215,16.734278,-20.578598,1.629067,3.405699,4.229781,1.370480,-2.126387,15.928997,-39.979282,67.097580,9.275435,16.518194,-9.954769,-4.704732,-20.198576,28.166832,66.311066,-13.896364,-3.853956,-35.248165
315.000000,-1863.485474,1162.902588,76.230835,-2.163632,-7.202418,58.501490,-25.023743,11.187408,5.596634,18.439798,-4.798065,-2.789226,13.320440,-1.346013,-18.001610,16.817476,-21.794500,2.340040,3.859968,3.917377,1.213677,-2.133896,15.996176,-39.978664,67.067184,8.738952,16.452154,-10.410746,-5.443933,-20.254311,28.185730,65.534058,-13.850500,-3.902723,-35.588726
316.000000,-1862.981934,1164.380981,75.948059,-1.805050,-7.146413,58.245141,-24.701214,10.758599,6.484767,16.410387,-3.642308,-2.748160,14.414642,-2.079831,-17.922066,17.054401,-22.941723,3.052453,4.427970,3.521191,1.120812,-2.141306,16.057938,-39.978321,67.043861,8.201250,16.361124,-10.839117,-5.982741,-20.333014,28.199709,64.659431,-13.781855,-3.894408,-35.823017
317.000000,-1862.504395,1165.954346,75.641029,-1.439817,-7.072929,58.090043,-24.320171,9.991048,7.073564,15.420123,-2.097071,-2.435673,15.856748,-3.141101,-18.072783,17.236423,-24.217625,4.070858,5.036129,2.979719,1.001255,-2.142499,16.127024,-39.985653,66.960724,7.709714,16.298435,-11.437403,-6.494135,-20.410450,28.333498,63.556053,-13.631696,-3.883930,-36.138584
318.000000,-1862.067261,1167.555054,75.326523,-0.889067,-6.938034,57.935735,-23.994179,8.981437,7.324766,15.617037,-0.755975,-1.926018,17.063602,-4.468691,-18.717772,17.625509,-25.374870,5.107905,5.563454,2.291235,0.832821,-2.188469,16.192493,-40.102493,66.888855,7.457349,16.271782,-12.038337,-6.805509,-20.402536,28.587633,62.758324,-13.496968,-3.841495,-36.441528
319.000000,-1861.663818,1169.264526,75.004013,-0.335891,-6.833526,57.916903,-23.663343,8.152809,7.744023,16.338236,0.021811,-1.435162,17.950825,-5.684414,-19.504648,18.211432,-26.151375,5.989868,5.825155,1.719953,0.707324,-2.229165,16.220478,-40.286369,66.890717,7.367461,16.257549,-12.553823,-7.007391,-20.322178,28.784704,62.297638,-13.455091,-3.745399,-36.640083
320.000000,-1861.317871,1171.107422,74.682312,-0.048748,-6.745144,58.135781,-23.219118,7.134392,8.390746,17.862276,0.650419,-0.768490,18.946081,-7.256753,-20.683313,19.615419,-26.708775,7.163335,5.879015,1.207395,0.500872,-2.302292,16.174738,-40.586407,66.977364,7.361895,16.213699,-13.271794,-7.131361,-20.205027,28.941450,61.833256,-13.449121,-3.538580,-36.861919
321.000000,-1861.006104,1172.923340,74.450401,0.418230,-6.883954,58.530198,-22.918257,6.162518,8.654777,19.622934,2.467883,-0.027105,19.520086,-8.833798,-21.525738,21.926304,-26.734545,8.126291,5.797738,0.754923,0.505266,-2.594132,16.272129,-41.021183,67.326309,7.512343,16.154531,-13.975913,-7.211015,-19.994581,28.968880,61.649448,-13.457231,-3.246727,-37.007545
322.000000,-1860.702148,1174.800659,74.360161,1.042236,-7.165488,59.028758,-22.479443,4.783187,9.143029,22.412745,3.828773,0.869076,19.715815,-11.347306,-21.803003,26.505388,-25.571190,9.271087,5.688035,-0.167766,0.889309,-3.196604,16.563114,-41.268414,68.051514,7.733352,16.119694,-14.783783,-7.238049,-19.473095,29.000807,61.692081,-13.456905,-2.656571,-37.098240
323.000000,-1860.395264,1176.752441,74.419083,1.601960,-7.319458,59.791141,-21.820751,3.310302,9.394918,24.505701,3.236538,1.661370,19.259079,-13.603012,-21.323486,31.500349,-22.574568,10.391878,5.502788,-1.006891,0.950780,-3.575518,16.766373,-41.366398,68.612022,8.146864,16.112371,-15.131864,-6.942406,-18.884872,29.043140,61.944191,-13.422277,-2.030079,-37.188457
324.000000,-1860.114868,1178.819214,74.584373,1.940423,-7.441900,60.829550,-20.795120,1.713070,9.336596,25.730200,2.276211,2.528500,18.300522,-15.449628,-20.145115,36.708260,-17.793245,10.491116,5.172427,-1.602620,0.773532,-3.735878,16.856377,-41.604572,68.840401,8.641282,16.106455,-15.334139,-6.406406,-18.337551,29.049326,62.283031,-13.350215,-1.454301,-37.418049
325.000000,-1859.855835,1180.913452,74.837357,2.285742,-7.618450,61.913428,-19.412067,0.041028,9.136250,26.552082,0.528169,3.321840,17.058590,-16.980854,-18.582905,41.649509,-11.094858,9.075529,4.865375,-2.020511,0.610207,-3.865072,16.885334,-42.071922,68.864159,9.267860,16.089691,-15.606249,-5.763773,-17.892166,29.052004,62.792301,-13.319505,-0.987457,-37.748951
326.000000,-1859.638062,1182.927612,75.127113,2.823105,-7.662087,62.318848,-17.894281,-1.349239,9.358410,26.738255,-1.379973,3.974545,15.366270,-18.344091,-16.720404,45.369118,-3.263818,6.440965,5.011173,-2.416522,0.477485,-3.976678,16.966738,-42.510742,68.868011,9.914345,16.083109,-15.854775,-5.348761,-17.497049,29.053862,63.434361,-13.312143,-0.702497,-38.056419
327.000000,-1859.484497,1184.815674,75.372078,3.162564,-7.595762,62.664151,-16.167145,-2.778056,9.608725,26.678692,-3.326311,4.729139,12.734362,-19.642984,-14.404881,50.141129,2.646669,3.549403,5.034954,-2.542313,0.437018,-4.123399,16.953678,-42.706573,68.801743,10.477674,16.070858,-15.919012,-5.291620,-17.162794,29.063236,64.247139,-13.308716,-0.548645,-38.403721
328.000000,-1859.376709,1186.528320,75.586655,3.254789,-7.609898,63.192816,-15.046479,-3.645592,9.490369,26.547724,-4.450166,5.254724,10.322504,-20.123003,-13.184259,54.330185,1.903343,2.277306,4.830321,-2.353629,0.612133,-4.404790,16.854698,-42.721893,68.639336,10.962161,16.056890,-15.900121,-5.467886,-17.064280,29.200699,64.854385,-13.328084,-0.540149,-38.690948
329.000000,-1859.239258,1188.152832,75.792290,3.298945,-7.773943,63.956607,-13.420095,-4.771584,8.998665,26.182985,-5.656260,5.859869,7.189129,-20.324478,-12.132085,59.617870,-0.204229,1.034142,4.408957,-2.056894,1.101603,-5.032171,16.686035,-42.776264,68.471916,11.799033,16.042269,-15.825841,-5.664946,-17.031538,29.591137,65.738403,-13.520308,-0.543349,-39.025166
330.000000,-1859.047729,1189.777100,75.998863,3.358709,-7.897633,64.899681,-11.642739,-5.985297,8.265588,25.485609,-6.637150,6.375830,3.984439,-20.170725,-11.338886,63.989368,-2.630321,0.147884,3.849021,-1.879519,1.443679,-5.692966,16.566738,-42.822506,68.456841,12.661953,15.998775,-15.650982,-5.685549,-16.980663,30.100769,66.961197,-14.119605,-0.546377,-39.172859
331.000000,-1858.833130,1191.335815,76.193932,3.377316,-7.882720,65.877614,-10.106376,-7.008914,7.505168,24.669540,-7.339618,6.758571,1.086476,-19.740095,-10.735437,66.708694,-4.905924,-0.314498,3.295304,-1.742426,1.509236,-6.241678,16.449438,-42.824993,68.452721,13.202833,15.860359,-15.399764,-5.595038,-16.914757,30.447096,68.258003,-14.701848,-0.543739,-39.145973
332.000000,-1858.595093,1192.873291,76.379677,3.367666,-7.847842,66.840850,-8.213786,-8.128969,6.480061,23.542711,-8.098314,7.164240,-2.571009,-18.942343,-10.226488,68.764275,-7.706357,-0.615413,2.631068,-1.529701,1.494341,-6.928268,16.302069,-42.823910,68.367332,13.517848,15.644863,-14.991783,-5.392729,-16.848261,30.640173,69.834229,-15.173840,-0.446900,-38.948627
333.000000,-1858.324219,1194.359375,76.543358,3.316720,-7.735670,67.785264,-6.576242,-8.975990,5.499679,22.510044,-8.733375,7.503424,-5.872987,-17.979664,-9.924356,69.544052,-10.058639,-0.836091,1.986975,-1.335571,1.396786,-7.449640,16.227449,-42.813320,68.083450,13.672526,15.489925,-14.586597,-5.142381,-16.746157,30.638229,70.985352,-15.501741,-0.160784,-38.677879
334.000000,-1858.008057,1195.798218,76.682831,3.200599,-7.642801,68.806060,-5.026120,-9.655189,4.389864,21.633211,-9.403910,7.777177,-8.999626,-16.846930,-9.985759,69.236855,-12.453452,-1.019216,1.316966,-1.175294,1.322561,-8.009937,16.216541,-42.751320,67.689415,13.726174,15.353586,-14.189952,-4.784765,-16.614191,30.563128,71.732277,-15.920216,0.259937,-38.347664
335.000000,-1857.663208,1197.216919,76.802505,2.978994,-7.610890,69.887960,-3.455555,-10.163910,3.152792,20.922232,-10.161632,7.986262,-11.856780,-15.773426,-10.635477,67.813347,-14.418684,-1.262079,0.626450,-0.979705,1.301678,-8.624911,16.186302,-42.603672,67.266914,13.725180,15.195181,-13.748838,-4.321709,-16.489025,30.453974,72.222565,-16.283381,0.633321,-37.963284
336.000000,-1857.291626,1198.639893,76.899376,2.837317,-7.627543,70.709993,-1.928197,-10.511436,2.196433,20.207567,-10.834631,8.143995,-14.277236,-14.931208,-11.319148,65.923088,-15.624415,-1.453192,0.200460,-0.815818,1.306462,-9.102622,16.143299,-42.465763,66.839760,13.688387,14.984955,-13.292258,-3.828457,-16.409311,30.351364,72.429604,-16.468773,0.909655,-37.556408
337.000000,-1856.893921,1200.092651,76.970795,2.700928,-7.690572,71.390660,0.093501,-10.830371,1.150024,19.259542,-11.684454,8.302965,-16.969170,-13.966471,-12.166956,62.836834,-16.588959,-1.580165,-0.181311,-0.605927,1.321616,-9.545362,15.997851,-42.281563,66.401352,13.509141,14.692734,-12.682842,-3.191946,-16.346451,30.263382,72.503326,-16.588030,1.156566,-37.076057
338.000000,-1856.471680,1201.537842,77.023621,2.559049,-7.726036,71.978335,1.979700,-10.996717,0.268783,18.296471,-12.437330,8.468592,-19.029194,-13.068474,-13.048044,58.780552,-16.891010,-1.632129,-0.451375,-0.394257,1.247653,-9.735796,15.832623,-42.039307,65.964890,12.976868,14.487356,-12.168306,-2.602664,-16.276070,30.140165,72.600060,-16.808651,1.227728,-36.732525
339.000000,-1856.021362,1202.987427,77.029488,2.470000,-7.674245,72.558800,3.731514,-11.144622,-0.570068,17.410057,-13.203119,8.608896,-20.875313,-12.341953,-14.000364,54.140461,-16.683067,-1.658788,-0.867142,-0.276362,1.092107,-9.756986,15.799036,-41.944332,65.391594,12.107891,14.357225,-11.841414,-2.071431,-16.174883,29.868668,72.659798,-17.091286,1.213745,-36.492599
340.000000,-1855.571045,1204.410889,76.985344,2.354453,-7.626484,73.281118,5.003664,-11.235510,-1.284339,16.906384,-13.889308,8.699203,-22.093361,-11.947866,-14.899569,50.123413,-16.211435,-1.657152,-1.340312,-0.178074,1.020590,-9.767777,15.783892,-41.942928,64.897781,11.376735,14.316824,-11.707541,-1.716151,-16.163666,29.642050,72.662407,-17.246019,1.155762,-36.376877
341.000000,-1855.102539,1205.812012,76.890739,2.331621,-7.612187,73.785489,6.504607,-11.325369,-2.050783,16.361116,-14.745955,8.785239,-23.431185,-11.463917,-15.672915,45.394440,-15.441387,-1.575638,-1.771970,-0.111359,1.027383,-9.847011,15.776495,-41.946747,64.259254,10.691408,14.306376,-11.645167,-1.313255,-16.200558,29.434124,72.662956,-17.325314,1.057968,-36.299809
342.000000,-1854.605103,1207.226318,76.743629,2.363713,-7.628483,74.315317,8.422910,-11.459978,-2.918062,15.705746,-15.883520,8.873205,-25.018860,-10.908574,-16.162397,39.569244,-14.362374,-1.288934,-2.134851,-0.167986,1.138359,-10.078989,15.761885,-41.952965,63.480000,10.140058,14.266446,-11.542964,-0.872822,-16.301369,29.190847,72.730972,-17.343315,0.893954,-36.196037
343.000000,-1854.058838,1208.671631,76.547005,2.425203,-7.528443,74.994002,9.946062,-11.580969,-3.820455,15.363840,-17.021297,8.982660,-26.412601,-10.617559,-16.396202,34.564514,-13.332103,-0.869802,-2.578034,-0.342464,1.174835,-10.400994,15.779781,-42.028599,62.951492,9.587504,14.143386,-11.397925,-0.510599,-16.402374,28.970694,72.815605,-17.354052,0.676278,-36.123318
344.000000,-1853.456543,1210.183716,76.316513,2.474377,-7.422281,75.954753,11.391177,-11.667801,-4.943027,15.149053,-18.180187,9.046211,-27.605946,-10.637603,-16.641975,29.993214,-12.384120,-0.409927,-3.282190,-0.600044,1.206778,-10.715543,15.872587,-42.212460,62.522408,8.887632,13.983493,-11.212472,-0.129208,-16.501829,28.668898,72.819260,-17.359562,0.362613,-36.096081
345.000000,-1852.831421,1211.696777,76.066330,2.518498,-7.356195,76.994643,12.639688,-11.682009,-5.957197,14.916866,-19.098185,9.065823,-28.381092,-10.788672,-16.761244,26.616049,-11.661034,-0.017379,-3.945690,-0.842247,1.227403,-10.895001,15.990022,-42.371731,62.188263,8.331205,13.851462,-11.037482,0.243826,-16.581484,28.363932,72.816040,-17.358044,0.060974,-36.092289
346.000000,-1852.148804,1213.302612,75.770256,2.568572,-7.236923,77.965468,14.167329,-11.624928,-7.152695,14.569558,-20.188660,9.081225,-29.228840,-11.017674,-16.719103,23.063618,-10.846222,0.471520,-4.687163,-1.150390,1.180277,-11.032209,16.124758,-42.476360,61.857071,7.708173,13.713115,-10.797456,0.794386,-16.675304,28.020304,72.814049,-17.340910,-0.278092,-36.093784
347.000000,-1851.423828,1214.955444,75.420547,2.607528,-7.088715,78.814196,16.058716,-11.410207,-8.447590,14.106826,-21.592840,9.084251,-30.252842,-11.255420,-16.483091,19.459105,-9.934529,1.054216,-5.326275,-1.543014,1.100038,-11.198365,16.321901,-42.527313,61.498516,7.012480,13.596562,-10.492795,1.564625,-16.806692,27.786913,72.810875,-17.082384,-0.618219,-36.106213
348.000000,-1850.669067,1216.630371,75.026283,2.557057,-6.972678,79.767803,17.761190,-11.044167,-9.664217,13.885062,-23.029957,9.080433,-31.009672,-11.495293,-16.166107,16.842735,-9.191025,1.487746,-5.900223,-1.862389,1.148350,-11.389416,16.555531,-42.592999,61.166061,6.583804,13.532440,-10.179119,2.244117,-16.921812,27.754162,72.803940,-16.574354,-0.808788,-36.122055
349.000000,-1849.884766,1218.331055,74.590347,2.426924,-6.866556,80.797685,19.399136,-10.491864,-10.976599,13.906359,-24.603115,9.074802,-31.544174,-11.707171,-15.640203,14.862977,-8.543302,1.781276,-6.702907,-2.110506,1.267322,-11.468992,16.896198,-42.714779,60.767273,6.124844,13.514296,-9.794992,2.799423,-16.962307,27.724989,72.767563,-16.162844,-0.856906,-36.188652
350.000000,-1849.043457,1220.134888,74.084488,2.233657,-6.638681,81.928787,20.847286,-9.788759,-12.288165,14.153688,-26.321175,9.074489,-32.125969,-11.940948,-15.028666,13.831079,-7.900262,1.892767,-7.583374,-2.283842,1.321449,-11.470049,17.328991,-42.949974,60.277534,5.686515,13.523228,-9.435037,3.296683,-16.983871,27.720963,72.682297,-15.823007,-0.883892,-36.318699
351.000000,-1848.174805,1221.975708,73.523193,2.012743,-6.247308,83.017916,21.946320,-9.058926,-13.413799,14.523060,-27.931250,9.094152,-32.797405,-12.079627,-14.186095,13.812775,-7.151968,1.905536,-8.258841,-2.363171,1.313658,-11.455667,17.711779,-43.065186,59.849026,5.399641,13.538938,-9.137747,3.754005,-17.034290,27.722815,72.569550,-15.385244,-0.955540,-36.445301
352.000000,-1847.266724,1223.854980,72.929947,1.770830,-5.864528,83.877452,22.950653,-8.286758,-14.382081,15.036742,-29.406780,9.080757,-33.469444,-11.944932,-12.969961,14.601995,-6.168827,1.858135,-8.689581,-2.401657,1.374710,-11.384801,18.101025,-43.039116,59.453152,5.284900,13.550242,-8.812704,4.172184,-17.071787,27.723093,72.502121,-15.029139,-1.027746,-36.538177
353.000000,-1846.299805,1225.819702,72.345741,1.591042,-5.436812,84.552791,23.893995,-7.399326,-15.156032,16.186775,-30.779251,8.917323,-34.191040,-11.597835,-11.752892,16.698008,-4.849560,1.633599,-9.001316,-2.464823,1.390939,-11.098365,18.594799,-42.946831,59.090088,5.280826,13.610606,-8.393680,4.674791,-17.015804,27.727974,72.493408,-14.848681,-1.070493,-36.597679
354.000000,-1845.282227,1227.909668,71.807251,1.359261,-4.969623,85.218202,24.498728,-6.427093,-15.384776,18.105160,-31.625311,8.475477,-34.751400,-11.123803,-10.759056,20.348778,-3.669062,1.155752,-9.158709,-2.439415,1.239939,-10.662893,18.953037,-42.880375,58.988098,5.300346,13.835197,-7.951883,5.365509,-16.888233,27.825836,72.492203,-14.661700,-1.078188,-36.657314
355.000000,-1844.221069,1230.188477,71.339500,0.813149,-4.384749,86.046357,24.716251,-4.987461,-15.194890,20.864925,-31.917578,7.525198,-34.941299,-10.330026,-9.973060,25.068497,-2.518850,-0.010868,-9.467617,-1.947624,0.852134,-9.979074,18.991213,-42.770313,59.150734,5.403181,14.275813,-7.338387,6.306259,-16.807257,28.095488,72.483238,-14.634753,-1.082541,-36.666962
356.000000,-1843.268555,1232.463135,71.106422,-0.606342,-4.313060,86.557482,25.109650,-2.920474,-14.441393,23.561646,-31.353212,6.371273,-35.085358,-9.108377,-10.517372,28.609646,0.621096,-1.043878,-9.575214,-0.497335,1.194291,-9.397732,18.674002,-42.634254,59.464539,5.493472,14.610832,-6.609381,6.748329,-16.888071,28.191826,72.509285,-14.626065,-1.087910,-36.533264
357.000000,-1842.337402,1234.784790,71.112045,-1.983531,-4.188821,87.216903,25.307957,-0.260080,-13.548996,27.130335,-28.640743,4.898082,-34.521057,-7.954483,-12.164118,32.297363,1.778674,-1.501271,-10.031421,1.484119,1.536446,-8.492216,18.214243,-42.617237,59.946983,5.537478,14.944765,-5.955360,7.180050,-16.913986,28.202251,72.598129,-14.601221,-1.124798,-36.198635
358.000000,-1841.411743,1237.099609,71.301605,-2.889385,-3.944600,87.939435,24.629988,1.778263,-12.149583,30.887398,-23.976467,3.334063,-33.624264,-7.301354,-13.499290,34.958893,0.993285,-1.713304,-10.287764,2.787381,1.346234,-7.775306,17.778053,-42.628296,60.618015,5.555023,15.178097,-5.618952,7.870852,-16.814613,28.202469,72.630211,-14.587103,-1.284064,-35.808083
359.000000,-1840.510132,1239.351318,71.607101,-3.382715,-3.847793,88.909447,23.120287,3.393117,-10.514521,35.185093,-17.409460,0.949690,-32.282650,-6.928454,-14.417403,36.908089,-0.363591,-1.827107,-10.333789,3.543530,1.112272,-7.492738,17.339838,-42.639217,61.507511,5.562563,15.375387,-5.446065,8.667840,-16.669140,28.203070,72.634308,-14.619020,-1.598698,-35.406033
360.000000,-1839.745117,1241.428711,71.976677,-3.739341,-3.900059,89.836204,21.201511,4.331120,-9.417498,39.444096,-12.464486,-1.008262,-31.024136,-6.745970,-15.055338,38.151894,-2.159352,-1.921720,-10.227807,4.055429,1.016712,-7.593736,16.925434,-42.769047,62.302208,5.682094,15.471726,-5.300603,9.153213,-16.664085,28.193405,72.681740,-14.647017,-1.944996,-35.052185
361.000000,-1839.139526,1243.340088,72.422249,-4.163562,-4.005414,90.525050,18.554272,4.873103,-8.449491,44.677494,-8.399234,-3.024749,-29.266645,-6.359786,-15.779097,39.028511,-4.767949,-2.025123,-9.866758,4.809335,1.012238,-7.813783,16.354267,-43.171593,63.351765,6.087304,15.480412,-5.094028,9.374116,-16.848196,28.184706,72.812843,-14.653313,-2.371218,-34.564018
362.000000,-1838.574585,1245.207275,72.911751,-4.401866,-4.117786,91.122778,14.437412,5.115215,-7.223172,51.677197,-4.785205,-4.505380,-26.797611,-5.826923,-16.585196,39.152721,-7.316195,-2.158264,-9.328732,5.622601,0.863480,-7.980036,15.831539,-43.938843,64.527809,6.963795,15.477738,-4.934589,9.405950,-17.192209,28.185888,72.855408,-14.754135,-2.873134,-33.931992
363.000000,-1838.028320,1246.960205,73.375130,-4.434674,-4.397547,91.777023,10.476043,5.331162,-5.769461,58.011238,-2.673332,-4.978759,-24.430990,-5.557648,-17.184416,38.991650,-9.222807,-2.186007,-8.658929,5.890261,0.763645,-8.082269,15.694852,-44.556705,65.356895,7.823926,15.484287,-4.854204,9.354546,-17.464869,28.226362,72.744652,-15.026637,-3.296698,-33.459351
364.000000,-1837.520020,1248.616089,73.825653,-4.487515,-4.726664,92.785150,6.476687,5.883389,-4.557003,63.921532,-1.876351,-4.810118,-21.830862,-5.513671,-18.077177,38.514706,-10.859355,-2.045891,-8.002232,5.979666,0.710506,-8.173484,15.675964,-45.013378,65.976013,8.871749,15.558193,-4.775009,9.345277,-17.776098,28.381504,72.483040,-15.227578,-3.703886,-33.148563
365.000000,-1837.049072,1250.203857,74.259277,-4.336040,-5.155717,93.589168,2.749818,6.498081,-3.292323,68.684464,-1.722079,-4.374756,-19.129168,-5.528545,-18.803089,37.823421,-12.313811,-1.870342,-6.916059,5.791988,0.698569,-8.166746,15.736427,-45.139538,66.283844,10.137407,15.696696,-4.693835,9.329489,-18.136166,28.624550,72.113029,-15.235469,-4.055578,-32.907730
366.000000,-1836.621338,1251.746582,74.678459,-4.096002,-5.537581,94.320270,-0.418251,7.231404,-1.978019,71.925034,-1.992640,-3.848368,-16.763720,-5.569833,-19.340734,37.043968,-13.450724,-1.707589,-5.784271,5.484023,0.671113,-8.018875,15.879752,-45.038776,66.328247,11.028905,15.795399,-4.585649,9.237106,-18.544157,28.784092,71.575348,-15.154284,-4.276571,-32.776417
367.000000,-1836.251831,1253.219849,75.078354,-3.875282,-5.795068,95.102769,-4.165193,8.429420,-0.426063,74.405823,-2.973003,-3.163338,-14.012331,-5.632594,-20.097927,35.802444,-14.537092,-1.467582,-4.506866,5.144806,0.652394,-7.720039,16.116209,-44.635311,66.070290,11.755116,15.875510,-4.485187,8.836278,-19.179977,28.986635,70.876808,-14.823390,-4.468504,-32.755287
368.000000,-1835.948608,1254.609619,75.462349,-3.746684,-6.147601,95.940167,-6.590141,9.447551,0.540861,75.226036,-4.043852,-2.699070,-11.934666,-5.605343,-20.721750,34.641090,-15.104757,-1.253600,-3.630284,4.980762,0.834295,-7.542525,16.276260,-44.276867,65.740585,12.108835,15.898557,-4.456385,8.312313,-19.710526,29.203100,70.470886,-14.485332,-4.531017,-32.787159
369.000000,-1835.703125,1255.971924,75.836380,-3.613745,-6.438211,96.864758,-9.558612,10.772313,1.599087,75.331116,-5.887642,-2.200382,-9.209955,-5.552129,-21.594759,32.891182,-15.650317,-0.916288,-2.573056,4.794557,1.098047,-7.326107,16.416815,-43.858303,65.373558,12.289760,15.901099,-4.449664,7.518815,-20.457338,29.450380,69.912575,-14.171077,-4.541471,-32.885445
370.000000,-1835.519653,1257.292236,76.192017,-3.369398,-6.694199,97.695560,-12.318939,11.961101,2.551637,74.381798,-8.032376,-1.857383,-6.541018,-5.558698,-22.423149,30.987665,-16.039625,-0.539140,-1.619295,4.517410,1.346792,-7.090046,16.489992,-43.425869,65.187317,12.312284,15.891009,-4.452656,6.663530,-21.312952,29.623474,69.098785,-14.126145,-4.548616,-33.038059
371.000000,-1835.402466,1258.568359,76.520111,-3.139921,-6.775857,98.501183,-14.647640,12.818072,3.246268,72.773979,-9.819500,-1.650734,-4.287752,-5.562979,-23.095419,29.157034,-16.245958,-0.204659,-0.769377,4.232811,1.463293,-6.837934,16.489798,-42.934792,65.109734,12.325046,15.882957,-4.466848,5.857072,-22.136181,29.842533,68.340752,-14.109380,-4.586538,-33.246872
372.000000,-1835.340332,1259.827515,76.804939,-3.023382,-6.788796,99.420411,-17.381805,13.700571,3.675045,69.687943,-11.704380,-1.427082,-1.509002,-5.413182,-24.183804,26.585268,-16.286827,0.248401,0.452818,4.095387,1.474664,-6.846566,16.778503,-41.290771,64.608208,12.307781,15.824372,-4.137867,4.970925,-23.198523,30.210270,67.601646,-14.072495,-4.671074,-33.651207
373.000000,-1835.306763,1261.056519,77.036423,-2.854099,-6.826785,100.383010,-19.456987,14.477449,4.212095,66.108765,-12.891662,-1.296113,0.984395,-5.315868,-25.264084,24.284834,-16.295660,0.709621,1.376493,3.876591,1.516808,-6.990681,17.240898,-40.072628,64.224976,12.254041,15.549034,-4.053319,4.050474,-23.924103,30.408865,67.140808,-14.024481,-4.718359,-34.006168
374.000000,-1835.320801,1262.330200,77.221886,-2.790455,-6.732388,101.522096,-21.264654,15.194049,4.651371,61.537926,-13.517915,-1.298581,3.424479,-5.105225,-26.488558,21.860458,-16.191078,1.213806,1.917732,3.660441,1.458384,-7.022184,17.661106,-39.392242,64.121796,11.969700,15.223021,-4.023142,2.984900,-24.392361,30.671291,66.839043,-13.890196,-4.728308,-34.455490
375.000000,-1835.395020,1263.563477,77.338539,-2.701215,-6.594079,102.463292,-22.687136,15.759443,5.100195,55.866154,-13.642455,-1.459647,5.695674,-4.848315,-27.598166,19.530909,-16.073774,1.796519,2.413576,3.448542,1.418204,-6.958859,17.993645,-39.138432,64.121078,11.577065,15.020116,-4.010771,1.708931,-24.649382,30.936268,66.704247,-13.743595,-4.735660,-34.928955
376.000000,-1835.544067,1264.760742,77.382324,-2.609730,-6.463896,103.335192,-23.603491,16.067930,5.570512,50.167290,-13.169577,-1.709097,7.598985,-4.661071,-28.568598,17.651676,-16.030388,2.373061,2.790961,3.273709,1.468788,-6.781707,18.173914,-39.030392,64.122833,11.250743,14.909237,-4.012077,0.484233,-24.735126,31.017742,66.618393,-13.685843,-4.751863,-35.337746
377.000000,-1835.783203,1265.949097,77.356506,-2.492842,-6.322059,104.035740,-24.334024,16.134476,6.109694,43.301411,-12.106753,-2.053820,9.608718,-4.581355,-29.633253,15.922070,-16.173538,3.146129,3.365012,3.086057,1.552434,-6.435447,18.201006,-38.871216,64.117355,10.938520,14.819300,-4.092877,-0.892821,-24.778755,31.086956,66.438828,-13.637566,-4.796994,-35.821648
378.000000,-1836.100342,1267.164185,77.288948,-2.318229,-6.023314,104.666253,-24.608732,15.877973,6.718555,36.693089,-10.477643,-2.310587,11.030737,-4.812959,-30.948624,15.029173,-16.505461,3.948470,4.101070,2.804834,1.457860,-6.072193,18.161898,-38.780872,64.106842,10.687181,14.730482,-4.323626,-1.812400,-24.773548,31.244692,65.986748,-13.592481,-4.767307,-36.311230
379.000000,-1836.479004,1268.362915,77.169250,-2.243076,-5.705989,105.208801,-24.817474,15.635149,7.514047,31.015713,-8.868013,-2.409949,12.207623,-5.154417,-32.766270,14.679758,-16.966898,4.786065,5.016551,2.521468,1.324751,-5.746017,18.121279,-38.709789,64.110695,10.399282,14.648301,-4.620937,-2.461526,-24.738773,31.469910,65.115067,-13.547921,-4.675159,-36.827816
380.000000,-1836.924194,1269.599731,77.024849,-2.207540,-5.507983,105.751551,-24.762075,15.411142,8.619461,26.391685,-7.342217,-2.419762,13.438621,-5.542687,-34.685020,14.622071,-17.400801,5.677763,5.977106,2.180708,1.267250,-5.380878,18.113081,-38.638573,64.116638,10.167274,14.624961,-4.891697,-3.041756,-24.538092,31.782324,64.164459,-13.416900,-4.571403,-37.301472
381.000000,-1837.465332,1270.913330,76.872528,-2.159646,-5.389867,106.419501,-24.572506,15.171690,9.584527,23.775728,-6.384968,-2.417840,14.363420,-5.864835,-35.973145,14.668282,-17.635210,6.341721,6.537689,1.866008,1.202798,-5.040018,18.124540,-38.632942,64.118362,10.018031,14.655866,-5.061924,-3.429352,-24.255444,32.033382,63.581532,-13.242874,-4.517328,-37.560532
382.000000,-1838.113647,1272.263184,76.716789,-2.076665,-5.308969,107.009667,-24.109516,14.590699,11.145479,20.553047,-5.029699,-2.297451,15.839020,-6.550839,-37.786259,15.112884,-17.909128,7.511705,7.410511,1.291389,1.012002,-4.350100,18.130077,-38.651272,64.044586,9.794044,14.838759,-5.450700,-3.994076,-23.656927,32.414467,62.700260,-13.001730,-4.436094,-37.823235
383.000000,-1838.856079,1273.645508,76.556015,-1.963358,-5.409903,107.606718,-23.441740,13.894570,12.385468,18.730530,-3.881698,-1.932540,17.285051,-7.360198,-39.291344,15.764550,-18.001991,8.643547,8.332332,0.709457,0.899150,-3.701780,18.141605,-38.653950,63.884872,9.684586,15.075089,-5.928013,-4.374697,-23.020634,32.669846,61.901421,-12.916459,-4.287415,-37.924145
384.000000,-1839.694580,1275.100586,76.380630,-1.742739,-5.500305,108.378872,-22.694265,13.009194,13.585307,17.832066,-2.755083,-1.314661,18.845461,-8.371376,-40.917065,16.601622,-17.929602,9.848515,9.129985,-0.033187,0.773275,-3.087612,18.201557,-38.656944,63.863583,9.517476,15.323667,-6.506527,-4.675046,-22.231873,32.930183,61.149185,-12.815284,-4.102386,-37.935593
385.000000,-1840.621216,1276.586792,76.190010,-1.469406,-5.586261,109.202549,-21.950939,11.966889,14.841833,17.623055,-1.713965,-0.559926,20.277658,-9.732185,-42.462685,18.066525,-17.744427,11.084997,9.796805,-1.003901,0.634718,-2.542503,18.360447,-38.672813,63.880817,9.491729,15.672629,-7.169603,-5.004615,-21.291386,33.229156,60.535465,-12.817927,-3.947263,-37.919086
386.000000,-1841.596802,1278.004395,75.988312,-1.364798,-5.751820,110.143493,-21.260359,11.085822,15.778428,17.990309,-1.015784,0.170538,21.419958,-11.091506,-43.560047,20.119160,-17.259136,12.124805,10.315671,-1.772516,0.625651,-2.154270,18.479107,-38.702309,63.944466,9.488029,16.019209,-7.669374,-5.335414,-20.441072,33.457672,60.006058,-12.831249,-3.828038,-37.882320
387.000000,-1842.684204,1279.515259,75.798790,-1.198665,-5.969024,111.178120,-20.656147,10.004966,15.719263,19.537960,0.975186,2.325299,22.540966,-13.036929,-44.236038,23.512487,-16.019592,13.150552,10.811234,-2.765526,0.767111,-1.753944,18.656969,-38.715332,64.035835,9.462697,16.425562,-8.077016,-5.829330,-19.230808,33.605972,59.641193,-12.844664,-3.763506,-37.848171
388.000000,-1843.794434,1280.999023,75.660446,-0.780526,-6.092408,112.729202,-20.410179,8.533390,14.941750,21.549519,2.123951,3.083894,23.221659,-14.863143,-43.311092,26.785875,-14.270401,13.233565,11.000672,-3.989505,0.992681,-1.571538,18.873713,-38.829201,64.203880,9.298159,16.736446,-8.348853,-6.221040,-18.050091,33.806026,59.552963,-12.765173,-3.752853,-37.849220
389.000000,-1845.021606,1282.489258,75.544601,-0.315223,-5.963582,114.717533,-20.387894,6.973619,14.085601,23.024178,2.235994,3.546926,23.309259,-16.137342,-41.589954,29.392441,-12.445918,12.483098,11.003693,-4.997825,1.006381,-1.565798,18.959555,-39.027767,64.458939,9.072986,16.930120,-8.534581,-6.337732,-17.270092,34.009117,59.543625,-12.697618,-3.750056,-37.883739
390.000000,-1846.372559,1283.983032,75.451622,0.174985,-5.761926,117.085927,-20.294268,4.718365,12.895356,24.739088,2.028797,4.321496,23.086794,-17.608202,-38.955902,32.983559,-9.007048,10.871707,10.958469,-6.077286,1.004587,-1.639703,18.957159,-39.345356,64.648422,8.832778,17.137098,-8.766273,-6.432303,-16.514034,34.279377,59.690311,-12.670959,-3.752301,-37.957958
391.000000,-1847.841431,1285.512085,75.458282,0.930733,-5.512430,119.574062,-20.093679,2.295394,11.878798,26.197668,-0.114474,4.867368,22.598995,-18.986652,-36.545616,36.082256,-4.815870,8.925583,11.002188,-7.179865,1.090703,-1.818615,18.997290,-39.648548,64.661942,8.809721,17.250574,-8.941539,-6.595404,-15.839908,34.458553,60.261787,-12.560561,-3.751845,-38.038952
392.000000,-1849.347900,1286.934814,75.530678,1.541496,-5.160726,121.423748,-19.473246,-0.339842,10.941593,27.353540,-2.708627,5.705977,21.194931,-20.518034,-33.309948,39.794159,2.165066,5.598556,11.585284,-7.979646,1.114105,-2.184915,19.291866,-40.266857,64.706886,8.876676,17.359613,-9.207875,-7.031750,-15.231251,35.051514,61.266308,-12.145965,-3.717982,-38.079651
393.000000,-1850.740845,1288.141968,75.597160,2.039420,-4.816306,122.879489,-18.678581,-2.365108,10.319588,27.783596,-4.572875,6.474879,18.994900,-21.723272,-30.357553,43.460438,6.816714,2.386803,12.146421,-8.168917,1.081552,-2.381259,19.407190,-40.428368,64.755951,8.863307,17.368832,-9.184907,-7.748464,-14.793473,35.545635,62.034966,-11.686466,-3.667164,-38.068699
394.000000,-1852.097290,1289.278809,75.674179,2.305333,-4.610661,124.997497,-17.785500,-4.412241,9.017905,27.813274,-5.836541,7.230083,16.007284,-22.145626,-27.507072,48.912197,4.551831,0.391635,11.741827,-7.928976,1.142476,-2.505870,19.453400,-40.475319,64.796577,8.860707,17.379761,-9.094677,-8.838837,-14.298973,35.925419,62.829411,-11.466547,-3.669566,-38.047474
395.000000,-1853.369141,1290.371826,75.797272,2.499566,-4.624800,127.405538,-16.462759,-6.540653,7.154904,27.351084,-6.653126,7.900951,12.873619,-21.934658,-25.126614,54.724667,1.054828,-0.807238,10.986455,-7.518375,1.240906,-2.817507,19.447006,-40.407337,64.751511,8.854750,17.381042,-9.076769,-9.728308,-13.813030,36.393852,63.695076,-11.373769,-3.693242,-37.958408
396.000000,-1854.588135,1291.460083,75.965172,2.708923,-4.617341,129.571121,-15.003638,-8.265924,5.522747,26.513027,-7.137843,8.381816,9.780942,-21.466825,-23.034771,59.308777,-2.226356,-1.432634,10.661230,-7.208802,1.102265,-3.174748,19.389141,-40.187279,64.690948,8.855531,17.352556,-9.008232,-10.190862,-13.343287,36.866695,64.665100,-11.360048,-3.731733,-37.668804
397.000000,-1855.747559,1292.529541,76.147560,2.849701,-4.724571,131.708197,-12.971679,-10.061278,3.456714,25.300367,-7.585032,8.846864,6.200889,-20.684484,-21.030844,63.474415,-5.772481,-1.820800,10.463424,-6.851953,0.860587,-3.693727,19.223789,-39.821754,64.668007,8.854115,17.273672,-8.829757,-10.476221,-12.750363,37.382309,65.962852,-11.338964,-3.764483,-37.075554
398.000000,-1856.830200,1293.577271,76.330826,2.863923,-4.957551,133.828406,-11.433409,-11.108541,1.896173,24.447504,-7.880576,9.117565,3.717458,-19.809858,-19.628752,65.652946,-8.053408,-1.970428,10.323040,-6.603865,0.722516,-4.117866,19.103924,-39.603821,64.655579,8.851994,17.172928,-8.688636,-10.639967,-12.276727,37.589722,66.947617,-11.323198,-3.816387,-36.497520
399.000000,-1857.846680,1294.616699,76.499748,2.816488,-5.212241,136.048498,-9.408691,-12.260717,-0.290213,23.457319,-8.264876,9.464533,0.642877,-18.429249,-18.023239,67.621307,-10.524917,-2.120447,10.067844,-6.302329,0.624929,-4.743237,18.988365,-39.311081,64.529381,8.855709,17.067125,-8.597997,-10.798489,-11.668154,37.638336,68.129272,-11.321480,-3.882432,-35.721832
400.000000,-1858.809448,1295.668945,76.654472,2.689156,-5.496957,138.464479,-7.406079,-13.255438,-2.736578,22.576714,-8.665479,9.723521,-2.313008,-16.944971,-16.883858,68.593269,-12.623125,-2.240099,9.762068,-6.119769,0.566028,-5.509366,18.977386,-39.030197,64.134644,8.892397,17.043028,-8.545533,-10.887426,-11.116303,37.646847,69.129509,-11.291209,-3.898105,-34.947639
401.000000,-1859.704346,1296.698975,76.791748,2.554876,-5.793800,140.852445,-5.665221,-13.971069,-5.003615,21.904095,-9.041510,9.892122,-4.832440,-15.550948,-16.097427,68.695404,-14.283909,-2.441760,9.471727,-6.025419,0.579514,-6.327749,18.977598,-38.879608,63.762550,8.949823,17.007994,-8.426558,-10.977486,-10.720190,37.649422,69.831863,-11.205479,-3.905397,-34.254951
402.000000,-1860.570679,1297.720581,76.915810,2.312969,-6.113825,143.271320,-3.601027,-14.605049,-7.827497,21.353535,-9.610985,10.077032,-7.852215,-13.822306,-15.416391,67.901352,-15.993212,-2.792465,9.070510,-5.874314,0.687569,-7.378046,18.964077,-38.671848,63.244938,8.744726,16.889021,-8.134812,-11.167124,-10.425303,37.640114,70.384087,-11.035143,-3.936852,-33.473335
403.000000,-1861.386841,1298.692383,77.033356,1.928801,-6.359776,145.533861,-2.023792,-14.836154,-10.269378,21.293665,-10.299565,10.283669,-10.430860,-12.139515,-15.005723,66.022995,-16.953020,-3.302955,8.547548,-5.582983,0.781563,-8.170300,18.944414,-38.351158,62.711674,8.133475,16.741182,-7.781195,-11.473506,-10.295502,37.501019,70.714638,-10.962514,-4.084573,-32.948467
404.000000,-1862.185913,1299.640381,77.137268,1.526694,-6.531130,147.681779,-0.625872,-14.891652,-12.531558,21.385366,-11.053132,10.494102,-12.927557,-10.615317,-14.691844,63.432617,-17.525154,-3.781104,7.857484,-5.259900,0.854446,-8.739874,18.940462,-37.869656,62.075138,7.442348,16.668900,-7.472436,-11.874907,-10.235020,37.078350,70.992455,-10.943623,-4.400033,-32.690723
405.000000,-1862.988525,1300.572266,77.227249,1.155975,-6.672543,149.528666,0.734946,-14.792322,-14.511037,21.453028,-11.846392,10.700336,-15.297876,-9.237127,-14.336367,60.233448,-17.693100,-4.103738,7.237637,-4.933759,0.913793,-9.156626,18.935829,-37.309372,61.353539,6.784481,16.665825,-7.196548,-12.257023,-10.283448,36.564110,71.313507,-10.811450,-4.816995,-32.656162
406.000000,-1863.790527,1301.479858,77.302795,0.754352,-6.815226,151.197507,1.673362,-14.625607,-15.759528,21.523228,-12.438657,10.819560,-16.704397,-8.361983,-14.193911,57.623749,-17.528526,-4.204735,6.894721,-4.672274,0.967825,-9.371793,18.931355,-36.917660,60.830692,6.342838,16.669588,-7.011884,-12.451985,-10.420428,36.339348,71.578056,-10.682506,-5.116224,-32.707996
407.000000,-1864.624390,1302.408081,77.363968,0.322030,-6.954604,152.922773,3.128895,-14.280719,-17.817577,21.709801,-13.447483,10.955690,-18.544521,-7.032009,-14.087296,52.877071,-16.816008,-4.217730,6.305591,-4.257003,1.043315,-9.599064,18.970339,-36.383648,59.910503,5.670052,16.708138,-6.701458,-12.564557,-10.772001,36.171463,72.039215,-10.548265,-5.562193,-32.913944
408.000000,-1865.466675,1303.335205,77.391762,-0.086495,-6.997173,154.785583,4.274353,-13.975897,-19.746323,22.103918,-14.442791,11.109019,-19.894215,-5.901921,-13.915645,48.222900,-15.621316,-4.108632,5.457462,-3.926272,1.046526,-9.612291,19.131163,-36.177715,58.951057,5.133305,16.785517,-6.407234,-12.519608,-11.114940,35.997337,72.417068,-10.474196,-5.892545,-33.184456
409.000000,-1866.317017,1304.277954,77.388039,-0.405991,-6.930184,156.844745,5.123252,-13.737464,-21.476334,22.789274,-15.409703,11.208965,-21.030945,-4.835064,-13.343810,43.319832,-13.987116,-3.719733,4.271106,-3.752029,1.018691,-9.597472,19.401945,-36.153072,58.036148,4.596020,16.904749,-6.144591,-12.295980,-11.508942,35.632526,72.601570,-10.536860,-6.183410,-33.507607
410.000000,-1867.175049,1305.215576,77.337883,-0.570172,-6.826083,158.862882,6.029435,-13.296187,-22.010473,23.126745,-16.430418,11.566011,-22.081781,-4.038753,-12.657193,38.537376,-12.333357,-3.171174,3.056838,-3.751117,1.027448,-9.635221,19.672104,-36.150150,57.208569,3.977665,17.026049,-5.843599,-11.875916,-12.034959,35.207554,72.724518,-10.591916,-6.502151,-33.897911
411.000000,-1868.066650,1306.155884,77.237595,-0.629174,-6.695255,160.964921,6.902017,-12.838305,-22.044172,23.177311,-17.411875,11.975204,-22.902098,-3.630430,-12.074050,34.534058,-11.088607,-2.610054,2.064593,-3.842015,1.059734,-9.761052,19.848278,-36.150158,56.598877,3.358406,17.070805,-5.567558,-11.286470,-12.655799,34.848068,72.836555,-10.597712,-6.739775,-34.248947
412.000000,-1868.968750,1307.072876,77.093391,-0.662876,-6.568505,163.093716,7.807685,-12.348102,-22.096657,23.118481,-18.468575,12.307222,-23.602367,-3.356359,-11.357656,30.948908,-10.089798,-2.024765,1.155879,-3.916677,1.120902,-9.914982,19.991858,-36.156712,56.043060,2.793670,17.079020,-5.278779,-10.519040,-13.351007,34.421242,72.966965,-10.599712,-6.892601,-34.544109
413.000000,-1869.923218,1308.036865,76.904083,-0.708719,-6.346303,165.281896,8.793031,-11.717257,-22.301195,23.061893,-19.868704,12.756054,-24.465309,-3.009810,-10.191953,27.275805,-9.049420,-1.392802,0.107813,-3.977042,1.138243,-10.070041,20.193712,-36.176559,55.410019,2.290200,17.082273,-4.946749,-9.500424,-14.067668,33.732147,73.285149,-10.601399,-6.950318,-34.835445
414.000000,-1870.910889,1309.039551,76.688583,-0.754349,-6.081816,167.484129,9.678405,-11.012833,-22.638815,23.085546,-21.353670,13.158932,-25.319229,-2.616460,-8.815891,23.965738,-8.219426,-0.848478,-0.867275,-4.081207,1.124085,-10.191904,20.464382,-36.185234,54.802578,2.053084,17.084026,-4.626839,-8.330989,-14.580115,32.901218,73.695602,-10.588420,-6.938059,-35.105259
415.000000,-1871.951538,1310.087646,76.462013,-0.629530,-5.860456,169.526357,10.597219,-10.378403,-23.240034,23.091568,-22.693954,13.336229,-26.051970,-2.385756,-7.278570,21.079302,-7.739467,-0.355735,-1.648927,-4.346004,1.092780,-10.262464,20.831316,-36.193970,54.193142,1.834283,17.085653,-4.305254,-6.904273,-14.968530,32.228710,74.063652,-10.533150,-6.890891,-35.336937
416.000000,-1873.077637,1311.179810,76.210922,-0.535694,-5.593707,171.279598,11.589049,-9.606186,-23.574423,22.757996,-23.913727,13.560258,-26.667149,-2.125718,-5.869847,19.123707,-7.379517,0.013494,-2.066276,-4.541479,1.001054,-10.219101,21.266737,-36.274273,53.613968,1.533106,17.086170,-4.017023,-5.514840,-15.234091,31.956285,74.436569,-10.369450,-6.858619,-35.465736
417.000000,-1874.251709,1312.306396,75.955620,-0.327458,-5.340523,172.544573,12.899073,-8.760945,-24.454945,22.190987,-25.129244,13.644411,-27.436760,-1.684882,-4.011709,17.615765,-7.040898,0.317931,-2.192840,-4.863257,0.849661,-9.967249,22.005129,-36.432400,52.886932,1.234765,17.084251,-3.685863,-3.893500,-15.315682,31.813309,74.991348,-10.077851,-6.830979,-35.502388
418.000000,-1875.478516,1313.466553,75.610794,-0.379361,-5.046916,173.934395,13.825122,-7.434028,-23.526104,22.048889,-26.732260,13.890589,-28.195332,-0.692257,-0.979858,17.439730,-6.719331,0.478391,-2.574059,-4.921167,0.721580,-9.484371,22.861555,-36.522064,52.103199,0.986705,17.088888,-3.406470,-2.761470,-15.174880,31.596149,75.824829,-9.807747,-6.892191,-35.556583
419.000000,-1876.630249,1314.627686,75.070152,-0.029208,-4.797538,175.534311,13.741189,-6.175485,-19.881927,23.678717,-28.890026,13.608014,-29.022787,-0.082311,2.260950,18.975399,-6.583842,0.771577,-3.357200,-5.250676,0.841352,-9.148989,23.889370,-36.552597,51.160858,0.597289,17.126242,-3.216645,-2.008706,-14.904671,31.232487,76.802200,-9.435605,-6.941451,-35.732738
420.000000,-1877.660400,1315.717651,74.242615,1.194322,-4.496135,176.691256,12.698047,-6.132125,-15.935541,26.956305,-31.085880,12.024309,-30.275160,-0.338858,3.785855,22.332220,-7.084143,1.364637,-3.839374,-6.105217,0.932409,-9.015691,24.846756,-36.645840,50.330147,0.359244,17.144512,-3.100945,-1.616507,-14.668472,30.950909,77.488792,-8.953833,-6.959703,-35.934418
421.000000,-1878.697632,1316.655518,73.158089,2.200668,-4.110521,177.441579,11.146482,-6.854406,-11.584172,31.874992,-33.739807,9.375012,-31.891859,-0.928734,4.321292,26.842123,-6.634399,3.647817,-4.413279,-6.901424,1.024595,-8.850331,25.723560,-36.803593,49.694283,0.180115,17.146551,-2.890720,-1.382865,-14.616113,30.631443,78.208344,-8.326920,-6.961326,-36.154255
422.000000,-1879.572266,1317.259277,72.268806,1.761093,-4.175030,178.334527,9.659663,-7.861315,-8.228997,36.634781,-37.147846,6.527497,-34.275280,-1.317473,2.594930,32.190815,-3.040082,3.576418,-5.525316,-5.784881,1.804324,-8.821298,25.715887,-36.870785,49.850060,-0.398881,17.146404,-2.451773,-1.499914,-15.221102,30.360376,78.841904,-7.932317,-6.774116,-36.237690
423.000000,-1880.409058,1317.714600,71.643158,0.416388,-3.728623,179.987815,8.155079,-8.503770,-7.113153,38.769249,-39.099052,5.239778,-35.800289,-2.156122,-1.110121,35.811172,-2.649398,2.825190,-7.200477,-3.507775,2.080799,-8.897586,25.030838,-37.135174,50.537914,-1.335810,17.153561,-2.240488,-0.988781,-16.035473,30.336325,79.061272,-7.901082,-6.371695,-36.169876
424.000000,-1881.160767,1318.226807,71.232178,-0.686693,-3.273990,-178.298440,6.664942,-8.907233,-6.166309,39.815880,-41.011242,5.626008,-36.925728,-3.289704,-4.976538,38.941898,-4.670990,1.890556,-8.545976,-1.560752,1.967619,-9.251897,24.381880,-37.705570,51.324394,-2.175261,17.130268,-2.194823,0.264885,-16.525188,30.233971,79.081268,-7.935670,-5.875957,-35.895844
425.000000,-1881.875854,1318.866211,70.986137,-1.053247,-3.147479,-176.988198,5.846154,-9.240202,-5.132693,40.354683,-41.138355,7.243757,-37.546120,-4.554437,-7.753288,41.858948,-7.313351,0.625472,-9.107204,-1.031711,1.744831,-9.859035,24.066288,-38.480049,52.453236,-2.776234,16.914864,-2.120635,1.994363,-16.364941,29.991966,79.090408,-8.057472,-5.371439,-35.321583
426.000000,-1882.639648,1319.547852,70.901413,-1.206285,-3.055620,-176.052022,6.143189,-8.508787,-3.934245,40.090851,-42.222488,9.118328,-37.611210,-5.197056,-9.284151,43.683720,-8.854265,-0.529478,-9.143373,-1.184852,1.188182,-10.186478,23.771805,-39.015289,54.167850,-3.137322,16.440512,-2.009003,3.631854,-15.910724,29.702503,79.175781,-8.153163,-5.112317,-34.702026
427.000000,-1883.473145,1320.176270,70.954445,-1.395356,-3.046288,-175.423174,7.425904,-7.388305,-4.345496,38.790791,-42.420799,8.728452,-37.190823,-5.224576,-10.445993,44.904804,-9.906266,-1.580982,-9.027573,-1.276655,0.128568,-10.076254,23.151611,-39.356270,56.545334,-3.318225,16.073334,-1.866224,5.490252,-15.451723,29.350483,79.298477,-8.362930,-5.017115,-34.110802
428.000000,-1884.529907,1320.714478,71.186623,-2.496309,-3.064090,-175.122266,9.368136,-5.430410,-5.051596,36.785706,-42.432686,7.990407,-36.120651,-3.162649,-10.493690,45.056271,-10.465981,-1.417140,-8.576362,-0.162230,-0.873872,-9.311366,22.176151,-39.472530,58.416161,-3.271413,16.033285,-1.779629,7.114251,-15.484559,29.278078,79.306282,-8.928770,-5.012790,-33.696999
429.000000,-1885.713135,1321.248413,71.526382,-4.091248,-3.003574,-173.887389,10.883305,-3.442935,-6.202479,35.181557,-42.346882,7.545575,-34.954556,-0.824841,-9.848150,44.801350,-10.594208,-1.052565,-8.561401,1.255523,-1.502552,-8.594548,21.400093,-39.696426,59.373028,-3.089509,16.119474,-1.772209,8.249741,-15.634000,29.283970,79.306915,-9.280385,-5.034386,-33.389915
430.000000,-1886.872437,1321.821777,71.847740,-5.493932,-2.881421,-171.435755,12.470923,-1.025187,-8.656878,33.443073,-42.031071,6.956309,-33.136837,1.867512,-7.714137,44.003666,-11.176638,-0.554985,-9.185421,2.812052,-1.766661,-8.029364,20.748152,-40.358475,59.941723,-2.626726,16.241085,-1.767399,9.265479,-15.699822,29.212099,79.326591,-9.431540,-5.150197,-32.942833
431.000000,-1887.865601,1322.381226,72.017586,-6.276391,-2.636985,-168.987024,12.974521,0.816198,-10.585128,33.151424,-41.602818,6.485071,-31.666132,3.441871,-5.667826,43.621105,-12.493107,-0.213227,-9.594071,3.765836,-1.588196,-8.035046,20.393503,-41.041660,60.082699,-2.108271,16.247801,-1.753345,9.715210,-15.720154,28.987988,79.354630,-9.380052,-5.412859,-32.482067
432.000000,-1888.678223,1322.921753,72.031334,-6.320460,-2.630526,-167.175790,11.469669,2.395126,-10.244061,37.337482,-39.984383,4.677134,-30.283165,3.911095,-4.549135,44.002811,-14.351466,0.151502,-9.027042,4.229746,-0.652222,-8.537690,20.188864,-41.558552,60.061539,-1.373042,16.078405,-1.622344,9.375984,-15.931485,28.590527,79.330330,-9.184932,-6.007023,-31.840246
433.000000,-1889.432861,1323.371460,72.089523,-6.395225,-2.839567,-165.422918,8.244882,3.321140,-9.100451,45.230755,-36.533512,2.551301,-29.214613,3.274019,-5.809752,44.570160,-15.250671,0.243812,-8.584390,4.671752,0.620908,-8.798985,20.019592,-41.696342,60.382988,-0.844580,15.886623,-1.437725,7.957716,-16.455650,28.485996,79.646843,-8.978318,-6.711606,-31.223167
434.000000,-1890.265625,1323.731079,72.245659,-6.392791,-2.776500,-163.720703,4.147090,4.007318,-8.447982,53.485413,-29.630970,0.312889,-28.053150,2.457040,-7.364003,44.614265,-16.083420,0.280849,-8.445992,5.274587,1.011986,-8.501668,19.778498,-41.786972,61.191128,-0.278912,15.908331,-1.394360,6.455902,-17.183167,28.726555,80.079063,-8.617701,-7.337064,-30.765244
435.000000,-1891.167603,1324.042847,72.484726,-6.275723,-2.747575,-161.769763,-0.228781,4.395128,-8.172667,61.279976,-23.073677,-1.692497,-26.507734,1.249544,-9.228354,44.257263,-16.612202,0.362502,-8.221846,5.617768,0.770283,-7.949623,19.675072,-41.821507,62.075195,0.568502,16.194851,-1.390772,5.390156,-17.971447,29.236435,80.204987,-8.337156,-7.779032,-30.558514
436.000000,-1892.101074,1324.319092,72.799973,-6.285485,-3.015333,-159.530681,-3.977111,4.820385,-7.895072,67.354095,-18.896219,-2.983038,-24.502537,0.143493,-11.161963,43.522648,-17.014688,0.493383,-7.884465,5.774999,0.468848,-7.474411,19.741898,-41.990650,62.760815,1.365870,16.574200,-1.351565,4.797426,-18.644920,29.838299,80.145889,-8.134113,-8.064666,-30.511108
437.000000,-1893.056152,1324.574829,73.164459,-6.304862,-3.498676,-157.428017,-7.200169,5.451846,-7.385664,72.093697,-16.403166,-3.481470,-22.251686,-0.567050,-12.800288,42.517052,-17.324690,0.566786,-7.241457,5.743474,0.219376,-7.041400,19.938648,-42.192993,63.317707,2.072609,16.879927,-1.280978,4.403232,-19.153093,30.306377,80.025261,-7.962515,-8.219548,-30.457243
438.000000,-1894.020020,1324.805664,73.569450,-6.270026,-4.199243,-155.443278,-10.586428,6.395865,-6.510918,76.284630,-14.619457,-3.454766,-19.364622,-1.149944,-14.454432,41.135715,-17.731169,0.589881,-6.142296,5.449730,0.093941,-6.522725,20.239561,-42.301781,63.925014,2.853098,17.151846,-1.199324,3.963037,-19.657816,30.589575,79.601357,-7.873718,-8.206912,-30.354404
439.000000,-1894.970093,1324.990967,74.008377,-6.055946,-5.062534,-153.703260,-13.414782,7.380264,-5.523138,78.631371,-13.652350,-3.119300,-16.343014,-1.619915,-15.835335,39.622547,-18.245726,0.620960,-4.909829,4.941209,0.263817,-6.056450,20.503834,-42.347023,64.488167,3.375952,17.404892,-1.216234,3.512618,-20.278681,30.756145,78.546478,-7.865668,-8.128915,-30.251995
440.000000,-1895.881836,1325.109619,74.451492,-5.769960,-5.893534,-152.068595,-15.974972,8.466711,-4.251256,79.249039,-13.226756,-2.587135,-13.248497,-2.097543,-17.063608,37.878677,-18.584995,0.699396,-3.603163,4.295303,0.597273,-5.521727,20.719471,-42.317181,64.878128,3.698665,17.567940,-1.384731,2.899691,-21.053305,30.863174,77.212906,-7.844419,-8.121086,-30.208740
441.000000,-1896.729492,1325.157837,74.860123,-5.491588,-6.509265,-150.566698,-18.185492,9.495624,-3.112513,78.698051,-13.050540,-2.103911,-10.627761,-2.475811,-18.156496,36.178265,-18.732620,0.769311,-2.575484,3.782012,0.904246,-5.056625,20.786327,-42.159824,65.182526,3.880980,17.605463,-1.722565,2.226292,-21.839233,30.917204,75.977783,-7.737929,-8.127918,-30.202532
442.000000,-1897.576904,1325.147949,75.245758,-5.136814,-6.920649,-149.043100,-20.949308,10.651055,-1.847120,76.687294,-13.032971,-1.625466,-7.717889,-2.994145,-19.567356,34.065773,-18.806412,0.844970,-1.379096,3.166115,1.181747,-4.439334,20.768776,-41.616180,65.311882,4.280368,17.548359,-2.288071,1.318573,-22.901577,31.016140,74.392937,-7.425297,-8.133539,-30.202080
443.000000,-1898.385010,1325.091797,75.574654,-4.983506,-7.171802,-147.137982,-23.468161,11.675559,-1.009573,73.788551,-13.202557,-1.215255,-5.161922,-3.504019,-21.381981,32.096577,-18.802757,0.998606,-0.763853,2.760821,1.457176,-3.987801,20.680315,-40.995335,65.335945,4.613980,17.406986,-2.887971,0.426592,-23.829847,31.091946,73.002174,-6.863521,-8.125612,-30.239832
444.000000,-1899.219360,1324.990601,75.864494,-4.808696,-7.246277,-145.337525,-25.657249,12.810093,-0.048622,69.828629,-13.385034,-0.978621,-2.938576,-3.858619,-23.094730,30.235214,-18.752596,1.204863,-0.142958,2.394716,1.629117,-3.690085,20.582489,-40.462269,65.310562,4.952097,17.246611,-3.508093,-0.429862,-24.591862,31.137188,71.602951,-6.325572,-7.980253,-30.310377
445.000000,-1900.042114,1324.826538,76.103989,-4.615560,-7.250942,-143.758318,-27.008430,13.580588,0.646577,65.928352,-13.314769,-0.916731,-1.339865,-4.037232,-24.259697,28.840431,-18.726814,1.373996,0.360614,2.119710,1.749449,-3.441934,20.514269,-40.108879,65.203827,5.316717,17.089823,-3.949238,-1.172754,-25.152565,31.223217,70.402878,-6.140266,-7.861036,-30.356525
446.000000,-1900.858154,1324.593140,76.288170,-4.541600,-7.183513,-142.266350,-28.295004,14.373936,1.304438,60.822067,-12.971531,-0.932405,0.438269,-4.112390,-25.576305,27.232367,-18.700109,1.588267,0.876042,1.895659,1.842061,-3.156294,20.435270,-39.771965,65.003937,5.679590,16.910831,-4.419856,-2.189906,-25.758667,31.519522,69.162811,-6.081339,-7.820203,-30.411821
447.000000,-1901.660400,1324.298340,76.413170,-4.497265,-6.916008,-140.867547,-29.542257,15.145848,1.948734,53.901020,-12.054842,-1.125247,2.326783,-4.066589,-27.170301,25.401104,-18.693428,1.888457,1.467098,1.720756,1.777405,-2.884125,20.387642,-39.388172,64.612572,6.014856,16.695692,-4.945373,-3.533428,-26.286245,32.010567,67.995483,-6.032753,-7.816224,-30.524975
448.000000,-1902.447510,1323.944214,76.485428,-4.476563,-6.667997,-139.540323,-30.302385,15.549119,2.437161,47.293114,-10.774337,-1.425463,3.833290,-3.996233,-28.547699,23.959272,-18.751778,2.116961,2.061851,1.572449,1.723492,-2.779264,20.373077,-38.880550,64.108826,6.220304,16.513170,-5.348145,-4.836462,-26.584965,32.282780,67.103737,-6.019103,-7.812409,-30.648369
449.000000,-1903.217529,1323.536255,76.507072,-4.324590,-6.361558,-138.355386,-30.726582,15.693501,3.076990,41.113167,-9.309705,-1.723413,5.128080,-4.076806,-29.820980,22.937899,-19.025341,2.457515,2.730865,1.286314,1.646602,-2.803024,20.357262,-38.360172,63.666962,6.350859,16.322466,-5.628068,-6.176838,-26.661654,32.469463,66.401192,-6.015612,-7.752440,-30.849920
450.000000,-1903.977783,1323.075439,76.478210,-4.028982,-6.055635,-137.299620,-30.881865,15.555413,3.929498,35.640915,-7.928007,-2.003002,6.124583,-4.490543,-30.982256,22.600016,-19.634508,2.881183,3.468227,0.732878,1.554748,-2.947724,20.417114,-37.964504,63.246422,6.340537,16.194633,-5.860698,-7.534590,-26.668179,32.759182,65.522987,-6.012308,-7.639383,-31.061022
451.000000,-1904.739380,1322.535767,76.422310,-3.548824,-5.773059,-136.276907,-30.680788,15.263860,5.155516,31.306854,-6.754842,-2.250329,6.886192,-5.177150,-31.942709,22.764246,-20.408209,3.383125,4.113664,0.025930,1.490317,-3.149768,20.524662,-37.858231,62.957981,6.141730,16.120834,-6.082499,-8.687443,-26.656160,33.015266,64.657532,-5.997727,-7.609818,-31.325729
452.000000,-1905.498169,1321.899658,76.341461,-3.001097,-5.557660,-135.237102,-30.225187,14.635450,6.817829,27.205702,-5.506543,-2.456447,7.916645,-6.223505,-33.167492,23.135176,-21.487566,4.191019,4.888088,-0.946651,1.415280,-3.445098,20.639322,-37.846638,62.705723,5.736327,16.075722,-6.388890,-9.962784,-26.624506,33.371288,63.747620,-5.950737,-7.603954,-31.739878
453.000000,-1906.286377,1321.142578,76.254227,-2.307625,-5.533363,-134.183543,-29.580578,14.020148,8.129992,25.263052,-4.653707,-2.487038,8.876810,-7.127106,-34.027367,23.409056,-22.250639,4.869124,5.526251,-1.743796,1.500469,-3.666365,20.702265,-37.869595,62.564495,5.583939,16.069685,-6.671252,-10.671644,-26.521168,33.566872,63.161667,-5.901864,-7.515702,-32.077801
454.000000,-1907.088623,1320.268921,76.162079,-1.487171,-5.420568,-133.090957,-28.724766,13.022483,9.823021,23.775673,-3.643021,-2.393481,10.191900,-8.443150,-35.290283,23.701918,-23.191097,5.885216,6.425326,-2.905092,1.436853,-3.901886,20.745974,-37.938248,62.478497,5.560967,16.077436,-7.109047,-11.146861,-26.288603,33.708702,62.182926,-5.867002,-7.189648,-32.521389
455.000000,-1907.904053,1319.257202,76.070534,-0.674745,-5.342021,-131.953451,-27.614563,11.734847,11.283951,23.093082,-2.634397,-2.113362,11.751407,-9.929887,-36.869862,23.860615,-23.979952,7.108611,7.467731,-4.153142,1.242900,-4.112318,20.880882,-37.952717,62.476761,5.563200,16.282602,-7.380301,-11.216174,-25.986362,33.831959,60.849640,-5.855214,-6.658551,-32.881828
456.000000,-1908.685303,1318.125366,75.984283,0.041620,-5.226470,-130.859917,-26.417440,10.647099,12.484297,22.662828,-1.910725,-1.747389,13.232435,-11.237698,-38.605415,23.971132,-24.358603,8.288301,8.352763,-5.121240,0.973318,-4.188529,21.009453,-37.955227,62.510517,5.604428,16.487680,-7.631196,-11.244702,-25.516521,33.887596,59.881233,-5.847853,-6.218013,-33.083046
457.000000,-1909.407837,1316.876221,75.906982,0.580306,-5.121840,-129.694006,-24.810898,9.461342,13.830983,22.220911,-1.303298,-1.201267,14.800664,-12.922904,-40.742863,24.867748,-24.287008,9.646009,9.167181,-6.016005,0.658588,-4.206963,21.102913,-38.029507,62.641094,5.728551,16.709215,-8.044547,-11.474530,-24.630690,33.899773,59.104076,-5.852357,-5.682479,-33.181347
458.000000,-1910.036865,1315.505371,75.851021,0.830342,-5.189849,-128.340080,-23.215267,8.493685,14.746572,21.978592,-1.108724,-0.684838,15.637024,-14.780527,-42.196178,27.638126,-23.454794,10.568844,9.514343,-6.422307,0.599466,-4.168912,21.091959,-38.101730,62.734177,5.916003,16.815979,-8.428090,-11.865244,-23.667654,33.899918,58.489605,-5.985701,-5.041924,-33.191269
459.000000,-1910.586548,1314.024292,75.830818,0.728782,-5.242859,-126.677607,-21.699455,7.576549,15.215784,21.799711,-1.061878,-0.198072,15.757197,-16.699600,-42.493088,32.095230,-21.309877,11.291938,9.470571,-6.419217,0.532278,-4.041662,21.002005,-38.120346,62.794693,6.241301,16.843647,-8.799072,-12.172226,-22.681997,33.898544,57.909161,-6.260223,-4.494777,-33.198982
460.000000,-1911.102905,1312.454956,75.856689,0.551856,-5.314417,-124.608714,-20.421261,6.432055,15.229259,21.595118,-0.561792,1.052808,15.341310,-18.504084,-41.323395,37.211220,-17.491751,11.872240,9.140691,-6.394912,0.541839,-4.051779,20.947678,-38.288143,62.796940,6.608013,16.848154,-9.209772,-12.371227,-21.630383,33.962425,57.603954,-6.417572,-4.216846,-33.226753
461.000000,-1911.615967,1310.886719,75.938644,0.460529,-5.504825,-122.382535,-19.496170,5.367306,14.910280,21.659904,0.148883,2.710711,14.711063,-19.768295,-38.959908,41.409729,-12.821996,11.721911,8.951671,-6.626693,0.849594,-4.363561,20.980619,-38.390984,62.794979,6.889956,16.856260,-9.505525,-12.437379,-20.593657,34.037205,57.583675,-6.426062,-4.098017,-33.285976
462.000000,-1912.157227,1309.157715,76.054893,0.479874,-5.634982,-120.123043,-18.523750,4.286152,14.569216,21.729841,0.608973,4.024601,13.821020,-20.698494,-36.153801,45.038143,-7.301598,10.509858,9.081261,-6.991073,1.106185,-4.780486,20.987007,-38.406422,62.796368,7.181543,16.856155,-9.706238,-12.319598,-19.634144,34.305882,57.782681,-6.411260,-4.049747,-33.399563
463.000000,-1912.676025,1307.306519,76.157936,0.588204,-5.746947,-117.890946,-17.307060,2.853984,13.925337,21.881086,1.192216,5.045962,12.712557,-21.545925,-33.024914,48.474010,0.316333,8.167097,9.450767,-7.428738,1.231723,-5.215807,20.903992,-38.412994,62.825054,7.531814,16.808846,-9.838088,-12.121952,-18.640015,34.976822,58.422005,-6.404407,-4.086735,-33.513836
464.000000,-1913.170776,1305.407104,76.225357,1.073196,-5.732969,-115.771228,-16.403221,0.915260,12.805717,22.752857,-0.504749,5.534206,11.471830,-22.333096,-30.036350,50.966270,8.659708,4.634549,9.892836,-8.070692,1.224434,-5.582662,20.806042,-38.427341,62.906734,7.648677,16.642954,-9.891595,-12.101473,-17.682039,35.807598,59.559048,-6.453023,-4.166956,-33.571644
465.000000,-1913.587158,1303.635010,76.177650,1.665382,-5.422994,-113.703755,-15.946586,-1.282690,11.620799,23.897226,-2.750786,6.097187,9.495545,-22.747847,-26.511898,53.508270,12.088155,0.922059,10.133252,-8.818514,1.078081,-5.911295,20.731565,-38.445545,62.988834,7.666842,16.453522,-9.923004,-12.434422,-16.828953,36.845333,60.760212,-6.538695,-4.239542,-33.616608
466.000000,-1913.924194,1301.996216,76.113991,1.834566,-5.340315,-111.269781,-15.708720,-3.031461,10.066142,25.102537,-4.580899,6.651057,7.231172,-22.439905,-24.007847,57.280701,8.297713,-0.880412,9.777500,-8.890478,1.209293,-6.372507,20.490997,-38.446800,63.074055,7.673883,16.371174,-9.914495,-13.133787,-16.174524,37.617393,61.838009,-6.547005,-4.270330,-33.616489
467.000000,-1914.215820,1300.489624,76.109062,1.622959,-5.466032,-108.647618,-15.100495,-4.777688,7.624783,26.422222,-6.442272,7.195880,4.342545,-21.145473,-22.019644,62.109104,2.082511,-2.141407,8.923460,-8.219250,1.651275,-7.041876,20.033762,-38.468353,63.143059,7.723111,16.341103,-9.866223,-14.087328,-15.365635,38.057861,63.327160,-6.551788,-4.282304,-33.522552
468.000000,-1914.528076,1298.960327,76.185242,1.443213,-5.510112,-106.274845,-14.218821,-6.166095,5.440280,27.001877,-7.705700,7.565616,1.471912,-19.698902,-20.633326,65.348251,-3.341247,-2.696129,8.313775,-7.435581,1.729156,-7.469007,19.686981,-38.784206,63.236511,7.987231,16.336853,-9.562253,-14.626808,-14.625972,38.254925,64.775047,-6.552374,-4.257207,-33.255173
469.000000,-1914.841797,1297.405762,76.311317,1.211074,-5.458130,-103.681047,-13.158056,-7.499862,3.119858,27.119450,-8.665481,7.886187,-1.262974,-18.332611,-19.883516,67.105713,-7.633713,-2.966942,7.671075,-6.588500,1.428105,-7.672456,19.409767,-38.870445,63.179104,8.023446,16.329039,-9.408485,-14.716180,-14.055436,38.356335,66.049728,-6.555366,-4.219695,-32.832111
470.000000,-1915.159424,1295.890869,76.459259,0.984142,-5.370803,-101.083629,-11.959965,-8.749103,0.691742,26.950689,-9.443511,8.187266,-4.016296,-16.927126,-19.209167,67.800476,-10.996947,-3.094821,7.106175,-5.753523,0.984598,-7.886215,19.221579,-38.876179,62.810123,8.005056,16.311960,-9.384451,-14.505652,-13.729959,38.361446,67.067322,-6.568305,-4.205572,-32.315647
471.000000,-1915.500488,1294.450439,76.610580,0.964816,-5.452927,-98.762346,-10.548851,-9.802421,-1.311382,26.431717,-9.963425,8.432660,-6.460101,-15.797567,-18.457529,67.805771,-13.411521,-3.146485,6.930070,-5.216446,0.816989,-8.240030,19.172766,-38.873249,62.249241,7.915534,16.253962,-9.352476,-14.292617,-13.579042,38.359840,67.870529,-6.584955,-4.201714,-31.839806
472.000000,-1915.861084,1293.078003,76.752815,1.004469,-5.645752,-96.699397,-8.987637,-10.670986,-3.085593,25.803623,-10.430762,8.697138,-8.756693,-14.762304,-17.748590,67.054077,-15.140580,-3.264580,6.926734,-4.821165,0.815420,-8.676782,19.169775,-38.825985,61.656845,7.688966,16.169128,-9.287455,-14.188973,-13.470946,38.348156,68.643997,-6.595083,-4.201066,-31.361731
473.000000,-1916.254761,1291.727295,76.877068,1.018927,-5.832684,-94.716176,-7.223108,-11.448294,-4.987112,25.201519,-11.021070,9.162808,-11.316180,-13.448433,-16.891024,65.211555,-16.522131,-3.537075,6.827811,-4.447180,0.849175,-9.172927,19.201925,-38.666340,60.973949,7.190523,16.118748,-9.238280,-14.228691,-13.329545,38.235298,69.465584,-6.628694,-4.204987,-30.886383
474.000000,-1916.678467,1290.422485,76.971115,1.023616,-5.997487,-92.686951,-5.634639,-12.091537,-6.900244,24.868355,-11.683440,9.786490,-13.695567,-12.004395,-15.963545,62.529396,-17.527363,-3.852608,6.359141,-4.200748,0.900875,-9.622340,19.331163,-38.441013,60.293240,6.429918,16.110128,-9.233240,-14.442142,-13.115703,37.928078,70.171791,-6.725382,-4.226323,-30.654646
475.000000,-1917.113525,1289.147339,77.042587,0.954889,-6.124966,-90.636570,-4.158831,-12.587347,-8.944886,24.725988,-12.451236,10.266579,-15.910057,-10.589175,-15.254931,59.109943,-18.164297,-4.050316,5.610160,-3.995934,0.944993,-10.069891,19.444305,-38.281948,59.652424,5.605134,16.097849,-9.219799,-14.711438,-12.952000,37.556641,70.717995,-6.832972,-4.285279,-30.658276
476.000000,-1917.556396,1287.850342,77.117416,0.814663,-6.184639,-88.735894,-2.891871,-12.808246,-10.758366,24.660166,-13.239309,10.568244,-17.616432,-9.333835,-14.795279,55.243530,-18.208645,-4.107809,4.961101,-3.767968,0.906536,-10.422493,19.410366,-38.123096,59.267548,4.896952,16.089764,-9.180272,-14.828620,-12.932534,37.342125,71.037483,-6.873218,-4.425067,-30.816593
477.000000,-1918.022339,1286.517822,77.176323,0.728450,-6.271467,-87.028743,-1.264660,-12.923076,-12.787572,24.457670,-14.225753,10.869314,-19.451981,-8.099000,-14.349257,50.466885,-17.678419,-4.107253,4.402889,-3.622158,0.869654,-10.710919,19.314438,-37.851196,58.899055,4.173114,16.075893,-9.067055,-14.834297,-12.937021,37.109978,71.407188,-6.896714,-4.701990,-31.176092
478.000000,-1918.493042,1285.196289,77.220062,0.568295,-6.297000,-85.252574,0.104254,-12.872078,-14.683393,24.427198,-15.191710,11.038990,-20.717411,-7.145243,-14.108162,45.703754,-16.288977,-3.904805,3.761637,-3.516963,0.813312,-10.809095,19.264994,-37.757076,58.569496,3.676875,16.155851,-8.916380,-14.776628,-12.931786,36.924252,71.923752,-6.988676,-5.133001,-31.643654
479.000000,-1918.986938,1283.845337,77.240395,0.412146,-6.296386,-83.404591,1.096894,-12.777463,-16.182365,24.509508,-15.991328,11.231598,-21.461571,-6.532166,-13.911186,41.690712,-14.821339,-3.526908,3.137537,-3.507268,0.782881,-10.803053,19.299974,-37.757591,58.205338,3.398952,16.319496,-8.816438,-14.654744,-12.945790,36.748539,72.376472,-7.052479,-5.557024,-32.067551
480.000000,-1919.509888,1282.449097,77.222046,0.303175,-6.262878,-81.635070,2.315089,-12.611153,-18.047634,24.703648,-17.116961,11.616997,-22.352266,-5.753405,-13.211957,36.460495,-12.717182,-2.877894,2.334568,-3.621401,0.774928,-10.743134,19.452343,-37.801670,57.615292,2.987930,16.566679,-8.662839,-14.376974,-13.016068,36.404182,72.956520,-7.071821,-6.163431,-32.680710
481.000000,-1920.044189,1281.024414,77.162422,0.220533,-6.199479,-79.971926,3.337319,-12.390128,-19.602312,24.980499,-18.234381,12.036540,-23.088144,-5.069282,-12.186035,32.185535,-10.899420,-2.233281,1.668085,-3.771683,0.805568,-10.664981,19.652660,-37.863258,57.080967,2.491331,16.748449,-8.500901,-14.048430,-13.138502,36.002274,73.502327,-7.115015,-6.645705,-33.239635
482.000000,-1920.584473,1279.573975,77.070099,0.133588,-6.147621,-78.447454,4.632191,-11.988037,-21.448126,25.311819,-19.721588,12.477004,-23.841269,-4.212604,-10.496520,27.285215,-8.978724,-1.383778,0.985403,-4.012439,0.880124,-10.591867,19.946381,-38.000740,56.433170,2.108517,16.951344,-8.290036,-13.504464,-13.393226,35.569420,74.242653,-7.212194,-7.087401,-33.900982
483.000000,-1921.144531,1278.071777,76.938187,0.000494,-6.016070,-76.837365,5.642491,-11.513035,-23.129982,25.849844,-21.226686,12.983753,-24.368406,-3.377496,-8.590565,23.204910,-7.434744,-0.687184,0.248595,-4.215546,0.890003,-10.518673,20.273277,-38.200695,55.896790,1.983769,17.053963,-8.045267,-12.911209,-13.566455,35.252747,75.211533,-7.242572,-7.445645,-34.558659
484.000000,-1921.736938,1276.479248,76.723251,-0.121932,-5.760605,-75.143227,6.265359,-10.981221,-24.425220,26.889065,-22.931812,13.400071,-24.854254,-2.699209,-6.628042,19.696875,-6.376338,0.023622,-0.605555,-4.480142,0.807164,-10.446258,20.698374,-38.416725,55.355297,1.897481,17.103991,-7.733473,-12.152658,-13.682212,35.015121,76.204094,-7.233719,-7.625084,-35.244820
485.000000,-1922.320557,1274.909912,76.363091,-0.098217,-5.431478,-73.470054,6.130258,-10.166745,-23.269026,28.903683,-24.888363,13.397120,-25.419563,-2.229666,-4.303736,17.354980,-5.877163,0.783577,-1.632162,-4.846370,0.707158,-10.335586,21.243813,-38.639809,54.597843,1.876945,17.160240,-7.318831,-11.318911,-13.847899,34.931660,76.975609,-7.216964,-7.664562,-35.920692
486.000000,-1922.896240,1273.439941,75.745155,0.409836,-5.062337,-71.696140,5.336949,-9.302725,-19.773811,31.062428,-26.454782,12.984234,-26.060911,-2.352479,-2.829607,17.125868,-5.894944,1.374003,-2.610507,-5.282292,0.638583,-10.326685,21.700171,-38.790161,53.937065,1.856260,17.199306,-7.043332,-10.782868,-13.994776,34.862514,77.352226,-7.183122,-7.661174,-36.406368
487.000000,-1923.467407,1271.962158,74.743011,1.844782,-4.863116,-70.662155,3.883881,-8.608362,-12.319247,35.359341,-29.806681,11.343721,-27.548246,-3.371966,-1.435383,19.721518,-6.324394,2.301120,-3.865724,-6.664204,0.860116,-10.443533,22.599842,-38.949562,52.760307,1.782728,17.193424,-6.630537,-10.157844,-14.229633,34.584808,77.639023,-7.113325,-7.532896,-37.108967
488.000000,-1923.790527,1270.703857,73.627228,2.282860,-4.791771,-70.193057,2.661333,-8.741923,-6.178712,39.527412,-32.504627,9.033836,-29.710054,-3.896092,-1.552750,24.238625,-2.719092,1.158678,-4.761407,-6.981128,1.190747,-10.498029,22.953896,-39.020023,52.188190,1.501427,17.034622,-6.095535,-9.906039,-14.768094,34.220337,77.626205,-7.141329,-7.209740,-37.521706
489.000000,-1923.862427,1269.615601,72.740921,1.564748,-4.801903,-69.410785,1.776151,-9.143030,-2.092232,42.510399,-34.961613,7.541257,-31.569754,-4.582136,-4.048965,28.920034,1.173378,0.749504,-6.137829,-5.415907,1.886987,-10.666595,22.486723,-39.209671,52.279644,0.548576,16.850552,-5.531672,-9.594591,-15.770004,33.910091,77.357597,-7.268758,-6.704258,-37.730618
490.000000,-1923.848755,1268.577515,72.107941,0.392755,-4.539266,-68.510992,1.077574,-9.922551,0.798009,43.185127,-36.179684,7.176496,-32.852005,-5.753821,-8.046860,32.656204,1.700761,0.419486,-7.179342,-3.293977,1.978457,-10.941361,21.659164,-39.816746,52.761589,-1.038215,16.636822,-5.104913,-8.403905,-16.781137,33.736115,77.080498,-7.534932,-6.096774,-37.777229
491.000000,-1923.931885,1267.575073,71.661797,-0.391862,-4.508727,-67.809394,1.069520,-10.669320,3.423666,42.673252,-37.042118,8.004933,-33.492336,-7.163883,-11.729131,35.870823,-0.277657,-0.857797,-7.478777,-1.948262,2.043152,-11.481801,21.037149,-40.823685,53.505173,-2.434561,16.271311,-4.810378,-6.763598,-17.281116,33.521240,77.086517,-7.823647,-5.570324,-37.635288
492.000000,-1924.170166,1266.543823,71.290916,-0.792001,-4.541354,-66.996146,1.864738,-11.226937,6.254991,41.219696,-37.051708,10.208815,-34.133694,-8.786442,-14.836697,39.991539,-3.432293,-1.851611,-7.462017,-1.563554,1.963421,-12.136543,20.792271,-42.257256,54.546638,-3.759754,15.725584,-4.423069,-4.386755,-17.102442,33.089069,77.293274,-8.038104,-5.081990,-36.998932
493.000000,-1924.524292,1265.458618,70.980988,-1.230840,-4.418544,-65.552555,3.259182,-11.300367,4.662155,39.696053,-39.091579,12.026614,-34.560390,-9.502653,-16.481979,43.382233,-6.156571,-2.522182,-7.959898,-1.691763,1.635407,-12.496035,20.798010,-43.261185,55.728374,-4.505144,15.302968,-4.044436,-2.200575,-16.401075,32.627277,77.553780,-8.061078,-4.976885,-36.283794
494.000000,-1924.909424,1264.197876,70.928497,-1.512893,-4.273828,-64.254261,4.252942,-10.926189,2.345556,39.510052,-40.438023,12.278681,-34.695419,-8.670353,-16.123680,45.352779,-7.243027,-2.586193,-8.460843,-2.246262,1.125485,-12.476016,20.737904,-43.966465,57.216034,-5.009910,15.164628,-3.567492,-0.059122,-15.335363,32.481876,77.849083,-7.993517,-5.059890,-35.628391
495.000000,-1925.123169,1262.711792,71.197983,-2.413439,-3.723701,-62.573669,5.266164,-9.775985,-0.288746,38.974777,-40.820377,12.228511,-34.053658,-6.205630,-15.411304,44.909706,-6.879101,-2.048198,-9.320582,-1.977804,0.180087,-11.783482,20.297562,-44.613495,58.641636,-5.223085,15.322973,-3.066732,2.244384,-14.428461,32.472351,78.045990,-7.947273,-5.290625,-35.011082
496.000000,-1925.165527,1261.105957,71.663162,-3.850942,-2.924586,-60.198395,6.030674,-8.612674,-2.556581,38.182549,-40.782146,12.021318,-33.288013,-4.243170,-15.255268,43.595364,-6.915595,-1.920175,-10.181710,-1.246268,-0.566047,-11.113547,19.809742,-44.985935,59.364017,-5.130150,15.559174,-2.762293,3.824635,-14.022477,32.426334,78.107491,-7.944175,-5.493381,-34.593357
497.000000,-1925.122437,1259.603271,72.134331,-5.345927,-2.105233,-57.440871,7.158366,-6.364762,-6.469528,36.775406,-40.386913,11.298818,-31.990160,-1.339813,-15.088085,41.084248,-7.208402,-1.784587,-11.487811,0.474229,-1.174122,-10.390071,18.931377,-45.548401,59.930454,-4.596802,15.912457,-2.292882,5.795561,-13.786137,32.216755,78.212624,-7.951475,-5.810787,-33.896481
498.000000,-1925.106445,1258.233521,72.487732,-6.247581,-1.528139,-54.789106,7.847847,-4.746059,-10.135263,36.191944,-39.724598,10.472070,-31.064383,0.709267,-14.264874,38.880424,-7.138607,-1.242891,-12.137220,1.778106,-0.795208,-10.433105,18.374430,-46.113480,59.974808,-3.786197,15.995370,-1.868181,6.689363,-13.762384,31.886295,78.322853,-7.953862,-6.070007,-33.271469
499.000000,-1925.126831,1257.005615,72.678185,-6.367219,-1.313454,-52.758012,7.618274,-4.056415,-12.504306,37.895401,-38.364498,9.508737,-30.418062,1.741521,-13.396271,38.082714,-6.781279,-0.844356,-11.861917,2.345949,0.245950,-10.917175,18.120016,-46.466793,59.978230,-2.976574,15.931684,-1.409209,6.612395,-13.816337,31.579422,78.512177,-7.952734,-6.470057,-32.749241
500.000000,-1925.057007,1255.850952,72.764984,-6.232659,-1.271741,-51.259623,6.055250,-3.713125,-12.702889,42.662056,-36.028809,8.024981,-29.567938,1.824062,-13.413387,38.621540,-7.832231,-1.371552,-11.225442,2.813004,1.410910,-11.248239,17.904524,-46.459381,60.184223,-2.162188,15.888214,-1.017931,5.726999,-14.077962,31.455940,79.112968,-7.957932,-7.089705,-32.413837
501.000000,-1924.854858,1254.670776,72.866997,-6.422178,-0.827024,-49.159402,3.277008,-2.962131,-12.140415,48.631573,-33.209335,5.451520,-28.733604,1.318173,-14.810324,39.025337,-9.555659,-2.502236,-11.098278,3.892836,1.678111,-11.089266,17.484631,-46.203079,60.703373,-1.214176,15.918315,-0.825132,4.804419,-14.554567,31.439123,79.976006,-7.964065,-7.715851,-32.307415
502.000000,-1924.555908,1253.469604,72.998062,-6.649011,-0.485678,-47.013259,-0.410864,-1.742875,-11.348454,55.727413,-26.872213,1.335587,-27.399118,0.532119,-16.896549,39.434738,-11.721074,-3.012762,-10.985352,5.494830,1.270468,-10.581667,16.983139,-46.162914,61.492805,-0.124666,16.058296,-0.748658,3.987663,-15.292697,31.611292,81.031281,-7.933955,-8.294737,-32.274475
503.000000,-1924.252930,1252.275879,73.194580,-6.605150,-0.486377,-44.703125,-3.799348,-0.953490,-10.775747,62.612183,-22.074196,-1.928897,-25.763460,-0.403924,-18.735537,39.753235,-13.589393,-2.656744,-10.559554,6.522320,0.632452,-10.179789,16.811054,-46.574661,62.183506,0.806337,16.147467,-0.716258,3.642982,-15.913012,32.015068,81.763992,-7.846510,-8.614296,-32.213161
504.000000,-1923.964844,1251.088135,73.498421,-6.380854,-0.937048,-42.540139,-6.630537,-0.157473,-9.718875,68.682953,-18.478539,-3.768847,-23.511356,-1.271924,-20.294487,39.599236,-15.103189,-2.310446,-9.711299,6.906872,0.079890,-9.777837,16.960814,-47.018532,62.684814,1.799851,16.174171,-0.645594,3.555513,-16.329491,32.359993,82.195747,-7.630128,-8.728218,-32.047863
505.000000,-1923.698242,1249.953613,73.897270,-6.335671,-1.671850,-40.387147,-8.663329,0.870539,-8.755462,72.783722,-16.008036,-4.313905,-21.161083,-1.665223,-21.602255,38.772087,-15.902645,-2.089617,-8.936128,7.072703,-0.159338,-9.468554,17.246164,-47.332310,62.983746,2.489545,16.170692,-0.566852,3.483388,-16.628511,32.629456,82.283974,-7.448904,-8.737331,-31.889626
506.000000,-1923.456787,1248.881714,74.355064,-6.311357,-2.568781,-38.405872,-10.828463,2.318515,-7.668558,76.501869,-13.468259,-4.290270,-18.102249,-1.851437,-23.127150,37.226994,-16.431568,-1.813461,-8.027506,7.139692,-0.206266,-9.198995,17.635424,-47.585934,63.415310,3.038789,16.146591,-0.505730,3.316291,-16.999517,32.895859,82.088112,-7.378657,-8.737198,-31.760303
507.000000,-1923.230225,1247.884155,74.839172,-6.185120,-3.440376,-36.727226,-13.280992,4.089038,-6.308716,79.281860,-11.025987,-3.817068,-14.402274,-1.832478,-24.642336,34.883533,-16.621132,-1.285365,-6.742027,6.987020,-0.003791,-8.924340,18.150667,-47.615517,63.846687,3.505475,16.100883,-0.494140,2.893929,-17.585136,33.036247,81.338005,-7.366521,-8.715320,-31.712505
508.000000,-1923.013062,1246.983521,75.317131,-6.040208,-4.318349,-35.385836,-15.348971,5.701451,-5.064684,80.332275,-9.559190,-3.182901,-11.209684,-1.636474,-25.695091,32.535278,-16.489100,-0.471168,-5.488083,6.816865,0.474364,-8.644726,18.644938,-47.460911,63.917610,3.747084,16.012562,-0.539276,2.200872,-18.308634,33.118855,80.337257,-7.374218,-8.705044,-31.723074
509.000000,-1922.790527,1246.156006,75.756302,-5.855320,-5.097909,-34.071294,-17.319658,7.359593,-3.927852,80.058929,-8.889598,-2.588881,-8.207616,-1.423271,-26.694275,30.139322,-16.230665,0.434739,-4.367139,6.667565,1.072349,-8.326636,19.033403,-46.979027,63.941639,3.773909,15.816384,-0.726555,1.278768,-19.123867,33.173187,79.365852,-7.382031,-8.705935,-31.783638
510.000000,-1922.555542,1245.364990,76.123688,-5.417941,-5.618713,-32.815749,-19.338142,8.861161,-2.810092,78.511322,-8.735231,-2.163759,-5.649602,-1.525627,-27.733545,28.075783,-16.095205,0.847504,-3.455119,6.288159,1.472390,-7.938495,19.288387,-46.282715,64.062660,3.920710,15.616751,-1.057880,0.316162,-19.953249,33.271481,78.415810,-7.378923,-8.679920,-31.839369
511.000000,-1922.307739,1244.607910,76.415985,-4.830282,-5.981108,-31.535672,-21.151127,10.050821,-1.864967,76.479958,-8.840726,-1.884026,-3.784338,-1.869781,-28.653341,26.685978,-16.149530,0.909000,-2.691191,5.779058,1.725951,-7.619602,19.358862,-45.365555,64.186043,4.253902,15.539124,-1.395501,-0.539980,-20.697815,33.359325,77.550797,-7.369975,-8.619170,-31.854635
512.000000,-1922.039185,1243.901123,76.642021,-4.360447,-6.132096,-30.102726,-23.438545,11.386019,-1.135448,73.158859,-9.139291,-1.617077,-1.781136,-2.298439,-30.050875,25.143309,-16.282343,0.911505,-2.057084,5.207945,1.885331,-7.216278,19.374544,-44.298119,64.123291,4.729281,15.487556,-1.780280,-1.631189,-21.599726,33.516003,76.558060,-7.352000,-8.492447,-31.859060
513.000000,-1921.746826,1243.210449,76.829216,-3.880879,-6.222961,-28.623638,-24.818409,12.199648,-0.765457,70.106293,-9.333208,-1.532189,-0.474152,-2.591759,-31.162560,24.108324,-16.377905,0.758486,-1.683791,4.772534,1.951730,-6.959255,19.384464,-43.625969,63.991158,4.893472,15.370186,-2.046998,-2.316158,-22.194378,33.688175,75.801773,-7.256792,-8.336314,-31.866892
514.000000,-1921.409790,1242.500244,76.982368,-3.527344,-6.192869,-27.059414,-26.383347,13.263127,-0.320823,65.477020,-9.464608,-1.513169,1.125286,-2.857179,-32.733601,22.730528,-16.462484,0.467781,-1.102448,4.188117,1.917062,-6.666912,19.401386,-42.733212,63.844055,4.917375,15.031797,-2.405305,-2.962886,-22.921858,33.963913,74.643257,-7.049239,-8.088920,-31.916220
515.000000,-1921.054688,1241.836670,77.083336,-3.291115,-5.977096,-25.625557,-27.840433,14.442926,0.218038,60.293560,-9.261620,-1.568759,2.488534,-2.897908,-34.315075,21.385002,-16.514593,0.311509,-0.516775,3.674798,1.721426,-6.418036,19.466923,-42.274700,63.835709,4.931756,14.607365,-2.735285,-3.595058,-23.578293,34.334541,73.430809,-6.901914,-7.808110,-32.009052
516.000000,-1920.685425,1241.229004,77.141418,-3.103730,-5.753405,-24.420097,-28.815716,15.314859,0.653028,55.233307,-8.839625,-1.787621,3.475650,-2.876354,-35.560986,20.421066,-16.600834,0.238065,0.126478,3.252053,1.592906,-6.300467,19.616087,-41.911472,63.834427,4.936641,14.361679,-2.958049,-4.227992,-24.160870,34.582233,72.201187,-6.798367,-7.548147,-32.140274
517.000000,-1920.278931,1240.666992,77.166489,-2.902800,-5.579056,-23.394896,-29.277567,16.042511,1.181429,48.459229,-7.969769,-2.271966,4.543535,-2.849313,-36.873894,19.487207,-16.755190,0.077561,1.083364,2.805459,1.514221,-6.278652,19.990772,-41.341732,63.820976,4.949370,14.174439,-3.260124,-5.195235,-24.670050,34.688557,71.014488,-6.687401,-7.271380,-32.411469
518.000000,-1919.806641,1240.153931,77.173279,-2.809377,-5.395880,-22.325355,-29.171207,16.481890,1.781286,41.757645,-6.836858,-2.776087,5.528022,-2.824986,-38.128185,18.750263,-16.964520,0.226641,2.008082,2.484536,1.397484,-6.294218,20.222319,-40.908665,63.811127,5.000697,14.061370,-3.723233,-6.142847,-24.974537,34.887325,70.135612,-6.558092,-6.850823,-32.708912
519.000000,-1919.274292,1239.701294,77.148506,-2.793855,-5.243458,-21.032242,-28.900961,16.711624,2.512554,35.499283,-5.809820,-3.188177,6.544397,-2.828852,-39.567966,18.212368,-17.308773,0.818890,2.756146,2.290158,1.256380,-6.337362,20.315098,-40.764420,63.809200,5.066139,14.027611,-4.261991,-7.117476,-25.141499,35.142494,69.338318,-6.521238,-6.416983,-32.995773
520.000000,-1918.698364,1239.313354,77.091415,-2.642730,-5.280199,-19.730509,-28.328138,16.641224,3.651422,30.016176,-4.818299,-3.580476,7.608447,-3.143777,-40.995495,18.169779,-17.933372,1.392915,3.384538,1.986850,1.285249,-6.386052,20.342207,-40.819752,63.816101,5.097508,14.032349,-4.867428,-8.198820,-25.125769,35.375896,68.662453,-6.529136,-6.119408,-33.251141
521.000000,-1918.053833,1238.978638,77.011360,-2.355545,-5.340151,-18.658079,-27.696352,16.508398,5.063624,26.211044,-4.022345,-3.818044,8.422351,-3.703971,-42.046131,18.597855,-18.708199,1.865201,4.112385,1.608598,1.290605,-6.401113,20.316978,-40.918190,63.822464,5.101455,14.114116,-5.487759,-9.102567,-25.006716,35.614639,68.078003,-6.533626,-5.900956,-33.446144
522.000000,-1917.366821,1238.699951,76.935516,-1.884548,-5.498906,-17.688019,-26.951380,16.097755,6.348222,23.510452,-3.264939,-3.929763,9.220333,-4.547812,-43.010201,19.319147,-19.597736,2.430930,4.922618,1.084738,1.332244,-6.414934,20.264862,-40.977585,63.831009,5.108992,14.273474,-6.096509,-9.891347,-24.738483,35.752209,67.521545,-6.579317,-5.656053,-33.572937
523.000000,-1916.559937,1238.424927,76.872208,-1.346324,-5.703011,-16.578300,-25.926121,15.413194,7.957298,21.362610,-2.404263,-3.964355,10.301459,-5.749648,-44.368256,20.233875,-20.611536,3.193537,5.902051,0.305909,1.350129,-6.464189,20.244955,-40.982975,63.909012,5.128410,14.513947,-6.548645,-10.581803,-24.210432,35.774288,66.782585,-6.664257,-5.309916,-33.676861
524.000000,-1915.668823,1238.171509,76.827774,-0.709691,-5.779302,-15.259714,-24.973362,14.584746,9.668677,20.174170,-1.740596,-3.889924,11.516881,-7.124427,-46.508396,21.098261,-21.488777,4.175603,6.885513,-0.627497,1.159873,-6.485565,20.320812,-41.014339,64.000771,5.158773,14.691345,-7.171159,-10.903790,-23.522490,35.805008,65.952148,-6.723185,-4.943689,-33.744919
525.000000,-1914.695312,1237.955811,76.805237,0.149605,-5.771857,-14.098745,-23.967735,13.397228,11.255003,19.692959,-1.222363,-3.706754,12.745170,-8.921391,-49.167786,22.014261,-22.395395,5.292451,7.968314,-1.917767,0.846334,-6.395791,20.580088,-41.193428,64.023705,5.169645,14.865813,-7.928769,-11.151996,-22.547556,35.811440,65.192253,-6.801305,-4.536191,-33.750076
526.000000,-1913.660034,1237.816284,76.798935,0.974150,-5.713015,-13.104523,-22.939119,12.279940,12.336600,19.557688,-0.927521,-3.441965,13.820112,-10.582474,-51.341282,22.842777,-23.000301,6.365704,9.051023,-3.084861,0.576474,-6.175375,20.824699,-41.332661,64.026573,5.169048,15.004565,-8.639557,-11.345531,-21.591682,35.829163,64.380402,-6.961415,-4.104004,-33.731731
527.000000,-1912.556396,1237.786743,76.797134,1.515336,-5.726304,-11.932339,-21.667910,11.116555,13.517264,19.804653,-0.800420,-2.968345,15.234849,-12.481195,-54.074493,24.096336,-23.242115,7.644774,10.178447,-4.103735,0.405719,-5.768118,20.984385,-41.438328,63.966671,5.155502,15.211476,-9.364084,-11.713523,-20.452396,35.836960,63.194183,-7.247522,-3.565151,-33.669357
528.000000,-1911.404175,1237.877686,76.814308,1.775309,-5.914373,-10.256705,-20.481209,10.160298,14.705294,20.206900,-0.970071,-2.360957,16.631935,-14.118952,-56.290501,25.875814,-22.797789,8.756283,10.641912,-4.563786,0.508749,-5.391680,20.992590,-41.650421,63.864876,5.014102,15.450266,-9.832092,-12.208249,-19.445265,35.850525,62.172211,-7.470759,-3.166932,-33.635048
529.000000,-1910.188477,1238.074829,76.867134,1.684498,-6.104345,-8.131991,-19.393959,9.217193,15.663265,20.567097,-1.243795,-1.690276,17.854830,-15.681062,-57.844151,28.459690,-21.489059,9.766460,10.643705,-4.649794,0.529439,-5.102379,20.975241,-41.829811,63.847778,4.626554,15.711290,-10.059338,-12.604588,-18.480415,35.940643,61.416107,-7.545963,-2.989929,-33.616989
530.000000,-1908.919556,1238.379639,76.966980,1.512983,-6.271966,-6.294451,-18.117804,8.329560,16.493059,20.691874,-1.387577,-0.972616,18.332331,-17.481010,-57.437851,32.200928,-19.204689,10.441630,10.736934,-4.550290,0.472971,-4.761093,20.949314,-42.123207,63.833298,4.280809,15.872849,-10.521807,-12.876141,-17.587509,36.235485,60.887390,-7.544979,-2.929161,-33.554943
531.000000,-1907.543213,1238.777100,77.107399,1.080106,-6.508676,-4.421933,-17.110777,7.744488,16.800282,20.590902,-1.340894,-0.441939,18.280523,-18.567623,-55.957375,34.968647,-16.934629,10.580569,10.838655,-4.355493,0.457833,-4.493426,20.923878,-42.233547,63.793613,4.158138,15.989883,-10.833904,-12.994349,-17.029812,36.589916,60.589565,-7.535929,-2.918456,-33.491798
532.000000,-1906.125854,1239.207397,77.246269,0.760006,-6.712170,-2.379188,-15.421145,6.431414,16.845591,19.950531,-1.009110,0.579399,17.593735,-19.976110,-51.820858,39.198483,-11.889385,10.890794,10.985295,-4.181129,0.483992,-4.180015,20.973654,-42.262608,63.674435,4.111716,16.183239,-11.292289,-13.096288,-16.152586,37.414066,60.301025,-7.542147,-2.927292,-33.399185
533.000000,-1904.654541,1239.663574,77.339729,0.569790,-6.900061,0.187700,-13.940417,4.617892,16.845285,19.199461,-0.365817,1.772114,16.658798,-21.074728,-47.538452,42.757481,-6.485991,10.492315,10.924774,-4.451017,0.621391,-4.162069,21.141247,-42.263695,63.621113,4.121668,16.291924,-11.606325,-13.139463,-15.351171,38.273533,60.370277,-7.664839,-2.959215,-33.334496
534.000000,-1903.129028,1240.169434,77.345161,0.329769,-6.967566,2.989338,-12.630603,2.599665,16.805182,18.770550,0.414293,3.136999,15.570059,-21.782248,-43.679623,45.961468,-0.669540,8.792627,10.706214,-4.809812,0.663257,-4.306906,21.264086,-42.269714,63.799088,4.124417,16.303358,-11.798847,-13.140679,-14.616841,39.083008,60.734940,-7.895857,-3.069723,-33.359226
535.000000,-1901.546875,1240.705444,77.204681,0.170014,-6.832556,5.616317,-11.334844,0.485575,16.193666,18.531942,-0.037033,5.194429,13.935117,-22.174416,-39.578655,49.090508,5.564613,5.732811,10.705553,-5.252413,0.514864,-4.583238,21.301752,-42.276997,64.303314,4.113407,16.305765,-11.895268,-13.192029,-13.924810,40.050632,61.436142,-7.959393,-3.263032,-33.462193
536.000000,-1900.088257,1241.190186,76.885902,0.643328,-6.518086,7.844576,-10.708083,-1.429524,14.520237,18.598490,-2.431945,7.020152,11.822410,-22.955360,-35.905243,52.492298,7.249422,2.571282,10.870376,-6.034677,0.392551,-4.883299,21.381767,-42.277004,64.792404,4.097191,16.335810,-11.852652,-13.571285,-13.303963,41.063171,62.229214,-7.970016,-3.467901,-33.618801
537.000000,-1898.795654,1241.586914,76.600517,1.743415,-6.582173,9.916796,-10.449726,-4.147203,12.958988,19.997135,-4.342317,7.785546,8.952224,-24.464108,-31.007504,56.380035,4.905049,0.132837,11.086503,-7.794933,1.277100,-5.503109,21.533957,-42.213875,65.286110,4.082169,16.406281,-11.563207,-14.593267,-12.367610,42.166698,63.402821,-7.984820,-3.625568,-33.704075
538.000000,-1897.594849,1241.983887,76.456337,2.086393,-6.681808,12.213066,-10.184828,-5.944635,11.167844,21.389551,-5.778850,8.331545,5.900709,-24.193003,-26.556547,60.368938,0.375988,-0.992270,10.939144,-8.502977,2.015950,-5.751135,21.445379,-42.129158,65.390709,4.071747,16.499134,-11.224250,-15.405231,-11.615319,42.992317,64.519638,-7.998292,-3.671664,-33.588074
539.000000,-1896.333130,1242.416504,76.467705,1.947565,-6.578589,14.705976,-9.777987,-7.226295,8.939206,22.201900,-6.897218,8.779678,2.808503,-22.901051,-23.492279,63.751656,-3.976013,-1.712145,10.587481,-8.501760,1.994656,-5.636949,21.148869,-42.115997,65.401833,4.059680,16.590229,-11.002626,-15.593539,-10.835790,43.419701,65.692444,-8.012860,-3.630790,-33.248562
540.000000,-1895.041626,1242.868408,76.586464,1.561338,-6.346133,17.249711,-9.168577,-8.210689,6.530158,22.471884,-7.734456,9.096303,-0.250910,-21.177570,-21.504734,65.967300,-7.705536,-2.190029,10.274144,-8.171028,1.483688,-5.378094,20.738699,-42.118256,65.410866,3.999346,16.681023,-10.872199,-15.432714,-9.964688,43.610252,66.987534,-8.070583,-3.445006,-32.711601
541.000000,-1893.794067,1243.314331,76.740677,1.244441,-6.243559,19.485587,-8.267827,-8.968731,4.523978,22.288242,-8.293946,9.308960,-2.938876,-19.565083,-19.972460,67.107025,-10.341022,-2.464671,10.258109,-7.797287,1.087649,-5.222506,20.354589,-42.148449,65.410278,3.866423,16.714043,-10.804740,-15.282620,-9.227228,43.745991,68.173302,-8.115556,-3.288620,-32.124203
542.000000,-1892.615479,1243.746948,76.876930,0.971187,-6.224123,21.797583,-7.236711,-9.707452,2.521510,22.005693,-8.757544,9.496151,-5.349674,-18.090256,-18.852974,67.406349,-12.412179,-2.642568,10.175684,-7.401852,0.839107,-5.168715,19.999374,-42.179653,65.358231,3.775682,16.721916,-10.759604,-15.235115,-8.636539,43.814583,69.251350,-8.134890,-3.227683,-31.524794
543.000000,-1891.448975,1244.161865,76.982895,0.871013,-6.276408,24.141331,-5.931658,-10.647079,0.139173,21.546358,-9.179830,9.721125,-7.932312,-16.592396,-17.908545,66.847794,-14.321837,-2.757818,10.003669,-7.060178,0.707605,-5.207652,19.743135,-42.226879,65.122192,3.834250,16.727337,-10.675357,-15.212912,-8.192187,43.802216,70.218346,-8.142297,-3.229461,-30.910847
544.000000,-1890.289062,1244.552612,77.047684,0.887041,-6.364516,26.368271,-4.537396,-11.573909,-2.074047,21.054510,-9.597069,9.960645,-10.385023,-15.193432,-17.045006,65.441956,-15.808745,-2.834903,9.968821,-6.894098,0.727268,-5.242437,19.809011,-42.303883,64.846001,4.074920,16.733200,-10.475276,-15.202562,-7.968737,43.615036,70.853622,-8.137999,-3.308930,-30.361534
545.000000,-1889.156128,1244.932739,77.077065,0.945228,-6.602328,28.468305,-3.074749,-12.409943,-4.192286,20.720383,-10.106770,10.210423,-12.671048,-13.716443,-16.222406,63.237213,-17.038265,-2.949950,9.910009,-6.716439,0.956249,-5.251886,20.024559,-42.150429,64.351898,4.090528,16.730822,-10.401852,-15.322738,-7.924242,43.068462,71.330513,-8.173951,-3.528690,-29.895941
546.000000,-1888.069092,1245.315552,77.082481,0.932075,-6.802823,30.313873,-1.793598,-13.001321,-5.940300,20.633642,-10.719831,10.448174,-14.614657,-12.319057,-15.612189,60.617603,-17.856722,-3.087378,9.871367,-6.469841,1.166310,-5.254496,20.197144,-41.909107,63.984470,4.074195,16.727591,-10.373672,-15.524169,-8.000156,42.624222,71.785156,-8.243527,-3.774743,-29.670071
547.000000,-1886.987915,1245.718994,77.078957,0.815608,-6.949267,32.024172,-0.467677,-13.443628,-7.900509,20.881371,-11.686747,10.695554,-16.765985,-10.634581,-15.308816,56.703804,-18.276230,-3.222594,9.776280,-5.985147,1.242265,-5.220941,20.342737,-41.727676,63.623993,3.962323,16.769560,-10.268239,-15.723210,-8.270039,42.419441,72.193283,-8.304749,-4.050834,-29.583115
548.000000,-1885.867920,1246.143311,77.067177,0.622691,-6.906302,34.055562,0.442231,-13.776593,-9.895892,21.390934,-12.645212,10.886746,-18.503597,-9.262500,-15.290338,52.439739,-17.982298,-3.271114,9.216583,-5.536741,1.081040,-5.061820,20.526340,-41.706982,63.158298,3.715271,16.942225,-10.120789,-15.757519,-8.526082,42.039600,72.386894,-8.539633,-4.375693,-29.579184
549.000000,-1884.740967,1246.572021,77.044418,0.506137,-6.935024,35.991257,1.431772,-14.089357,-11.798993,21.792133,-13.543610,11.089505,-19.951010,-8.203272,-15.247809,48.078117,-17.194672,-3.273057,8.565816,-5.225519,1.020575,-4.935843,20.682451,-41.600815,62.667351,3.565061,17.212521,-9.996565,-15.657195,-8.810754,41.345135,72.432182,-8.858542,-4.807865,-29.636715
550.000000,-1883.595825,1247.016357,77.008347,0.375340,-6.900776,37.903910,2.182241,-14.271161,-13.246739,22.150801,-14.295835,11.260058,-20.996168,-7.479353,-15.165367,44.554806,-16.179745,-3.213344,8.102635,-5.018868,0.966461,-4.864199,20.757093,-41.484825,62.221722,3.534775,17.448975,-9.861281,-15.459079,-9.127472,40.812866,72.437622,-9.093248,-5.180648,-29.730804
551.000000,-1882.448975,1247.464844,76.957062,0.224691,-6.818715,39.910574,2.973834,-14.434630,-14.973920,22.660810,-15.196032,11.391006,-22.108984,-6.795322,-14.991593,40.644672,-14.892687,-3.026943,7.447920,-4.821716,0.928088,-4.794463,20.868139,-41.428757,61.566906,3.527055,17.680115,-9.694603,-15.162583,-9.569880,40.202057,72.438919,-9.265501,-5.617623,-29.839848
552.000000,-1881.313477,1247.911987,76.897247,0.081119,-6.782500,41.770014,4.018541,-14.546819,-17.122272,23.269012,-16.362505,11.507349,-23.363222,-6.089638,-14.586030,36.092701,-13.280414,-2.580801,6.608184,-4.631350,1.005640,-4.784647,21.117540,-41.417820,60.589260,3.360870,17.807680,-9.504766,-14.709252,-10.231614,39.323017,72.524002,-9.278575,-6.128712,-29.987547
553.000000,-1880.096436,1248.408081,76.826698,-0.007557,-6.752153,43.432628,5.110600,-14.522546,-18.834482,23.612139,-17.392427,11.644415,-24.325832,-5.449714,-13.913815,32.279469,-11.916785,-2.126680,6.013184,-4.521131,1.138203,-4.814451,21.405787,-41.413532,59.783524,2.897545,17.774584,-9.280921,-14.227524,-10.894666,38.553967,72.802269,-9.250509,-6.486704,-30.188158
554.000000,-1878.854004,1248.939697,76.738617,-0.044621,-6.627810,44.890921,6.224245,-14.385098,-20.241194,23.732704,-18.386803,11.822088,-25.217377,-4.971969,-13.305758,28.635771,-10.705445,-1.681573,5.428167,-4.503392,1.140715,-4.817067,21.690527,-41.413788,59.290840,2.340364,17.681084,-9.029371,-13.652177,-11.567878,37.831417,73.203072,-9.233027,-6.735822,-30.473959
555.000000,-1877.554932,1249.509644,76.629242,-0.098579,-6.450627,46.430839,7.319924,-14.189231,-21.747192,23.843864,-19.404242,11.921812,-26.020653,-4.607463,-12.512084,25.210299,-9.536509,-1.173933,4.604987,-4.538987,1.084509,-4.820475,22.036345,-41.421520,58.966591,1.678185,17.574142,-8.684137,-13.025928,-12.300651,37.527195,73.840591,-9.215878,-6.888791,-30.824409
556.000000,-1876.206421,1250.109619,76.507774,-0.089665,-6.186401,47.861900,8.364779,-13.943929,-23.135635,23.732721,-20.280905,11.985250,-26.775751,-4.459250,-11.883489,22.700558,-8.732447,-0.739361,3.831028,-4.655209,0.988294,-4.814731,22.446199,-41.449139,58.730534,1.065544,17.456833,-8.285985,-12.265946,-12.998422,37.336834,74.390205,-9.194605,-6.923307,-31.063494
557.000000,-1874.856323,1250.716919,76.378563,-0.095542,-5.895864,49.190611,9.725102,-13.481745,-24.774429,23.346205,-21.336702,12.102336,-27.633480,-4.392524,-11.222182,20.091999,-8.044428,-0.281224,2.944623,-4.868593,0.847723,-4.797966,23.037853,-41.472813,58.467709,0.488589,17.368742,-7.701221,-11.054070,-13.845019,37.161739,74.894875,-9.156466,-6.854544,-31.264069
558.000000,-1873.389282,1251.385498,76.229965,-0.157748,-5.665142,50.511194,11.162934,-12.827445,-26.241135,22.779119,-22.303247,12.170926,-28.173233,-4.175284,-9.974891,17.916172,-7.629001,0.082063,2.204378,-5.040698,0.803998,-4.779092,23.572355,-41.471016,58.213875,-0.159199,17.359537,-6.990430,-9.777989,-14.461964,36.957504,75.392792,-9.146146,-6.696539,-31.435783
559.000000,-1871.868530,1252.091431,76.045471,-0.306025,-5.363652,51.728783,12.540113,-11.941258,-27.483210,22.250429,-23.370377,12.249695,-28.638954,-3.862359,-8.478334,16.200575,-7.385273,0.382912,1.470756,-5.141439,0.696454,-4.663929,24.102558,-41.469582,57.921860,-0.953514,17.359421,-6.287911,-8.462065,-14.791332,36.594685,76.011139,-9.147485,-6.445982,-31.629248
560.000000,-1870.305054,1252.814453,75.795219,-0.515969,-4.976878,52.834662,13.726054,-10.903857,-28.457157,21.923252,-24.615505,12.279940,-29.138781,-3.496872,-6.991879,15.058567,-7.196488,0.708757,0.693232,-5.177593,0.583308,-4.469985,24.684166,-41.470451,57.493366,-1.749861,17.363091,-5.705450,-7.252120,-14.878960,36.138721,76.644135,-9.141967,-6.216207,-31.777266
561.000000,-1868.761597,1253.518188,75.481300,-0.727941,-4.518964,53.868473,14.426467,-10.146786,-29.007450,21.802959,-25.564287,12.218385,-29.584799,-3.176311,-5.714044,14.783942,-7.052656,0.939442,0.090267,-5.196022,0.535611,-4.319175,25.125937,-41.469921,57.099224,-2.199253,17.399069,-5.391959,-6.531936,-14.829359,35.849899,77.129410,-9.112941,-6.147593,-31.835230
562.000000,-1867.119629,1254.278687,75.075516,-1.036895,-3.942955,54.959128,15.421802,-8.644934,-29.342072,21.662928,-27.280800,11.791182,-30.325438,-2.592378,-3.501978,15.275492,-6.676166,1.210260,-1.000840,-5.136539,0.490225,-4.163605,25.815800,-41.463814,56.309341,-2.605217,17.553543,-5.008123,-5.409787,-14.667137,35.605106,78.055443,-8.929140,-6.130333,-31.873110
563.000000,-1865.461182,1255.077148,74.541595,-1.552423,-3.190034,56.299122,15.988615,-6.641370,-27.830658,21.637730,-29.365578,11.215549,-31.007366,-1.958959,-1.916706,16.861217,-6.229717,1.316772,-2.176802,-4.773228,0.382961,-4.175611,26.256062,-41.403988,55.590580,-2.678785,17.688349,-4.756011,-4.334985,-14.570609,35.440598,78.809044,-8.723528,-6.115112,-31.878714
564.000000,-1863.826416,1255.890991,73.884056,-1.948294,-2.470708,57.581279,16.315529,-4.548450,-25.462620,22.017542,-31.676435,10.108329,-31.607006,-1.330549,-0.932354,19.892717,-5.880503,1.329203,-3.328440,-4.298965,0.350043,-4.354313,26.429958,-41.201893,55.227367,-2.683457,17.656235,-4.544536,-3.179797,-14.517681,35.104988,79.301544,-8.694343,-6.060814,-31.879469
565.000000,-1862.189453,1256.760742,73.124786,-2.166992,-1.670861,58.373404,16.569216,-2.601129,-22.626928,22.644182,-33.903591,8.046330,-32.267715,-0.828298,-0.980447,24.075012,-5.301530,1.299037,-4.101791,-3.851568,0.245021,-4.620627,26.368906,-40.986843,55.330406,-2.704994,17.482813,-4.324141,-1.853730,-14.498119,34.748249,79.644531,-8.680445,-5.959153,-31.826586
566.000000,-1860.799805,1257.543823,72.496834,-2.653663,-1.500291,58.404207,17.193655,-0.919394,-20.163679,23.235889,-35.659828,6.488314,-33.766560,-0.026862,-1.742002,28.011806,-2.342162,1.089178,-4.153881,-2.922509,0.910701,-5.062327,25.973923,-40.911781,55.869637,-2.748875,17.127052,-4.006120,-1.261237,-14.616930,34.311466,79.866280,-8.656464,-5.805791,-31.628187
567.000000,-1859.475098,1258.370728,72.063896,-2.996009,-1.284161,58.496347,17.881521,0.717344,-17.874964,24.135756,-36.642574,4.520761,-35.141140,0.411617,-3.101419,32.470245,-1.401746,0.736656,-4.448897,-1.791364,1.844499,-5.499741,25.222431,-40.787582,56.998516,-2.819467,16.682598,-3.766975,-0.681933,-14.704343,33.713951,80.003036,-8.674545,-5.615764,-31.282240
568.000000,-1858.169800,1259.286743,71.820740,-3.338344,-0.756591,58.771400,17.913406,2.042523,-16.143152,25.244619,-36.439377,2.930175,-36.161480,0.638449,-4.279250,35.946072,-2.598934,0.294917,-4.772255,-0.749433,1.836067,-5.576966,24.341171,-40.654125,58.242386,-2.770809,16.459068,-3.682047,0.341488,-14.714163,33.092667,80.037598,-8.775548,-5.470548,-30.948534
569.000000,-1856.865479,1260.275513,71.751060,-3.764680,-0.324808,59.293017,17.654375,3.404359,-14.566919,26.922649,-35.342670,1.567499,-36.432819,0.805846,-5.549648,38.519733,-4.558880,-0.254197,-5.050726,0.358523,1.496784,-5.530267,23.449516,-40.706711,59.444534,-2.551675,16.414778,-3.671097,1.681855,-14.699668,32.536766,80.038246,-8.894561,-5.353064,-30.613220
570.000000,-1855.582031,1261.312500,71.825775,-4.316130,-0.154150,59.987973,17.360319,4.564930,-13.255314,28.632172,-33.767456,0.793460,-35.967495,0.976187,-6.595335,39.780529,-5.908578,-0.733461,-5.234149,1.285338,1.168499,-5.390199,22.787725,-40.811649,60.281090,-2.198242,16.418880,-3.669584,2.816010,-14.665027,32.128201,80.039093,-9.011836,-5.264360,-30.383165
571.000000,-1854.321899,1262.376099,71.997116,-4.848058,-0.168918,60.708878,16.910290,5.811676,-12.346265,31.166115,-31.228167,-0.156671,-34.878567,1.353879,-7.687895,40.551682,-7.011872,-1.305855,-5.370988,2.400842,0.638166,-5.090117,22.045162,-40.954697,61.224030,-1.608932,16.445278,-3.670378,4.192762,-14.608205,31.714878,80.044716,-9.147886,-5.196205,-30.144369
572.000000,-1853.027588,1263.488403,72.255486,-5.304250,-0.420767,61.526094,15.906282,7.087563,-11.574286,35.430553,-26.500990,-1.166924,-32.779144,1.980270,-8.730010,40.641350,-7.608322,-1.936227,-5.529757,3.618885,-0.040852,-4.598390,21.265125,-41.246075,62.425426,-0.716307,16.520191,-3.674440,5.784958,-14.553616,31.334639,80.009247,-9.210732,-5.188327,-29.809803
573.000000,-1851.784912,1264.583496,72.601547,-5.782069,-0.985643,62.295972,14.525928,8.182404,-10.823214,40.127064,-20.481131,-2.294575,-30.373838,2.553074,-9.692393,40.515347,-9.295225,-2.406503,-5.590047,4.685601,-0.380191,-4.264050,20.673187,-41.743916,63.429649,0.047081,16.784924,-3.688293,6.876978,-14.615035,31.213266,79.905846,-9.195986,-5.210259,-29.534161
574.000000,-1850.642578,1265.633423,72.983437,-6.236646,-1.705451,63.122511,12.550774,9.017701,-10.413508,45.133015,-12.182178,-4.243726,-27.600025,3.070737,-10.629436,39.937290,-11.041093,-2.705455,-5.549338,5.681491,-0.449219,-4.156983,20.121664,-42.212982,64.239059,0.708070,17.293583,-3.725093,7.594426,-14.824281,31.210878,79.729820,-9.146209,-5.289648,-29.253613
575.000000,-1849.625610,1266.582642,73.375931,-6.316778,-2.553887,63.940344,9.829679,9.178910,-10.336123,51.227612,-5.571372,-5.883793,-24.646921,3.394221,-11.280140,39.067757,-12.410728,-2.928037,-5.355937,6.347260,-0.233772,-4.168772,19.691885,-42.769432,64.665962,1.621984,17.888357,-3.746715,7.869739,-15.187802,31.262833,79.295799,-9.116074,-5.367732,-28.878246
576.000000,-1848.715942,1267.474243,73.764282,-6.368780,-3.358409,64.759501,6.690345,9.052644,-9.925608,57.040493,-2.135686,-6.575873,-22.013762,3.543455,-11.762128,38.064861,-13.334965,-3.057323,-5.133940,6.761864,0.032005,-4.166931,19.377527,-43.182350,64.793945,2.567661,18.322388,-3.761613,7.841758,-15.659741,31.299402,78.653175,-9.107560,-5.531960,-28.517658
577.000000,-1847.857422,1268.344604,74.130775,-6.239950,-4.114205,65.203328,2.646198,8.720609,-8.955771,63.756084,0.093370,-6.762218,-18.986042,3.802576,-11.942645,36.741684,-14.201155,-3.131069,-4.316608,7.032618,0.224769,-4.028329,19.067783,-43.340790,64.808723,3.637694,18.643801,-3.804762,7.539816,-16.320900,31.319639,77.826248,-9.115782,-5.838281,-28.154140
578.000000,-1847.033936,1269.178955,74.480209,-6.058934,-4.741304,65.597972,-1.234894,8.627830,-7.869328,69.302177,0.671554,-6.288545,-16.475216,3.964529,-12.037592,35.474686,-14.810453,-3.140130,-3.401692,7.054518,0.264481,-3.892735,18.886086,-43.346283,64.810417,4.477384,18.826197,-3.901373,6.947212,-16.904829,31.432392,77.169678,-9.173482,-6.124317,-27.971584
579.000000,-1846.233032,1269.989136,74.830185,-5.727885,-5.344883,65.882582,-4.802536,8.766650,-6.623527,73.272842,0.310835,-5.564018,-14.062217,4.022881,-12.026660,34.168892,-15.313142,-3.148004,-2.367851,6.815977,0.333711,-3.782512,18.774851,-43.302048,64.806465,5.066987,18.951328,-4.019220,6.073993,-17.423471,31.568268,76.627502,-9.212215,-6.377815,-27.928341
580.000000,-1845.476562,1270.791016,75.178223,-5.411668,-5.950716,66.239736,-8.104815,9.106053,-5.460737,75.822105,-0.492035,-4.780096,-11.581332,4.022861,-12.056295,32.671902,-15.688580,-3.186321,-1.437396,6.495214,0.502962,-3.624752,18.660065,-43.106426,64.732132,5.525988,19.021029,-4.181818,4.986700,-17.934603,31.595230,76.076477,-9.211179,-6.556349,-28.024666
581.000000,-1844.762939,1271.608643,75.506935,-5.068969,-6.466732,66.520972,-10.867809,9.460231,-4.514747,77.165169,-1.292316,-4.123605,-9.429350,4.011223,-12.035649,31.260162,-15.947109,-3.233330,-0.595288,6.199365,0.618487,-3.406718,18.529619,-42.746559,64.587708,5.909327,19.035933,-4.411764,3.994938,-18.422394,31.595951,75.520950,-9.254158,-6.667443,-28.275476
582.000000,-1844.111816,1272.409058,75.795761,-4.754573,-6.837456,66.725269,-13.440198,9.893679,-3.612048,77.692780,-2.320811,-3.546279,-7.470990,4.007321,-11.969517,29.868296,-16.138603,-3.262040,0.234823,5.928633,0.696030,-3.199331,18.401369,-42.349277,64.453003,6.276853,18.996773,-4.721669,3.066028,-18.938545,31.615923,74.822533,-9.302797,-6.725544,-28.623209
583.000000,-1843.479004,1273.232056,76.059761,-4.486783,-7.155001,67.015428,-16.272074,10.480302,-2.666243,77.352135,-3.792455,-2.956379,-5.292828,4.011325,-11.960045,28.199276,-16.298681,-3.291170,1.035567,5.651125,0.854063,-3.009071,18.334373,-41.969635,64.230156,6.568200,18.922449,-5.118776,2.016415,-19.560478,31.644207,73.700569,-9.375165,-6.709405,-29.090443
584.000000,-1842.876953,1274.058105,76.292786,-4.161676,-7.494768,67.313545,-18.744591,10.999702,-1.786099,75.866501,-5.540742,-2.454255,-3.156709,3.952298,-11.992683,26.573643,-16.471565,-3.282689,1.567329,5.343351,1.155363,-2.800490,18.358534,-41.644730,63.906403,6.609253,18.855976,-5.473241,0.907937,-20.117365,31.641451,72.351509,-9.486930,-6.664875,-29.587234
585.000000,-1842.305908,1274.891602,76.483978,-3.891764,-7.722660,67.518532,-20.975225,11.607846,-0.813075,73.300652,-7.413095,-2.051312,-1.115662,3.881537,-11.990047,24.986223,-16.655848,-3.218260,2.154595,5.003178,1.443630,-2.691789,18.340311,-41.281929,63.717419,6.628311,18.792658,-5.800122,-0.241628,-20.544901,31.639532,70.985161,-9.495493,-6.599702,-30.068380
586.000000,-1841.765991,1275.736572,76.629158,-3.698979,-7.847852,67.643887,-22.851166,12.285285,0.008618,70.330147,-8.773788,-1.828385,0.592392,3.941264,-11.933076,23.534962,-16.776638,-3.174663,2.815718,4.787856,1.620437,-2.643047,18.308308,-40.855900,63.504139,6.646890,18.766556,-6.070406,-1.312554,-20.822533,31.656420,69.845665,-9.489009,-6.525176,-30.480076
587.000000,-1841.245117,1276.622070,76.726517,-3.590913,-7.889361,67.799159,-24.902973,12.941222,0.632241,65.850372,-9.791848,-1.723686,2.525966,4.061155,-11.922031,21.850679,-16.949183,-3.093752,3.522784,4.596424,1.770832,-2.615732,18.303852,-40.266956,63.208206,6.662316,18.683201,-6.373384,-2.711051,-21.020876,31.734098,68.567017,-9.476373,-6.471310,-30.900242
588.000000,-1840.757935,1277.524414,76.776184,-3.574109,-7.897901,68.032118,-26.430206,13.424675,0.886419,60.955284,-9.966996,-1.714530,4.222843,4.223879,-12.010766,20.354694,-17.120094,-2.986328,3.934743,4.508670,1.865961,-2.598893,18.301798,-39.617699,63.007214,6.658634,18.585644,-6.657034,-4.162407,-21.042681,31.780827,67.655159,-9.499914,-6.459412,-31.151112
589.000000,-1840.298828,1278.467896,76.791588,-3.512282,-7.821716,68.376221,-27.325630,13.573410,0.987280,56.373158,-9.712042,-1.809131,5.467246,4.263308,-12.144545,19.325712,-17.350714,-2.853635,4.141366,4.396790,1.889506,-2.613755,18.292109,-39.127579,62.935158,6.656639,18.495903,-6.856729,-5.374874,-20.976330,31.790485,67.132088,-9.514943,-6.474678,-31.323830
590.000000,-1839.871460,1279.492188,76.764244,-3.408698,-7.695727,68.611104,-28.129976,13.563838,1.186176,49.438980,-9.084923,-2.089028,6.908553,4.220682,-12.308913,18.229626,-17.792343,-2.624816,4.476182,4.248271,1.798470,-2.698813,18.243397,-38.695469,62.926270,6.655687,18.363758,-7.082158,-6.942372,-20.930954,31.859428,66.535995,-9.502918,-6.535430,-31.608007
591.000000,-1839.506714,1280.560913,76.685143,-3.360849,-7.576820,68.644277,-28.425541,13.515625,1.352756,42.962261,-8.227745,-2.463251,8.069700,4.175404,-12.277584,17.531984,-18.313187,-2.398086,4.974575,4.218314,1.692617,-2.811414,18.171841,-38.577168,62.910561,6.648810,18.276741,-7.303071,-8.387556,-20.954281,32.002438,66.135811,-9.435835,-6.602571,-31.900396
592.000000,-1839.190674,1281.700195,76.550713,-3.373907,-7.499413,68.517973,-28.412474,13.432103,1.330752,35.125935,-7.068915,-2.966018,9.449172,4.152954,-12.065723,16.922964,-19.112917,-2.047144,5.747563,4.364855,1.521044,-2.908183,18.026716,-38.525299,62.838913,6.668728,18.235317,-7.690455,-10.158548,-21.025341,32.091038,65.677002,-9.177238,-6.684007,-32.293091
593.000000,-1838.887573,1282.936157,76.372620,-3.328100,-7.442882,68.512428,-28.134947,13.132848,1.325013,28.699247,-5.817433,-3.431554,10.700352,3.976416,-11.950237,16.636570,-20.033356,-1.638438,6.403594,4.426474,1.374093,-3.028197,17.920250,-38.417675,62.818634,6.673710,18.212719,-8.215990,-11.600331,-21.095304,32.183491,65.143570,-8.914033,-6.695463,-32.655022
594.000000,-1838.616333,1284.172974,76.177238,-3.166909,-7.445954,68.711958,-27.790276,12.441716,1.267649,23.395086,-4.605751,-3.802227,12.023325,3.579431,-12.068002,16.480938,-21.102158,-1.150861,6.825258,4.291234,1.256929,-3.146798,17.897289,-38.357918,62.816692,6.556804,18.202154,-8.730829,-12.940657,-21.117035,32.434193,64.768471,-8.711827,-6.729284,-32.977859
595.000000,-1838.359497,1285.555664,75.946770,-2.917495,-7.457390,68.964140,-27.457951,11.707364,1.194768,20.087774,-3.725445,-3.972994,13.141115,3.124116,-12.229070,16.382030,-22.001411,-0.710597,7.058368,4.085640,1.178432,-3.217110,17.913435,-38.409706,62.820629,6.254951,18.204937,-9.114849,-13.932200,-21.110765,32.692886,64.582184,-8.566797,-6.754786,-33.158844
596.000000,-1838.147217,1286.970459,75.707214,-2.518908,-7.530772,68.993620,-26.968828,10.904372,1.465502,17.174740,-2.768752,-4.072398,14.469833,2.437232,-12.324996,16.347528,-23.111753,-0.122035,7.370125,3.779916,1.132338,-3.290378,17.946613,-38.580364,62.865234,5.657706,18.207823,-9.588175,-14.982108,-21.088196,32.867725,64.319313,-8.436438,-6.762288,-33.307804
597.000000,-1837.962769,1288.519165,75.464272,-1.845496,-7.566423,68.725513,-26.142443,9.871358,2.284427,15.177872,-1.542903,-4.041082,16.019085,1.162193,-12.214134,16.531368,-24.569284,0.740701,7.974134,3.153390,1.117518,-3.326122,17.959373,-38.823452,63.044434,4.998573,18.204903,-10.271027,-15.895647,-21.071188,32.892227,63.832546,-8.407023,-6.747790,-33.490154
598.000000,-1837.812622,1290.112793,75.228432,-1.052064,-7.519922,68.341609,-25.258900,8.779700,2.972047,14.443908,-0.353442,-3.786685,17.353912,-0.344771,-12.085461,16.740036,-25.857361,1.655900,8.709843,2.370588,1.010365,-3.233221,17.976742,-38.916580,63.160797,4.774951,18.203020,-10.992452,-16.311584,-21.047411,32.890076,63.276447,-8.411462,-6.685152,-33.716228
599.000000,-1837.707153,1291.778687,74.978394,-0.293205,-7.418351,68.097270,-24.430637,7.708033,3.887447,14.528008,0.847192,-3.215663,18.601988,-1.999490,-12.539319,17.137747,-26.926771,2.705992,9.140336,1.615651,0.920057,-3.072654,17.995821,-39.026390,63.211697,4.736141,18.206480,-11.785339,-16.563616,-20.938570,32.850746,62.650024,-8.419621,-6.428019,-33.937962
600.000000,-1837.676392,1293.541016,74.722183,0.224420,-7.364219,68.027272,-23.666254,6.745605,4.725134,15.456328,1.830439,-2.553263,19.637205,-3.586075,-13.328933,18.159744,-27.569988,3.810577,9.260355,1.150427,0.892930,-2.984300,17.881804,-39.181400,63.368874,4.726330,18.206335,-12.577159,-16.746712,-20.760710,32.695683,62.145851,-8.412541,-6.097771,-34.112331
601.000000,-1837.723022,1295.455444,74.479225,0.537352,-7.351789,68.023927,-22.887655,5.950701,5.326388,16.878862,2.286431,-1.910913,20.202822,-4.942526,-13.900291,20.019014,-27.690422,4.790719,9.266604,1.015146,0.859307,-2.981584,17.586781,-39.253113,63.702629,4.725627,18.195808,-13.219917,-16.777058,-20.548925,32.485668,61.940395,-8.400766,-5.753254,-34.250351
602.000000,-1837.777344,1297.419189,74.302940,1.043627,-7.256405,68.366881,-22.241161,4.782209,5.614813,18.198938,3.441882,-0.726700,20.321486,-6.524948,-14.424052,22.755409,-27.387712,5.771478,9.100364,0.668833,0.711991,-3.030374,17.309080,-39.282593,64.144981,4.747713,18.178541,-13.784792,-16.593664,-20.211412,32.371700,61.907467,-8.391654,-5.301614,-34.360962
603.000000,-1837.813354,1299.401611,74.258911,1.752617,-7.465092,69.029816,-21.748640,3.182591,5.932280,20.085354,5.255091,0.020315,20.332388,-8.642171,-14.891813,26.717443,-26.017900,6.903262,8.646458,-0.127426,0.911980,-3.399699,17.470104,-39.579292,64.789169,5.013227,18.165943,-14.678886,-16.202372,-19.637091,32.344574,61.948200,-8.381114,-4.684126,-34.484760
604.000000,-1837.843140,1301.413574,74.351189,2.550232,-7.617337,69.689387,-20.911726,1.568177,6.560627,21.795897,5.281276,0.730168,19.986679,-10.899586,-14.960241,31.344604,-23.030874,8.132911,8.215681,-1.047545,1.101375,-3.774078,17.840216,-39.882217,65.520737,5.040417,18.137676,-15.305817,-15.493520,-18.982042,32.338589,62.049580,-8.366178,-4.067787,-34.629826
605.000000,-1837.875610,1303.562500,74.541443,3.196171,-7.760400,70.484444,-19.607773,-0.049634,7.235035,22.876053,4.521042,1.544438,19.255672,-13.129795,-14.730675,36.303577,-17.791945,9.612081,7.895329,-1.936382,0.995193,-4.006732,18.193932,-40.017952,66.175598,5.051314,18.091919,-15.631755,-14.274353,-18.408758,32.337597,62.122391,-8.329257,-3.563466,-34.835575
606.000000,-1837.939697,1305.712646,74.815353,3.807565,-7.812570,71.122568,-18.371197,-1.578893,7.532512,23.747160,2.573716,2.266562,18.171902,-14.893223,-14.092313,40.637093,-11.664048,9.374997,7.801527,-2.630592,0.766406,-4.229317,18.441025,-40.253693,66.484421,5.061027,18.066160,-15.758685,-13.047926,-18.027973,32.346775,62.390129,-8.179782,-3.239713,-35.081619
607.000000,-1838.053345,1307.803955,75.111595,4.253188,-7.758797,71.576131,-16.733047,-3.210614,7.786350,24.324923,0.043604,3.151936,16.344265,-16.606634,-12.963605,44.967751,-2.350955,7.134284,7.845427,-3.103345,0.528758,-4.568186,18.545542,-40.648170,66.546616,5.089272,17.978062,-15.806937,-11.855155,-17.777483,32.399136,62.973194,-7.963262,-2.928625,-35.369232
608.000000,-1838.227661,1309.695679,75.347534,4.456321,-7.726082,71.797844,-15.341979,-4.318844,8.007028,24.674618,-1.934780,3.977351,13.668561,-17.731630,-11.678896,49.752552,2.226847,4.471934,7.812577,-3.110233,0.625750,-5.105919,18.406298,-40.821957,66.542610,5.291472,17.784040,-15.810424,-11.444052,-17.658524,32.444073,63.783432,-7.928345,-2.833200,-35.699635
609.000000,-1838.419678,1311.441528,75.536674,4.456190,-7.942402,72.198289,-13.900409,-5.212693,7.906548,25.053745,-3.653054,4.704471,10.627877,-18.359100,-10.981791,55.178272,1.903316,2.596160,7.362505,-2.772239,1.180836,-5.852643,18.087379,-40.848530,66.552429,5.761826,17.564354,-15.805205,-11.487366,-17.576694,32.449211,64.801048,-8.172174,-2.848321,-36.016388
610.000000,-1838.551270,1313.093872,75.705910,4.535960,-8.180601,72.536481,-12.632808,-5.905194,7.789312,25.101192,-4.811753,5.175189,7.988219,-18.610548,-10.405172,59.579594,0.509403,1.456272,6.887920,-2.569177,1.610664,-6.424776,17.927010,-41.091679,66.684319,6.625884,17.419374,-15.800419,-11.535364,-17.431992,32.452717,65.745049,-8.553109,-2.856266,-36.204185
611.000000,-1838.621338,1314.740601,75.869026,4.648772,-8.288610,73.039408,-11.124357,-6.787353,7.546304,24.856108,-5.958384,5.625584,4.897324,-18.686609,-9.772019,63.964863,-1.528460,0.425283,6.276821,-2.508781,1.830699,-7.029325,17.776310,-41.127041,66.868042,7.349588,17.295393,-15.777000,-11.330836,-17.221508,32.462631,66.860016,-9.002139,-2.857379,-36.341572
612.000000,-1838.648804,1316.384277,76.035896,4.682649,-8.363692,73.759903,-9.214896,-7.898458,6.929083,24.240900,-7.163464,6.091520,1.247470,-18.334082,-9.150595,67.753601,-4.615471,-0.407829,5.316626,-2.472265,1.775368,-7.677814,17.648481,-41.136036,66.974464,7.907989,17.062811,-15.669648,-10.711046,-17.056177,32.484440,68.160042,-9.376955,-2.871922,-36.364609
613.000000,-1838.643311,1317.956299,76.197609,4.605725,-8.408675,74.595896,-7.514397,-8.787169,6.093299,23.567036,-8.108352,6.511422,-1.801210,-17.535202,-8.737592,69.598747,-7.543448,-0.866163,4.375904,-2.393008,1.591256,-8.262619,17.559776,-41.138065,66.967003,8.068426,16.801195,-15.473878,-9.977736,-17.009527,32.487972,69.442276,-9.599642,-2.866019,-36.362999
614.000000,-1838.621948,1319.534912,76.354065,4.392870,-8.434977,75.621716,-5.917495,-9.510484,5.046488,22.934557,-8.989285,6.907542,-4.708801,-16.491096,-8.644722,70.243500,-10.171454,-1.192589,3.481977,-2.197421,1.385363,-8.892374,17.423790,-41.132553,66.811218,8.129648,16.536808,-15.108157,-9.085843,-17.116627,32.454311,70.569107,-9.764400,-2.711660,-36.363235
615.000000,-1838.571411,1321.043335,76.495155,4.180933,-8.341265,76.567451,-4.359848,-10.129513,3.920068,22.217396,-9.798504,7.249756,-7.758233,-15.358824,-8.791449,69.972084,-12.589963,-1.464867,2.671988,-1.976787,1.180678,-9.505298,17.383854,-41.094349,66.368401,8.321828,16.316126,-14.666861,-8.072625,-17.286150,32.256313,71.400795,-9.943749,-2.337693,-36.353416
616.000000,-1838.492432,1322.462158,76.614639,4.005578,-8.328131,77.479837,-2.896439,-10.626011,2.887734,21.466805,-10.431093,7.543772,-10.355806,-14.328528,-9.071362,68.910667,-14.506920,-1.664372,2.034654,-1.818386,1.147419,-10.023644,17.435881,-40.920284,65.748222,8.366722,16.118933,-14.223952,-7.177006,-17.445482,31.948099,71.819702,-10.048678,-1.875895,-36.266365
617.000000,-1838.384033,1323.846680,76.713562,3.863429,-8.425137,78.363525,-1.381425,-11.050215,1.887715,20.684856,-10.966052,7.791928,-12.603062,-13.235780,-9.243864,67.223793,-15.916768,-1.835913,1.400032,-1.707999,1.281545,-10.497621,17.482294,-40.843109,65.085670,8.296490,15.853060,-13.784470,-6.520615,-17.518602,31.638168,72.082054,-10.062430,-1.399439,-36.127621
618.000000,-1838.247437,1325.217773,76.783890,3.677907,-8.467130,79.403773,0.324503,-11.486898,0.598019,19.866541,-11.602200,8.067264,-15.078345,-11.846111,-9.364003,64.534698,-17.065533,-2.073948,0.528503,-1.583187,1.384472,-10.974086,17.420076,-40.680759,64.401642,7.948347,15.526465,-13.279635,-5.917681,-17.504084,31.284494,72.332626,-10.068287,-0.882720,-35.984245
619.000000,-1838.089966,1326.566528,76.827888,3.479970,-8.423290,80.601747,1.826581,-11.869022,-0.898448,19.261871,-12.293058,8.336580,-17.316078,-10.655603,-9.860128,61.136147,-17.663198,-2.315583,-0.398915,-1.466031,1.345765,-11.413747,17.161484,-40.283783,63.831951,7.328261,15.293289,-12.826215,-5.286611,-17.435583,30.798285,72.454720,-10.096437,-0.538051,-35.943134
620.000000,-1837.909180,1327.977661,76.849464,3.345397,-8.259980,81.870223,3.233598,-12.231113,-2.422889,18.601362,-12.943358,8.580468,-19.385803,-9.866325,-10.803582,56.796013,-17.694416,-2.481988,-1.266672,-1.385127,1.167888,-11.725501,16.818970,-40.085331,63.115322,6.889586,15.144622,-12.373072,-4.708368,-17.291248,30.058578,72.638969,-10.296998,-0.414560,-35.943699
621.000000,-1837.726196,1329.322144,76.838455,3.208168,-8.184627,82.959775,4.526948,-12.468972,-3.689072,18.087036,-13.592821,8.775392,-20.997612,-9.221452,-11.542407,52.525032,-17.286798,-2.546201,-1.932701,-1.296745,1.147449,-11.952436,16.486994,-40.005989,62.447685,6.638704,15.015656,-11.998662,-4.348045,-17.141928,29.332321,72.841324,-10.566513,-0.397834,-35.963833
622.000000,-1837.513672,1330.734985,76.789024,3.081622,-8.159567,83.931890,6.174142,-12.627484,-5.073852,17.586782,-14.536872,8.977060,-22.715469,-8.460963,-12.274982,47.108471,-16.386192,-2.531269,-2.431194,-1.168418,1.249304,-12.204369,16.057030,-39.934891,61.638294,6.305625,14.897659,-11.613099,-3.999486,-16.987637,28.709692,73.187759,-10.763920,-0.449078,-36.020145
623.000000,-1837.262573,1332.167358,76.717117,2.900479,-8.121304,84.975810,7.293362,-12.633541,-6.070116,17.362162,-15.285853,9.101618,-23.622847,-7.912926,-12.719313,42.895348,-15.285156,-2.406183,-2.729148,-1.070172,1.300329,-12.278008,15.862089,-39.931015,60.976456,5.939208,14.848477,-11.376958,-3.753270,-16.875046,28.510365,73.539246,-10.784542,-0.593045,-36.076229
624.000000,-1836.969360,1333.630127,76.603073,2.773632,-8.049770,86.117760,8.668297,-12.629335,-7.447649,17.217567,-16.342215,9.260645,-24.719837,-7.392120,-13.081921,37.790684,-13.873154,-2.126912,-3.166146,-1.060959,1.299708,-12.299311,15.733736,-39.937874,60.138031,5.478581,14.796675,-11.107098,-3.350967,-16.716242,28.240742,73.979301,-10.803052,-0.901731,-36.133030
625.000000,-1836.650513,1335.137329,76.451378,2.636203,-7.946340,87.394324,10.022810,-12.580223,-8.921747,17.191950,-17.524197,9.383870,-25.787779,-7.164804,-13.315760,33.091419,-12.562470,-1.672224,-3.715799,-1.127282,1.264348,-12.288212,15.706369,-40.014183,59.409069,5.103487,14.763629,-10.795543,-2.855928,-16.587652,27.694166,74.295143,-10.812520,-1.326859,-36.160053
626.000000,-1836.307739,1336.703979,76.269325,2.461841,-7.857418,88.743192,11.235170,-12.437416,-10.320833,17.254358,-18.674971,9.461574,-26.651186,-7.110368,-13.431316,29.268015,-11.506988,-1.153033,-4.339654,-1.160529,1.248648,-12.275065,15.768615,-40.234375,58.858639,4.877001,14.757388,-10.474407,-2.384485,-16.561590,27.187183,74.442688,-10.807460,-1.715993,-36.168015
627.000000,-1835.931396,1338.327637,76.049500,2.342522,-7.757924,90.041304,12.801300,-12.188707,-12.027941,17.279785,-20.089134,9.597039,-27.602486,-7.173190,-13.233210,25.302679,-10.365366,-0.481069,-4.993715,-1.273957,1.263616,-12.301122,15.930584,-40.563309,58.307396,4.667825,14.757598,-10.033578,-1.746835,-16.595922,26.821730,74.491043,-10.691243,-2.097742,-36.230305
628.000000,-1835.510986,1339.972534,75.789124,2.319276,-7.658969,91.326942,14.299937,-11.960560,-13.586215,17.194017,-21.326620,9.799127,-28.313026,-7.338953,-12.558097,22.097136,-9.408574,0.154564,-5.422842,-1.587606,1.302510,-12.344706,16.201468,-40.776417,57.789379,4.523095,14.763069,-9.584329,-1.098720,-16.605558,26.729038,74.498856,-10.548841,-2.436010,-36.431610
629.000000,-1835.029175,1341.682373,75.474129,2.385049,-7.469629,92.774286,15.702155,-11.719361,-15.254631,17.160471,-22.592833,10.012104,-28.948120,-7.580901,-11.271202,19.505867,-8.617773,0.721177,-5.971143,-2.114519,1.280707,-12.332525,16.654881,-40.974224,57.290279,4.294716,14.769861,-9.108230,-0.478636,-16.500849,26.601208,74.499748,-10.487007,-2.769914,-36.713570
630.000000,-1834.517456,1343.436279,75.119743,2.408416,-7.273937,94.216150,17.138393,-11.310886,-16.941036,17.099600,-23.946238,10.201453,-29.418798,-7.821001,-9.727512,17.571321,-7.884436,1.114576,-6.607109,-2.689372,1.255271,-12.245752,17.194538,-41.220062,56.852173,4.146165,14.827434,-8.604198,0.074099,-16.334745,26.516426,74.503624,-10.441589,-3.051049,-37.039040
631.000000,-1833.990479,1345.280518,74.724960,2.248854,-6.926149,95.590613,18.039003,-10.837424,-17.994843,17.092890,-24.946005,10.221828,-29.726023,-7.854746,-8.686435,16.700716,-7.381678,1.282667,-6.994673,-2.953205,1.154142,-12.097588,17.540325,-41.362656,56.553074,4.129380,14.914873,-8.261149,0.432132,-16.224607,26.509636,74.583214,-10.429992,-3.230264,-37.258694
632.000000,-1833.463257,1347.139282,74.299232,1.937056,-6.446950,96.853387,19.304043,-9.751977,-19.603943,17.263006,-26.768435,10.210284,-30.324318,-7.673337,-7.086517,16.288458,-6.529552,1.426036,-7.495998,-3.120277,0.924046,-11.777830,18.024567,-41.447918,56.044720,4.117262,15.142932,-7.712964,0.945744,-16.041826,26.509420,74.928741,-10.410888,-3.424334,-37.541557
633.000000,-1832.906128,1349.073730,73.829224,1.319858,-5.889155,98.248840,20.203619,-8.361909,-20.991343,17.831852,-28.734699,10.106955,-30.906399,-7.071786,-5.520472,17.398962,-5.567905,1.440317,-7.940985,-2.981651,0.779888,-11.454753,18.472452,-41.461628,55.481274,4.119233,15.428701,-7.254419,1.377921,-15.874653,26.522797,75.204826,-10.402361,-3.449892,-37.686665
634.000000,-1832.326660,1351.086304,73.313950,0.379743,-5.324249,99.584481,20.853355,-6.392406,-21.814781,19.008463,-30.950006,9.499071,-31.419964,-5.674974,-3.751415,20.880898,-4.741142,1.296685,-8.458949,-2.423072,0.704452,-11.040055,18.898720,-41.481148,54.975006,4.133177,15.697138,-6.826125,1.894306,-15.735667,26.535599,75.252373,-10.410177,-3.457483,-37.811039
635.000000,-1831.725708,1353.229736,72.755600,-0.502413,-4.560441,100.836296,21.174892,-4.178976,-21.309072,20.486567,-32.916191,8.393913,-31.723324,-4.210910,-3.088565,25.250534,-4.470603,1.150580,-8.887794,-1.835727,0.312120,-10.489697,19.217781,-41.495285,54.808414,4.147505,15.891769,-6.392825,2.582494,-15.543422,26.536449,75.255287,-10.408457,-3.481912,-37.926968
636.000000,-1831.228394,1355.208008,72.358704,-1.710272,-4.317941,101.612513,21.541742,-2.471393,-20.388493,21.605774,-33.876671,7.572212,-32.155529,-3.149073,-3.624858,27.770655,-2.582281,0.870932,-8.883863,-1.091270,0.538981,-10.243175,19.243181,-41.481968,54.948017,4.173592,15.958115,-5.979539,2.756723,-15.499043,26.534397,75.254463,-10.402039,-3.497496,-37.954323
637.000000,-1830.808105,1357.161377,72.178619,-2.732594,-4.214867,102.715979,22.009687,0.149372,-18.898499,23.896185,-34.017323,5.553760,-32.186867,-2.260503,-5.474780,31.440212,-1.600553,0.460162,-9.289892,0.108244,1.240535,-9.889812,19.008112,-41.470798,55.710945,4.373638,15.991186,-5.420102,2.909245,-15.425850,26.501101,75.263031,-10.521673,-3.546281,-37.964199
638.000000,-1830.464966,1359.119751,72.173477,-3.339065,-3.972543,103.898824,22.015993,2.064976,-17.550938,26.019257,-32.610447,3.476315,-31.847219,-2.106531,-7.144069,34.212677,-2.096596,0.088026,-9.667738,0.903194,1.300648,-9.398128,18.577667,-41.466625,56.797863,4.687289,16.029579,-5.088632,3.475415,-15.353465,26.458649,75.284569,-10.902031,-3.609048,-37.961788
639.000000,-1830.180786,1361.067749,72.293900,-3.704912,-3.735516,105.155912,21.510799,3.702469,-15.647619,28.339277,-29.952560,1.900176,-31.183496,-2.084481,-8.407737,36.430893,-3.506744,-0.347291,-9.761153,1.515738,1.014811,-8.912931,18.049940,-41.474663,58.012531,4.901632,16.113012,-4.810471,4.429034,-15.306692,26.393377,75.290169,-11.218384,-3.735024,-37.919598
640.000000,-1829.958008,1362.957275,72.509506,-3.962841,-3.718138,106.652043,20.603029,5.096920,-13.968363,31.445919,-26.522253,0.084558,-29.825150,-2.192509,-9.575253,37.759727,-4.634188,-0.800592,-9.803309,2.039178,0.818760,-8.529777,17.549374,-41.651836,59.217293,5.265629,16.183720,-4.598577,5.481390,-15.302543,26.345776,75.291107,-11.383181,-3.890342,-37.803017
641.000000,-1829.798706,1364.727173,72.794632,-4.202023,-3.771557,108.071797,19.570341,5.996513,-12.858205,34.041878,-23.508308,-0.924141,-28.714384,-2.328782,-10.411035,38.405365,-5.718016,-1.118611,-9.784618,2.408075,0.649965,-8.333101,17.226955,-41.883038,60.094761,5.544341,16.217594,-4.501896,6.207010,-15.335281,26.342710,75.290085,-11.461861,-4.009385,-37.682777
642.000000,-1829.698608,1366.461182,73.152916,-4.404698,-3.906264,109.073013,17.403599,7.007857,-11.591224,39.019318,-16.717720,-2.886910,-26.590775,-2.310967,-11.662677,38.960297,-8.197462,-1.485774,-9.382071,3.152667,0.492404,-8.029699,16.800268,-42.399979,61.529762,6.014294,16.317081,-4.393643,7.069528,-15.469283,26.350882,75.288078,-11.478580,-4.191039,-37.433777
643.000000,-1829.642456,1368.051758,73.542809,-4.624123,-4.005724,110.099973,14.812707,7.526374,-10.867748,44.222580,-10.695673,-4.530340,-24.443460,-2.137478,-12.667740,38.687275,-9.959517,-1.678557,-9.021001,3.847476,0.332328,-7.679884,16.687422,-43.170837,62.635441,6.506400,16.521122,-4.372266,7.416469,-15.662400,26.494200,75.278656,-11.489274,-4.355293,-37.248436
644.000000,-1829.622070,1369.532349,73.951698,-4.936561,-4.161389,111.589726,11.260056,7.900239,-10.321617,49.848843,-6.301783,-5.782204,-22.028116,-2.143972,-14.045935,37.814571,-11.252511,-1.707260,-8.976446,4.587207,0.326402,-7.564047,16.655731,-43.986717,63.629272,6.867153,16.846180,-4.368123,7.509082,-16.022413,26.864649,75.208405,-11.546492,-4.617875,-37.196960
645.000000,-1829.619263,1370.908691,74.337395,-5.225186,-4.449323,113.248271,6.824839,8.275357,-9.429015,56.940224,-3.524970,-6.127009,-19.332380,-2.218867,-15.616550,36.634068,-12.317386,-1.641554,-8.806234,5.227919,0.540594,-7.610469,16.709103,-44.760548,64.378960,7.483174,17.301199,-4.340246,7.463903,-16.525906,27.166079,74.993263,-11.603931,-4.972087,-37.057430
646.000000,-1829.636719,1372.199219,74.683289,-5.284703,-4.870018,114.459086,3.129548,8.599475,-8.040154,62.788841,-2.206804,-5.904324,-16.937132,-2.243386,-16.669775,35.610062,-13.169636,-1.604305,-8.138418,5.509075,0.741982,-7.548830,16.846495,-45.317505,64.802376,8.271145,17.708569,-4.275361,7.413809,-17.045471,27.377264,74.616119,-11.636192,-5.238443,-36.856476
647.000000,-1829.684204,1373.495850,75.020226,-5.134038,-5.231980,115.495972,-0.926903,8.994767,-6.207852,68.423004,-1.553507,-5.363298,-14.295435,-2.350584,-17.616802,34.440193,-14.124417,-1.540766,-7.019293,5.530982,0.716958,-7.164419,17.074112,-45.637344,65.116180,9.190159,18.083084,-4.160225,7.356165,-17.761034,27.649626,73.866585,-11.692396,-5.472597,-36.662010
648.000000,-1829.743042,1374.638916,75.322189,-4.958264,-5.530363,116.757513,-3.760516,9.367599,-5.196808,71.566086,-1.629731,-4.746913,-12.445086,-2.573427,-18.470026,33.546143,-14.731893,-1.420757,-6.376972,5.452386,0.720339,-6.911960,17.200695,-45.655205,65.317245,9.690255,18.272961,-4.101916,7.218827,-18.301888,27.839987,73.215614,-11.709187,-5.620742,-36.633007
649.000000,-1829.827637,1375.800049,75.639687,-4.649004,-5.937716,118.162415,-7.097456,9.934047,-3.958637,74.268242,-2.227565,-4.004680,-9.962486,-2.997168,-19.624035,32.336697,-15.449514,-1.189607,-5.616385,5.187306,0.916001,-6.647113,17.338837,-45.653645,65.561447,10.097610,18.413168,-4.076069,6.767260,-18.971090,28.057486,72.502182,-11.760146,-5.818264,-36.630939
650.000000,-1829.954346,1376.905029,75.945457,-4.266538,-6.362491,119.542759,-10.032805,10.598210,-2.768199,75.289032,-3.457353,-3.386547,-7.432068,-3.501762,-20.798859,31.003405,-16.054344,-0.898565,-4.898304,4.827785,1.180374,-6.287299,17.453831,-45.630024,65.663895,10.198640,18.427246,-4.097649,6.086045,-19.642889,28.314083,71.993546,-11.869685,-5.975594,-36.628143
651.000000,-1830.134033,1377.936401,76.214607,-3.943673,-6.670417,120.658203,-12.421904,11.345727,-1.729643,75.313187,-4.683066,-2.914117,-5.265546,-3.835846,-21.730238,29.696804,-16.458637,-0.636482,-4.078380,4.581554,1.370778,-5.899169,17.466612,-45.470856,65.643501,10.243469,18.407141,-4.185153,5.399621,-20.296291,28.535980,71.633034,-11.918256,-6.057783,-36.624741
652.000000,-1830.372070,1378.974609,76.471130,-3.672331,-6.862943,121.655776,-15.259379,12.623368,-0.353840,74.379539,-6.415858,-2.408014,-2.712781,-4.012120,-22.774485,27.804537,-16.738886,-0.299040,-2.793988,4.438576,1.480948,-5.286801,17.422102,-44.760090,65.450737,10.263178,18.216022,-4.375867,4.569404,-21.201683,28.757912,71.151360,-11.935367,-6.109897,-36.621025
653.000000,-1830.629395,1379.956909,76.708267,-3.500401,-7.042827,122.783275,-17.576237,13.863463,0.702092,72.290497,-8.126903,-2.014280,-0.341033,-4.010315,-23.874052,25.765850,-16.785564,-0.006631,-1.872667,4.357862,1.623306,-4.728669,17.429991,-43.936180,65.348190,10.255481,17.840231,-4.644200,3.723403,-21.956110,28.935230,70.737022,-11.939762,-6.133089,-36.620281
654.000000,-1830.899048,1380.906494,76.898056,-3.313585,-7.020388,123.973400,-19.809248,15.003379,1.664789,69.386200,-9.683455,-1.737687,1.730141,-4.028067,-25.061705,23.865128,-16.817276,0.310968,-1.144433,4.188534,1.664923,-4.285448,17.507027,-43.067436,65.344551,10.108462,17.476789,-4.977387,2.905123,-22.598944,29.067640,70.141327,-11.933258,-6.131013,-36.626171
655.000000,-1831.183838,1381.805420,77.029732,-3.144578,-6.972268,125.162139,-21.444796,15.848105,2.405032,66.520012,-10.560297,-1.631374,3.244470,-4.039956,-26.040543,22.501289,-16.872179,0.592434,-0.629899,4.021463,1.772367,-4.047626,17.615623,-42.312069,65.347130,9.894159,17.195650,-5.220520,2.159858,-23.016029,29.081827,69.651245,-11.929372,-6.127991,-36.664001
656.000000,-1831.507812,1382.663574,77.120628,-2.999427,-6.868889,126.309145,-23.138073,16.638079,3.129860,62.559605,-11.196006,-1.591498,4.920136,-4.022635,-27.173985,20.974791,-16.942108,0.956767,-0.078220,3.836887,1.905269,-3.828649,17.763077,-41.615891,65.345543,9.656491,16.862282,-5.434867,1.140359,-23.403429,29.129112,69.210297,-11.925189,-6.107214,-36.744781
657.000000,-1831.888916,1383.505371,77.176399,-2.873771,-6.680086,127.413985,-24.811468,17.124083,3.620200,56.650383,-11.457288,-1.692207,6.788718,-3.929632,-28.494020,19.147848,-16.994026,1.464823,0.566984,3.632662,1.952860,-3.577200,17.912664,-41.031673,65.343544,9.369599,16.501406,-5.620672,-0.182831,-23.761286,29.319822,68.671661,-11.902353,-6.046927,-36.870644
658.000000,-1832.326294,1384.353882,77.202293,-2.706437,-6.475256,128.439044,-25.798487,17.295919,4.168752,50.353035,-10.906837,-1.935773,8.376628,-3.900614,-29.675838,17.646444,-17.070242,2.029936,1.297770,3.354050,1.906594,-3.406946,17.986473,-40.348721,65.355995,8.955536,16.274527,-5.847545,-1.305811,-23.919315,29.565916,68.069252,-11.810681,-5.917211,-37.076340
659.000000,-1832.831787,1385.202881,77.179962,-2.558940,-6.228225,129.368758,-26.365347,17.352175,4.828965,43.919796,-9.943333,-2.261235,9.789591,-3.894658,-30.770742,16.428495,-17.249542,2.648190,2.204621,3.036662,1.729592,-3.233363,18.059505,-39.703552,65.314499,8.470581,16.083124,-6.123709,-2.268356,-23.944416,29.780897,67.314949,-11.608564,-5.808928,-37.321342
660.000000,-1833.412354,1386.037720,77.103355,-2.406424,-6.067178,130.065604,-26.418173,17.182974,5.313952,37.300659,-8.664821,-2.626808,11.094196,-3.984268,-31.731951,15.636380,-17.634472,3.311932,3.324879,2.698825,1.540576,-2.973257,18.163759,-39.274708,65.168625,8.190252,15.895065,-6.478076,-3.232398,-23.891582,29.962805,66.360428,-11.488728,-5.685757,-37.604153
661.000000,-1834.067749,1386.842896,76.974487,-2.293823,-5.909721,130.707179,-26.263466,16.849695,5.440781,31.972845,-7.517488,-2.907199,12.116599,-4.152599,-32.576385,15.325930,-18.131887,3.936165,4.323405,2.430674,1.343423,-2.684939,18.227665,-39.055351,65.062981,8.139101,15.783211,-6.836083,-4.148344,-23.760874,30.101189,65.432259,-11.482418,-5.586014,-37.884850
662.000000,-1834.785278,1387.619019,76.809357,-2.124336,-5.833715,131.200282,-25.949331,16.601486,6.064475,27.546570,-6.498747,-3.139393,13.076065,-4.466214,-33.336205,15.315156,-18.765614,4.607587,5.311837,2.117628,1.213760,-2.430018,18.280682,-38.972672,65.044250,7.965898,15.754061,-7.209251,-5.169945,-23.506744,30.250595,64.590851,-11.471974,-5.521618,-38.207542
663.000000,-1835.597656,1388.394531,76.614449,-1.877835,-5.816400,131.789751,-25.519928,16.165506,7.029503,23.554333,-5.392283,-3.343835,14.227276,-5.043032,-34.354889,15.510746,-19.619112,5.502263,6.386809,1.642540,1.128043,-2.152274,18.378265,-38.962185,65.041275,7.527539,15.776486,-7.679102,-6.448997,-23.100229,30.529776,63.689850,-11.401563,-5.465308,-38.597897
664.000000,-1836.504028,1389.155640,76.415977,-1.536423,-5.840543,132.286855,-24.993473,15.447539,7.893045,20.662706,-4.304251,-3.446270,15.370440,-5.885578,-35.651726,16.016640,-20.487309,6.480595,7.445330,1.058754,1.061747,-1.879220,18.490572,-38.959263,64.998238,7.070646,15.864202,-8.165196,-7.637812,-22.639133,30.828365,62.749744,-11.297412,-5.436140,-38.928162
665.000000,-1837.500977,1389.900146,76.235077,-1.246410,-5.906114,132.776854,-24.262333,14.611068,8.816114,18.794840,-3.167105,-3.422819,16.567982,-6.910115,-36.923435,16.769779,-21.172213,7.523192,8.571153,0.417159,0.973791,-1.519717,18.619968,-38.956055,64.898888,6.658446,15.991719,-8.685408,-8.749625,-22.114180,31.158123,61.830181,-11.270163,-5.400733,-39.107468
666.000000,-1838.603638,1390.665405,76.080635,-0.889472,-6.072793,133.435559,-23.481184,13.821458,9.964530,18.012135,-2.125982,-3.249201,17.824934,-7.966062,-38.318913,17.575817,-21.490904,8.554004,9.354109,-0.255793,0.935876,-1.114611,18.814579,-38.960804,64.796600,6.127891,16.156664,-9.206213,-9.622127,-21.554844,31.499105,60.975185,-11.195485,-5.330264,-39.140812
667.000000,-1839.832886,1391.466187,75.959976,-0.501305,-6.169296,134.196703,-22.487169,12.740959,11.349658,17.805616,-1.037912,-2.863142,19.336361,-9.416954,-40.000420,18.735998,-21.427046,9.850236,10.167594,-1.290868,0.711677,-0.469748,19.153503,-39.027817,64.587646,5.641860,16.418427,-9.832129,-10.276366,-20.716833,31.952614,59.972294,-11.107986,-5.240125,-39.146091
668.000000,-1841.233276,1392.289307,75.862900,-0.129022,-6.313013,135.224792,-21.725546,11.829537,12.021314,17.995577,-0.450992,-2.470556,20.362278,-10.611186,-41.116615,19.977551,-21.049311,10.726336,10.593868,-2.099552,0.595582,-0.007248,19.425859,-39.192310,64.372665,5.561208,16.629765,-10.271308,-10.511003,-20.095383,32.279312,59.184349,-11.094342,-5.198505,-39.145081
669.000000,-1842.743286,1393.065430,75.791252,0.022978,-6.460314,136.425780,-20.802265,10.760207,12.763730,18.552368,0.009814,-1.933167,21.487480,-12.162779,-42.202045,22.235096,-19.932076,11.793504,10.925982,-2.972122,0.503654,0.458293,19.698277,-39.444130,64.214378,5.396031,16.872568,-10.824695,-10.584807,-19.370430,32.717026,58.137589,-11.056866,-5.184281,-39.142841
670.000000,-1844.335938,1393.794678,75.743774,0.070708,-6.656934,137.710775,-19.797874,9.769426,13.365788,19.294962,0.304057,-1.249195,22.411024,-13.762862,-42.693832,25.103294,-17.965546,12.753602,11.240750,-3.714651,0.570878,0.708256,19.894424,-39.590229,64.198395,5.216177,17.094120,-11.355914,-10.536351,-18.681635,33.184361,57.253536,-11.007888,-5.176465,-39.135952
671.000000,-1845.944214,1394.472656,75.726067,0.201069,-6.806073,138.973035,-18.960070,8.517406,13.254942,20.148306,1.174961,0.084935,22.947617,-15.423895,-42.101330,28.324661,-15.244738,13.245331,11.604894,-4.528069,0.727176,0.784578,20.092628,-39.648575,64.192604,5.209399,17.293503,-11.817477,-10.490050,-17.900621,33.615253,56.901157,-10.960982,-5.174923,-39.126534
672.000000,-1847.722656,1395.144409,75.728020,0.428522,-6.905025,140.358015,-18.417063,7.072492,12.635040,21.585567,1.879671,1.029108,22.859253,-17.147270,-40.023865,31.992355,-11.928822,12.429587,12.040588,-5.421494,1.040067,0.700758,20.304474,-39.663033,64.180161,5.227655,17.362394,-12.197590,-10.461999,-17.127867,34.096867,56.877342,-10.797188,-5.175342,-39.119400
673.000000,-1849.529785,1395.741211,75.725677,0.679063,-6.721830,141.762129,-17.960875,5.480270,12.030616,22.743456,2.421264,1.908767,22.162630,-18.810728,-37.575066,35.781799,-7.845769,10.715722,12.309584,-6.201330,1.075978,0.642064,20.418776,-39.799950,64.195786,5.258963,17.395584,-12.498792,-10.366143,-16.525314,34.731045,56.994194,-10.630929,-5.169561,-39.113144
674.000000,-1851.366089,1396.308716,75.764015,1.381853,-6.589438,143.275053,-17.591883,3.885002,11.647437,23.731388,1.192415,2.502620,21.380812,-20.280560,-35.574066,38.649925,-4.171757,8.886707,12.421659,-7.026790,1.208149,0.450495,20.476116,-39.994350,64.303703,5.296374,17.420485,-12.635092,-10.389013,-16.059017,35.274654,57.266300,-10.578626,-5.144373,-39.109695
675.000000,-1853.249023,1396.834229,75.833191,2.211595,-6.344145,144.583854,-16.832838,1.530332,11.322720,24.678385,-1.120471,3.317215,19.828966,-22.159956,-32.200150,42.199051,1.839922,5.652259,12.697621,-8.144416,1.447167,0.009955,20.389515,-40.230450,64.604256,5.421298,17.451061,-12.700105,-10.571178,-15.412539,36.100979,57.909126,-10.557973,-5.096684,-39.101780
676.000000,-1855.057495,1397.260132,75.884071,2.812229,-5.946471,145.429745,-16.176704,-0.333450,11.242397,25.347202,-3.171782,4.130752,17.418495,-23.611893,-28.756607,45.509418,5.926482,2.592512,13.222303,-8.741477,1.471720,-0.404712,20.191423,-40.429855,64.794434,5.846402,17.475594,-12.691137,-11.058349,-14.881663,37.097290,58.877377,-10.522033,-5.086861,-39.027168
677.000000,-1856.682739,1397.586060,75.941887,3.042469,-5.754286,146.069723,-15.447266,-1.614603,11.071627,26.037178,-5.032277,4.813621,14.170355,-24.523613,-25.815104,50.031132,4.506836,0.914961,13.520376,-8.574219,1.653644,-0.661971,20.022032,-40.701729,64.898033,6.390716,17.512871,-12.476930,-12.067133,-14.392838,38.326584,60.164764,-10.422223,-5.083632,-38.727203
678.000000,-1858.222778,1397.927124,76.033875,3.114036,-5.626225,146.995044,-14.524830,-2.771625,10.526966,26.349121,-6.524621,5.377048,10.530905,-24.986773,-23.767458,55.589973,0.818671,-0.047884,13.353196,-8.158508,1.767169,-0.700625,19.937113,-40.795624,64.912781,6.837531,17.646326,-12.133901,-13.033594,-13.779128,39.571766,61.580704,-10.289455,-5.073333,-38.151489
679.000000,-1859.772095,1398.331543,76.165558,3.139678,-5.455422,148.280484,-13.481236,-3.985960,9.610319,26.168091,-7.610424,5.826451,7.034256,-25.006147,-22.549089,60.459091,-2.716911,-0.541260,12.908139,-7.820933,1.587143,-0.740292,19.943207,-40.811565,64.907150,6.983451,17.810253,-11.838691,-13.472456,-13.105737,40.688007,62.859184,-10.238900,-4.985907,-37.337307
680.000000,-1861.263306,1398.757080,76.315323,3.189327,-5.361051,149.504564,-12.178553,-5.150134,8.668316,25.587193,-8.461674,6.174594,3.644290,-24.676149,-21.462481,64.236473,-5.730795,-0.853921,12.555945,-7.562184,1.339025,-0.879490,19.939657,-40.835690,64.812462,7.116077,17.914398,-11.518448,-13.574358,-12.444837,41.732967,64.044792,-10.227336,-4.891795,-36.266918
681.000000,-1862.670166,1399.176270,76.458778,3.342516,-5.336087,150.502021,-10.987445,-5.997058,8.054508,24.887468,-8.987911,6.408370,1.010857,-24.289616,-20.534925,66.446571,-7.684791,-0.981096,12.380412,-7.410652,1.183425,-1.036968,19.915287,-40.878593,64.660538,7.194874,17.938437,-11.255461,-13.600786,-11.934209,42.414570,64.996254,-10.244779,-4.857681,-35.278385
682.000000,-1864.015015,1399.586914,76.577812,3.517910,-5.349330,151.525739,-9.317399,-7.090061,7.231042,23.814524,-9.554759,6.704165,-2.323961,-23.672506,-19.423754,68.446609,-9.987478,-1.054836,11.997990,-7.250269,1.041520,-1.348775,19.825918,-40.980370,64.534515,7.226178,17.922865,-10.917387,-13.620070,-11.315133,42.980343,66.096191,-10.281937,-4.826303,-33.858917
683.000000,-1865.302124,1399.991943,76.672775,3.655147,-5.443200,152.410737,-7.609121,-8.051601,6.386969,22.758293,-10.106248,6.984375,-5.483685,-22.873745,-18.525993,69.304543,-12.181691,-1.120097,11.493475,-7.051553,0.993096,-1.815994,19.684345,-41.264507,64.537910,7.390993,17.911192,-10.593208,-13.634546,-10.898131,43.232662,66.867073,-10.317584,-4.755137,-32.402744
684.000000,-1866.546021,1400.413574,76.759270,3.681716,-5.603688,153.223217,-5.856589,-8.724440,5.595683,21.800558,-10.715785,7.201973,-8.399053,-21.777288,-17.923931,69.055618,-14.050954,-1.238438,10.984911,-6.768191,1.047086,-2.277300,19.649309,-41.782768,64.571205,7.873236,17.909986,-10.192107,-13.698108,-10.650105,43.323429,67.402306,-10.503198,-4.641143,-30.987013
685.000000,-1867.754028,1400.856934,76.838219,3.588030,-5.727299,154.092029,-4.188533,-9.213202,4.645896,20.991547,-11.363851,7.375527,-11.103540,-20.432846,-17.755070,67.840523,-15.620469,-1.432477,10.402183,-6.445670,1.097510,-2.811569,19.593105,-41.912113,64.449562,8.237258,17.890835,-9.750001,-13.739171,-10.555974,43.375526,67.947639,-10.642515,-4.593966,-29.739799
686.000000,-1868.930664,1401.324585,76.908615,3.481254,-5.824566,154.785489,-2.597592,-9.511023,3.838095,20.207758,-11.983833,7.508888,-13.607095,-18.868256,-17.507936,65.820290,-16.773212,-1.693294,9.980261,-6.182184,1.143342,-3.349572,19.510672,-41.917294,64.295952,8.734498,17.739555,-9.202912,-13.746439,-10.546019,43.396965,68.580719,-10.664805,-4.582172,-28.677805
687.000000,-1870.087646,1401.804443,76.970459,3.337421,-5.901486,155.305491,-1.336615,-9.626513,3.301429,19.577007,-12.474707,7.573214,-15.422382,-17.501657,-17.212915,63.652313,-17.372488,-1.893697,9.678803,-5.983163,1.180184,-3.716152,19.398619,-41.913307,64.239502,9.127667,17.542431,-8.692211,-13.704698,-10.629297,43.394482,69.008751,-10.665265,-4.547271,-27.932627
688.000000,-1871.243530,1402.295898,77.013870,3.159648,-5.930465,155.686725,0.235498,-9.646507,2.719715,18.801250,-13.147186,7.617157,-17.627581,-15.750685,-16.929895,60.288307,-17.788733,-2.080128,9.324800,-5.702785,1.196052,-4.090081,19.220381,-41.908741,64.175926,9.521913,17.254864,-8.036915,-13.552431,-10.925992,43.386761,69.296593,-10.647195,-4.449562,-27.051346
689.000000,-1872.402954,1402.801758,77.036995,2.906788,-5.911691,156.325183,1.645801,-9.584869,2.038803,18.235579,-13.883006,7.637857,-19.468391,-14.259583,-17.128164,56.406403,-17.709396,-2.160691,8.709976,-5.400254,1.226028,-4.333657,19.025772,-41.908348,64.127197,9.968629,16.974205,-7.468868,-13.369666,-11.367503,43.322960,69.375168,-10.630144,-4.368215,-26.269701
690.000000,-1873.531738,1403.312744,77.033875,2.665568,-5.820642,157.084145,2.876498,-9.526928,1.143739,17.812313,-14.656600,7.637616,-20.985907,-12.966889,-17.541454,51.749889,-17.282778,-2.174726,7.727912,-5.137205,1.242562,-4.486231,18.833567,-41.913513,64.005989,10.586934,16.789511,-7.017373,-13.137833,-11.860670,43.132053,69.472252,-10.618644,-4.359986,-25.654932
691.000000,-1874.637085,1403.827148,77.008469,2.404610,-5.650708,157.827955,3.962613,-9.411813,0.240088,17.512388,-15.493817,7.637455,-22.268625,-11.628204,-17.738392,46.606094,-16.226467,-2.164630,6.736244,-4.877175,1.275846,-4.659912,18.612513,-41.926071,63.865456,11.072438,16.704397,-6.587059,-12.804337,-12.431706,42.918282,69.565681,-10.614607,-4.355628,-25.256079
692.000000,-1875.798462,1404.380859,76.967186,2.192937,-5.434171,158.641532,5.075532,-9.282634,-0.692495,17.085367,-16.293686,7.600474,-23.207747,-10.320623,-17.786240,40.718582,-14.482654,-2.034115,5.742898,-4.650552,1.303975,-4.735936,18.428019,-42.015873,63.528133,11.511317,16.644527,-6.077561,-12.292581,-13.054114,42.600929,69.687065,-10.628410,-4.354043,-25.056458
693.000000,-1876.983276,1404.957520,76.891319,2.121801,-5.186500,159.392554,6.300614,-9.264791,-1.601040,16.392426,-16.971340,7.557024,-24.047194,-9.272124,-17.539448,35.125225,-12.531227,-1.804798,4.751215,-4.565440,1.337059,-4.747231,18.289339,-42.222202,63.198105,11.821020,16.509823,-5.538233,-11.697030,-13.671630,42.288322,69.982780,-10.705849,-4.346258,-24.992348
694.000000,-1878.203979,1405.554810,76.779503,2.072595,-4.961272,160.101353,7.569912,-9.232348,-2.447098,15.687738,-17.667274,7.501916,-24.684311,-8.489617,-17.327423,30.104092,-10.570510,-1.529991,3.874750,-4.478039,1.393155,-4.751177,18.186920,-42.585258,63.011395,12.197321,16.404869,-5.063088,-11.028728,-14.307216,42.058949,70.427513,-10.948782,-4.259844,-24.983078
695.000000,-1879.431885,1406.167480,76.627930,2.035119,-4.740206,160.906578,8.554892,-9.174683,-3.157269,15.256678,-18.312140,7.424310,-25.037678,-8.048703,-17.201576,26.493841,-9.059224,-1.339768,3.174851,-4.381516,1.438866,-4.716335,18.196831,-43.003147,62.995255,12.589721,16.397047,-4.716672,-10.416998,-14.813495,41.865971,70.791496,-11.212973,-4.086905,-24.980848
696.000000,-1880.737915,1406.828369,76.427299,2.030052,-4.505769,161.917355,9.643995,-9.133819,-4.160763,14.896378,-19.136322,7.317179,-25.320917,-7.791570,-16.908924,22.693419,-7.464736,-1.156926,2.284650,-4.303228,1.484285,-4.704045,18.201450,-43.235001,62.930504,12.689054,16.381802,-4.322288,-9.572414,-15.413972,41.643562,71.193954,-11.412098,-3.816202,-24.980886
697.000000,-1882.094360,1407.526733,76.173645,2.085224,-4.191896,162.784018,10.922194,-9.056505,-5.250748,14.517141,-20.223045,7.217577,-25.656118,-7.644794,-16.198488,19.049818,-5.966870,-1.023235,1.493917,-4.213083,1.465686,-4.697788,18.234463,-43.371284,62.619576,12.800120,16.304901,-3.917068,-8.345236,-16.134426,41.568447,71.636757,-11.435836,-3.417172,-24.967392
698.000000,-1883.456177,1408.242065,75.875397,2.138954,-3.842227,163.447949,12.070058,-8.905025,-5.972579,14.205837,-21.337547,7.139151,-26.031160,-7.486453,-14.955602,16.875612,-4.962913,-1.011889,1.083103,-4.112831,1.380449,-4.658352,18.320309,-43.430180,62.338062,13.061834,16.160118,-3.586744,-7.082197,-16.697689,41.546455,71.953865,-11.423515,-3.022222,-24.907879
699.000000,-1884.868286,1408.992920,75.521301,2.081353,-3.431238,163.959548,13.060574,-8.567516,-6.460741,14.219200,-22.724131,7.018533,-26.466364,-7.183001,-13.335841,16.186699,-4.096271,-1.249370,0.798591,-3.852039,1.219125,-4.562639,18.338812,-43.269249,62.218361,13.143750,15.927333,-3.299526,-5.846227,-17.058140,41.488808,72.448120,-11.409229,-2.687191,-24.770470
700.000000,-1886.317261,1409.760742,75.157036,1.630251,-2.911749,164.339106,13.747787,-7.802422,-6.779495,14.776333,-24.502266,6.769355,-27.078878,-6.621283,-12.553410,17.507977,-1.933781,-2.535949,0.469740,-3.165309,0.982128,-4.375000,18.324108,-43.161755,62.195065,13.234804,15.670583,-3.117010,-4.732454,-17.242384,41.403507,73.047516,-11.325196,-2.344740,-24.482845
701.000000,-1887.714722,1410.494873,74.885475,0.832899,-2.451520,164.748149,14.365960,-6.520715,-6.974792,15.492113,-26.185326,6.429105,-27.441141,-5.582833,-12.439940,19.492435,0.205553,-4.453557,-0.073431,-1.996990,0.890462,-4.115305,18.274908,-43.110516,62.195324,13.322542,15.409724,-3.037048,-3.826577,-17.287493,41.214649,73.662392,-11.252177,-2.078550,-24.067675
702.000000,-1889.139038,1411.236206,74.726555,0.027378,-2.000377,165.054649,14.858920,-5.426870,-6.799634,15.903328,-26.969908,6.017356,-27.616276,-4.919465,-12.730845,21.007370,1.289351,-4.624945,-0.413467,-1.068242,0.839893,-3.935376,18.187529,-43.031147,62.280327,13.390615,15.159170,-3.023190,-3.090871,-17.244730,41.019417,74.145729,-11.239045,-1.930871,-23.667049
703.000000,-1890.550293,1411.991943,74.680634,-0.617192,-1.611126,165.226718,15.503530,-4.123384,-6.275458,16.478264,-27.149509,5.284297,-27.609833,-4.176259,-13.161393,22.828064,1.746114,-4.558868,-0.609975,-0.110963,0.761923,-3.710483,18.073736,-42.882797,62.549026,13.490973,14.788932,-3.014988,-1.986798,-17.025316,40.784660,74.725769,-11.227977,-1.720103,-23.039040
704.000000,-1891.979980,1412.775513,74.704987,-1.192193,-1.319629,165.332489,16.095173,-2.921810,-5.685011,17.266151,-26.662407,4.457893,-27.307594,-3.336215,-13.387739,24.318884,1.545654,-4.568324,-0.715450,0.628708,0.584612,-3.405938,17.993948,-42.727306,62.937206,13.574715,14.509726,-3.009387,-0.770270,-16.631001,40.532688,75.158203,-11.223528,-1.451374,-22.316294
705.000000,-1893.452271,1413.571167,74.771187,-1.865265,-1.196333,165.484375,16.660109,-1.617845,-5.013514,18.510279,-25.769581,3.564772,-26.527870,-2.308103,-13.613347,25.393332,1.072045,-4.693475,-0.870954,1.414637,0.399238,-3.054780,17.864912,-42.636906,63.431576,13.699820,14.360583,-3.005611,0.496272,-16.164003,40.291462,75.497215,-11.228827,-1.193181,-21.512707
706.000000,-1894.957764,1414.346802,74.849617,-2.711425,-1.215160,165.581943,17.127092,-0.109439,-4.116119,20.306362,-24.692093,2.560585,-25.231123,-1.086139,-14.029271,25.869793,0.659573,-4.934146,-0.970973,2.434167,0.221928,-2.722649,17.611891,-42.622932,63.976658,13.708681,14.276937,-3.001892,1.802933,-15.847286,40.252068,75.647087,-11.183050,-1.013556,-20.620888
707.000000,-1896.444336,1415.080078,74.976173,-3.679424,-1.306643,165.482457,17.485584,1.519311,-3.140429,22.370249,-23.189753,1.612131,-23.829468,0.285994,-14.600910,26.373682,-1.222935,-5.219086,-0.991828,3.729669,0.115937,-2.397169,17.232574,-42.615501,64.513771,13.641883,14.167023,-2.991503,2.874063,-15.652153,40.249023,75.690216,-11.122359,-0.818944,-19.647104
708.000000,-1897.828247,1415.788940,75.135880,-4.407799,-1.329693,165.683512,17.362949,2.943853,-2.296676,24.874556,-21.015535,0.920019,-22.351501,1.333405,-15.252522,26.581751,-3.057925,-5.472922,-1.380519,4.784327,0.098339,-2.122361,16.943487,-42.559177,64.824867,13.583748,14.085872,-2.989793,3.652398,-15.428133,40.241863,75.590569,-11.105902,-0.613733,-18.703270
709.000000,-1899.184814,1416.517822,75.334175,-4.844552,-1.391146,166.055307,16.737415,4.029511,-1.773407,27.977297,-18.090464,0.209894,-20.777655,1.997368,-15.845765,26.558212,-4.656096,-5.602267,-1.953620,5.444282,0.207162,-1.995364,16.747150,-42.355831,64.900475,13.607224,14.020355,-2.986493,4.271361,-15.168753,40.131653,75.404213,-11.105594,-0.534825,-17.833464
710.000000,-1900.519043,1417.252808,75.575897,-5.041997,-1.469023,166.379031,15.585408,4.861209,-1.232951,31.699636,-14.002983,-0.540544,-19.051979,2.514056,-16.216370,26.166204,-5.978920,-5.666995,-2.479678,5.792350,0.290723,-1.943590,16.553581,-42.025696,64.961342,13.703808,13.897914,-2.939973,4.777708,-14.920731,39.905441,75.227448,-11.114358,-0.525264,-16.999905
711.000000,-1901.810791,1417.975830,75.833733,-5.046416,-1.502135,166.473644,14.295891,5.396729,-0.683913,34.855240,-9.970229,-1.416969,-17.739876,2.883200,-16.304792,25.654888,-6.810524,-5.716437,-2.751650,5.888942,0.232518,-1.916276,16.432487,-41.780941,64.994553,13.795865,13.780766,-2.893830,5.099057,-14.814672,39.736221,74.999321,-11.179985,-0.505311,-16.384989
712.000000,-1903.024048,1418.637085,76.062881,-5.015906,-1.597734,166.481813,12.234022,5.993022,0.034046,39.199352,-3.740872,-3.058494,-15.995083,3.375230,-16.236908,24.851292,-7.737784,-5.765028,-2.973177,5.943357,0.215880,-1.946755,16.310904,-41.482006,64.997520,13.885353,13.573587,-2.831198,5.356571,-14.880031,39.505760,74.505646,-11.339419,-0.491074,-15.653760
713.000000,-1904.167725,1419.213135,76.233719,-5.145625,-1.818647,166.546383,9.653568,6.491316,0.541090,43.977608,0.642112,-4.514525,-14.183826,3.932939,-16.215242,23.940802,-8.519618,-5.780659,-3.197205,6.184587,0.373789,-2.150390,16.127535,-41.261177,65.001556,13.935866,13.340579,-2.738171,5.368170,-15.206840,39.170528,73.930214,-11.485336,-0.487288,-15.084206
714.000000,-1905.244263,1419.728394,76.358940,-5.249008,-2.214188,166.362969,6.889244,6.951739,1.240762,49.399506,1.557364,-4.948333,-12.340503,4.556787,-16.000303,23.078760,-9.207885,-5.783038,-3.069422,6.439572,0.662596,-2.516455,15.919591,-41.184189,65.072662,13.959385,13.078125,-2.570843,5.208154,-15.623384,38.948486,73.465538,-11.583817,-0.468877,-14.672328
715.000000,-1906.252075,1420.200928,76.464058,-5.275019,-2.572408,166.161337,3.928119,7.379810,1.990414,54.999893,0.923909,-4.689263,-10.526639,5.115600,-15.605918,22.312763,-9.902641,-5.772383,-2.684639,6.531058,0.846727,-2.896229,15.659686,-41.106552,65.338409,14.120397,12.781052,-2.271739,4.939744,-15.998152,38.818989,73.118820,-11.603040,-0.404477,-14.277219
716.000000,-1907.272095,1420.672607,76.578178,-5.190172,-2.874771,166.099875,0.870731,7.867787,2.640891,59.803501,-0.490897,-4.027549,-8.824399,5.449900,-15.337508,21.571390,-10.586957,-5.768752,-2.537843,6.423693,0.819658,-3.106811,15.351210,-40.831223,65.748962,14.613111,12.505883,-1.894649,4.566710,-16.224768,38.471962,72.946472,-11.729994,-0.353206,-13.873129
717.000000,-1908.260376,1421.115723,76.697678,-4.918328,-3.200175,165.858044,-1.930048,8.267550,3.386029,63.334106,-2.210873,-3.327175,-7.201512,5.581660,-14.893356,20.973734,-11.281224,-5.739455,-2.295427,6.073192,0.767676,-3.159459,15.081566,-40.329647,66.050072,15.166935,12.241672,-1.510571,4.117836,-16.342562,38.026321,72.920326,-11.976972,-0.319526,-13.539112
718.000000,-1909.200684,1421.509399,76.817581,-4.684264,-3.528247,165.778630,-4.585005,8.744708,3.973636,65.791809,-4.259294,-2.699005,-5.501286,5.632761,-14.524436,20.206602,-11.850635,-5.660298,-2.064763,5.701667,0.775536,-3.200714,14.828134,-39.718864,66.319199,15.564524,11.889441,-1.135059,3.632149,-16.482328,37.736004,72.910263,-12.106378,-0.261691,-13.263685
719.000000,-1910.129150,1421.861206,76.939079,-4.423834,-3.841986,165.713528,-7.035059,9.264509,4.409301,67.056168,-6.434447,-2.175440,-3.811840,5.613085,-14.219315,19.311296,-12.299252,-5.523460,-1.843618,5.369628,0.833419,-3.243636,14.644661,-39.231392,66.477036,15.694815,11.515390,-0.804996,3.127228,-16.679321,37.512833,72.835831,-12.118213,-0.149186,-12.975189
720.000000,-1911.012695,1422.157471,77.049965,-4.145156,-4.058920,165.548045,-8.889606,9.685439,4.707131,67.344070,-8.185407,-1.815842,-2.589561,5.560524,-13.907577,18.599783,-12.596569,-5.375378,-1.602336,5.138762,0.869870,-3.253779,14.591607,-38.933075,66.475662,15.696556,11.232841,-0.568549,2.694604,-16.877966,37.324932,72.650551,-12.119286,0.011165,-12.777613
721.000000,-1911.872803,1422.395264,77.137451,-3.916410,-4.210718,165.260750,-11.177711,10.198525,4.881558,66.983742,-10.433156,-1.455071,-1.159555,5.503061,-13.431655,17.711330,-12.932875,-5.148334,-1.083653,4.972085,0.898980,-3.399320,14.690624,-38.180019,66.333725,15.495282,10.904580,0.029307,2.134723,-17.208675,37.231628,72.294731,-12.107619,0.243426,-12.612722
722.000000,-1912.731567,1422.588257,77.211830,-3.640869,-4.270203,164.947388,-13.392961,10.562503,4.871541,65.804375,-12.517094,-1.244481,0.051349,5.360246,-12.903015,16.984541,-13.307094,-4.877319,-0.512950,4.878187,0.901094,-3.762231,14.970775,-37.558903,66.259682,15.192589,10.617632,0.641732,1.455660,-17.553976,37.218704,71.966301,-12.083699,0.438264,-12.486094
723.000000,-1913.578247,1422.742432,77.292892,-3.237976,-4.178995,164.742813,-15.580598,10.680491,4.889399,63.644691,-14.209115,-1.190721,0.972770,4.947618,-12.498945,16.502405,-13.769499,-4.548450,-0.307551,4.627623,0.892259,-3.982924,15.332372,-37.426945,66.045441,14.985260,10.553143,1.108800,0.587789,-17.812576,37.210739,71.558998,-12.077771,0.663239,-12.413058
724.000000,-1914.415039,1422.859131,77.382881,-2.724538,-4.104180,164.389706,-17.369791,10.691584,5.169050,60.553181,-15.439031,-1.190576,1.745691,4.391910,-11.987355,16.209396,-14.253621,-4.216069,-0.140703,4.244755,1.027807,-4.096228,15.660835,-37.413284,65.733849,14.787531,10.547053,1.500170,-0.361505,-18.006100,37.210644,71.037193,-12.072881,0.843712,-12.376075
725.000000,-1915.224121,1422.940430,77.464333,-2.251763,-3.963935,164.044280,-18.613363,10.657679,5.438835,57.490677,-15.952628,-1.234746,2.307656,3.919091,-11.556973,15.968749,-14.616577,-3.937657,-0.031628,3.896795,1.140469,-4.136428,15.824745,-37.393955,65.550461,14.667118,10.544989,1.799542,-1.113950,-18.124746,37.209427,70.548996,-12.077232,0.923720,-12.351417
726.000000,-1916.110229,1422.996094,77.530640,-1.842159,-3.697129,163.649414,-20.047049,10.543859,5.618466,52.992832,-16.054972,-1.368212,2.968034,3.369135,-11.021474,15.564836,-15.031920,-3.555097,0.192261,3.507119,1.155117,-4.146780,16.010626,-37.130539,65.289955,14.483581,10.549359,2.323660,-1.920127,-18.246437,37.178917,69.888123,-12.133540,0.951900,-12.341962
727.000000,-1917.037231,1423.024292,77.575676,-1.546489,-3.382705,163.390420,-21.250048,10.406951,5.759079,47.905666,-15.529761,-1.598473,3.676210,2.884252,-10.590712,14.954526,-15.379821,-3.130822,0.399157,3.184647,1.076132,-4.139969,16.166315,-36.959862,65.064438,14.438918,10.516544,2.663575,-2.539641,-18.310854,37.138466,69.246574,-12.276522,0.956247,-12.345758
728.000000,-1918.009521,1423.019409,77.588356,-1.344318,-3.080101,163.255729,-22.142141,10.239509,5.875085,42.261822,-14.263338,-1.887709,4.515572,2.462758,-10.352225,14.161337,-15.687058,-2.658669,0.515846,2.951555,0.991158,-4.149821,16.242744,-36.838287,64.953918,14.356442,10.456906,2.932521,-3.001131,-18.337931,37.133682,68.690163,-12.384212,0.958253,-12.355188
729.000000,-1919.003540,1422.981567,77.563026,-1.185113,-2.782387,163.203309,-22.671850,9.985589,6.159710,36.276649,-12.159988,-2.219309,5.338863,2.007907,-10.222040,13.504366,-16.095867,-2.173013,0.651199,2.736936,0.890098,-4.176400,16.274597,-36.684757,64.918610,14.340603,10.352350,3.143044,-3.296569,-18.372591,37.125549,68.140648,-12.338805,1.004365,-12.362569
730.000000,-1920.058472,1422.894897,77.487495,-1.079105,-2.497160,163.131232,-23.020521,9.607763,6.444066,30.645315,-9.708761,-2.449392,6.081489,1.533404,-10.142551,13.148168,-16.681400,-1.653430,0.907693,2.573716,0.831438,-4.229003,16.199354,-36.510368,64.915726,14.482073,10.183661,3.340341,-3.403317,-18.529230,37.116047,67.328712,-12.244932,1.147348,-12.370420
731.000000,-1921.155518,1422.775879,77.365616,-1.005491,-2.270983,163.089058,-23.125643,9.072851,6.517101,25.587206,-7.343518,-2.528456,6.788934,1.029694,-10.098919,13.061927,-17.436041,-1.084925,1.153449,2.410038,0.836349,-4.245944,16.116352,-36.408382,64.915634,14.627262,9.933159,3.594044,-3.435410,-18.711863,37.075527,66.383194,-12.167200,1.321058,-12.401864
732.000000,-1922.303711,1422.635132,77.199135,-0.939951,-1.988435,163.082084,-23.119600,8.460118,6.451933,21.260735,-5.452837,-2.522947,7.367302,0.475809,-10.115011,13.245326,-18.367779,-0.482169,1.220016,2.187561,0.771553,-4.163031,16.098923,-36.392700,64.916908,14.699992,9.677496,3.831965,-3.447636,-18.809019,36.972641,65.476997,-12.088669,1.459955,-12.494765
733.000000,-1923.492676,1422.471680,76.990143,-0.885431,-1.747528,162.918759,-23.024954,8.156166,6.729143,18.701387,-4.412259,-2.394958,7.754692,0.016500,-10.048885,13.587797,-19.217592,0.011806,1.318652,1.984612,0.724509,-4.074756,16.099211,-36.315750,64.916771,14.720020,9.507723,4.029932,-3.427647,-18.859570,36.915707,64.809715,-12.007649,1.558010,-12.608400
734.000000,-1924.749023,1422.280273,76.737091,-0.800106,-1.583726,162.692700,-22.842215,7.914644,7.440423,16.847479,-3.367903,-2.045078,8.270830,-0.660504,-9.891645,14.237396,-20.465845,0.712038,1.534437,1.671002,0.693053,-3.964779,16.106979,-36.122864,64.915466,14.717819,9.328537,4.319062,-3.315902,-18.943548,36.905693,63.955059,-11.912726,1.714416,-12.741597
735.000000,-1926.063354,1422.094849,76.507065,-0.298785,-1.415792,162.459192,-22.654673,7.354159,8.280571,17.333471,-0.703896,-1.167947,8.745816,-1.816645,-9.733342,15.232019,-21.957033,1.536325,1.773635,0.949856,0.625067,-3.854851,16.229729,-35.923714,64.916412,14.696806,9.197985,4.678604,-3.090634,-18.940208,36.904690,63.133068,-11.872490,1.952321,-12.805015
736.000000,-1927.380737,1421.901978,76.318352,0.476148,-1.201567,162.172171,-22.460457,6.401182,9.199373,18.540401,0.906502,-0.610430,9.024096,-3.465483,-9.580118,16.518898,-23.465826,2.440542,2.031974,-0.165755,0.462286,-3.747264,16.449213,-35.776520,64.937813,14.695795,9.111362,5.040986,-2.875676,-18.802614,36.899769,62.548164,-11.876928,2.192555,-12.813807
737.000000,-1928.707886,1421.655396,76.176651,1.143241,-1.153133,161.894288,-22.255402,5.377598,9.853637,20.244473,0.862134,-0.111239,9.089334,-5.175421,-9.560286,18.451355,-24.582567,3.458510,2.211094,-1.082373,0.479785,-3.717949,16.639338,-35.724670,65.090172,14.902297,9.018657,5.265294,-2.870176,-18.634489,36.827145,62.379173,-12.022346,2.354571,-12.815829
738.000000,-1930.042114,1421.371216,76.095360,1.555034,-1.292205,161.667932,-21.857828,4.439719,10.164758,22.039589,0.132974,0.377147,8.988172,-6.702058,-9.557068,21.127428,-24.958223,4.521746,2.251009,-1.593679,0.614979,-3.615002,16.598251,-35.722500,65.417244,15.024010,8.937501,5.475520,-2.873152,-18.565899,36.775127,62.395550,-12.143209,2.547392,-12.816726
739.000000,-1931.423340,1421.093506,76.060493,1.935830,-1.600768,161.523629,-20.980024,3.375849,10.205256,23.170746,-0.286241,0.833823,8.695053,-8.194201,-9.538157,24.553507,-24.681843,5.509458,2.246328,-1.996435,0.735719,-3.402597,16.420273,-35.728294,65.853760,15.042963,8.921902,5.679049,-2.773652,-18.510960,36.773544,62.622906,-12.337795,2.791081,-12.814775
740.000000,-1932.768311,1420.890991,76.094994,2.531190,-1.931039,161.553266,-20.087259,2.430964,10.482214,23.848810,-1.464615,1.200579,8.190684,-9.588767,-9.570307,27.902031,-23.963037,6.162888,2.182861,-2.591355,0.723953,-3.238643,16.408516,-35.732975,66.269310,15.083113,8.956079,5.887318,-2.548767,-18.353321,36.757946,62.910122,-12.572037,3.051262,-12.815209
741.000000,-1934.125488,1420.729126,76.190971,3.160696,-2.176422,161.646178,-18.644379,1.145184,10.970981,24.093960,-3.086108,1.642216,7.219449,-11.459219,-9.450331,32.610580,-22.088289,6.952191,2.182184,-3.539137,0.603534,-2.946055,16.446785,-35.740871,66.607315,15.117380,9.016157,6.048654,-2.064099,-18.105141,36.628925,63.235970,-12.967634,3.442618,-12.817798
742.000000,-1935.476074,1420.596313,76.338303,3.573558,-2.423301,161.829682,-17.062798,-0.014265,11.233644,23.790272,-4.321488,2.054825,5.978776,-12.968394,-9.041080,37.328163,-18.903830,7.497119,2.162003,-4.346292,0.403824,-2.587659,16.588266,-35.802483,66.655502,15.276224,9.127507,6.324981,-1.473035,-17.838669,36.343781,63.535599,-13.601456,3.823954,-12.841374
743.000000,-1936.782227,1420.480347,76.519867,3.774322,-2.589060,161.922407,-15.414211,-0.898637,11.365978,23.156750,-5.254021,2.416384,4.498449,-14.027320,-8.328338,41.780670,-14.686241,7.203015,2.269265,-4.910160,0.199958,-2.262297,16.680964,-35.980892,66.652641,15.347060,9.147292,6.592694,-0.845994,-17.656145,36.235405,63.798275,-14.099021,4.142722,-12.883493
744.000000,-1937.998413,1420.381714,76.712029,3.904692,-2.706952,161.780744,-13.735977,-1.564469,11.554326,22.241507,-5.960779,2.722156,2.613871,-14.904087,-7.651614,46.020977,-9.966115,6.004028,2.497092,-5.340770,0.088172,-1.974052,16.743217,-36.076889,66.652664,15.385738,9.148080,6.984928,-0.361453,-17.473236,36.167191,64.068047,-14.364394,4.409364,-12.897422
745.000000,-1939.103149,1420.291870,76.889038,3.911959,-2.896748,161.671882,-12.091207,-2.074999,11.628786,21.304092,-6.562258,2.962024,0.403417,-15.530127,-7.376039,50.027020,-7.872957,4.817901,2.559780,-5.590954,0.238732,-1.794356,16.733671,-36.095268,66.722031,15.417095,9.134608,7.320503,-0.162846,-17.259886,36.107811,64.403206,-14.627093,4.632308,-12.897660
746.000000,-1940.115723,1420.215942,77.053200,3.714514,-3.072325,161.807217,-11.095138,-2.320963,11.488322,20.803885,-6.958920,3.088516,-1.182356,-15.836030,-7.641634,52.526493,-8.270828,4.198796,2.425912,-5.588590,0.435256,-1.746633,16.669758,-36.136551,66.833824,15.483599,9.129397,7.539760,-0.086899,-17.109295,35.994865,64.603378,-14.853487,4.798819,-12.882748
747.000000,-1941.069458,1420.161987,77.217018,3.325862,-3.142797,162.110771,-9.826776,-2.488373,11.006593,20.270802,-7.590041,3.225800,-3.719629,-16.155022,-8.720069,55.614239,-10.353826,3.510437,2.102662,-5.300282,0.746573,-1.722065,16.535391,-36.197659,66.930000,15.584784,9.112968,7.840672,0.103687,-16.861454,35.711643,64.786560,-15.261844,5.145953,-12.816825
748.000000,-1941.975342,1420.139526,77.381882,2.897446,-3.139372,162.303585,-8.858460,-2.442615,10.571074,19.860212,-8.153607,3.359056,-6.126094,-16.180689,-9.735505,57.359257,-12.494021,3.021457,1.974646,-4.879557,0.984939,-1.744421,16.410816,-36.211460,66.943596,15.634300,9.015800,8.053453,0.322358,-16.628443,35.566490,64.918472,-15.574303,5.463901,-12.655669
749.000000,-1942.870483,1420.155151,77.534691,2.448269,-3.001732,162.525895,-8.046478,-2.325900,10.170356,19.487638,-8.729081,3.546075,-8.537830,-15.849296,-10.427873,57.811741,-14.223927,2.597266,1.899055,-4.423681,1.059362,-1.692647,16.315287,-36.210281,66.907837,15.653674,8.839120,8.155632,0.576670,-16.350988,35.412270,65.141853,-15.700954,5.662568,-12.412368
750.000000,-1943.738037,1420.217285,77.657959,2.160253,-2.887799,162.707991,-7.192380,-2.314245,9.809354,18.994896,-9.232562,3.681529,-10.846519,-15.394803,-10.966922,57.242161,-15.576594,2.259882,1.854396,-4.115247,1.085499,-1.631098,16.263577,-36.211807,66.861526,15.662506,8.658797,8.167520,0.863507,-16.060131,35.384758,65.358582,-15.735112,5.849010,-12.052294
751.000000,-1944.587891,1420.318115,77.749809,1.916480,-2.778176,163.039442,-6.637720,-2.347392,9.511914,18.701363,-9.574738,3.737198,-12.286522,-15.033225,-11.376389,56.332710,-16.243301,2.027000,1.744753,-3.951838,1.089368,-1.590760,16.231499,-36.226788,66.845978,15.663457,8.576924,8.168630,1.062032,-15.871885,35.382835,65.450752,-15.746020,5.991365,-11.749907
752.000000,-1945.441040,1420.464478,77.811279,1.716665,-2.661359,163.440442,-5.834727,-2.418483,8.947399,18.371183,-10.183818,3.784908,-14.466951,-14.258121,-12.011440,54.019341,-16.923647,1.659428,1.367832,-3.747057,1.048433,-1.439061,16.219923,-36.307358,66.778091,15.671184,8.558125,8.193438,1.270507,-15.627351,34.979443,65.476707,-15.621070,6.177757,-11.583957
753.000000,-1946.285278,1420.651855,77.842751,1.561588,-2.525998,163.973418,-5.207633,-2.515354,8.348933,18.229357,-10.795002,3.806107,-16.227669,-13.486014,-12.624499,51.367233,-17.050421,1.341838,0.827757,-3.649547,0.958375,-1.190459,16.279146,-36.445438,66.661125,15.666756,8.604647,8.196593,1.188082,-15.598145,34.303131,65.429543,-15.549983,6.368352,-11.542806
754.000000,-1947.116699,1420.881836,77.865532,1.440030,-2.451584,164.530589,-4.538214,-2.622165,7.687191,18.056316,-11.399975,3.804838,-17.804672,-12.694416,-13.234107,48.416836,-16.742920,1.068339,0.281167,-3.553502,0.898580,-0.931524,16.370644,-36.637463,66.502167,15.580865,8.650640,8.134647,1.092643,-15.565872,33.823219,65.427811,-15.535915,6.581459,-11.232749
755.000000,-1947.973267,1421.163696,77.888596,1.343485,-2.443927,165.015414,-3.635331,-2.693191,7.064390,17.704597,-11.990939,3.774054,-19.221207,-11.581854,-13.364638,44.829193,-15.758919,0.821811,-0.183018,-3.449727,0.890794,-0.605067,16.508251,-36.861988,66.259850,15.534117,8.720097,7.990360,1.096087,-15.439297,33.421925,65.446205,-15.531207,6.771332,-11.017330
756.000000,-1948.839600,1421.461670,77.905098,1.303191,-2.480195,165.383754,-2.640503,-2.755239,6.605546,17.219000,-12.482451,3.706214,-20.350912,-10.614805,-13.366547,41.351509,-14.477821,0.638980,-0.471931,-3.327485,0.896510,-0.309484,16.567835,-37.005512,66.031258,15.542785,8.787948,7.754209,1.194882,-15.326204,33.215096,65.460518,-15.523346,6.888114,-10.874344
757.000000,-1949.743408,1421.785645,77.899811,1.335157,-2.524712,165.722906,-1.321939,-2.878997,6.136309,16.499277,-13.046982,3.596795,-21.639811,-9.706880,-13.341062,37.282444,-12.758766,0.519963,-0.690889,-3.148927,0.873679,0.058722,16.582502,-37.112370,65.706512,15.604143,8.961211,7.559967,1.434785,-15.228418,33.072292,65.469208,-15.513326,6.930562,-10.733955
758.000000,-1950.664307,1422.141602,77.861343,1.501982,-2.498076,165.988584,-0.362345,-3.039646,5.866408,15.887164,-13.420153,3.505131,-22.549911,-9.294000,-13.313358,34.372711,-11.254934,0.505321,-0.756488,-3.085957,0.816893,0.323461,16.629992,-37.136753,65.390114,15.623791,9.118894,7.408050,1.634474,-15.138680,33.045559,65.529099,-15.507008,6.934039,-10.658863
759.000000,-1951.622070,1422.545898,77.772942,1.756098,-2.477367,166.263474,0.843033,-3.291246,5.593955,15.192548,-13.982356,3.372254,-23.773964,-9.023040,-13.297907,30.777132,-9.454134,0.516154,-0.817621,-3.088995,0.823406,0.548478,16.742023,-37.201916,65.104622,15.611226,9.275331,7.204453,1.785325,-14.966426,33.029369,65.701797,-15.464386,6.934344,-10.538175
760.000000,-1952.611938,1422.993408,77.639168,2.039528,-2.496082,166.671389,1.986093,-3.559773,5.232644,14.761542,-14.700549,3.252314,-24.883936,-8.972924,-13.108543,27.313881,-7.926337,0.643765,-1.025907,-3.119972,0.955825,0.670572,16.917591,-37.278271,64.807983,15.560502,9.394160,6.849254,1.830346,-14.778744,32.935234,65.871666,-15.387158,6.932453,-10.388201
761.000000,-1953.641479,1423.480835,77.479103,2.348152,-2.557612,167.278489,3.027198,-3.812612,4.717158,14.466746,-15.396570,3.135092,-25.667023,-9.116835,-12.798654,24.293756,-6.758517,0.903170,-1.368399,-3.158061,1.112732,0.770779,17.070915,-37.319092,64.517105,15.544941,9.506519,6.570987,1.894362,-14.586211,32.724396,66.020370,-15.377349,6.918492,-10.299601
762.000000,-1954.779785,1424.040894,77.281952,2.692065,-2.682350,168.020214,4.460036,-4.150102,3.910703,14.073618,-16.325279,2.962474,-26.255487,-9.618544,-12.521194,20.569193,-5.582160,1.311046,-1.779141,-3.281609,1.247884,0.859704,17.178692,-37.328896,64.311996,15.539018,9.716531,6.362800,2.112989,-14.366061,32.513508,66.268677,-15.295198,6.832960,-10.222630
763.000000,-1955.945435,1424.629028,77.058151,3.004806,-2.773625,168.689064,5.807992,-4.334272,3.244678,13.816625,-17.317926,2.722449,-26.513451,-10.219008,-12.351214,17.666065,-4.787994,1.595012,-2.010778,-3.408745,1.249082,0.921747,17.230185,-37.330994,64.216042,15.545701,10.002623,6.174753,2.349919,-14.130856,32.351048,66.773911,-15.112996,6.691569,-10.147800
764.000000,-1957.197388,1425.280640,76.787033,3.318915,-2.796986,169.218034,7.135206,-4.389253,2.747613,13.633396,-18.411224,2.397298,-26.797487,-10.782331,-12.022220,15.616593,-4.270887,1.754352,-2.133748,-3.527739,1.137252,1.088375,17.301689,-37.329967,64.041580,15.577229,10.338449,6.018096,2.518779,-13.832614,32.081100,67.484489,-14.876516,6.559332,-10.067101
765.000000,-1958.501953,1425.982422,76.476814,3.564325,-2.886552,169.650041,8.558304,-4.300054,2.310902,13.537524,-19.628778,2.011225,-26.982178,-11.085521,-11.104490,14.442618,-3.893556,1.809377,-2.228589,-3.603747,1.098666,1.342148,17.418989,-37.277889,63.723618,15.589281,10.685654,5.846226,2.611892,-13.526188,31.792271,68.266029,-14.482657,6.434534,-10.031116
766.000000,-1959.927734,1426.766968,76.119789,3.701129,-2.932787,170.059955,9.550475,-4.115286,2.019623,13.537967,-20.554092,1.694576,-27.054337,-11.163431,-10.316212,14.226529,-3.650526,1.783844,-2.288847,-3.602540,1.054043,1.556989,17.483213,-37.142067,63.500977,15.594924,10.911265,5.735603,2.715262,-13.349284,31.663406,68.763313,-14.069183,6.367731,-10.026680
767.000000,-1961.412109,1427.596191,75.740265,3.629601,-2.813346,170.524233,10.946157,-3.503562,1.562094,13.765649,-22.231228,1.072404,-27.204231,-11.160210,-9.498994,14.989761,-3.196789,1.534119,-2.328693,-3.415597,0.799005,1.927516,17.493355,-36.752308,63.227959,15.687767,11.251199,5.625781,3.067721,-13.157563,31.596331,69.376945,-13.202305,6.317255,-10.020483
768.000000,-1962.947266,1428.453491,75.367668,3.162631,-2.587943,170.852176,12.031497,-2.412542,1.206380,14.253232,-24.002983,0.406866,-27.562006,-10.784479,-9.405264,17.194763,-1.972928,0.522681,-2.383097,-2.811774,0.485736,2.287179,17.377363,-36.387428,63.095905,16.014095,11.548117,5.593474,3.428414,-13.080129,31.524321,69.796692,-12.499867,6.313658,-9.990683
769.000000,-1964.501221,1429.298950,75.063744,2.104934,-2.471765,171.450422,13.016100,-0.601897,0.743223,15.117098,-25.918232,-0.160261,-27.966724,-9.938676,-10.163547,20.527679,-0.041230,-0.650879,-2.715950,-1.480770,0.528183,2.552863,17.000271,-35.944199,63.089115,16.526300,11.838140,5.584241,3.496363,-13.087701,31.438400,70.338852,-12.141084,6.307858,-9.967563
770.000000,-1966.059448,1430.126953,74.823883,0.819382,-2.198742,172.126592,13.834029,1.546842,0.162861,15.966842,-27.679653,-0.163231,-28.129066,-8.934261,-11.405608,23.676973,0.348614,-1.166971,-3.134820,0.149288,0.502783,2.707339,16.498951,-35.529610,63.217934,17.005882,12.042985,5.560571,3.622448,-13.085168,31.316944,71.011032,-11.891121,6.234175,-9.960334
771.000000,-1967.613647,1430.974243,74.614204,-0.359056,-1.765309,172.628353,14.360996,3.454075,0.045458,16.683157,-28.847624,-0.032700,-28.292250,-7.814204,-12.198800,26.164059,-0.289658,-1.413648,-3.309388,1.466228,0.306577,2.736850,16.104334,-35.336361,63.517525,17.336880,12.107252,5.548263,3.854156,-13.019614,31.103403,71.587486,-11.796219,6.136281,-9.953323
772.000000,-1969.097656,1431.805664,74.453941,-1.234985,-1.469034,172.973962,14.770164,5.608577,0.922155,18.235104,-29.393879,-0.680205,-28.235083,-6.385129,-12.632001,28.683720,-1.156871,-1.595855,-3.369055,2.550682,0.223938,2.623040,15.759983,-35.288445,64.128532,17.650497,12.117805,5.544022,4.010740,-13.074447,30.888651,72.237762,-11.796924,6.092698,-10.007578
773.000000,-1970.562378,1432.642090,74.402565,-2.062937,-1.444123,173.230028,14.668552,7.521398,1.835647,21.143301,-28.874176,-2.327420,-27.526031,-4.863120,-12.748624,30.118370,-2.085232,-1.836511,-3.300072,3.262366,0.352771,2.478524,15.513991,-35.282742,64.855301,17.868607,12.127051,5.521689,4.125962,-13.185906,30.853834,72.765427,-11.793623,6.086251,-10.006287
774.000000,-1972.021729,1433.471802,74.455849,-2.737094,-1.546168,173.399291,14.050351,9.152967,1.910057,25.197134,-27.239054,-4.173056,-26.364546,-3.308136,-12.740283,30.852249,-2.902759,-2.178315,-3.214699,3.737228,0.372146,2.507874,15.348324,-35.281513,65.527824,18.087839,12.238373,5.426023,4.398903,-13.172725,30.849899,73.159500,-11.786261,6.083638,-9.939178
775.000000,-1973.494141,1434.243652,74.612167,-3.413453,-1.782143,173.205655,13.301236,10.310147,1.704403,29.042768,-24.974218,-5.454132,-25.186518,-2.097747,-12.865075,31.182985,-4.228801,-2.573784,-3.042326,4.164997,0.313680,2.641829,15.119793,-35.282673,66.025841,18.344000,12.432889,5.336469,4.654867,-13.175622,30.850071,73.397781,-11.778834,6.085973,-9.843307
776.000000,-1975.017212,1434.981567,74.857323,-4.049014,-2.032421,172.788431,12.164532,11.504747,1.389034,33.958565,-21.046362,-6.544050,-23.472876,-0.644875,-13.031826,30.957451,-5.660197,-3.000240,-2.777459,4.728350,0.105150,2.926493,14.724056,-35.286007,66.580688,18.728184,12.745403,5.224174,4.948271,-13.198852,30.853567,73.614532,-11.768786,6.106057,-9.729546
777.000000,-1976.571045,1435.706665,75.162354,-4.524631,-2.329296,172.340705,10.348957,12.706814,1.158301,40.000099,-14.126507,-6.985314,-21.046841,0.962319,-13.111773,29.969011,-6.939405,-3.451050,-2.562897,5.287596,-0.264853,3.299643,14.176851,-35.249878,67.095871,19.301722,13.157064,5.034156,5.345307,-13.227791,30.868874,73.639816,-11.720043,6.117882,-9.693495
778.000000,-1978.031494,1436.359497,75.450768,-4.961720,-2.757700,172.107215,8.374017,13.608655,0.951802,45.065727,-5.309783,-6.130034,-18.540756,2.245054,-13.154686,28.716061,-7.882258,-3.807216,-2.372285,5.723406,-0.429105,3.410177,13.661642,-35.174198,67.386368,19.844902,13.463539,4.812690,5.620114,-13.318458,31.035645,73.584633,-11.635848,6.114959,-9.686721
779.000000,-1979.406494,1436.966064,75.707939,-5.131471,-3.258287,172.000639,5.937565,14.006494,0.530075,50.481773,-0.327739,-5.028981,-16.076895,3.164258,-13.115947,27.592552,-8.784151,-4.087748,-2.044215,5.922622,-0.291456,3.157412,13.219207,-35.036129,67.467972,20.363527,13.637568,4.570286,5.661902,-13.499919,31.511637,73.422203,-11.609393,6.118937,-9.680676
780.000000,-1980.680664,1437.495361,75.924530,-5.319050,-3.912014,172.102807,2.937402,14.209087,0.571382,55.996326,0.714544,-4.027581,-13.525405,3.891423,-13.084573,26.457918,-9.600666,-4.273254,-1.582951,6.046102,0.199976,2.545997,12.780864,-34.756832,67.477463,20.727573,13.667698,4.366719,5.521655,-13.810730,32.343792,73.312874,-11.627522,6.163642,-9.668497
781.000000,-1981.902710,1437.966675,76.102081,-5.396177,-4.509404,171.932276,0.103137,14.327869,1.143825,60.541168,0.159365,-3.180264,-11.393558,4.504910,-12.814633,25.532196,-10.267773,-4.354290,-0.868901,6.082536,0.620323,1.952662,12.407338,-34.492397,67.480629,20.864298,13.661975,4.244187,5.292721,-14.132919,32.910980,73.270370,-11.611003,6.182217,-9.567902
782.000000,-1983.143555,1438.410522,76.271133,-5.283714,-5.019727,171.597211,-3.410623,14.277823,2.202377,64.870834,-1.546336,-2.206551,-9.047475,5.026459,-12.262856,24.579195,-11.097347,-4.368419,0.046210,5.924800,0.945625,1.396384,12.052369,-33.984512,67.485390,20.911198,13.685782,4.228378,4.645573,-14.537903,33.253521,73.227501,-11.593496,6.139611,-9.438710
783.000000,-1984.332886,1438.795898,76.432022,-5.067331,-5.354354,171.249210,-5.844886,14.075133,2.869598,66.868187,-3.107318,-1.579038,-7.579588,5.233224,-11.865147,23.949936,-11.656466,-4.356011,0.740302,5.781493,0.989864,0.992666,12.065349,-33.314632,67.487762,21.038506,13.792267,4.341674,4.036103,-14.855181,33.378899,73.221703,-11.631661,6.097408,-9.406987
784.000000,-1985.514404,1439.128418,76.604637,-4.814032,-5.530195,171.105400,-9.015744,13.674939,3.575421,68.382973,-5.336303,-0.910188,-5.797839,5.314901,-11.436899,23.043383,-12.301644,-4.322748,1.506953,5.554150,0.953486,0.528828,12.159916,-32.651096,67.487122,21.372171,13.763629,4.304358,2.995502,-15.301113,33.468086,73.220139,-11.719491,6.044415,-9.393336
785.000000,-1986.646606,1439.393555,76.777214,-4.496888,-5.664969,170.884628,-12.128489,13.188049,4.293211,68.610664,-7.736736,-0.409363,-4.012054,5.262621,-11.021892,21.955250,-12.831263,-4.243861,2.129455,5.340855,0.974041,0.153825,12.183352,-32.063007,67.455421,21.699173,13.642118,4.209900,1.587114,-15.804860,33.398575,73.200195,-11.774910,5.966844,-9.412348
786.000000,-1987.817627,1439.618896,76.959236,-4.075440,-5.812894,170.489210,-14.551587,12.689195,5.124989,67.611046,-9.769457,-0.095786,-2.439453,5.121305,-10.460672,20.950447,-13.233989,-4.110130,2.743885,5.111862,1.097535,-0.063749,12.189066,-31.599459,67.274612,21.847792,13.538287,4.101928,0.101165,-16.234339,33.175163,73.039368,-12.083526,5.946365,-9.517385
787.000000,-1988.959717,1439.800903,77.119675,-3.641391,-5.973923,170.087264,-17.103191,12.040320,6.055220,65.368233,-11.910032,0.121946,-0.526703,4.857212,-9.724108,19.717556,-13.688585,-3.858238,3.418311,4.831918,1.367592,-0.219260,12.200492,-31.356789,66.933701,21.882526,13.394341,3.963422,-1.885241,-16.693127,32.958710,72.573982,-12.437358,5.913913,-9.802998
788.000000,-1990.126465,1439.982178,77.261368,-3.278705,-5.995849,169.772058,-19.101068,11.546825,6.750326,61.824562,-13.315251,0.170973,1.232900,4.607417,-9.183624,18.387159,-14.018759,-3.620756,4.029982,4.544918,1.465817,-0.348956,12.203665,-31.234051,66.767189,21.882303,13.156024,3.814105,-3.541451,-16.939781,32.917557,71.995842,-11.937451,5.781506,-10.204565
789.000000,-1991.344849,1440.168701,77.350410,-3.121980,-6.022974,169.578928,-20.806637,11.346475,7.190207,57.416447,-14.056162,0.128636,3.087061,4.570147,-8.791223,16.799511,-14.223255,-3.420709,4.693606,4.401404,1.507225,-0.493004,12.265671,-30.919113,66.636185,21.804472,12.931074,3.765005,-4.935248,-17.017469,32.916092,71.339478,-10.937760,5.545114,-10.565356
790.000000,-1992.577515,1440.351562,77.370132,-3.008015,-5.984610,169.427255,-21.967886,11.277969,7.481962,53.360588,-14.125654,-0.002718,4.463722,4.555689,-8.534835,15.694942,-14.483157,-3.254683,5.179745,4.279635,1.517716,-0.536836,12.370157,-30.772610,66.496536,21.587067,12.709515,3.716398,-5.924763,-16.945427,32.967968,70.725983,-10.010948,5.331517,-10.752896
791.000000,-1993.853760,1440.519287,77.324989,-2.920483,-5.943520,169.311119,-23.152590,11.147088,7.688755,48.165119,-13.603497,-0.276398,5.964606,4.511248,-8.299007,14.651532,-14.951873,-3.067330,5.720659,4.103191,1.544430,-0.533711,12.538825,-30.687605,66.249565,21.222052,12.412397,3.622366,-6.912506,-16.794197,33.123051,69.799103,-8.877934,5.074390,-10.846371
792.000000,-1995.201538,1440.652832,77.226822,-2.828423,-5.891136,169.070941,-24.217268,10.809210,7.636401,41.113506,-11.997506,-0.774093,7.697247,4.421071,-7.898774,13.706685,-15.754553,-2.804551,6.471027,3.897222,1.548715,-0.405948,12.691182,-30.671314,65.994293,20.932602,11.984940,3.482107,-7.919611,-16.506912,33.325375,68.558662,-7.571765,4.714614,-10.857697
793.000000,-1996.602051,1440.739014,77.073326,-2.810311,-5.690560,168.967908,-25.023462,10.331956,7.253651,34.715790,-10.038424,-1.221294,9.073484,4.295867,-7.607989,13.086572,-16.631414,-2.479421,6.935242,3.771451,1.361614,-0.086308,12.713778,-30.671846,65.860306,20.608557,11.633358,3.334594,-8.722506,-16.100752,33.396683,67.671867,-6.434767,4.361574,-10.849205
794.000000,-1998.030273,1440.780396,76.866714,-2.845587,-5.449912,169.006628,-25.772640,9.805250,6.827651,28.609291,-7.911642,-1.663743,10.365061,4.131774,-7.555359,12.599739,-17.616983,-2.072532,7.153249,3.701970,1.130220,0.290753,12.705131,-30.672337,65.684891,20.134289,11.332941,3.075457,-9.441174,-15.649199,33.488438,67.052582,-5.476779,4.000552,-10.807009
795.000000,-1999.542603,1440.773926,76.597992,-2.878988,-5.285925,168.916326,-26.322989,9.339125,6.381335,23.196449,-6.112197,-2.106803,11.636227,3.910873,-7.432770,12.422483,-18.804001,-1.630177,7.461226,3.685320,1.045821,0.647406,12.697782,-30.673223,65.427330,19.514370,11.044768,2.755673,-10.104473,-15.220077,33.562836,66.584991,-4.769262,3.752094,-10.739842
796.000000,-2001.053101,1440.731201,76.290909,-2.878205,-5.210391,168.800866,-26.636513,8.921906,5.893249,19.234491,-4.922020,-2.420381,12.816096,3.618259,-7.292664,12.454080,-20.007097,-1.206661,7.759302,3.646964,1.084310,0.922860,12.700518,-30.675249,65.285995,19.015997,10.758013,2.463693,-10.635942,-14.851648,33.646454,66.286774,-4.375713,3.627780,-10.660848
797.000000,-2002.660889,1440.655273,75.935852,-2.790629,-5.120717,168.671850,-26.862455,8.478866,5.379607,16.376127,-4.096736,-2.563929,13.910950,3.212140,-7.194160,12.617596,-21.248652,-0.770544,8.016485,3.517467,1.125389,1.119684,12.712303,-30.675894,65.276237,18.596926,10.534160,2.223868,-11.026919,-14.554953,33.757782,66.048882,-4.117846,3.579637,-10.567548
798.000000,-2004.352051,1440.555420,75.531700,-2.661820,-4.961497,168.487027,-27.129990,7.986020,4.810929,14.100362,-3.379964,-2.590429,15.133443,2.603266,-7.072323,12.913311,-22.789845,-0.218836,8.391181,3.242669,1.120024,1.228614,12.844093,-30.671129,65.306160,18.093378,10.385089,2.101763,-11.297440,-14.323751,33.978111,65.702835,-3.805922,3.574754,-10.486022
799.000000,-2006.069214,1440.421509,75.091682,-2.460108,-4.742256,168.228361,-27.472853,7.518475,4.212199,13.293347,-2.757285,-2.397235,16.256636,1.868669,-6.929529,13.316646,-24.391119,0.391110,8.844051,2.864975,1.074683,1.269096,13.120150,-30.661663,65.305740,17.608902,10.177428,1.974977,-11.413863,-14.178851,34.225986,65.440514,-3.483225,3.573177,-10.460583
800.000000,-2007.871460,1440.247437,74.604858,-2.146778,-4.452583,167.987140,-27.959764,6.921543,3.751625,14.512710,-2.035103,-1.895395,17.318077,0.879671,-6.914865,13.870788,-26.104681,1.108114,9.173133,2.327730,0.970400,1.411746,13.447741,-30.658566,65.304115,17.179525,9.907064,1.721535,-11.409136,-14.035395,34.387619,65.347878,-3.326351,3.576030,-10.433428
801.000000,-2009.731445,1440.030640,74.086449,-1.686988,-4.164294,167.810966,-28.478413,6.215059,3.689699,17.671368,-1.343374,-0.977636,18.285231,-0.256709,-7.291245,14.500295,-27.687256,1.883911,9.315618,1.739364,0.819166,1.660128,13.735263,-30.660690,65.306419,16.701107,9.658969,1.474804,-11.242449,-13.926420,34.471443,65.366241,-3.245655,3.585162,-10.426053
802.000000,-2011.566406,1439.814087,73.660934,-0.903431,-3.963208,167.698965,-29.536835,4.929735,4.052127,21.923840,2.137559,-0.011613,19.333038,-2.198543,-8.037187,15.706571,-29.340900,2.998716,9.416956,0.537736,0.912459,1.782335,14.218440,-30.661253,65.325783,16.322226,9.410109,1.287786,-10.911437,-13.730697,34.485283,65.530518,-3.153113,3.602082,-10.433545
803.000000,-2013.381226,1439.568359,73.412109,-0.398626,-3.970061,167.595232,-30.113731,4.056418,4.416739,25.760368,3.204788,0.311867,20.139727,-3.693148,-8.398445,17.344074,-29.576193,4.127616,9.551135,-0.190989,1.231803,1.826093,14.535057,-30.658047,65.515915,16.174828,9.168952,1.239215,-10.407451,-13.653110,34.485371,65.742661,-3.110754,3.638280,-10.514309
804.000000,-2015.204834,1439.307861,73.321709,-0.168208,-3.920480,167.558406,-30.351952,3.506049,4.524293,28.396320,2.828284,0.573007,20.530170,-4.592838,-8.653986,18.837957,-28.860407,4.982648,9.611424,-0.474265,1.216192,2.033668,14.589481,-30.656586,65.739090,16.051266,9.013278,1.203695,-9.746819,-13.646963,34.486294,65.941582,-3.025314,3.681480,-10.669119
805.000000,-2017.129883,1439.042969,73.345108,-0.098013,-3.895458,167.645266,-30.248163,2.746989,4.539484,31.400742,1.551215,1.016495,20.866978,-5.683918,-9.109699,21.259949,-26.902155,6.013465,9.600093,-0.697511,0.963762,2.568402,14.559937,-30.690561,65.983849,15.942175,8.874121,1.126041,-8.582245,-13.644304,34.539074,66.329155,-2.829872,3.757985,-10.988283
806.000000,-2019.023193,1438.818115,73.451927,-0.117920,-3.946111,167.853676,-29.708681,2.125771,4.446718,33.309616,0.629802,1.436832,21.023142,-6.498416,-9.705162,23.698156,-24.252739,6.881878,9.505508,-0.759182,0.579665,3.109041,14.496662,-30.814413,66.241287,15.872743,8.833735,1.042262,-7.430496,-13.632748,34.683884,66.830971,-2.579982,3.856887,-11.301509
807.000000,-2020.835693,1438.669434,73.678871,0.293658,-4.093876,168.052320,-28.536764,1.156304,4.768248,35.020992,-2.166844,1.999823,20.899052,-7.793542,-10.131005,27.123070,-20.329466,7.193649,9.420130,-1.376559,0.309472,3.415028,14.660418,-31.018015,66.677536,15.791511,8.827839,0.950089,-6.052301,-13.483083,34.846989,67.478973,-2.193472,3.968615,-11.661759
808.000000,-2022.521606,1438.550171,73.978271,0.828510,-4.198450,168.117667,-26.929575,0.186849,5.322368,35.401245,-4.304026,2.483041,20.133932,-9.228651,-10.241448,30.897028,-16.158344,6.821659,9.470744,-2.201658,0.168997,3.525975,14.848702,-31.306406,67.042801,15.756592,8.824349,0.856335,-4.967274,-13.354191,34.928261,68.097908,-2.035829,3.991733,-11.892923
809.000000,-2024.020752,1438.431396,74.321915,1.083763,-4.285363,167.986792,-25.225298,-0.457670,5.746439,35.160698,-5.827812,2.870170,18.353283,-10.323938,-10.238901,35.582714,-12.210106,6.149849,9.579193,-2.689518,0.168115,3.461495,15.023699,-31.586123,67.279778,15.597736,8.802886,0.761954,-4.281940,-13.355026,34.876743,68.693596,-2.032773,3.994370,-12.154767
810.000000,-2025.311646,1438.325439,74.690208,1.142101,-4.530802,167.880831,-23.322886,-0.876883,5.913252,34.484974,-6.857819,3.166345,15.922937,-10.963289,-10.474089,40.716335,-10.180335,5.580610,9.521110,-2.791771,0.492215,3.250971,15.155656,-31.883875,67.404610,15.365403,8.750274,0.733526,-4.064057,-13.448123,34.794811,69.314117,-2.042203,3.990384,-12.497153
811.000000,-2026.524414,1438.230225,75.082741,1.146973,-4.835132,167.890842,-21.742167,-1.207446,5.927048,33.650944,-7.371004,3.375534,13.835019,-11.440518,-10.892848,44.815262,-9.665393,5.210612,9.271547,-2.745773,0.757028,3.085994,15.263274,-32.376930,67.475060,15.198795,8.703781,0.729227,-4.033181,-13.575106,34.768650,69.760384,-2.079163,3.977946,-12.809855
812.000000,-2027.710205,1438.142700,75.481621,1.081662,-5.122893,168.079423,-19.663900,-1.663020,5.789076,32.354935,-7.834689,3.635055,11.235692,-12.135904,-11.710423,49.642933,-10.002256,4.818130,8.732103,-2.549783,0.936238,2.950031,15.375796,-33.139839,67.513031,14.858324,8.621318,0.722580,-3.941349,-13.824847,34.762993,70.272812,-2.160930,3.911785,-13.242701
813.000000,-2028.873291,1438.075562,75.878525,1.037129,-5.308891,168.254436,-17.640779,-2.090386,5.619442,30.855818,-8.122683,3.876986,8.837627,-12.939865,-12.499436,53.375431,-11.272979,4.538676,8.119587,-2.293571,0.847413,2.899755,15.437344,-33.901016,67.515350,14.625410,8.495518,0.688522,-3.691480,-14.147096,34.753407,70.723640,-2.286779,3.762449,-13.663017
814.000000,-2029.944824,1438.051880,76.248154,0.992469,-5.349419,168.442740,-15.733019,-2.469911,5.467465,29.142893,-8.234196,4.063649,6.586054,-13.714953,-12.995747,55.735210,-13.107604,4.401897,7.538923,-2.108328,0.532014,2.892868,15.549101,-34.559029,67.501831,14.673923,8.394836,0.568092,-3.263107,-14.478709,34.684631,71.073135,-2.545996,3.595224,-14.026757
815.000000,-2030.947876,1438.081787,76.606377,0.965119,-5.328175,168.574210,-13.904347,-2.768877,5.320233,27.236122,-8.173193,4.173635,4.398286,-14.292552,-13.148699,56.734585,-15.304044,4.383784,6.945689,-2.039758,0.232278,2.803169,15.782820,-34.898537,67.346550,14.682440,8.215837,0.335864,-2.769776,-14.804686,34.443310,71.194229,-2.807705,3.484842,-14.312102
816.000000,-2031.841064,1438.165894,76.927162,0.905276,-5.228756,168.597776,-12.423299,-2.881387,5.242726,25.570957,-8.059608,4.212350,2.432912,-14.663264,-13.212666,56.732815,-17.124887,4.418655,6.557417,-2.060492,0.088431,2.494507,16.038202,-34.971523,67.195251,14.673086,8.005195,0.135195,-2.382662,-15.072936,34.201759,71.201019,-2.958336,3.448138,-14.512547
817.000000,-2032.628662,1438.305908,77.213326,0.834586,-5.171420,168.595198,-11.104930,-2.895962,5.163348,24.080519,-7.909720,4.209015,0.859700,-14.952846,-13.506339,55.779701,-18.612135,4.499296,6.291914,-2.159652,0.162061,1.998097,16.302748,-34.984791,67.077751,14.623195,7.818449,-0.001167,-2.130229,-15.265479,34.044159,71.136261,-3.022528,3.508629,-14.617478
818.000000,-2033.344604,1438.500854,77.466393,0.713945,-5.131171,168.713772,-9.681490,-2.850484,4.976503,22.422916,-7.720777,4.160497,-0.756937,-15.194957,-14.158833,53.692623,-19.982645,4.571515,5.975601,-2.356748,0.352289,1.323843,16.661043,-35.014908,66.876312,14.529311,7.618637,-0.137881,-1.956700,-15.407509,33.970150,71.000938,-3.182519,3.638201,-14.659285
819.000000,-2034.009766,1438.746094,77.679947,0.566674,-5.074809,168.976297,-8.475785,-2.784561,4.576659,21.056910,-7.610230,4.069522,-2.167587,-15.136957,-14.889842,51.124477,-20.642376,4.545194,5.527811,-2.579335,0.582625,0.607044,16.990358,-35.061012,66.698471,14.489779,7.480901,-0.268813,-1.888847,-15.481384,33.967419,70.962181,-3.601326,3.701360,-14.675145
820.000000,-2034.636475,1439.021484,77.849060,0.415940,-4.939061,169.309813,-7.502005,-2.693950,4.089989,19.962736,-7.597804,3.940566,-3.573006,-14.780665,-15.531634,48.081371,-20.711823,4.381821,5.024772,-2.816764,0.713975,-0.076162,17.236694,-35.066662,66.569969,14.471118,7.384581,-0.333413,-1.796561,-15.575648,33.969048,70.922119,-4.029603,3.729471,-14.690744
821.000000,-2035.237549,1439.316284,77.981209,0.301324,-4.856050,169.581528,-6.762666,-2.581100,3.689780,19.223562,-7.681666,3.795132,-4.730955,-14.318386,-16.076418,45.040310,-20.476772,4.156570,4.623182,-2.989052,0.787715,-0.591504,17.364868,-35.068966,66.487137,14.448928,7.333690,-0.340361,-1.683359,-15.710580,33.967319,70.836212,-4.280090,3.778616,-14.725955
822.000000,-2035.821167,1439.627319,78.075073,0.305780,-4.847832,169.668031,-5.769810,-2.447705,3.407051,18.415543,-7.873011,3.569619,-6.019177,-13.633454,-16.491137,40.904800,-19.664669,3.832803,4.273451,-3.206343,0.861420,-0.934281,17.456236,-35.077244,66.300209,14.421457,7.291834,-0.330609,-1.567031,-15.850883,33.909389,70.756012,-4.693118,3.918059,-14.810812
823.000000,-2036.401001,1439.978394,78.145370,0.371131,-4.861440,169.621808,-4.820732,-2.329729,3.319382,17.718246,-8.113887,3.337313,-7.187014,-12.684065,-16.066849,37.238667,-18.498497,3.346265,4.094975,-3.410281,0.860375,-0.961908,17.506699,-35.121105,66.168365,14.409530,7.242438,-0.323399,-1.473790,-15.877184,33.839127,70.732407,-5.512987,4.074934,-15.001979
824.000000,-2036.978516,1440.363647,78.200195,0.453235,-4.932917,169.598419,-3.855487,-2.213741,3.189063,17.078749,-8.401999,3.089450,-8.303745,-11.701119,-15.586518,34.017536,-16.997414,2.803991,3.880999,-3.548652,0.857122,-0.887784,17.515873,-35.247894,66.149414,14.408075,7.236918,-0.349419,-1.362470,-15.860057,33.741196,70.757027,-6.403174,4.138918,-15.280807
825.000000,-2037.543335,1440.768921,78.229523,0.495982,-4.912277,169.739073,-3.139790,-2.068406,2.952714,16.742228,-8.819036,2.829905,-9.464688,-10.901463,-15.542048,31.063372,-15.017664,2.266703,3.479189,-3.572277,0.747252,-0.705367,17.532747,-35.533810,66.073677,14.404064,7.308331,-0.448854,-1.231854,-15.842229,33.609322,70.787834,-7.055624,4.148827,-15.626735
826.000000,-2038.087891,1441.192383,78.232536,0.546735,-4.931392,170.014853,-2.729827,-1.981188,2.710707,16.668167,-9.158600,2.636879,-10.170782,-10.462869,-15.635038,29.103315,-13.499273,1.952991,3.090248,-3.537997,0.727527,-0.595919,17.547466,-35.838196,66.004326,14.369884,7.390428,-0.567838,-1.148337,-15.838996,33.530888,70.808098,-7.392399,4.148493,-15.893083
827.000000,-2038.633545,1441.649780,78.205254,0.680473,-4.969765,170.303871,-2.112520,-1.889899,2.318223,16.688910,-9.780799,2.286119,-11.226305,-9.871321,-15.562245,25.928782,-11.071875,1.620298,2.488295,-3.477267,0.751400,-0.486058,17.567810,-36.406258,65.944405,14.236988,7.575763,-0.789390,-0.948572,-15.834522,33.439014,70.877983,-7.883083,4.147451,-16.313604
828.000000,-2039.186646,1442.157471,78.128365,0.928118,-4.944263,170.604337,-1.701196,-1.894258,1.973423,16.946331,-10.471229,1.980124,-12.097521,-9.398871,-15.006632,23.063543,-9.388929,1.448890,2.034111,-3.499829,0.758443,-0.442788,17.693645,-36.861443,65.916321,14.059336,7.861050,-0.947725,-0.655543,-15.832014,33.425632,70.925873,-8.169187,4.148409,-16.602087
829.000000,-2039.744385,1442.690796,78.020088,1.170163,-4.985863,171.010887,-1.433316,-1.940736,1.604962,17.522820,-11.338892,1.731071,-12.899083,-9.060200,-14.068619,21.359966,-7.121591,0.584760,1.660982,-3.555999,0.826187,-0.415420,17.929256,-37.232502,65.772942,13.772955,8.046674,-1.245675,-0.298114,-15.856223,33.426067,70.936012,-8.291737,4.152345,-16.769821
830.000000,-2040.389038,1443.223877,77.932320,1.320675,-4.752199,171.275626,-1.329458,-1.848087,1.259579,18.201065,-12.298270,1.487089,-13.057266,-8.788357,-13.533230,20.848877,-6.466428,0.180178,1.348003,-3.472791,0.572509,-0.196723,18.211748,-37.673031,65.457390,13.372876,8.209252,-1.613635,0.285050,-15.903738,33.411308,70.942177,-8.363255,4.185230,-16.893820
831.000000,-2041.063110,1443.697754,77.910942,1.438557,-4.343893,171.174276,-1.190516,-1.613773,1.331093,18.360067,-12.921838,1.327461,-12.977133,-8.524037,-13.382754,20.717785,-5.627177,0.296293,1.406959,-3.253565,0.078116,0.137985,18.350332,-38.030895,65.156929,13.072165,8.257825,-1.945866,0.867587,-15.958858,33.219841,70.942955,-8.440865,4.293187,-16.976849
832.000000,-2041.700562,1444.134399,77.916321,1.790557,-4.042673,171.042941,-0.778927,-1.582714,1.877008,18.163998,-13.232599,1.410456,-12.620626,-8.695766,-13.599334,20.215994,-3.807904,0.563023,1.439212,-3.306109,-0.270642,0.445432,18.613556,-38.459057,64.805504,12.610899,8.372086,-2.141635,1.343528,-15.933945,32.915485,70.937019,-8.512051,4.472558,-17.093945
833.000000,-2042.281738,1444.489990,77.952629,1.976359,-3.808009,171.164426,-0.598966,-1.543606,2.894904,18.457596,-13.735231,1.575318,-12.373785,-8.894087,-13.875343,20.111753,-3.252293,0.651930,1.317972,-3.351397,-0.316071,0.518711,18.814945,-38.783188,64.648720,12.198366,8.421316,-2.285277,1.513508,-15.914213,32.723827,70.936676,-8.515730,4.621825,-17.205055
834.000000,-2042.854736,1444.742310,78.030739,1.950974,-3.644223,171.439765,-0.303114,-1.640131,4.488456,19.068811,-14.286801,1.822259,-11.947298,-8.950086,-14.367749,20.205961,-3.961793,0.660762,0.997391,-3.110985,-0.221611,0.518688,18.882401,-39.158485,64.618256,11.532391,8.469017,-2.555793,1.659537,-15.926552,32.375843,70.966911,-8.462334,4.873262,-17.403978
835.000000,-2043.450195,1444.935669,78.095703,1.877792,-3.483673,171.588142,0.422934,-2.087651,6.456158,19.520037,-14.400187,2.162311,-11.542386,-8.940259,-14.739986,20.331463,-4.711291,0.658363,0.783973,-2.856344,-0.158694,0.649454,18.946878,-39.681015,64.553085,10.751967,8.524028,-2.865072,1.761684,-15.873298,31.990931,71.075394,-8.363251,5.138714,-17.623579
836.000000,-2044.043213,1445.089966,78.089897,1.702143,-3.313611,171.706570,1.469690,-2.637495,8.127603,19.511684,-13.838487,2.475084,-11.345983,-8.880277,-15.047410,20.713633,-5.427136,0.646254,0.517947,-2.625243,-0.207534,0.972895,19.099691,-40.212257,64.410805,10.078908,8.566696,-3.120417,1.796284,-15.712129,31.523489,71.212227,-8.349656,5.370482,-17.827938
837.000000,-2044.616333,1445.260864,77.932281,1.509790,-3.047254,171.909199,2.978400,-3.054115,9.330462,18.654474,-14.753263,3.189890,-11.929668,-8.972544,-15.421700,22.742825,-6.997958,0.546794,0.085969,-2.444546,-0.319461,1.430234,19.421309,-40.860199,64.152306,9.294668,8.628543,-3.544278,1.765414,-15.399981,30.852882,71.337723,-8.351930,5.542870,-18.091658
838.000000,-2045.017822,1445.415039,77.505585,1.046839,-2.765056,172.329176,3.600098,-2.968377,8.104942,18.350067,-13.750932,3.328837,-13.915071,-9.189557,-15.826702,27.319613,-9.190826,0.176270,-0.535649,-2.089325,-0.130750,1.522893,19.767172,-41.380527,63.768711,8.311278,8.868407,-3.895006,1.477722,-15.237183,30.282148,71.353775,-8.259685,5.494111,-18.337023
839.000000,-2045.369385,1445.585205,76.943329,0.353187,-2.150031,172.425981,3.744099,-2.595513,5.591902,18.318172,-18.349930,3.290456,-16.672060,-8.887536,-15.701077,31.253332,-11.543843,-0.418532,-0.995083,-1.440454,0.069726,1.503432,20.042171,-41.696789,63.322174,7.019442,9.206645,-4.149027,1.048349,-15.201698,29.754959,71.417877,-7.963096,5.323690,-18.482719
840.000000,-2045.675049,1445.910034,76.551353,0.854822,-1.852440,171.915914,3.458938,-2.840087,5.253621,19.147881,-20.618797,3.250306,-19.154469,-9.160448,-14.872619,33.089855,-12.702762,-0.623837,-1.091176,-1.994283,0.493663,1.420488,20.420294,-41.756336,63.130192,5.942028,9.480976,-4.240140,0.533027,-14.826289,29.459379,71.605141,-7.695739,5.203996,-18.486010
841.000000,-2046.141846,1446.305298,76.374611,1.102107,-1.902537,171.567695,3.523611,-2.978031,5.499047,20.188473,-22.001698,3.106080,-21.563143,-9.155298,-13.867058,33.774418,-12.997585,-0.891899,-1.434831,-2.699395,1.298847,1.431639,20.695065,-41.780338,63.111053,4.837259,9.923739,-4.272895,-0.031959,-14.330606,29.250628,71.774025,-7.526203,5.125339,-18.400473
842.000000,-2046.842529,1446.739868,76.343307,0.736052,-1.939892,171.676410,4.141579,-2.354488,5.271999,20.677021,-23.137909,2.711079,-23.655529,-8.393393,-13.470233,32.482410,-11.841130,-1.155780,-2.501317,-2.665261,1.651999,1.871719,20.636303,-41.881718,63.113869,3.947787,10.577278,-4.435393,-0.091897,-13.941641,29.105614,71.885025,-7.604760,5.106142,-18.216066
843.000000,-2047.723389,1447.201782,76.366707,-0.006818,-1.966180,172.163278,5.010619,-1.219388,4.654622,20.733881,-24.027740,2.204247,-24.714050,-7.461491,-13.704353,30.396273,-10.272795,-1.260398,-3.661824,-1.956744,1.473706,2.363740,20.322788,-41.965866,63.117809,3.656315,11.115337,-4.747028,0.397331,-13.830011,29.091003,72.051407,-7.797621,5.113504,-18.112631
844.000000,-2048.729492,1447.699951,76.362968,-0.830580,-2.125068,172.894728,6.127636,0.082058,3.856045,20.698456,-24.930559,1.622899,-24.923468,-6.676928,-13.915370,28.056704,-9.028560,-1.206916,-4.745795,-1.023736,1.247367,2.626376,19.989832,-42.068989,63.203419,3.935969,11.797839,-4.954397,1.176097,-13.858912,29.076517,72.190147,-7.919567,5.223542,-18.101942
845.000000,-2049.839111,1448.221069,76.292130,-1.571503,-2.272033,173.609945,7.389864,1.328815,3.113838,20.544294,-25.841547,1.012070,-24.608467,-6.042552,-13.795749,25.865139,-8.054101,-1.110182,-5.598305,-0.063269,0.948476,2.790608,19.725620,-42.078945,63.215897,4.378798,12.076546,-5.409142,2.129713,-13.970823,29.066904,72.224609,-7.984785,5.417368,-18.118900
846.000000,-2051.039795,1448.760010,76.149818,-2.330460,-2.358139,174.171654,8.285270,2.205318,2.722379,20.428173,-26.517147,0.570875,-24.205032,-5.600322,-13.667628,24.598654,-7.459382,-1.072219,-6.010389,0.664629,0.718946,2.859674,19.538244,-42.081352,63.212673,4.691760,12.127321,-5.720962,2.793124,-14.062490,29.046440,72.248436,-7.984967,5.581209,-18.140856
847.000000,-2052.291260,1449.306641,75.940529,-3.160154,-2.418015,174.454077,9.716991,3.777119,2.406189,20.364857,-27.760077,-0.162030,-23.400187,-4.649085,-13.479366,23.334394,-6.627209,-1.069461,-6.351320,2.077361,0.404689,2.908976,19.170473,-42.082005,63.189915,5.160530,12.168313,-6.164887,3.702713,-14.211573,28.993534,72.306046,-7.978209,5.924238,-18.171177
848.000000,-2053.573242,1449.881226,75.650993,-3.904758,-2.359785,174.528434,10.939533,5.261044,2.402291,20.501284,-29.045822,-0.817060,-22.609268,-3.702714,-13.617514,23.142368,-6.114553,-1.162239,-6.457952,3.460462,0.149032,2.911734,18.819946,-42.076492,63.157013,5.515643,12.214691,-6.544973,4.331635,-14.317153,28.934292,72.307304,-7.973943,6.244403,-18.196585
849.000000,-2054.794189,1450.468384,75.318024,-4.836884,-2.275306,174.498375,11.736979,6.890064,2.577431,21.335842,-30.499485,-1.300853,-22.303331,-2.606748,-14.248876,24.253168,-4.853927,-1.375851,-6.446198,4.932001,0.118935,2.753041,18.466133,-41.994576,63.145824,5.741001,12.279053,-6.816195,4.594843,-14.333200,28.736202,72.313347,-7.945065,6.419114,-18.312389
850.000000,-2055.927734,1451.084351,75.047401,-5.570328,-2.409259,174.471118,11.752838,8.557906,2.948860,24.109564,-31.606081,-1.689644,-22.052225,-1.469011,-14.701242,25.999094,-4.689288,-1.620454,-6.258882,6.193322,0.523515,2.259667,18.121674,-41.733654,63.145630,5.811481,12.380384,-6.985594,4.672881,-14.187876,28.512079,72.328484,-7.810961,6.451083,-18.539824
851.000000,-2057.083984,1451.761963,74.944115,-5.893370,-2.634330,174.306869,10.796298,9.772814,3.565748,28.738569,-31.124451,-2.689466,-21.598957,-0.557462,-14.569444,27.334463,-5.413335,-1.801920,-5.755721,6.747816,0.830726,1.776411,17.899578,-41.570972,63.149174,5.831101,12.441663,-7.028344,4.806674,-13.856243,28.444323,72.425041,-7.683545,6.426886,-18.761002
852.000000,-2058.288574,1452.455566,75.032196,-5.897028,-2.935176,173.919379,8.876796,10.881860,4.052154,35.935440,-27.910542,-4.060959,-20.513897,0.584182,-13.829485,28.201868,-6.699363,-2.017282,-4.903207,6.915641,0.787066,1.558366,17.645529,-41.548935,63.197231,6.042820,12.515541,-7.025995,5.052443,-13.303634,28.629553,72.799889,-7.637236,6.351479,-19.053347
853.000000,-2059.605713,1453.164429,75.268295,-5.801111,-3.324783,173.650996,7.214700,11.495563,3.975035,41.232807,-23.738998,-4.936689,-19.304440,1.279940,-13.364895,28.201025,-7.557037,-2.198758,-4.415046,6.898098,0.538767,1.601800,17.381796,-41.530628,63.370716,6.227826,12.605706,-7.007643,5.241035,-12.944162,28.884377,73.181259,-7.640612,6.311336,-19.301159
854.000000,-2060.931885,1453.815308,75.557961,-5.930320,-3.683665,173.675943,4.851308,12.289812,3.445700,47.665348,-16.418964,-5.310549,-17.280321,2.179008,-13.023729,27.552563,-8.604846,-2.446343,-3.916116,7.025819,0.103410,1.664518,16.961752,-41.229298,63.737110,6.401330,12.821977,-6.840337,5.495770,-12.673038,29.142534,73.632065,-7.729984,6.298076,-19.699183
855.000000,-2062.213623,1454.395264,75.798035,-6.274028,-4.098677,173.868965,2.248470,13.198217,2.522857,53.184780,-6.905344,-3.942350,-14.869677,3.298499,-12.948546,26.185482,-9.200700,-2.684383,-3.392309,7.546049,-0.290561,1.392245,16.664686,-40.759750,64.054573,6.822602,13.102466,-6.637391,5.687970,-12.738050,29.357477,73.922455,-7.899737,6.295508,-20.190802
856.000000,-2063.430664,1454.915771,75.962608,-6.307375,-4.567658,173.815963,-0.082704,13.528533,1.844960,58.037952,-2.574902,-2.783356,-12.767058,4.183585,-12.548715,24.902838,-8.921953,-2.903888,-2.619883,7.849857,-0.395192,0.925164,16.483515,-40.714962,64.183441,7.265162,13.306366,-6.621801,5.567391,-13.019292,29.669670,73.986473,-7.924132,6.299128,-20.646496
857.000000,-2064.554199,1455.362671,76.081329,-6.150640,-5.239177,173.642573,-3.015883,13.356510,1.770020,63.118214,-2.372185,-1.661000,-10.452822,4.819111,-11.771472,24.017687,-8.821085,-3.113435,-1.586239,7.882310,0.034421,0.210830,16.262300,-40.688908,64.241829,7.804829,13.466031,-6.606829,4.770267,-13.487791,29.952208,73.989281,-7.995515,6.302626,-21.157515
858.000000,-2065.657471,1455.744507,76.215157,-6.028980,-5.779511,173.442361,-5.851323,12.978455,1.861056,66.522934,-3.808718,-0.802008,-8.521400,5.199945,-11.295160,23.560238,-9.831094,-3.229519,-0.728485,7.984704,0.484970,-0.416485,16.019966,-40.396351,64.477280,8.182886,13.634326,-6.449144,3.708986,-14.029975,30.029390,73.968513,-8.388808,6.299745,-21.587093
859.000000,-2066.777588,1456.100220,76.379837,-5.758327,-6.145127,173.292675,-8.803264,12.236624,2.049578,68.394730,-5.521109,-0.044183,-6.755302,5.335549,-10.850669,22.994127,-10.753721,-3.281385,0.005441,7.850301,0.746674,-0.819787,15.747521,-40.179886,64.760643,8.517859,13.715213,-6.439687,2.503554,-14.533882,30.036831,73.932480,-8.938524,6.286867,-22.065508
860.000000,-2067.901123,1456.439331,76.558449,-5.369976,-6.413750,172.963642,-11.626035,11.385235,2.558400,68.942741,-7.344262,0.625969,-5.092888,5.352574,-10.259583,22.323000,-11.493019,-3.335791,0.882290,7.490902,0.920775,-1.049727,15.577340,-39.830154,64.892738,8.824451,13.864098,-6.356481,1.224925,-14.937724,30.035469,73.865898,-9.413326,6.276748,-22.672981
861.000000,-2069.041260,1456.755005,76.741997,-4.900292,-6.626819,172.421489,-13.390453,10.842856,3.132361,68.684731,-8.654111,0.972704,-3.999825,5.332081,-9.722892,21.825678,-11.918941,-3.360801,1.579182,7.154655,1.023654,-1.083818,15.499872,-39.618179,64.914413,9.024470,13.895701,-6.391562,0.307549,-15.149056,30.013428,73.760117,-9.638117,6.276308,-23.142271
862.000000,-2070.221924,1457.054810,76.917313,-4.499598,-6.753404,171.896861,-16.115391,10.098617,4.106633,67.204269,-10.774104,1.374077,-2.185642,5.302598,-8.857019,20.794245,-12.488172,-3.361609,2.686119,6.617348,1.128934,-1.039485,15.430872,-39.266705,64.918716,9.165088,14.028728,-6.342419,-1.276985,-15.386186,29.933647,73.491570,-9.754903,6.275606,-23.946989
863.000000,-2071.435791,1457.340088,77.063942,-4.208232,-6.738228,171.365046,-18.454559,9.739043,4.928288,64.829636,-12.326616,1.574777,-0.568019,5.339650,-8.140304,19.652430,-12.886668,-3.341304,3.565881,6.183691,1.148069,-0.890729,15.423755,-39.167236,64.840057,9.169626,14.094880,-6.577358,-2.769952,-15.464499,29.877756,73.086220,-9.705289,6.268716,-24.631548
864.000000,-2072.667969,1457.603638,77.175049,-3.991816,-6.770428,170.846858,-20.454954,9.577528,5.480714,61.560020,-13.379666,1.614398,1.081017,5.440260,-7.438544,18.407990,-13.223848,-3.281346,4.391703,5.810644,1.257764,-0.676136,15.399188,-39.053780,64.640450,9.090521,14.149611,-6.952822,-4.201783,-15.438361,29.822212,72.458145,-9.452075,6.187633,-25.258757
865.000000,-2073.932861,1457.843140,77.241165,-3.804318,-6.748890,170.332971,-22.129002,9.430099,5.720338,57.147587,-13.959002,1.457152,2.747980,5.516063,-6.730063,17.199078,-13.629126,-3.170231,5.096659,5.441158,1.398303,-0.408953,15.312119,-39.040428,64.555199,8.912754,14.155923,-7.345809,-5.619878,-15.282635,29.854950,71.760666,-9.003407,5.946426,-25.757339
866.000000,-2075.211426,1458.047974,77.256409,-3.672034,-6.656191,170.005913,-23.394339,9.317243,5.787511,52.394718,-13.732124,1.132458,4.173068,5.523133,-6.223395,16.228094,-14.096824,-3.055808,5.493195,5.111060,1.472674,-0.091328,15.226166,-39.019985,64.486435,8.716786,14.156571,-7.767032,-6.794257,-15.079979,29.961582,71.012199,-8.642522,5.603535,-26.065174
867.000000,-2076.547363,1458.216064,77.214394,-3.570051,-6.544251,169.864655,-24.514488,8.955539,5.482179,45.689392,-12.562594,0.575952,5.852386,5.431136,-5.869051,15.258740,-14.857939,-2.886000,5.837834,4.770848,1.518920,0.137130,15.116908,-38.971905,64.480042,8.298255,14.157190,-8.340943,-7.989508,-14.851640,30.085711,70.158379,-8.070654,5.059196,-26.339935
868.000000,-2077.935791,1458.354004,77.122223,-3.486628,-6.493304,169.755851,-24.897240,8.466541,5.001378,38.701836,-10.620874,0.000677,7.406832,5.299585,-5.604822,14.553239,-15.701179,-2.665507,6.111542,4.529077,1.548832,0.103204,15.320663,-38.936180,64.539505,7.849882,14.140984,-8.793215,-9.016490,-14.562203,30.113791,69.789543,-7.643551,4.556863,-26.530111
869.000000,-2079.406250,1458.425049,76.968246,-3.496136,-6.345001,169.689777,-25.138144,7.976531,4.411596,32.218925,-8.543960,-0.515353,8.882833,5.188257,-5.371575,13.920560,-16.619202,-2.382966,6.253324,4.471006,1.382202,0.103834,15.491888,-38.931183,64.760239,7.211826,14.072717,-9.316620,-9.911712,-14.307348,30.117105,69.665176,-7.436881,4.148383,-26.705074
870.000000,-2080.936768,1458.420532,76.757957,-3.565977,-6.217465,169.672924,-25.273415,7.599144,3.923949,27.886156,-7.016240,-0.807378,10.073360,5.080959,-5.232901,13.451105,-17.389448,-2.119926,6.265807,4.548534,1.229277,0.105047,15.519084,-38.925972,65.047539,6.627602,14.001757,-9.817960,-10.469624,-14.207174,30.115751,69.575264,-7.334411,3.876395,-26.878160
871.000000,-2082.554443,1458.359497,76.499199,-3.515863,-6.171740,169.541627,-25.314905,7.151504,3.466229,23.636026,-5.501152,-1.039007,11.468048,4.823019,-5.055924,13.101338,-18.441433,-1.755845,6.327201,4.657371,1.088287,0.057243,15.490252,-38.921192,65.444931,5.871738,13.869743,-10.453315,-10.931527,-14.187574,30.109104,69.504005,-7.236799,3.605676,-27.156046
872.000000,-2084.185303,1458.262573,76.216515,-3.304435,-6.144469,169.158164,-25.075207,6.672403,3.304298,19.596733,-4.076828,-1.171587,13.038301,4.174945,-4.637284,13.230128,-20.082811,-1.231706,6.639424,4.617430,0.948022,-0.050423,15.486529,-38.918861,66.092911,5.122466,13.656454,-11.205052,-11.226833,-14.183404,30.108971,69.484886,-7.182408,3.485864,-27.555752
873.000000,-2085.905273,1458.121338,75.897186,-2.944858,-6.049927,168.750379,-24.852839,6.164651,3.176056,17.381218,-2.974579,-1.125623,14.297026,3.292986,-4.230179,13.636922,-21.736710,-0.637459,6.923548,4.411310,0.825168,-0.091523,15.482088,-38.917896,66.662514,4.668804,13.454525,-11.953244,-11.248904,-14.182575,30.105310,69.482277,-7.067554,3.490321,-28.022194
874.000000,-2087.700195,1457.939087,75.542282,-2.459367,-5.870186,168.417733,-24.818462,5.583499,3.234378,16.803850,-1.922055,-0.830191,15.507778,2.161456,-3.977294,14.034643,-23.424477,0.038596,7.041744,4.050871,0.715079,-0.108515,15.495833,-38.903275,67.244293,4.526669,13.277972,-12.635584,-11.078628,-14.174851,30.025267,69.486092,-6.999579,3.601157,-28.597902
875.000000,-2089.526855,1457.720459,75.149391,-1.790276,-5.606421,168.118098,-24.949186,4.808135,3.474047,17.866762,-1.192152,-0.437981,16.556726,0.689094,-3.902496,14.697917,-25.284124,0.801936,7.074164,3.474547,0.568017,-0.176199,15.555992,-38.902821,67.993034,4.429933,13.154688,-13.310685,-10.747335,-14.181594,29.956903,69.558006,-6.998272,3.880007,-29.297583
876.000000,-2091.400879,1457.464111,74.737000,-0.796983,-5.379493,167.928691,-25.159008,4.037348,3.879448,19.412096,-0.143493,-0.000417,17.136356,-0.586731,-4.061726,15.490802,-26.673477,1.411235,7.047223,2.900697,0.528209,-0.312634,15.630271,-38.911160,68.629524,4.360402,13.116869,-13.806245,-10.496978,-14.187110,29.948902,69.724091,-6.995547,4.144204,-29.816517
877.000000,-2093.194580,1457.181885,74.433617,0.278074,-5.399368,167.644813,-25.350380,2.554229,5.067960,22.619854,1.882190,0.855562,17.989258,-3.032431,-4.658460,17.445745,-28.482328,2.517862,7.073960,1.783150,0.979249,-0.748302,15.714919,-38.917198,69.831764,4.329254,13.073242,-14.388841,-10.189633,-14.161394,29.934813,70.268837,-7.015024,4.633409,-30.605764
878.000000,-2094.980225,1456.870728,74.284134,0.960581,-5.427035,167.608423,-25.180592,1.314479,5.884055,25.325769,2.133362,1.657517,18.471308,-4.974993,-5.229681,19.914469,-28.752649,3.665506,6.968836,1.174927,1.321613,-1.019499,15.576985,-38.924351,71.003525,4.341202,13.049174,-14.725041,-9.781551,-14.141062,29.910749,71.158531,-7.134090,5.106362,-31.307766
879.000000,-2096.879150,1456.519043,74.280396,1.397557,-5.383130,167.932439,-24.770720,-0.013888,6.134938,27.529463,1.142381,2.500464,18.255747,-6.584882,-5.832990,23.663795,-27.510189,4.862166,6.501535,0.930382,1.267723,-1.022112,15.270949,-39.027916,72.042625,4.335452,13.102102,-15.116101,-9.054105,-14.152041,29.880440,72.346298,-7.460047,5.594019,-32.113956
880.000000,-2098.838135,1456.169678,74.390213,1.680584,-5.358096,168.343042,-23.845869,-1.213606,6.333272,28.820208,0.221700,3.235685,17.468540,-7.978646,-6.231136,28.421000,-24.725576,5.976840,6.050347,0.850604,0.980628,-0.998432,15.070701,-39.345997,72.721153,4.327734,13.335348,-15.511755,-7.914527,-14.265225,29.885994,73.435661,-7.735321,6.236709,-32.917065
881.000000,-2100.771484,1455.854370,74.604637,2.126795,-5.412418,168.721718,-22.863447,-2.197586,6.571517,29.496969,-1.314036,3.771806,16.508183,-9.160458,-6.310973,32.515537,-21.317059,7.095432,5.819699,0.635955,0.749312,-0.986804,15.093404,-39.734035,72.946411,4.338025,13.550219,-15.943914,-6.894941,-14.358601,29.893414,74.216995,-7.934740,6.737026,-33.435528
882.000000,-2102.661621,1455.572144,74.899208,2.613365,-5.512327,168.967515,-21.087183,-3.519335,6.907074,29.589180,-3.328155,4.432398,14.878127,-10.569135,-5.761221,37.989323,-15.388038,7.492556,5.641586,0.233554,0.573996,-0.994042,15.266440,-40.232685,73.057259,4.409414,13.771959,-16.555302,-5.603673,-14.440143,29.961054,75.356316,-8.286335,7.290000,-33.962708
883.000000,-2104.432861,1455.329834,75.188622,3.176736,-5.423094,168.927305,-19.119947,-4.744000,7.354770,28.879465,-4.820858,5.035570,12.504426,-11.863042,-4.882447,43.227016,-7.442248,6.241108,5.662021,-0.267427,0.335223,-1.039663,15.513492,-40.725742,73.059090,4.633527,13.873223,-17.052759,-4.457878,-14.460903,30.153866,76.497620,-8.526626,7.798988,-34.325748
884.000000,-2106.081299,1455.086548,75.463280,3.476651,-5.304848,168.804786,-17.251932,-5.713033,7.680191,27.939047,-5.968169,5.574455,9.366472,-12.839478,-4.120049,49.102577,-2.950629,4.945976,5.521731,-0.538056,0.270004,-1.160803,15.667231,-41.117126,72.945244,4.968572,13.893526,-17.216368,-3.705481,-14.501537,30.468874,77.418495,-8.591539,8.238860,-34.452374
885.000000,-2107.635986,1454.865356,75.735802,3.673721,-5.483319,168.759507,-15.116417,-6.539534,7.748425,26.797911,-6.890092,6.035339,5.855289,-13.451158,-3.886113,55.041637,-2.181518,3.829316,5.040420,-0.561545,0.685725,-1.407567,15.729650,-41.398006,72.661652,5.582005,13.899475,-17.264585,-3.295163,-14.526261,30.857222,78.108833,-8.592502,8.574465,-34.354736
886.000000,-2109.121338,1454.690308,75.994865,3.736503,-5.691402,168.844121,-13.140397,-7.203295,7.590986,25.691633,-7.576222,6.372796,2.590192,-13.728673,-3.971156,60.064434,-2.876854,2.946443,4.347832,-0.502122,1.115865,-1.667304,15.746619,-41.720715,72.400986,6.259921,13.900556,-17.219831,-2.946025,-14.480535,31.167711,78.473869,-8.587169,8.818539,-34.075588
887.000000,-2110.604004,1454.570068,76.246979,3.722251,-5.749917,168.783660,-10.926388,-7.745561,7.445016,24.339426,-8.335408,6.671548,-1.510032,-13.776713,-4.107269,64.908592,-4.402379,2.032666,3.714386,-0.408821,1.327101,-1.985237,15.767776,-42.082043,72.198425,6.968112,13.871556,-17.153858,-2.356350,-14.309205,31.465101,78.670723,-8.593012,9.077215,-33.472092
888.000000,-2112.039307,1454.511597,76.481125,3.579112,-5.752022,168.944851,-9.468692,-8.030325,7.185984,23.420643,-8.839330,6.821926,-4.257049,-13.646645,-4.424284,67.235367,-5.805981,1.433992,3.239464,-0.335500,1.339211,-2.273374,15.802400,-42.152603,72.161217,7.254321,13.805160,-17.085966,-1.899166,-14.077211,31.546329,78.754082,-8.732256,9.250268,-32.898014
889.000000,-2113.461426,1454.504517,76.695793,3.332294,-5.750344,169.311554,-7.693014,-8.336762,6.598527,22.311937,-9.456725,6.970257,-7.505333,-13.324394,-5.040050,69.053383,-7.650368,0.759424,2.448640,-0.243302,1.300629,-2.746068,15.907827,-42.233742,72.138489,7.710358,13.683803,-17.014145,-1.342096,-13.698896,31.444424,78.780128,-9.152364,9.425858,-32.064529
890.000000,-2114.816406,1454.534668,76.871429,3.027561,-5.686192,169.907232,-6.080094,-8.568882,5.791578,21.367321,-10.100419,7.109211,-10.553472,-12.971502,-5.908692,69.802505,-9.348810,0.246577,1.570040,-0.146242,1.204846,-3.392276,16.065182,-42.189259,71.966484,8.323264,13.647974,-16.894655,-0.860432,-13.299083,31.148884,78.777626,-9.614914,9.544002,-31.144674
891.000000,-2116.131104,1454.589844,77.013504,2.796694,-5.546286,170.574285,-4.608534,-8.825525,4.883418,20.447582,-10.679663,7.233015,-13.415769,-12.682907,-6.804816,69.552025,-11.092415,-0.136004,0.643828,-0.144818,1.084442,-4.216566,16.220663,-42.184845,71.578644,9.082992,13.638732,-16.595995,-0.556208,-12.954472,30.801655,78.735161,-9.812201,9.633834,-30.179193
892.000000,-2117.407471,1454.652832,77.122841,2.633510,-5.430421,171.073674,-3.127265,-9.065351,4.126771,19.407627,-11.177851,7.330701,-16.147556,-12.523173,-7.714997,68.225197,-12.774608,-0.431555,-0.015288,-0.212656,1.026428,-5.272146,16.233740,-42.185085,71.165100,9.836715,13.620009,-16.114651,-0.423224,-12.738698,30.473335,78.652168,-9.850730,9.744783,-29.202961
893.000000,-2118.658691,1454.729126,77.210182,2.466385,-5.397977,171.321777,-1.528169,-9.167939,3.603306,18.359377,-11.703015,7.425768,-18.585112,-12.156173,-8.491873,65.822006,-13.922039,-0.640379,-0.352099,-0.236793,1.122018,-6.409260,16.168940,-42.177418,70.608307,10.380681,13.533555,-15.527799,-0.431614,-12.661301,30.164474,78.541656,-9.872272,9.800648,-28.274935
894.000000,-2119.928467,1454.818481,77.271889,2.305275,-5.337001,171.443202,0.082217,-9.194818,3.218852,17.294041,-12.242274,7.481898,-20.734983,-11.654652,-9.240821,62.459747,-14.559867,-0.828865,-0.591108,-0.224517,1.160556,-7.374730,16.070908,-42.141293,69.929024,10.734266,13.309854,-14.920487,-0.512310,-12.658780,29.901056,78.479187,-9.885426,9.807995,-27.477575
895.000000,-2121.193604,1454.924927,77.298416,2.216245,-5.283028,171.235237,1.830118,-9.180122,3.106589,16.062387,-12.786419,7.530690,-22.678087,-11.071330,-9.930655,58.254490,-14.698342,-1.035575,-0.685003,-0.198828,1.159459,-8.132129,15.964176,-42.312164,69.466408,11.178692,12.993444,-14.384048,-0.656652,-12.700397,29.732000,78.454163,-9.886096,9.810022,-26.769083
896.000000,-2122.503174,1455.053955,77.288483,2.094909,-5.198389,171.089133,3.353565,-9.132145,3.023091,15.047845,-13.348388,7.550324,-24.111195,-10.551138,-10.658813,53.726707,-14.383241,-1.132707,-0.885929,-0.124295,1.094267,-8.510018,15.913981,-42.320633,69.162079,11.337707,12.827918,-13.910539,-0.759821,-12.765206,29.582521,78.343018,-9.884695,9.809761,-26.221727
897.000000,-2123.805420,1455.205933,77.226860,2.025579,-5.129248,171.115643,5.106336,-9.156279,2.767174,13.991855,-14.086978,7.548934,-25.521187,-10.084314,-11.420626,48.141594,-13.734440,-1.180661,-1.289271,-0.091194,1.049053,-8.810743,15.853451,-42.151928,68.574005,11.332669,12.650603,-13.381474,-0.770781,-12.825513,29.340200,78.117401,-9.893422,9.808245,-25.696781
898.000000,-2125.111572,1455.378540,77.124535,2.009957,-5.026556,171.156844,6.332691,-9.200653,2.563133,13.252157,-14.616813,7.544742,-26.323635,-9.824318,-11.873662,43.897072,-12.906208,-1.183156,-1.619851,-0.090847,1.031411,-8.946783,15.798951,-42.136158,68.068863,11.204596,12.509910,-12.973746,-0.768035,-12.839668,29.069269,77.934090,-9.897296,9.807853,-25.349142
899.000000,-2126.414062,1455.577881,76.968437,2.080327,-4.878223,171.322308,7.792992,-9.345623,2.237815,12.420728,-15.351276,7.546844,-27.330311,-9.646167,-12.325021,38.580849,-11.849896,-1.103402,-2.009993,-0.184288,1.027877,-9.174380,15.678806,-42.131172,67.425591,10.821568,12.320396,-12.480694,-0.770399,-12.854589,28.840458,77.696899,-9.862992,9.806874,-24.932070
900.000000,-2127.708740,1455.802734,76.777679,2.144185,-4.703690,171.636540,9.151117,-9.515495,1.726951,11.813521,-16.227295,7.542432,-28.217274,-9.543007,-12.636084,33.274433,-10.723420,-0.882365,-2.438531,-0.328403,1.085773,-9.542129,15.483283,-42.132004,66.802353,10.274904,12.151479,-12.027793,-0.771099,-12.880894,28.819210,77.407379,-9.794680,9.808236,-24.546413
901.000000,-2129.082275,1456.056885,76.563126,2.132907,-4.583568,171.952411,10.510530,-9.555580,1.203538,11.319561,-17.167944,7.505194,-28.747124,-9.344590,-12.914391,28.121550,-9.475249,-0.568801,-2.825570,-0.350309,1.209394,-9.892838,15.210380,-42.148666,66.187645,9.648767,12.028388,-11.570182,-0.773602,-12.934885,28.818531,77.041000,-9.747671,9.814160,-24.219978
902.000000,-2130.451660,1456.336548,76.327400,2.110182,-4.470469,172.279437,11.973083,-9.518321,0.650896,10.827843,-18.186378,7.441208,-29.139679,-9.149323,-13.207917,23.533480,-8.276842,-0.266985,-3.228560,-0.334451,1.292912,-10.171233,14.897110,-42.164936,65.600868,9.127884,11.898291,-11.160670,-0.788967,-12.957189,28.808271,76.642487,-9.710416,9.820005,-23.949291
903.000000,-2131.917969,1456.664673,76.050285,2.040948,-4.358808,172.730563,13.360086,-9.386174,0.038679,10.529187,-19.289589,7.346167,-29.346336,-9.000122,-13.447677,19.740171,-7.187605,-0.078889,-3.724976,-0.292380,1.344749,-10.380541,14.573026,-42.169479,65.168022,8.776032,11.731987,-10.804263,-0.801666,-12.948156,28.784079,76.203796,-9.639022,9.817666,-23.769348
904.000000,-2133.406006,1457.026978,75.737961,1.933831,-4.214362,173.295318,14.317208,-9.212115,-0.455135,10.511229,-20.251415,7.237371,-29.497375,-8.945879,-13.514026,17.629822,-6.406554,-0.026027,-4.141561,-0.250751,1.342753,-10.510810,14.323964,-42.166668,64.890182,8.645429,11.635044,-10.584444,-0.801935,-12.919903,28.774790,75.889809,-9.524688,9.793006,-23.692421
905.000000,-2134.939453,1457.426636,75.397911,1.759396,-4.031855,173.893300,15.527729,-8.828232,-1.088043,10.704063,-21.678011,7.031608,-29.605761,-8.933382,-13.486781,15.756592,-5.375304,-0.088904,-4.661462,-0.138803,1.318444,-10.640399,13.989740,-42.102463,64.478722,8.634875,11.555578,-10.339666,-0.780445,-12.857325,28.775873,75.594734,-9.342802,9.710188,-23.639669
906.000000,-2136.558594,1457.889282,75.020241,1.564262,-3.779896,174.430787,16.537876,-8.364967,-1.391112,10.978921,-22.979389,6.775218,-29.657738,-8.873685,-13.300473,14.730359,-4.543267,-0.242331,-5.006021,-0.035912,1.224936,-10.679432,13.743988,-41.966576,64.148544,8.645583,11.433964,-10.149796,-0.735254,-12.759891,28.776262,75.434647,-9.216775,9.599008,-23.601099
907.000000,-2138.152100,1458.387695,74.643898,1.327340,-3.539252,174.853187,17.654995,-7.620962,-1.312583,11.588854,-24.550781,6.295390,-29.618013,-8.643120,-12.942918,14.244530,-3.425815,-0.643041,-5.274948,0.079270,1.122662,-10.692432,13.539844,-41.822628,63.928867,8.669197,11.210716,-9.882498,-0.677630,-12.576521,28.792576,75.303497,-8.976147,9.492623,-23.537195
908.000000,-2139.809326,1458.937012,74.298004,0.961805,-3.329856,175.086687,18.412560,-6.686382,-0.790913,12.960520,-25.907282,5.607516,-29.509401,-8.102774,-12.772648,15.136444,-2.106711,-1.404724,-5.301670,0.321121,1.066224,-10.552983,13.393686,-41.580101,63.906162,8.731224,10.979851,-9.521109,-0.512538,-12.381369,28.809845,75.067116,-8.723528,9.460999,-23.494646
909.000000,-2141.634521,1459.564819,74.011299,0.514705,-3.243620,175.290272,19.010807,-5.539413,0.003616,15.064890,-26.824051,4.722143,-28.966473,-7.384968,-12.953396,16.928938,-0.891828,-2.328716,-5.383490,0.686433,0.985222,-10.066148,13.350083,-41.267136,63.942703,8.852090,10.750397,-9.104392,-0.209245,-12.136291,28.809158,74.819260,-8.674226,9.429993,-23.431950
910.000000,-2143.539551,1460.182129,73.864334,-0.328038,-3.199510,175.275139,19.277304,-4.335581,0.751329,17.207888,-27.098896,3.939170,-28.529680,-6.532497,-13.203237,18.257000,1.347382,-3.572366,-5.369557,1.345120,0.872982,-9.528510,13.258150,-41.059879,64.130585,8.943542,10.556792,-8.718700,0.078990,-12.018511,28.810003,74.662827,-8.662027,9.382750,-23.317736
911.000000,-2145.489014,1460.791992,73.891556,-1.471565,-3.354476,175.262664,19.520224,-2.550014,1.527173,20.305622,-26.736853,2.991524,-27.740997,-5.478591,-14.046430,19.902740,3.384816,-4.059356,-5.346102,2.563921,0.995706,-8.920732,13.064921,-40.926712,64.546577,8.997525,10.359027,-8.238570,0.380713,-12.003491,28.815771,74.487488,-8.563048,9.311028,-23.138548
912.000000,-2147.562256,1461.475708,74.073746,-2.472949,-3.502658,175.010874,19.413322,-0.322477,2.403440,24.881817,-24.428526,1.859439,-26.158279,-3.910058,-14.950232,21.195789,4.308367,-4.465823,-5.189358,4.018114,0.945659,-8.002142,12.972303,-40.854691,65.206322,9.027308,10.145792,-7.610584,0.929683,-11.954131,28.843166,74.284798,-8.248259,9.182775,-22.890715
913.000000,-2149.698242,1462.228638,74.367065,-3.239239,-3.498327,174.712843,18.599821,1.428448,3.148303,29.749805,-20.202185,1.084427,-24.515041,-2.485422,-15.448490,21.825256,4.131550,-4.803288,-4.921575,4.928830,0.513039,-7.030861,13.127140,-40.782871,65.932076,9.163257,9.962080,-7.028733,1.591215,-11.855232,28.910860,74.100250,-8.002598,9.041021,-22.671532
914.000000,-2151.850098,1463.018433,74.719460,-3.923461,-3.579767,174.583335,17.030613,3.131008,3.597075,35.314011,-13.554939,0.720842,-22.565228,-1.207871,-16.037767,22.079256,3.257656,-5.063270,-4.793563,5.654100,0.096686,-6.198617,13.406694,-40.775215,66.725853,9.623498,9.910358,-6.493343,2.170542,-11.807502,29.073009,73.957367,-7.873869,8.937527,-22.538027
915.000000,-2153.898926,1463.762329,75.033775,-4.681763,-3.768661,174.607221,14.830352,4.871780,3.509972,41.048038,-3.180186,-0.452559,-20.243267,0.123339,-16.632919,21.935341,2.134002,-5.271237,-4.881651,6.406810,0.023234,-5.694336,13.636151,-40.772202,67.649117,10.412039,9.958378,-5.894102,2.456557,-11.907458,29.149710,73.846672,-7.911619,8.817269,-22.493277
916.000000,-2155.837402,1464.436157,75.331421,-5.272552,-3.990707,174.379562,12.493193,6.041600,3.295547,46.330212,2.367764,-1.141442,-18.377760,1.358031,-16.799038,22.005857,0.180142,-5.393289,-4.707805,7.034487,0.220344,-5.592703,13.698820,-40.771587,68.509857,11.155197,10.063144,-5.348164,2.447596,-12.283066,29.241079,73.731102,-8.168643,8.606815,-22.410185
917.000000,-2157.608154,1465.028809,75.606171,-5.581889,-4.225591,174.095192,9.101111,6.745624,3.399547,52.364147,4.181470,-1.384898,-16.241756,2.498343,-16.662844,21.947950,-1.879243,-5.469022,-4.237083,7.398255,0.672048,-5.728727,13.704456,-40.778965,69.351120,11.979133,10.155744,-4.760795,2.232788,-12.910110,29.327642,73.500977,-8.680597,8.485846,-22.392357
918.000000,-2159.244873,1465.576782,75.859047,-5.668453,-4.411521,174.020187,6.187603,7.082337,3.665090,56.993385,3.418589,-1.112330,-14.830355,3.019273,-16.555016,21.875145,-3.140285,-5.442991,-3.887793,7.409221,0.984400,-5.849475,13.718946,-40.867329,69.784576,12.460089,10.164369,-4.405674,1.999604,-13.370235,29.334953,73.184868,-9.112142,8.473988,-22.402588
919.000000,-2160.851074,1466.101929,76.112885,-5.535309,-4.628696,173.931826,2.458959,7.449975,4.288500,62.097343,1.773638,-0.591765,-12.974982,3.398637,-16.365213,21.807323,-4.712402,-5.359243,-3.365891,7.113517,1.313232,-5.895172,13.738430,-41.023064,70.194221,12.973653,10.163624,-4.076780,1.689500,-13.928308,29.348505,72.729485,-9.448278,8.445514,-22.467117
920.000000,-2162.445557,1466.596069,76.367828,-5.335807,-4.829097,173.800487,-1.173188,7.707405,4.933029,65.903320,-0.618689,0.063186,-11.058927,3.696230,-15.999161,21.496838,-6.110896,-5.251449,-2.539145,6.661958,1.419909,-5.784230,13.669950,-41.034389,70.479225,13.610821,10.112942,-3.876267,1.357402,-14.447096,29.363440,72.423264,-9.482231,8.398775,-22.597090
921.000000,-2164.038574,1467.058716,76.617119,-5.100659,-5.033359,173.614411,-4.268192,8.015827,5.527914,68.137352,-2.957816,0.622260,-9.274802,3.937107,-15.635894,20.940485,-7.164003,-5.156732,-1.740059,6.231312,1.405583,-5.584200,13.528126,-40.977165,70.755974,14.277434,9.999743,-3.767969,0.910699,-14.816074,29.366789,72.357903,-9.494476,8.389322,-22.757574
922.000000,-2165.594971,1467.460571,76.834488,-4.975174,-5.189086,173.533876,-8.036114,8.439132,6.062201,69.558380,-6.010511,1.205274,-6.883455,4.265451,-15.243047,19.837446,-8.255740,-5.008215,-0.646664,5.860181,1.276970,-5.380284,13.412519,-40.343105,70.970932,14.720714,9.895223,-3.360334,0.220929,-15.280995,29.364092,72.321846,-9.504676,8.393219,-23.064678
923.000000,-2167.146973,1467.806763,77.020378,-4.880980,-5.273942,173.391027,-11.129129,8.742120,6.253048,69.369270,-8.889353,1.577075,-4.735842,4.599927,-14.919666,18.548967,-9.013566,-4.792471,0.413623,5.805086,1.011302,-5.457851,13.725919,-39.682449,70.989243,14.804211,9.828093,-3.023525,-0.409614,-15.725735,29.361889,72.138985,-9.500948,8.432661,-23.487865
924.000000,-2168.649414,1468.096924,77.184105,-4.686337,-5.449714,173.184177,-13.798713,9.043704,6.619668,68.018738,-11.827241,1.776058,-2.575163,4.783656,-14.468995,17.251926,-9.704800,-4.498306,1.373804,5.723757,0.932959,-5.492808,14.032008,-39.540520,70.999527,14.865467,9.713904,-3.031948,-1.263119,-16.065592,29.362709,71.784294,-9.575743,8.452107,-23.947485
925.000000,-2170.098145,1468.341675,77.323975,-4.403757,-5.696096,173.027725,-16.110760,9.298619,7.017764,65.487358,-14.322845,1.873578,-0.340709,4.780638,-14.031383,15.974328,-10.404801,-4.170728,2.147124,5.578844,1.045865,-5.408653,14.212379,-39.411678,71.013519,14.797711,9.690048,-3.124903,-2.282016,-16.245453,29.364374,71.315292,-9.627160,8.437524,-24.426268
926.000000,-2171.546631,1468.560913,77.426872,-4.126169,-5.921204,172.998386,-17.561277,9.465392,7.250611,63.186104,-15.485211,1.908124,1.211970,4.715741,-13.801558,15.088765,-10.880384,-3.944598,2.577865,5.453966,1.156219,-5.261468,14.262074,-39.294624,71.013420,14.696815,9.691368,-3.220315,-2.995203,-16.255842,29.366594,71.000893,-9.569190,8.323705,-24.778746
927.000000,-2173.044922,1468.759399,77.477631,-3.831497,-5.979492,173.074055,-19.822889,9.654825,7.468842,58.715485,-16.446623,1.923407,3.443436,4.521113,-13.611640,13.885870,-11.721543,-3.571931,3.065542,5.210620,1.257360,-4.873260,14.266696,-39.139599,70.913803,14.559722,9.722919,-3.483687,-4.129662,-16.101519,29.369429,70.517937,-9.356655,8.016666,-25.263313
928.000000,-2174.409180,1468.909302,77.461014,-3.692529,-5.978916,173.257914,-21.764265,9.771132,7.482068,53.904388,-16.481634,1.904310,5.285300,4.350187,-13.637794,12.933272,-12.536850,-3.187009,3.434438,5.035747,1.363719,-4.468190,14.205528,-38.863480,70.609650,14.335730,9.767426,-3.873735,-5.113728,-15.924141,29.369740,69.848549,-9.030501,7.755700,-25.533602
929.000000,-2175.856201,1469.039185,77.385490,-3.617056,-5.909833,173.631521,-23.369215,9.826179,7.338580,48.236568,-15.472212,1.750072,7.061160,4.243289,-13.882171,11.991055,-13.364325,-2.743195,3.763306,4.931808,1.454437,-4.157749,14.118599,-38.500549,70.336723,13.814392,9.806403,-4.346271,-5.993981,-15.720653,29.375217,69.138535,-8.576770,7.460320,-25.757299
930.000000,-2177.338623,1469.135498,77.238853,-3.621858,-5.781361,173.981750,-24.726229,9.768757,7.004994,42.003616,-13.762142,1.477778,8.713746,4.194962,-14.157040,11.255296,-14.339775,-2.294607,4.253426,4.908887,1.453970,-4.070808,14.153954,-37.910583,70.263390,13.274618,9.913920,-4.633970,-6.771470,-15.497414,29.409290,68.448280,-8.229320,7.130219,-26.001062
931.000000,-2178.883545,1469.172607,77.037460,-3.633987,-5.714389,174.210452,-25.554234,9.700438,6.815376,36.553070,-11.855597,1.116931,10.144988,4.127802,-14.304159,10.803107,-15.297980,-1.879181,4.791704,4.944913,1.477382,-3.953247,14.174752,-37.599907,70.162880,12.934431,9.920410,-5.163071,-7.436124,-15.259887,29.442682,67.988434,-8.050515,6.789264,-26.218681
932.000000,-2180.434326,1469.141602,76.791519,-3.645341,-5.579904,174.288870,-26.390934,9.580263,6.682998,30.811979,-9.621593,0.745578,11.679948,3.951616,-14.390778,10.634026,-16.656784,-1.316545,5.482595,5.054468,1.341481,-3.554300,14.115077,-37.337238,69.955261,12.587218,9.914232,-5.854220,-8.169405,-14.910254,29.416941,67.524315,-7.955357,6.443960,-26.443581
933.000000,-2182.010986,1469.061035,76.517067,-3.654248,-5.429388,174.419413,-26.776287,9.412400,6.612758,27.307600,-8.092467,0.625977,12.680537,3.718341,-14.614884,10.721903,-17.672564,-0.853935,5.949995,5.120368,1.214953,-3.194809,14.007464,-37.153759,69.820427,12.363278,9.913239,-6.377270,-8.615218,-14.648916,29.384800,67.127815,-7.914416,6.351737,-26.576675
934.000000,-2183.640381,1468.952271,76.195595,-3.581291,-5.320783,174.580634,-27.091541,9.110472,6.620425,23.511759,-6.483824,0.571585,14.071849,3.260698,-15.716915,10.810421,-19.025486,-0.167248,6.547322,5.097252,1.084738,-2.789906,13.848059,-36.991634,69.760406,11.988336,9.914557,-7.105674,-9.118883,-14.290384,29.383554,66.584488,-7.776237,6.290587,-26.769339
935.000000,-2185.293945,1468.799072,75.836273,-3.527581,-5.227112,174.679631,-27.163200,8.775896,6.584908,20.734482,-5.097521,0.579501,15.506441,2.670133,-17.279272,11.017970,-20.451900,0.605628,7.284192,5.009406,0.996886,-2.454990,13.632276,-36.887840,69.889168,11.513350,9.919964,-7.825009,-9.597426,-13.936707,29.436676,66.170387,-7.590060,6.197841,-26.993452
936.000000,-2186.979980,1468.592773,75.449387,-3.494564,-5.217049,174.782450,-27.186554,8.445875,6.534622,19.631453,-3.848109,0.785710,16.719069,2.079206,-18.486452,11.612014,-21.731691,1.458084,8.008354,4.941540,0.998701,-2.223351,13.367977,-36.800980,70.152962,11.032398,9.938592,-8.480775,-9.986748,-13.679728,29.626364,65.968315,-7.541854,6.081350,-27.237265
937.000000,-2188.745605,1468.368774,75.040680,-3.448910,-5.158907,175.165294,-27.168522,7.868368,6.802484,19.676538,-2.461987,1.293217,18.142519,1.223783,-20.047672,12.686713,-23.162767,2.676528,8.807726,4.666387,0.933873,-2.068070,13.287797,-36.504536,70.494568,10.641245,10.051606,-9.016550,-10.242739,-13.330681,29.856030,65.912514,-7.514875,5.964537,-27.467339
938.000000,-2190.611572,1468.159180,74.652992,-2.877051,-5.123699,175.854069,-27.204618,6.730415,7.150959,21.302776,-0.162121,2.536717,19.366676,-0.184851,-21.838657,14.175755,-24.531973,3.999123,9.323414,3.712152,0.918705,-2.125673,13.586362,-36.308155,70.864189,10.381888,10.254547,-9.533348,-10.284989,-12.835486,29.984905,65.876961,-7.525971,5.976336,-27.587751
939.000000,-2192.501465,1467.953247,74.394348,-1.956747,-5.076249,176.784780,-27.194704,5.544124,7.397605,23.088612,1.695408,3.034679,20.240561,-1.686347,-23.137972,15.639856,-25.276480,5.071356,9.608951,2.518796,0.972681,-2.192526,13.971039,-36.310234,71.142029,10.211254,10.491069,-9.965445,-10.282219,-12.280176,30.079386,65.873840,-7.567986,6.031221,-27.651199
940.000000,-2194.427002,1467.684692,74.281479,-1.057367,-4.976509,177.953224,-26.937815,3.830585,7.668996,25.173988,2.573303,3.606329,21.158592,-3.683144,-24.527140,18.017620,-25.248634,6.473117,9.740779,1.031512,0.973354,-2.219977,14.429677,-36.337646,71.535965,10.033877,10.880134,-10.432035,-10.247066,-11.498674,30.124390,65.959015,-7.726356,6.083376,-27.767921
941.000000,-2196.368896,1467.337280,74.286797,-0.400288,-4.909048,179.363555,-26.470051,2.264659,7.769442,26.749973,2.206774,4.183005,21.766905,-5.340163,-25.475765,20.573069,-24.040426,7.686533,9.704470,-0.018441,0.876988,-2.189144,14.704453,-36.353722,71.899864,9.871771,11.323371,-10.771653,-10.145759,-10.825665,30.154354,66.195557,-7.983068,6.085124,-27.967937
942.000000,-2198.396484,1466.903076,74.356239,0.093267,-4.849865,-179.149270,-25.545801,0.414248,7.709265,28.289505,1.448769,4.961162,22.204391,-7.168664,-25.996553,24.316219,-21.033049,9.057462,9.691906,-0.881573,0.667308,-2.068932,14.959669,-36.437340,72.066689,9.704681,12.022386,-11.103905,-9.914629,-10.108566,30.168226,66.556488,-8.158711,6.083000,-28.271975
943.000000,-2200.414795,1466.443604,74.471359,0.654144,-4.890938,-177.383983,-24.477943,-1.570060,7.247912,29.453115,-0.104448,5.604012,22.298937,-8.711184,-25.737171,28.057022,-17.162161,9.766376,9.751980,-1.609537,0.563489,-2.062453,15.185019,-36.582150,72.056953,9.611233,12.706348,-11.411413,-9.715006,-9.527528,30.272934,66.932495,-8.185582,6.074979,-28.582455
944.000000,-2202.399170,1465.949829,74.663185,1.201492,-4.912932,-175.782201,-23.194477,-3.544026,6.701184,30.162903,-2.204668,6.268577,21.896883,-10.122771,-24.913225,31.942221,-12.313647,9.432609,10.060460,-2.251944,0.569796,-2.147385,15.400626,-36.913685,71.856171,9.595633,13.347952,-11.540652,-9.657180,-9.031417,30.436304,67.441849,-8.182821,5.963910,-28.864067
945.000000,-2204.317871,1465.421265,74.910416,1.517692,-4.982441,-174.316123,-21.957184,-4.855522,6.218631,30.324125,-3.605707,6.843379,21.284348,-11.048173,-24.275644,34.970604,-7.400749,8.297606,10.398113,-2.464917,0.592523,-2.207453,15.514135,-37.352158,71.583916,9.597170,13.761636,-11.552641,-9.679336,-8.743196,30.523335,67.831306,-8.111279,5.761894,-29.064051
946.000000,-2206.147217,1464.903687,75.163849,1.893787,-5.003512,-173.115926,-20.325312,-6.256572,5.668890,30.062860,-4.940643,7.448627,20.178308,-12.026753,-23.401974,38.359665,-0.782269,6.151103,10.861261,-2.631576,0.559684,-2.279012,15.628278,-37.885403,71.343887,9.597640,14.100842,-11.554565,-9.751284,-8.469695,30.681366,68.255951,-7.929329,5.391217,-29.285988
947.000000,-2207.853516,1464.421143,75.387665,2.324249,-5.058439,-171.986893,-18.188694,-7.952042,4.947559,29.191828,-6.132614,8.074884,17.705797,-13.030379,-21.960150,43.283539,3.434209,3.659480,11.315468,-2.930390,0.605499,-2.474633,15.773701,-38.483170,71.192680,9.607364,14.425856,-11.525908,-10.154945,-8.163158,31.217562,68.860062,-7.668169,4.779629,-29.481735
948.000000,-2209.450195,1463.978638,75.587616,2.676483,-5.295249,-170.570467,-16.109190,-9.502610,3.838017,28.244488,-6.923481,8.619398,14.881821,-13.589988,-20.859715,48.959198,2.753680,1.937939,11.304402,-3.097160,0.861247,-2.753631,15.833822,-38.826454,71.006142,9.872523,14.774429,-11.467272,-10.669698,-7.906233,31.808506,69.456978,-7.538575,4.197532,-29.577000
949.000000,-2210.916992,1463.579834,75.770592,2.672244,-5.569018,-168.706676,-14.134732,-10.906726,2.135366,27.468925,-7.606170,9.014150,11.881217,-13.685013,-20.167246,54.825649,0.515446,0.610213,10.812199,-3.035803,1.041203,-3.084430,15.771069,-39.053505,70.828789,10.430130,15.121109,-11.331883,-11.156432,-7.584653,32.220608,70.185883,-7.534374,3.694891,-29.583960
950.000000,-2212.347656,1463.218994,75.961952,2.616583,-5.815154,-166.711813,-12.184817,-12.134949,0.093542,26.684080,-8.170475,9.275465,8.955634,-13.545871,-19.790792,59.804260,-2.206821,-0.310679,10.212851,-2.930729,1.089383,-3.527002,15.655938,-39.260471,70.769318,11.190151,15.394671,-11.142412,-11.469326,-7.206616,32.382267,70.957542,-7.543552,3.302801,-29.410069
951.000000,-2213.742676,1462.896118,76.154503,2.513974,-5.922727,-164.755007,-10.940224,-12.845914,-1.307491,26.112339,-8.505050,9.414010,6.890882,-13.423674,-19.503851,62.523125,-4.123079,-0.757183,9.914725,-2.917401,0.993290,-3.881667,15.607410,-39.410065,70.780510,11.686755,15.531646,-10.998915,-11.588328,-6.952603,32.390732,71.401016,-7.550823,3.149091,-29.110794
952.000000,-2215.091553,1462.617676,76.347527,2.338683,-6.044408,-162.705009,-8.952731,-13.808140,-3.766906,25.212879,-9.003333,9.601813,3.558236,-13.040217,-18.989927,65.767921,-7.126464,-1.269298,9.493573,-2.912426,0.905900,-4.692505,15.603346,-39.600578,70.713715,12.163497,15.624206,-10.757771,-11.779422,-6.676790,32.389904,71.776642,-7.562891,3.006917,-28.337448
953.000000,-2216.385254,1462.385986,76.534103,1.966107,-6.069370,-160.383199,-7.360929,-14.445260,-6.240052,24.656784,-9.475462,9.733106,0.554728,-12.346997,-18.471260,67.565872,-9.626324,-1.631023,8.992241,-2.851492,0.836134,-5.601330,15.687935,-39.711231,70.466339,12.509694,15.658754,-10.540460,-12.029128,-6.540061,32.376835,71.926506,-7.569754,2.808005,-27.527782
954.000000,-2217.562012,1462.220093,76.712128,1.552863,-6.136337,-158.042824,-5.936063,-14.880836,-8.870969,24.365849,-9.945434,9.841792,-2.394421,-11.368094,-17.870497,68.487373,-11.722107,-1.993852,8.461949,-2.764416,0.936718,-6.868525,15.767075,-39.660507,69.877937,12.855701,15.688942,-10.313208,-12.389407,-6.484753,32.216431,71.964638,-7.573568,2.554695,-26.728519
955.000000,-2218.705078,1462.085327,76.896248,1.156468,-6.195212,-155.672015,-4.465212,-15.191926,-11.554852,23.990026,-10.311979,9.964166,-5.392170,-10.444164,-17.300129,68.617287,-13.466257,-2.363302,7.933376,-2.748131,1.122190,-8.344743,15.860214,-39.418213,68.865532,13.028648,15.694276,-9.993191,-12.886723,-6.445415,31.752659,71.969070,-7.569338,2.285479,-25.864920
956.000000,-2219.845459,1461.964233,77.096573,0.747792,-6.212328,-153.438564,-3.158977,-15.299665,-13.859073,23.556238,-10.584570,10.080619,-8.083838,-9.548697,-16.674633,67.875671,-14.768169,-2.744878,7.516324,-2.736490,1.245181,-9.702689,15.872990,-39.023457,67.772034,12.801930,15.665099,-9.550116,-13.454185,-6.442327,31.399099,72.013161,-7.569237,2.073384,-25.126513
957.000000,-2220.953125,1461.843262,77.288040,0.326012,-6.301734,-151.285504,-1.875055,-15.280082,-15.942205,23.135145,-10.850660,10.174796,-10.435249,-8.732488,-16.122198,66.571365,-15.702110,-3.056503,7.104710,-2.697952,1.417087,-10.953712,15.802323,-38.668507,66.684120,12.363090,15.538456,-9.091105,-14.098589,-6.459043,31.196716,72.087448,-7.563320,1.875719,-24.575279
958.000000,-2222.062988,1461.687988,77.475258,-0.101307,-6.341086,-149.265653,-0.406162,-15.101122,-18.283474,22.687679,-11.202912,10.296431,-12.922287,-7.736887,-15.554048,63.977585,-16.310089,-3.382366,6.457769,-2.512689,1.531817,-12.219729,15.564303,-38.498440,65.486427,11.521777,15.232689,-8.496163,-14.906585,-6.514603,30.985189,72.255913,-7.487774,1.484384,-24.064047
959.000000,-2223.177979,1461.486572,77.644958,-0.543272,-6.401726,-147.387270,1.012797,-14.807484,-20.265755,22.238882,-11.569342,10.540263,-15.132545,-6.689201,-14.912778,60.382870,-16.619411,-3.681659,5.649396,-2.241951,1.558596,-13.154371,15.213872,-38.435070,64.492081,10.365518,14.877104,-8.102432,-15.782116,-6.611908,30.794060,72.558853,-7.436493,0.909122,-23.686699
960.000000,-2224.292480,1461.242310,77.778290,-0.965972,-6.398320,-145.781898,2.329797,-14.373545,-21.827950,21.929794,-12.070727,10.847503,-17.072958,-5.440154,-14.125366,56.159187,-16.370958,-3.871694,4.745865,-1.838528,1.482793,-13.686252,14.812344,-38.295773,63.510525,9.383820,14.661615,-7.974677,-16.549747,-6.822851,30.647331,72.880814,-7.597245,0.244955,-23.476034
961.000000,-2225.406250,1460.971069,77.855560,-1.364382,-6.426138,-144.140078,3.539931,-13.839798,-22.805138,21.567242,-12.748232,11.261221,-18.515263,-4.312231,-13.522947,52.079308,-15.807659,-3.947219,3.844981,-1.421118,1.391166,-13.947535,14.461573,-38.176563,62.646698,8.649076,14.605860,-7.960671,-17.044559,-7.148892,30.508442,72.940758,-7.772966,-0.268907,-23.397110
962.000000,-2226.521729,1460.687134,77.886734,-1.550040,-6.427042,-142.640936,5.028342,-13.480793,-24.545284,21.171654,-13.463681,11.337876,-19.946266,-3.203806,-12.867006,46.656799,-14.668967,-3.911153,2.863390,-1.125219,1.312621,-14.101805,14.089460,-38.160030,61.560745,7.855010,14.613275,-7.951671,-17.422594,-7.662793,30.396009,72.991631,-7.798235,-0.874426,-23.389479
963.000000,-2227.657227,1460.392456,77.870979,-1.608310,-6.415285,-141.246237,6.195113,-13.278760,-25.875553,21.019352,-14.123797,11.424425,-20.942545,-2.191995,-11.869212,41.352463,-13.368419,-3.722370,2.123527,-1.002108,1.289346,-14.135553,13.822043,-38.188660,60.768497,7.087722,14.626659,-7.954082,-17.632586,-8.139134,30.276735,73.232208,-7.775721,-1.418768,-23.448826
964.000000,-2228.794922,1460.096069,77.798340,-1.634945,-6.355854,-139.903031,6.995567,-13.091724,-26.576366,21.004894,-14.767802,11.590666,-21.664293,-1.408169,-10.908258,37.390293,-12.340374,-3.463270,1.608705,-0.947349,1.290298,-14.145473,13.688825,-38.227715,60.350231,6.507817,14.628326,-7.977728,-17.735003,-8.522491,30.170309,73.634010,-7.607619,-1.835120,-23.563139
965.000000,-2229.952148,1459.793945,77.684937,-1.693249,-6.099134,-138.330384,7.807174,-12.850851,-27.669235,21.248447,-15.814800,11.737351,-22.677507,-0.477984,-9.591052,32.365662,-10.971067,-2.965095,0.910813,-0.898481,1.207192,-14.152216,13.640003,-38.332367,59.923656,5.752500,14.666869,-8.021074,-17.673040,-9.139567,30.061388,74.260109,-7.136886,-2.239748,-23.764845
966.000000,-2231.140625,1459.490356,77.541908,-1.663290,-5.830258,-136.630518,8.411967,-12.623230,-28.615557,21.553734,-16.821823,11.820913,-23.570398,0.047995,-8.496673,28.126139,-9.858543,-2.394731,0.201736,-0.932002,1.170617,-14.138118,13.782238,-38.607971,59.457878,5.183608,14.770777,-8.024714,-17.400646,-9.789807,29.876133,74.649269,-6.701400,-2.368596,-23.987902
967.000000,-2232.378662,1459.187988,77.371422,-1.480805,-5.520143,-134.960912,9.200706,-12.315864,-29.377756,21.650591,-17.961679,11.972029,-24.796623,0.316966,-7.040151,23.941454,-8.781911,-1.611461,-0.553337,-1.225188,1.190181,-14.047366,14.184791,-39.100979,58.787544,4.887967,14.947262,-7.976191,-16.791975,-10.582109,29.559950,74.895546,-6.372198,-2.398407,-24.285370
968.000000,-2233.680176,1458.876953,77.186684,-1.306033,-5.201598,-133.095062,9.898884,-11.978558,-30.031094,21.777674,-19.008883,12.108802,-25.947115,0.399720,-5.513779,20.962751,-8.000263,-0.952349,-1.369452,-1.621951,1.246367,-13.834557,14.736259,-39.522831,58.137760,4.635916,15.122745,-7.814164,-16.082724,-11.195606,29.068529,75.024147,-6.225722,-2.402462,-24.592627
969.000000,-2235.017090,1458.548218,77.007729,-1.189029,-5.002728,-131.199184,10.653618,-11.337346,-30.100105,21.930279,-20.071962,12.221983,-26.841309,0.402723,-4.048955,18.588993,-7.545512,-0.433461,-2.365299,-2.012152,1.363237,-13.481809,15.462170,-40.021118,57.475697,4.202291,15.311719,-7.615899,-15.305193,-11.635451,28.527040,75.204857,-6.123346,-2.410545,-25.012506
970.000000,-2236.433594,1458.152344,76.812897,-1.121844,-4.693623,-129.172210,11.372932,-10.236952,-28.865208,21.875414,-21.161665,12.268600,-27.538231,0.273231,-2.677618,16.788836,-7.461268,0.028870,-3.487187,-2.345749,1.255297,-12.932923,16.301855,-40.734417,56.670872,3.692953,15.667683,-7.448709,-14.483204,-11.913136,28.225040,75.737778,-6.018595,-2.457517,-25.532345
971.000000,-2237.878906,1457.720459,76.575195,-1.048948,-4.369283,-127.089572,11.954219,-9.004472,-27.024223,21.782557,-22.256458,12.322186,-28.072174,0.123943,-1.190581,15.763066,-7.457403,0.428093,-4.577755,-2.572423,1.092879,-12.411518,17.071989,-41.383587,55.854111,3.276424,16.025330,-7.363540,-13.778146,-12.066492,28.047117,76.422348,-5.962922,-2.484809,-26.021488
972.000000,-2239.334717,1457.265503,76.263496,-0.884230,-4.051592,-125.122176,12.508031,-7.741093,-24.787533,21.679329,-23.428278,12.261457,-28.553213,-0.041116,0.460739,15.354107,-7.541350,0.783287,-5.464458,-2.782548,1.017760,-11.998215,17.760685,-41.854286,55.052273,2.972862,16.298595,-7.318483,-13.076947,-12.215948,27.899260,77.079636,-5.860718,-2.493414,-26.513783
973.000000,-2240.828613,1456.785889,75.822495,-0.578464,-3.752543,-123.309123,13.055539,-6.350410,-21.780672,21.748510,-25.031992,12.051340,-29.135221,-0.124877,2.642819,15.800254,-7.654488,1.123377,-6.259340,-3.006347,1.060598,-11.617001,18.481272,-42.131592,54.193802,2.703001,16.468281,-7.281979,-12.358377,-12.363853,27.580896,77.797760,-5.651200,-2.497662,-27.089121
974.000000,-2242.291016,1456.293823,75.199074,-0.076655,-3.411430,-121.819018,13.327605,-5.175871,-18.311722,22.366419,-27.059383,11.419847,-29.952894,-0.088449,4.586392,18.139828,-7.860109,1.322295,-6.984067,-3.212880,1.152239,-11.299562,19.157610,-42.294716,53.536366,2.471964,16.515329,-7.256701,-11.905680,-12.413715,27.023987,78.511589,-5.315003,-2.499239,-27.728918
975.000000,-2243.749268,1455.758545,74.314949,0.679684,-2.943094,-120.595699,13.112217,-4.242153,-14.280501,23.956636,-29.878794,10.164926,-31.266060,-0.079637,5.132418,23.208105,-8.339622,1.606170,-7.756038,-3.312704,1.064601,-11.022840,19.799381,-42.676075,53.131554,2.128680,16.530373,-7.252594,-11.706056,-12.463852,26.513781,79.181252,-4.963245,-2.498087,-28.490166
976.000000,-2245.027100,1455.206055,73.316238,1.107871,-2.382751,-119.995553,12.450189,-3.712883,-11.046373,26.520861,-33.386452,8.415027,-32.789852,0.203674,4.888843,28.255219,-7.107091,1.903143,-8.367918,-3.023815,0.869327,-10.779312,20.115009,-42.943317,53.135265,1.797454,16.505718,-7.218311,-11.678794,-12.654120,26.256023,79.583656,-4.784618,-2.500604,-29.123219
977.000000,-2245.933838,1454.692139,72.525009,0.565568,-2.244287,-119.378768,11.561450,-3.430443,-9.270804,30.134844,-36.861179,6.003883,-35.125175,0.486229,3.289735,33.475166,-4.786395,1.900398,-9.248053,-1.104300,1.760992,-10.786666,19.771477,-42.995689,53.472736,1.216371,16.445801,-7.108392,-12.036930,-13.432303,26.053556,79.650925,-4.768916,-2.604715,-29.692450
978.000000,-2246.685791,1454.109741,72.024315,-0.599954,-1.666862,-118.548101,10.056062,-3.409101,-8.769764,33.366383,-39.163242,4.280362,-36.666771,0.150284,0.165740,36.783592,-5.551191,1.749807,-10.194735,1.569129,2.203053,-10.770576,18.888113,-43.041538,54.135834,0.398785,16.302580,-7.083745,-11.747423,-14.394063,26.043777,79.675446,-4.860006,-2.732522,-29.995365
979.000000,-2247.435791,1453.561890,71.771088,-1.665934,-1.156460,-117.737348,8.589367,-3.680893,-8.170938,35.962093,-39.958157,3.741145,-37.584843,-0.447737,-3.124174,39.281002,-8.142076,1.316480,-10.753288,3.889972,2.196847,-10.697676,17.998953,-43.161938,55.050968,-0.320886,16.055939,-7.098958,-10.807741,-15.052609,26.048126,79.957916,-4.923345,-2.792697,-30.087269
980.000000,-2248.300781,1453.091309,71.695641,-2.105398,-0.957905,-116.868683,7.813528,-3.917990,-6.947172,37.848225,-39.481697,3.827239,-37.782822,-1.340732,-5.740191,41.320992,-10.666332,0.563436,-11.172646,4.877899,1.901119,-10.504539,17.579231,-43.425991,56.243931,-0.749761,15.659463,-7.112567,-9.355523,-15.027996,26.050320,80.530289,-4.923110,-2.806222,-30.023451
981.000000,-2249.253906,1452.672241,71.746674,-2.280089,-1.025387,-115.621460,7.619384,-3.708498,-5.963172,39.176914,-38.136074,3.942415,-37.345837,-2.208150,-7.620295,42.624050,-12.191781,-0.238432,-11.680548,4.959857,1.422872,-10.235853,17.445665,-43.706032,57.734737,-0.989436,15.228036,-7.087373,-7.725265,-14.627847,26.051868,81.130699,-4.891485,-2.821850,-29.823278
982.000000,-2250.288330,1452.202759,71.937935,-2.680396,-1.150114,-114.248839,7.684028,-2.693566,-5.480906,40.226246,-37.033302,4.546901,-36.390095,-2.614628,-9.184793,43.159554,-13.133745,-0.953757,-12.102198,4.977407,0.739469,-9.844000,17.237816,-43.888508,59.562340,-1.116199,14.921128,-7.037897,-5.871163,-14.225939,26.054199,81.640457,-4.838440,-2.830992,-29.503942
983.000000,-2251.281982,1451.674194,72.236038,-3.439798,-1.301474,-113.164643,7.759737,-1.009615,-5.875905,41.491722,-35.177612,3.901459,-34.828156,-2.173242,-10.676948,42.908493,-14.074430,-1.561561,-12.146451,5.432920,-0.221827,-9.213205,16.802929,-43.941879,61.677036,-1.125296,14.857548,-6.978723,-3.551546,-14.059353,26.055204,81.949226,-4.767299,-2.838854,-29.057238
984.000000,-2252.267822,1451.143799,72.560516,-4.323513,-1.660088,-112.219898,7.608365,0.950995,-6.096610,43.415749,-32.698097,2.774544,-33.129982,-0.841311,-11.365772,42.594456,-15.268868,-1.259168,-11.691998,6.146501,-0.994328,-8.574452,16.442337,-44.024536,63.210667,-1.113308,15.136347,-6.995398,-1.461226,-14.125133,26.052553,82.057121,-4.604501,-2.840835,-28.614548
985.000000,-2253.237549,1450.692261,72.834763,-4.890573,-2.527923,-110.747735,6.894435,2.761305,-6.290813,47.180660,-28.942120,1.582855,-31.324236,0.878184,-10.463491,43.669315,-16.189585,-0.991833,-11.079637,6.585719,-0.955201,-8.413782,16.288033,-44.183739,64.196182,-1.028371,15.636188,-7.082207,0.152134,-14.245155,26.042793,82.093117,-4.238994,-2.862605,-28.187820
986.000000,-2254.204102,1450.223022,73.036102,-5.251519,-3.315649,-108.421013,4.959596,4.193982,-6.993950,52.719463,-23.457220,0.206230,-28.804897,1.911153,-8.318219,45.470245,-17.431793,-0.812549,-10.768627,6.753022,-0.687100,-8.591389,16.216520,-44.517040,64.761429,-0.570103,16.058699,-7.139683,1.492615,-14.452950,26.141798,82.094795,-3.595383,-3.055907,-27.717625
987.000000,-2255.225830,1449.663696,73.094894,-5.275273,-3.718145,-106.095308,2.056477,5.494084,-7.239968,58.298973,-16.089560,-1.914626,-25.923145,2.321183,-6.218714,46.328251,-19.803553,-0.446737,-10.094833,6.808096,-1.104707,-8.654297,16.259727,-45.026112,64.985985,0.030771,16.406717,-7.150840,2.692430,-14.784495,26.347433,82.097717,-2.930363,-3.425433,-27.150881
988.000000,-2256.162354,1449.150513,72.917259,-5.140110,-3.725470,-104.268899,-0.711176,6.272727,-7.380577,62.471436,-9.804127,-3.206801,-23.597235,2.386359,-4.877841,45.699345,-22.573036,-0.012075,-9.413452,6.821664,-1.655290,-8.654999,16.454639,-45.315231,64.991386,0.448228,16.638439,-7.145490,3.158218,-15.136868,26.464933,82.124550,-2.553014,-3.782967,-26.683687
989.000000,-2256.900879,1448.790161,72.634285,-5.815437,-4.413813,-102.950605,-4.061165,7.682702,-7.505345,68.164551,-4.273483,-4.507704,-22.018654,2.638710,-5.683761,45.500900,-22.053862,0.202049,-8.132448,7.641824,-1.256385,-8.945858,16.676620,-45.406105,64.889114,1.091311,16.831436,-7.010467,2.505264,-15.971959,26.520746,82.104698,-2.303686,-4.274637,-26.101185
990.000000,-2257.503662,1448.451050,72.477417,-6.617742,-5.218597,-101.395868,-7.320842,8.786016,-8.085382,73.852348,-3.440284,-4.681874,-20.168415,2.847435,-7.680721,45.238335,-20.823151,0.268484,-7.386396,8.967503,0.086175,-9.224458,16.754839,-45.363949,64.724121,2.078372,16.969799,-6.807262,1.078203,-17.081306,26.608934,81.904640,-2.288308,-4.737986,-25.689398
991.000000,-2258.098877,1448.055908,72.523415,-7.099878,-5.702158,-99.848331,-10.864377,9.310885,-8.141541,78.525261,-4.329073,-4.172120,-18.375040,2.826573,-9.460218,44.891685,-21.414114,0.310814,-6.705980,9.754556,0.932010,-9.127088,16.840704,-45.166908,64.742271,3.427941,17.065039,-6.621437,-0.151381,-17.974277,26.921635,81.578331,-2.478454,-5.232487,-25.549953
992.000000,-2258.758301,1447.564819,72.767677,-7.145952,-5.901145,-98.337828,-14.502538,9.643887,-7.297967,81.712921,-5.745646,-3.146744,-16.659742,2.599085,-10.819575,44.059277,-22.130728,0.295895,-5.975472,9.726174,1.092775,-8.568168,17.071995,-44.591854,64.868195,4.600009,17.217119,-6.431207,-1.131633,-18.402676,27.380817,81.461830,-2.797838,-5.754524,-25.536310
993.000000,-2259.424316,1447.002563,73.161095,-6.834914,-6.121450,-97.123688,-17.663471,9.866905,-5.849240,83.248161,-7.180594,-2.120367,-14.724870,2.295160,-11.677240,42.697201,-22.490742,0.175925,-5.084559,9.001216,1.071127,-7.717308,17.467876,-43.739155,64.907547,5.465589,17.438610,-6.306671,-1.961484,-18.445126,27.725416,81.446754,-3.003927,-6.144194,-25.532532
994.000000,-2260.060547,1446.372437,73.647224,-6.457756,-6.338651,-96.033928,-20.398075,10.026546,-4.487392,83.419037,-8.488148,-1.259255,-12.627274,2.144073,-12.202306,40.834915,-22.527620,-0.027872,-4.207206,8.069377,1.035111,-6.781598,17.911366,-42.950592,64.845375,6.040966,17.632833,-6.284104,-2.657207,-18.369286,28.026310,81.311798,-3.050322,-6.329256,-25.525459
995.000000,-2260.649414,1445.692871,74.167282,-6.016533,-6.591549,-95.004408,-22.395420,10.110105,-3.521425,82.767799,-9.296085,-0.723168,-10.833982,2.069699,-12.517601,39.093082,-22.385921,-0.203951,-3.571960,7.271491,1.108438,-6.123231,18.221972,-42.384350,64.791550,6.411541,17.748137,-6.334994,-3.130861,-18.328979,28.229002,80.932182,-3.033995,-6.362958,-25.504387
996.000000,-2261.168945,1444.983887,74.651230,-5.588177,-6.694851,-94.248346,-24.678883,10.265317,-2.459967,81.342522,-10.082877,-0.259834,-8.806867,2.012032,-12.759614,36.898312,-21.829458,-0.385604,-2.717376,6.340845,1.180313,-5.474168,18.490112,-41.658802,64.663719,6.945298,17.833231,-6.493755,-3.558858,-18.362179,28.462393,80.101143,-2.946131,-6.330064,-25.459358
997.000000,-2261.602295,1444.260010,75.078049,-5.386373,-6.755449,-93.709987,-27.333521,10.864697,-1.500726,78.624084,-10.826334,0.018082,-6.501507,2.163290,-13.044640,34.149677,-21.284517,-0.609701,-1.456485,5.599634,1.322113,-4.855770,18.612001,-40.527504,64.244888,7.650373,17.841652,-6.706692,-4.109417,-18.591675,28.949926,78.806854,-2.672334,-6.289226,-25.317375
998.000000,-2261.966797,1443.507690,75.435287,-5.220723,-6.778206,-93.260511,-29.506641,11.582575,-0.946936,75.244263,-11.189967,0.075402,-4.472080,2.405309,-13.294244,31.649578,-20.792397,-0.730726,-0.443588,5.186602,1.525544,-4.402229,18.585936,-39.375610,63.791054,8.020065,17.768036,-6.868504,-4.841996,-18.839769,29.427639,77.693970,-2.393439,-6.286551,-25.048082
999.000000,-2262.272949,1442.707764,75.724022,-5.127968,-6.685890,-92.758363,-31.406588,12.265297,-0.569114,70.795441,-11.291628,0.048127,-2.584608,2.586533,-13.629583,29.291265,-20.357552,-0.805221,0.374860,4.891644,1.647091,-4.092989,18.450905,-38.356152,63.532120,8.132556,17.543270,-6.979032,-5.717187,-19.093950,29.969677,76.780785,-2.178889,-6.292004,-24.647112
1000.000000,-2262.531006,1441.864990,75.947609,-5.149242,-6.422253,-92.107640,-33.047729,12.965201,-0.274781,64.721741,-10.840611,-0.192333,-0.802490,2.836832,-14.172110,26.873814,-19.912834,-0.863954,0.886566,4.757312,1.609991,-3.868298,18.245131,-37.585339,63.477554,8.161470,17.250237,-7.039777,-6.655991,-19.355818,30.627464,75.882500,-1.859096,-6.301191,-24.197647
1001.000000,-2262.718750,1441.006714,76.100449,-5.214599,-6.207331,-91.643711,-34.098888,13.507185,-0.101482,57.825588,-10.139236,-0.736838,0.878514,3.180090,-14.536477,24.648588,-19.553574,-0.930162,1.441727,4.752481,1.629963,-3.742581,17.955023,-36.897133,63.486832,8.286899,17.026733,-7.079831,-7.569995,-19.599159,31.103422,74.996490,-1.616803,-6.333698,-23.795876
1002.000000,-2262.830811,1440.098633,76.184662,-5.298096,-5.954057,-91.378792,-34.536312,13.820051,-0.010392,52.125557,-9.376513,-1.232343,2.064921,3.464002,-14.655838,23.123037,-19.368103,-0.951836,1.939656,4.856256,1.607399,-3.589838,17.665245,-36.403034,63.491283,8.488211,16.887209,-7.099562,-8.273025,-19.737047,31.270193,74.379784,-1.563655,-6.393422,-23.524450
1003.000000,-2262.875732,1439.108521,76.206749,-5.361902,-5.759643,-91.289028,-34.703560,14.100262,0.113813,44.820705,-8.225966,-1.876396,3.491937,3.766075,-14.668667,21.498308,-19.341997,-0.882254,2.621457,5.064704,1.562338,-3.342851,17.267563,-35.940102,63.498375,8.772363,16.759123,-7.160719,-9.170133,-19.830256,31.464514,73.731453,-1.537260,-6.535190,-23.233490
1004.000000,-2262.855713,1438.011108,76.173561,-5.381023,-5.571456,-91.265541,-34.461750,14.192146,0.210175,38.069336,-7.013365,-2.472288,4.823411,3.933145,-14.567830,20.276852,-19.565508,-0.715150,3.314000,5.275507,1.459306,-3.057441,16.896452,-35.693108,63.558151,8.929379,16.670145,-7.290117,-9.942958,-19.817991,31.745110,73.266434,-1.526784,-6.715750,-22.978912
1005.000000,-2262.779053,1436.841431,76.097183,-5.294106,-5.353473,-91.248263,-33.973747,14.048476,0.400562,31.942574,-5.765863,-2.994364,6.063036,3.869248,-14.467083,19.422934,-20.070847,-0.446272,3.984355,5.380257,1.214864,-2.748209,16.564619,-35.570339,63.755310,8.978786,16.578913,-7.450043,-10.496889,-19.757542,32.086098,72.834290,-1.529494,-6.871094,-22.692513
1006.000000,-2262.661377,1435.651733,75.993813,-4.991957,-5.233235,-91.426547,-33.184341,13.777908,0.964736,26.865091,-4.600430,-3.400628,7.154684,3.463313,-14.217202,19.143734,-20.914160,-0.060094,4.727228,5.242577,1.020079,-2.437437,16.337484,-35.502251,64.061394,8.973551,16.470716,-7.575334,-10.892306,-19.629910,32.398670,72.450333,-1.536168,-6.950921,-22.388891
1007.000000,-2262.493408,1434.356567,75.874977,-4.397905,-5.274177,-91.764617,-32.058582,13.251800,1.743207,23.352587,-3.386557,-3.627223,8.211340,2.599372,-13.773859,19.429308,-22.068785,0.460565,5.540914,4.749638,1.071557,-2.135856,16.255316,-35.460018,64.458405,8.801363,16.362663,-7.632989,-11.202119,-19.391829,32.665253,72.071121,-1.471906,-6.948906,-22.085903
1008.000000,-2262.282471,1433.015015,75.761452,-3.564138,-5.232099,-92.221148,-30.837482,12.474602,2.686914,21.194832,-2.128832,-3.698707,9.132774,1.350395,-13.251980,19.960007,-23.360046,1.103557,6.280717,3.947963,1.076871,-1.746169,16.266016,-35.461857,64.929413,8.575942,16.296452,-7.654004,-11.367296,-18.996639,32.840378,71.690956,-1.422972,-6.843328,-21.811790
1009.000000,-2262.028809,1431.597412,75.650528,-2.489470,-5.112018,-92.766112,-29.868135,11.690181,3.484564,20.266293,-1.223893,-3.655785,9.764841,0.134239,-12.830769,20.440462,-24.396547,1.688388,6.808985,3.104563,1.032441,-1.391282,16.314991,-35.464252,65.328651,8.527130,16.269682,-7.684753,-11.381182,-18.575336,32.906246,71.412453,-1.480460,-6.666223,-21.608074
1010.000000,-2261.725830,1430.125977,75.531380,-1.308153,-4.859347,-93.276193,-28.601162,10.405311,4.546426,19.834246,-0.099261,-3.480441,10.555326,-1.770641,-12.303821,21.069450,-25.762293,2.595167,7.391552,1.726706,0.903798,-0.810564,16.456427,-35.467140,65.815300,8.654961,16.253607,-7.787347,-11.323602,-17.873583,32.958958,71.091904,-1.748597,-6.298015,-21.266956
1011.000000,-2261.330322,1428.623779,75.395599,-0.318916,-4.522683,-93.718778,-27.489534,9.161234,5.564111,20.010782,0.684847,-3.148660,11.054747,-3.726128,-12.046126,22.028669,-26.864517,3.571289,7.618334,0.465578,0.704885,-0.183975,16.567535,-35.472450,66.278168,8.968202,16.218805,-7.981914,-11.243543,-17.218176,32.964279,70.686134,-2.258174,-5.897163,-20.820545
1012.000000,-2260.821045,1427.116211,75.277039,0.298571,-4.389922,-93.999397,-26.255840,8.298553,6.798884,20.853325,0.899910,-2.591188,10.883460,-5.609434,-12.212852,24.810972,-27.278334,4.509417,7.537432,-0.285381,0.752657,0.249206,16.499989,-35.480202,66.872818,9.311886,16.114340,-8.196055,-11.153111,-16.756430,32.968128,70.326302,-2.846934,-5.509608,-20.317879
1013.000000,-2260.202393,1425.517700,75.186363,0.623565,-4.326572,-94.038490,-24.831017,7.660065,8.363210,22.129808,0.478141,-1.872816,9.902203,-7.479050,-12.509439,29.620705,-26.636652,5.321936,7.169169,-0.700856,0.772498,0.662531,16.347515,-35.485909,67.421822,9.530176,16.026594,-8.364441,-10.815375,-16.409040,32.972065,70.092117,-3.256886,-5.036179,-19.848686
1014.000000,-2259.520508,1423.851196,75.159119,0.899627,-4.320248,-93.841471,-23.297714,6.824714,9.596535,23.097115,-0.082333,-0.635266,8.266602,-9.474602,-12.625777,35.878819,-24.327997,6.220143,6.752548,-1.089744,0.709595,0.977748,16.183767,-35.489464,67.888680,9.838058,15.942592,-8.488423,-10.091945,-16.139273,33.009171,69.959229,-3.467201,-4.400713,-19.458687
1015.000000,-2258.840576,1422.153564,75.267036,1.535660,-4.697936,-93.593808,-21.793446,5.613786,10.447615,23.899521,0.117765,0.148995,6.522094,-12.010772,-12.399237,42.661484,-19.531572,7.969656,6.534659,-1.990961,1.098040,1.016004,16.176664,-35.486877,68.276306,10.418137,15.769846,-8.513275,-9.203685,-15.759315,33.035297,70.043503,-3.624826,-3.689296,-19.075579
1016.000000,-2258.124756,1420.363525,75.478836,2.020187,-4.955375,-93.456162,-20.486448,4.763210,11.124104,24.249832,-0.042571,0.642404,5.008810,-13.798114,-11.880197,47.423996,-14.161445,8.573078,6.513918,-2.630610,1.180007,1.136451,16.179949,-35.489628,68.492424,10.990389,15.583127,-8.485369,-8.336670,-15.534443,33.083992,70.225914,-3.747395,-3.214422,-18.763321
1017.000000,-2257.362061,1418.525269,75.733521,2.294678,-4.876000,-93.359953,-18.856182,3.701871,11.727000,24.275309,-0.272001,1.327429,2.709797,-15.661305,-10.948847,52.527084,-5.650827,7.215550,6.562238,-3.149638,0.758108,1.445567,16.131880,-35.532139,68.600586,11.738714,15.332419,-8.371138,-6.988875,-15.566007,33.330521,70.439980,-3.946899,-2.709244,-18.415352
1018.000000,-2256.643799,1416.796631,75.966232,2.862666,-4.612565,-93.476923,-17.451595,2.437840,12.375036,24.278160,-1.848443,1.975847,-0.146576,-17.349236,-9.690102,56.768124,1.663298,4.062922,6.710230,-3.823212,0.212850,1.593459,16.142769,-35.578796,68.571793,12.438759,15.100395,-8.115070,-5.826016,-15.861316,33.876160,70.623100,-4.234542,-2.316012,-18.164227
1019.000000,-2255.972168,1415.260254,76.167068,3.093180,-4.521735,-93.370175,-16.106474,1.330446,12.729876,24.307518,-3.628259,2.510960,-3.240778,-18.253502,-8.898669,60.980888,1.273383,2.005941,6.499818,-4.186836,0.197257,1.312843,16.141108,-35.586010,68.463936,13.180255,14.884551,-7.724962,-5.215946,-16.379030,34.463692,70.770683,-4.465641,-1.981391,-17.981424
1020.000000,-2255.344482,1413.838867,76.374710,2.957967,-4.733497,-93.107419,-14.650634,0.599013,12.621590,24.395678,-5.191967,2.954901,-6.339716,-18.172525,-8.954934,64.852081,-2.358353,0.907358,6.009992,-3.999674,0.802323,0.519752,16.096872,-35.594448,68.354614,14.146276,14.615608,-7.260841,-4.958371,-17.038042,34.930767,70.831955,-4.988131,-1.511632,-17.824261
1021.000000,-2254.785645,1412.434692,76.597527,2.857558,-4.967639,-92.717974,-12.994839,-0.128839,12.361663,24.020985,-6.339427,3.295179,-9.237461,-17.804493,-9.687284,67.242882,-5.933384,0.238532,5.399882,-3.799952,1.470492,-0.424960,16.135920,-35.652908,68.258316,15.006289,14.267752,-6.725343,-4.779390,-17.529551,35.345154,71.075928,-5.659353,-0.956843,-17.652046
1022.000000,-2254.292969,1411.008057,76.816162,2.828003,-4.946025,-92.325714,-11.414222,-0.898848,12.109918,23.244947,-7.193104,3.534465,-12.176537,-17.341667,-10.739207,68.033058,-8.996714,-0.148834,4.734013,-3.742754,1.722557,-1.322969,16.259911,-35.739773,68.213448,15.550209,13.854511,-6.158438,-4.438962,-17.779856,35.693752,71.421951,-6.313828,-0.338311,-17.431227
1023.000000,-2253.864746,1409.605103,77.018822,2.772591,-4.778106,-92.115766,-9.963230,-1.491683,11.980141,22.383884,-7.968179,3.712543,-15.029263,-16.580227,-11.689270,67.338715,-11.457785,-0.422120,4.185084,-3.679920,1.701110,-2.142244,16.398973,-35.778442,68.177734,15.840458,13.448743,-5.608535,-3.964181,-17.814846,35.816879,71.666763,-6.848303,0.327210,-17.153381
1024.000000,-2253.483154,1408.190552,77.203384,2.669841,-4.572390,-91.817707,-8.895846,-1.876208,11.812165,21.720570,-8.528687,3.836887,-16.950909,-15.887808,-12.489559,65.894669,-12.961712,-0.586438,3.716109,-3.597971,1.639888,-2.745163,16.496410,-35.787502,68.110115,15.954373,13.184541,-5.219223,-3.573071,-17.716526,35.823311,71.771606,-7.219190,0.843973,-16.913038
1025.000000,-2253.157715,1406.782837,77.358543,2.660336,-4.420049,-91.465698,-7.372786,-2.462761,11.488041,20.657152,-9.189294,3.988481,-19.217859,-15.001547,-13.613928,62.945686,-14.509886,-0.720481,2.990536,-3.560224,1.536545,-3.580687,16.633232,-35.849110,67.944420,16.064793,12.895957,-4.758299,-3.002438,-17.419775,35.797855,71.839142,-7.681194,1.513093,-16.543753
1026.000000,-2252.882324,1405.422729,77.471687,2.614438,-4.231585,-90.870426,-5.918690,-3.068353,11.002028,19.605684,-9.778026,4.109239,-21.001625,-14.254089,-14.744832,59.143269,-15.325891,-0.775373,2.093374,-3.561316,1.392671,-4.359896,16.794176,-36.005093,67.603340,16.278322,12.647220,-4.413693,-2.450145,-16.998842,35.731869,71.845978,-7.988134,2.066814,-16.159683
1027.000000,-2252.643555,1404.066650,77.547485,2.604233,-4.038818,-90.335959,-4.562403,-3.617076,10.440984,18.669804,-10.398611,4.190538,-22.433182,-13.531240,-15.720330,54.506176,-15.476062,-0.791575,1.235056,-3.542689,1.220677,-5.217127,16.951401,-36.179695,67.109230,16.450638,12.391209,-4.204145,-1.865930,-16.551720,35.680531,71.802361,-8.118957,2.521403,-15.760098
1028.000000,-2252.440918,1402.750122,77.592255,2.629482,-3.904566,-89.878992,-3.111559,-4.113145,9.988496,17.689802,-11.006337,4.225345,-23.459360,-12.693861,-16.209732,49.052685,-14.946856,-0.790961,0.607347,-3.533417,1.128661,-6.111800,17.111315,-36.365868,66.473366,16.380466,12.040859,-4.031342,-1.327854,-16.146753,35.673447,71.709694,-8.135294,2.898178,-15.347296
1029.000000,-2252.263916,1401.424927,77.618271,2.700882,-3.745250,-89.636607,-1.558746,-4.561756,9.697102,16.527891,-11.534747,4.234904,-24.015104,-11.782787,-16.389772,42.558205,-13.343925,-0.791276,0.258533,-3.514380,1.010113,-7.002281,17.178022,-36.420303,65.988052,16.003185,11.489614,-3.810326,-0.828166,-15.807601,35.672642,71.696564,-8.139612,3.158941,-14.980270
1030.000000,-2252.107178,1400.078247,77.601425,2.822457,-3.568841,-89.510447,-0.031660,-4.974936,9.571579,15.383212,-12.076958,4.215936,-24.336979,-11.063568,-16.567741,36.262119,-11.252380,-0.798276,0.133274,-3.496128,0.887482,-7.792298,17.204672,-36.425770,65.516121,15.442275,10.868944,-3.542488,-0.417366,-15.554257,35.673969,71.692909,-8.145350,3.366683,-14.696955
1031.000000,-2251.981445,1398.755371,77.538536,2.953605,-3.395276,-89.362191,0.952437,-5.235452,9.484008,14.718681,-12.498796,4.192091,-24.439188,-10.673299,-16.670851,32.364063,-9.717596,-0.800835,0.032808,-3.465348,0.829297,-8.250865,17.208941,-36.426800,65.181900,15.021139,10.461349,-3.345472,-0.224430,-15.429253,35.674599,71.686249,-8.148208,3.473082,-14.555291
1032.000000,-2251.891602,1397.447632,77.431236,3.050058,-3.269699,-89.011091,2.388810,-5.612323,9.165611,14.034400,-13.377407,4.122371,-24.410219,-10.152383,-16.675161,26.875692,-7.234389,-0.799232,-0.248802,-3.386142,0.780462,-8.919599,17.172644,-36.427494,64.673714,14.440244,9.848817,-3.004399,0.001388,-15.314933,35.676525,71.658051,-8.147403,3.582816,-14.393354
1033.000000,-2251.833496,1396.091309,77.287926,3.106212,-3.138294,-88.667306,3.558170,-5.845813,8.760217,13.793218,-14.389724,4.028248,-24.206535,-9.702794,-16.318598,23.070898,-5.337596,-0.804521,-0.514925,-3.251164,0.749649,-9.353529,17.058861,-36.429863,64.273781,14.179487,9.361073,-2.657071,0.187410,-15.287251,35.680759,71.651459,-8.149420,3.641979,-14.322105
1034.000000,-2251.801514,1394.731934,77.135544,3.001956,-2.946089,-88.268362,4.554605,-5.844351,8.347692,13.825787,-15.595022,3.909665,-23.927090,-9.234708,-16.004438,20.294321,-3.949394,-0.874417,-0.793118,-2.919655,0.600696,-9.466758,16.902822,-36.429245,63.891197,14.065419,8.973724,-2.360551,0.397761,-15.314216,35.681023,71.649757,-8.214376,3.697186,-14.311624
1035.000000,-2251.806396,1393.353149,76.968468,2.695955,-2.792288,-87.552815,5.241741,-5.520627,7.634893,14.613960,-17.186607,3.710974,-23.287735,-8.775070,-15.978277,18.276073,-2.744200,-1.230993,-1.370572,-2.320782,0.497059,-9.398887,16.763119,-36.425564,63.467781,14.071501,8.709357,-2.182211,0.616367,-15.360128,35.669483,71.643768,-8.552617,3.778071,-14.309533
1036.000000,-2251.854980,1391.911011,76.774155,2.280654,-2.607687,-86.875291,5.735796,-5.050879,6.982516,15.597764,-18.769468,3.458501,-22.623674,-8.326437,-15.978690,17.441885,-1.870546,-1.900304,-1.812405,-1.698257,0.407014,-9.253695,16.708445,-36.421768,63.059799,14.152038,8.535491,-2.084949,0.882119,-15.375997,35.663990,71.639282,-9.009172,3.860915,-14.309028
1037.000000,-2251.911377,1390.452026,76.617798,1.444281,-2.450545,-86.399798,6.346488,-3.861167,6.405761,16.959799,-20.837309,3.005522,-21.730028,-7.272313,-16.187290,17.715034,-0.240665,-3.935420,-2.064394,-0.408930,0.365067,-8.964466,16.597548,-36.417194,62.680439,14.238096,8.324442,-1.893656,1.272552,-15.454707,35.664211,71.641998,-9.407142,3.971035,-14.303865
1038.000000,-2251.985840,1389.021729,76.505447,0.464647,-2.258248,-86.118442,6.736831,-2.744423,6.238856,17.961994,-22.189243,2.609650,-21.241318,-6.459432,-16.576406,18.405359,0.243757,-4.475151,-2.128290,0.691912,0.321284,-8.706163,16.525702,-36.419895,62.585266,14.268464,8.165295,-1.718535,1.557888,-15.497205,35.665234,71.646591,-9.566013,4.088057,-14.283501
1039.000000,-2252.122803,1387.583496,76.443001,-0.344846,-2.117252,-85.817207,7.066566,-1.326400,6.338850,19.605469,-23.472950,2.032150,-20.682402,-5.658122,-17.223330,19.645973,0.053694,-4.587652,-2.243624,1.865066,0.372816,-8.386117,16.559475,-36.469299,62.601521,14.331077,8.063125,-1.417899,1.838423,-15.434451,35.664738,71.650330,-9.691041,4.274252,-14.206549
1040.000000,-2252.314941,1386.235474,76.460960,-0.778118,-2.075860,-85.635880,7.039152,-0.146530,6.612708,22.111393,-23.842443,1.372493,-19.968132,-5.049330,-17.582581,20.809031,-0.652009,-4.621000,-2.329897,2.501785,0.543032,-8.059933,16.729761,-36.627468,62.746002,14.460923,8.086377,-0.978758,2.029884,-15.192410,35.673016,71.653801,-9.805132,4.523406,-14.081851
1041.000000,-2252.552490,1384.770630,76.559998,-1.257839,-2.124250,-85.514405,6.641975,0.938145,6.859365,25.229174,-23.480450,0.729235,-18.983509,-4.331784,-17.697748,21.288990,-1.396125,-4.677402,-2.345212,2.921411,0.679669,-7.675032,16.834827,-36.817055,62.950237,14.872477,8.199325,-0.467960,2.177673,-14.944928,35.781757,71.655685,-10.070527,4.811343,-13.980386
1042.000000,-2252.800293,1383.333252,76.704918,-1.719492,-2.184498,-85.498870,5.716929,2.435851,7.214597,29.960251,-22.000540,-0.059387,-17.376282,-3.200631,-17.762169,21.175320,-2.330946,-4.744371,-2.214034,3.417046,0.615704,-6.995558,16.861193,-37.057495,63.287510,15.650639,8.403577,0.122514,2.444912,-14.692395,36.009785,71.662216,-10.365867,5.128955,-13.905277
1043.000000,-2253.070557,1381.797852,76.876862,-2.245161,-2.344921,-85.505100,4.527288,3.700260,7.501723,34.348850,-20.066416,-0.619076,-15.900671,-2.256985,-17.853189,20.534929,-2.760692,-4.772707,-2.133013,3.828212,0.521772,-6.427038,16.838995,-37.178692,63.597603,16.435392,8.526377,0.485418,2.615273,-14.643378,36.063503,71.731682,-10.563643,5.469454,-13.944942
1044.000000,-2253.352783,1380.235718,77.063812,-2.667872,-2.616475,-85.682000,2.749018,5.289386,7.759849,40.380291,-15.930273,-1.348361,-13.805678,-1.089544,-17.894499,19.599222,-3.525322,-4.774414,-1.874968,4.250615,0.409000,-5.613896,16.810692,-37.275723,64.189476,17.748730,8.658450,0.945583,2.804305,-14.718664,36.114899,71.878288,-10.888938,5.857207,-13.960276
1045.000000,-2253.645020,1378.641846,77.243164,-2.993860,-2.972601,-85.905126,0.791146,6.842801,7.896944,46.236774,-9.389920,-2.224701,-11.525881,-0.000097,-17.848404,18.598097,-4.580596,-4.782565,-1.580978,4.542481,0.368849,-4.762445,16.782000,-37.373165,65.017975,19.087254,8.906850,1.409531,2.907301,-14.911021,36.285095,71.908951,-10.996565,6.081621,-14.000609
1046.000000,-2253.911865,1377.078369,77.371803,-3.280742,-3.313040,-86.080927,-0.991643,8.150570,7.979695,50.867264,-3.550545,-2.290055,-9.498703,0.890082,-17.760921,17.714777,-5.492072,-4.800623,-1.287675,4.760490,0.365749,-4.036414,16.717966,-37.449284,65.780685,19.999979,9.269143,1.732485,2.910608,-15.174598,36.577591,71.829102,-11.000267,6.247925,-14.113250
1047.000000,-2254.134521,1375.608887,77.444252,-3.521988,-3.675570,-86.121769,-3.471799,9.505173,8.157076,55.233627,-1.750967,-1.686988,-7.205187,1.786584,-17.712362,16.805107,-6.583915,-4.760477,-0.842080,5.008432,0.487519,-3.440604,16.470242,-37.514214,66.772041,20.839539,9.717361,1.974512,2.738842,-15.559470,36.939816,71.654938,-10.996445,6.468748,-14.322992
1048.000000,-2254.306396,1374.234741,77.487190,-3.614219,-4.078137,-86.225470,-6.061321,10.352908,8.402989,58.881321,-3.537213,-0.763009,-5.272031,2.356760,-17.496859,16.324047,-7.654416,-4.618109,-0.171936,5.108217,0.859527,-3.127864,16.079687,-37.455486,67.739105,21.465332,10.025247,2.083857,2.298501,-15.849796,37.038170,71.626076,-11.004898,6.634561,-14.528774
1049.000000,-2254.421143,1372.896118,77.534691,-3.516565,-4.416940,-86.414461,-8.873264,10.769525,8.654848,61.630821,-5.936095,0.171651,-3.561234,2.648029,-17.160570,16.064688,-8.745266,-4.406682,0.681506,5.081417,1.254048,-2.843327,15.581510,-37.272186,68.550163,21.991676,10.289611,2.091387,1.660626,-16.116043,37.077118,71.617416,-11.024310,6.791483,-14.692289
1050.000000,-2254.479248,1371.568237,77.595863,-3.304940,-4.590620,-86.652997,-11.795338,10.813557,8.904119,62.936783,-8.442668,0.929127,-2.034275,2.719419,-16.730280,15.780075,-9.764789,-4.156653,1.556239,4.960180,1.455619,-2.326054,15.068534,-37.090908,68.979889,22.416145,10.554943,2.041011,0.849439,-16.333750,37.084030,71.616020,-11.050707,6.921898,-14.826708
1051.000000,-2254.499756,1370.252075,77.682312,-2.914421,-4.599026,-86.881399,-14.295341,10.584111,9.171343,62.547550,-10.618046,1.356212,-0.807645,2.583437,-16.328714,15.471383,-10.606149,-3.912952,2.206537,4.718850,1.472597,-1.664107,14.696504,-36.839176,69.067924,22.499508,10.686831,1.901487,-0.022897,-16.426926,37.079380,71.638535,-11.068754,6.954749,-14.956911
1052.000000,-2254.479248,1368.917480,77.761307,-2.554439,-4.581547,-86.978003,-17.212543,10.101414,9.377101,60.588318,-12.794901,1.656385,0.793830,2.326494,-15.935956,14.838133,-11.524561,-3.572037,2.760702,4.398880,1.468515,-0.827573,14.271800,-36.465424,69.160980,22.476412,10.717876,1.689868,-1.267485,-16.438046,36.997463,71.645584,-11.135257,6.944767,-15.162205
1053.000000,-2254.422119,1367.586670,77.810928,-2.280808,-4.515465,-87.140412,-19.485893,9.624811,9.364570,57.317059,-13.795721,1.728867,2.300131,2.175668,-15.615118,14.013780,-12.194880,-3.213689,3.221935,4.204362,1.408345,-0.161892,13.933988,-36.141159,69.241127,22.367517,10.740580,1.440138,-2.395087,-16.396606,36.896507,71.638260,-11.203374,6.872749,-15.448712
1054.000000,-2254.338379,1366.251709,77.809349,-2.111757,-4.405558,-87.366340,-21.436514,9.339788,9.362089,53.149750,-14.088176,1.691523,3.725823,2.128240,-15.260986,13.181686,-12.821140,-2.842916,3.832208,4.102852,1.357905,0.294155,13.688745,-35.965801,69.271545,22.244040,10.779243,1.143317,-3.503934,-16.343578,36.874100,71.539078,-11.221554,6.822613,-15.711552
1055.000000,-2254.235840,1364.926758,77.765297,-1.967890,-4.315121,-87.628615,-22.975130,9.143736,9.373832,47.827023,-13.584663,1.465766,5.152356,2.074725,-14.905252,12.437929,-13.529414,-2.458295,4.495730,3.985305,1.397671,0.592036,13.552773,-35.834431,69.288116,22.146818,10.805116,0.821359,-4.616880,-16.228016,36.778568,71.229630,-11.165747,6.799041,-15.914401
1056.000000,-2254.104980,1363.561768,77.681938,-1.815755,-4.296527,-87.947950,-23.844740,8.971992,9.375760,42.285072,-12.469769,1.104198,6.446701,1.981235,-14.556285,11.904883,-14.253139,-2.105876,5.123116,3.843024,1.502394,0.792699,13.484254,-35.661076,69.340820,21.983286,10.811884,0.571550,-5.528199,-16.050695,36.671753,70.849922,-10.968304,6.685531,-16.139027
1057.000000,-2253.934082,1362.148926,77.554909,-1.651858,-4.273384,-88.337379,-24.393484,8.634299,9.188116,35.229988,-10.393893,0.556700,7.922241,1.769432,-14.075250,11.571132,-15.323469,-1.677747,5.935241,3.614898,1.555501,1.042292,13.420913,-35.550148,69.464806,21.624332,10.817776,0.309471,-6.409623,-15.750595,36.638069,70.322746,-10.677735,6.430215,-16.464750
1058.000000,-2253.720215,1360.695557,77.379921,-1.527831,-4.156025,-88.717102,-24.700230,8.242911,8.839900,29.203764,-8.274693,0.054460,9.123389,1.524320,-13.665460,11.480089,-16.435942,-1.270118,6.702517,3.395871,1.440809,1.282719,13.356530,-35.535995,69.612106,21.277552,10.818377,0.041099,-6.982302,-15.414713,36.637398,69.786087,-10.343487,6.223378,-16.738955
1059.000000,-2253.455811,1359.192139,77.147934,-1.444844,-3.979295,-89.021394,-24.988472,7.813992,8.426241,24.193201,-6.378866,-0.300559,10.188217,1.226808,-13.380836,11.589086,-17.654341,-0.793902,7.405783,3.186981,1.260407,1.494078,13.298624,-35.531235,69.713943,20.959703,10.820238,-0.314041,-7.427882,-15.046782,36.637390,69.220268,-9.917575,6.134933,-16.939806
1060.000000,-2253.150635,1357.644043,76.870117,-1.296255,-3.817497,-89.334905,-25.092413,7.461012,8.244226,20.915363,-5.099262,-0.503480,10.971236,0.882854,-13.185771,11.879882,-18.740753,-0.372053,7.949138,2.957179,1.151627,1.631542,13.282299,-35.497677,69.766205,20.682278,10.818901,-0.627332,-7.734291,-14.729862,36.635666,68.736824,-9.621409,6.120950,-17.028242
1061.000000,-2252.808105,1356.058960,76.554123,-1.098251,-3.632666,-89.558792,-25.136192,6.993851,8.186893,17.800726,-3.866339,-0.648625,11.884098,0.352746,-13.036142,12.323853,-20.103651,0.175595,8.526861,2.577586,1.022542,1.779194,13.278181,-35.404057,69.908470,20.328775,10.813755,-0.972205,-8.024154,-14.352831,36.634480,68.087456,-9.387844,6.121092,-17.065540
1062.000000,-2252.419922,1354.425171,76.200325,-0.798445,-3.477663,-89.964376,-25.050066,6.438686,8.252885,15.455430,-2.607469,-0.622333,12.926897,-0.502587,-12.897748,13.096381,-21.887329,0.932104,9.246119,1.971057,0.848065,1.965599,13.278197,-35.284679,70.206375,19.936363,10.810281,-1.366845,-8.256945,-13.955987,36.635193,67.191528,-9.290070,6.122031,-17.091858
1063.000000,-2251.979980,1352.721558,75.816750,-0.297444,-3.321462,-90.484836,-24.761642,5.857897,8.338208,14.882642,-1.478679,-0.431971,13.768513,-1.634939,-12.798644,14.196517,-23.668880,1.746585,10.049207,1.199287,0.729502,2.129450,13.300077,-35.232380,70.560242,19.515015,10.810524,-1.746548,-8.464494,-13.573957,36.637165,66.522697,-9.242914,6.127311,-17.137604
1064.000000,-2251.471436,1350.967407,75.395271,0.336297,-3.074102,-90.949666,-24.515377,4.996713,8.431762,15.689890,-0.550713,-0.049243,14.423166,-3.154981,-13.167117,15.637975,-25.565756,2.638932,10.623494,0.228133,0.516497,2.391767,13.347142,-35.243668,70.947975,18.838625,10.813144,-2.146516,-8.748670,-13.147188,36.632973,66.077087,-9.180996,6.134400,-17.221157
1065.000000,-2250.946045,1349.255371,75.043312,1.323308,-3.015638,-91.060316,-24.524294,3.670069,8.725975,17.799946,2.231333,1.065140,14.944894,-5.232452,-13.890871,17.827702,-27.348074,3.684492,10.798992,-1.079110,0.590034,2.522413,13.407806,-35.255249,71.359024,18.118328,10.838356,-2.514721,-9.194736,-12.646288,36.552769,65.897453,-9.166629,6.148503,-17.355038
1066.000000,-2250.367676,1347.554077,74.820724,2.166231,-3.222986,-90.865588,-24.394005,2.439362,9.217116,20.206284,3.501095,1.589923,15.296913,-7.278100,-14.491111,20.701511,-28.207405,4.730407,10.769916,-2.224316,0.965381,2.521210,13.410983,-35.254505,71.644592,17.658815,10.875749,-2.790293,-9.539695,-12.237335,36.380230,65.855629,-9.169261,6.192168,-17.473034
1067.000000,-2249.715820,1345.781128,74.743286,2.557175,-3.511964,-90.396836,-23.955135,1.266886,9.565472,23.160681,3.040015,2.236003,15.277706,-9.303129,-14.834692,25.403366,-27.332739,6.080451,10.504800,-2.936067,1.191227,2.505596,13.291630,-35.260868,72.106857,17.087664,10.992399,-3.041754,-9.614879,-11.905201,36.172478,65.903450,-9.185316,6.330896,-17.616087
1068.000000,-2249.037109,1343.961182,74.803871,2.813635,-3.831714,-90.003309,-23.025486,0.323344,9.763277,25.213507,1.716567,2.820016,14.672628,-10.957151,-14.499904,30.670998,-24.583572,7.436705,10.409019,-3.263517,1.113243,2.508820,13.335019,-35.339859,72.550850,16.583342,11.234418,-3.302815,-9.331196,-11.629458,35.950394,66.082764,-9.194860,6.547253,-17.825773
1069.000000,-2248.387451,1342.135376,74.999870,3.292830,-4.192375,-89.562534,-21.544056,-0.947276,9.915972,26.400705,-0.658881,3.313024,13.537395,-12.650756,-13.441493,36.395592,-20.044277,7.987767,10.339222,-3.809489,0.925214,2.542147,13.593017,-35.687820,72.887222,16.107258,11.491226,-3.617971,-8.844250,-11.303498,35.807926,66.265785,-9.183792,6.848879,-18.028519
1070.000000,-2247.761963,1340.352417,75.273491,3.818008,-4.470014,-89.222413,-19.544058,-2.341582,10.064331,26.408716,-2.670155,3.799334,11.790297,-14.138901,-11.874747,41.993500,-12.956709,7.012881,10.284279,-4.401924,0.679759,2.589297,13.941137,-36.185127,72.994064,15.646284,11.703339,-3.926600,-8.327596,-11.051978,35.710308,66.333305,-9.096525,7.108620,-18.162586
1071.000000,-2247.158691,1338.696045,75.543137,4.219877,-4.777625,-89.166086,-17.584627,-3.378445,10.292305,25.941059,-4.060338,4.234622,9.650772,-15.119779,-10.203473,47.101898,-7.247128,5.522722,10.359567,-4.743382,0.591468,2.535255,14.186690,-36.540020,72.947624,15.410400,11.819700,-4.121658,-8.119249,-10.968768,35.669792,66.436424,-8.990296,7.173791,-18.292387
1072.000000,-2246.562500,1337.145386,75.802475,4.427338,-5.221324,-89.248075,-15.577197,-4.154159,10.471381,25.347494,-5.212324,4.629580,7.175950,-15.694090,-8.859779,52.047783,-4.757412,4.367113,10.413966,-4.751480,0.688390,2.373904,14.255824,-36.814907,72.855537,15.366112,11.888037,-4.227647,-8.188878,-11.015228,35.649010,66.723335,-8.945017,7.095667,-18.455233
1073.000000,-2245.981934,1335.668213,76.041985,4.500998,-5.766166,-89.228874,-13.162467,-4.935075,10.457864,24.571577,-6.383574,5.039226,4.172523,-16.084219,-7.931577,57.552044,-4.233274,3.249809,10.254912,-4.454335,0.961520,2.107307,14.197949,-37.069111,72.657906,15.403903,11.910015,-4.375383,-8.422514,-11.214295,35.569767,67.227600,-8.941347,6.873374,-18.612337
1074.000000,-2245.423828,1334.213379,76.259918,4.444257,-6.222572,-89.046630,-10.868580,-5.626618,10.251004,23.759357,-7.436623,5.373142,1.099962,-16.323347,-7.570137,62.137630,-5.035845,2.313817,9.832210,-4.003347,1.094191,1.901144,14.127640,-37.198898,72.280205,15.579823,11.909409,-4.642013,-8.575541,-11.516951,35.261299,67.709618,-8.997581,6.660472,-18.694374
1075.000000,-2244.918945,1332.790527,76.458954,4.340969,-6.680543,-88.767914,-8.608903,-6.250622,9.870611,22.844919,-8.359691,5.639936,-1.950862,-16.343555,-7.504771,65.540451,-6.501347,1.597542,9.253872,-3.521933,1.174137,1.566272,14.094654,-37.203068,71.891113,15.922188,11.898188,-4.948400,-8.594344,-11.892918,34.770123,68.036552,-9.152877,6.570028,-18.764261
1076.000000,-2244.501953,1331.433716,76.639626,4.211353,-7.035552,-88.424430,-6.598187,-6.752490,9.430120,21.874195,-9.064681,5.857516,-4.640000,-16.056046,-7.478173,67.478920,-8.160657,1.067524,8.638286,-3.174665,1.225093,1.103359,14.135855,-37.112949,71.650200,16.268900,11.857441,-5.155905,-8.595347,-12.167139,34.207211,68.374596,-9.424983,6.531879,-18.851067
1077.000000,-2244.141357,1330.043579,76.797821,4.031227,-7.270226,-88.027676,-4.337724,-7.216850,8.808519,20.750360,-9.899164,6.046724,-7.791068,-15.395218,-7.661366,68.466560,-10.273917,0.548801,7.710364,-2.864078,1.223598,0.730054,14.427357,-37.387913,71.545876,17.231743,11.841977,-5.323142,-8.566070,-12.430687,33.436832,68.663673,-9.772648,6.518680,-18.991285
1078.000000,-2243.844727,1328.697021,76.924843,3.745782,-7.337985,-87.283516,-2.719812,-7.524258,7.920989,20.018988,-10.655359,6.180776,-10.525838,-14.724495,-8.436662,68.053688,-12.282010,0.122412,6.605098,-2.618682,1.162854,0.284375,14.865119,-37.332127,71.182297,17.552868,11.838757,-5.415760,-8.450356,-12.693271,32.532970,68.695503,-9.894020,6.514929,-19.200502
1079.000000,-2243.593506,1327.401123,77.030083,3.346746,-7.444402,-86.436880,-1.295096,-7.654404,6.916521,19.576990,-11.456577,6.249694,-12.890197,-14.008020,-9.567294,66.512535,-14.085124,-0.199981,5.630145,-2.323767,1.306933,-0.555358,15.313103,-37.169643,70.678566,17.941690,11.838767,-5.534475,-8.325614,-13.006407,31.599913,68.701332,-9.936466,6.524154,-19.466331
1080.000000,-2243.375244,1326.176514,77.112335,2.943154,-7.471309,-85.754372,-0.278296,-7.626982,6.234847,19.334679,-12.127096,6.277126,-14.641645,-13.427642,-10.526578,64.562309,-15.191395,-0.382155,5.087821,-2.041166,1.449323,-1.422676,15.594921,-37.005169,70.212708,18.219027,11.839146,-5.578119,-8.237089,-13.291898,30.958254,68.753868,-9.946212,6.538925,-19.665348
1081.000000,-2243.173340,1324.948364,77.176529,2.598860,-7.447720,-85.159004,0.907123,-7.580047,5.514793,18.980082,-12.884183,6.306390,-16.586805,-12.786139,-11.589514,61.558369,-16.089273,-0.541107,4.468166,-1.728546,1.608123,-2.450392,15.880686,-36.775440,69.485634,18.395689,11.835563,-5.582807,-8.178532,-13.614276,30.256657,68.940666,-9.954255,6.522707,-19.903862
1082.000000,-2242.980225,1323.643921,77.214142,2.390025,-7.304160,-84.697118,2.409890,-7.595127,4.779695,18.236418,-13.710224,6.338067,-18.899836,-12.109032,-12.754582,56.790108,-16.641588,-0.655975,3.774024,-1.461570,1.636796,-3.581447,16.188425,-36.446728,68.313126,18.542191,11.765214,-5.578902,-8.048182,-13.954546,29.501225,69.402611,-10.064749,6.477458,-20.294788
1083.000000,-2242.798828,1322.293091,77.217361,2.293062,-7.090378,-84.373247,3.834433,-7.691674,4.272571,17.297413,-14.363295,6.361981,-20.847055,-11.521380,-13.506857,51.468887,-16.395945,-0.687572,3.239587,-1.333055,1.566670,-4.544482,16.360409,-36.208263,67.317757,18.580900,11.598726,-5.545561,-7.828598,-14.253446,29.086933,69.896912,-10.294769,6.449584,-20.739548
1084.000000,-2242.638672,1320.932007,77.167480,2.330872,-6.861815,-84.119278,5.299945,-7.880968,3.830901,16.262598,-14.985134,6.338399,-22.705112,-10.991489,-13.867308,45.793228,-15.654009,-0.678929,2.704659,-1.306170,1.519322,-5.516272,16.440277,-36.141205,66.435928,18.484625,11.434279,-5.527061,-7.536249,-14.532649,28.839952,70.277901,-10.385521,6.497561,-21.242899
1085.000000,-2242.500244,1319.581665,77.067993,2.446669,-6.680339,-83.763843,6.822029,-8.161302,3.313340,15.226926,-15.622378,6.318790,-24.373133,-10.731519,-14.126074,39.999569,-14.586143,-0.552504,2.060061,-1.354328,1.550880,-6.519652,16.447641,-36.141174,65.588799,18.089590,11.295156,-5.526704,-7.198458,-14.790861,28.685560,70.505440,-10.377255,6.613544,-21.722893
1086.000000,-2242.377686,1318.192261,76.922829,2.549883,-6.600297,-83.482961,7.945995,-8.328800,2.967618,14.561027,-16.122246,6.315144,-25.362946,-10.589951,-14.201097,36.045681,-13.729180,-0.363434,1.648156,-1.369791,1.645808,-7.209473,16.428963,-36.144989,65.010513,17.623932,11.166872,-5.529379,-6.938936,-14.956452,28.569551,70.594383,-10.354872,6.691296,-22.012722
1087.000000,-2242.278564,1316.754272,76.730934,2.667899,-6.524619,-83.137176,9.759516,-8.542983,2.405870,13.674599,-17.078882,6.309199,-26.797482,-10.489075,-14.296881,30.102701,-12.303421,0.042366,1.031391,-1.382565,1.737026,-8.191624,16.390594,-36.182068,64.116730,16.609201,10.865675,-5.533348,-6.467809,-15.161189,28.367260,70.706596,-10.307299,6.773489,-22.400856
1088.000000,-2242.207031,1315.242432,76.493652,2.822086,-6.475970,-82.747734,11.528151,-8.745476,1.768850,12.857244,-18.011543,6.272179,-27.919535,-10.629732,-14.317326,25.202528,-10.961053,0.423279,0.377302,-1.484511,1.722600,-8.877678,16.364460,-36.242306,63.397377,15.550101,10.510324,-5.532506,-5.973303,-15.231225,28.114700,70.800354,-10.273712,6.790397,-22.716125
1089.000000,-2242.157959,1313.563110,76.197090,2.950423,-6.374315,-82.329115,13.326159,-8.846259,1.141423,12.055966,-19.019005,6.156343,-28.873991,-10.836340,-14.207349,21.041006,-9.602488,0.725386,-0.281957,-1.602886,1.558762,-9.285262,16.289116,-36.252010,62.871651,14.767541,10.151974,-5.529435,-5.465643,-15.189076,27.706146,70.984444,-10.160210,6.783147,-23.018267
1090.000000,-2242.140381,1311.872437,75.865807,3.008704,-6.332317,-81.721920,15.097810,-8.798224,0.364726,11.510568,-20.195007,5.990731,-29.552319,-11.220078,-14.143952,17.863914,-8.499927,0.934396,-1.053317,-1.705177,1.420951,-9.540120,16.170694,-36.238338,62.453197,14.306588,9.921437,-5.532329,-4.954401,-15.134059,27.344297,71.173477,-9.887543,6.738738,-23.332298
1091.000000,-2242.154541,1310.192261,75.511566,2.956019,-6.309258,-81.050957,16.255688,-8.645890,-0.222616,11.311683,-21.090443,5.846054,-29.843821,-11.510355,-14.072102,16.278618,-7.851387,1.001397,-1.591959,-1.745314,1.370269,-9.646430,16.086081,-36.235947,62.180420,14.107500,9.833840,-5.536514,-4.595156,-15.123578,27.233097,71.260918,-9.584969,6.708747,-23.548311
1092.000000,-2242.199707,1308.356567,75.106071,2.712075,-6.243481,-80.442239,18.059389,-8.079917,-1.065615,11.258253,-22.776817,5.563464,-30.142256,-11.706558,-13.708836,14.597975,-6.844397,1.015599,-2.292418,-1.646873,1.333635,-9.726007,15.939169,-36.237301,61.750690,13.767712,9.762138,-5.545205,-4.021893,-15.134100,27.202148,71.331200,-8.957757,6.696363,-23.867668
1093.000000,-2242.279297,1306.469116,74.676575,2.282757,-5.970500,-79.741689,19.350616,-7.205913,-1.717653,11.647177,-24.550011,5.273268,-30.335846,-11.688138,-13.442722,14.112823,-5.898736,0.898665,-2.775703,-1.339897,1.195862,-9.736074,15.779481,-36.237614,61.445354,13.434455,9.754613,-5.570840,-3.515676,-15.143555,27.214489,71.414352,-8.465435,6.693383,-24.104805
1094.000000,-2242.406982,1304.539062,74.241066,1.671042,-5.676600,-78.973484,20.207352,-6.009976,-2.105873,12.762660,-26.460743,4.872620,-30.399305,-11.544348,-13.310760,14.835450,-4.690893,0.487836,-3.280197,-0.883131,1.159683,-9.733214,15.692779,-36.245239,61.179230,13.244455,9.754896,-5.604451,-3.139088,-15.096402,27.266582,71.464821,-8.069061,6.691103,-24.350016
1095.000000,-2242.589600,1302.599731,73.855438,1.109142,-5.386967,-78.321495,20.651474,-4.619363,-2.003378,14.856407,-28.141670,4.269921,-30.183083,-11.181564,-13.249175,16.533012,-3.287090,-0.178973,-3.654804,-0.434482,1.186347,-9.694160,15.662009,-36.259533,61.125519,13.232515,9.761672,-5.615482,-2.762079,-14.917022,27.310661,71.515205,-7.873485,6.672581,-24.561773
1096.000000,-2242.825928,1300.495605,73.525444,0.660397,-5.165436,-77.888633,20.789766,-3.403099,-1.612676,17.572519,-28.989838,3.501760,-29.646215,-10.647988,-13.180916,18.758194,-2.224933,-0.916798,-3.675814,-0.162853,1.176351,-9.533709,15.648984,-36.257172,61.310951,13.334051,9.773993,-5.601445,-2.294822,-14.643221,27.361624,71.663834,-7.830635,6.551654,-24.665171
1097.000000,-2243.074463,1298.241943,73.286407,0.091679,-4.848313,-77.701816,20.471735,-2.124144,-1.066092,21.059555,-29.078928,2.569103,-28.978773,-9.787318,-13.011727,20.971264,-1.131992,-2.008320,-3.559399,0.212767,0.893758,-9.075587,15.615176,-36.250664,61.667091,13.557969,9.777315,-5.470633,-1.715824,-14.352025,27.419489,71.964561,-7.795866,6.370971,-24.683414
1098.000000,-2243.266357,1295.950928,73.240730,-1.028716,-4.933777,-77.856859,19.916887,-0.085920,-0.145188,26.145863,-27.956356,1.305013,-28.380133,-8.330802,-13.384515,23.315332,1.586850,-2.708421,-3.237290,1.441591,0.967770,-8.332856,15.427144,-36.237278,62.201675,13.786515,9.782402,-5.116023,-1.249537,-14.228104,27.427616,72.243942,-7.710524,6.198815,-24.678492
1099.000000,-2243.447266,1293.599121,73.403534,-2.256123,-5.081170,-77.826874,18.982143,2.274718,0.534041,32.051899,-24.626301,-0.132722,-27.053587,-6.864717,-14.481493,25.126375,2.538150,-2.886577,-3.149682,2.999071,1.124042,-7.361972,15.242673,-36.253605,62.876968,13.824772,9.818276,-4.836553,-0.678606,-14.223460,27.445055,72.283646,-7.602626,6.006638,-24.649826
1100.000000,-2243.654785,1291.170532,73.719345,-3.155747,-5.085179,-77.712404,17.312140,4.622984,1.304709,38.268459,-17.852859,-1.940834,-25.269405,-5.547935,-15.565852,26.200918,2.321356,-3.036239,-3.198151,4.225598,0.828914,-6.189923,15.194059,-36.368969,63.672359,14.038374,9.951754,-4.654822,0.155957,-14.153255,27.550230,72.341972,-7.532124,5.714912,-24.576920
1101.000000,-2243.860596,1288.822876,74.046967,-3.954700,-5.003521,-77.245554,15.184871,6.705740,1.865274,43.545475,-8.270362,-2.718482,-23.467243,-4.509367,-16.467335,26.612766,1.894023,-3.248192,-3.314621,5.053732,0.341525,-5.308883,15.203269,-36.654835,64.555717,14.699714,10.155666,-4.511768,1.006551,-14.107975,27.663498,72.403961,-7.508179,5.466269,-24.501516
1102.000000,-2244.028809,1286.622559,74.357948,-4.673241,-4.967809,-76.860438,12.016783,9.015187,2.300967,50.386406,-1.726463,-2.718445,-21.357166,-3.278660,-17.367456,27.239685,-0.001828,-3.404136,-3.188920,5.993779,-0.014512,-4.679138,15.177287,-37.177860,65.692429,15.553400,10.457522,-4.273935,1.776034,-14.218201,27.693739,72.410461,-7.714277,5.260958,-24.417099
1103.000000,-2244.155762,1284.568481,74.702034,-5.191896,-5.023037,-76.406980,9.325550,10.236432,2.594061,55.226200,-0.703046,-2.364789,-19.893793,-2.615195,-17.927105,27.607723,-1.960857,-3.432495,-3.012719,6.520325,0.045016,-4.531012,15.105649,-37.582577,66.404724,15.903584,10.697767,-4.088845,1.962193,-14.390603,27.694681,72.382042,-8.107296,5.174618,-24.362759
1104.000000,-2244.253174,1282.661011,75.067802,-5.251606,-5.239802,-76.005525,5.711355,11.144251,3.127833,60.960670,-0.910426,-1.694039,-17.907408,-2.130248,-18.350628,27.848021,-4.156945,-3.399857,-2.635916,6.759572,0.456686,-4.501812,15.011196,-38.033062,67.058060,16.068810,11.030464,-3.935022,1.924197,-14.640537,27.696182,72.286407,-8.630251,5.013857,-24.332758
1105.000000,-2244.309326,1280.924072,75.434120,-5.061536,-5.491166,-75.757458,2.029079,11.553666,3.968193,65.634293,-1.905464,-0.911227,-15.754136,-1.891971,-18.451395,27.738445,-5.984865,-3.267714,-2.075024,6.600260,0.970451,-4.412072,14.930190,-38.339855,67.420586,16.181187,11.265486,-3.912045,1.668990,-14.891799,27.698975,72.235329,-8.856414,4.774281,-24.330191
1106.000000,-2244.306641,1279.165039,75.822067,-4.908486,-5.535825,-75.568187,-1.338951,11.889113,4.787931,68.582947,-3.438539,-0.328811,-13.824494,-1.611277,-18.487434,27.074326,-7.180882,-3.110370,-1.486056,6.471056,1.108241,-4.168729,14.781169,-38.551014,67.672157,16.373072,11.317295,-3.954760,1.409699,-15.159438,27.703491,72.229958,-9.041582,4.601069,-24.355246
1107.000000,-2244.256104,1277.470093,76.185242,-4.713821,-5.598769,-75.529175,-5.208714,12.289395,5.908497,70.706444,-5.443001,0.188345,-11.437076,-1.224305,-18.377529,25.880089,-8.332397,-2.893399,-0.627027,6.326867,1.149991,-3.802715,14.556012,-38.651253,67.911583,16.498053,11.317039,-4.117372,0.958365,-15.518711,27.709631,72.227692,-9.159285,4.481056,-24.486162
1108.000000,-2244.165527,1275.792114,76.526711,-4.548189,-5.663308,-75.478417,-8.402268,12.592311,6.723542,71.244301,-7.489916,0.540309,-9.203199,-0.872910,-18.320164,24.511156,-9.138568,-2.679689,0.241282,6.253395,1.130791,-3.617233,14.487252,-38.282650,68.010796,16.472366,11.316315,-4.130794,0.518939,-15.813597,27.713930,72.226891,-9.380768,4.444739,-24.863174
1109.000000,-2244.041504,1274.216797,76.822739,-4.473239,-5.746162,-75.236688,-10.659747,12.783058,7.118238,70.825439,-9.266655,0.717786,-7.371677,-0.588103,-18.396973,23.232088,-9.619654,-2.492115,0.878791,6.287564,1.097108,-3.670760,14.666828,-37.874825,68.017700,16.467665,11.301571,-4.124457,0.132973,-16.027979,27.716454,72.228226,-9.595158,4.436761,-25.198441
1110.000000,-2243.875244,1272.660278,77.094803,-4.235930,-5.838949,-75.000465,-13.384085,13.092214,7.857563,69.279510,-11.622935,0.829021,-4.935047,-0.404400,-18.562811,21.506252,-10.213174,-2.160020,1.473561,6.233727,1.072644,-3.683019,14.916843,-37.658772,68.021294,16.475758,11.249817,-4.469626,-0.569661,-16.276480,27.723295,72.218941,-9.787194,4.392763,-25.549135
1111.000000,-2243.662598,1271.121826,77.337875,-3.927929,-5.888261,-74.759455,-15.528548,13.340241,8.609471,67.076103,-13.427128,0.855602,-2.840256,-0.402212,-18.661678,19.994829,-10.704457,-1.814817,2.045080,6.070047,1.056221,-3.663020,15.021407,-37.390804,68.025803,16.407709,11.244039,-4.809606,-1.234594,-16.487028,27.782709,72.163193,-9.880525,4.294870,-25.852673
1112.000000,-2243.423584,1269.702026,77.521492,-3.670738,-5.919035,-74.547545,-17.926056,13.646823,9.255899,63.378475,-15.020147,0.865418,-0.292578,-0.383985,-18.812702,18.009859,-11.185000,-1.380196,2.712162,5.893738,1.127064,-3.629406,15.015716,-37.053696,68.016747,16.209389,11.242641,-5.213570,-2.118302,-16.724861,27.914597,71.967499,-9.742192,4.113456,-26.273125
1113.000000,-2243.157715,1268.350342,77.640060,-3.587343,-5.864025,-73.954774,-19.964767,13.833667,9.363905,59.201767,-15.597395,0.826081,2.032181,-0.302475,-19.333391,16.037302,-11.496479,-0.919462,2.913891,5.840124,1.207305,-3.485713,14.950666,-36.768486,67.896851,15.942730,11.253052,-5.607015,-2.824192,-16.887894,27.928106,71.494820,-9.385673,3.877877,-26.723743
1114.000000,-2242.856689,1266.981445,77.695618,-3.478821,-5.857784,-73.294395,-21.218334,13.834671,9.318862,55.320385,-15.575424,0.726760,3.798795,-0.278017,-19.867908,14.665399,-11.806014,-0.531007,3.017546,5.797520,1.335665,-3.458191,15.005476,-36.411423,67.823364,15.557408,11.390165,-5.726599,-3.270884,-16.974628,27.933170,71.010971,-9.048464,3.662966,-27.085815
1115.000000,-2242.490479,1265.578125,77.684906,-3.323519,-5.852997,-72.722237,-22.456301,13.713947,9.344325,49.401047,-14.988460,0.513637,5.947004,-0.341964,-20.495436,13.215179,-12.392769,0.026093,3.285469,5.698936,1.459685,-3.459722,15.073837,-36.105721,67.876701,14.990973,11.423065,-6.078630,-3.821477,-17.034338,27.976427,70.341972,-8.570819,3.354484,-27.507387
1116.000000,-2242.049316,1264.158447,77.604691,-3.183940,-5.801727,-72.191268,-23.282040,13.479641,9.336607,43.791965,-13.853045,0.261759,7.714459,-0.460949,-21.032526,12.237478,-13.079226,0.583837,3.617588,5.625789,1.501788,-3.397558,15.073902,-36.019836,67.907349,14.563182,11.417618,-6.503975,-4.278424,-17.040743,28.063124,69.736229,-8.109035,3.069651,-27.876825
1117.000000,-2241.539307,1262.743896,77.466385,-3.054352,-5.658921,-71.802936,-24.005716,13.010968,9.168665,37.071503,-11.890029,-0.037934,9.530438,-0.681866,-21.634644,11.518692,-14.094462,1.304916,4.181431,5.548799,1.366582,-3.136089,14.992394,-36.006989,67.911041,14.353406,11.384319,-6.993630,-4.732647,-16.952408,28.111069,68.920425,-7.679948,2.832016,-28.290005
1118.000000,-2240.955811,1261.307617,77.280968,-2.982626,-5.401809,-71.296394,-24.444750,12.425995,9.125492,31.063709,-9.506329,-0.270644,10.971848,-0.979834,-22.608936,11.179234,-15.092360,2.022181,4.723016,5.473656,1.066727,-2.721403,14.838922,-36.001610,67.897652,14.310990,11.364743,-7.440948,-5.083662,-16.767105,28.118477,68.197884,-7.518265,2.698656,-28.664175
1119.000000,-2240.321045,1259.893188,77.050125,-2.837887,-5.203472,-70.849744,-24.664085,11.659408,9.159182,25.943781,-7.381179,-0.372211,12.367118,-1.470651,-24.292791,11.044136,-16.234222,2.872812,5.332663,5.277857,0.827146,-2.253636,14.702253,-35.994492,67.806694,14.278673,11.373692,-7.981987,-5.430634,-16.519861,28.153677,67.533020,-7.488781,2.563527,-29.017496
1120.000000,-2239.635010,1258.518677,76.806160,-2.769101,-5.080256,-70.423285,-24.655216,10.843328,9.179895,21.926954,-5.627470,-0.378424,13.783187,-1.973701,-25.884226,11.164072,-17.256367,3.797979,5.928073,5.092154,0.717461,-1.716167,14.575622,-35.990356,67.600143,14.112992,11.431569,-8.606081,-5.782382,-16.282663,28.197380,66.850899,-7.485398,2.452673,-29.282904
1121.000000,-2238.885254,1257.134888,76.550934,-2.745484,-5.055469,-70.050906,-24.474514,10.385043,9.416980,19.867346,-4.578731,-0.255657,14.756261,-2.339097,-27.018736,11.368057,-17.858408,4.492387,6.334553,4.955021,0.730897,-1.331769,14.528342,-35.989170,67.419960,13.918230,11.488482,-9.067735,-6.036022,-16.117250,28.259533,66.413338,-7.481061,2.363176,-29.436792
1122.000000,-2238.036133,1255.696655,76.283333,-2.768150,-5.044137,-69.557874,-24.079418,9.649438,10.147805,17.681112,-2.958916,0.185638,16.311209,-3.019589,-28.883045,12.059278,-18.676992,5.739369,6.910748,4.692183,0.748250,-0.712937,14.470531,-35.990799,67.160492,13.642722,11.632124,-9.869910,-6.383994,-15.862656,28.529016,65.802063,-7.478739,2.213729,-29.695721
1123.000000,-2237.104492,1254.213013,76.013626,-2.746552,-5.046595,-68.796707,-23.604631,8.764313,10.996744,16.880770,-1.550203,0.920291,17.728579,-3.805819,-30.626936,13.078053,-19.226753,6.990658,7.280655,4.323983,0.716553,-0.221975,14.411744,-35.997513,67.050949,13.381329,11.867556,-10.568764,-6.502329,-15.610470,28.804802,65.299850,-7.482011,2.166620,-29.945295
1124.000000,-2236.119141,1252.653076,75.763168,-2.392710,-5.022831,-67.990913,-23.054184,7.494483,11.569644,17.098501,0.343364,2.599726,19.101562,-4.977877,-32.305302,14.404778,-19.666449,8.307637,7.537327,3.493654,0.576519,0.248945,14.477685,-36.039452,67.076416,12.979374,12.209334,-11.208525,-6.474174,-15.117819,29.052385,65.055962,-7.572220,2.153040,-30.203238
1125.000000,-2235.172363,1251.066650,75.585739,-1.576618,-5.035806,-67.121130,-22.465246,6.055844,11.771625,18.404276,2.808125,4.033949,20.429539,-6.820848,-33.738125,16.187897,-19.969090,9.607379,7.823109,1.864861,0.615180,0.418009,15.059999,-36.190319,67.295784,12.824220,12.693165,-12.024673,-6.419498,-14.263170,29.438786,64.977966,-7.932983,2.176170,-30.407806
1126.000000,-2234.156494,1249.464844,75.478577,-0.562532,-5.040010,-65.942853,-21.923042,4.492694,11.978155,19.847408,3.592351,4.440938,21.534101,-8.764492,-34.678482,18.118000,-19.742233,10.765386,7.958865,0.131756,0.725764,0.421518,15.699762,-36.246094,67.616837,12.751490,13.142782,-12.511984,-6.290125,-13.447323,29.870352,64.958755,-8.323997,2.188671,-30.553944
1127.000000,-2233.007568,1247.863647,75.418343,0.215309,-4.917993,-64.455865,-21.404629,2.538714,11.812743,21.622826,3.371047,4.980623,22.601851,-10.800376,-35.217693,20.657103,-18.286276,12.113097,8.094142,-1.495175,0.698333,0.454406,16.109489,-36.286152,67.856079,12.746994,13.667362,-12.816941,-5.915944,-12.751582,30.341776,64.938660,-8.740155,2.192337,-30.739586
1128.000000,-2231.757324,1246.329712,75.350327,0.608917,-4.855002,-62.704767,-21.062912,1.201059,11.276755,22.885635,3.279308,5.555930,23.183170,-11.836394,-34.880909,22.622166,-16.626987,12.494094,8.272634,-2.126720,0.693674,0.427832,16.238590,-36.397053,67.858971,12.764704,14.058969,-13.009481,-5.619209,-12.506601,30.657698,64.944099,-8.904394,2.203613,-30.929134
1129.000000,-2230.512939,1244.855347,75.339142,1.298969,-4.818600,-60.751323,-20.692432,-0.965365,10.321224,24.920664,0.986199,6.185853,23.746180,-13.183490,-33.738289,25.350410,-14.056263,12.099593,8.437082,-3.027376,0.850960,0.226876,16.635988,-36.857639,67.817108,12.780938,14.555989,-13.423429,-5.406059,-12.199066,31.064976,65.060387,-8.937171,2.270577,-31.180847
1130.000000,-2229.196533,1243.396606,75.398529,1.997011,-4.652671,-58.831727,-19.979036,-3.263151,9.677191,26.089830,-1.367323,6.925048,23.800692,-14.562900,-32.160572,28.278870,-10.703524,10.797565,8.685956,-3.918812,0.907070,0.145237,16.932585,-37.259850,67.661331,12.770453,15.069655,-13.482625,-5.361952,-11.882596,31.410385,65.287994,-8.938396,2.310484,-31.426508
1131.000000,-2227.868652,1242.045166,75.523232,2.288670,-4.369607,-57.138292,-19.181301,-4.905103,8.990889,26.552137,-3.065988,7.646262,23.140728,-15.498270,-30.630863,31.352606,-6.629782,8.822973,9.021220,-4.163415,0.776095,0.145849,17.047750,-37.720520,67.356575,12.760271,15.485914,-13.437963,-5.415214,-11.658887,31.462132,65.507591,-8.844984,2.276094,-31.748199
1132.000000,-2226.583008,1240.769653,75.669945,2.485416,-4.136146,-55.656599,-17.903818,-6.614530,7.975439,26.594458,-4.754323,8.372721,21.733265,-16.417362,-28.692387,35.286098,-0.234766,5.822354,9.600914,-4.147627,0.612808,0.099374,17.118147,-38.355709,66.996193,12.744249,15.865180,-13.286224,-5.710215,-11.376707,31.655296,65.877953,-8.595060,2.130363,-32.208179
1133.000000,-2225.422119,1239.597168,75.797897,2.808434,-4.099351,-54.339811,-16.751268,-7.803258,7.248403,26.223276,-5.596662,8.824673,20.095030,-17.015051,-27.025593,38.931637,1.716209,3.965389,10.032309,-4.229581,0.675265,-0.036894,17.193975,-38.685535,66.848198,12.737760,16.087645,-13.187927,-6.263618,-11.044733,31.985760,66.497742,-8.410492,1.819508,-32.501659
1134.000000,-2224.299805,1238.438232,75.922890,3.019462,-4.297487,-52.518355,-15.049421,-9.390696,5.804072,25.641132,-6.423036,9.400408,17.800608,-17.326580,-25.188099,44.294888,1.103629,2.211610,10.008118,-4.255440,0.902022,-0.191934,17.175388,-38.923523,66.726974,12.699073,16.367832,-12.913342,-7.162709,-10.463502,32.367790,67.597809,-8.300277,1.302541,-32.750294
1135.000000,-2223.244385,1237.305786,76.051476,3.164857,-4.545810,-50.466111,-13.182787,-10.973909,3.860125,24.955349,-7.083953,9.900027,15.216685,-17.234787,-23.696083,50.051632,-0.628714,0.909157,9.626247,-4.257415,0.982813,-0.300733,17.150116,-39.500881,66.711441,12.750078,16.694891,-12.649520,-7.939600,-9.789762,32.843826,68.773460,-8.269469,0.891369,-32.831921
1136.000000,-2222.246582,1236.207642,76.198326,3.216590,-4.790710,-48.537603,-11.436080,-12.173708,2.063232,24.173702,-7.565203,10.217731,12.443223,-16.799490,-22.085974,55.009804,-2.738169,0.071564,9.402004,-4.254693,0.931213,-0.423973,17.119322,-40.020905,66.727692,12.742408,16.987089,-12.421465,-8.533935,-9.143612,33.217262,69.736755,-8.143617,0.670334,-32.725903
1137.000000,-2221.311279,1235.160034,76.350998,3.197963,-5.051630,-46.748922,-9.261755,-13.294687,-0.128271,23.211941,-8.088101,10.519408,8.925794,-16.071272,-20.419994,59.906685,-5.253745,-0.591432,9.217754,-4.166044,0.823355,-0.587670,17.068661,-40.628471,66.740341,12.722973,17.245409,-12.137784,-9.162457,-8.385458,33.550739,70.706650,-7.850715,0.457153,-32.387680
1138.000000,-2220.435791,1234.155884,76.498543,2.961470,-5.291114,-44.708071,-7.503227,-14.023149,-2.310227,22.613646,-8.608714,10.676765,5.711448,-15.237907,-19.421436,63.325993,-7.430659,-1.060855,8.883923,-3.966672,0.695234,-0.769519,17.015514,-40.892498,66.674889,12.792391,17.415413,-11.883994,-9.685655,-7.746286,33.671234,71.390373,-7.692888,0.217871,-31.901550
1139.000000,-2219.636963,1233.193848,76.637611,2.624429,-5.552022,-42.462275,-6.252149,-14.466765,-4.203551,22.356817,-9.034336,10.738605,3.350714,-14.528437,-19.020941,65.274010,-8.984996,-1.351715,8.514766,-3.778191,0.643793,-1.064978,16.986313,-40.974728,66.553383,12.878553,17.522470,-11.726750,-10.027359,-7.302383,33.680660,71.812363,-7.676140,-0.001682,-31.488045
1140.000000,-2218.887939,1232.239990,76.781097,2.186723,-5.852028,-39.998098,-4.600315,-14.903399,-6.842319,22.135298,-9.612401,10.759303,0.411536,-13.540380,-18.693640,66.933128,-10.937708,-1.712100,8.010862,-3.549378,0.681347,-1.682223,17.007257,-41.124458,66.414482,13.194428,17.632523,-11.512982,-10.423493,-6.758412,33.645741,72.265358,-7.670681,-0.298290,-30.881052
1141.000000,-2218.211426,1231.320068,76.923492,1.748768,-6.162019,-37.593693,-3.141439,-15.151324,-9.266037,22.001217,-10.116856,10.760687,-2.092561,-12.568231,-18.382473,67.604836,-12.527099,-2.021277,7.549915,-3.383114,0.791233,-2.422045,17.066633,-41.202904,66.307533,13.568686,17.682262,-11.237037,-10.712260,-6.326214,33.553989,72.488113,-7.674497,-0.522067,-30.323641
1142.000000,-2217.573975,1230.400513,77.067863,1.298503,-6.484742,-35.165671,-1.374363,-15.311399,-12.263779,21.875919,-10.705535,10.765398,-5.192775,-11.319210,-17.831312,67.630402,-14.173566,-2.413010,7.091675,-3.269866,1.038122,-3.738458,17.098198,-40.979717,66.211792,13.781951,17.694941,-10.726620,-11.106728,-5.904132,33.437881,72.739265,-7.637777,-0.842762,-29.616331
1143.000000,-2216.948730,1229.489746,77.225479,0.855751,-6.740431,-32.939940,0.144108,-15.230425,-14.638078,21.698629,-11.167895,10.836190,-7.934487,-10.111818,-17.126583,66.505157,-15.358414,-2.861450,6.793878,-3.177932,1.260778,-5.092024,17.032473,-40.646965,66.146889,13.800926,17.696733,-10.132452,-11.627347,-5.629852,33.389252,73.278206,-7.601587,-1.217942,-28.977592
1144.000000,-2216.322754,1228.611328,77.381546,0.376231,-6.876142,-30.632605,1.443213,-15.029993,-16.772320,21.608196,-11.586057,10.933333,-10.458655,-9.075430,-16.716803,64.364807,-16.149792,-3.233748,6.244912,-3.055539,1.360404,-6.241649,16.935062,-40.267448,65.802414,13.826700,17.717072,-9.484277,-12.163186,-5.501490,33.230278,73.773407,-7.630869,-1.505162,-28.419949
1145.000000,-2215.691406,1227.776245,77.514961,-0.161241,-6.947008,-28.459606,2.705376,-14.600701,-18.556652,21.446123,-12.156709,11.101235,-12.840364,-7.914791,-16.198532,61.329124,-16.534319,-3.462110,5.459692,-2.795244,1.383295,-7.116361,16.833324,-39.898846,65.051117,13.766771,17.746593,-8.831067,-12.608477,-5.599653,32.984764,73.969131,-7.650595,-1.706946,-28.005312
1146.000000,-2215.055908,1226.966919,77.610336,-0.586259,-7.006814,-26.579321,3.781119,-14.122472,-19.580687,21.257118,-12.738725,11.340910,-14.851506,-6.887896,-15.495943,58.206001,-16.475611,-3.543431,4.928411,-2.570770,1.419896,-7.773693,16.719120,-39.403671,64.143440,13.436103,17.789194,-8.282729,-12.906873,-5.884730,32.886734,73.987152,-7.648160,-1.875674,-27.807028
1147.000000,-2214.405518,1226.180786,77.649712,-0.982360,-7.110932,-24.647541,4.848793,-13.521656,-19.863564,20.986204,-13.408273,11.554105,-16.425724,-6.049629,-14.933660,55.014717,-16.103046,-3.566349,4.402959,-2.328772,1.530426,-8.316332,16.591030,-38.934021,63.188339,12.800648,17.804771,-7.812167,-13.143456,-6.298668,32.855228,73.992340,-7.637541,-2.070325,-27.728319
1148.000000,-2213.741943,1225.410034,77.642242,-1.081782,-7.083113,-22.778761,5.976764,-13.029978,-20.183941,20.652187,-14.106465,11.657795,-18.127790,-5.434539,-14.275815,51.085251,-15.435709,-3.571813,3.688373,-2.228805,1.570339,-8.859754,16.424707,-38.461258,62.085632,11.905162,17.808393,-7.359489,-13.293675,-6.855889,32.635624,73.990242,-7.622973,-2.355496,-27.715122
1149.000000,-2213.046143,1224.648438,77.578362,-1.009217,-6.986488,-20.967372,6.979160,-12.710988,-20.079237,20.238102,-14.765311,11.887877,-19.622103,-5.182247,-13.706479,46.801479,-14.581919,-3.493366,3.026320,-2.298057,1.557071,-9.221585,16.233603,-37.945221,60.952011,11.193104,17.808537,-6.994956,-13.313758,-7.453436,32.061489,73.945091,-7.622845,-2.666358,-27.764961
1150.000000,-2212.340576,1223.915527,77.452675,-0.843411,-6.845195,-19.497179,7.947679,-12.392141,-19.712984,19.758253,-15.565722,12.033826,-20.950871,-4.841409,-12.887675,42.097122,-13.316241,-3.191306,2.520312,-2.324676,1.528616,-9.400351,16.118080,-37.784462,59.643509,10.532269,17.797178,-6.668395,-13.283602,-8.144151,31.548109,73.798637,-7.622202,-2.854321,-27.998821
1151.000000,-2211.624756,1223.205811,77.264854,-0.698131,-6.756502,-18.244456,8.838323,-12.109195,-19.446798,19.406725,-16.521198,12.122907,-22.021811,-4.440961,-12.064607,38.002388,-12.275109,-2.802804,2.312136,-2.234722,1.582095,-9.510871,15.997827,-37.761173,58.564510,10.017760,17.724348,-6.416233,-13.273949,-8.852484,31.262608,73.694176,-7.608860,-2.992399,-28.317400
1152.000000,-2210.878662,1222.466675,77.061516,-0.353229,-6.711850,-17.286392,9.909188,-12.162942,-20.173641,19.224148,-17.531317,11.992139,-23.186859,-4.048616,-11.018855,33.133907,-11.053354,-2.161526,2.316995,-2.287531,1.728386,-9.595390,15.884581,-37.791515,57.627026,9.519796,17.637617,-6.141380,-13.257181,-9.621423,31.106186,73.665199,-7.351398,-3.150104,-28.759022
1153.000000,-2210.070312,1221.672119,76.860161,-0.021404,-6.682398,-16.443368,10.669538,-12.231026,-20.884464,19.171825,-18.202898,11.972007,-23.851257,-3.713549,-10.243046,29.840141,-10.078540,-1.728222,2.384562,-2.359860,1.826686,-9.579587,15.859646,-37.817070,57.207748,9.129274,17.632620,-5.968705,-13.221657,-10.033761,31.023613,73.759819,-7.008739,-3.284871,-29.090052
1154.000000,-2209.192627,1220.825806,76.672401,0.158708,-6.542000,-15.402991,11.564701,-12.153832,-21.968124,19.231693,-19.149611,11.953479,-24.603973,-3.272337,-9.287187,25.891224,-8.817437,-1.218812,2.318754,-2.391829,1.815276,-9.423166,15.894891,-37.823322,56.739147,8.619858,17.692940,-5.785980,-13.052248,-10.438754,30.740330,74.076271,-6.478144,-3.538801,-29.588135
1155.000000,-2208.280762,1219.961060,76.501450,0.221523,-6.331132,-14.276948,12.432705,-11.841413,-23.189100,19.279177,-20.176208,11.928498,-25.252851,-2.942494,-8.468160,22.300890,-7.771102,-0.725177,2.109009,-2.366511,1.685739,-9.073289,16.081301,-37.858929,56.072205,8.295777,17.844639,-5.609766,-12.724355,-10.757776,30.287485,74.549789,-5.812464,-3.832760,-30.170061
1156.000000,-2207.306641,1219.041504,76.319672,0.262227,-6.077000,-13.134749,13.358490,-11.310071,-24.310764,19.093922,-21.153978,11.747612,-25.876919,-2.762296,-7.666728,19.488903,-7.073943,-0.269727,1.811616,-2.341843,1.548204,-8.663812,16.390228,-37.994797,55.408958,8.000508,18.042538,-5.384583,-12.359326,-10.991998,29.836706,75.085197,-5.165198,-4.051649,-30.795139
1157.000000,-2206.300049,1218.090332,76.112976,0.374584,-5.859237,-12.100451,14.448020,-10.664141,-25.194658,18.640921,-22.070089,11.505644,-26.462439,-2.696413,-6.469463,17.562342,-6.736258,0.064665,1.482145,-2.422439,1.535450,-8.274570,16.789959,-38.248119,54.729961,7.845573,18.357388,-5.066849,-12.048820,-11.126492,29.543325,75.624062,-4.648400,-4.140194,-31.513689
1158.000000,-2205.235352,1217.097412,75.858391,0.461350,-5.574748,-11.120260,15.486352,-9.863219,-25.556826,18.170160,-23.059214,11.227283,-27.051758,-2.571388,-4.626236,16.610525,-6.508273,0.300087,1.136877,-2.521986,1.516327,-7.869280,17.207541,-38.468998,54.052784,7.793117,18.682795,-4.713531,-11.816518,-11.164660,29.427608,76.258430,-4.104074,-4.191749,-32.192322
1159.000000,-2204.179199,1216.132812,75.538795,0.400232,-5.114023,-10.092920,16.326092,-8.652464,-25.057447,17.659849,-24.487270,11.024820,-27.813065,-2.377733,-2.581318,17.018967,-6.195900,0.427544,0.619319,-2.418217,1.357078,-7.479658,17.555502,-38.546303,53.471634,7.684160,18.900841,-4.379794,-11.666845,-11.170143,29.296955,77.004463,-3.615642,-4.244691,-32.736656
1160.000000,-2203.065918,1215.123657,75.164360,0.377910,-4.573124,-9.367600,16.794485,-7.819834,-24.887098,17.567486,-25.594717,10.508950,-28.521427,-2.216626,-1.158056,18.335829,-5.898413,0.478466,0.355677,-2.365248,1.209703,-7.179050,17.833954,-38.549953,53.120201,7.566917,19.001011,-4.148983,-11.586179,-11.109477,29.127085,77.601585,-3.305847,-4.258670,-33.039818
1161.000000,-2201.847656,1214.050903,74.661057,0.132460,-3.832051,-8.447174,17.137491,-6.433322,-24.073633,17.818619,-27.601866,9.927013,-29.424252,-1.901726,-0.037311,21.066107,-5.668481,0.600627,-0.174396,-2.018291,0.908913,-6.765182,18.157200,-38.547752,52.748413,7.483449,19.104450,-3.924345,-11.475552,-11.059777,28.936880,78.244263,-3.018402,-4.262155,-33.332729
1162.000000,-2200.591797,1212.960205,74.084000,-0.015561,-3.120661,-8.031911,17.298363,-5.241393,-23.573381,18.635752,-29.622726,8.558791,-30.227297,-1.677151,0.212638,24.739279,-5.981540,1.282024,-0.540919,-1.763665,0.609932,-6.462893,18.425751,-38.540543,52.651768,7.482409,19.184904,-3.728537,-11.229424,-11.002977,28.885660,78.678940,-2.881973,-4.258512,-33.443222
1163.000000,-2199.479004,1212.017700,73.545029,-0.770937,-2.775218,-7.689872,17.444828,-3.270852,-21.140774,19.915743,-31.994602,7.053826,-31.585562,-0.822317,-1.104597,28.424932,-4.560554,1.197360,-0.815155,-0.689538,0.770021,-6.353620,18.394089,-38.467945,52.816021,7.495599,19.234018,-3.489822,-11.292097,-11.098014,28.760828,79.031334,-2.716859,-4.252560,-33.411572
1164.000000,-2198.366699,1211.108032,73.110138,-1.463408,-2.669030,-6.867795,17.368872,-1.287962,-18.563940,22.057014,-33.722866,4.985445,-32.373241,-0.343572,-2.782772,31.813677,-4.068381,0.632254,-1.565824,0.434942,1.380884,-6.582628,18.059904,-38.205311,53.450912,7.510750,19.137058,-3.321261,-11.247978,-11.284511,28.707836,79.401512,-2.665744,-4.251033,-33.208515
1165.000000,-2197.250488,1210.281128,72.824615,-1.938417,-2.389287,-6.062961,16.878145,0.350580,-15.934892,24.484659,-34.545925,2.985703,-32.906498,-0.094187,-4.148641,34.612637,-4.401603,0.155611,-2.122326,1.279899,1.503646,-6.774723,17.506681,-37.890373,54.536488,7.592649,18.916647,-3.162707,-10.635771,-11.476764,28.704777,79.835190,-2.653501,-4.247104,-32.750336
1166.000000,-2196.069580,1209.502808,72.660583,-2.433699,-2.163335,-5.261269,16.455528,1.385231,-14.402266,26.238688,-33.754566,1.687832,-33.015160,0.128032,-5.067468,36.378704,-5.289133,-0.212884,-2.464754,1.927946,1.406095,-6.801036,17.031868,-37.716106,55.460999,7.753332,18.709703,-3.063645,-9.859787,-11.647064,28.700111,80.151794,-2.654773,-4.237494,-32.224812
1167.000000,-2194.907959,1208.803833,72.613487,-3.013844,-2.147807,-4.448074,15.806708,2.704916,-13.080445,29.114065,-33.309811,0.476166,-32.630932,0.535446,-6.264638,38.109734,-6.789703,-0.780478,-2.930887,2.893989,1.210651,-6.738890,16.404989,-37.604706,56.696316,7.973222,18.424236,-2.982506,-8.582733,-11.889721,28.697622,80.523849,-2.667545,-4.218202,-31.369421
1168.000000,-2193.688477,1208.120728,72.672081,-3.548342,-2.239055,-3.773006,15.158071,3.968777,-12.270811,32.427624,-31.991392,-0.518076,-31.676943,1.093338,-7.299597,39.104012,-8.014694,-1.444170,-3.155019,3.817326,0.850731,-6.607643,15.838177,-37.658661,58.064365,8.027882,18.089214,-2.941768,-7.004804,-12.079344,28.729782,80.958702,-2.669455,-4.195936,-30.359961
1169.000000,-2192.498291,1207.463989,72.821587,-3.904804,-2.309163,-3.131198,14.025518,5.039576,-11.385520,36.287472,-29.134253,-1.289245,-30.447466,1.673531,-8.070238,39.470657,-8.895960,-2.047352,-3.242353,4.537689,0.291070,-6.432595,15.401324,-37.867943,59.457375,8.128490,17.795370,-2.906155,-5.351443,-12.183336,28.887703,81.365623,-2.611242,-4.102696,-29.305956
1170.000000,-2191.389160,1206.824341,73.033813,-4.075728,-2.619808,-2.456029,12.135477,5.949392,-10.223385,41.420357,-24.455616,-2.278948,-28.780048,2.186950,-8.607032,39.348225,-9.364791,-2.580946,-3.299991,4.999633,0.037740,-6.446927,15.105433,-38.139599,60.814835,8.482342,17.587320,-2.859181,-3.852130,-12.265226,29.206635,81.496117,-2.412247,-3.944440,-28.118267
1171.000000,-2190.321777,1206.199707,73.271408,-4.045713,-3.055579,-1.779346,9.845178,6.671004,-9.099885,46.782356,-17.945284,-3.927446,-26.934429,2.484234,-9.015192,39.020771,-9.601457,-3.065370,-3.355243,5.203868,0.019453,-6.523260,14.937235,-38.328358,61.965084,9.045386,17.492916,-2.801738,-2.709980,-12.294647,29.622324,81.573547,-2.084275,-3.897480,-26.943047
1172.000000,-2189.317871,1205.651245,73.513672,-4.130251,-3.270396,-0.973865,6.943951,7.285348,-8.360201,51.889885,-10.650256,-5.597919,-25.335657,2.585513,-9.731019,38.772808,-10.686913,-3.498259,-3.498136,5.566560,-0.095879,-6.576385,14.754736,-38.480991,62.834869,9.833895,17.474396,-2.709654,-1.913323,-12.414425,30.002735,81.637787,-1.887803,-3.897132,-25.810946
1173.000000,-2188.414795,1205.174683,73.754700,-4.260865,-3.463752,-0.121485,4.275533,7.702525,-7.796282,55.945415,-6.797586,-6.283415,-24.102631,2.626643,-10.401332,38.385193,-11.484331,-3.721790,-3.591796,5.914394,-0.141687,-6.680233,14.616241,-38.603302,63.422188,10.504090,17.424038,-2.591444,-1.527473,-12.587770,30.237846,81.638710,-1.823705,-3.927397,-24.920042
1174.000000,-2187.576904,1204.739502,74.004555,-4.336816,-3.800808,0.588049,0.869825,8.158906,-6.793683,61.240948,-4.009185,-6.610889,-22.384949,2.703394,-11.113081,37.706287,-12.274419,-3.927172,-3.412226,6.250428,0.055499,-6.934961,14.474560,-38.739307,64.200157,11.248863,17.324009,-2.364142,-1.340611,-12.846103,30.428928,81.634567,-1.742241,-3.988637,-23.787397
1175.000000,-2186.793945,1204.342407,74.253540,-4.228648,-4.097688,1.036727,-2.441578,8.673778,-5.436439,66.266106,-3.047722,-6.408331,-20.701288,2.771724,-11.552426,36.945892,-12.894302,-4.117732,-2.953683,6.359671,0.240060,-7.016593,14.463837,-38.809063,64.842476,11.809180,17.260609,-2.069348,-1.400475,-13.089211,30.464964,81.617401,-1.729599,-4.099221,-22.710617
1176.000000,-2186.025146,1203.966675,74.517784,-3.966457,-4.327021,1.382739,-5.560812,9.263725,-3.921227,70.428734,-3.259938,-5.871043,-19.206924,2.742485,-11.739924,36.208504,-13.415710,-4.259074,-2.392511,6.227600,0.339918,-6.907981,14.539805,-38.813557,65.326996,12.309939,17.257387,-1.778264,-1.661654,-13.323734,30.562250,81.595596,-1.738127,-4.287533,-21.781187
1177.000000,-2185.262939,1203.628784,74.815216,-3.676208,-4.527339,1.777239,-8.369673,9.794938,-2.754512,73.274017,-3.969217,-5.280416,-17.706854,2.649198,-11.890490,35.283073,-13.787792,-4.379744,-1.945327,6.029549,0.437833,-6.636190,14.632027,-38.814861,65.624786,12.831409,17.280512,-1.564266,-2.093202,-13.567630,30.754910,81.584366,-1.753520,-4.465644,-21.049183
1178.000000,-2184.533447,1203.336060,75.120735,-3.410444,-4.639026,2.098274,-10.461514,10.254334,-1.953821,74.678726,-4.782591,-4.797503,-16.560078,2.604366,-11.978383,34.392807,-13.945867,-4.483385,-1.616253,5.885931,0.493249,-6.370898,14.670483,-38.813263,65.755356,13.255806,17.308010,-1.468710,-2.527698,-13.776374,30.910990,81.532990,-1.763591,-4.552145,-20.596031
1179.000000,-2183.834961,1203.070679,75.429237,-3.059638,-4.714430,2.284956,-13.008321,10.885351,-0.844426,75.590141,-6.022532,-4.224062,-15.167372,2.550191,-11.961760,33.193764,-14.041077,-4.622174,-1.109550,5.632293,0.643564,-6.079471,14.690572,-38.793045,65.826202,13.765097,17.324001,-1.412543,-3.208656,-14.048374,31.031771,81.316284,-1.764801,-4.593784,-20.162922
1180.000000,-2183.187744,1202.839355,75.731522,-2.649430,-4.774553,2.397201,-15.343870,11.408171,0.299572,75.312698,-7.461944,-3.750469,-13.837989,2.421391,-11.834815,31.953863,-14.053329,-4.745825,-0.638092,5.243845,0.906866,-5.833349,14.723343,-38.758198,65.829178,14.134301,17.269058,-1.410932,-4.000245,-14.311367,31.042856,80.812805,-1.750297,-4.598464,-19.879684
1181.000000,-2182.519043,1202.632812,76.045456,-2.339606,-4.665895,2.614353,-17.610996,11.917268,1.269582,73.951523,-8.813244,-3.395217,-12.607400,2.326157,-11.806113,30.535301,-13.934979,-4.834486,-0.306210,4.922903,1.075591,-5.625135,14.751130,-38.701237,65.825813,14.232073,17.098370,-1.464787,-4.768979,-14.593262,31.045544,80.044830,-1.584530,-4.592932,-19.680483
1182.000000,-2181.887939,1202.459106,76.327858,-2.045466,-4.521147,2.687916,-19.645390,12.372049,2.145910,71.753960,-9.987156,-3.145771,-11.473728,2.293093,-11.721897,29.092031,-13.754049,-4.897858,0.152480,4.619505,1.220813,-5.533547,14.764627,-38.469879,65.819695,14.242248,16.857534,-1.571591,-5.456865,-14.862448,31.050512,79.048012,-1.053672,-4.590417,-19.542042
1183.000000,-2181.258301,1202.315796,76.576691,-1.972568,-4.411605,2.818408,-20.989157,12.702469,2.567471,69.618645,-10.770049,-3.045858,-10.505611,2.414779,-11.719802,27.827955,-13.543669,-4.929922,0.517717,4.533495,1.316824,-5.546141,14.921003,-38.010136,65.812157,14.236472,16.757710,-1.474909,-5.943209,-15.042584,31.083229,78.274178,-0.446686,-4.595778,-19.437225
1184.000000,-2180.583984,1202.190063,76.811287,-1.916058,-4.313627,2.943377,-22.475657,13.135453,3.090370,66.395187,-11.510554,-2.988467,-9.207113,2.620983,-11.763665,26.148848,-13.270121,-4.945643,0.859002,4.459690,1.391453,-5.535781,15.220295,-37.546009,65.854362,14.222492,16.452166,-1.485335,-6.573317,-15.145112,31.176891,77.402824,0.339969,-4.613137,-19.249716
1185.000000,-2179.891602,1202.098511,77.026413,-1.785989,-4.195171,3.032244,-23.658304,13.353598,3.624504,62.301067,-11.942134,-2.992101,-7.904013,2.757458,-11.725507,24.507078,-13.051062,-4.943664,1.202267,4.276305,1.399189,-5.439006,15.460662,-37.065739,65.960159,14.209495,16.016312,-1.510848,-7.105822,-15.126302,31.322123,76.525650,1.061876,-4.656847,-18.963619
1186.000000,-2179.184082,1202.058472,77.224342,-1.708571,-4.027215,3.076699,-24.458313,13.400170,4.026013,57.363804,-11.966657,-3.078819,-6.659812,2.868386,-11.645153,22.885561,-12.827922,-4.873114,1.502138,4.105129,1.310287,-5.202816,15.553985,-36.544853,66.010811,14.184778,15.614838,-1.546823,-7.491385,-15.090759,31.484404,75.695099,1.655432,-4.763654,-18.520403
1187.000000,-2178.482422,1202.066162,77.382317,-1.691405,-3.815403,3.096594,-25.035721,13.483463,4.302615,51.939316,-11.546228,-3.284684,-5.520590,3.027314,-11.557856,21.340651,-12.624188,-4.774294,1.816601,4.038760,1.166984,-4.923645,15.463179,-35.951668,66.001740,14.160683,15.251152,-1.621442,-7.761077,-15.088251,31.667173,74.846527,2.054372,-4.875718,-18.043682
1188.000000,-2177.763672,1202.114624,77.504196,-1.664075,-3.651293,3.100628,-25.275463,13.538491,4.627549,46.182461,-10.582566,-3.584364,-4.475986,3.116428,-11.475990,20.091137,-12.561663,-4.662375,2.118765,3.965159,1.132319,-4.729633,15.275779,-35.547726,65.980476,14.162959,14.942793,-1.637437,-8.002501,-15.072355,31.916117,74.012199,2.463449,-4.941249,-17.635208
1189.000000,-2177.049805,1202.200073,77.588478,-1.646299,-3.508231,3.029661,-25.163536,13.485527,4.792326,41.521500,-9.507703,-3.865877,-3.735456,3.160033,-11.374193,19.321552,-12.601998,-4.550170,2.384691,3.909295,1.145020,-4.672388,15.193304,-35.298916,65.993118,14.182261,14.806794,-1.491517,-8.182626,-15.023275,32.116928,73.455452,2.702669,-4.963852,-17.363276
1190.000000,-2176.321533,1202.328369,77.637314,-1.682699,-3.304767,2.868417,-24.827888,13.430227,4.978294,35.373230,-7.822529,-4.232714,-2.912302,3.249215,-11.171546,18.471174,-12.728150,-4.371256,2.732890,3.875767,1.073943,-4.591089,15.167056,-35.149727,66.068398,14.218305,14.521130,-1.413224,-8.440596,-14.909689,32.398933,72.847702,2.835976,-4.969615,-17.018000
1191.000000,-2175.591553,1202.505859,77.652840,-1.793646,-3.085128,2.796551,-24.445858,13.383230,5.126552,29.828695,-5.905489,-4.540058,-2.179252,3.342801,-11.042656,17.767328,-12.937683,-4.163151,2.897392,3.909449,0.978437,-4.499405,15.156610,-35.135769,66.231506,14.230047,14.134816,-1.450454,-8.670957,-14.820852,32.790535,72.210236,2.947667,-4.966543,-16.737633
1192.000000,-2174.839355,1202.729126,77.649361,-1.931936,-2.909897,2.819083,-23.929781,13.275455,5.230322,24.661798,-3.799306,-4.740992,-1.366674,3.392230,-11.026988,17.108267,-13.233156,-3.900249,2.930224,3.960851,0.916117,-4.411656,15.112042,-35.136909,66.453766,14.228297,13.764046,-1.528254,-8.777577,-14.788913,33.283001,71.492706,3.024025,-4.963701,-16.513071
1193.000000,-2174.066650,1202.994019,77.623695,-2.067187,-2.752833,2.817582,-23.349375,13.175762,5.342920,20.389559,-2.139745,-4.825948,-0.605103,3.388721,-10.999413,16.636036,-13.633641,-3.597069,3.002235,3.975782,0.863940,-4.307360,15.087290,-35.137508,66.596626,14.222440,13.472184,-1.594831,-8.785518,-14.770025,33.832661,70.899826,3.083415,-4.954256,-16.323025
1194.000000,-2173.276855,1203.307861,77.574547,-2.218966,-2.580084,2.608301,-22.746178,13.188843,5.520144,17.190914,-0.964828,-4.869136,0.017772,3.386152,-10.808880,16.376600,-14.099642,-3.279786,3.295292,3.979386,0.803248,-4.190110,15.072200,-35.111858,66.629898,14.218895,13.193478,-1.631386,-8.743548,-14.753805,34.383278,70.458565,3.118706,-4.867655,-16.105087
1195.000000,-2172.481689,1203.672852,77.512993,-2.358262,-2.390315,2.291498,-22.198179,13.164512,5.591913,15.267441,-0.227000,-4.888644,0.445447,3.357319,-10.551321,16.267588,-14.504641,-2.995628,3.638013,3.980174,0.747839,-4.069575,15.043159,-35.074730,66.632378,14.221412,12.940940,-1.599217,-8.677309,-14.743591,34.742649,70.159668,3.134156,-4.724603,-15.866288
1196.000000,-2171.662109,1204.097900,77.437630,-2.509651,-2.182660,2.014598,-21.527395,13.069203,5.735894,13.614291,0.454969,-4.899158,0.922243,3.267734,-10.262723,16.182575,-15.021537,-2.613326,3.936593,3.994509,0.663819,-3.855814,14.994001,-35.047821,66.628960,14.230684,12.631922,-1.516348,-8.592520,-14.720274,35.066917,69.854759,3.146735,-4.519877,-15.515125
1197.000000,-2170.811523,1204.584961,77.346512,-2.654471,-1.954212,1.822199,-20.671869,12.938825,6.552948,12.681068,0.965218,-4.809884,1.505748,3.057075,-9.993790,16.125343,-15.716394,-2.076918,4.108684,4.018222,0.550632,-3.554152,14.951237,-35.035248,66.635727,14.242738,12.303286,-1.426357,-8.484917,-14.698568,35.424797,69.599907,3.172537,-4.264133,-15.059424
1198.000000,-2169.928467,1205.120972,77.256165,-2.686402,-1.703900,1.786118,-19.793776,12.492141,7.383223,12.485991,1.252298,-4.582839,2.059314,2.655685,-9.882314,16.136173,-16.451910,-1.478268,4.107406,3.926668,0.422514,-3.293320,14.899180,-35.032295,66.712898,14.334777,12.130008,-1.315241,-8.299644,-14.675795,35.789356,69.505615,3.194187,-4.051425,-14.700228
1199.000000,-2169.038330,1205.652954,77.234039,-2.309159,-1.488483,1.845661,-19.114738,11.463068,7.432826,12.215324,2.766380,-3.712523,2.634346,1.774529,-9.803489,16.188416,-17.237309,-0.764698,4.100759,3.327881,0.416734,-3.189013,14.898623,-35.003311,66.895958,14.570270,11.933076,-1.251741,-8.011770,-14.500563,36.085106,69.505836,3.157977,-3.754216,-14.353153
1200.000000,-2168.146240,1206.189209,77.267769,-1.685383,-1.376973,1.816072,-18.523212,10.505924,8.218387,12.498091,3.515197,-3.226862,3.411261,0.534014,-9.617712,16.080425,-17.922342,0.024745,4.169638,2.372331,0.654826,-3.226602,15.101506,-34.890350,67.122025,14.737041,11.869983,-0.980600,-7.719226,-14.204623,36.317406,69.584282,3.097528,-3.424089,-13.947167
1201.000000,-2167.224854,1206.775391,77.318596,-0.957593,-1.151314,1.599727,-18.057592,9.689575,9.299029,12.941861,3.372130,-2.771270,4.032363,-0.696242,-9.316510,15.880092,-18.424498,0.763772,4.311879,1.485166,0.759815,-3.225215,15.238064,-34.871342,67.454300,14.975945,11.741866,-0.859066,-7.426451,-13.948801,36.432388,69.733910,3.069947,-3.165979,-13.616781
1202.000000,-2166.291504,1207.413330,77.352577,-0.297740,-0.860709,1.340480,-17.690641,8.841826,10.179944,13.463254,3.030519,-2.313063,4.656361,-1.876788,-8.994057,15.488221,-18.786919,1.516032,4.476957,0.751359,0.779171,-3.163703,15.259743,-34.825188,67.774864,15.281581,11.650281,-0.723214,-7.083696,-13.792613,36.471184,69.831108,3.061037,-2.910144,-13.362262
1203.000000,-2165.349365,1208.091675,77.352158,0.253862,-0.582427,1.100725,-17.334089,7.806093,10.856926,14.084899,2.799080,-1.799484,5.455038,-3.159962,-8.664738,14.831975,-19.087425,2.414299,4.624460,0.094303,0.754935,-2.996448,15.256588,-34.770485,67.988419,15.584679,11.587464,-0.588139,-6.644788,-13.734461,36.488270,69.844116,3.059453,-2.640994,-13.126167
1204.000000,-2164.384033,1208.808472,77.302063,0.734404,-0.276419,0.962770,-17.084764,6.691332,11.172900,14.747011,2.828947,-1.305909,6.272655,-4.392813,-8.482367,14.149533,-19.374649,3.330351,4.649224,-0.425143,0.672226,-2.723441,15.259487,-34.688931,68.015701,15.806536,11.534884,-0.503123,-6.189802,-13.766758,36.534794,69.850441,3.072209,-2.457855,-12.972136
1205.000000,-2163.457764,1209.489014,77.236336,1.326772,-0.001666,1.024541,-16.974808,5.453689,11.400558,15.663691,2.405064,-0.778541,7.071935,-5.752730,-8.599060,13.664438,-19.773521,4.259313,4.595917,-1.028996,0.614911,-2.603864,15.335797,-34.569912,68.017609,16.105297,11.516858,-0.409639,-5.688127,-13.846571,36.633675,69.912544,3.083679,-2.330390,-12.920140
1206.000000,-2162.551758,1210.163330,77.210709,1.980221,0.108508,1.170190,-16.773918,4.259872,11.826051,16.665724,0.872269,-0.259950,7.853122,-7.169575,-8.960737,13.401371,-20.009121,5.130521,4.519375,-1.746001,0.751112,-2.601629,15.458857,-34.518185,68.019737,16.523270,11.513004,-0.304410,-5.258508,-13.900376,36.677299,70.037193,3.079483,-2.220387,-12.917008
1207.000000,-2161.634033,1210.876831,77.214035,2.476670,0.193202,1.229461,-16.334272,3.030063,12.348931,17.609488,-0.875714,0.361253,8.516485,-8.712477,-9.407803,13.690645,-19.938507,6.127933,4.512178,-2.315040,0.859270,-2.537741,15.473992,-34.502304,68.031929,17.011759,11.511476,-0.137903,-4.734946,-14.084249,36.703724,70.252762,3.037756,-2.055160,-12.941400
1208.000000,-2160.712646,1211.600464,77.246002,2.872023,0.193281,1.215292,-15.602106,2.005509,12.813989,17.996128,-2.176027,0.910024,8.773673,-10.021506,-9.573944,14.810302,-19.686327,6.922664,4.626993,-2.652337,0.868774,-2.428697,15.355586,-34.473866,68.165985,17.447990,11.513951,0.090216,-4.197729,-14.350870,36.841949,70.500114,2.868342,-1.810132,-13.058832
1209.000000,-2159.763916,1212.319702,77.297089,3.211558,0.145873,1.313107,-14.841306,1.180594,13.079485,17.968723,-2.992417,1.327486,8.885422,-10.997196,-9.612970,15.988661,-19.323946,7.503016,4.743224,-2.874096,0.762464,-2.252904,15.204429,-34.438019,68.328278,17.787260,11.537491,0.276903,-3.662268,-14.608490,37.017429,70.724945,2.640177,-1.581538,-13.224265
1210.000000,-2158.773438,1213.042603,77.357224,3.569782,0.016925,1.542393,-13.609618,-0.012503,13.266323,17.528870,-3.837942,1.881750,8.931807,-12.295956,-9.691373,17.970493,-18.663176,8.250219,4.821262,-3.195270,0.534004,-1.869466,15.059393,-34.413727,68.482147,18.278065,11.564415,0.461027,-2.898120,-14.906686,37.208275,71.175209,2.172109,-1.228463,-13.530556
1211.000000,-2157.797119,1213.750366,77.405983,3.844543,-0.227959,1.938831,-12.342825,-1.136559,13.254754,16.973318,-4.506511,2.378435,8.829056,-13.461332,-9.766113,20.348400,-17.891218,8.864176,4.836973,-3.466703,0.334372,-1.482071,14.939747,-34.394283,68.673737,18.782166,11.601156,0.643915,-2.220720,-15.137633,37.359669,71.816765,1.427065,-0.861816,-13.861341
1212.000000,-2156.775391,1214.489502,77.443001,4.064722,-0.609499,2.351594,-10.647884,-2.416914,13.081527,16.365707,-5.375303,2.963026,8.364923,-14.799778,-9.617313,24.252926,-16.531122,9.459928,4.865547,-3.694820,0.204363,-0.972714,14.756732,-34.389626,68.945084,19.362276,11.670901,0.742424,-1.471690,-15.398987,37.553776,72.891472,0.039224,-0.251665,-14.265693
1213.000000,-2155.811523,1215.196289,77.469055,4.207755,-1.058913,2.622936,-8.987165,-3.436348,12.975748,15.776464,-6.150979,3.475499,7.283151,-15.979985,-9.120266,28.974556,-14.732092,9.646657,4.894894,-3.874363,0.200240,-0.373203,14.667271,-34.389843,68.988152,19.607512,11.778589,0.825972,-0.961693,-15.523592,37.591732,73.837524,-1.597565,0.658362,-14.590328
1214.000000,-2154.867920,1215.868286,77.491417,4.307661,-1.550902,2.896373,-7.263316,-4.359015,12.762549,15.110461,-6.828749,3.954765,5.950960,-16.955103,-8.290755,33.917419,-12.098216,9.391191,4.851819,-4.017801,0.262396,0.232321,14.627396,-34.390137,68.996666,19.672644,11.819608,0.876063,-0.502060,-15.563477,37.564236,74.520355,-2.972613,1.737788,-14.805965
1215.000000,-2153.929443,1216.519409,77.499672,4.338044,-2.013002,3.266403,-5.950765,-5.043436,12.508009,14.575736,-7.340861,4.307591,4.642021,-17.575453,-7.434108,37.912590,-9.321687,8.679590,4.809899,-4.139507,0.266516,0.670655,14.626035,-34.391590,69.024185,19.702587,11.827970,0.927864,-0.135190,-15.544995,37.542995,74.842087,-3.830906,2.627564,-14.861635
1216.000000,-2153.034180,1217.121826,77.482307,4.437465,-2.417577,3.471850,-4.408092,-5.825496,12.186272,13.899989,-7.893848,4.710804,2.767773,-18.213003,-6.245229,42.754208,-5.175783,7.454270,4.805095,-4.321598,0.343188,1.058240,14.656185,-34.396255,69.089760,19.709206,11.833422,0.995305,0.197389,-15.461716,37.537766,75.002983,-4.747717,3.645114,-14.827532
1217.000000,-2152.186523,1217.666870,77.427322,4.540546,-2.811627,3.618398,-2.687023,-6.701878,11.951915,13.224557,-8.595757,5.167432,0.075661,-18.677858,-4.529986,48.309048,0.641813,5.603472,4.937399,-4.671027,0.538380,1.348913,14.800433,-34.405136,69.096794,19.708578,11.849009,1.035615,0.329737,-15.225824,37.525585,74.928848,-5.652570,4.685166,-14.634948
1218.000000,-2151.399414,1218.153076,77.364166,4.520989,-3.119784,3.807772,-1.467864,-7.250037,11.641134,13.098412,-9.409306,5.542245,-2.708671,-18.576124,-3.439375,53.286835,2.109241,4.381962,4.891123,-4.852300,0.760322,1.449705,14.928136,-34.477306,69.095718,19.703506,11.867105,1.068244,0.177556,-14.924531,37.356590,74.725380,-6.181598,5.334053,-14.347353
1219.000000,-2150.636475,1218.591797,77.315231,4.326874,-3.591648,4.213397,-0.344251,-7.557583,11.098619,13.296431,-10.297931,5.810002,-5.366492,-18.021006,-3.174515,57.943279,0.763114,3.437232,4.573653,-4.836564,1.180846,1.410570,15.002979,-34.536308,69.097298,19.681583,11.872043,1.090054,-0.226383,-14.540037,37.107643,74.579094,-6.714573,5.736514,-13.996637
1220.000000,-2149.856689,1218.986572,77.280113,4.060679,-4.021529,4.765607,0.480561,-7.699749,10.551700,13.529361,-10.997696,5.967151,-7.385357,-17.378160,-3.351935,61.261875,-0.860172,2.831530,4.293437,-4.757358,1.439600,1.306974,15.030397,-34.543934,69.100098,19.614960,11.873034,1.092785,-0.524658,-14.233544,36.998695,74.454765,-7.136003,5.958242,-13.650162
1221.000000,-2149.081787,1219.345337,77.255379,3.744132,-4.311290,5.330141,1.350469,-7.795608,9.888494,13.799427,-11.792446,6.140442,-9.645397,-16.563494,-3.844790,64.388756,-2.782234,2.234596,4.053895,-4.607831,1.569023,1.110159,15.036360,-34.572968,69.105453,19.493652,11.871639,1.090281,-0.803200,-13.929090,36.899006,74.252281,-7.507466,6.181217,-13.165098
1222.000000,-2148.300537,1219.688477,77.232315,3.412016,-4.540531,5.817288,2.359471,-7.807393,9.144669,14.092381,-12.759953,6.332950,-12.393557,-15.399697,-4.565061,66.913727,-5.152087,1.634460,3.903216,-4.319196,1.603682,0.733267,15.022507,-34.640015,69.108932,19.354605,11.856784,1.083636,-1.182042,-13.675466,36.653473,73.817696,-7.836819,6.384313,-12.524560
1223.000000,-2147.505127,1220.022827,77.198570,3.113511,-4.599688,6.128263,3.124975,-7.777837,8.694555,14.256439,-13.567452,6.422404,-14.976786,-14.388252,-5.202783,68.024147,-7.142344,1.191533,3.930897,-4.054671,1.517500,0.332741,15.011838,-34.650421,69.104843,19.063454,11.788163,1.081508,-1.635676,-13.544831,36.350040,73.373192,-8.085527,6.425622,-12.069100
1224.000000,-2146.715820,1220.347900,77.159477,2.778883,-4.649114,6.479001,3.669728,-7.716372,8.365592,14.413919,-14.202408,6.467922,-16.887861,-13.684030,-5.856026,68.041328,-8.590698,0.847781,3.860922,-3.799921,1.503573,0.006102,15.015762,-34.654709,69.053307,18.752851,11.709336,1.080160,-2.118924,-13.506735,35.913914,72.981270,-8.445887,6.439312,-11.825229
1225.000000,-2145.928223,1220.653931,77.106720,2.521061,-4.643686,6.842906,4.371171,-7.678898,7.866163,14.562936,-14.993861,6.527395,-19.318798,-12.831308,-6.735856,67.145401,-10.353408,0.433466,3.576778,-3.497839,1.482071,-0.373212,15.056321,-34.682667,68.871773,18.437519,11.610865,1.079205,-2.927877,-13.589568,34.971531,72.683159,-9.210383,6.638300,-11.768375
1226.000000,-2145.122070,1220.946411,77.047890,2.244091,-4.625303,7.217830,5.024862,-7.652358,7.439513,14.627005,-15.680634,6.565528,-21.429602,-12.190528,-7.571455,65.629471,-11.617326,0.135814,3.316659,-3.225662,1.494386,-0.718990,15.091842,-34.762573,68.656403,18.259569,11.514989,1.080449,-3.723914,-13.752972,34.261791,72.411125,-9.971101,6.658376,-11.714238
1227.000000,-2144.270020,1221.231689,76.990112,1.888866,-4.568482,7.612827,5.773681,-7.484223,6.901491,14.766869,-16.575148,6.597476,-23.709507,-11.422745,-8.742412,62.649109,-12.771520,-0.167087,3.007435,-2.770052,1.494409,-1.147119,15.092315,-34.899666,68.388107,17.986206,11.394315,1.071412,-4.610953,-14.014693,33.526127,71.983376,-10.748460,6.659601,-11.713151
1228.000000,-2143.389404,1221.501709,76.926331,1.583815,-4.444430,7.909416,6.505099,-7.311920,6.517987,14.712290,-17.331659,6.602103,-25.564047,-10.879992,-9.901580,58.739017,-13.347777,-0.411297,2.738251,-2.338909,1.443868,-1.475227,15.157008,-35.209003,67.996185,17.737932,11.283185,1.006102,-5.379654,-14.196314,32.742779,71.626846,-11.218996,6.655244,-11.813072
1229.000000,-2142.481934,1221.747070,76.835091,1.394192,-4.258520,8.191886,7.280693,-7.252028,6.176865,14.474823,-18.018171,6.556968,-27.348698,-10.521755,-10.788366,54.182869,-13.507953,-0.577503,2.320711,-2.044874,1.360164,-1.745370,15.341178,-35.720798,67.553474,17.448620,11.095812,0.893096,-6.112158,-14.306007,32.033909,71.346840,-11.725288,6.654221,-12.037357
1230.000000,-2141.472656,1221.984375,76.707870,1.262160,-4.098139,8.547104,8.159682,-7.246071,5.805037,14.161692,-18.701014,6.474267,-28.906469,-10.387504,-11.589513,49.184738,-13.196882,-0.649983,1.797825,-1.837588,1.347387,-2.077089,15.576725,-36.220978,67.189178,17.087608,10.862651,0.712706,-6.664893,-14.424296,31.379902,71.017746,-12.026067,6.642879,-12.327484
1231.000000,-2140.420898,1222.191895,76.559959,1.195674,-3.991887,8.769572,8.919186,-7.247478,5.613850,13.798286,-19.130325,6.396236,-29.745817,-10.342481,-12.113499,45.494076,-12.787084,-0.660851,1.499152,-1.735991,1.381802,-2.308980,15.746273,-36.468250,66.972946,16.879221,10.702311,0.588516,-6.888840,-14.505427,30.975845,70.712692,-12.088720,6.633049,-12.519683
1232.000000,-2139.278809,1222.369629,76.366882,1.240181,-3.868626,9.127761,10.251756,-7.348038,5.219373,13.052296,-19.804720,6.281822,-30.892790,-10.517738,-13.044366,39.219093,-12.048029,-0.540831,1.011548,-1.740526,1.334641,-2.646724,16.019674,-36.697277,66.644127,16.652620,10.467180,0.446138,-6.959785,-14.623547,30.470575,70.180954,-12.148980,6.615390,-12.813476
1233.000000,-2138.057373,1222.508423,76.126015,1.329655,-3.704014,9.620765,11.454109,-7.500475,4.669029,12.464511,-20.508242,6.214743,-31.763588,-10.808163,-13.777222,33.724709,-11.232781,-0.232886,0.438873,-1.920201,1.276034,-2.931798,16.297600,-36.790668,66.303818,16.580372,10.295984,0.366780,-6.887308,-14.625730,30.039108,69.912750,-12.203617,6.543860,-13.145091
1234.000000,-2136.772461,1222.616211,75.850815,1.424076,-3.555744,10.184435,12.628492,-7.588677,4.040214,12.012013,-21.313107,6.109111,-32.501808,-10.986154,-14.124378,28.712290,-10.261009,0.089753,-0.191783,-2.145622,1.232836,-3.179469,16.547760,-36.810745,66.030006,16.566912,10.099617,0.342932,-6.652990,-14.602358,29.654306,69.843834,-12.141098,6.421379,-13.578300
1235.000000,-2135.427979,1222.703979,75.550598,1.428257,-3.480207,10.650940,13.943858,-7.531495,3.473810,11.608664,-22.227962,5.871172,-33.055401,-11.095618,-14.465634,24.336971,-9.160847,0.302060,-0.761518,-2.336532,1.308889,-3.411700,16.785645,-36.836926,65.840233,16.566847,9.849384,0.316877,-6.291909,-14.602423,29.376354,69.838776,-11.933274,6.407728,-14.004850
1236.000000,-2133.992432,1222.780518,75.223457,1.268304,-3.361315,11.092966,15.106202,-7.248178,3.078098,11.437054,-23.228910,5.580476,-33.406040,-11.060213,-14.944385,21.181421,-8.203695,0.402701,-1.234872,-2.346293,1.342533,-3.524278,16.948503,-36.842266,65.739922,16.570066,9.647881,0.271239,-5.858706,-14.636647,29.184484,69.816299,-11.668339,6.460688,-14.333028
1237.000000,-2132.487305,1222.833862,74.872719,0.973495,-3.279388,11.634176,16.408331,-6.612153,2.645691,11.645870,-24.680273,5.151786,-33.559349,-10.868251,-15.336581,18.506077,-7.144369,0.431289,-1.894894,-2.197148,1.390870,-3.608267,17.112978,-36.809917,65.642235,16.575081,9.528211,0.200055,-5.246671,-14.697219,29.149166,69.745178,-11.424182,6.610743,-14.697323
1238.000000,-2130.854736,1222.860962,74.512138,0.573868,-3.181902,12.136424,17.464870,-5.767854,2.677249,12.310880,-26.044287,4.571565,-33.452057,-10.523659,-15.419749,17.269403,-6.047720,0.239589,-2.440820,-1.977194,1.403784,-3.615347,17.271753,-36.775749,65.452507,16.582590,9.513490,0.143943,-4.528184,-14.701756,29.139412,69.622498,-11.219168,6.802520,-15.058494
1239.000000,-2129.158691,1222.852417,74.192467,0.213711,-3.111728,12.660688,18.156954,-4.740407,3.460484,13.770478,-27.222601,3.814529,-33.170349,-10.155800,-15.500091,17.265604,-4.943520,-0.289529,-2.893830,-1.769594,1.366564,-3.597328,17.433861,-36.771893,65.285530,16.587435,9.497711,0.120598,-3.708474,-14.645460,29.139027,69.472549,-11.008884,6.977513,-15.360647
1240.000000,-2127.353516,1222.822510,73.941544,-0.127245,-2.963659,13.071404,18.421272,-3.556997,4.619153,16.262974,-27.963770,2.887416,-32.533028,-9.657703,-15.532744,17.904428,-3.691226,-1.071474,-3.215398,-1.568017,1.159175,-3.441713,17.567532,-36.749649,65.216888,16.617218,9.460698,0.105546,-2.743041,-14.507010,29.110121,69.370308,-10.933888,7.147871,-15.551430
1241.000000,-2125.467773,1222.798584,73.760513,-0.752132,-2.892897,13.292215,18.141024,-2.109375,5.723008,19.830536,-28.346479,1.822117,-31.527143,-8.750137,-15.692763,18.641817,-2.331311,-2.024282,-3.293083,-1.047991,0.923649,-3.175668,17.578131,-36.680386,65.216080,16.673431,9.433315,0.062173,-1.784961,-14.441355,29.074516,69.272987,-10.873778,7.308200,-15.655847
1242.000000,-2123.446045,1222.774658,73.623322,-1.393418,-2.890079,13.158243,17.593731,-0.106114,7.093051,25.133339,-27.672010,0.449286,-29.840582,-7.198912,-16.201605,19.655670,-0.747098,-3.190751,-3.019768,-0.163110,0.532304,-2.599017,17.512045,-36.477577,65.254128,16.719357,9.423201,-0.054464,-0.529170,-14.407635,29.066561,69.210159,-10.728161,7.513195,-15.718205
1243.000000,-2121.298340,1222.755371,73.560013,-2.267663,-3.133131,12.664813,16.956451,1.512098,7.948695,29.694412,-26.108862,-0.434197,-28.579010,-5.740889,-16.291780,20.295321,0.747777,-4.419716,-2.576977,0.679039,0.407805,-2.201416,17.371061,-36.200790,65.355705,16.766531,9.419560,-0.164347,0.303278,-14.434342,29.065773,69.167511,-10.455234,7.614259,-15.776710
1244.000000,-2119.101807,1222.764771,73.665062,-3.373204,-3.746773,12.098415,16.035101,3.879949,8.779014,36.230999,-21.883884,-1.352298,-26.943985,-3.940283,-16.485670,21.480148,2.572818,-4.908498,-2.008520,2.162399,0.731833,-1.695582,17.039896,-35.988335,65.532326,16.831135,9.417901,-0.269776,1.109514,-14.563025,29.066429,69.162613,-9.953673,7.682414,-15.848125
1245.000000,-2116.768555,1222.770020,73.939201,-4.351971,-4.280758,11.580442,14.686379,6.355951,9.054923,42.698235,-13.492540,-3.153073,-24.823509,-2.203193,-16.889524,22.395697,2.750495,-5.025424,-1.832135,3.677477,0.912117,-0.851603,16.733202,-35.950939,65.718666,16.844378,9.416877,-0.397975,1.914572,-14.647010,29.084099,69.163322,-9.660129,7.696533,-15.856296
1246.000000,-2114.361084,1222.781372,74.282661,-5.195635,-4.428051,11.200953,12.994607,8.385523,8.985293,46.851345,-0.324463,-3.540582,-22.823639,-0.804050,-17.309052,22.702639,2.220267,-5.174661,-1.878020,4.852915,0.503463,0.105335,16.450703,-35.873783,65.945694,16.839962,9.416467,-0.584198,2.824274,-14.716161,29.146154,69.163475,-9.624517,7.683505,-15.854784
1247.000000,-2112.018066,1222.770142,74.570427,-5.610349,-4.399059,10.879409,10.210634,10.172967,8.460826,52.199760,9.703866,-2.790748,-20.641340,0.489340,-17.676191,22.782038,1.727545,-5.492676,-1.862180,5.821920,-0.126488,0.893641,16.185205,-35.720184,66.178978,16.835091,9.367261,-0.839323,3.776385,-14.832139,29.046522,69.156311,-9.732334,7.650512,-15.851040
1248.000000,-2109.976562,1222.765015,74.815552,-5.835572,-4.662960,10.513196,7.003382,11.068875,8.198405,58.220078,8.538017,-1.288754,-18.932638,1.281195,-17.482082,23.524393,0.251770,-5.618824,-1.664014,6.210628,0.026252,0.924025,15.985965,-35.700989,66.398216,16.826387,9.196188,-0.950565,4.099785,-14.980798,28.709152,69.018188,-10.141488,7.629477,-15.848762
