Frame,root_translateX,root_translateY,root_translateZ,root_rotateX,root_rotateY,root_rotateZ,left_hip_pitch_joint_dof,left_hip_roll_joint_dof,left_hip_yaw_joint_dof,left_knee_joint_dof,left_ankle_pitch_joint_dof,left_ankle_roll_joint_dof,right_hip_pitch_joint_dof,right_hip_roll_joint_dof,right_hip_yaw_joint_dof,right_knee_joint_dof,right_ankle_pitch_joint_dof,right_ankle_roll_joint_dof,waist_yaw_joint_dof,waist_roll_joint_dof,waist_pitch_joint_dof,left_shoulder_pitch_joint_dof,left_shoulder_roll_joint_dof,left_shoulder_yaw_joint_dof,left_elbow_joint_dof,left_wrist_roll_joint_dof,left_wrist_pitch_joint_dof,left_wrist_yaw_joint_dof,right_shoulder_pitch_joint_dof,right_shoulder_roll_joint_dof,right_shoulder_yaw_joint_dof,right_elbow_joint_dof,right_wrist_roll_joint_dof,right_wrist_pitch_joint_dof,right_wrist_yaw_joint_dof
0.000000,-1805.879639,-670.653137,78.554375,-2.098830,0.283068,-102.707525,4.471142,4.310012,9.188214,9.356349,-13.831490,-1.417421,-5.451589,-2.956538,-19.792418,8.138315,-1.917467,-0.258884,0.080834,1.019368,0.481165,-2.557211,14.313734,-34.277977,63.451225,-3.043082,-1.225765,0.627636,-2.880295,-13.792558,36.232780,65.921394,11.075345,-4.166053,-14.065118
1.000000,-1805.879761,-670.653137,78.554428,-2.098513,0.282850,-102.707772,4.470532,4.308052,9.187836,9.356412,-13.830976,-1.415708,-5.450443,-2.954657,-19.791538,8.138753,-1.919664,-0.260504,0.081124,1.019671,0.481146,-2.557090,14.313137,-34.276279,63.451527,-3.043042,-1.225879,0.626666,-2.881121,-13.791493,36.233013,65.923012,11.074954,-4.166337,-14.063020
2.000000,-1805.880005,-670.653137,78.554489,-2.098195,0.282651,-102.708015,4.469913,4.306086,9.187447,9.356476,-13.830471,-1.413983,-5.449291,-2.952768,-19.790667,8.139184,-1.921896,-0.262139,0.081415,1.019965,0.481132,-2.556971,14.312542,-34.274570,63.451820,-3.043002,-1.225999,0.625690,-2.881951,-13.790422,36.233246,65.924644,11.074560,-4.166621,-14.060912
3.000000,-1805.880127,-670.653137,78.554543,-2.097879,0.282469,-102.708244,4.469453,4.304647,9.187157,9.356521,-13.830109,-1.412721,-5.448448,-2.951381,-19.790033,8.139500,-1.923540,-0.263335,0.081628,1.020176,0.481124,-2.556885,14.312107,-34.273315,63.452045,-3.042975,-1.226090,0.624974,-2.882560,-13.789639,36.233418,65.925835,11.074272,-4.166829,-14.059369
4.000000,-1805.880371,-670.653198,78.554604,-2.097571,0.282310,-102.708463,4.468818,4.302684,9.186752,9.356582,-13.829623,-1.410998,-5.447298,-2.949483,-19.789181,8.139925,-1.925800,-0.264961,0.081919,1.020459,0.481116,-2.556768,14.311514,-34.271595,63.452339,-3.042938,-1.226218,0.623996,-2.883392,-13.788566,36.233650,65.927467,11.073877,-4.167114,-14.057261
5.000000,-1805.880493,-670.653259,78.554657,-2.097268,0.282172,-102.708683,4.468185,4.300752,9.186346,9.356637,-13.829156,-1.409302,-5.446167,-2.947610,-19.788353,8.140340,-1.928039,-0.266554,0.082205,1.020732,0.481111,-2.556656,14.310932,-34.269901,63.452633,-3.042902,-1.226349,0.623034,-2.884213,-13.787508,36.233875,65.929077,11.073490,-4.167393,-14.055192
6.000000,-1805.880737,-670.653320,78.554710,-2.096974,0.282056,-102.708884,4.467550,4.298840,9.185935,9.356689,-13.828706,-1.407620,-5.445048,-2.945754,-19.787540,8.140747,-1.930269,-0.268123,0.082488,1.020996,0.481109,-2.556545,14.310357,-34.268219,63.452927,-3.042866,-1.226483,0.622081,-2.885026,-13.786459,36.234100,65.930664,11.073106,-4.167669,-14.053144
7.000000,-1805.880981,-670.653442,78.554764,-2.096699,0.281966,-102.709070,4.466901,4.296910,9.185513,9.356745,-13.828264,-1.405912,-5.443920,-2.943883,-19.786732,8.141148,-1.932538,-0.269711,0.082774,1.021252,0.481106,-2.556435,14.309781,-34.266521,63.453220,-3.042832,-1.226622,0.621118,-2.885845,-13.785400,36.234325,65.932266,11.072716,-4.167947,-14.051075
8.000000,-1805.881104,-670.653564,78.554810,-2.096426,0.281895,-102.709252,4.466251,4.295002,9.185086,9.356798,-13.827843,-1.404219,-5.442804,-2.942031,-19.785938,8.141539,-1.934792,-0.271274,0.083056,1.021497,0.481104,-2.556327,14.309213,-34.264839,63.453518,-3.042798,-1.226765,0.620164,-2.886656,-13.784352,36.234547,65.933853,11.072330,-4.168221,-14.049029
9.000000,-1805.881348,-670.653748,78.554863,-2.096165,0.281844,-102.709420,4.465759,4.293573,9.184760,9.356838,-13.827537,-1.402946,-5.441968,-2.940641,-19.785353,8.141829,-1.936486,-0.272437,0.083268,1.021677,0.481101,-2.556246,14.308788,-34.263577,63.453739,-3.042773,-1.226873,0.619450,-2.887263,-13.783566,36.234715,65.935043,11.072041,-4.168425,-14.047496
10.000000,-1805.881470,-670.653931,78.554909,-2.095909,0.281813,-102.709584,4.465100,4.291678,9.184321,9.356891,-13.827142,-1.401255,-5.440861,-2.938797,-19.784582,8.142210,-1.938738,-0.273967,0.083548,1.021909,0.481097,-2.556140,14.308227,-34.261906,63.454033,-3.042741,-1.227021,0.618503,-2.888068,-13.782520,36.234932,65.936623,11.071655,-4.168695,-14.045465
11.000000,-1805.881470,-670.654114,78.554962,-2.095672,0.281803,-102.709728,4.464437,4.289791,9.183875,9.356940,-13.826763,-1.399567,-5.439758,-2.936957,-19.783827,8.142586,-1.940990,-0.275477,0.083828,1.022133,0.481091,-2.556034,14.307669,-34.260231,63.454327,-3.042706,-1.227170,0.617559,-2.888870,-13.781477,36.235157,65.938202,11.071270,-4.168962,-14.043444
12.000000,-1805.881714,-670.654358,78.555008,-2.095442,0.281812,-102.709873,4.463768,4.287909,9.183425,9.356988,-13.826401,-1.397878,-5.438658,-2.935120,-19.783081,8.142956,-1.943244,-0.276968,0.084107,1.022350,0.481084,-2.555929,14.307114,-34.258564,63.454624,-3.042672,-1.227323,0.616618,-2.889669,-13.780434,36.235374,65.939766,11.070886,-4.169228,-14.041427
13.000000,-1805.881836,-670.654602,78.555061,-2.095220,0.281839,-102.710004,4.463093,4.286030,9.182965,9.357041,-13.826051,-1.396179,-5.437559,-2.933289,-19.782347,8.143314,-1.945506,-0.278457,0.084385,1.022557,0.481071,-2.555824,14.306562,-34.256893,63.454918,-3.042636,-1.227478,0.615676,-2.890464,-13.779392,36.235592,65.941338,11.070498,-4.169491,-14.039412
14.000000,-1805.882080,-670.654846,78.555107,-2.095014,0.281883,-102.710125,4.462418,4.284167,9.182502,9.357094,-13.825718,-1.394488,-5.436468,-2.931472,-19.781628,8.143668,-1.947754,-0.279921,0.084661,1.022754,0.481055,-2.555720,14.306017,-34.255238,63.455219,-3.042600,-1.227636,0.614741,-2.891253,-13.778356,36.235813,65.942902,11.070112,-4.169751,-14.037412
15.000000,-1805.882324,-670.655151,78.555145,-2.094825,0.281941,-102.710232,4.461906,4.282767,9.182146,9.357134,-13.825477,-1.393213,-5.435647,-2.930104,-19.781092,8.143932,-1.949447,-0.281012,0.084868,1.022898,0.481041,-2.555641,14.305608,-34.253990,63.455444,-3.042572,-1.227756,0.614039,-2.891845,-13.777575,36.235973,65.944077,11.069820,-4.169946,-14.035908
16.000000,-1805.882324,-670.655457,78.555199,-2.094634,0.282018,-102.710330,4.461226,4.280921,9.181672,9.357187,-13.825172,-1.391526,-5.434564,-2.928298,-19.780394,8.144278,-1.951682,-0.282436,0.085141,1.023081,0.481018,-2.555537,14.305070,-34.252342,63.455746,-3.042535,-1.227916,0.613112,-2.892625,-13.776545,36.236191,65.945633,11.069434,-4.170200,-14.033925
17.000000,-1805.882446,-670.655762,78.555244,-2.094457,0.282110,-102.710423,4.460537,4.279065,9.181190,9.357238,-13.824879,-1.389825,-5.433473,-2.926479,-19.779705,8.144622,-1.953935,-0.283852,0.085416,1.023260,0.480990,-2.555432,14.304529,-34.250683,63.456047,-3.042496,-1.228079,0.612179,-2.893409,-13.775504,36.236408,65.947205,11.069045,-4.170455,-14.031931
18.000000,-1805.882690,-670.656128,78.555290,-2.094290,0.282213,-102.710497,4.459848,4.277225,9.180700,9.357293,-13.824597,-1.388126,-5.432388,-2.924677,-19.779028,8.144956,-1.956179,-0.285254,0.085688,1.023428,0.480957,-2.555326,14.303995,-34.249035,63.456352,-3.042455,-1.228244,0.611252,-2.894183,-13.774470,36.236626,65.948761,11.068656,-4.170705,-14.029948
19.000000,-1805.882690,-670.656433,78.555336,-2.094134,0.282326,-102.710571,4.459334,4.275861,9.180332,9.357335,-13.824398,-1.386864,-5.431582,-2.923340,-19.778532,8.145202,-1.957844,-0.286284,0.085890,1.023548,0.480929,-2.555248,14.303599,-34.247814,63.456585,-3.042425,-1.228368,0.610565,-2.894757,-13.773703,36.236786,65.949913,11.068365,-4.170889,-14.028478
20.000000,-1805.882812,-670.656799,78.555374,-2.093989,0.282450,-102.710627,4.458638,4.274024,9.179831,9.357391,-13.824139,-1.385158,-5.430495,-2.921536,-19.777874,8.145533,-1.960089,-0.287657,0.086162,1.023705,0.480887,-2.555141,14.303067,-34.246159,63.456894,-3.042383,-1.228537,0.609638,-2.895530,-13.772666,36.237003,65.951477,11.067972,-4.171136,-14.026496
21.000000,-1805.883057,-670.657227,78.555420,-2.093846,0.282587,-102.710682,4.457944,4.272203,9.179323,9.357450,-13.823893,-1.383457,-5.429413,-2.919747,-19.777227,8.145856,-1.962322,-0.289015,0.086431,1.023853,0.480839,-2.555035,14.302542,-34.244526,63.457199,-3.042339,-1.228707,0.608717,-2.896294,-13.771634,36.237217,65.953026,11.067580,-4.171380,-14.024528
22.000000,-1805.883057,-670.657593,78.555466,-2.093710,0.282734,-102.710723,4.457250,4.270393,9.178811,9.357508,-13.823658,-1.381762,-5.428334,-2.917965,-19.776598,8.146175,-1.964543,-0.290350,0.086698,1.023994,0.480786,-2.554928,14.302019,-34.242893,63.457516,-3.042294,-1.228878,0.607801,-2.897053,-13.770607,36.237434,65.954567,11.067187,-4.171619,-14.022568
23.000000,-1805.883179,-670.658020,78.555504,-2.093581,0.282890,-102.710760,4.456729,4.269042,9.178423,9.357553,-13.823490,-1.380494,-5.427527,-2.916635,-19.776133,8.146416,-1.966200,-0.291337,0.086897,1.024096,0.480743,-2.554848,14.301629,-34.241673,63.457748,-3.042260,-1.229006,0.607117,-2.897618,-13.769838,36.237595,65.955727,11.066894,-4.171796,-14.021107
24.000000,-1805.883179,-670.658386,78.555557,-2.093462,0.283052,-102.710781,4.456033,4.267245,9.177903,9.357613,-13.823275,-1.378803,-5.426451,-2.914861,-19.775520,8.146733,-1.968407,-0.292638,0.087163,1.024226,0.480682,-2.554740,14.301111,-34.240047,63.458069,-3.042215,-1.229179,0.606207,-2.898371,-13.768813,36.237808,65.957268,11.066501,-4.172030,-14.019160
25.000000,-1805.883423,-670.658813,78.555595,-2.093351,0.283218,-102.710803,4.455345,4.265476,9.177385,9.357672,-13.823069,-1.377134,-5.425388,-2.913112,-19.774927,8.147045,-1.970579,-0.293904,0.087423,1.024349,0.480617,-2.554634,14.300601,-34.238445,63.458382,-3.042168,-1.229351,0.605312,-2.899110,-13.767799,36.238022,65.958801,11.066113,-4.172258,-14.017245
26.000000,-1805.883423,-670.659241,78.555641,-2.093246,0.283386,-102.710816,4.454640,4.263671,9.176849,9.357738,-13.822863,-1.375418,-5.424299,-2.911328,-19.774330,8.147361,-1.972798,-0.295197,0.087688,1.024468,0.480545,-2.554524,14.300082,-34.236813,63.458702,-3.042121,-1.229529,0.604397,-2.899863,-13.766765,36.238235,65.960358,11.065714,-4.172489,-14.015287
27.000000,-1805.883545,-670.659668,78.555679,-2.093144,0.283561,-102.710813,4.454116,4.262335,9.176448,9.357788,-13.822717,-1.374145,-5.423490,-2.910006,-19.773895,8.147593,-1.974440,-0.296148,0.087884,1.024553,0.480488,-2.554441,14.299698,-34.235600,63.458950,-3.042085,-1.229662,0.603720,-2.900419,-13.765997,36.238396,65.961510,11.065417,-4.172658,-14.013838
28.000000,-1805.883545,-670.660156,78.555725,-2.093045,0.283746,-102.710807,4.453420,4.260566,9.175912,9.357856,-13.822529,-1.372457,-5.422415,-2.908252,-19.773323,8.147903,-1.976613,-0.297397,0.088144,1.024661,0.480409,-2.554332,14.299189,-34.233994,63.459270,-3.042037,-1.229839,0.602824,-2.901156,-13.764977,36.238613,65.963043,11.065022,-4.172881,-14.011919
29.000000,-1805.883789,-670.660583,78.555771,-2.092953,0.283927,-102.710800,4.452726,4.258808,9.175377,9.357924,-13.822348,-1.370777,-5.421343,-2.906508,-19.772762,8.148211,-1.978770,-0.298626,0.088401,1.024764,0.480327,-2.554223,14.298684,-34.232395,63.459599,-3.041990,-1.230017,0.601935,-2.901887,-13.763963,36.238823,65.964569,11.064631,-4.173100,-14.010014
30.000000,-1805.883789,-670.661072,78.555817,-2.092865,0.284111,-102.710779,4.452030,4.257049,9.174837,9.357994,-13.822170,-1.369093,-5.420268,-2.904762,-19.772211,8.148517,-1.980926,-0.299846,0.088658,1.024863,0.480241,-2.554112,14.298179,-34.230793,63.459927,-3.041942,-1.230196,0.601047,-2.902617,-13.762944,36.239037,65.966110,11.064236,-4.173316,-14.008108
31.000000,-1805.884033,-670.661560,78.555862,-2.092778,0.284295,-102.710758,4.451335,4.255301,9.174292,9.358070,-13.821995,-1.367405,-5.419191,-2.903025,-19.771669,8.148821,-1.983069,-0.301067,0.088912,1.024956,0.480152,-2.554002,14.297677,-34.229198,63.460255,-3.041894,-1.230377,0.600162,-2.903342,-13.761930,36.239246,65.967636,11.063841,-4.173529,-14.006210
32.000000,-1805.884033,-670.661987,78.555908,-2.092696,0.284475,-102.710721,4.450643,4.253559,9.173744,9.358150,-13.821823,-1.365720,-5.418115,-2.901294,-19.771135,8.149124,-1.985199,-0.302275,0.089165,1.025044,0.480059,-2.553891,14.297177,-34.227608,63.460590,-3.041846,-1.230559,0.599282,-2.904065,-13.760917,36.239460,65.969162,11.063447,-4.173739,-14.004320
33.000000,-1805.884155,-670.662476,78.555954,-2.092617,0.284652,-102.710681,4.449950,4.251827,9.173196,9.358232,-13.821653,-1.364041,-5.417038,-2.899568,-19.770609,8.149427,-1.987315,-0.303470,0.089416,1.025129,0.479964,-2.553781,14.296679,-34.226021,63.460922,-3.041800,-1.230741,0.598407,-2.904783,-13.759908,36.239670,65.970680,11.063052,-4.173946,-14.002440
34.000000,-1805.884155,-670.662903,78.555992,-2.092540,0.284828,-102.710630,4.449258,4.250103,9.172646,9.358318,-13.821486,-1.362369,-5.415964,-2.897851,-19.770094,8.149729,-1.989415,-0.304651,0.089665,1.025209,0.479868,-2.553670,14.296185,-34.224445,63.461266,-3.041755,-1.230925,0.597539,-2.905497,-13.758904,36.239883,65.972191,11.062659,-4.174150,-14.000572
35.000000,-1805.884399,-670.663330,78.556046,-2.092467,0.284994,-102.710580,4.448739,4.248810,9.172231,9.358384,-13.821360,-1.361111,-5.415154,-2.896561,-19.769711,8.149954,-1.990987,-0.305535,0.089852,1.025268,0.479794,-2.553587,14.295814,-34.223267,63.461517,-3.041721,-1.231063,0.596889,-2.906032,-13.758146,36.240040,65.973343,11.062365,-4.174302,-13.999172
36.000000,-1805.884399,-670.663757,78.556091,-2.092392,0.285162,-102.710514,4.448047,4.247094,9.171676,9.358474,-13.821192,-1.359441,-5.414075,-2.894848,-19.769205,8.150254,-1.993070,-0.306702,0.090099,1.025343,0.479695,-2.553477,14.295320,-34.221687,63.461861,-3.041677,-1.231249,0.596028,-2.906743,-13.757143,36.240246,65.974854,11.061972,-4.174502,-13.997313
37.000000,-1805.884399,-670.664185,78.556137,-2.092318,0.285325,-102.710449,4.447359,4.245389,9.171123,9.358564,-13.821023,-1.357783,-5.412999,-2.893146,-19.768707,8.150554,-1.995134,-0.307856,0.090343,1.025416,0.479596,-2.553367,14.294830,-34.220123,63.462200,-3.041633,-1.231435,0.595174,-2.907448,-13.756144,36.240456,65.976364,11.061582,-4.174699,-13.995471
38.000000,-1805.884521,-670.664673,78.556183,-2.092246,0.285475,-102.710374,4.446670,4.243686,9.170562,9.358659,-13.820850,-1.356115,-5.411917,-2.891444,-19.768217,8.150852,-1.997195,-0.309018,0.090587,1.025486,0.479495,-2.553257,14.294340,-34.218555,63.462543,-3.041589,-1.231624,0.594320,-2.908153,-13.755143,36.240665,65.977875,11.061189,-4.174895,-13.993625
39.000000,-1805.884521,-670.665100,78.556236,-2.092173,0.285620,-102.710289,4.445982,4.241990,9.170001,9.358758,-13.820677,-1.354456,-5.410834,-2.889749,-19.767735,8.151151,-1.999244,-0.310172,0.090829,1.025553,0.479395,-2.553147,14.293852,-34.216995,63.462891,-3.041546,-1.231814,0.593471,-2.908856,-13.754147,36.240868,65.979378,11.060798,-4.175088,-13.991789
40.000000,-1805.884766,-670.665527,78.556282,-2.092098,0.285759,-102.710203,4.445298,4.240304,9.169441,9.358858,-13.820501,-1.352808,-5.409753,-2.888064,-19.767258,8.151448,-2.001276,-0.311318,0.091068,1.025618,0.479294,-2.553038,14.293367,-34.215443,63.463238,-3.041504,-1.232004,0.592629,-2.909554,-13.753155,36.241074,65.980881,11.060407,-4.175279,-13.989965
41.000000,-1805.884766,-670.665894,78.556328,-2.092022,0.285890,-102.710113,4.444784,4.239041,9.169021,9.358935,-13.820367,-1.351573,-5.408940,-2.886800,-19.766905,8.151672,-2.002796,-0.312178,0.091248,1.025666,0.479220,-2.552957,14.293002,-34.214275,63.463497,-3.041473,-1.232148,0.591999,-2.910078,-13.752411,36.241226,65.982010,11.060114,-4.175421,-13.988602
42.000000,-1805.884888,-670.666321,78.556381,-2.091943,0.286016,-102.710012,4.444102,4.237368,9.168463,9.359039,-13.820186,-1.349940,-5.407861,-2.885127,-19.766438,8.151970,-2.004806,-0.313314,0.091484,1.025728,0.479121,-2.552849,14.292521,-34.212730,63.463848,-3.041432,-1.232340,0.591167,-2.910772,-13.751425,36.241428,65.983498,11.059726,-4.175608,-13.986796
43.000000,-1805.884888,-670.666687,78.556427,-2.091866,0.286129,-102.709917,4.443419,4.235693,9.167903,9.359146,-13.819999,-1.348307,-5.406776,-2.883449,-19.765980,8.152268,-2.006816,-0.314452,0.091720,1.025790,0.479024,-2.552741,14.292037,-34.211182,63.464203,-3.041392,-1.232534,0.590336,-2.911467,-13.750437,36.241631,65.985001,11.059338,-4.175794,-13.984992
44.000000,-1805.884888,-670.667053,78.556480,-2.091784,0.286238,-102.709803,4.442739,4.234031,9.167341,9.359257,-13.819808,-1.346678,-5.405693,-2.881784,-19.765530,8.152564,-2.008809,-0.315595,0.091953,1.025851,0.478929,-2.552635,14.291557,-34.209641,63.464550,-3.041353,-1.232730,0.589510,-2.912158,-13.749455,36.241829,65.986488,11.058949,-4.175978,-13.983198
45.000000,-1805.885132,-670.667419,78.556526,-2.091698,0.286340,-102.709687,4.442066,4.232390,9.166786,9.359368,-13.819614,-1.345075,-5.404620,-2.880142,-19.765089,8.152858,-2.010773,-0.316724,0.092183,1.025910,0.478837,-2.552531,14.291082,-34.208118,63.464905,-3.041316,-1.232924,0.588697,-2.912841,-13.748487,36.242027,65.987961,11.058568,-4.176158,-13.981430
46.000000,-1805.885132,-670.667786,78.556580,-2.091610,0.286432,-102.709572,4.441548,4.231132,9.166361,9.359456,-13.819461,-1.343847,-5.403796,-2.878881,-19.764753,8.153084,-2.012276,-0.317591,0.092359,1.025955,0.478768,-2.552451,14.290718,-34.206951,63.465172,-3.041288,-1.233075,0.588075,-2.913366,-13.747745,36.242172,65.989082,11.058275,-4.176296,-13.980076
47.000000,-1805.885254,-670.668152,78.556625,-2.091523,0.286515,-102.709452,4.440872,4.229488,9.165804,9.359571,-13.819257,-1.342246,-5.402715,-2.877234,-19.764318,8.153379,-2.014238,-0.318726,0.092588,1.026015,0.478679,-2.552348,14.290241,-34.205421,63.465527,-3.041254,-1.233273,0.587264,-2.914052,-13.746773,36.242367,65.990562,11.057893,-4.176476,-13.978310
48.000000,-1805.885498,-670.668457,78.556671,-2.091430,0.286593,-102.709331,4.440193,4.227845,9.165247,9.359690,-13.819045,-1.340649,-5.401633,-2.875587,-19.763889,8.153676,-2.016197,-0.319862,0.092816,1.026074,0.478593,-2.552245,14.289764,-34.203892,63.465881,-3.041219,-1.233473,0.586456,-2.914738,-13.745803,36.242561,65.992043,11.057510,-4.176654,-13.976547
49.000000,-1805.885498,-670.668823,78.556732,-2.091334,0.286664,-102.709196,4.439523,4.226226,9.164695,9.359809,-13.818831,-1.339070,-5.400561,-2.873964,-19.763472,8.153969,-2.018126,-0.320996,0.093040,1.026134,0.478512,-2.552145,14.289293,-34.202385,63.466236,-3.041187,-1.233673,0.585658,-2.915416,-13.744845,36.242756,65.993500,11.057133,-4.176829,-13.974809
50.000000,-1805.885742,-670.669067,78.556778,-2.091233,0.286727,-102.709060,4.438838,4.224581,9.164133,9.359935,-13.818606,-1.337469,-5.399469,-2.872314,-19.763050,8.154267,-2.020083,-0.322151,0.093267,1.026195,0.478431,-2.552044,14.288815,-34.200848,63.466591,-3.041155,-1.233877,0.584850,-2.916107,-13.743874,36.242943,65.994987,11.056749,-4.177008,-13.973043
51.000000,-1805.885742,-670.669434,78.556831,-2.091131,0.286783,-102.708920,4.438332,4.223366,9.163717,9.360027,-13.818435,-1.336289,-5.398662,-2.871095,-19.762743,8.154489,-2.021526,-0.323007,0.093435,1.026240,0.478374,-2.551970,14.288461,-34.199711,63.466866,-3.041134,-1.234030,0.584254,-2.916618,-13.743155,36.243080,65.996071,11.056466,-4.177138,-13.971742
52.000000,-1805.885864,-670.669678,78.556885,-2.091024,0.286833,-102.708775,4.437654,4.221745,9.163165,9.360155,-13.818201,-1.334721,-5.397583,-2.869471,-19.762333,8.154784,-2.023448,-0.324151,0.093658,1.026302,0.478301,-2.551873,14.287989,-34.198200,63.467220,-3.041106,-1.234234,0.583462,-2.917300,-13.742198,36.243271,65.997536,11.056089,-4.177312,-13.970011
53.000000,-1805.885864,-670.669983,78.556938,-2.090911,0.286878,-102.708629,4.436977,4.220134,9.162617,9.360282,-13.817961,-1.333165,-5.396507,-2.867853,-19.761932,8.155080,-2.025358,-0.325292,0.093879,1.026365,0.478231,-2.551777,14.287517,-34.196690,63.467575,-3.041080,-1.234439,0.582676,-2.917980,-13.741247,36.243454,65.998985,11.055716,-4.177485,-13.968290
54.000000,-1805.886108,-670.670288,78.556984,-2.090797,0.286915,-102.708474,4.436297,4.218524,9.162065,9.360414,-13.817715,-1.331604,-5.395430,-2.866237,-19.761532,8.155374,-2.027265,-0.326447,0.094098,1.026430,0.478165,-2.551682,14.287044,-34.195179,63.467937,-3.041055,-1.234646,0.581891,-2.918662,-13.740296,36.243637,66.000450,11.055341,-4.177658,-13.966571
55.000000,-1805.886230,-670.670532,78.557037,-2.090679,0.286945,-102.708318,4.435617,4.216921,9.161515,9.360547,-13.817462,-1.330055,-5.394355,-2.864629,-19.761141,8.155667,-2.029160,-0.327601,0.094317,1.026496,0.478102,-2.551589,14.286573,-34.193672,63.468292,-3.041031,-1.234854,0.581110,-2.919342,-13.739350,36.243813,66.001900,11.054969,-4.177829,-13.964862
56.000000,-1805.886230,-670.670776,78.557091,-2.090557,0.286970,-102.708153,4.435108,4.215724,9.161105,9.360647,-13.817267,-1.328901,-5.393552,-2.863427,-19.760849,8.155888,-2.030575,-0.328466,0.094480,1.026546,0.478058,-2.551519,14.286222,-34.192551,63.468567,-3.041015,-1.235010,0.580529,-2.919851,-13.738646,36.243946,66.002983,11.054691,-4.177957,-13.963586
57.000000,-1805.886475,-670.671021,78.557144,-2.090430,0.286990,-102.707988,4.434428,4.214134,9.160563,9.360783,-13.817003,-1.327372,-5.392484,-2.861832,-19.760466,8.156181,-2.032451,-0.329618,0.094696,1.026615,0.478001,-2.551429,14.285753,-34.191055,63.468922,-3.040996,-1.235218,0.579759,-2.920527,-13.737709,36.244125,66.004425,11.054323,-4.178125,-13.961897
58.000000,-1805.886597,-670.671265,78.557205,-2.090300,0.287005,-102.707822,4.433747,4.212551,9.160024,9.360918,-13.816733,-1.325856,-5.391421,-2.860244,-19.760088,8.156474,-2.034317,-0.330767,0.094910,1.026686,0.477947,-2.551340,14.285286,-34.189564,63.469284,-3.040977,-1.235426,0.578994,-2.921202,-13.736777,36.244293,66.005852,11.053958,-4.178294,-13.960218
59.000000,-1805.886841,-670.671509,78.557259,-2.090170,0.287015,-102.707651,4.433064,4.210968,9.159486,9.361054,-13.816455,-1.324343,-5.390357,-2.858654,-19.759712,8.156769,-2.036183,-0.331921,0.095124,1.026759,0.477897,-2.551251,14.284819,-34.188072,63.469639,-3.040959,-1.235636,0.578232,-2.921878,-13.735846,36.244469,66.007294,11.053593,-4.178462,-13.958544
60.000000,-1805.886841,-670.671753,78.557312,-2.090035,0.287019,-102.707476,4.432378,4.209389,9.158947,9.361197,-13.816173,-1.322827,-5.389294,-2.857071,-19.759342,8.157060,-2.038040,-0.333089,0.095337,1.026834,0.477850,-2.551165,14.284350,-34.186584,63.470001,-3.040943,-1.235846,0.577471,-2.922554,-13.734918,36.244637,66.008720,11.053227,-4.178629,-13.956872
61.000000,-1805.887085,-670.671936,78.557365,-2.089898,0.287019,-102.707301,4.431693,4.207820,9.158411,9.361339,-13.815883,-1.321324,-5.388236,-2.855496,-19.758976,8.157351,-2.039886,-0.334254,0.095548,1.026912,0.477805,-2.551079,14.283883,-34.185101,63.470356,-3.040929,-1.236056,0.576716,-2.923228,-13.733997,36.244804,66.010139,11.052865,-4.178796,-13.955211
62.000000,-1805.887207,-670.672119,78.557419,-2.089756,0.287014,-102.707115,4.431176,4.206646,9.158010,9.361447,-13.815661,-1.320201,-5.387444,-2.854318,-19.758705,8.157569,-2.041265,-0.335130,0.095706,1.026971,0.477773,-2.551016,14.283534,-34.183990,63.470631,-3.040919,-1.236214,0.576152,-2.923733,-13.733308,36.244930,66.011208,11.052594,-4.178920,-13.953971
63.000000,-1805.887451,-670.672302,78.557472,-2.089611,0.287006,-102.706930,4.430486,4.205084,9.157480,9.361592,-13.815361,-1.318713,-5.386391,-2.852752,-19.758347,8.157861,-2.043098,-0.336297,0.095915,1.027053,0.477732,-2.550933,14.283067,-34.182518,63.470985,-3.040908,-1.236425,0.575404,-2.924406,-13.732393,36.245094,66.012627,11.052235,-4.179084,-13.952323
64.000000,-1805.887451,-670.672485,78.557526,-2.089463,0.286994,-102.706739,4.429797,4.203533,9.156954,9.361737,-13.815055,-1.317242,-5.385345,-2.851197,-19.757994,8.158151,-2.044916,-0.337457,0.096123,1.027137,0.477694,-2.550851,14.282603,-34.181049,63.471348,-3.040897,-1.236634,0.574664,-2.925074,-13.731485,36.245255,66.014030,11.051879,-4.179248,-13.950693
65.000000,-1805.887573,-670.672729,78.557587,-2.089311,0.286977,-102.706549,4.429101,4.201979,9.156424,9.361885,-13.814743,-1.315760,-5.384295,-2.849638,-19.757645,8.158441,-2.046740,-0.338636,0.096330,1.027225,0.477658,-2.550770,14.282137,-34.179573,63.471703,-3.040887,-1.236846,0.573920,-2.925747,-13.730577,36.245415,66.015450,11.051521,-4.179412,-13.949054
66.000000,-1805.887817,-670.672913,78.557640,-2.089156,0.286958,-102.706348,4.428409,4.200438,9.155899,9.362034,-13.814426,-1.314297,-5.383256,-2.848094,-19.757299,8.158728,-2.048544,-0.339807,0.096536,1.027315,0.477623,-2.550690,14.281672,-34.178112,63.472065,-3.040879,-1.237055,0.573185,-2.926415,-13.729677,36.245575,66.016846,11.051167,-4.179574,-13.947434
67.000000,-1805.887939,-670.673035,78.557693,-2.089006,0.286936,-102.706158,4.427886,4.199283,9.155506,9.362146,-13.814184,-1.313204,-5.382476,-2.846937,-19.757044,8.158944,-2.049895,-0.340688,0.096690,1.027384,0.477598,-2.550631,14.281324,-34.177013,63.472336,-3.040874,-1.237213,0.572635,-2.926915,-13.729004,36.245689,66.017899,11.050902,-4.179696,-13.946220
68.000000,-1805.888184,-670.673157,78.557755,-2.088843,0.286909,-102.705948,4.427186,4.197745,9.154984,9.362298,-13.813855,-1.311751,-5.381438,-2.845396,-19.756704,8.159233,-2.051695,-0.341864,0.096894,1.027479,0.477565,-2.550553,14.280859,-34.175556,63.472691,-3.040868,-1.237422,0.571904,-2.927584,-13.728107,36.245846,66.019310,11.050550,-4.179857,-13.944607
69.000000,-1805.888184,-670.673340,78.557808,-2.088678,0.286880,-102.705742,4.426486,4.196213,9.154467,9.362449,-13.813520,-1.310309,-5.380405,-2.843861,-19.756369,8.159522,-2.053487,-0.343036,0.097098,1.027578,0.477533,-2.550475,14.280396,-34.174099,63.473053,-3.040862,-1.237631,0.571178,-2.928250,-13.727215,36.245998,66.020699,11.050199,-4.180017,-13.943004
70.000000,-1805.888428,-670.673462,78.557869,-2.088511,0.286847,-102.705522,4.425784,4.194687,9.153949,9.362601,-13.813184,-1.308868,-5.379375,-2.842334,-19.756037,8.159809,-2.055270,-0.344218,0.097300,1.027679,0.477502,-2.550399,14.279931,-34.172646,63.473408,-3.040856,-1.237839,0.570453,-2.928914,-13.726328,36.246151,66.022095,11.049850,-4.180176,-13.941405
71.000000,-1805.888550,-670.673584,78.557922,-2.088345,0.286812,-102.705307,4.425080,4.193167,9.153432,9.362756,-13.812840,-1.307437,-5.378349,-2.840813,-19.755711,8.160096,-2.057046,-0.345399,0.097501,1.027784,0.477470,-2.550323,14.279467,-34.171204,63.473770,-3.040851,-1.238047,0.569732,-2.929578,-13.725446,36.246304,66.023491,11.049501,-4.180335,-13.939814
72.000000,-1805.888794,-670.673767,78.557983,-2.088173,0.286774,-102.705091,4.424550,4.192028,9.153047,9.362872,-13.812576,-1.306367,-5.377581,-2.839674,-19.755466,8.160313,-2.058376,-0.346286,0.097652,1.027864,0.477447,-2.550266,14.279119,-34.170116,63.474045,-3.040848,-1.238202,0.569193,-2.930075,-13.724785,36.246410,66.024529,11.049240,-4.180453,-13.938623
73.000000,-1805.888916,-670.673828,78.558037,-2.087996,0.286731,-102.704866,4.423841,4.190514,9.152535,9.363029,-13.812222,-1.304950,-5.376560,-2.838160,-19.755146,8.160601,-2.060143,-0.347466,0.097852,1.027974,0.477415,-2.550191,14.278654,-34.168674,63.474400,-3.040845,-1.238408,0.568478,-2.930736,-13.723907,36.246559,66.025909,11.048895,-4.180610,-13.937044
74.000000,-1805.889160,-670.674011,78.558090,-2.087818,0.286687,-102.704641,4.423134,4.189009,9.152029,9.363184,-13.811862,-1.303547,-5.375546,-2.836656,-19.754829,8.160887,-2.061897,-0.348642,0.098050,1.028087,0.477384,-2.550117,14.278191,-34.167240,63.474762,-3.040842,-1.238612,0.567769,-2.931393,-13.723037,36.246704,66.027290,11.048551,-4.180765,-13.935477
75.000000,-1805.889282,-670.674072,78.558151,-2.087638,0.286640,-102.704411,4.422424,4.187506,9.151525,9.363339,-13.811496,-1.302148,-5.374533,-2.835155,-19.754515,8.161174,-2.063649,-0.349819,0.098248,1.028204,0.477351,-2.550044,14.277727,-34.165810,63.475124,-3.040839,-1.238816,0.567063,-2.932050,-13.722169,36.246849,66.028664,11.048208,-4.180919,-13.933916
76.000000,-1805.889526,-670.674194,78.558205,-2.087456,0.286589,-102.704180,4.421713,4.186011,9.151023,9.363498,-13.811127,-1.300751,-5.373526,-2.833663,-19.754204,8.161461,-2.065390,-0.351005,0.098444,1.028323,0.477318,-2.549970,14.277264,-34.164383,63.475487,-3.040837,-1.239018,0.566359,-2.932704,-13.721306,36.246994,66.030029,11.047868,-4.181073,-13.932361
77.000000,-1805.889648,-670.674255,78.558266,-2.087265,0.286533,-102.703941,4.420999,4.184515,9.150519,9.363660,-13.810750,-1.299356,-5.372516,-2.832171,-19.753895,8.161747,-2.067132,-0.352195,0.098641,1.028446,0.477283,-2.549897,14.276798,-34.162960,63.475849,-3.040836,-1.239219,0.565655,-2.933359,-13.720445,36.247131,66.031410,11.047526,-4.181226,-13.930806
78.000000,-1805.889893,-670.674377,78.558327,-2.087075,0.286475,-102.703700,4.420464,4.183400,9.150146,9.363780,-13.810465,-1.298319,-5.371765,-2.831060,-19.753666,8.161963,-2.068429,-0.353083,0.098787,1.028539,0.477256,-2.549842,14.276451,-34.161892,63.476120,-3.040835,-1.239369,0.565131,-2.933848,-13.719803,36.247238,66.032425,11.047271,-4.181339,-13.929649
79.000000,-1805.890137,-670.674438,78.558388,-2.086881,0.286413,-102.703455,4.419751,4.181921,9.149651,9.363942,-13.810081,-1.296947,-5.370768,-2.829588,-19.753365,8.162247,-2.070148,-0.354264,0.098981,1.028666,0.477219,-2.549770,14.275989,-34.160480,63.476482,-3.040835,-1.239567,0.564439,-2.934495,-13.718953,36.247379,66.033791,11.046935,-4.181488,-13.928119
80.000000,-1805.890259,-670.674500,78.558441,-2.086689,0.286349,-102.703210,4.419032,4.180432,9.149154,9.364103,-13.809690,-1.295573,-5.369765,-2.828107,-19.753061,8.162535,-2.071876,-0.355453,0.099175,1.028798,0.477180,-2.549697,14.275522,-34.159061,63.476845,-3.040835,-1.239765,0.563743,-2.935146,-13.718099,36.247517,66.035156,11.046596,-4.181637,-13.926580
81.000000,-1805.890503,-670.674561,78.558502,-2.086492,0.286280,-102.702960,4.418313,4.178952,9.148659,9.364269,-13.809295,-1.294201,-5.368766,-2.826636,-19.752762,8.162820,-2.073596,-0.356648,0.099368,1.028933,0.477139,-2.549624,14.275057,-34.157646,63.477207,-3.040834,-1.239962,0.563049,-2.935794,-13.717250,36.247650,66.036530,11.046258,-4.181786,-13.925048
82.000000,-1805.890625,-670.674622,78.558556,-2.086290,0.286207,-102.702705,4.417593,4.177478,9.148166,9.364434,-13.808895,-1.292840,-5.367771,-2.825173,-19.752468,8.163106,-2.075307,-0.357841,0.099561,1.029070,0.477096,-2.549552,14.274591,-34.156242,63.477577,-3.040833,-1.240157,0.562360,-2.936440,-13.716407,36.247787,66.037888,11.045922,-4.181933,-13.923525
83.000000,-1805.890869,-670.674683,78.558617,-2.086086,0.286130,-102.702445,4.416876,4.176013,9.147677,9.364599,-13.808489,-1.291491,-5.366782,-2.823720,-19.752174,8.163391,-2.077007,-0.359029,0.099752,1.029210,0.477052,-2.549479,14.274128,-34.154842,63.477936,-3.040833,-1.240350,0.561676,-2.937081,-13.715569,36.247921,66.039246,11.045588,-4.182078,-13.922014
84.000000,-1805.890991,-670.674683,78.558678,-2.085879,0.286050,-102.702190,4.416336,4.174913,9.147311,9.364725,-13.808180,-1.290480,-5.366039,-2.822631,-19.751955,8.163607,-2.078282,-0.359923,0.099895,1.029316,0.477017,-2.549425,14.273780,-34.153797,63.478210,-3.040833,-1.240494,0.561163,-2.937562,-13.714941,36.248024,66.040253,11.045337,-4.182186,-13.920882
85.000000,-1805.891235,-670.674744,78.558739,-2.085668,0.285964,-102.701925,4.415617,4.173451,9.146828,9.364891,-13.807765,-1.289142,-5.365052,-2.821184,-19.751665,8.163893,-2.079974,-0.361112,0.100085,1.029461,0.476969,-2.549352,14.273315,-34.152397,63.478580,-3.040834,-1.240685,0.560483,-2.938200,-13.714109,36.248154,66.041611,11.045004,-4.182329,-13.919379
86.000000,-1805.891357,-670.674744,78.558800,-2.085452,0.285874,-102.701655,4.414899,4.171996,9.146346,9.365058,-13.807345,-1.287814,-5.364069,-2.819746,-19.751375,8.164179,-2.081660,-0.362298,0.100274,1.029608,0.476919,-2.549280,14.272851,-34.151012,63.478947,-3.040833,-1.240873,0.559808,-2.938836,-13.713280,36.248287,66.042953,11.044673,-4.182471,-13.917887
87.000000,-1805.891602,-670.674805,78.558853,-2.085231,0.285778,-102.701381,4.414179,4.170542,9.145864,9.365226,-13.806921,-1.286484,-5.363084,-2.818310,-19.751091,8.164464,-2.083344,-0.363495,0.100462,1.029759,0.476866,-2.549207,14.272387,-34.149624,63.479309,-3.040832,-1.241061,0.559131,-2.939471,-13.712454,36.248417,66.044296,11.044341,-4.182611,-13.916394
88.000000,-1805.891846,-670.674805,78.558914,-2.085015,0.285682,-102.701110,4.413460,4.169092,9.145384,9.365396,-13.806491,-1.285162,-5.362102,-2.816882,-19.750807,8.164750,-2.085022,-0.364691,0.100649,1.029912,0.476812,-2.549134,14.271921,-34.148243,63.479679,-3.040831,-1.241248,0.558458,-2.940103,-13.711632,36.248547,66.045647,11.044010,-4.182751,-13.914908
89.000000,-1805.891968,-670.674805,78.558975,-2.084789,0.285578,-102.700825,4.412742,4.167647,9.144906,9.365564,-13.806054,-1.283849,-5.361122,-2.815460,-19.750525,8.165037,-2.086695,-0.365884,0.100836,1.030067,0.476755,-2.549062,14.271457,-34.146862,63.480049,-3.040831,-1.241433,0.557788,-2.940733,-13.710813,36.248676,66.046989,11.043681,-4.182889,-13.913430
90.000000,-1805.892212,-670.674805,78.559036,-2.084561,0.285470,-102.700545,4.412203,4.166565,9.144549,9.365691,-13.805725,-1.282867,-5.360388,-2.814395,-19.750313,8.165253,-2.087946,-0.366781,0.100976,1.030185,0.476711,-2.549007,14.271109,-34.145832,63.480328,-3.040830,-1.241571,0.557287,-2.941205,-13.710200,36.248772,66.047997,11.043433,-4.182992,-13.912325
91.000000,-1805.892578,-670.674805,78.559097,-2.084332,0.285358,-102.700260,4.411487,4.165129,9.144077,9.365861,-13.805280,-1.281568,-5.359412,-2.812985,-19.750032,8.165539,-2.089607,-0.367971,0.101161,1.030344,0.476652,-2.548934,14.270644,-34.144466,63.480698,-3.040830,-1.241754,0.556623,-2.941830,-13.709389,36.248898,66.049332,11.043106,-4.183128,-13.910861
92.000000,-1805.892700,-670.674805,78.559151,-2.084102,0.285244,-102.699980,4.410771,4.163696,9.143609,9.366029,-13.804831,-1.280278,-5.358438,-2.811579,-19.749754,8.165826,-2.091265,-0.369160,0.101346,1.030505,0.476590,-2.548861,14.270181,-34.143097,63.481064,-3.040828,-1.241935,0.555962,-2.942453,-13.708580,36.249023,66.050659,11.042780,-4.183263,-13.909403
93.000000,-1805.892944,-670.674744,78.559212,-2.083860,0.285120,-102.699681,4.410054,4.162260,9.143137,9.366199,-13.804376,-1.278982,-5.357459,-2.810174,-19.749474,8.166112,-2.092928,-0.370364,0.101530,1.030669,0.476527,-2.548787,14.269715,-34.141731,63.481434,-3.040826,-1.242117,0.555298,-2.943077,-13.707771,36.249146,66.051994,11.042453,-4.183398,-13.907942
94.000000,-1805.893188,-670.674744,78.559273,-2.083616,0.284993,-102.699380,4.409339,4.160832,9.142668,9.366370,-13.803918,-1.277697,-5.356484,-2.808778,-19.749195,8.166397,-2.094581,-0.371562,0.101714,1.030835,0.476462,-2.548714,14.269251,-34.140369,63.481812,-3.040824,-1.242296,0.554638,-2.943696,-13.706968,36.249271,66.053329,11.042127,-4.183531,-13.906491
95.000000,-1805.893311,-670.674683,78.559334,-2.083375,0.284865,-102.699080,4.408638,4.159432,9.142208,9.366537,-13.803461,-1.276442,-5.355527,-2.807412,-19.748922,8.166679,-2.096202,-0.372738,0.101894,1.031000,0.476397,-2.548642,14.268795,-34.139030,63.482174,-3.040822,-1.242472,0.553993,-2.944304,-13.706181,36.249393,66.054634,11.041806,-4.183661,-13.905072
96.000000,-1805.893555,-670.674683,78.559395,-2.083126,0.284729,-102.698775,4.408093,4.158346,9.141853,9.366668,-13.803103,-1.275471,-5.354784,-2.806353,-19.748711,8.166898,-2.097461,-0.373653,0.102034,1.031129,0.476346,-2.548586,14.268440,-34.137997,63.482460,-3.040821,-1.242608,0.553493,-2.944774,-13.705572,36.249485,66.055649,11.041558,-4.183761,-13.903973
97.000000,-1805.893921,-670.674683,78.559456,-2.082873,0.284589,-102.698461,4.407384,4.156932,9.141393,9.366838,-13.802633,-1.274210,-5.353815,-2.804977,-19.748434,8.167184,-2.099098,-0.374844,0.102215,1.031298,0.476278,-2.548513,14.267979,-34.136650,63.482826,-3.040819,-1.242785,0.552843,-2.945386,-13.704781,36.249607,66.056961,11.041236,-4.183890,-13.902546
98.000000,-1805.894043,-670.674622,78.559517,-2.082623,0.284449,-102.698156,4.406672,4.155514,9.140930,9.367005,-13.802155,-1.272951,-5.352841,-2.803597,-19.748158,8.167472,-2.100742,-0.376039,0.102397,1.031471,0.476209,-2.548440,14.267514,-34.135303,63.483204,-3.040816,-1.242962,0.552192,-2.946000,-13.703986,36.249729,66.058296,11.040913,-4.184019,-13.901117
99.000000,-1805.894287,-670.674500,78.559578,-2.082372,0.284306,-102.697851,4.405968,4.154109,9.140475,9.367172,-13.801678,-1.271709,-5.351876,-2.802234,-19.747883,8.167757,-2.102370,-0.377224,0.102577,1.031644,0.476140,-2.548367,14.267055,-34.133968,63.483574,-3.040813,-1.243136,0.551549,-2.946606,-13.703202,36.249847,66.059601,11.040594,-4.184146,-13.899707
100.000000,-1805.894531,-670.674438,78.559639,-2.082116,0.284158,-102.697536,4.405262,4.152702,9.140017,9.367340,-13.801195,-1.270459,-5.350907,-2.800871,-19.747604,8.168041,-2.104007,-0.378423,0.102756,1.031818,0.476070,-2.548294,14.266593,-34.132629,63.483948,-3.040810,-1.243312,0.550903,-2.947213,-13.702416,36.249962,66.060913,11.040273,-4.184274,-13.898292
101.000000,-1805.894897,-670.674438,78.559700,-2.081857,0.284008,-102.697211,4.404556,4.151298,9.139560,9.367509,-13.800707,-1.269216,-5.349936,-2.799513,-19.747326,8.168325,-2.105642,-0.379622,0.102936,1.031993,0.475999,-2.548222,14.266130,-34.131290,63.484318,-3.040807,-1.243487,0.550259,-2.947819,-13.701635,36.250084,66.062225,11.039951,-4.184401,-13.896883
102.000000,-1805.895020,-670.674377,78.559753,-2.081594,0.283853,-102.696881,4.404027,4.150244,9.139216,9.367636,-13.800340,-1.268286,-5.349207,-2.798496,-19.747116,8.168539,-2.106869,-0.380521,0.103071,1.032125,0.475946,-2.548167,14.265785,-34.130295,63.484596,-3.040804,-1.243618,0.549777,-2.948273,-13.701050,36.250168,66.063217,11.039712,-4.184495,-13.895828
103.000000,-1805.895264,-670.674255,78.559814,-2.081330,0.283698,-102.696557,4.403324,4.148846,9.138762,9.367802,-13.799847,-1.267056,-5.348239,-2.797147,-19.746838,8.168823,-2.108499,-0.381714,0.103250,1.032302,0.475875,-2.548095,14.265325,-34.128956,63.484966,-3.040801,-1.243793,0.549138,-2.948875,-13.700273,36.250286,66.064529,11.039392,-4.184620,-13.894430
104.000000,-1805.895386,-670.674255,78.559875,-2.081059,0.283536,-102.696217,4.402624,4.147454,9.138309,9.367966,-13.799351,-1.265837,-5.347272,-2.795805,-19.746561,8.169107,-2.110124,-0.382901,0.103428,1.032480,0.475804,-2.548023,14.264866,-34.127636,63.485340,-3.040797,-1.243966,0.548502,-2.949474,-13.699500,36.250397,66.065834,11.039075,-4.184745,-13.893043
105.000000,-1805.895752,-670.674133,78.559937,-2.080799,0.283381,-102.695892,4.401927,4.146067,9.137858,9.368128,-13.798853,-1.264626,-5.346308,-2.794470,-19.746281,8.169390,-2.111747,-0.384084,0.103606,1.032658,0.475735,-2.547952,14.264409,-34.126316,63.485710,-3.040792,-1.244140,0.547870,-2.950070,-13.698731,36.250515,66.067123,11.038759,-4.184869,-13.891664
106.000000,-1805.895996,-670.674072,78.559998,-2.080533,0.283223,-102.695553,4.401230,4.144681,9.137408,9.368292,-13.798353,-1.263411,-5.345341,-2.793139,-19.746000,8.169671,-2.113375,-0.385276,0.103783,1.032837,0.475665,-2.547881,14.263952,-34.125000,63.486084,-3.040788,-1.244314,0.547236,-2.950666,-13.697965,36.250622,66.068428,11.038443,-4.184992,-13.890285
107.000000,-1805.896240,-670.674011,78.560051,-2.080257,0.283058,-102.695203,4.400532,4.143293,9.136954,9.368454,-13.797851,-1.262199,-5.344371,-2.791810,-19.745718,8.169951,-2.115007,-0.386469,0.103960,1.033016,0.475596,-2.547810,14.263494,-34.123676,63.486454,-3.040784,-1.244489,0.546603,-2.951261,-13.697199,36.250736,66.069725,11.038125,-4.185116,-13.888907
108.000000,-1805.896362,-670.673889,78.560104,-2.079990,0.282900,-102.694864,4.400011,4.142255,9.136616,9.368576,-13.797472,-1.261295,-5.343645,-2.790816,-19.745504,8.170161,-2.116229,-0.387361,0.104093,1.033150,0.475544,-2.547757,14.263152,-34.122696,63.486736,-3.040781,-1.244620,0.546130,-2.951706,-13.696627,36.250816,66.070702,11.037889,-4.185208,-13.887879
109.000000,-1805.896729,-670.673828,78.560165,-2.079719,0.282739,-102.694509,4.399317,4.140878,9.136165,9.368736,-13.796967,-1.260099,-5.342679,-2.789499,-19.745218,8.170442,-2.117855,-0.388543,0.104270,1.033328,0.475476,-2.547687,14.262698,-34.121384,63.487103,-3.040776,-1.244795,0.545503,-2.952297,-13.695868,36.250927,66.071999,11.037573,-4.185330,-13.886517
110.000000,-1805.896973,-670.673767,78.560226,-2.079443,0.282576,-102.694150,4.398626,4.139505,9.135715,9.368893,-13.796460,-1.258911,-5.341714,-2.788186,-19.744936,8.170721,-2.119479,-0.389719,0.104446,1.033507,0.475410,-2.547618,14.262245,-34.120075,63.487473,-3.040771,-1.244970,0.544879,-2.952885,-13.695111,36.251038,66.073280,11.037259,-4.185452,-13.885163
111.000000,-1805.897095,-670.673706,78.560280,-2.079173,0.282419,-102.693792,4.397935,4.138135,9.135264,9.369049,-13.795956,-1.257722,-5.340748,-2.786879,-19.744648,8.170996,-2.121111,-0.390900,0.104622,1.033685,0.475344,-2.547549,14.261793,-34.118771,63.487843,-3.040765,-1.245146,0.544254,-2.953473,-13.694358,36.251141,66.074562,11.036944,-4.185574,-13.883810
112.000000,-1805.897461,-670.673584,78.560341,-2.078900,0.282261,-102.693423,4.397247,4.136770,9.134814,9.369205,-13.795449,-1.256541,-5.339783,-2.785578,-19.744360,8.171270,-2.122740,-0.392074,0.104798,1.033863,0.475280,-2.547482,14.261343,-34.117474,63.488209,-3.040759,-1.245323,0.543632,-2.954058,-13.693607,36.251247,66.075844,11.036633,-4.185695,-13.882465
113.000000,-1805.897705,-670.673584,78.560402,-2.078627,0.282106,-102.693055,4.396729,4.135742,9.134474,9.369321,-13.795068,-1.255654,-5.339056,-2.784600,-19.744141,8.171477,-2.123968,-0.392957,0.104931,1.033996,0.475233,-2.547431,14.261003,-34.116493,63.488491,-3.040755,-1.245456,0.543164,-2.954498,-13.693044,36.251328,66.076813,11.036397,-4.185786,-13.881454
114.000000,-1805.897949,-670.673462,78.560455,-2.078345,0.281947,-102.692666,4.396042,4.134382,9.134023,9.369472,-13.794561,-1.254483,-5.338091,-2.783306,-19.743849,8.171751,-2.125597,-0.394122,0.105106,1.034173,0.475171,-2.547364,14.260555,-34.115200,63.488857,-3.040749,-1.245634,0.542545,-2.955080,-13.692298,36.251427,66.078087,11.036084,-4.185907,-13.880120
115.000000,-1805.898315,-670.673401,78.560516,-2.078069,0.281795,-102.692283,4.395357,4.133025,9.133572,9.369618,-13.794054,-1.253318,-5.337128,-2.782015,-19.743559,8.172024,-2.127228,-0.395280,0.105281,1.034350,0.475111,-2.547298,14.260107,-34.113903,63.489220,-3.040742,-1.245812,0.541929,-2.955661,-13.691554,36.251530,66.079369,11.035772,-4.186028,-13.878791
116.000000,-1805.898438,-670.673340,78.560570,-2.077800,0.281649,-102.691895,4.394672,4.131672,9.133120,9.369765,-13.793550,-1.252153,-5.336164,-2.780732,-19.743265,8.172293,-2.128865,-0.396440,0.105457,1.034524,0.475053,-2.547233,14.259663,-34.112614,63.489590,-3.040735,-1.245992,0.541313,-2.956240,-13.690814,36.251633,66.080627,11.035460,-4.186149,-13.877466
117.000000,-1805.898682,-670.673340,78.560623,-2.077556,0.281520,-102.691547,4.394166,4.130673,9.132784,9.369874,-13.793178,-1.251294,-5.335451,-2.779784,-19.743046,8.172491,-2.130078,-0.397295,0.105586,1.034653,0.475011,-2.547185,14.259334,-34.111660,63.489864,-3.040730,-1.246126,0.540858,-2.956667,-13.690267,36.251709,66.081573,11.035231,-4.186238,-13.876489
118.000000,-1805.898804,-670.673218,78.560677,-2.077296,0.281386,-102.691164,4.393484,4.129328,9.132330,9.370017,-13.792677,-1.250140,-5.334489,-2.778508,-19.742750,8.172759,-2.131715,-0.398441,0.105761,1.034826,0.474955,-2.547121,14.258892,-34.110374,63.490227,-3.040722,-1.246307,0.540245,-2.957243,-13.689530,36.251808,66.082832,11.034920,-4.186357,-13.875175
119.000000,-1805.899292,-670.673157,78.560730,-2.077037,0.281256,-102.690781,4.392799,4.127979,9.131872,9.370159,-13.792175,-1.248981,-5.333521,-2.777231,-19.742447,8.173023,-2.133367,-0.399593,0.105937,1.034998,0.474901,-2.547057,14.258449,-34.109085,63.490593,-3.040714,-1.246490,0.539630,-2.957820,-13.688794,36.251907,66.084106,11.034608,-4.186479,-13.873857
120.000000,-1805.899414,-670.673157,78.560776,-2.076795,0.281137,-102.690414,4.392285,4.126969,9.131527,9.370265,-13.791801,-1.248114,-5.332796,-2.776275,-19.742220,8.173222,-2.134608,-0.400453,0.106069,1.035126,0.474861,-2.547010,14.258117,-34.108124,63.490868,-3.040708,-1.246628,0.539169,-2.958252,-13.688241,36.251980,66.085060,11.034374,-4.186569,-13.872871
121.000000,-1805.899658,-670.673157,78.560829,-2.076522,0.281010,-102.689987,4.391602,4.125627,9.131066,9.370403,-13.791306,-1.246962,-5.331828,-2.775007,-19.741917,8.173482,-2.136267,-0.401596,0.106245,1.035295,0.474810,-2.546949,14.257677,-34.106838,63.491230,-3.040699,-1.246814,0.538556,-2.958826,-13.687510,36.252075,66.086319,11.034061,-4.186691,-13.871561
122.000000,-1805.900024,-670.673096,78.560883,-2.076251,0.280887,-102.689561,4.390921,4.124293,9.130603,9.370539,-13.790814,-1.245819,-5.330864,-2.773745,-19.741611,8.173741,-2.137922,-0.402724,0.106420,1.035463,0.474761,-2.546888,14.257240,-34.105560,63.491592,-3.040689,-1.247001,0.537946,-2.959397,-13.686781,36.252171,66.087578,11.033751,-4.186811,-13.870261
123.000000,-1805.900146,-670.673096,78.560936,-2.075999,0.280779,-102.689149,4.390412,4.123299,9.130257,9.370637,-13.790449,-1.244970,-5.330146,-2.772804,-19.741385,8.173936,-2.139158,-0.403561,0.106551,1.035587,0.474725,-2.546843,14.256914,-34.104607,63.491863,-3.040681,-1.247141,0.537491,-2.959823,-13.686237,36.252239,66.088516,11.033520,-4.186901,-13.869292
124.000000,-1805.900391,-670.673096,78.560989,-2.075744,0.280674,-102.688723,4.389731,4.121974,9.129793,9.370767,-13.789964,-1.243838,-5.329186,-2.771550,-19.741079,8.174194,-2.140812,-0.404669,0.106726,1.035752,0.474679,-2.546783,14.256480,-34.103333,63.492218,-3.040671,-1.247328,0.536886,-2.960390,-13.685515,36.252331,66.089767,11.033210,-4.187021,-13.868005
125.000000,-1805.900757,-670.673096,78.561035,-2.075495,0.280577,-102.688303,4.389065,4.120678,9.129336,9.370891,-13.789492,-1.242728,-5.328245,-2.770324,-19.740780,8.174445,-2.142442,-0.405754,0.106898,1.035912,0.474635,-2.546726,14.256057,-34.102089,63.492573,-3.040660,-1.247514,0.536293,-2.960945,-13.684807,36.252419,66.090988,11.032906,-4.187139,-13.866745
126.000000,-1805.901001,-670.673096,78.561089,-2.075236,0.280482,-102.687848,4.388372,4.119334,9.128859,9.371018,-13.789004,-1.241577,-5.327267,-2.769053,-19.740463,8.174704,-2.144138,-0.406871,0.107076,1.036076,0.474591,-2.546667,14.255618,-34.100796,63.492935,-3.040649,-1.247709,0.535677,-2.961520,-13.684073,36.252514,66.092262,11.032591,-4.187261,-13.865440
127.000000,-1805.901123,-670.673096,78.561142,-2.074984,0.280395,-102.687398,4.387865,4.118352,9.128508,9.371109,-13.788651,-1.240736,-5.326551,-2.768123,-19.740232,8.174893,-2.145381,-0.407684,0.107207,1.036194,0.474560,-2.546624,14.255298,-34.099850,63.493202,-3.040641,-1.247852,0.535228,-2.961941,-13.683537,36.252579,66.093185,11.032358,-4.187350,-13.864489
128.000000,-1805.901489,-670.673096,78.561195,-2.074727,0.280313,-102.686924,4.387184,4.117041,9.128038,9.371229,-13.788180,-1.239612,-5.325595,-2.766880,-19.739920,8.175146,-2.147045,-0.408762,0.107382,1.036351,0.474519,-2.546568,14.254869,-34.098591,63.493565,-3.040630,-1.248044,0.534629,-2.962503,-13.682820,36.252666,66.094429,11.032050,-4.187469,-13.863219
129.000000,-1805.901733,-670.673157,78.561249,-2.074479,0.280241,-102.686455,4.386507,4.115739,9.127570,9.371345,-13.787718,-1.238497,-5.324643,-2.765646,-19.739609,8.175396,-2.148704,-0.409825,0.107557,1.036506,0.474480,-2.546512,14.254446,-34.097332,63.493912,-3.040618,-1.248237,0.534034,-2.963060,-13.682109,36.252758,66.095657,11.031744,-4.187587,-13.861962
130.000000,-1805.901855,-670.673157,78.561302,-2.074245,0.280179,-102.685995,4.385825,4.114432,9.127098,9.371458,-13.787256,-1.237377,-5.323687,-2.764408,-19.739296,8.175648,-2.150376,-0.410884,0.107732,1.036660,0.474442,-2.546457,14.254020,-34.096073,63.494267,-3.040607,-1.248432,0.533438,-2.963619,-13.681396,36.252846,66.096893,11.031434,-4.187706,-13.860702
131.000000,-1805.902100,-670.673218,78.561356,-2.074013,0.280124,-102.685537,4.385147,4.113135,9.126626,9.371573,-13.786802,-1.236258,-5.322736,-2.763181,-19.738979,8.175893,-2.152046,-0.411938,0.107907,1.036808,0.474404,-2.546403,14.253600,-34.094826,63.494625,-3.040595,-1.248628,0.532845,-2.964173,-13.680687,36.252930,66.098122,11.031127,-4.187824,-13.859452
132.000000,-1805.902466,-670.673279,78.561401,-2.073775,0.280074,-102.685049,4.384637,4.112164,9.126271,9.371657,-13.786467,-1.235419,-5.322021,-2.762262,-19.738743,8.176076,-2.153301,-0.412723,0.108038,1.036919,0.474376,-2.546363,14.253285,-34.093887,63.494888,-3.040586,-1.248775,0.532401,-2.964588,-13.680156,36.252995,66.099045,11.030896,-4.187912,-13.858517
133.000000,-1805.902710,-670.673340,78.561455,-2.073543,0.280032,-102.684561,4.383959,4.110877,9.125798,9.371768,-13.786025,-1.234307,-5.321074,-2.761043,-19.738426,8.176317,-2.154967,-0.413756,0.108212,1.037063,0.474340,-2.546309,14.252870,-34.092644,63.495239,-3.040574,-1.248972,0.531814,-2.965137,-13.679454,36.253082,66.100258,11.030589,-4.188028,-13.857279
134.000000,-1805.902832,-670.673401,78.561508,-2.073311,0.279998,-102.684059,4.383279,4.109592,9.125323,9.371876,-13.785587,-1.233196,-5.320127,-2.759825,-19.738106,8.176559,-2.156639,-0.414779,0.108387,1.037205,0.474304,-2.546257,14.252454,-34.091400,63.495586,-3.040561,-1.249171,0.531228,-2.965686,-13.678750,36.253162,66.101471,11.030282,-4.188145,-13.856045
135.000000,-1805.903076,-670.673462,78.561554,-2.073085,0.279972,-102.683552,4.382609,4.108327,9.124853,9.371980,-13.785162,-1.232103,-5.319192,-2.758626,-19.737795,8.176796,-2.158289,-0.415778,0.108559,1.037344,0.474269,-2.546206,14.252046,-34.090179,63.495934,-3.040549,-1.249367,0.530651,-2.966226,-13.678059,36.253246,66.102669,11.029980,-4.188259,-13.854833
136.000000,-1805.903442,-670.673584,78.561607,-2.072863,0.279954,-102.683040,4.381920,4.107033,9.124368,9.372087,-13.784731,-1.230976,-5.318233,-2.757400,-19.737471,8.177035,-2.159990,-0.416802,0.108736,1.037482,0.474233,-2.546154,14.251628,-34.088924,63.496288,-3.040535,-1.249571,0.530060,-2.966778,-13.677350,36.253330,66.103905,11.029668,-4.188376,-13.853590
137.000000,-1805.903564,-670.673706,78.561661,-2.072648,0.279944,-102.682529,4.381236,4.105752,9.123883,9.372194,-13.784309,-1.229860,-5.317281,-2.756186,-19.737146,8.177271,-2.161679,-0.417807,0.108912,1.037617,0.474197,-2.546103,14.251216,-34.087685,63.496639,-3.040521,-1.249774,0.529475,-2.967324,-13.676648,36.253414,66.105125,11.029358,-4.188491,-13.852362
138.000000,-1805.903809,-670.673828,78.561707,-2.072436,0.279941,-102.682013,4.380553,4.104479,9.123398,9.372297,-13.783895,-1.228748,-5.316333,-2.754978,-19.736822,8.177505,-2.163363,-0.418799,0.109087,1.037748,0.474161,-2.546052,14.250807,-34.086449,63.496986,-3.040507,-1.249978,0.528893,-2.967866,-13.675949,36.253494,66.106339,11.029048,-4.188606,-13.851142
139.000000,-1805.904053,-670.673950,78.561752,-2.072226,0.279945,-102.681482,4.380042,4.103529,9.123034,9.372374,-13.783588,-1.227917,-5.315625,-2.754076,-19.736582,8.177680,-2.164622,-0.419535,0.109218,1.037845,0.474134,-2.546014,14.250502,-34.085529,63.497246,-3.040497,-1.250131,0.528460,-2.968271,-13.675428,36.253555,66.107239,11.028817,-4.188691,-13.850232
140.000000,-1805.904419,-670.674011,78.561798,-2.072026,0.279957,-102.680961,4.379360,4.102266,9.122547,9.372474,-13.783184,-1.226811,-5.314681,-2.752876,-19.736261,8.177911,-2.166303,-0.420506,0.109393,1.037971,0.474099,-2.545964,14.250095,-34.084297,63.497593,-3.040482,-1.250337,0.527884,-2.968809,-13.674735,36.253639,66.108444,11.028508,-4.188804,-13.849024
141.000000,-1805.904541,-670.674194,78.561852,-2.071827,0.279976,-102.680421,4.378678,4.101007,9.122061,9.372571,-13.782788,-1.225709,-5.313738,-2.751679,-19.735939,8.178142,-2.167982,-0.421463,0.109568,1.038095,0.474063,-2.545915,14.249692,-34.083076,63.497944,-3.040467,-1.250542,0.527310,-2.969344,-13.674043,36.253716,66.109642,11.028199,-4.188916,-13.847822
142.000000,-1805.904785,-670.674316,78.561897,-2.071630,0.280001,-102.679872,4.377997,4.099755,9.121571,9.372669,-13.782395,-1.224605,-5.312795,-2.750489,-19.735617,8.178367,-2.169667,-0.422419,0.109742,1.038216,0.474026,-2.545866,14.249291,-34.081856,63.498283,-3.040450,-1.250749,0.526737,-2.969877,-13.673353,36.253799,66.110847,11.027890,-4.189027,-13.846623
143.000000,-1805.904907,-670.674500,78.561943,-2.071436,0.280034,-102.679322,4.377316,4.098506,9.121078,9.372766,-13.782010,-1.223504,-5.311854,-2.749301,-19.735294,8.178592,-2.171350,-0.423362,0.109917,1.038335,0.473989,-2.545817,14.248892,-34.080639,63.498634,-3.040433,-1.250957,0.526166,-2.970407,-13.672665,36.253876,66.112038,11.027580,-4.189138,-13.845429
144.000000,-1805.905151,-670.674683,78.561989,-2.071251,0.280072,-102.678773,4.376807,4.097575,9.120708,9.372838,-13.781725,-1.222681,-5.311151,-2.748414,-19.735054,8.178761,-2.172607,-0.424060,0.110047,1.038422,0.473961,-2.545781,14.248593,-34.079727,63.498894,-3.040420,-1.251113,0.525741,-2.970803,-13.672152,36.253937,66.112938,11.027349,-4.189220,-13.844539
145.000000,-1805.905396,-670.674866,78.562042,-2.071067,0.280117,-102.678209,4.376128,4.096338,9.120215,9.372931,-13.781349,-1.221586,-5.310214,-2.747233,-19.734739,8.178987,-2.174280,-0.424976,0.110221,1.038536,0.473923,-2.545733,14.248199,-34.078522,63.499241,-3.040402,-1.251322,0.525175,-2.971329,-13.671468,36.254013,66.114128,11.027040,-4.189329,-13.843357
146.000000,-1805.905762,-670.675049,78.562088,-2.070888,0.280169,-102.677641,4.375448,4.095104,9.119721,9.373021,-13.780978,-1.220492,-5.309276,-2.746051,-19.734430,8.179214,-2.175955,-0.425880,0.110396,1.038649,0.473885,-2.545685,14.247803,-34.077312,63.499580,-3.040384,-1.251532,0.524610,-2.971855,-13.670784,36.254093,66.115318,11.026730,-4.189437,-13.842177
147.000000,-1805.905884,-670.675232,78.562134,-2.070715,0.280225,-102.677072,4.374769,4.093874,9.119227,9.373109,-13.780610,-1.219399,-5.308340,-2.744871,-19.734125,8.179439,-2.177628,-0.426772,0.110570,1.038759,0.473847,-2.545637,14.247409,-34.076107,63.499931,-3.040364,-1.251743,0.524048,-2.972378,-13.670102,36.254166,66.116501,11.026421,-4.189545,-13.841002
148.000000,-1805.906128,-670.675415,78.562180,-2.070548,0.280286,-102.676513,4.374090,4.092648,9.118732,9.373199,-13.780248,-1.218302,-5.307404,-2.743696,-19.733824,8.179663,-2.179302,-0.427662,0.110744,1.038866,0.473807,-2.545590,14.247017,-34.074902,63.500271,-3.040344,-1.251955,0.523486,-2.972899,-13.669421,36.254246,66.117691,11.026109,-4.189652,-13.839830
149.000000,-1805.906250,-670.675598,78.562233,-2.070381,0.280352,-102.675931,4.373412,4.091428,9.118238,9.373289,-13.779890,-1.217208,-5.306469,-2.742524,-19.733528,8.179885,-2.180970,-0.428541,0.110918,1.038971,0.473767,-2.545542,14.246627,-34.073700,63.500622,-3.040324,-1.252168,0.522927,-2.973418,-13.668744,36.254322,66.118874,11.025798,-4.189758,-13.838664
150.000000,-1805.906494,-670.675781,78.562279,-2.070220,0.280422,-102.675358,4.372734,4.090211,9.117743,9.373379,-13.779540,-1.216115,-5.305535,-2.741354,-19.733236,8.180107,-2.182636,-0.429411,0.111092,1.039073,0.473727,-2.545496,14.246239,-34.072506,63.500961,-3.040304,-1.252381,0.522370,-2.973935,-13.668067,36.254395,66.120056,11.025486,-4.189862,-13.837502
151.000000,-1805.906738,-670.676025,78.562317,-2.070065,0.280495,-102.674790,4.372229,4.089307,9.117375,9.373446,-13.779281,-1.215301,-5.304839,-2.740484,-19.733021,8.180273,-2.183877,-0.430054,0.111222,1.039148,0.473696,-2.545461,14.245950,-34.071613,63.501221,-3.040289,-1.252541,0.521956,-2.974319,-13.667562,36.254456,66.120934,11.025254,-4.189939,-13.836638
152.000000,-1805.906860,-670.676208,78.562370,-2.069908,0.280575,-102.674198,4.371549,4.088094,9.116882,9.373534,-13.778936,-1.214207,-5.303904,-2.739315,-19.732735,8.180494,-2.185544,-0.430912,0.111396,1.039247,0.473654,-2.545414,14.245562,-34.070415,63.501564,-3.040269,-1.252756,0.521401,-2.974834,-13.666886,36.254528,66.122108,11.024940,-4.190042,-13.835483
153.000000,-1805.907104,-670.676453,78.562416,-2.069754,0.280658,-102.673606,4.370875,4.086893,9.116394,9.373622,-13.778601,-1.213122,-5.302975,-2.738156,-19.732452,8.180715,-2.187198,-0.431756,0.111569,1.039343,0.473611,-2.545368,14.245178,-34.069233,63.501904,-3.040248,-1.252970,0.520852,-2.975343,-13.666216,36.254601,66.123283,11.024631,-4.190144,-13.834337
154.000000,-1805.907227,-670.676697,78.562462,-2.069602,0.280746,-102.673004,4.370201,4.085692,9.115908,9.373709,-13.778268,-1.212038,-5.302046,-2.736998,-19.732174,8.180933,-2.188852,-0.432594,0.111742,1.039438,0.473568,-2.545322,14.244796,-34.068050,63.502254,-3.040226,-1.253186,0.520305,-2.975852,-13.665545,36.254677,66.124451,11.024320,-4.190244,-13.833198
155.000000,-1805.907471,-670.676941,78.562508,-2.069452,0.280837,-102.672397,4.369526,4.084495,9.115421,9.373796,-13.777937,-1.210954,-5.301117,-2.735842,-19.731899,8.181153,-2.190507,-0.433426,0.111915,1.039532,0.473525,-2.545276,14.244413,-34.066868,63.502594,-3.040205,-1.253402,0.519760,-2.976359,-13.664875,36.254753,66.125610,11.024009,-4.190343,-13.832060
156.000000,-1805.907593,-670.677185,78.562561,-2.069307,0.280929,-102.671796,4.368852,4.083302,9.114935,9.373886,-13.777610,-1.209865,-5.300187,-2.734690,-19.731628,8.181369,-2.192161,-0.434260,0.112087,1.039622,0.473480,-2.545230,14.244034,-34.065689,63.502937,-3.040182,-1.253619,0.519216,-2.976864,-13.664208,36.254822,66.126778,11.023696,-4.190442,-13.830926
157.000000,-1805.907837,-670.677429,78.562599,-2.069169,0.281021,-102.671219,4.368182,4.082118,9.114455,9.373973,-13.777290,-1.208788,-5.299263,-2.733545,-19.731359,8.181586,-2.193802,-0.435077,0.112259,1.039711,0.473435,-2.545184,14.243656,-34.064518,63.503277,-3.040160,-1.253834,0.518678,-2.977364,-13.663545,36.254894,66.127945,11.023386,-4.190538,-13.829803
158.000000,-1805.907959,-670.677673,78.562645,-2.069033,0.281114,-102.670637,4.367514,4.080940,9.113975,9.374063,-13.776973,-1.207710,-5.298341,-2.732407,-19.731096,8.181800,-2.195439,-0.435893,0.112430,1.039796,0.473389,-2.545140,14.243281,-34.063354,63.503624,-3.040138,-1.254051,0.518142,-2.977862,-13.662885,36.254967,66.129097,11.023075,-4.190633,-13.828687
159.000000,-1805.908203,-670.677917,78.562698,-2.068895,0.281211,-102.670030,4.367010,4.080054,9.113611,9.374133,-13.776735,-1.206897,-5.297645,-2.731550,-19.730902,8.181961,-2.196673,-0.436505,0.112559,1.039860,0.473354,-2.545105,14.242999,-34.062473,63.503883,-3.040121,-1.254215,0.517739,-2.978236,-13.662388,36.255020,66.129967,11.022840,-4.190705,-13.827847
160.000000,-1805.908447,-670.678162,78.562737,-2.068761,0.281308,-102.669438,4.366341,4.078879,9.113132,9.374225,-13.776423,-1.205819,-5.296719,-2.730412,-19.730642,8.182175,-2.198311,-0.437315,0.112731,1.039944,0.473307,-2.545060,14.242624,-34.061310,63.504227,-3.040099,-1.254433,0.517205,-2.978732,-13.661729,36.255093,66.131119,11.022528,-4.190798,-13.826733
161.000000,-1805.908569,-670.678406,78.562782,-2.068629,0.281407,-102.668837,4.365674,4.077710,9.112654,9.374313,-13.776114,-1.204746,-5.295796,-2.729278,-19.730389,8.182388,-2.199944,-0.438116,0.112902,1.040026,0.473260,-2.545016,14.242251,-34.060150,63.504570,-3.040076,-1.254651,0.516674,-2.979226,-13.661071,36.255165,66.132271,11.022216,-4.190891,-13.825626
162.000000,-1805.908813,-670.678650,78.562828,-2.068497,0.281507,-102.668230,4.365005,4.076540,9.112173,9.374407,-13.775805,-1.203669,-5.294868,-2.728144,-19.730137,8.182601,-2.201581,-0.438920,0.113073,1.040107,0.473213,-2.544971,14.241879,-34.058990,63.504917,-3.040053,-1.254872,0.516142,-2.979720,-13.660414,36.255234,66.133423,11.021903,-4.190982,-13.824519
163.000000,-1805.908936,-670.678894,78.562874,-2.068365,0.281608,-102.667619,4.364338,4.075377,9.111693,9.374499,-13.775498,-1.202596,-5.293943,-2.727015,-19.729891,8.182813,-2.203213,-0.439719,0.113244,1.040187,0.473165,-2.544927,14.241508,-34.057831,63.505257,-3.040029,-1.255092,0.515614,-2.980212,-13.659758,36.255302,66.134575,11.021589,-4.191073,-13.823417
164.000000,-1805.909180,-670.679138,78.562912,-2.068236,0.281709,-102.667008,4.363668,4.074210,9.111214,9.374593,-13.775194,-1.201521,-5.293013,-2.725882,-19.729645,8.183026,-2.204850,-0.440516,0.113416,1.040267,0.473116,-2.544883,14.241136,-34.056671,63.505600,-3.040005,-1.255314,0.515085,-2.980705,-13.659101,36.255371,66.135727,11.021275,-4.191163,-13.822312
165.000000,-1805.909302,-670.679443,78.562965,-2.068112,0.281807,-102.666407,4.363170,4.073342,9.110857,9.374662,-13.774966,-1.200721,-5.292320,-2.725039,-19.729464,8.183186,-2.206069,-0.441108,0.113543,1.040325,0.473080,-2.544850,14.240859,-34.055801,63.505859,-3.039988,-1.255480,0.514692,-2.981071,-13.658612,36.255421,66.136589,11.021039,-4.191229,-13.821494
166.000000,-1805.909546,-670.679688,78.563004,-2.067984,0.281909,-102.665791,4.362506,4.072191,9.110384,9.374755,-13.774666,-1.199659,-5.291399,-2.723919,-19.729223,8.183398,-2.207687,-0.441891,0.113713,1.040401,0.473032,-2.544806,14.240491,-34.054657,63.506199,-3.039964,-1.255701,0.514171,-2.981557,-13.657962,36.255489,66.137726,11.020727,-4.191316,-13.820406
167.000000,-1805.909668,-670.679932,78.563049,-2.067860,0.282009,-102.665180,4.361847,4.071048,9.109915,9.374847,-13.774367,-1.198606,-5.290481,-2.722805,-19.728989,8.183610,-2.209297,-0.442666,0.113882,1.040477,0.472984,-2.544763,14.240126,-34.053516,63.506550,-3.039940,-1.255921,0.513654,-2.982040,-13.657316,36.255558,66.138870,11.020415,-4.191402,-13.819330
168.000000,-1805.909912,-670.680176,78.563095,-2.067735,0.282108,-102.664573,4.361183,4.069900,9.109442,9.374942,-13.774066,-1.197541,-5.289555,-2.721687,-19.728756,8.183822,-2.210919,-0.443450,0.114052,1.040553,0.472936,-2.544720,14.239758,-34.052368,63.506889,-3.039916,-1.256144,0.513134,-2.982526,-13.656667,36.255623,66.140007,11.020101,-4.191488,-13.818246
169.000000,-1805.910156,-670.680420,78.563133,-2.067616,0.282203,-102.663982,4.360690,4.069048,9.109091,9.375013,-13.773843,-1.196752,-5.288867,-2.720857,-19.728584,8.183980,-2.212122,-0.444031,0.114178,1.040608,0.472900,-2.544688,14.239487,-34.051517,63.507149,-3.039898,-1.256310,0.512749,-2.982886,-13.656185,36.255672,66.140854,11.019867,-4.191552,-13.817443
170.000000,-1805.910278,-670.680664,78.563187,-2.067488,0.282305,-102.663342,4.360029,4.067909,9.108622,9.375108,-13.773546,-1.195699,-5.287944,-2.719746,-19.728359,8.184191,-2.213731,-0.444805,0.114347,1.040683,0.472852,-2.544646,14.239121,-34.050381,63.507492,-3.039874,-1.256533,0.512235,-2.983367,-13.655541,36.255737,66.141991,11.019554,-4.191635,-13.816371
171.000000,-1805.910522,-670.680908,78.563225,-2.067367,0.282402,-102.662726,4.359372,4.066779,9.108156,9.375201,-13.773249,-1.194655,-5.287027,-2.718642,-19.728132,8.184402,-2.215331,-0.445572,0.114514,1.040757,0.472805,-2.544604,14.238759,-34.049248,63.507832,-3.039850,-1.256755,0.511726,-2.983845,-13.654902,36.255802,66.143120,11.019242,-4.191718,-13.815308
172.000000,-1805.910645,-670.681152,78.563271,-2.067245,0.282498,-102.662115,4.358716,4.065650,9.107695,9.375295,-13.772953,-1.193613,-5.286110,-2.717540,-19.727913,8.184615,-2.216929,-0.446336,0.114682,1.040830,0.472758,-2.544563,14.238397,-34.048115,63.508175,-3.039825,-1.256978,0.511218,-2.984323,-13.654263,36.255863,66.144241,11.018931,-4.191799,-13.814249
173.000000,-1805.910889,-670.681458,78.563316,-2.067124,0.282592,-102.661504,4.358059,4.064526,9.107233,9.375391,-13.772655,-1.192567,-5.285192,-2.716440,-19.727694,8.184825,-2.218526,-0.447104,0.114849,1.040903,0.472712,-2.544521,14.238036,-34.046986,63.508522,-3.039801,-1.257201,0.510711,-2.984799,-13.653625,36.255928,66.145370,11.018620,-4.191880,-13.813192
174.000000,-1805.911011,-670.681641,78.563354,-2.067000,0.282687,-102.660873,4.357569,4.063687,9.106888,9.375464,-13.772433,-1.191789,-5.284506,-2.715621,-19.727531,8.184983,-2.219716,-0.447677,0.114974,1.040957,0.472677,-2.544491,14.237767,-34.046146,63.508774,-3.039784,-1.257368,0.510334,-2.985154,-13.653151,36.255974,66.146210,11.018386,-4.191939,-13.812406
175.000000,-1805.911255,-670.681885,78.563400,-2.066878,0.282780,-102.660252,4.356915,4.062570,9.106430,9.375562,-13.772138,-1.190752,-5.283590,-2.714528,-19.727318,8.185195,-2.221304,-0.448438,0.115141,1.041029,0.472632,-2.544451,14.237408,-34.045021,63.509117,-3.039761,-1.257592,0.509831,-2.985628,-13.652516,36.256035,66.147331,11.018075,-4.192018,-13.811358
176.000000,-1805.911499,-670.682129,78.563446,-2.066755,0.282872,-102.659626,4.356262,4.061458,9.105976,9.375659,-13.771840,-1.189723,-5.282677,-2.713439,-19.727108,8.185405,-2.222884,-0.449194,0.115307,1.041101,0.472586,-2.544411,14.237049,-34.043900,63.509460,-3.039738,-1.257815,0.509333,-2.986100,-13.651886,36.256096,66.148445,11.017764,-4.192095,-13.810318
177.000000,-1805.911621,-670.682373,78.563492,-2.066637,0.282960,-102.659015,4.355609,4.060348,9.105524,9.375755,-13.771544,-1.188696,-5.281764,-2.712351,-19.726900,8.185616,-2.224463,-0.449949,0.115472,1.041174,0.472542,-2.544371,14.236691,-34.042786,63.509808,-3.039715,-1.258039,0.508836,-2.986571,-13.651257,36.256157,66.149567,11.017454,-4.192173,-13.809281
178.000000,-1805.911865,-670.682617,78.563538,-2.066514,0.283049,-102.658389,4.354955,4.059237,9.105070,9.375856,-13.771244,-1.187663,-5.280848,-2.711264,-19.726694,8.185826,-2.226043,-0.450711,0.115638,1.041246,0.472498,-2.544332,14.236333,-34.041668,63.510147,-3.039692,-1.258263,0.508339,-2.987042,-13.650626,36.256218,66.150681,11.017143,-4.192249,-13.808246
179.000000,-1805.911987,-670.682861,78.563576,-2.066389,0.283137,-102.657744,4.354469,4.058414,9.104734,9.375932,-13.771021,-1.186898,-5.280167,-2.710458,-19.726542,8.185984,-2.227216,-0.451276,0.115762,1.041300,0.472466,-2.544303,14.236067,-34.040836,63.510403,-3.039676,-1.258431,0.507971,-2.987392,-13.650161,36.256260,66.151512,11.016911,-4.192306,-13.807477
180.000000,-1805.912231,-670.683105,78.563622,-2.066266,0.283221,-102.657123,4.353818,4.057317,9.104288,9.376033,-13.770721,-1.185879,-5.279258,-2.709381,-19.726339,8.186193,-2.228780,-0.452028,0.115926,1.041372,0.472423,-2.544265,14.235713,-34.039726,63.510742,-3.039654,-1.258654,0.507481,-2.987858,-13.649538,36.256317,66.152611,11.016601,-4.192379,-13.806454
181.000000,-1805.912354,-670.683350,78.563667,-2.066143,0.283305,-102.656491,4.353170,4.056224,9.103845,9.376132,-13.770423,-1.184867,-5.278351,-2.708310,-19.726141,8.186404,-2.230337,-0.452776,0.116091,1.041445,0.472380,-2.544227,14.235359,-34.038628,63.511086,-3.039633,-1.258878,0.506995,-2.988323,-13.648918,36.256378,66.153717,11.016293,-4.192452,-13.805438
182.000000,-1805.912598,-670.683533,78.563713,-2.066019,0.283386,-102.655856,4.352520,4.055132,9.103401,9.376236,-13.770123,-1.183851,-5.277442,-2.707238,-19.725946,8.186613,-2.231896,-0.453531,0.116255,1.041518,0.472339,-2.544190,14.235003,-34.037521,63.511425,-3.039612,-1.259102,0.506507,-2.988788,-13.648298,36.256432,66.154816,11.015984,-4.192525,-13.804421
183.000000,-1805.912842,-670.683777,78.563759,-2.065893,0.283466,-102.655216,4.351869,4.054039,9.102957,9.376340,-13.769818,-1.182837,-5.276530,-2.706166,-19.725750,8.186823,-2.233456,-0.454285,0.116419,1.041591,0.472298,-2.544153,14.234649,-34.036415,63.511768,-3.039590,-1.259327,0.506021,-2.989254,-13.647679,36.256485,66.155922,11.015672,-4.192597,-13.803406
184.000000,-1805.912842,-670.684021,78.563805,-2.065767,0.283544,-102.654580,4.351381,4.053224,9.102628,9.376417,-13.769591,-1.182080,-5.275849,-2.705365,-19.725605,8.186980,-2.234621,-0.454849,0.116542,1.041646,0.472267,-2.544126,14.234385,-34.035591,63.512020,-3.039575,-1.259496,0.505658,-2.989602,-13.647217,36.256527,66.156754,11.015441,-4.192651,-13.802650
185.000000,-1805.912964,-670.684265,78.563843,-2.065641,0.283620,-102.653944,4.350736,4.052147,9.102193,9.376522,-13.769288,-1.181083,-5.274948,-2.704307,-19.725414,8.187188,-2.236159,-0.455592,0.116705,1.041720,0.472227,-2.544090,14.234034,-34.034504,63.512360,-3.039555,-1.259719,0.505181,-2.990061,-13.646606,36.256580,66.157845,11.015134,-4.192721,-13.801652
186.000000,-1805.913208,-670.684448,78.563896,-2.065511,0.283696,-102.653293,4.350087,4.051065,9.101758,9.376625,-13.768982,-1.180083,-5.274042,-2.703244,-19.725227,8.187400,-2.237705,-0.456339,0.116868,1.041795,0.472187,-2.544054,14.233681,-34.033405,63.512703,-3.039535,-1.259943,0.504702,-2.990523,-13.645992,36.256638,66.158936,11.014825,-4.192791,-13.800653
187.000000,-1805.913330,-670.684692,78.563934,-2.065381,0.283771,-102.652638,4.349445,4.049999,9.101334,9.376727,-13.768677,-1.179100,-5.273148,-2.702197,-19.725042,8.187609,-2.239228,-0.457076,0.117029,1.041870,0.472149,-2.544019,14.233333,-34.032326,63.513046,-3.039515,-1.260164,0.504232,-2.990978,-13.645389,36.256687,66.160019,11.014522,-4.192858,-13.799670
188.000000,-1805.913574,-670.684875,78.563980,-2.065253,0.283840,-102.652002,4.348796,4.048923,9.100903,9.376834,-13.768366,-1.178102,-5.272243,-2.701140,-19.724855,8.187819,-2.240767,-0.457827,0.117191,1.041946,0.472111,-2.543984,14.232983,-34.031231,63.513378,-3.039495,-1.260389,0.503756,-2.991438,-13.644779,36.256741,66.161118,11.014213,-4.192927,-13.798677
189.000000,-1805.913696,-670.685120,78.564026,-2.065123,0.283909,-102.651356,4.348152,4.047859,9.100478,9.376942,-13.768057,-1.177115,-5.271346,-2.700094,-19.724674,8.188027,-2.242291,-0.458571,0.117353,1.042022,0.472073,-2.543950,14.232632,-34.030151,63.513721,-3.039475,-1.260612,0.503286,-2.991893,-13.644176,36.256790,66.162193,11.013906,-4.192994,-13.797696
190.000000,-1805.913940,-670.685303,78.564072,-2.064995,0.283973,-102.650730,4.347667,4.047060,9.100160,9.377023,-13.767823,-1.176376,-5.270672,-2.699309,-19.724539,8.188183,-2.243434,-0.459130,0.117474,1.042079,0.472044,-2.543925,14.232371,-34.029343,63.513973,-3.039462,-1.260779,0.502934,-2.992235,-13.643724,36.256828,66.163010,11.013677,-4.193044,-13.796961
191.000000,-1805.914062,-670.685486,78.564110,-2.064864,0.284038,-102.650084,4.347022,4.045999,9.099738,9.377131,-13.767510,-1.175395,-5.269776,-2.698266,-19.724361,8.188394,-2.244952,-0.459873,0.117635,1.042157,0.472007,-2.543891,14.232022,-34.028263,63.514317,-3.039443,-1.261002,0.502467,-2.992689,-13.643124,36.256878,66.164085,11.013371,-4.193109,-13.795987
192.000000,-1805.914307,-670.685669,78.564163,-2.064730,0.284101,-102.649429,4.346380,4.044945,9.099321,9.377237,-13.767198,-1.174425,-5.268885,-2.697229,-19.724186,8.188601,-2.246461,-0.460610,0.117795,1.042235,0.471970,-2.543858,14.231676,-34.027191,63.514648,-3.039425,-1.261223,0.502005,-2.993141,-13.642528,36.256927,66.165161,11.013067,-4.193173,-13.795020
193.000000,-1805.914551,-670.685852,78.564201,-2.064601,0.284159,-102.648797,4.345733,4.043887,9.098904,9.377347,-13.766879,-1.173446,-5.267988,-2.696189,-19.724009,8.188810,-2.247978,-0.461358,0.117956,1.042315,0.471934,-2.543825,14.231327,-34.026112,63.514992,-3.039407,-1.261446,0.501540,-2.993595,-13.641931,36.256973,66.166237,11.012761,-4.193238,-13.794050
194.000000,-1805.914673,-670.686035,78.564247,-2.064461,0.284220,-102.648122,4.345092,4.042840,9.098490,9.377457,-13.766562,-1.172479,-5.267099,-2.695160,-19.723839,8.189017,-2.249479,-0.462099,0.118115,1.042395,0.471898,-2.543793,14.230982,-34.025047,63.515327,-3.039389,-1.261667,0.501080,-2.994044,-13.641338,36.257023,66.167305,11.012457,-4.193301,-13.793092
195.000000,-1805.914917,-670.686218,78.564301,-2.064323,0.284277,-102.647462,4.344447,4.041791,9.098079,9.377568,-13.766242,-1.171513,-5.266208,-2.694129,-19.723667,8.189226,-2.250983,-0.462841,0.118275,1.042475,0.471861,-2.543761,14.230636,-34.023979,63.515667,-3.039371,-1.261889,0.500621,-2.994494,-13.640746,36.257069,66.168381,11.012152,-4.193364,-13.792132
196.000000,-1805.915039,-670.686462,78.564339,-2.064185,0.284331,-102.646810,4.343965,4.041008,9.097773,9.377651,-13.766001,-1.170792,-5.265540,-2.693359,-19.723539,8.189384,-2.252107,-0.463397,0.118395,1.042537,0.471834,-2.543737,14.230375,-34.023178,63.515919,-3.039358,-1.262055,0.500278,-2.994831,-13.640304,36.257103,66.169182,11.011924,-4.193410,-13.791417
197.000000,-1805.915283,-670.686646,78.564384,-2.064051,0.284381,-102.646179,4.343324,4.039970,9.097366,9.377761,-13.765677,-1.169838,-5.264657,-2.692339,-19.723372,8.189591,-2.253595,-0.464134,0.118553,1.042619,0.471799,-2.543705,14.230032,-34.022121,63.516254,-3.039341,-1.262274,0.499826,-2.995276,-13.639718,36.257149,66.170242,11.011621,-4.193471,-13.790472
198.000000,-1805.915649,-670.686829,78.564430,-2.063911,0.284432,-102.645518,4.342680,4.038928,9.096963,9.377872,-13.765350,-1.168883,-5.263767,-2.691314,-19.723207,8.189801,-2.255090,-0.464874,0.118713,1.042703,0.471763,-2.543674,14.229685,-34.021061,63.516590,-3.039324,-1.262495,0.499372,-2.995724,-13.639130,36.257195,66.171310,11.011318,-4.193532,-13.789524
199.000000,-1805.915771,-670.687012,78.564476,-2.063769,0.284480,-102.644853,4.342039,4.037894,9.096560,9.377985,-13.765023,-1.167932,-5.262884,-2.690299,-19.723043,8.190008,-2.256575,-0.465615,0.118871,1.042787,0.471727,-2.543644,14.229341,-34.020004,63.516930,-3.039306,-1.262715,0.498921,-2.996168,-13.638548,36.257236,66.172371,11.011016,-4.193592,-13.788585
200.000000,-1805.916016,-670.687134,78.564522,-2.063627,0.284526,-102.644202,4.341397,4.036861,9.096162,9.378098,-13.764694,-1.166984,-5.262000,-2.689284,-19.722881,8.190217,-2.258060,-0.466357,0.119029,1.042873,0.471692,-2.543613,14.228997,-34.018951,63.517265,-3.039289,-1.262934,0.498471,-2.996613,-13.637965,36.257282,66.173431,11.010714,-4.193651,-13.787646
201.000000,-1805.916260,-670.687317,78.564568,-2.063487,0.284568,-102.643556,4.340921,4.036098,9.095866,9.378181,-13.764447,-1.166284,-5.261345,-2.688533,-19.722761,8.190372,-2.259158,-0.466906,0.119146,1.042937,0.471665,-2.543591,14.228741,-34.018169,63.517517,-3.039277,-1.263097,0.498138,-2.996942,-13.637536,36.257313,66.174217,11.010488,-4.193694,-13.786953
202.000000,-1805.916382,-670.687500,78.564613,-2.063343,0.284610,-102.642895,4.340279,4.035069,9.095471,9.378296,-13.764113,-1.165344,-5.260463,-2.687523,-19.722601,8.190580,-2.260636,-0.467646,0.119304,1.043024,0.471629,-2.543561,14.228397,-34.017120,63.517853,-3.039260,-1.263315,0.497692,-2.997384,-13.636957,36.257359,66.175270,11.010186,-4.193752,-13.786023
203.000000,-1805.916626,-670.687683,78.564659,-2.063198,0.284650,-102.642234,4.339640,4.034048,9.095078,9.378408,-13.763780,-1.164407,-5.259584,-2.686520,-19.722443,8.190788,-2.262106,-0.468387,0.119461,1.043113,0.471593,-2.543531,14.228055,-34.016071,63.518188,-3.039243,-1.263533,0.497247,-2.997824,-13.636383,36.257397,66.176323,11.009884,-4.193809,-13.785098
204.000000,-1805.916748,-670.687805,78.564705,-2.063052,0.284687,-102.641578,4.339000,4.033027,9.094687,9.378524,-13.763443,-1.163475,-5.258705,-2.685518,-19.722288,8.190996,-2.263577,-0.469127,0.119618,1.043202,0.471557,-2.543501,14.227712,-34.015030,63.518524,-3.039226,-1.263751,0.496803,-2.998264,-13.635809,36.257439,66.177376,11.009583,-4.193866,-13.784174
205.000000,-1805.916992,-670.687988,78.564751,-2.062907,0.284722,-102.640922,4.338365,4.032015,9.094301,9.378637,-13.763105,-1.162552,-5.257833,-2.684524,-19.722136,8.191205,-2.265034,-0.469862,0.119774,1.043292,0.471521,-2.543472,14.227371,-34.013996,63.518856,-3.039209,-1.263967,0.496364,-2.998699,-13.635242,36.257477,66.178413,11.009282,-4.193921,-13.783260
206.000000,-1805.917114,-670.688110,78.564796,-2.062757,0.284756,-102.640256,4.337883,4.031250,9.094010,9.378723,-13.762848,-1.161856,-5.257174,-2.683774,-19.722017,8.191361,-2.266136,-0.470418,0.119892,1.043361,0.471494,-2.543450,14.227114,-34.013210,63.519108,-3.039196,-1.264130,0.496033,-2.999029,-13.634813,36.257507,66.179207,11.009055,-4.193962,-13.782572
207.000000,-1805.917358,-670.688232,78.564842,-2.062606,0.284788,-102.639590,4.337247,4.030241,9.093630,9.378838,-13.762506,-1.160939,-5.256303,-2.682784,-19.721869,8.191570,-2.267590,-0.471152,0.120048,1.043453,0.471458,-2.543422,14.226773,-34.012180,63.519444,-3.039180,-1.264345,0.495597,-2.999464,-13.634246,36.257545,66.180244,11.008757,-4.194016,-13.781665
208.000000,-1805.917603,-670.688416,78.564888,-2.062455,0.284819,-102.638924,4.336610,4.029234,9.093251,9.378951,-13.762162,-1.160027,-5.255433,-2.681794,-19.721716,8.191779,-2.269042,-0.471885,0.120204,1.043546,0.471422,-2.543393,14.226433,-34.011143,63.519772,-3.039164,-1.264559,0.495162,-2.999897,-13.633682,36.257587,66.181282,11.008457,-4.194070,-13.780761
209.000000,-1805.917725,-670.688599,78.564934,-2.062304,0.284847,-102.638263,4.335973,4.028228,9.092875,9.379065,-13.761814,-1.159116,-5.254562,-2.680807,-19.721567,8.191988,-2.270494,-0.472619,0.120359,1.043641,0.471385,-2.543365,14.226092,-34.010117,63.520107,-3.039147,-1.264774,0.494728,-3.000330,-13.633119,36.257622,66.182320,11.008159,-4.194123,-13.779860
210.000000,-1805.917969,-670.688660,78.564980,-2.062153,0.284872,-102.637607,4.335339,4.027228,9.092501,9.379179,-13.761465,-1.158207,-5.253695,-2.679827,-19.721420,8.192196,-2.271939,-0.473356,0.120514,1.043736,0.471348,-2.543336,14.225753,-34.009090,63.520443,-3.039131,-1.264987,0.494297,-3.000761,-13.632559,36.257656,66.183365,11.007861,-4.194175,-13.778964
211.000000,-1805.918091,-670.688843,78.565025,-2.061995,0.284897,-102.636931,4.334863,4.026478,9.092222,9.379266,-13.761203,-1.157527,-5.253045,-2.679093,-19.721310,8.192352,-2.273021,-0.473909,0.120630,1.043808,0.471320,-2.543316,14.225498,-34.008324,63.520695,-3.039119,-1.265147,0.493974,-3.001084,-13.632141,36.257687,66.184135,11.007637,-4.194213,-13.778295
212.000000,-1805.918335,-670.688965,78.565063,-2.061845,0.284918,-102.636284,4.334231,4.025485,9.091854,9.379382,-13.760852,-1.156628,-5.252182,-2.678120,-19.721165,8.192559,-2.274457,-0.474642,0.120785,1.043904,0.471283,-2.543288,14.225160,-34.007305,63.521023,-3.039103,-1.265359,0.493546,-3.001512,-13.631586,36.257721,66.185165,11.007340,-4.194264,-13.777409
213.000000,-1805.918457,-670.689087,78.565117,-2.061693,0.284938,-102.635637,4.333596,4.024489,9.091487,9.379497,-13.760499,-1.155730,-5.251316,-2.677145,-19.721020,8.192769,-2.275896,-0.475377,0.120939,1.044002,0.471245,-2.543260,14.224821,-34.006283,63.521358,-3.039086,-1.265571,0.493118,-3.001940,-13.631030,36.257755,66.186195,11.007042,-4.194314,-13.776522
214.000000,-1805.918701,-670.689209,78.565163,-2.061533,0.284957,-102.634957,4.332964,4.023499,9.091122,9.379612,-13.760143,-1.154834,-5.250453,-2.676176,-19.720877,8.192975,-2.277329,-0.476113,0.121093,1.044100,0.471208,-2.543233,14.224483,-34.005268,63.521687,-3.039069,-1.265783,0.492692,-3.002366,-13.630478,36.257790,66.187218,11.006744,-4.194364,-13.775640
215.000000,-1805.919067,-670.689331,78.565201,-2.061372,0.284974,-102.634286,4.332335,4.022516,9.090760,9.379727,-13.759789,-1.153947,-5.249594,-2.675214,-19.720736,8.193182,-2.278754,-0.476846,0.121247,1.044199,0.471169,-2.543206,14.224147,-34.004257,63.522018,-3.039052,-1.265993,0.492269,-3.002790,-13.629930,36.257824,66.188240,11.006449,-4.194412,-13.774765
216.000000,-1805.919312,-670.689514,78.565254,-2.061211,0.284989,-102.633605,4.331859,4.021774,9.090487,9.379816,-13.759519,-1.153278,-5.248946,-2.674489,-19.720631,8.193338,-2.279829,-0.477398,0.121362,1.044274,0.471141,-2.543185,14.223892,-34.003502,63.522266,-3.039040,-1.266151,0.491950,-3.003109,-13.629518,36.257851,66.189011,11.006225,-4.194448,-13.774106
217.000000,-1805.919434,-670.689575,78.565300,-2.061052,0.285002,-102.632943,4.331228,4.020791,9.090130,9.379931,-13.759158,-1.152395,-5.248086,-2.673528,-19.720491,8.193546,-2.281254,-0.478131,0.121516,1.044375,0.471102,-2.543158,14.223556,-34.002495,63.522598,-3.039024,-1.266361,0.491529,-3.003532,-13.628970,36.257885,66.190033,11.005928,-4.194495,-13.773235
218.000000,-1805.919678,-670.689697,78.565346,-2.060885,0.285015,-102.632253,4.330599,4.019812,9.089776,9.380047,-13.758798,-1.151517,-5.247229,-2.672570,-19.720354,8.193754,-2.282675,-0.478860,0.121669,1.044477,0.471063,-2.543131,14.223219,-34.001484,63.522926,-3.039008,-1.266570,0.491110,-3.003953,-13.628426,36.257915,66.191055,11.005632,-4.194542,-13.772369
219.000000,-1805.919800,-670.689819,78.565392,-2.060722,0.285025,-102.631581,4.329974,4.018840,9.089427,9.380159,-13.758435,-1.150648,-5.246377,-2.671621,-19.720215,8.193961,-2.284085,-0.479585,0.121821,1.044579,0.471024,-2.543105,14.222885,-34.000488,63.523262,-3.038991,-1.266778,0.490694,-3.004371,-13.627887,36.257950,66.192055,11.005340,-4.194588,-13.771512
220.000000,-1805.920044,-670.689941,78.565437,-2.060557,0.285034,-102.630906,4.329344,4.017861,9.089074,9.380277,-13.758069,-1.149769,-5.245518,-2.670666,-19.720078,8.194169,-2.285509,-0.480321,0.121975,1.044682,0.470985,-2.543078,14.222549,-33.999485,63.523590,-3.038974,-1.266987,0.490275,-3.004791,-13.627343,36.257980,66.193077,11.005043,-4.194634,-13.770650
221.000000,-1805.920166,-670.690063,78.565483,-2.060396,0.285041,-102.630244,4.328719,4.016891,9.088726,9.380393,-13.757705,-1.148899,-5.244665,-2.669721,-19.719944,8.194376,-2.286919,-0.481051,0.122127,1.044785,0.470945,-2.543052,14.222216,-33.998489,63.523918,-3.038957,-1.267194,0.489861,-3.005208,-13.626805,36.258015,66.194092,11.004747,-4.194679,-13.769795
222.000000,-1805.920410,-670.690186,78.565529,-2.060225,0.285047,-102.629548,4.328250,4.016167,9.088467,9.380481,-13.757429,-1.148251,-5.244026,-2.669015,-19.719843,8.194530,-2.287974,-0.481597,0.122241,1.044863,0.470915,-2.543033,14.221965,-33.997746,63.524162,-3.038945,-1.267349,0.489551,-3.005519,-13.626404,36.258038,66.194839,11.004527,-4.194712,-13.769159
223.000000,-1805.920654,-670.690308,78.565575,-2.060056,0.285051,-102.628867,4.327626,4.015201,9.088124,9.380596,-13.757061,-1.147388,-5.243175,-2.668073,-19.719709,8.194736,-2.289380,-0.482325,0.122393,1.044967,0.470875,-2.543007,14.221631,-33.996758,63.524490,-3.038929,-1.267556,0.489139,-3.005934,-13.625869,36.258068,66.195847,11.004232,-4.194756,-13.768312
224.000000,-1805.921021,-670.690369,78.565620,-2.059888,0.285054,-102.628186,4.327003,4.014239,9.087784,9.380711,-13.756694,-1.146532,-5.242326,-2.667137,-19.719576,8.194943,-2.290781,-0.483048,0.122545,1.045072,0.470835,-2.542981,14.221299,-33.995770,63.524818,-3.038912,-1.267762,0.488730,-3.006346,-13.625338,36.258095,66.196854,11.003940,-4.194798,-13.767470
225.000000,-1805.921143,-670.690491,78.565666,-2.059720,0.285056,-102.627515,4.326391,4.013293,9.087452,9.380822,-13.756328,-1.145691,-5.241489,-2.666215,-19.719448,8.195147,-2.292162,-0.483761,0.122694,1.045176,0.470796,-2.542956,14.220972,-33.994801,63.525143,-3.038895,-1.267964,0.488327,-3.006752,-13.624814,36.258125,66.197838,11.003651,-4.194841,-13.766645
226.000000,-1805.921387,-670.690613,78.565720,-2.059549,0.285057,-102.626824,4.325759,4.012319,9.087111,9.380939,-13.755950,-1.144822,-5.240627,-2.665269,-19.719313,8.195354,-2.293585,-0.484500,0.122848,1.045283,0.470755,-2.542931,14.220634,-33.993797,63.525475,-3.038877,-1.268173,0.487912,-3.007169,-13.624277,36.258152,66.198853,11.003353,-4.194883,-13.765795
227.000000,-1805.921509,-670.690674,78.565758,-2.059376,0.285057,-102.626138,4.325136,4.011361,9.086775,9.381056,-13.755576,-1.143969,-5.239777,-2.664338,-19.719183,8.195560,-2.294987,-0.485228,0.123000,1.045389,0.470715,-2.542905,14.220304,-33.992813,63.525803,-3.038861,-1.268379,0.487504,-3.007580,-13.623749,36.258183,66.199860,11.003058,-4.194925,-13.764960
228.000000,-1805.921753,-670.690796,78.565804,-2.059204,0.285055,-102.625447,4.324516,4.010406,9.086443,9.381171,-13.755203,-1.143120,-5.238929,-2.663411,-19.719053,8.195765,-2.296384,-0.485953,0.123151,1.045495,0.470674,-2.542880,14.219974,-33.991837,63.526131,-3.038843,-1.268584,0.487099,-3.007988,-13.623223,36.258209,66.200851,11.002766,-4.194966,-13.764131
229.000000,-1805.921875,-670.690857,78.565857,-2.059031,0.285053,-102.624766,4.324051,4.009693,9.086195,9.381257,-13.754922,-1.142487,-5.238294,-2.662719,-19.718958,8.195919,-2.297429,-0.486495,0.123265,1.045575,0.470644,-2.542861,14.219726,-33.991100,63.526379,-3.038831,-1.268737,0.486796,-3.008293,-13.622830,36.258232,66.201599,11.002545,-4.194996,-13.763512
230.000000,-1805.922119,-670.690979,78.565895,-2.058867,0.285051,-102.624113,4.323433,4.008743,9.085865,9.381371,-13.754546,-1.141645,-5.237449,-2.661797,-19.718830,8.196124,-2.298821,-0.487216,0.123416,1.045682,0.470603,-2.542837,14.219396,-33.990128,63.526707,-3.038814,-1.268942,0.486393,-3.008699,-13.622307,36.258259,66.202591,11.002253,-4.195036,-13.762688
231.000000,-1805.922363,-670.691040,78.565941,-2.058695,0.285047,-102.623432,4.322815,4.007796,9.085541,9.381485,-13.754170,-1.140808,-5.236604,-2.660878,-19.718704,8.196328,-2.300211,-0.487934,0.123567,1.045789,0.470563,-2.542813,14.219067,-33.989159,63.527027,-3.038796,-1.269146,0.485992,-3.009104,-13.621786,36.258282,66.203575,11.001961,-4.195076,-13.761870
232.000000,-1805.922729,-670.691162,78.565987,-2.058519,0.285043,-102.622732,4.322200,4.006854,9.085216,9.381599,-13.753795,-1.139972,-5.235761,-2.659965,-19.718578,8.196530,-2.301599,-0.488654,0.123718,1.045896,0.470522,-2.542788,14.218739,-33.988186,63.527355,-3.038779,-1.269349,0.485591,-3.009507,-13.621269,36.258308,66.204567,11.001668,-4.195115,-13.761055
233.000000,-1805.922852,-670.691223,78.566032,-2.058345,0.285039,-102.622045,4.321585,4.005912,9.084893,9.381713,-13.753418,-1.139139,-5.234918,-2.659053,-19.718452,8.196733,-2.302988,-0.489373,0.123869,1.046003,0.470482,-2.542764,14.218411,-33.987221,63.527676,-3.038761,-1.269553,0.485192,-3.009909,-13.620752,36.258339,66.205551,11.001376,-4.195154,-13.760242
234.000000,-1805.923096,-670.691345,78.566071,-2.058177,0.285035,-102.621383,4.321125,4.005208,9.084652,9.381797,-13.753135,-1.138517,-5.234287,-2.658372,-19.718359,8.196885,-2.304025,-0.489909,0.123981,1.046083,0.470452,-2.542747,14.218166,-33.986496,63.527920,-3.038747,-1.269706,0.484894,-3.010209,-13.620365,36.258354,66.206291,11.001156,-4.195183,-13.759637
235.000000,-1805.923218,-670.691467,78.566124,-2.058006,0.285030,-102.620708,4.320515,4.004275,9.084334,9.381908,-13.752760,-1.137695,-5.233449,-2.657469,-19.718235,8.197087,-2.305403,-0.490620,0.124131,1.046190,0.470412,-2.542723,14.217842,-33.985538,63.528240,-3.038728,-1.269908,0.484499,-3.010607,-13.619854,36.258377,66.207275,11.000866,-4.195220,-13.758834
236.000000,-1805.923462,-670.691528,78.566170,-2.057827,0.285026,-102.619992,4.319901,4.003338,9.084018,9.382018,-13.752381,-1.136870,-5.232606,-2.656562,-19.718113,8.197290,-2.306790,-0.491333,0.124282,1.046298,0.470372,-2.542700,14.217516,-33.984573,63.528564,-3.038710,-1.270112,0.484102,-3.011007,-13.619340,36.258404,66.208252,11.000574,-4.195258,-13.758030
237.000000,-1805.923706,-670.691650,78.566208,-2.057650,0.285022,-102.619296,4.319292,4.002409,9.083703,9.382129,-13.752005,-1.136050,-5.231769,-2.655664,-19.717991,8.197491,-2.308169,-0.492043,0.124432,1.046405,0.470333,-2.542677,14.217193,-33.983616,63.528885,-3.038691,-1.270315,0.483708,-3.011403,-13.618832,36.258427,66.209229,11.000283,-4.195295,-13.757233
238.000000,-1805.923828,-670.691711,78.566261,-2.057478,0.285019,-102.618615,4.318682,4.001480,9.083389,9.382236,-13.751626,-1.135236,-5.230932,-2.654765,-19.717871,8.197693,-2.309547,-0.492748,0.124582,1.046512,0.470293,-2.542654,14.216868,-33.982662,63.529205,-3.038671,-1.270517,0.483316,-3.011799,-13.618322,36.258450,66.210205,10.999991,-4.195332,-13.756439
239.000000,-1805.924072,-670.691833,78.566299,-2.057307,0.285016,-102.617934,4.318075,4.000556,9.083079,9.382347,-13.751249,-1.134422,-5.230097,-2.653872,-19.717751,8.197893,-2.310924,-0.493454,0.124732,1.046618,0.470255,-2.542632,14.216546,-33.981712,63.529526,-3.038653,-1.270720,0.482924,-3.012193,-13.617817,36.258472,66.211174,10.999701,-4.195368,-13.755649
240.000000,-1805.924438,-670.691895,78.566345,-2.057133,0.285013,-102.617243,4.317660,3.999926,9.082869,9.382421,-13.750992,-1.133867,-5.229527,-2.653264,-19.717669,8.198030,-2.311862,-0.493934,0.124834,1.046691,0.470228,-2.542617,14.216327,-33.981064,63.529751,-3.038640,-1.270858,0.482658,-3.012461,-13.617473,36.258488,66.211830,10.999503,-4.195392,-13.755112
241.000000,-1805.924561,-670.692017,78.566391,-2.056956,0.285011,-102.616538,4.317011,3.998939,9.082539,9.382537,-13.750589,-1.133000,-5.228633,-2.652312,-19.717543,8.198243,-2.313334,-0.494686,0.124994,1.046804,0.470187,-2.542593,14.215982,-33.980049,63.530087,-3.038620,-1.271075,0.482241,-3.012881,-13.616933,36.258511,66.212868,10.999192,-4.195430,-13.754272
242.000000,-1805.923218,-670.692139,78.566238,-2.054228,0.292964,-102.634409,4.316615,3.995775,9.096498,9.373731,-13.749021,-1.127675,-5.238710,-2.650530,-19.702145,8.199931,-2.313448,-0.493381,0.131738,1.047670,0.466643,-2.542178,14.214355,-33.978615,63.545132,-3.095158,-1.272388,0.485225,-3.013570,-13.616982,36.257965,66.213058,10.977598,-4.195110,-13.752232
243.000000,-1805.915283,-670.693115,78.564629,-2.052263,0.316410,-102.687865,4.298411,3.991304,9.150558,9.376295,-13.762493,-1.111419,-5.280136,-2.643857,-19.645535,8.203248,-2.309591,-0.484805,0.154920,1.065827,0.454628,-2.545051,14.197496,-33.974495,63.621639,-3.327121,-1.276476,0.520508,-3.015735,-13.626099,36.254890,66.210579,10.911014,-4.194349,-13.746202
244.000000,-1805.899292,-670.694763,78.561058,-2.053373,0.358971,-102.772455,4.243407,3.990102,9.231421,9.425818,-13.803990,-1.094014,-5.359613,-2.633949,-19.556410,8.225307,-2.307152,-0.475209,0.208921,1.110986,0.433294,-2.551941,14.160157,-33.968975,63.699516,-3.551299,-1.277736,0.599903,-3.020200,-13.658845,36.253113,66.208336,10.837831,-4.192031,-13.702818
245.000000,-1805.878418,-670.697021,78.556953,-2.056964,0.408395,-102.861656,4.176740,3.989664,9.307385,9.490877,-13.850949,-1.079601,-5.443942,-2.624420,-19.468657,8.249439,-2.302593,-0.468807,0.269260,1.164190,0.422334,-2.556139,14.122775,-33.964527,63.722130,-3.658157,-1.275181,0.690690,-3.031228,-13.703775,36.253136,66.207100,10.791171,-4.187911,-13.622234
246.000000,-1805.857056,-670.702087,78.553467,-2.061877,0.457448,-102.939283,4.094291,3.987688,9.391752,9.566651,-13.904582,-1.062128,-5.543192,-2.614086,-19.369686,8.273285,-2.294026,-0.462138,0.325844,1.234792,0.417130,-2.558912,14.076659,-33.959343,63.733604,-3.738211,-1.270272,0.803526,-3.052166,-13.761719,36.253300,66.206062,10.759600,-4.180809,-13.506967
247.000000,-1805.837646,-670.710632,78.550430,-2.057121,0.531774,-103.019281,4.034120,3.976499,9.448349,9.588290,-13.923753,-1.049171,-5.640859,-2.617041,-19.295572,8.317250,-2.301633,-0.457710,0.358012,1.271151,0.396843,-2.563206,14.035871,-33.939129,63.764683,-3.761533,-1.265767,0.881564,-3.067509,-13.794170,36.252537,66.207687,10.754941,-4.160157,-13.420795
248.000000,-1805.822021,-670.721680,78.548737,-2.042849,0.601040,-103.097172,3.985830,3.944866,9.519024,9.546851,-13.913439,-1.029116,-5.777110,-2.632288,-19.188799,8.393235,-2.324745,-0.447569,0.393595,1.292148,0.383730,-2.589997,13.952839,-33.844597,63.873905,-3.771777,-1.259340,0.997786,-3.098686,-13.816850,36.249554,66.215057,10.797917,-4.095278,-13.328458
249.000000,-1805.809448,-670.740295,78.547699,-2.029722,0.656020,-103.168103,3.989267,3.908363,9.590877,9.446878,-13.880849,-1.008958,-5.881764,-2.645046,-19.079546,8.457062,-2.352970,-0.432630,0.436823,1.293991,0.380566,-2.626983,13.849616,-33.704441,64.034912,-3.786803,-1.253954,1.133015,-3.121142,-13.825619,36.247120,66.227081,10.950554,-3.992824,-13.272233
250.000000,-1805.800659,-670.767273,78.543510,-2.005083,0.644657,-103.283201,4.092480,3.866894,9.694566,9.308083,-13.841255,-0.995927,-5.959240,-2.670705,-18.944834,8.616018,-2.442642,-0.423280,0.538871,1.269224,0.408012,-2.698519,13.763330,-33.638668,64.220970,-3.908596,-1.250495,1.279799,-3.131750,-13.835385,36.265327,66.231171,11.255208,-3.841644,-13.251078
251.000000,-1805.799072,-670.805786,78.535439,-1.979746,0.589160,-103.405291,4.289531,3.821130,9.833694,9.150100,-13.816020,-0.986471,-6.035324,-2.714287,-18.772495,8.926506,-2.631639,-0.416353,0.720052,1.199910,0.432365,-2.775505,13.674815,-33.538425,64.442551,-4.152262,-1.247153,1.453630,-3.135562,-13.846244,36.347309,66.238136,11.709626,-3.597161,-13.242379
252.000000,-1805.807739,-670.854004,78.527161,-1.973667,0.505485,-103.474050,4.503615,3.804278,9.911891,9.039371,-13.821506,-0.988052,-6.023710,-2.739346,-18.681973,9.188378,-2.822275,-0.412047,0.916819,1.101825,0.436094,-2.818482,13.605553,-33.375198,64.662689,-4.540380,-1.248154,1.605060,-3.137509,-13.846085,36.490490,66.251251,12.149879,-3.316399,-13.245278
253.000000,-1805.822144,-670.904907,78.518089,-1.972232,0.425617,-103.525661,4.652530,3.802792,9.956249,8.973382,-13.837879,-0.993145,-6.007020,-2.753183,-18.640471,9.378675,-2.969001,-0.410026,1.077479,1.015947,0.430144,-2.823950,13.571375,-33.235920,64.806320,-4.933652,-1.251893,1.724538,-3.144986,-13.827418,36.580341,66.272217,12.387735,-3.089491,-13.249889
254.000000,-1805.840332,-670.955383,78.506325,-1.967063,0.321225,-103.609305,4.873276,3.803472,10.052248,8.891842,-13.870451,-1.005597,-6.005068,-2.778522,-18.560221,9.705358,-3.199735,-0.414010,1.352473,0.880231,0.455819,-2.833340,13.530997,-33.006279,64.970634,-5.469170,-1.273660,1.897407,-3.177430,-13.779737,36.682201,66.343842,12.537146,-2.815291,-13.262084
255.000000,-1805.862427,-671.005676,78.493752,-1.966636,0.185135,-103.639413,5.091932,3.813658,10.117475,8.849340,-13.921576,-1.021436,-5.961490,-2.798734,-18.506027,10.004512,-3.424283,-0.414510,1.575311,0.745735,0.519744,-2.838140,13.505197,-32.780602,65.094315,-5.857289,-1.334604,2.060650,-3.254498,-13.694999,36.757214,66.475761,12.585295,-2.595145,-13.287139
256.000000,-1805.887085,-671.066833,78.479179,-1.965506,0.052936,-103.614305,5.339806,3.821025,10.124477,8.843081,-14.009711,-1.038927,-5.881656,-2.848168,-18.498611,10.394532,-3.741661,-0.397806,1.678985,0.580978,0.590027,-2.831737,13.498696,-32.573528,65.237968,-6.103232,-1.429997,2.230034,-3.442874,-13.504550,36.772953,66.771286,12.558867,-2.341960,-13.300238
257.000000,-1805.916016,-671.134155,78.458603,-1.943353,-0.094900,-103.624403,5.579547,3.810539,10.156701,8.853937,-14.108267,-1.054723,-5.869476,-2.930114,-18.462732,10.909103,-4.124221,-0.380073,1.746521,0.397646,0.654411,-2.813180,13.498926,-32.303684,65.350533,-6.240293,-1.492358,2.330797,-3.629984,-13.303397,36.760471,67.023232,12.378877,-2.096343,-13.322855
258.000000,-1805.952026,-671.199524,78.427628,-1.861961,-0.130829,-103.712708,5.704688,3.741002,10.261849,8.888244,-14.214389,-1.063073,-6.165976,-3.108553,-18.321442,11.799878,-4.680985,-0.356469,1.892638,0.101390,0.620248,-2.774324,13.572544,-32.081051,65.399643,-6.449257,-1.566540,2.396096,-3.776177,-13.100532,36.754848,67.107689,11.860816,-1.761193,-13.338191
259.000000,-1805.996338,-671.252686,78.389214,-1.740280,-0.146128,-103.798225,5.756929,3.655612,10.340449,8.927162,-14.291964,-1.069398,-6.507769,-3.297544,-18.192698,12.646873,-5.178943,-0.343011,2.001078,-0.196554,0.616259,-2.773491,13.707583,-32.033569,65.391548,-6.617842,-1.663428,2.410901,-3.893912,-12.932847,36.768410,67.067535,11.245392,-1.465201,-13.332831
260.000000,-1806.051880,-671.310913,78.350456,-1.630698,-0.176045,-103.812700,5.813350,3.560712,10.373639,9.025080,-14.407477,-1.083474,-6.862841,-3.526203,-18.092323,13.635391,-5.775475,-0.333279,2.063689,-0.604982,0.664663,-2.780228,13.930288,-32.025372,65.380173,-6.846684,-1.751285,2.426598,-4.034137,-12.693927,36.828457,66.896095,10.492048,-1.075540,-13.316654
261.000000,-1806.110229,-671.391418,78.316811,-1.570492,-0.183822,-103.823290,5.851007,3.506009,10.374143,9.166286,-14.567511,-1.108394,-7.141401,-3.701149,-18.029465,14.485250,-6.332262,-0.324060,2.129336,-1.063672,0.677886,-2.775375,14.199370,-32.035549,65.382912,-7.234826,-1.795665,2.436954,-4.144826,-12.405474,36.934650,66.556114,9.772441,-0.600027,-13.295238
262.000000,-1806.155396,-671.484497,78.284569,-1.563533,-0.171778,-103.935969,5.871065,3.536486,10.469955,9.362291,-14.791211,-1.141067,-7.330273,-3.728677,-17.898016,15.032735,-6.706082,-0.328349,2.328815,-1.387882,0.666080,-2.759971,14.417991,-32.034664,65.377235,-7.953342,-1.853624,2.410082,-4.211577,-12.180369,36.970333,66.153114,9.101031,-0.181748,-13.288763
263.000000,-1806.185913,-671.588623,78.252548,-1.587115,-0.149670,-104.022541,5.843216,3.583766,10.531079,9.593372,-15.010158,-1.161796,-7.448107,-3.722670,-17.809538,15.380829,-6.951483,-0.330188,2.443605,-1.564541,0.663392,-2.719177,14.589746,-32.063305,65.373688,-8.444363,-1.898716,2.362656,-4.279010,-12.059153,36.971157,65.797760,8.481789,0.104328,-13.285332
264.000000,-1806.196777,-671.716064,78.221397,-1.638643,-0.116104,-104.058724,5.766332,3.650874,10.533061,9.955325,-15.327109,-1.176015,-7.545355,-3.712923,-17.755274,15.747502,-7.230567,-0.318966,2.506843,-1.695234,0.665566,-2.687950,14.763108,-32.071426,65.357765,-8.969297,-1.925023,2.218003,-4.393401,-11.999572,36.968185,65.249977,7.614121,0.455285,-13.282978
265.000000,-1806.191040,-671.850281,78.192833,-1.704490,-0.064302,-104.132342,5.689229,3.716236,10.546174,10.278819,-15.614485,-1.181917,-7.617311,-3.681281,-17.686640,16.000620,-7.429459,-0.296181,2.579501,-1.719439,0.662732,-2.685186,14.864471,-32.070847,65.325493,-9.242723,-1.927198,2.093756,-4.548102,-12.013445,36.952236,64.732376,6.893481,0.769971,-13.286922
266.000000,-1806.180786,-671.991211,78.157616,-1.761985,0.045896,-104.283654,5.542714,3.794747,10.641807,10.683884,-15.971626,-1.190654,-7.836055,-3.644742,-17.535603,16.407902,-7.689103,-0.275710,2.733503,-1.703183,0.627766,-2.681872,15.000612,-32.070259,65.231163,-9.580898,-1.913024,1.928148,-4.818046,-12.080073,36.921871,64.067726,6.129075,1.158104,-13.311433
267.000000,-1806.180908,-672.122925,78.119865,-1.783265,0.078304,-104.384512,5.489946,3.823442,10.710184,11.005931,-16.258091,-1.197117,-8.077136,-3.700208,-17.454296,17.022058,-8.014769,-0.266627,2.876547,-1.712895,0.729387,-2.676607,15.237899,-32.088257,65.042984,-9.841991,-1.871965,1.734141,-5.187758,-12.171440,36.911083,63.422211,5.497587,1.476748,-13.396809
268.000000,-1806.184204,-672.253418,78.087387,-1.811774,0.110635,-104.512410,5.491559,3.850668,10.792906,11.236250,-16.493952,-1.197973,-8.545833,-3.844941,-17.472218,18.127686,-8.339894,-0.263903,2.980861,-1.712747,0.842670,-2.600252,15.601529,-32.120068,64.826027,-10.217084,-1.838918,1.523551,-5.636371,-12.270794,36.799297,62.806591,5.128627,1.672531,-13.533136
269.000000,-1806.182617,-672.376221,78.076157,-1.933896,0.083482,-104.522551,5.520451,3.923460,10.773320,11.377922,-16.649292,-1.195023,-9.129812,-4.009813,-17.579901,19.507917,-8.491849,-0.268420,2.960902,-1.628658,0.958287,-2.510784,15.951281,-32.211220,64.600189,-10.569747,-1.757353,1.402765,-6.000383,-12.366149,36.602444,62.390450,5.032488,1.720682,-13.695676
270.000000,-1806.194336,-672.518005,78.091660,-2.161255,0.010951,-104.338327,5.640841,4.110403,10.517367,11.474485,-16.792599,-1.196389,-10.024784,-4.256283,-17.835245,21.809406,-8.442966,-0.276949,2.730538,-1.385795,1.139528,-2.314126,16.502712,-32.424759,64.306419,-10.826040,-1.535804,1.244009,-6.401989,-12.492367,36.289433,61.993961,5.017384,1.719580,-13.979218
271.000000,-1806.248291,-672.697571,78.117935,-2.450610,0.017966,-104.068083,5.801483,4.433673,10.069101,11.472740,-16.924084,-1.229928,-11.292596,-4.517090,-18.083317,24.900824,-8.082858,-0.321367,2.392797,-1.026051,1.202646,-1.961275,17.309151,-32.723240,64.003929,-10.962416,-1.165883,1.060864,-6.737583,-12.610506,35.867550,61.760597,5.000572,1.674360,-14.340402
272.000000,-1806.382935,-672.940674,78.155457,-2.860759,0.383520,-103.998012,5.702996,4.944490,9.742282,11.368573,-17.064892,-1.352602,-12.663748,-4.160157,-17.661428,26.298634,-8.673425,-0.573955,2.137447,-0.628647,0.795352,-1.360992,18.272346,-33.135628,63.710812,-10.960295,-0.751850,1.004699,-6.867808,-12.638399,35.346237,61.747993,4.926492,1.627873,-14.561230
273.000000,-1806.594482,-673.163330,78.184982,-3.248129,0.644124,-103.940291,5.654282,5.529511,9.500205,11.273402,-17.215965,-1.566434,-14.029368,-3.408186,-17.130507,25.388128,-9.241561,-0.725237,1.857556,-0.310513,0.620102,-0.816480,19.429235,-33.627251,63.402184,-10.758861,-0.231722,0.999075,-7.129801,-12.657960,34.799156,61.751961,4.847603,1.605748,-14.716118
274.000000,-1806.863037,-673.372437,78.183228,-3.516085,0.639294,-103.848263,5.890312,6.051780,9.251957,11.248452,-17.417353,-1.840397,-15.314402,-2.793651,-16.908325,23.595947,-9.144910,-0.992567,1.564654,-0.144823,0.942454,-0.544931,20.585440,-34.050797,63.171509,-10.162034,0.406883,0.999347,-7.524512,-12.723905,34.290604,61.757023,4.763702,1.602166,-14.896450
275.000000,-1807.176392,-673.626465,78.137466,-3.645389,0.482204,-103.723432,6.214224,6.326942,9.111726,11.229406,-17.599592,-2.037497,-16.179905,-2.631361,-17.043434,22.344967,-8.555930,-1.155674,1.427130,-0.113210,1.263413,-0.447748,21.252331,-34.168896,63.133614,-9.546066,0.845133,1.003497,-7.728963,-12.802649,33.948589,61.760262,4.719154,1.600930,-15.046438
276.000000,-1807.552856,-673.981750,78.041191,-3.646214,0.271470,-103.422678,6.842970,6.648965,8.806008,11.241638,-17.988615,-2.358361,-17.505665,-2.708817,-17.400703,20.445198,-7.033670,-1.305879,1.169232,-0.130782,1.672667,-0.245439,22.112829,-34.200935,63.124722,-8.399184,1.581133,1.042136,-7.845755,-12.960585,33.431736,61.792023,4.691098,1.600453,-15.311301
277.000000,-1807.969482,-674.426270,77.892319,-3.513531,0.085312,-103.009258,7.440373,6.778036,8.394605,11.360411,-18.490959,-2.651388,-18.679127,-3.098310,-17.477598,18.716795,-5.313392,-1.318950,0.847505,-0.237921,1.828306,-0.008830,22.674158,-34.206089,63.084190,-7.252131,2.382246,1.094708,-7.776817,-13.137027,33.130722,61.949619,4.676069,1.603769,-15.597507
278.000000,-1808.418701,-674.923157,77.680763,-3.202260,-0.000144,-102.519940,7.828436,6.742909,7.925493,11.809549,-19.229353,-2.912981,-19.963316,-3.575466,-16.676336,17.149681,-3.789569,-1.154241,0.533691,-0.442001,1.763724,0.205381,23.051212,-34.239246,62.764736,-5.874324,3.409716,1.120573,-7.634778,-13.368349,33.043076,62.162834,4.673073,1.651328,-15.948624
279.000000,-1808.903931,-675.471741,77.405373,-2.740378,-0.148792,-101.922192,8.160264,6.532712,7.349220,12.559269,-20.167807,-3.181931,-21.000877,-4.227247,-15.505343,15.758240,-2.676198,-1.010417,0.198315,-0.752162,1.757295,0.248633,23.245245,-34.280834,62.246426,-4.427678,4.393525,1.119078,-7.530727,-13.658895,33.020844,62.383583,4.685333,1.709722,-16.272442
280.000000,-1809.435425,-676.113525,77.071152,-2.246240,-0.343852,-101.408705,8.555714,6.355888,6.957411,13.320580,-21.155403,-3.475852,-21.689520,-4.843029,-14.692921,14.940645,-2.104490,-0.966954,-0.001673,-0.950331,1.746403,0.238373,23.241104,-34.309212,61.688381,-3.204844,5.081510,1.096578,-7.460156,-13.942000,32.901520,62.666313,4.794285,1.730442,-16.563353
281.000000,-1809.998291,-676.836487,76.705185,-1.821755,-0.438002,-101.035446,8.913779,6.277967,6.710213,14.121765,-22.220915,-3.784791,-22.354370,-5.344424,-14.052622,14.831873,-1.931003,-0.958168,-0.157086,-1.012573,1.595710,0.261940,23.171446,-34.376720,61.085274,-2.115315,5.612430,1.014988,-7.344880,-14.243848,32.749775,62.899391,4.977847,1.749070,-16.899500
282.000000,-1810.610352,-677.650024,76.314743,-1.519244,-0.417900,-100.794803,9.317549,6.357894,6.543410,15.105372,-23.597742,-4.211300,-23.074831,-5.703215,-13.402290,15.807934,-1.857217,-1.149561,-0.325669,-0.918159,1.218682,0.319073,23.061270,-34.450336,60.387222,-1.013237,6.030041,0.827920,-7.062690,-14.673205,32.621250,62.954098,5.146767,1.762449,-17.380550
283.000000,-1811.208130,-678.492432,75.988419,-1.736697,-0.327157,-100.614236,9.636698,7.101523,6.430152,16.221188,-25.072508,-4.778059,-23.760538,-5.405502,-13.172079,18.094088,-0.036700,-1.326126,-0.537935,-0.124994,0.856960,0.269116,22.740091,-34.540222,59.996521,-0.277000,6.278142,0.676470,-6.856328,-15.217095,32.498699,62.959328,5.280299,1.766753,-17.927971
284.000000,-1811.823608,-679.367798,75.709984,-2.144368,-0.056483,-100.386894,9.839545,8.111494,6.199610,17.064360,-26.300102,-5.366654,-24.488140,-4.831713,-13.149340,20.542168,0.517119,-1.344936,-0.928593,0.977967,0.539586,0.012436,22.389423,-34.770973,59.748047,-0.016382,6.479379,0.478276,-6.779584,-15.781863,32.366840,62.960064,5.504161,1.757349,-18.519644
285.000000,-1812.378906,-680.140869,75.485840,-2.448013,0.253287,-100.098765,9.973615,8.690369,5.959615,17.372095,-26.908678,-5.666192,-25.007647,-4.509657,-13.161688,22.205500,0.248832,-1.370331,-1.197713,1.642345,0.440220,-0.333609,22.217138,-35.016224,59.530186,0.046024,6.601134,0.336739,-6.768187,-16.151983,32.245075,62.960884,5.700258,1.728386,-18.916428
286.000000,-1812.951050,-680.928284,75.261757,-2.643016,0.610905,-99.708062,10.144492,9.416062,5.390048,17.698034,-27.668812,-6.005471,-25.821169,-4.104019,-13.125600,24.771582,-0.428794,-1.435812,-1.643914,2.545524,0.429778,-1.055492,22.041508,-35.535641,58.982929,0.157195,6.763369,0.137809,-6.765164,-16.751303,32.046623,62.963295,6.140549,1.668490,-19.522289
287.000000,-1813.472168,-681.642517,75.071991,-2.671372,0.920562,-99.449738,10.232420,9.844114,4.923497,18.055687,-28.058653,-6.389069,-26.501471,-3.833731,-12.923278,26.889727,-0.941056,-1.563139,-1.917304,3.104646,0.565480,-1.833041,21.942036,-35.919582,58.337757,0.178806,6.819064,-0.022761,-6.764210,-17.237598,31.854160,62.992386,6.609041,1.654733,-20.033270
288.000000,-1813.973633,-682.363770,74.970314,-2.666433,1.185331,-99.561714,10.320915,10.202443,4.802384,18.663347,-27.947189,-6.813768,-27.083712,-3.594631,-12.830067,28.945602,-2.664895,-1.820537,-1.942459,3.592206,0.800542,-2.533901,21.789831,-36.128418,57.789284,0.259029,6.797630,-0.221102,-6.804322,-17.559219,31.518913,63.110889,6.823712,1.654485,-20.476742
289.000000,-1814.476562,-683.092285,74.973282,-2.545410,1.411048,-99.885573,10.221691,10.445010,5.013774,19.843325,-27.175327,-7.298822,-27.336817,-3.305295,-12.592712,30.337145,-4.193674,-2.084201,-1.960470,3.829920,0.948614,-3.060807,21.713900,-36.286018,57.554134,0.428744,6.732587,-0.584097,-6.824656,-17.591240,31.187635,63.362385,6.847262,1.657400,-20.879965
290.000000,-1814.987549,-683.870972,75.060722,-2.476886,1.663274,-100.124074,9.829335,10.689714,4.965580,21.438246,-26.050819,-7.701485,-27.212990,-2.989951,-12.487485,30.951591,-5.237776,-2.318567,-2.240792,4.038120,0.873960,-3.311290,21.709574,-36.582012,57.530701,0.485867,6.731064,-0.936726,-6.770021,-17.529783,31.049557,63.599564,6.846398,1.698768,-21.138243
291.000000,-1815.462524,-684.644287,75.187149,-2.495756,1.838962,-100.353704,9.435459,10.961338,4.747215,23.054712,-24.772917,-8.019297,-26.843306,-2.617435,-12.462299,31.177391,-6.042461,-2.522365,-2.632424,4.300879,0.703324,-3.360245,21.746830,-36.994862,57.520611,0.497196,6.781391,-1.245302,-6.599706,-17.477919,30.893097,63.702049,6.838208,1.744081,-21.333611
292.000000,-1815.973633,-685.505127,75.349426,-2.551471,1.925046,-100.627271,8.943830,11.299100,4.290603,25.216892,-22.890663,-8.320394,-26.101734,-2.067027,-12.449507,31.109741,-6.868052,-2.741390,-3.150096,4.665512,0.410178,-3.220798,21.849865,-37.640045,57.485928,0.490725,6.912395,-1.576807,-6.224938,-17.469799,30.701336,63.747585,6.828808,1.754414,-21.575281
293.000000,-1816.486572,-686.394531,75.537155,-2.724790,1.851232,-100.994569,8.361080,11.720387,3.779783,27.930901,-20.578424,-8.594465,-24.961922,-1.350741,-12.426323,30.661169,-7.551682,-2.953988,-3.580989,5.094591,0.208652,-2.987303,21.934587,-38.243137,57.415524,0.475355,7.114663,-1.871833,-5.758520,-17.544298,30.534468,63.892052,6.828780,1.754170,-21.880957
294.000000,-1816.988525,-687.268677,75.758781,-2.959318,1.717596,-101.349470,7.239080,12.342908,3.371978,31.706566,-17.457123,-9.155942,-23.465942,-0.456240,-12.438965,29.637959,-7.968118,-3.165558,-3.829357,5.629688,0.067775,-2.847872,21.933393,-38.810341,57.330872,0.475021,7.465394,-2.142156,-5.147199,-17.800936,30.517756,64.049339,6.829101,1.757009,-22.225956
295.000000,-1817.480835,-688.138550,76.006111,-3.114887,1.514730,-101.786802,5.983745,12.773135,3.053878,35.464783,-13.750805,-9.311066,-21.946213,0.316378,-12.304591,28.476429,-8.203827,-3.344634,-3.945980,6.009651,0.052481,-2.800307,21.907475,-39.334309,57.148766,0.521742,7.885257,-2.322045,-4.553587,-18.108656,30.518858,64.118790,6.825069,1.800029,-22.546314
296.000000,-1817.955444,-689.022095,76.252365,-3.274016,1.314209,-102.286609,4.298033,13.247730,2.754702,39.947548,-8.484262,-8.784611,-20.045607,1.268195,-12.048814,26.880533,-8.363079,-3.570330,-4.070196,6.516194,0.051208,-2.770756,21.815226,-39.951698,56.936543,0.572748,8.285701,-2.472833,-3.889089,-18.562866,30.545713,64.146111,6.813234,1.915244,-22.984283
297.000000,-1818.399780,-689.877625,76.455635,-3.401379,1.081695,-102.829253,3.031092,13.526174,2.613009,42.934608,-4.434008,-7.819636,-18.792313,1.882264,-11.811954,25.853708,-8.479999,-3.740555,-4.118552,6.857303,0.080850,-2.811869,21.702627,-40.293217,56.900978,0.657937,8.437740,-2.581623,-3.514688,-18.897434,30.567369,64.150169,6.726868,2.030653,-23.361530
298.000000,-1818.794800,-690.675842,76.591118,-3.491322,0.858758,-103.210973,1.032620,13.631118,2.379442,46.905834,-0.162336,-6.416760,-17.325182,2.538012,-11.518175,24.870314,-8.795709,-3.947490,-4.164805,7.255375,0.206784,-2.969929,21.529011,-40.514942,56.892551,1.056468,8.526087,-2.774699,-3.167103,-19.332752,30.577574,64.154503,6.394980,2.215641,-23.958902
299.000000,-1819.131470,-691.402100,76.672516,-3.590292,0.515253,-103.548648,-1.330069,13.414648,2.345125,51.063709,0.440355,-5.367106,-15.971309,3.045989,-11.268233,24.271938,-9.269313,-4.078429,-4.150403,7.588871,0.528553,-3.261512,21.335182,-40.560215,56.920643,1.980811,8.546803,-2.929218,-2.976326,-19.731983,30.562445,64.156570,5.861017,2.396522,-24.592966
300.000000,-1819.436646,-692.114807,76.729218,-3.709981,0.194871,-104.086452,-3.768445,13.181293,2.666415,55.298000,-1.038107,-4.586240,-14.816070,3.595612,-10.833235,23.799927,-9.684038,-4.144375,-3.808238,7.867710,0.774915,-3.469646,21.129877,-40.563328,57.149216,3.288883,8.525697,-2.957586,-2.848246,-20.016695,30.542580,64.212318,5.378330,2.525964,-25.176292
301.000000,-1819.734009,-692.841125,76.796959,-3.710149,-0.130371,-104.638616,-6.631791,12.735176,3.207373,59.543148,-2.994246,-3.856470,-13.484458,4.112702,-10.217387,23.323006,-10.200295,-4.204242,-3.258480,7.989637,0.956145,-3.539426,20.952938,-40.562939,57.642204,4.824828,8.516577,-2.971152,-2.738778,-20.175230,30.537460,64.415344,4.861892,2.619023,-25.776880
302.000000,-1820.020264,-693.558899,76.888618,-3.545576,-0.401372,-104.913490,-9.246378,12.017705,3.459215,62.246078,-5.052564,-3.301192,-12.323277,4.203320,-9.850063,22.998177,-10.758320,-4.234850,-2.924407,7.810176,1.002706,-3.516696,20.910162,-40.679310,58.262917,5.954102,8.569389,-3.049348,-2.639585,-20.124937,30.540346,64.721588,4.250292,2.665940,-26.348753
303.000000,-1820.290771,-694.271179,76.996384,-3.322470,-0.665763,-105.094624,-11.057302,11.579221,3.787923,63.513111,-6.648166,-2.955103,-11.424717,4.176196,-9.600441,22.718567,-11.157805,-4.238247,-2.712494,7.576690,1.027681,-3.460986,20.926495,-40.814312,58.761673,6.615754,8.719289,-3.175085,-2.610642,-20.001278,30.557234,64.986511,3.835492,2.698413,-26.758432
304.000000,-1820.542358,-695.015625,77.121338,-3.066361,-0.944626,-105.386934,-13.263226,11.203384,4.454564,64.234787,-8.724104,-2.570395,-10.168423,4.108012,-9.193493,22.211370,-11.609617,-4.213733,-2.330098,7.204841,1.060945,-3.319861,20.953930,-40.920448,59.319717,7.452182,9.034701,-3.409482,-2.598668,-19.818354,30.580088,65.320091,3.523075,2.716320,-27.230078
305.000000,-1820.751587,-695.752441,77.246803,-2.816430,-1.148441,-105.748854,-15.046933,10.900703,4.908377,63.989765,-10.423229,-2.301972,-9.059754,4.071296,-8.683744,21.629488,-11.912504,-4.142836,-1.795327,6.877930,1.053348,-3.072860,20.976492,-40.928150,59.615467,8.177455,9.333929,-3.673666,-2.600490,-19.678747,30.581528,65.544716,3.425565,2.740714,-27.590702
306.000000,-1820.920410,-696.492615,77.366135,-2.611044,-1.287252,-105.950951,-17.194279,10.589027,5.185129,62.811016,-12.339036,-2.112857,-7.716321,3.944461,-8.210759,20.814402,-12.234275,-3.966977,-1.294425,6.512379,1.043553,-2.708900,21.023197,-40.926361,59.784206,8.794822,9.686504,-4.122365,-2.627295,-19.536329,30.582603,65.755981,3.319664,2.744639,-27.971361
307.000000,-1821.041138,-697.212830,77.464386,-2.372884,-1.377793,-106.264589,-18.984493,10.424404,5.378738,60.880936,-13.754997,-2.082177,-6.647198,3.760349,-7.746787,20.210207,-12.557371,-3.773113,-0.759873,6.208097,1.058470,-2.475100,20.993664,-40.969040,59.954407,8.999296,9.940061,-4.627671,-2.649961,-19.477839,30.586153,65.798996,3.293008,2.747763,-28.300415
308.000000,-1821.121826,-697.955139,77.550301,-2.189298,-1.400863,-106.684696,-20.533035,10.391097,5.571628,57.929256,-14.638165,-2.068688,-5.702494,3.618937,-7.139231,19.616774,-12.842372,-3.575410,-0.129362,5.973366,1.060425,-2.268527,20.934286,-41.114693,60.141861,9.018951,10.150633,-5.222404,-2.791539,-19.450951,30.759840,65.796532,3.278948,2.762197,-28.701754
309.000000,-1821.158447,-698.703552,77.608749,-2.167732,-1.347152,-107.015279,-21.707132,10.442037,5.511740,55.282661,-14.932852,-2.068141,-4.979605,3.595018,-6.772318,19.026684,-12.987295,-3.399055,0.276656,5.938679,1.041608,-2.095475,20.876064,-41.179985,60.190308,9.017557,10.311025,-5.694035,-2.960818,-19.462383,30.954924,65.785744,3.220267,2.768790,-29.027370
310.000000,-1821.161133,-699.462097,77.647598,-2.152523,-1.371293,-107.297397,-22.922943,10.435046,5.253658,51.648994,-14.768969,-2.076847,-4.056738,3.545753,-6.381127,18.347456,-13.203361,-3.146928,0.681880,5.932444,1.118273,-1.883964,20.796902,-41.183575,60.193012,8.960736,10.479781,-6.199079,-3.221756,-19.447226,31.130163,65.738518,3.088011,2.773931,-29.439878
311.000000,-1821.142944,-700.284058,77.674667,-2.084844,-1.401615,-107.567630,-24.035536,10.293827,4.943169,46.640945,-14.060596,-2.120241,-2.935656,3.341702,-5.916706,17.695051,-13.607833,-2.780816,1.136921,5.827213,1.182193,-1.586010,20.665176,-41.171463,60.195309,8.835627,10.686134,-6.722999,-3.446687,-19.387676,31.387968,65.572731,2.988136,2.777044,-29.954817
312.000000,-1821.105347,-701.202759,77.687927,-2.066177,-1.345828,-107.742337,-24.726355,10.257741,4.872991,41.122833,-12.512587,-2.212216,-1.895390,3.111523,-5.611872,17.020098,-13.998489,-2.408800,1.482180,5.740358,1.049417,-1.218514,20.471308,-41.111458,60.207581,8.821966,10.864459,-7.214007,-3.526951,-19.254707,31.488182,65.395630,2.883763,2.783080,-30.454262
313.000000,-1821.041870,-702.126648,77.671478,-2.094001,-1.317594,-107.890176,-25.061119,10.322148,4.954075,36.790970,-11.034312,-2.307016,-1.077056,2.936612,-5.436236,16.520889,-14.322159,-2.109258,1.760619,5.699472,0.950152,-0.935219,20.285269,-41.004234,60.233360,8.822251,10.951878,-7.607581,-3.572953,-19.138407,31.496590,65.291763,2.737361,2.787739,-30.854336
314.000000,-1820.935425,-703.131287,77.614037,-2.149631,-1.354050,-108.104657,-25.306686,10.405666,4.952778,31.198820,-8.911769,-2.430130,-0.008027,2.692393,-5.164063,16.057369,-14.866297,-1.666480,2.277962,5.667854,0.895944,-0.589625,19.982866,-40.802292,60.283958,8.836466,11.023561,-8.133269,-3.709701,-19.005589,31.498745,65.273201,2.580681,2.799701,-31.394611
315.000000,-1820.794922,-704.160706,77.517181,-2.251375,-1.386602,-108.254712,-25.464102,10.427947,4.753466,26.661858,-7.065095,-2.494715,0.922045,2.449373,-4.955392,15.812295,-15.472066,-1.228437,2.770266,5.667259,0.895481,-0.275985,19.697926,-40.627720,60.312717,8.847318,11.041232,-8.605707,-3.900729,-18.936216,31.499315,65.272392,2.564587,2.819750,-31.874807
316.000000,-1820.620361,-705.270264,77.377357,-2.403981,-1.377147,-108.324376,-25.660784,10.380570,4.283344,21.701561,-5.182798,-2.536248,2.043158,2.123497,-4.824897,15.608569,-16.333448,-0.655603,3.258955,5.687880,0.858493,0.175046,19.363550,-40.393250,60.326015,8.844704,11.047957,-9.232810,-4.159381,-18.886101,31.499096,65.269180,2.560874,2.828909,-32.484703
317.000000,-1820.415649,-706.462341,77.189865,-2.617208,-1.327767,-108.452038,-25.613203,10.250991,3.403335,17.543711,-4.124952,-2.565497,2.993248,1.851130,-4.681298,15.558452,-17.226028,-0.111294,3.777114,5.742177,0.762939,0.592319,19.105433,-40.292274,60.333187,8.795325,11.048724,-9.892990,-4.344979,-18.885092,31.563345,65.256699,2.557981,2.853142,-33.165165
318.000000,-1820.183594,-707.701538,76.953491,-2.906184,-1.213011,-108.463329,-25.635166,10.096595,2.346777,14.455503,-3.298135,-2.577986,3.915985,1.606439,-4.646949,15.529641,-18.179958,0.494414,4.155524,5.840854,0.624722,1.014260,18.913555,-40.286011,60.334808,8.746861,11.050302,-10.593502,-4.516148,-18.898460,31.712795,65.215866,2.563708,2.909277,-33.902210
319.000000,-1819.908569,-709.025024,76.670509,-3.177920,-1.087521,-108.422925,-25.741388,9.839510,1.446487,12.905875,-2.648334,-2.568819,4.829122,1.266746,-4.681152,15.616576,-19.243660,1.195024,4.459786,5.895852,0.556040,1.368992,18.754726,-40.284916,60.335197,8.738478,11.074838,-11.299212,-4.645325,-18.916039,31.896322,65.133461,2.567740,3.026123,-34.668198
320.000000,-1819.587158,-710.437134,76.349953,-3.339864,-0.953587,-108.447694,-25.729136,9.456516,1.026005,12.912990,-2.465201,-2.529329,5.594092,0.775529,-4.663606,15.925594,-20.370731,1.933507,4.791080,5.868482,0.484740,1.694418,18.593431,-40.284138,60.336494,8.836594,11.128014,-11.923944,-4.674591,-18.919811,32.019066,65.071930,2.558778,3.182085,-35.332157
321.000000,-1819.269775,-711.853210,76.088936,-2.986687,-0.740746,-108.266449,-25.968670,8.349991,0.896229,14.189419,0.606523,-2.926412,6.436898,-0.475056,-4.812558,16.419638,-21.836090,2.941030,4.972221,5.231732,0.462972,2.020193,18.484356,-40.281731,60.346733,9.078537,11.240784,-12.567712,-4.701994,-18.721373,32.077751,65.059692,2.378523,3.458023,-35.985603
322.000000,-1818.984741,-713.233154,75.933777,-2.151082,-0.624453,-108.190482,-26.122580,7.019065,1.636039,16.102846,2.304708,-2.492364,7.372440,-2.218864,-4.886929,16.627834,-22.953352,3.905386,5.232280,3.994169,0.786440,2.087874,18.479786,-40.256798,60.459938,9.285279,11.387597,-13.127396,-4.789671,-18.254938,32.123756,65.217850,1.694400,3.730716,-36.559643
323.000000,-1818.715454,-714.563232,75.838402,-1.460726,-0.334536,-108.217395,-26.322922,6.125713,2.176170,17.550564,2.663026,-2.137670,7.966709,-3.445040,-5.137408,16.560389,-23.394564,4.617532,5.521682,3.141764,0.906860,2.090487,18.456564,-40.236683,60.600906,9.333005,11.513909,-13.577885,-4.848667,-17.863375,32.234997,65.494850,1.131003,3.873282,-36.990791
324.000000,-1818.432373,-715.841797,75.754662,-1.168563,-0.024740,-108.413564,-26.754488,5.284420,2.628244,19.699780,2.682712,-1.650493,8.634887,-4.835921,-6.578185,16.371082,-23.547422,5.770976,6.027174,2.430899,1.038200,2.072533,18.414806,-40.146332,60.673374,9.339128,11.710735,-14.187066,-4.992624,-17.395498,32.427673,66.032593,0.497064,3.974635,-37.543076
325.000000,-1818.147095,-717.057922,75.670593,-1.194813,0.104638,-108.634378,-27.174109,4.829557,2.685619,21.890253,2.417397,-1.217339,9.266651,-5.637655,-7.941884,16.257545,-23.258720,6.537772,6.475634,2.240811,1.257888,1.905492,18.411909,-39.805241,60.710564,9.288782,11.897461,-14.514742,-5.173925,-17.052176,32.642841,66.657127,0.044225,4.018696,-37.994011
326.000000,-1817.863525,-718.327209,75.583305,-1.296702,0.144241,-108.880564,-27.460680,4.339633,2.645423,24.483055,2.125681,-0.688076,10.144547,-6.452816,-9.326941,16.271193,-22.680761,7.359608,6.900486,2.207100,1.442490,1.675295,18.447559,-39.691772,60.879898,9.160856,12.099444,-14.965283,-5.318542,-16.668184,33.041866,67.550156,-0.352797,4.094527,-38.479362
327.000000,-1817.626221,-719.623779,75.542328,-1.057434,0.274696,-108.787916,-27.565708,3.653421,2.818778,26.609831,0.890846,-0.155258,10.913271,-7.422878,-10.560091,16.517290,-22.128109,7.972291,6.976401,1.939296,1.318982,1.583166,18.472523,-39.768425,61.257271,9.104079,12.313663,-15.564913,-5.182343,-16.305550,33.513027,68.332031,-0.720128,4.292166,-38.801670
328.000000,-1817.421387,-720.914307,75.561737,-0.658096,0.497852,-108.347484,-27.487543,2.559340,3.102247,28.095913,-1.041673,0.423051,11.606106,-8.611625,-11.598627,16.847469,-21.335793,8.669353,6.755447,1.324417,0.970044,1.406842,18.480057,-40.044384,61.809963,9.119955,12.723046,-16.202246,-4.690607,-15.936840,33.965458,68.824905,-1.189224,4.597674,-39.135269
329.000000,-1817.218018,-722.124084,75.611618,-0.335174,0.700857,-107.950055,-27.206755,1.503354,3.326720,29.079058,-2.667389,1.013144,12.104208,-9.626349,-12.065593,17.435450,-20.275238,9.199311,6.658654,0.842259,0.572542,1.158001,18.446476,-40.348484,62.296001,9.279731,13.239652,-16.826340,-4.018135,-15.671745,34.323788,69.211807,-1.620138,4.860565,-39.484200
330.000000,-1817.004150,-723.266724,75.688187,0.002459,0.753219,-107.829331,-26.599052,0.690981,3.715273,29.564676,-3.890876,1.533637,12.193939,-10.599895,-12.092334,18.737965,-19.334997,9.300830,6.918237,0.485849,0.424803,0.844613,18.339535,-40.444302,62.726116,9.675317,13.639214,-17.305386,-3.414589,-15.510742,34.412010,69.422752,-2.115552,5.135921,-39.783398
331.000000,-1816.786133,-724.419678,75.787178,0.307576,0.735750,-107.756667,-25.627293,-0.213298,4.186887,29.840124,-5.181246,2.125710,12.108397,-11.735215,-11.929651,20.721672,-18.019312,9.161722,7.322911,0.149878,0.331579,0.527884,18.186056,-40.456551,63.176140,10.253473,13.988875,-17.788746,-2.752649,-15.355574,34.428139,69.568352,-2.693258,5.480391,-40.091835
332.000000,-1816.588257,-725.530029,75.900536,0.641854,0.593144,-107.578902,-24.446352,-1.126680,4.510039,29.694273,-6.096222,2.710543,11.851973,-12.816165,-11.771860,23.129725,-16.548983,8.919240,7.490563,-0.175696,0.391372,0.319785,18.196226,-40.630558,63.421021,10.483806,14.251566,-18.183891,-2.422288,-15.138751,34.451435,69.751625,-2.936476,5.773363,-40.338860
333.000000,-1816.404541,-726.605530,76.015160,0.945083,0.428344,-107.440494,-23.505541,-1.786230,4.742809,29.484962,-6.715021,3.157126,11.492902,-13.586959,-11.439494,25.166924,-15.167257,8.783108,7.581201,-0.415721,0.414987,0.197812,18.236763,-40.801910,63.601727,10.502844,14.456668,-18.484941,-2.331719,-14.945766,34.511044,70.011475,-2.957017,5.958225,-40.495064
334.000000,-1816.230591,-727.671692,76.130981,1.258194,0.245669,-107.394169,-22.148022,-2.594840,5.133018,29.080233,-7.498541,3.721944,10.784414,-14.637900,-10.818856,28.150322,-12.897005,8.690486,7.774605,-0.771589,0.417922,0.083818,18.298483,-40.945847,63.833633,10.513889,14.727096,-18.889704,-2.338390,-14.691482,34.650673,70.476974,-3.080334,6.178159,-40.610737
335.000000,-1816.054321,-728.752380,76.257149,1.564135,-0.040219,-107.264142,-20.732927,-3.387292,5.391805,28.478638,-8.078639,4.224618,9.884366,-15.617907,-10.227972,31.364080,-10.239250,8.415124,7.843416,-1.117928,0.476097,0.000003,18.389799,-41.159031,64.003906,10.525979,14.998055,-19.250946,-2.387306,-14.516279,34.717243,70.883423,-3.473090,6.367760,-40.648724
336.000000,-1815.887207,-729.835205,76.383881,1.795743,-0.339790,-107.031065,-18.942312,-4.342272,5.509149,27.651812,-8.726583,4.791167,8.718259,-16.559566,-9.252150,35.181122,-6.207438,7.783962,7.836112,-1.477617,0.492633,-0.032367,18.518875,-41.465279,64.137253,10.550513,15.297200,-19.652111,-2.396797,-14.397744,34.777023,71.357124,-4.025562,6.589089,-40.677414
337.000000,-1815.731445,-730.872803,76.512321,1.970117,-0.554887,-106.893760,-17.326591,-5.106748,5.582962,26.717577,-9.220533,5.249295,7.150901,-17.219732,-8.001225,38.827465,-1.560185,6.815571,7.916909,-1.811054,0.460375,-0.053890,18.679564,-41.764236,64.172615,10.540410,15.531732,-20.045195,-2.423391,-14.347405,34.822613,71.621758,-4.432404,6.848780,-40.684299
338.000000,-1815.603027,-731.844604,76.635208,2.063346,-0.833272,-106.618105,-16.126110,-5.638977,5.469642,25.999348,-9.533439,5.548901,5.746570,-17.455645,-7.072416,41.752007,1.939103,5.950607,7.851890,-2.034361,0.559186,-0.108070,18.823788,-41.948933,64.171959,10.520189,15.661321,-20.377083,-2.536396,-14.316010,34.840416,71.730606,-4.562755,6.976594,-40.661488
339.000000,-1815.509766,-732.740295,76.744736,2.111434,-1.144533,-106.273097,-14.571648,-6.309510,5.135143,25.055096,-9.864167,5.881893,3.335343,-17.336174,-6.409632,46.067051,4.187047,5.062842,7.628040,-2.359269,0.892073,-0.314572,18.999058,-41.997787,64.160828,10.519242,15.730522,-20.811190,-2.855955,-14.254622,34.845467,71.885246,-4.675880,7.064313,-40.520866
340.000000,-1815.435547,-733.536316,76.832840,2.005564,-1.498824,-105.800227,-13.291090,-6.762230,4.645267,24.476398,-10.226820,6.126742,0.759886,-16.943573,-6.470592,50.552586,3.361566,4.421618,7.302281,-2.477843,1.334843,-0.616423,19.019588,-42.003036,64.133110,10.533377,15.744822,-21.068497,-3.201969,-14.290233,34.874352,71.946609,-4.936698,7.150913,-40.217644
341.000000,-1815.391357,-734.335022,76.909035,1.781549,-1.858280,-105.127682,-11.902134,-7.186074,3.802678,24.129112,-10.803119,6.387907,-2.313379,-16.337914,-7.172539,55.795303,0.930456,3.709014,6.751580,-2.448690,1.798643,-0.948188,18.987947,-42.064796,64.106567,10.753957,15.807043,-21.203022,-3.469667,-14.416641,34.971916,71.957253,-5.305456,7.220021,-39.647846
342.000000,-1815.378784,-735.202576,76.991234,1.596016,-2.096764,-104.465144,-10.707801,-7.544311,3.038519,23.719341,-11.296646,6.650304,-5.009202,-15.981021,-8.190391,59.392017,-2.178638,3.032168,6.213861,-2.440212,1.877517,-1.077607,18.990664,-42.206219,64.046722,10.938027,15.798203,-21.313696,-3.534503,-14.496640,35.008617,72.050255,-5.674636,7.247813,-38.888580
343.000000,-1815.390381,-736.076843,77.070000,1.475120,-2.210444,-104.013047,-9.520953,-7.834753,2.500844,23.150496,-11.742620,6.845513,-7.667857,-15.937685,-9.314662,61.734810,-5.231384,2.513514,5.705086,-2.471322,1.725427,-1.043019,19.101860,-42.592163,64.045959,11.177944,15.790391,-21.449282,-3.578438,-14.541793,34.963669,72.201942,-6.207187,7.274875,-38.030262
344.000000,-1815.419556,-736.960144,77.154640,1.339591,-2.344871,-103.759300,-8.578166,-7.965606,2.208230,22.658852,-12.053907,6.940531,-9.570044,-15.902348,-10.057165,62.685841,-7.310530,2.231304,5.422747,-2.465812,1.634030,-1.058536,19.167257,-42.684383,64.047615,11.279986,15.783798,-21.606304,-3.587729,-14.608563,34.870052,72.242981,-6.704477,7.316712,-37.374916
345.000000,-1815.465332,-737.834167,77.238205,1.102191,-2.510522,-103.496609,-7.444845,-7.997209,1.878728,22.141048,-12.462929,7.030623,-11.627793,-15.723868,-10.860795,62.905819,-9.455724,1.986461,5.197686,-2.353863,1.574366,-1.188693,19.196859,-42.692619,64.038223,11.313663,15.751369,-21.764585,-3.568736,-14.747467,34.696102,72.245895,-7.261184,7.361628,-36.648796
346.000000,-1815.534790,-738.705383,77.319313,0.782796,-2.597490,-103.193408,-6.180260,-7.924445,1.340543,21.678160,-13.040034,7.118877,-13.964763,-15.315017,-11.884778,62.282948,-11.678743,1.759566,4.935244,-2.093294,1.447237,-1.478235,19.205442,-42.679840,63.947819,11.389745,15.706227,-21.919733,-3.463780,-14.975875,34.409916,72.243729,-7.761187,7.428366,-35.847446
347.000000,-1815.632202,-739.571472,77.396996,0.515232,-2.688059,-102.878055,-5.035772,-7.830321,0.852395,21.164623,-13.503492,7.179281,-15.940389,-14.878866,-12.772430,60.747646,-13.213216,1.621499,4.735329,-1.856480,1.347909,-1.835962,19.214443,-42.677399,63.738415,11.523353,15.671968,-22.020731,-3.386332,-15.188621,34.163086,72.244591,-8.180460,7.591187,-35.183605
348.000000,-1815.757812,-740.419189,77.470085,0.235654,-2.670377,-102.474889,-3.960787,-7.742214,0.242016,20.612310,-13.906673,7.225140,-17.714506,-14.407823,-13.812065,58.150745,-14.121439,1.549322,4.329628,-1.628642,1.188078,-2.147240,19.285748,-42.975491,63.545002,11.778915,15.700823,-22.164339,-3.341613,-15.329713,33.745838,72.221634,-8.483899,7.812657,-34.617275
349.000000,-1815.910522,-741.265259,77.520943,0.016393,-2.622113,-102.106040,-2.958473,-7.654966,-0.309806,20.086813,-14.328561,7.259866,-19.394754,-13.940647,-14.869329,54.824532,-14.543685,1.397941,3.799491,-1.425937,1.064783,-2.322836,19.485006,-43.609840,63.527920,12.193527,15.876843,-22.421335,-3.393969,-15.424511,33.240276,72.132652,-8.725194,8.064767,-34.192657
350.000000,-1816.085815,-742.088684,77.554375,-0.096900,-2.564170,-101.908473,-2.226197,-7.614357,-0.588178,19.620657,-14.581473,7.271959,-20.515415,-13.533454,-15.311388,52.176052,-14.484746,1.311970,3.562629,-1.331110,1.052653,-2.487355,19.613821,-43.729626,63.486679,12.236320,15.931547,-22.528498,-3.414341,-15.490887,32.927856,72.061241,-8.897732,8.215768,-33.980167
351.000000,-1816.286621,-742.918823,77.567657,-0.160736,-2.472600,-101.738178,-1.069259,-7.572780,-0.933842,18.788712,-14.949437,7.277595,-22.213524,-12.830544,-15.782208,47.506889,-14.009428,1.180874,3.439621,-1.234579,1.066063,-2.824383,19.823170,-43.675053,63.197571,12.236915,15.952159,-22.601252,-3.348342,-15.596528,32.475967,71.943588,-9.118670,8.421305,-33.734634
352.000000,-1816.517090,-743.775879,77.557976,-0.203519,-2.402111,-101.493535,0.003875,-7.545243,-1.301365,18.090904,-15.354840,7.282277,-23.563614,-12.239841,-16.307837,42.829071,-13.004632,1.046022,3.385955,-1.139588,1.137806,-3.205333,19.991095,-43.504333,62.765480,12.196500,15.953274,-22.613676,-3.219079,-15.677983,32.014984,71.836380,-9.291538,8.583684,-33.582336
353.000000,-1816.767700,-744.644897,77.529793,-0.256527,-2.326803,-101.149563,1.040731,-7.504209,-1.752238,17.503679,-15.819190,7.237432,-24.549894,-11.646855,-16.769176,37.565559,-11.514267,0.978402,3.152650,-1.015388,1.195847,-3.579018,20.117329,-43.490925,62.316273,12.152974,15.955832,-22.661606,-3.176970,-15.691797,31.377382,71.803040,-9.482766,8.725665,-33.376556
354.000000,-1817.050537,-745.543823,77.468781,-0.258133,-2.280104,-100.782502,2.095105,-7.495733,-2.230854,17.013870,-16.372559,7.178338,-25.384277,-11.120522,-17.017872,32.474735,-10.022164,0.968049,2.852798,-0.927706,1.254719,-3.963890,20.204304,-43.554508,61.855076,12.275597,16.015987,-22.770325,-3.174820,-15.697505,30.695637,71.778687,-9.636932,8.818176,-33.171211
355.000000,-1817.375244,-746.498901,77.372765,-0.173034,-2.313736,-100.495859,3.209486,-7.529293,-2.597150,16.489735,-16.899296,7.138774,-26.004524,-10.848075,-17.309889,28.558718,-8.829531,0.966219,2.720071,-0.938297,1.323494,-4.305887,20.247009,-43.603596,61.566788,12.492032,16.117477,-22.838570,-3.107841,-15.721194,30.312222,71.745369,-9.664210,8.866940,-33.077698
356.000000,-1817.752441,-747.538818,77.238792,-0.055198,-2.435861,-100.240393,4.436444,-7.554532,-2.919018,15.947018,-17.461349,7.107584,-26.484724,-10.618994,-17.530317,25.127129,-7.695186,0.969524,2.688096,-0.974899,1.406075,-4.603009,20.267141,-43.668472,61.396702,12.759183,16.254852,-22.859581,-2.998088,-15.748672,30.145670,71.727036,-9.660658,8.903934,-33.043468
357.000000,-1818.163818,-748.628052,77.074844,0.065182,-2.580321,-99.952544,5.962027,-7.571462,-3.358185,15.341640,-18.193790,7.075366,-26.872831,-10.384114,-17.520016,21.535604,-6.413628,0.978983,2.631957,-1.044841,1.452961,-4.841321,20.260183,-43.659100,61.229370,12.807353,16.288071,-22.859219,-2.814581,-15.762465,30.091309,71.726486,-9.647989,8.926008,-33.035839
358.000000,-1818.605957,-749.755981,76.875610,0.198586,-2.712666,-99.599797,7.513821,-7.558674,-3.811504,14.775949,-19.004791,7.010966,-27.155024,-10.294329,-17.476818,18.446054,-5.261781,0.982694,2.494971,-1.133701,1.405670,-4.892009,20.236961,-43.634842,61.052017,12.866072,16.337303,-22.845730,-2.635648,-15.754497,30.020769,71.727173,-9.582345,8.929316,-33.030827
359.000000,-1819.088379,-750.918518,76.639000,0.322693,-2.819242,-99.105422,8.986742,-7.518045,-4.411003,14.454812,-19.967760,6.893125,-27.304907,-10.419623,-17.432089,16.061296,-4.212527,0.978675,2.155780,-1.272947,1.350518,-4.844279,20.279579,-43.613213,60.979706,12.976466,16.526852,-22.818405,-2.540586,-15.725385,29.962109,71.730614,-9.364256,8.926790,-33.027199
360.000000,-1819.618774,-752.135742,76.368622,0.418422,-2.876646,-98.518431,10.216010,-7.406414,-5.052290,14.342095,-20.953325,6.765728,-27.353607,-10.543590,-17.213449,14.306334,-3.439752,0.970546,1.758641,-1.403447,1.283895,-4.722144,20.330391,-43.475857,60.818146,12.978751,16.623116,-22.784719,-2.484403,-15.703113,29.860466,71.728401,-9.069766,8.889684,-33.026184
361.000000,-1820.212891,-753.433411,76.061943,0.492544,-2.831820,-97.886344,11.594993,-7.177016,-5.859398,14.272522,-22.212376,6.575658,-27.408350,-10.687867,-16.887547,12.622835,-2.704845,0.935198,1.292588,-1.583539,1.152402,-4.521940,20.400124,-43.244133,60.554310,12.973311,16.705011,-22.725792,-2.402919,-15.682200,29.715618,71.725464,-8.775862,8.823046,-33.026051
362.000000,-1820.821899,-754.715332,75.749458,0.483333,-2.747280,-97.265830,12.507614,-6.903692,-6.408156,14.255245,-23.112526,6.400694,-27.412838,-10.704705,-16.535908,11.796938,-2.312824,0.783323,0.935563,-1.669498,1.093234,-4.350309,20.460808,-43.072914,60.334507,12.969028,16.758869,-22.692791,-2.375016,-15.652276,29.530283,71.727013,-8.721453,8.757515,-33.030792
363.000000,-1821.477295,-756.072021,75.401978,0.367586,-2.564604,-96.620332,13.598392,-6.364132,-7.127734,14.391245,-24.432259,6.107172,-27.438244,-10.651443,-16.099655,11.221186,-1.874494,0.464729,0.390866,-1.650119,0.991334,-4.087272,20.487619,-42.853851,60.152641,12.944690,16.833029,-22.675087,-2.327666,-15.621506,29.147120,71.729515,-8.711211,8.630491,-33.076817
364.000000,-1822.159058,-757.454773,75.020607,0.129482,-2.341646,-96.066004,14.551347,-5.620967,-7.735712,14.791939,-25.942646,5.722933,-27.480314,-10.447440,-15.843672,11.248355,-1.441509,0.057581,-0.061339,-1.459510,0.948504,-3.868399,20.490185,-42.704811,60.012859,12.912407,16.936907,-22.668024,-2.280186,-15.639387,28.715279,71.727730,-8.695889,8.500235,-33.175663
365.000000,-1822.872925,-758.869690,74.605392,-0.182143,-2.024673,-95.718846,15.297133,-4.767070,-7.964216,15.321999,-27.392323,5.237095,-27.676380,-10.078036,-15.828078,12.093089,-1.081664,-0.457221,-0.281294,-1.148995,0.883772,-3.641767,20.495665,-42.623299,59.813240,12.914370,17.064623,-22.659624,-2.216123,-15.691670,28.531261,71.725258,-8.611623,8.407156,-33.294022
366.000000,-1823.637451,-760.347900,74.156830,-0.506990,-1.584437,-95.490512,16.081318,-3.622030,-7.763192,16.026096,-29.097980,4.534503,-28.096716,-9.547647,-15.938702,13.789980,-0.279683,-1.497749,-0.386870,-0.752158,0.727728,-3.345972,20.483404,-42.456879,59.560120,12.924165,17.199940,-22.624098,-2.068841,-15.732038,28.495914,71.724098,-8.478656,8.303217,-33.413334
367.000000,-1824.366699,-761.803040,73.822845,-1.155629,-1.269440,-95.625604,16.805201,-2.201042,-7.084934,16.842785,-30.206629,3.708865,-28.882614,-8.734545,-16.090349,16.450602,3.379227,-2.440491,-0.250307,0.113920,0.920259,-3.112617,20.209194,-42.227154,59.506996,12.919174,17.229416,-22.315268,-2.128396,-15.821400,28.487001,71.725098,-8.292238,8.161009,-33.451420
368.000000,-1825.111328,-763.309509,73.661591,-1.793229,-0.947558,-95.890970,17.474289,-0.810288,-6.387132,17.743299,-30.237663,2.744052,-29.431747,-7.860694,-16.306986,19.111691,5.324737,-2.885388,-0.197210,0.989519,1.096238,-2.723719,19.861776,-42.138435,59.630493,12.851353,17.201237,-21.907745,-2.175625,-15.773071,28.462862,71.809502,-8.175096,7.958475,-33.457512
369.000000,-1825.861938,-764.860229,73.642174,-2.329528,-0.561344,-96.212921,18.016438,0.158497,-5.813000,18.197618,-29.521137,2.005548,-29.631985,-7.151590,-16.406862,20.824158,5.786378,-3.205992,-0.204984,1.559126,1.038448,-2.296465,19.552284,-42.056446,59.915241,12.788180,17.153976,-21.614351,-2.085148,-15.653892,28.374144,71.890572,-8.177583,7.845426,-33.457596
370.000000,-1826.635132,-766.458557,73.683060,-2.756162,-0.149925,-96.420222,18.750242,1.273601,-5.139822,18.425745,-28.052582,1.138614,-29.681498,-6.330624,-16.534445,22.639872,5.855292,-3.603766,-0.318361,2.140639,0.728549,-1.704509,19.150574,-41.784428,60.435867,12.643991,17.095654,-21.158556,-1.753094,-15.477949,28.143663,71.905479,-8.201218,7.775470,-33.457954
371.000000,-1827.421631,-768.078918,73.724289,-3.129873,0.190691,-96.500798,19.780117,2.576470,-4.149945,18.381672,-25.957064,-0.220784,-29.561954,-5.551706,-16.748280,24.793598,5.682174,-4.010318,-0.563046,2.670713,0.276207,-1.125412,18.807028,-41.375320,61.018726,12.476154,16.975861,-20.571968,-1.184487,-15.290208,27.849073,71.911003,-8.221791,7.753205,-33.459274
372.000000,-1828.118286,-769.621948,73.818153,-3.893307,0.323180,-96.617316,20.793758,4.192184,-2.788008,18.482250,-23.946079,-1.328624,-29.194374,-4.553676,-17.276470,27.021168,3.019027,-4.253909,-0.850876,3.754488,0.249842,-0.800589,18.391018,-41.227943,61.562706,12.442475,16.741646,-20.110413,-0.860540,-15.350346,27.427189,71.858353,-8.236712,7.749774,-33.498512
373.000000,-1828.778687,-771.079346,73.963028,-4.371267,0.370709,-96.678121,21.557259,5.466326,-1.563380,18.941526,-21.399172,-2.227041,-28.550028,-3.763602,-17.724295,28.752619,0.401140,-4.500127,-1.318570,4.665027,0.463478,-0.582616,18.000410,-41.216259,62.142349,12.427001,16.502291,-19.892843,-0.715625,-15.396253,27.018967,71.757408,-8.294203,7.755022,-33.635021
374.000000,-1829.414185,-772.468628,74.164932,-4.484088,0.327601,-96.624481,22.028597,6.264052,-0.420232,19.768402,-18.148186,-3.075969,-27.676975,-3.388324,-17.984583,30.106100,-1.838525,-4.767558,-1.867648,5.149301,0.813172,-0.511115,17.627802,-41.213345,62.805622,12.458324,16.387047,-19.767908,-0.540607,-15.397192,26.786596,71.530518,-8.407068,7.778626,-33.804359
375.000000,-1830.008911,-773.808716,74.410324,-4.416909,0.298383,-96.600959,22.154722,6.626683,0.295750,20.478556,-15.597045,-3.576052,-26.996832,-3.227474,-18.062592,30.719315,-3.087411,-4.938348,-2.154060,5.364342,0.949803,-0.461806,17.392000,-41.187759,63.191246,12.483113,16.355331,-19.662224,-0.290628,-15.401157,26.681030,71.315178,-8.459572,7.786807,-33.900356
376.000000,-1830.582397,-775.163818,74.693024,-4.345822,0.232224,-96.652654,22.184965,7.086374,1.161999,21.784603,-10.956231,-4.243586,-25.677540,-2.882740,-18.111794,31.189070,-4.795119,-5.140318,-2.449667,5.755551,1.001038,-0.325714,17.121508,-41.052124,63.583401,12.536701,16.275089,-19.367216,0.271289,-15.403538,26.454464,70.992493,-8.487051,7.803249,-33.985577
377.000000,-1831.134277,-776.526001,74.990112,-4.295328,0.225645,-96.866657,21.870081,7.368004,1.458702,23.343016,-6.067828,-4.702898,-24.295143,-2.410565,-18.073654,31.071926,-6.074787,-5.221329,-2.747702,6.209669,0.805594,0.047913,17.007471,-41.043591,63.687420,12.639872,16.166946,-19.318226,0.837863,-15.381549,26.104837,70.668930,-8.563591,7.885930,-33.995190
378.000000,-1831.651855,-777.839844,75.285774,-4.439313,0.138920,-97.211208,21.115299,7.689950,1.471945,25.587206,-0.501423,-5.208925,-22.666260,-1.635102,-18.025238,30.369862,-7.038072,-5.285948,-3.066663,6.839836,0.604239,0.521764,16.932898,-41.112473,63.734219,12.635334,16.109768,-19.309711,1.310458,-15.390871,25.851295,70.243774,-8.720985,8.049854,-34.029552
379.000000,-1832.109497,-779.002258,75.548553,-4.802461,-0.031639,-97.393604,19.721691,8.322804,1.394069,28.561687,5.714925,-5.853283,-20.658178,-0.616293,-18.298990,29.037367,-7.638481,-5.445225,-3.400414,7.726803,0.606024,0.708284,16.827942,-41.294792,63.767681,12.566272,16.130119,-19.304678,1.729406,-15.464903,25.814682,69.871529,-8.855350,8.145326,-34.151321
380.000000,-1832.552856,-780.074951,75.759743,-5.011463,-0.242976,-97.749684,17.904642,8.583433,1.398714,32.442806,8.115220,-6.060886,-19.049322,0.219504,-18.277441,28.013689,-8.125706,-5.624712,-3.371935,8.273532,0.712518,0.595590,16.800167,-41.414982,63.744362,12.529124,16.136070,-19.249372,2.026366,-15.480821,25.815004,69.674156,-9.005072,8.164051,-34.222054
381.000000,-1832.967529,-781.032104,75.928268,-5.057920,-0.481878,-98.137472,15.534522,8.597556,1.591067,37.093765,7.729899,-5.859921,-17.775192,0.823536,-18.105284,27.233555,-8.579005,-5.722706,-3.222202,8.552395,0.829699,0.317040,16.796268,-41.506149,63.690041,12.521614,16.135336,-19.080399,2.216058,-15.459718,25.815372,69.575066,-9.151389,8.171319,-34.238628
382.000000,-1833.340210,-781.887634,76.054176,-5.036522,-0.741385,-98.618272,12.344060,8.426555,2.037503,43.664513,5.980908,-5.108520,-16.404333,1.464858,-17.624014,26.539406,-9.136350,-5.740058,-2.803131,8.648710,1.026022,-0.088368,16.816126,-41.666969,63.536678,12.525198,16.108614,-18.723373,2.350868,-15.379740,25.813416,69.550552,-9.396133,8.174751,-34.238705
383.000000,-1833.668091,-782.670410,76.159195,-5.058559,-0.916729,-98.964727,8.998536,8.402693,2.532094,50.057491,3.748587,-4.115846,-15.138826,2.038097,-17.200594,25.884977,-9.710293,-5.657103,-2.530922,8.650321,0.965195,-0.314738,16.861954,-41.921474,63.325981,12.537952,15.973020,-18.319860,2.522087,-15.279390,25.811211,69.552437,-9.717010,8.172178,-34.210880
384.000000,-1833.977173,-783.457947,76.273468,-5.140137,-1.058667,-99.174048,5.623811,8.648903,2.978636,55.745762,1.169850,-3.153107,-13.812033,2.586883,-16.951941,24.961683,-10.160528,-5.437329,-2.424462,8.663174,0.745972,-0.517537,16.848703,-42.222378,63.221184,12.657421,15.722774,-17.906336,2.704811,-15.286737,25.812353,69.554909,-10.114406,8.166426,-34.056473
385.000000,-1834.244873,-784.199768,76.393852,-5.236075,-1.266460,-99.429682,2.866121,9.009405,3.469163,59.818268,-0.916546,-2.481328,-12.550825,3.088548,-16.687084,24.001463,-10.404058,-5.316092,-2.263192,8.649776,0.618413,-0.687367,16.814337,-42.328541,63.122612,12.771726,15.419706,-17.509777,2.785816,-15.384108,25.809504,69.552589,-10.311234,8.135343,-33.935760
386.000000,-1834.467285,-784.898438,76.522461,-5.268874,-1.477818,-99.591343,0.254419,9.278843,3.771214,63.085072,-2.822283,-1.984680,-11.354034,3.465505,-16.460646,23.071814,-10.571545,-5.208775,-2.123106,8.586493,0.532593,-0.875248,16.785706,-42.349186,63.023830,12.810008,15.057363,-17.116667,2.804994,-15.531822,25.798038,69.510994,-10.368865,8.110038,-33.894367
387.000000,-1834.642822,-785.535095,76.642563,-5.257397,-1.718983,-99.720183,-2.580324,9.407571,3.814749,65.764503,-4.871793,-1.546748,-9.946563,3.770062,-16.235596,22.011688,-10.710785,-5.067581,-2.026172,8.501534,0.524936,-1.263223,16.938272,-42.412411,63.057110,12.909844,14.840216,-16.782721,2.773367,-15.778257,25.744083,69.315186,-10.391878,8.099751,-33.917221
388.000000,-1834.802490,-786.164856,76.764626,-5.167558,-2.025142,-99.914000,-5.101568,9.612237,4.104975,67.214439,-7.097415,-1.217885,-8.546338,3.972795,-15.890244,21.038610,-10.856822,-4.917112,-1.837345,8.286793,0.573936,-1.697444,17.215994,-42.603291,63.143040,12.915838,14.560405,-16.479082,2.664342,-15.988201,25.730074,69.128738,-10.411491,8.086593,-34.005856
389.000000,-1834.932739,-786.797546,76.886589,-5.091279,-2.415693,-100.141809,-6.787492,9.806764,4.358616,67.577232,-8.797155,-1.046744,-7.393073,4.117822,-15.586445,20.236530,-10.929771,-4.780331,-1.619086,8.103244,0.657906,-2.012387,17.417032,-42.711655,63.143196,12.918602,14.332384,-16.309950,2.574823,-16.140902,25.782965,69.056137,-10.409575,8.078908,-34.110821
390.000000,-1835.020996,-787.433105,76.992928,-4.989039,-2.770629,-100.531553,-8.747168,9.948531,4.547550,67.449951,-10.686301,-0.925197,-6.075274,4.299059,-15.083919,19.306170,-11.001416,-4.598044,-1.160795,7.903950,0.670155,-2.293358,17.600935,-42.735317,63.048420,12.922195,14.063454,-16.153225,2.519277,-16.347986,25.896242,68.970955,-10.387450,8.082200,-34.268440
391.000000,-1835.067993,-788.050415,77.084976,-4.834117,-3.140713,-101.014050,-10.988810,9.987768,4.783673,66.702660,-12.866533,-0.865767,-4.621159,4.401192,-14.317937,18.433271,-11.170371,-4.356062,-0.470045,7.617211,0.708016,-2.505719,17.770342,-42.736206,62.801846,12.909536,13.755228,-16.012712,2.488579,-16.658295,26.067352,68.644142,-10.286221,8.088642,-34.450523
392.000000,-1835.088013,-788.657104,77.167206,-4.657550,-3.470764,-101.452751,-12.530548,9.931507,4.882680,65.600357,-14.413604,-0.810495,-3.658984,4.386940,-13.779629,17.917820,-11.336236,-4.160126,-0.031872,7.388487,0.726505,-2.654288,17.962851,-42.734631,62.654312,12.919274,13.663823,-15.976819,2.443900,-16.912214,26.343443,68.317291,-10.214616,8.109768,-34.574421
393.000000,-1835.073608,-789.291809,77.237396,-4.474240,-3.757624,-101.886733,-14.603825,9.877189,4.923324,63.772945,-16.063538,-0.741767,-2.543119,4.281393,-13.124733,17.404394,-11.608459,-3.878621,0.484789,7.069173,0.765818,-2.880445,18.146229,-42.731731,62.558025,12.932228,13.465508,-15.975666,2.284625,-17.253258,26.764297,67.794952,-10.204148,8.126906,-34.747154
394.000000,-1835.021729,-789.909790,77.285789,-4.348548,-3.993060,-102.344951,-16.700470,9.939073,4.917572,61.561405,-17.156967,-0.720320,-1.554096,4.165949,-12.485862,16.995298,-11.902434,-3.584394,0.974098,6.820123,0.822980,-3.155844,18.314983,-42.707798,62.537258,13.003649,13.334527,-16.018188,1.968167,-17.600725,27.164137,67.240898,-10.210017,8.119300,-34.996342
395.000000,-1834.923950,-790.573181,77.327827,-4.248470,-4.200013,-102.984442,-18.369810,10.095477,4.939845,58.750397,-17.541471,-0.717178,-0.727734,4.091299,-11.772779,16.620729,-12.138924,-3.279438,1.552791,6.671076,0.857283,-3.329800,18.382219,-42.569366,62.536346,13.095158,13.143941,-16.049461,1.539777,-17.908195,27.560440,66.855499,-10.219234,8.038354,-35.287018
396.000000,-1834.778564,-791.260376,77.351318,-4.168230,-4.360743,-103.671308,-20.208115,10.291427,4.859154,54.887119,-17.689159,-0.764563,0.159224,3.967470,-10.860615,16.297228,-12.478924,-2.869626,2.268586,6.575047,0.885697,-3.399483,18.335619,-42.343185,62.523964,13.216778,12.885787,-16.049509,0.899776,-18.298496,27.943514,66.395210,-10.267970,7.890308,-35.590599
397.000000,-1834.609375,-791.991882,77.373734,-4.012001,-4.509751,-104.192968,-21.193428,10.333254,4.827041,51.530430,-17.096687,-0.847349,0.744626,3.720728,-10.338432,16.199095,-12.820103,-2.556273,2.578539,6.443233,0.927891,-3.368315,18.332914,-42.173737,62.512592,13.280386,12.780335,-16.067907,0.449660,-18.517673,27.984575,65.873672,-10.381234,7.776338,-35.789852
398.000000,-1834.432617,-792.777344,77.389977,-3.844090,-4.624644,-104.537833,-22.202692,10.455900,4.918075,46.449982,-15.656019,-1.040046,1.590384,3.285811,-9.859824,16.047733,-13.339579,-2.109332,2.794513,6.211468,0.939416,-3.288927,18.408920,-41.973850,62.516411,13.328775,12.676721,-16.210424,-0.103456,-18.763998,27.999996,65.013733,-10.571690,7.551722,-36.122883
399.000000,-1834.237061,-793.632568,77.388260,-3.705658,-4.640011,-104.904082,-22.935596,10.667472,5.049857,40.658318,-13.668294,-1.344975,2.367665,2.835370,-9.415041,15.875338,-13.878613,-1.644856,3.071317,5.942019,0.796667,-3.203628,18.536463,-41.746330,62.542080,13.338411,12.539886,-16.465857,-0.655750,-18.977404,28.057018,64.167534,-10.651830,7.226405,-36.494106
400.000000,-1834.004395,-794.523132,77.350037,-3.673641,-4.648653,-105.378448,-23.433622,11.024660,5.079700,35.527042,-11.554847,-1.630642,3.019054,2.498299,-8.923016,15.784280,-14.392087,-1.202728,3.549458,5.777950,0.696751,-3.173734,18.618595,-41.490398,62.554016,13.332691,12.316097,-16.706799,-1.227099,-19.228924,28.207621,63.389942,-10.553375,6.927326,-36.869801
401.000000,-1833.732056,-795.450867,77.271515,-3.760378,-4.691895,-105.906654,-23.823305,11.612103,4.959366,29.675610,-9.001224,-1.960304,3.848670,2.199308,-8.284339,15.686069,-15.025379,-0.619239,4.271849,5.754311,0.676045,-3.158170,18.649460,-41.261383,62.556751,13.344484,12.035337,-16.899172,-2.042196,-19.586674,28.472584,62.389908,-10.269849,6.640106,-37.342194
402.000000,-1833.425903,-796.446350,77.147652,-3.954187,-4.666304,-106.334155,-23.923294,12.110294,4.614899,24.142277,-7.067783,-2.319438,4.570611,1.972350,-7.827602,15.659584,-15.686661,-0.067469,4.872616,5.856007,0.626165,-3.126330,18.571007,-41.043686,62.633533,13.367742,11.816737,-17.103132,-2.958304,-19.771458,28.555626,61.658199,-9.977775,6.450557,-37.857288
403.000000,-1833.095703,-797.471069,76.970657,-4.311922,-4.643122,-106.543642,-24.005459,12.452932,4.120381,20.492496,-6.164842,-2.520406,5.197449,1.869435,-7.663236,15.570713,-16.184958,0.391004,5.218360,6.045891,0.628159,-3.122783,18.450453,-40.839355,62.747559,13.411706,11.636724,-17.354780,-3.725278,-19.834150,28.569181,61.232731,-9.857721,6.336741,-38.301800
404.000000,-1832.715454,-798.629211,76.732224,-4.762974,-4.605673,-106.614905,-24.160700,12.825667,3.221937,16.722315,-5.305428,-2.661419,6.112000,1.762543,-7.591494,15.449387,-16.942091,1.031998,5.584563,6.389381,0.624337,-3.093582,18.187511,-40.558319,63.032703,13.484368,11.374014,-17.779907,-4.782549,-19.848333,28.607983,60.859921,-9.839026,6.138732,-38.982002
405.000000,-1832.306152,-799.861511,76.459938,-5.163726,-4.580630,-106.521299,-24.300390,12.925240,2.368024,14.710287,-4.580982,-2.693645,7.013639,1.540389,-7.641586,15.403848,-17.751198,1.656101,5.788747,6.651644,0.646866,-2.977210,17.863914,-40.344807,63.336151,13.497240,11.169406,-18.163961,-5.709888,-19.807411,28.691820,60.734573,-9.838530,5.905296,-39.670868
406.000000,-1831.853149,-801.195068,76.144218,-5.458813,-4.444756,-106.339744,-24.571489,12.727425,1.425034,13.918188,-3.946877,-2.725407,8.033117,1.053650,-7.839418,15.599835,-18.982071,2.514636,5.894185,6.909211,0.573407,-2.677054,17.458384,-40.201218,63.619587,13.560210,11.092752,-18.441523,-6.775949,-19.741604,28.832918,60.713932,-9.841506,5.669024,-40.571087
407.000000,-1831.401123,-802.544861,75.859680,-5.196819,-4.290198,-106.045501,-25.050936,11.803153,1.118204,15.541106,-1.501161,-3.753387,8.658180,-0.124373,-8.163790,16.486099,-20.534573,3.424421,5.942139,6.544996,0.649147,-2.444405,17.192608,-40.169437,63.766506,13.921915,11.106157,-18.667498,-7.671565,-19.566305,29.030502,60.837059,-9.850087,5.554415,-41.389408
408.000000,-1830.994751,-803.842529,75.677811,-4.611927,-4.085497,-105.864820,-25.554062,10.498676,1.370459,17.691788,0.637905,-3.283256,9.212674,-1.689160,-8.366773,17.310259,-21.921036,3.919957,6.144203,5.653491,0.937539,-2.385987,17.063551,-40.159058,63.974255,14.547593,11.109816,-18.917252,-8.494937,-19.151920,29.133945,61.052715,-9.864002,5.514258,-42.103447
409.000000,-1830.620728,-805.062500,75.574570,-4.194876,-3.752757,-105.805800,-26.062399,9.518741,1.786922,19.718571,1.474198,-2.829608,9.728689,-2.968153,-8.600571,17.563950,-22.816456,3.759260,6.438381,4.980239,1.163571,-2.361228,16.855370,-40.156738,64.225746,15.140210,11.108940,-19.214991,-9.263181,-18.676102,29.235722,61.270378,-9.876538,5.511957,-42.708820
410.000000,-1830.263184,-806.229980,75.511200,-4.023118,-3.419151,-105.743675,-26.528580,8.914871,2.031497,21.497538,1.649553,-2.483455,10.187528,-3.858935,-9.536639,17.366962,-23.239719,3.656894,6.695532,4.736475,1.376964,-2.419009,16.574665,-40.153145,64.499992,15.338657,11.123022,-19.512089,-9.889999,-18.312075,29.444931,61.532578,-9.884947,5.508734,-43.220695
411.000000,-1829.967529,-807.305725,75.469284,-3.884152,-3.241728,-105.605766,-26.844639,8.375834,2.121637,23.144379,1.425085,-2.173470,10.523398,-4.324147,-10.021816,17.311188,-23.202417,3.879137,6.937853,4.612974,1.654191,-2.513894,16.330227,-40.146210,64.682213,15.373590,11.147016,-19.814405,-10.372596,-18.016176,29.737139,61.892426,-9.887194,5.498630,-43.625153
412.000000,-1829.748291,-808.381958,75.428375,-3.540520,-3.043118,-105.408842,-27.049601,7.585734,2.377039,24.863417,0.813516,-1.796178,10.800023,-4.945161,-11.156528,17.005472,-23.197844,4.267558,7.258495,4.216458,1.797584,-2.578812,16.260559,-40.123493,64.735023,15.371309,11.243626,-20.183329,-10.617607,-17.629196,30.110910,62.418602,-9.884574,5.491160,-43.934353
413.000000,-1829.589233,-809.460632,75.385162,-3.137970,-2.803659,-105.091569,-27.105186,6.727133,2.733094,26.227774,0.310988,-1.440393,11.131965,-5.707712,-12.460298,17.008205,-23.339373,4.816208,7.434203,3.714663,1.682357,-2.639257,16.450445,-40.145863,64.742790,15.387459,11.420917,-20.563969,-10.516392,-17.307932,30.513340,62.890118,-9.908698,5.487875,-44.061607
414.000000,-1829.456543,-810.551453,75.331543,-2.707379,-2.455769,-104.942995,-27.127842,6.008363,3.266982,27.306721,0.175669,-1.095942,11.448250,-6.554836,-13.625728,16.941572,-23.462788,5.363326,7.655745,3.229612,1.245341,-2.610361,16.648155,-40.288330,64.745583,15.411764,11.613101,-21.038532,-10.204565,-17.112806,30.950949,63.284283,-10.017298,5.483564,-44.071884
415.000000,-1829.328735,-811.613770,75.259224,-2.298050,-2.180906,-105.099682,-27.045935,5.560928,3.919165,28.214146,0.209149,-0.818254,11.786633,-7.396243,-14.446884,16.927292,-23.786228,5.866189,8.009153,2.857877,0.851698,-2.579842,16.763988,-40.369755,64.741539,15.410388,11.806035,-21.456203,-9.901771,-17.033789,31.177492,63.495766,-10.242236,5.476495,-44.037819
416.000000,-1829.236816,-812.608215,75.192955,-1.638190,-1.958653,-105.439772,-26.860664,4.884372,4.876912,29.464003,-0.684783,-0.325942,12.346334,-8.776782,-15.501799,16.891748,-24.095652,6.470418,8.515304,2.197201,0.516525,-2.621306,17.029394,-40.386406,64.591103,15.413587,12.106392,-22.051123,-9.579845,-16.954149,31.300016,63.688538,-10.498767,5.467461,-43.892128
417.000000,-1829.174805,-813.513855,75.161209,-0.771751,-1.833155,-105.821098,-26.547260,4.247190,5.666739,30.161694,-1.865974,0.069966,12.814198,-9.932525,-16.123779,16.789251,-24.260048,6.935031,8.835971,1.538433,0.508011,-2.754060,17.308367,-40.422607,64.464241,15.348784,12.245746,-22.542988,-9.489370,-16.881779,31.444393,63.858025,-10.547301,5.463140,-43.800362
418.000000,-1829.108032,-814.376343,75.153473,-0.102998,-1.730030,-106.104307,-26.089231,3.462464,6.503774,30.874632,-3.238600,0.559041,13.405444,-11.246153,-16.698904,16.697306,-24.112051,7.799199,9.194160,0.878820,0.592511,-3.149841,17.549295,-40.526295,64.476486,15.179978,12.390156,-23.279425,-9.471533,-16.827452,31.884909,64.320740,-10.557151,5.458107,-43.784760
419.000000,-1829.035889,-815.180664,75.169533,0.312581,-1.695624,-106.184076,-25.629066,2.824002,6.986079,31.495237,-4.386140,1.038657,13.973184,-12.181833,-17.006170,16.740870,-23.482332,8.996750,9.449175,0.573820,0.790681,-3.714079,17.592655,-40.537056,64.538513,15.121181,12.576310,-24.048576,-9.453239,-16.810204,32.356831,64.936371,-10.569906,5.454065,-43.772690
420.000000,-1828.965820,-815.998657,75.218079,0.563962,-1.701867,-106.081762,-25.143677,2.266535,7.172991,31.906172,-5.267388,1.473017,14.412493,-12.822190,-17.085474,17.091785,-22.569427,10.039884,9.507552,0.466684,0.939025,-4.165439,17.577526,-40.570026,64.580269,15.254482,12.736673,-24.667213,-9.309914,-16.775028,32.755707,65.553658,-10.579830,5.450274,-43.713932
421.000000,-1828.909058,-816.841919,75.298759,0.743294,-1.647981,-105.846698,-24.523180,1.605036,7.247527,32.200493,-6.240242,1.892940,14.738205,-13.472242,-17.076914,17.916317,-21.313389,10.796839,9.499668,0.373805,0.903348,-4.532896,17.580927,-40.674183,64.594048,15.454523,12.860143,-25.325487,-8.872401,-16.714371,33.257626,66.287567,-10.580559,5.449288,-43.604271
422.000000,-1828.862793,-817.736450,75.402397,0.982191,-1.517667,-105.510492,-24.053724,1.065820,7.281255,32.168808,-6.789732,2.178314,14.700634,-13.997429,-17.038589,18.947695,-20.479780,10.904055,9.433970,0.195706,0.723653,-4.665999,17.665827,-40.874317,64.591850,15.611217,12.940470,-25.758640,-8.404702,-16.673737,33.730007,66.702507,-10.571575,5.469543,-43.514755
423.000000,-1828.813599,-818.645508,75.517586,1.279623,-1.512805,-105.069265,-23.227436,0.227121,7.286149,31.930546,-7.445392,2.562137,14.555636,-14.760984,-16.733814,20.758783,-19.273344,10.801260,9.204272,-0.118284,0.524710,-4.773908,17.847158,-41.287533,64.591248,15.640661,13.044206,-26.332365,-7.706997,-16.636597,34.397064,67.185852,-10.576084,5.499876,-43.399086
424.000000,-1828.753296,-819.569397,75.647026,1.593246,-1.599345,-104.496790,-22.111624,-0.786248,7.186031,31.401995,-7.978161,2.952752,14.282781,-15.591745,-16.125660,23.187319,-17.780159,10.543364,8.618083,-0.503212,0.405414,-4.780224,18.119833,-41.909607,64.605530,15.802105,13.225874,-26.889528,-7.042254,-16.566887,34.974236,67.718620,-10.635729,5.531213,-43.236233
425.000000,-1828.673706,-820.548828,75.806190,1.862619,-1.762917,-103.980598,-20.908424,-1.634284,7.111861,30.736252,-8.382410,3.306299,13.928174,-16.311460,-15.496971,25.601696,-16.009562,10.230304,8.186912,-0.813533,0.339609,-4.736930,18.288980,-42.182381,64.608940,16.107603,13.425872,-27.317650,-6.213556,-16.582159,35.152618,67.885582,-10.686072,5.633571,-43.120361
426.000000,-1828.576050,-821.543335,75.980522,2.012380,-1.889522,-103.585137,-19.379086,-2.493939,7.026827,29.864437,-8.910870,3.714613,13.241974,-17.034561,-14.483816,28.714705,-13.245505,9.656432,7.811664,-1.079679,0.177706,-4.613666,18.440205,-42.349014,64.611015,16.358452,13.612766,-27.695007,-5.028600,-16.661295,35.259144,67.991661,-10.709652,5.752439,-43.028378
427.000000,-1828.466064,-822.506409,76.177956,2.098365,-2.188775,-103.215297,-18.107538,-3.018081,6.934943,29.098413,-9.199146,3.993722,12.608071,-17.462961,-13.607837,31.172039,-10.797523,9.192651,7.498399,-1.201694,0.272400,-4.554691,18.541399,-42.468750,64.617905,16.491339,13.687271,-27.855286,-4.350579,-16.687595,35.350777,68.234352,-10.812777,5.800058,-42.960297
428.000000,-1828.337524,-823.521606,76.389832,2.058135,-2.352263,-102.751885,-16.519569,-3.636160,6.676138,28.041414,-9.533437,4.351805,11.481808,-17.844080,-12.378845,34.462425,-6.785889,8.432250,6.990043,-1.291347,0.302968,-4.491472,18.651207,-42.660118,64.651848,16.671646,13.767624,-28.098812,-3.475568,-16.691969,35.455471,68.734138,-11.139459,5.907881,-42.868408
429.000000,-1828.202881,-824.510681,76.582687,1.985823,-2.473276,-102.245534,-15.080583,-4.201996,6.290823,27.024370,-9.847980,4.695854,10.012903,-18.148508,-11.309156,37.847622,-1.882879,7.451436,6.397516,-1.350586,0.361796,-4.530623,18.739546,-42.740768,64.664108,16.761948,13.808452,-28.411751,-2.683443,-16.693014,35.545055,69.235138,-11.421656,6.104630,-42.717003
430.000000,-1828.065308,-825.461548,76.750824,1.976991,-2.601644,-101.990507,-13.724159,-4.667025,6.108246,26.007690,-10.100449,4.992489,8.323450,-18.474571,-10.182343,40.971397,3.255551,6.133373,6.006064,-1.470993,0.586917,-4.638625,18.818850,-43.060631,64.664787,17.000422,13.875669,-28.505760,-2.139378,-16.692888,35.593262,69.602829,-11.480755,6.302730,-42.444813
431.000000,-1827.946045,-826.322571,76.871277,1.919347,-2.641812,-101.833074,-12.319893,-5.095273,5.925421,25.044268,-10.500649,5.315825,6.021426,-18.597452,-8.996729,44.427181,8.272228,4.625905,5.483643,-1.545273,0.926433,-4.746213,18.894920,-43.540489,64.666168,17.378117,13.970700,-28.540852,-1.697067,-16.731586,35.654530,69.887039,-11.500772,6.490729,-42.046986
432.000000,-1827.842773,-827.132446,76.963638,1.744538,-2.573945,-101.714352,-11.459107,-5.276552,5.686984,24.581350,-10.998367,5.566626,3.137006,-18.342167,-8.699265,48.447243,6.953354,3.870199,5.003274,-1.444125,1.245617,-4.879908,18.907661,-43.944214,64.670509,17.672710,14.036201,-28.535395,-1.478342,-16.870049,35.794548,69.973778,-11.504959,6.561896,-41.536758
433.000000,-1827.773804,-827.906433,77.043800,1.509642,-2.596980,-101.333092,-10.851377,-5.403573,5.319084,24.364359,-11.389494,5.708735,0.908273,-18.013454,-8.958420,51.722927,4.327766,3.329846,4.479170,-1.291782,1.563302,-4.978226,18.899979,-44.210197,64.710312,17.859758,14.060547,-28.533501,-1.413766,-16.973080,35.844402,70.063187,-11.553016,6.585423,-41.052128
434.000000,-1827.743774,-828.706055,77.122055,1.285579,-2.563460,-100.693037,-10.070443,-5.655412,4.558933,24.082302,-11.874830,5.860435,-1.850881,-17.520668,-9.720342,55.606808,0.267251,2.684391,3.599863,-1.048561,1.815223,-5.043636,18.882292,-44.547207,64.845428,18.167547,14.069019,-28.545681,-1.240177,-17.139524,35.853062,70.229126,-11.634703,6.602398,-40.280609
435.000000,-1827.735107,-829.529968,77.199074,1.069840,-2.404355,-100.168881,-9.449906,-5.850398,3.917169,23.781628,-12.291067,5.981029,-4.269901,-17.075171,-10.440056,58.068531,-3.202409,2.256117,2.946469,-0.787867,1.738827,-5.045181,18.939098,-44.962189,64.868584,18.391361,14.068787,-28.553114,-0.954226,-17.356142,35.855865,70.377594,-11.644664,6.620525,-39.501442
436.000000,-1827.736450,-830.350281,77.272972,0.872828,-2.315507,-99.881526,-8.614468,-5.954492,3.369449,23.398401,-12.827983,6.136271,-7.178205,-16.529640,-11.217379,59.919197,-6.933672,1.881901,2.452823,-0.352120,1.646578,-5.151319,19.029274,-45.173183,64.744408,18.454994,13.932890,-28.585512,-0.669468,-17.738619,35.855038,70.484360,-11.644366,6.675466,-38.493927
437.000000,-1827.774414,-831.175415,77.340294,0.678257,-2.145543,-99.516159,-7.885863,-6.014320,2.879977,23.034266,-13.286210,6.248084,-9.700580,-16.055586,-12.037171,60.334526,-9.734845,1.655210,2.031267,0.054573,1.440787,-5.293353,19.216770,-45.289467,64.471451,18.461609,13.800247,-28.629883,-0.485993,-18.063797,35.842060,70.495911,-11.636039,6.739622,-37.599144
438.000000,-1827.844238,-831.969055,77.400703,0.547052,-2.009816,-99.265013,-7.077936,-6.061715,2.462393,22.555164,-13.695913,6.285905,-12.182035,-15.687765,-12.945278,59.963650,-11.880612,1.413457,1.716077,0.400814,1.238047,-5.639204,19.431664,-45.420940,64.185188,18.502485,13.712779,-28.684147,-0.376654,-18.311527,35.713867,70.430527,-11.621706,6.833067,-36.784775
439.000000,-1827.941284,-832.746887,77.460114,0.423213,-1.930320,-99.135526,-6.164205,-6.030347,2.174410,21.989422,-14.083804,6.290748,-14.606943,-15.264062,-13.708608,58.846817,-13.362326,1.181674,1.589061,0.750411,1.110689,-6.276816,19.523787,-45.365547,63.869411,18.496332,13.630694,-28.709105,-0.357967,-18.509920,35.392262,70.251457,-11.614183,6.981542,-36.060287
440.000000,-1828.086426,-833.533936,77.519714,0.445599,-1.980948,-99.218412,-5.309518,-6.029995,2.109696,21.362503,-14.264996,6.288220,-16.153870,-14.922610,-13.960794,57.653362,-14.064426,1.059256,1.624410,0.881425,1.116496,-6.793833,19.580011,-45.296696,63.579884,18.447723,13.565052,-28.675594,-0.411443,-18.596239,35.220871,70.096420,-11.613368,7.069921,-35.648022
441.000000,-1828.271484,-834.351624,77.563225,0.559003,-1.944380,-99.293986,-3.872764,-6.111781,2.089099,20.127317,-14.454701,6.269092,-18.504320,-14.471927,-14.257751,55.142891,-14.798374,0.890877,1.601834,0.924105,0.988626,-7.481776,19.647163,-45.243919,63.068878,18.317930,13.423253,-28.531363,-0.576569,-18.671957,35.160694,69.881325,-11.611782,7.125801,-35.135136
442.000000,-1828.490845,-835.195068,77.583008,0.711704,-1.950080,-99.306974,-2.520943,-6.240863,2.008034,18.931772,-14.613396,6.208883,-20.487177,-14.252955,-14.786814,52.138260,-15.033445,0.770756,1.321050,0.899926,0.845100,-8.036646,19.628115,-45.241180,62.658104,18.247040,13.278585,-28.350435,-0.824088,-18.703667,34.989876,69.659325,-11.615089,7.111179,-34.828495
443.000000,-1828.747314,-836.046509,77.579742,0.847538,-2.066576,-99.322515,-1.041444,-6.344600,1.896109,17.796520,-14.831649,6.112036,-22.114773,-13.973087,-15.244727,48.621624,-14.695145,0.707915,1.028718,0.863060,0.875412,-8.606078,19.554974,-45.184830,62.314072,18.078758,13.203448,-28.212980,-1.094726,-18.705515,34.595116,69.466881,-11.627541,7.061936,-34.652752
444.000000,-1829.046997,-836.908142,77.559624,0.922722,-2.176134,-99.267854,0.422216,-6.352368,1.696684,16.809217,-15.163168,5.989259,-23.425293,-13.453094,-15.566764,44.509602,-13.829234,0.692580,0.783930,0.851157,0.919113,-9.076674,19.533398,-45.067753,61.778519,17.781836,13.195327,-28.047802,-1.333721,-18.709440,34.339352,69.399231,-11.651736,7.013072,-34.537605
445.000000,-1829.387695,-837.811279,77.527496,0.969862,-2.269410,-99.311664,1.782309,-6.262498,1.577028,15.902624,-15.516300,5.825355,-24.280584,-12.828714,-15.851613,40.023643,-12.525753,0.693333,0.672114,0.863431,0.930615,-9.384127,19.530287,-45.056629,61.245338,17.480413,13.192937,-27.795738,-1.473608,-18.747631,34.253551,69.298416,-11.673329,6.993870,-34.406155
446.000000,-1829.761475,-838.750000,77.465569,1.025109,-2.374576,-99.411090,3.105599,-6.144335,1.541308,15.057892,-15.900708,5.644791,-24.917694,-12.287804,-16.182158,35.708748,-11.140422,0.692995,0.635988,0.879053,0.965188,-9.600946,19.479549,-45.053535,60.883518,17.203636,13.189837,-27.488987,-1.570024,-18.799484,34.203873,69.168983,-11.683354,6.941252,-34.292812
447.000000,-1830.181519,-839.746216,77.354431,1.142307,-2.473497,-99.338134,4.599204,-6.049520,1.414696,14.231303,-16.463896,5.411933,-25.547657,-11.924101,-16.634388,31.031731,-9.534325,0.694518,0.463358,0.855570,1.023755,-9.785224,19.316454,-45.063705,60.731300,16.970831,13.199970,-27.109884,-1.710773,-18.814186,34.096348,69.054062,-11.719843,6.877459,-34.218708
448.000000,-1830.628540,-840.738770,77.203407,1.311063,-2.522420,-99.096183,5.979483,-6.033368,1.092303,13.617950,-17.142895,5.158999,-26.138580,-11.935535,-17.068081,26.949047,-8.081564,0.718760,0.091207,0.736619,1.099275,-9.956140,19.132256,-45.178158,60.690987,16.687412,13.297039,-26.806791,-1.838544,-18.788923,33.872944,68.848732,-11.770583,6.833394,-34.203648
449.000000,-1831.142578,-841.812317,77.006691,1.526141,-2.545676,-98.757587,7.263050,-6.034207,0.684376,13.155663,-17.919493,4.878986,-26.695728,-12.137236,-17.337852,23.259216,-6.804912,0.772847,-0.324952,0.547650,1.210322,-10.155779,18.982786,-45.352001,60.625931,16.219955,13.447754,-26.541130,-2.025957,-18.753418,33.651066,68.675957,-11.773656,6.739761,-34.197044
450.000000,-1831.707031,-842.939453,76.779785,1.707879,-2.529623,-98.445589,8.398747,-5.959615,0.315092,12.836735,-18.725460,4.617453,-27.119846,-12.241879,-17.086321,20.226902,-5.817971,0.869561,-0.604424,0.390310,1.334841,-10.300167,18.851105,-45.364117,60.607525,15.612770,13.505436,-26.207338,-2.128797,-18.751249,33.401691,68.407433,-11.706427,6.611017,-34.193161
451.000000,-1832.308594,-844.106323,76.524948,1.870407,-2.448485,-98.158694,9.734166,-5.775696,-0.102594,12.515679,-19.801317,4.274372,-27.633867,-12.371416,-16.463354,17.231224,-4.988399,0.973458,-0.851473,0.222043,1.411250,-10.337588,18.739996,-45.365356,60.560093,14.987649,13.536789,-25.777803,-2.199903,-18.752748,33.180908,68.036049,-11.521604,6.443667,-34.190941
452.000000,-1832.959351,-845.324585,76.229378,2.053241,-2.362478,-97.733149,10.933533,-5.578578,-0.628680,12.351126,-20.887465,3.917860,-27.882664,-12.681226,-15.930383,14.955291,-4.408424,1.017687,-1.211612,0.013400,1.465015,-10.219075,18.699984,-45.368019,60.482559,14.695277,13.639886,-25.380581,-2.300047,-18.695517,33.046741,67.843857,-11.445348,6.190242,-34.194942
453.000000,-1833.692017,-846.629028,75.873367,2.248566,-2.212618,-97.175146,11.719409,-5.401986,-1.115786,12.421607,-21.815832,3.601136,-28.060247,-13.006644,-15.564769,13.798261,-4.036909,1.024232,-1.536948,-0.204981,1.455061,-10.066779,18.706339,-45.368366,60.454731,14.549327,13.788179,-25.102867,-2.390074,-18.608377,32.970959,67.831993,-11.561635,6.011268,-34.199806
454.000000,-1834.490234,-847.985291,75.471153,2.402851,-1.997162,-96.639032,12.692334,-5.037540,-1.776602,12.679548,-23.205475,3.107463,-28.374939,-13.403889,-15.102329,13.322819,-3.607258,0.970608,-1.916422,-0.530987,1.391307,-9.775044,18.771561,-45.367615,60.393185,14.464660,14.082575,-24.734060,-2.455127,-18.466934,32.943378,67.831451,-11.728891,5.815520,-34.216621
455.000000,-1835.348267,-849.405212,75.028297,2.429381,-1.678223,-96.181685,13.499624,-4.495361,-2.260128,13.027001,-24.617878,2.577327,-28.780285,-13.561335,-14.764703,13.985856,-3.287378,0.853656,-2.200299,-0.767191,1.231605,-9.338950,18.909670,-45.366756,60.228344,14.455877,14.404510,-24.374899,-2.456111,-18.304777,32.938274,67.840805,-11.753400,5.619857,-34.245518
456.000000,-1836.263672,-850.930298,74.565102,2.080584,-1.242160,-95.866465,14.326670,-3.372435,-2.661381,13.681149,-26.556053,1.795109,-29.461336,-13.226926,-14.601846,15.920077,-1.682868,-0.407047,-2.463031,-0.673190,0.980445,-8.693127,19.023487,-45.364544,60.005871,14.450613,14.772824,-23.819332,-2.438691,-18.148441,32.922958,67.848579,-11.758755,5.403738,-34.323204
457.000000,-1837.061890,-852.370178,74.226616,1.036947,-0.877929,-95.519549,14.922120,-1.436530,-2.915407,14.647817,-28.444471,0.963515,-30.124414,-12.331818,-15.277013,18.801491,1.635138,-1.408163,-2.757848,0.494834,1.148742,-8.220391,18.744175,-45.356407,59.999805,14.409873,14.912667,-23.052996,-2.577907,-18.229431,32.663124,67.854431,-11.762941,5.192090,-34.490639
458.000000,-1837.843506,-853.789734,73.985535,0.206585,-0.389466,-95.403027,15.371403,0.329560,-2.808283,15.453029,-29.444798,0.057823,-30.885479,-11.439635,-15.733468,21.798763,3.071203,-1.738083,-2.849121,1.538508,1.235968,-7.711701,18.514513,-45.352165,60.050358,14.251165,14.849925,-22.347925,-2.623081,-18.243761,32.254124,67.948456,-11.765867,4.989891,-34.658855
459.000000,-1838.636230,-855.214050,73.849884,-0.153579,0.037879,-95.444861,15.766043,1.225565,-2.525184,15.928234,-29.335583,-0.660888,-31.398392,-10.930398,-15.677674,23.928938,3.457175,-1.933393,-2.832744,1.871373,1.261758,-7.226033,18.479492,-45.349495,60.211910,14.099245,14.726087,-21.850834,-2.625978,-18.113232,31.990845,68.157433,-11.770768,4.874917,-34.721695
460.000000,-1839.400879,-856.635681,73.791977,-0.351261,0.414085,-95.455448,16.334055,2.078402,-2.261661,16.334805,-28.541311,-1.472206,-31.792931,-10.434213,-15.535685,26.272120,3.416130,-2.164513,-2.888910,2.055754,1.161531,-6.487863,18.477335,-45.329418,60.606602,13.940649,14.618414,-21.340202,-2.507209,-17.884544,31.750795,68.563995,-11.775682,4.807210,-34.760662
461.000000,-1840.152588,-858.099487,73.757607,-0.528485,0.837176,-95.429828,17.018478,3.024357,-1.983105,16.689127,-27.166122,-2.414422,-32.035599,-9.866117,-15.423804,28.708042,3.258421,-2.441030,-2.945923,2.215502,0.783953,-5.464547,18.488834,-45.266674,61.149593,13.807789,14.594734,-20.893133,-2.077491,-17.646488,31.589275,69.077705,-11.772367,4.807882,-34.793690
462.000000,-1840.809448,-859.519958,73.760017,-1.078505,1.218337,-95.655676,17.698860,4.146323,-1.509191,16.888840,-25.815992,-3.237331,-32.206718,-9.089576,-15.630503,31.071798,1.120375,-2.783271,-2.777701,2.822528,0.470960,-4.549238,18.377089,-45.181835,61.607182,13.784927,14.595613,-20.549389,-1.643546,-17.655691,31.491306,69.440811,-11.776457,4.873225,-34.828915
463.000000,-1841.379150,-860.828674,73.787079,-1.681354,1.571527,-95.919096,18.289494,5.307887,-1.140465,17.185652,-24.397947,-3.948776,-32.114201,-8.149074,-16.006670,32.863842,-1.222796,-3.028170,-2.552100,3.729786,0.407814,-3.846440,18.134077,-44.886631,62.061539,13.779816,14.598666,-20.397738,-1.350793,-17.775682,31.180710,69.630943,-11.889919,4.998405,-34.933613
464.000000,-1841.899170,-862.024902,73.821419,-2.020184,1.913978,-96.018276,18.721735,6.103179,-0.993235,17.454506,-22.762697,-4.568754,-32.001560,-7.581006,-16.312674,34.427181,-3.274501,-3.218236,-2.487452,4.393703,0.530650,-3.437632,17.916723,-44.562553,62.401062,13.782040,14.660132,-20.371498,-1.182466,-17.821012,30.653877,69.676987,-12.037889,5.139976,-35.121468
465.000000,-1842.368896,-863.124634,73.863075,-2.193975,2.232632,-96.023141,18.980005,6.513186,-0.761807,17.521057,-21.569624,-4.937725,-31.903027,-7.364058,-16.475023,35.351028,-4.477317,-3.341381,-2.510225,4.729228,0.680892,-3.317075,17.806091,-44.468636,62.499172,13.806954,14.734787,-20.366423,-1.125943,-17.814896,30.306641,69.703697,-12.083646,5.212848,-35.252258
466.000000,-1842.801147,-864.154785,73.919685,-2.230904,2.509926,-95.940934,19.340033,7.017331,-0.348795,17.580210,-19.504293,-5.478923,-31.699291,-7.158522,-16.670517,36.666290,-6.224204,-3.575284,-2.580802,5.148603,0.923558,-3.245893,17.672062,-44.385448,62.527645,13.873851,14.817066,-20.354700,-1.054192,-17.737129,29.736296,69.818031,-12.179391,5.321678,-35.401516
467.000000,-1843.217651,-865.171936,74.001625,-2.191249,2.698546,-95.770723,19.642780,7.309240,-0.283588,17.715914,-17.341259,-5.934917,-31.339935,-7.143583,-16.839785,37.725182,-7.718473,-3.822099,-2.777172,5.404553,1.122863,-3.244581,17.603230,-44.374748,62.527428,13.898483,14.844746,-20.344200,-0.889841,-17.578270,29.188801,69.924263,-12.451618,5.457545,-35.502609
468.000000,-1843.624634,-866.224976,74.131775,-2.282462,2.668185,-95.551174,19.865973,7.698945,-0.371384,18.397198,-14.886589,-6.229609,-30.483812,-7.025747,-17.184753,38.354240,-9.056664,-4.030571,-2.995815,5.791944,1.343269,-3.259161,17.514727,-44.376129,62.527092,13.910050,14.920718,-20.308062,-0.499654,-17.481684,28.809992,69.917023,-12.624412,5.583233,-35.589851
469.000000,-1844.012207,-867.264648,74.304474,-2.415103,2.519225,-95.414310,19.900429,8.118862,-0.497668,19.687216,-12.012661,-6.553458,-29.293102,-6.830421,-17.749361,38.662678,-10.160854,-4.263679,-3.100362,6.248992,1.431850,-3.230632,17.409245,-44.379814,62.521641,13.921562,15.052063,-20.256556,0.183759,-17.442106,28.627537,69.777008,-12.643056,5.722170,-35.621696
470.000000,-1844.378906,-868.290161,74.517021,-2.634211,2.358386,-95.468620,19.744747,8.426519,-0.537482,20.913383,-9.766052,-6.844869,-28.369553,-6.579564,-18.182922,38.637794,-10.694237,-4.422317,-3.110644,6.621796,1.402657,-3.153076,17.324732,-44.380051,62.496788,13.956522,15.131496,-20.176125,0.759494,-17.434193,28.539564,69.573456,-12.647829,5.831311,-35.626232
471.000000,-1844.741455,-869.363403,74.777725,-3.013175,2.227859,-95.750116,19.170397,8.977262,-0.539770,23.296392,-5.729392,-7.384587,-26.801170,-5.884326,-18.869070,38.120098,-11.188248,-4.641098,-3.030318,7.390114,1.246878,-2.918921,17.156698,-44.364220,62.357357,14.026178,15.217857,-19.957750,1.692355,-17.473711,28.388418,69.142807,-12.650580,5.991262,-35.629818
472.000000,-1845.092529,-870.403381,75.056633,-3.376694,2.126524,-96.252743,18.281401,9.444340,-0.543285,25.875435,-1.055793,-7.947607,-25.227135,-5.025512,-19.556740,37.181572,-11.389710,-4.893834,-2.915164,8.174643,1.045799,-2.591492,17.026978,-44.331142,62.118191,14.028037,15.237366,-19.690886,2.517523,-17.563316,28.313793,68.613396,-12.671456,6.075166,-35.632935
473.000000,-1845.449219,-871.403625,75.346581,-3.649251,2.036897,-96.775374,16.847132,9.762218,-0.573489,28.925491,4.878121,-8.653175,-23.448994,-4.177451,-20.293133,35.693684,-11.673091,-5.224983,-2.955078,8.786164,0.913514,-2.356297,16.929834,-44.325268,61.969376,14.014259,15.241835,-19.357224,3.114099,-17.596239,28.308695,68.148369,-12.702321,6.099235,-35.647587
474.000000,-1845.787964,-872.339233,75.595482,-3.844714,2.048566,-97.206589,14.802127,9.922764,-0.591807,32.283337,10.749751,-8.320477,-21.667927,-3.439778,-21.115240,33.911064,-12.082462,-5.624743,-3.123988,9.246448,0.813160,-2.353333,16.829836,-44.321316,61.850086,14.051064,15.248045,-18.980343,3.437422,-17.597614,28.308533,67.951698,-12.716808,6.048866,-35.676765
475.000000,-1846.083984,-873.154053,75.759811,-3.928599,2.051481,-97.622400,12.261747,9.803057,-0.563997,36.685413,11.822145,-7.370945,-20.188143,-2.775389,-21.398811,32.180313,-12.607745,-5.897270,-3.099492,9.490541,0.833834,-2.721800,16.739157,-44.325943,61.695297,14.092283,15.248762,-18.560778,3.575014,-17.625423,28.307413,67.921143,-12.780070,6.019909,-35.733898
476.000000,-1846.298462,-873.813904,75.861610,-4.064889,1.844113,-98.132267,9.418514,9.662330,-0.180838,41.915638,10.201816,-6.286223,-18.932983,-2.125716,-21.326546,30.789505,-13.004861,-6.001160,-2.804733,9.689508,1.014460,-3.340848,16.587669,-44.342804,61.560219,14.160535,15.233130,-18.031033,3.621659,-17.720751,28.307234,67.914673,-12.869896,6.011707,-35.781425
477.000000,-1846.452881,-874.400146,75.951828,-4.276676,1.568174,-98.696934,6.087119,9.655051,0.488381,48.700962,7.025081,-4.882801,-17.693598,-1.335260,-20.954613,29.843561,-13.027232,-5.886160,-2.236591,10.005280,1.423777,-4.162906,16.308079,-44.376869,61.393673,14.290738,15.154301,-17.256437,3.589438,-17.906111,28.306387,67.919380,-13.041054,6.005448,-35.799572
478.000000,-1846.601318,-875.023926,76.060593,-4.413825,1.397658,-99.120422,2.730687,9.556787,0.926184,54.837723,3.671186,-3.615103,-16.597176,-0.705463,-20.567404,28.904488,-13.099036,-5.502982,-1.881154,10.123871,1.395533,-4.655832,16.120222,-44.466259,61.229748,14.304161,14.933171,-16.486856,3.602191,-18.009148,28.304638,67.917946,-13.322544,5.977831,-35.801968
479.000000,-1846.733521,-875.656311,76.198326,-4.516863,1.210746,-99.295657,-0.440308,9.421866,1.031883,59.855698,0.705195,-2.707177,-15.317642,-0.285445,-20.427134,27.768246,-13.230560,-4.993968,-1.862500,10.086463,1.168132,-5.017095,16.001665,-44.708565,61.200397,14.252167,14.610370,-15.776281,3.621194,-18.066395,28.322348,67.914879,-13.488666,5.927488,-35.803520
480.000000,-1846.833740,-876.263306,76.355103,-4.575077,0.966596,-99.599792,-3.037510,9.390543,1.355520,63.506268,-1.400402,-2.197352,-14.070823,0.120076,-20.174423,26.588173,-13.224995,-4.677901,-1.696392,9.971986,0.936573,-5.297891,15.969446,-44.992725,61.142353,14.174449,14.268031,-15.170618,3.559775,-18.109348,28.343071,67.905472,-13.511994,5.906653,-35.809238
481.000000,-1846.899048,-876.829224,76.518059,-4.531459,0.635423,-100.070478,-5.722052,9.316608,2.021673,66.739952,-3.495044,-1.748316,-12.555674,0.532381,-19.597607,25.212934,-13.114757,-4.407358,-1.360600,9.677373,0.762005,-5.555249,15.969133,-45.214260,61.088272,14.140167,13.851176,-14.542890,3.268289,-18.127563,28.346188,67.883286,-13.531445,5.898695,-35.835762
482.000000,-1846.938721,-877.406311,76.683182,-4.555721,0.210533,-100.347882,-7.398322,9.373754,2.394362,68.251297,-4.829333,-1.496882,-11.392696,0.802394,-19.313936,24.169390,-12.977049,-4.226110,-1.191965,9.531451,0.702392,-5.863479,16.086462,-45.191166,61.051064,14.048182,13.553678,-14.109746,2.998914,-18.139700,28.345434,67.857620,-13.573894,5.897672,-35.968086
483.000000,-1846.959473,-877.960510,76.834763,-4.467095,-0.332675,-100.654933,-9.404984,9.470905,2.909956,69.293839,-6.592499,-1.255103,-9.785693,1.007535,-18.936228,22.934479,-12.877255,-3.946102,-0.943968,9.208448,0.758505,-6.432916,16.265387,-45.183483,61.181892,14.035337,13.122211,-13.757685,2.572381,-18.114878,28.346327,67.766815,-13.660470,5.896677,-36.193497
484.000000,-1846.945435,-878.513550,76.967690,-4.351281,-0.843131,-101.082952,-11.251082,9.464508,3.404039,69.327187,-8.464624,-1.122459,-8.283135,1.133412,-18.334393,21.870234,-12.827057,-3.642320,-0.530123,8.791166,0.805967,-6.887636,16.394880,-45.188164,61.399948,14.035562,12.736532,-13.512104,2.025663,-18.100790,28.352295,67.601433,-13.706277,5.903511,-36.410004
485.000000,-1846.884399,-879.063721,77.073410,-4.279316,-1.312532,-101.603161,-12.845840,9.408238,3.632126,68.702827,-10.092104,-1.061846,-7.058029,1.258277,-17.748680,21.001444,-12.779151,-3.397000,0.051826,8.529038,0.791742,-7.306963,16.553967,-45.019241,61.427933,13.902732,12.357669,-13.322628,1.571672,-18.197384,28.414862,67.289322,-13.833599,5.928175,-36.676090
486.000000,-1846.786255,-879.630676,77.160995,-4.228731,-1.754723,-102.150048,-14.801390,9.337750,3.838624,67.265488,-12.257753,-1.022549,-5.611566,1.381694,-16.953863,20.013451,-12.751251,-3.102201,0.855874,8.254088,0.767940,-7.749106,16.740181,-44.861351,61.395733,13.832790,11.895816,-13.067240,0.971460,-18.382502,28.656559,66.760895,-14.121156,5.948908,-37.060471
487.000000,-1846.673828,-880.215759,77.235283,-4.142616,-2.205088,-102.494240,-16.469454,9.310729,3.958956,65.094154,-14.216313,-0.936963,-4.306594,1.325134,-16.441643,19.264528,-12.850771,-2.798035,1.387362,7.965944,0.788513,-8.091405,17.006592,-44.632664,61.357811,13.710242,11.359282,-12.942466,0.421422,-18.508242,28.887802,66.168701,-14.232844,5.937794,-37.476952
488.000000,-1846.547119,-880.839722,77.297256,-4.023628,-2.666484,-102.702017,-17.991625,9.374355,4.121566,62.354206,-15.712902,-0.883702,-2.989954,1.120601,-16.066097,18.660543,-13.081641,-2.436090,1.803431,7.601063,0.816762,-8.415893,17.347708,-44.397839,61.368153,13.537077,10.830912,-12.940288,-0.038352,-18.639084,29.134184,65.446327,-14.246480,5.880637,-37.861122
489.000000,-1846.390503,-881.506531,77.345352,-3.883839,-3.006293,-102.890459,-19.531610,9.483123,4.253893,59.251312,-16.527029,-0.866433,-1.838276,0.814177,-15.723233,18.193441,-13.376563,-2.012144,2.208699,7.215920,0.718283,-8.635895,17.685741,-44.150970,61.347752,13.429620,10.482070,-12.967208,-0.447606,-18.809109,29.327724,64.658493,-14.251525,5.742663,-38.175209
490.000000,-1846.180176,-882.205200,77.377983,-3.750368,-3.282718,-103.380568,-20.403753,9.606491,4.338039,56.689342,-16.768213,-0.874807,-1.162534,0.600148,-15.311012,17.971037,-13.591698,-1.712400,2.673698,7.001925,0.643643,-8.708488,17.889906,-43.745747,61.249805,13.258428,10.256422,-13.002069,-0.770338,-18.941671,29.366175,64.152206,-14.203819,5.624975,-38.392548
491.000000,-1845.919800,-882.934692,77.395180,-3.626469,-3.530427,-104.067756,-21.449574,9.876868,4.434664,51.947327,-16.691607,-0.963484,-0.239487,0.293207,-14.421875,17.697611,-13.926417,-1.229746,3.574593,6.800528,0.539367,-8.727957,18.111942,-43.139404,61.130676,13.077081,9.974041,-13.016247,-1.440912,-19.175453,29.372850,63.438793,-14.017097,5.463295,-38.742321
492.000000,-1845.620728,-883.712891,77.387482,-3.619866,-3.744250,-104.510496,-22.251255,10.188921,4.439726,46.945694,-15.953801,-1.123771,0.703249,-0.008552,-13.796143,17.331657,-14.237961,-0.732658,4.148520,6.737380,0.496452,-8.701190,18.232925,-42.496330,61.113285,12.969549,9.742158,-13.026850,-2.161348,-19.377153,29.370987,62.684605,-13.822411,5.390600,-39.132771
493.000000,-1845.304077,-884.539429,77.348167,-3.729838,-3.927545,-104.706219,-23.003443,10.643398,4.364493,41.740692,-14.354726,-1.317734,1.809663,-0.282043,-13.539652,16.804028,-14.553468,-0.164391,4.526213,6.795216,0.492414,-8.681632,18.285954,-41.934853,61.157803,12.927855,9.636140,-13.056660,-2.833314,-19.584789,29.370974,61.745037,-13.694594,5.341504,-39.583027
494.000000,-1844.973022,-885.419250,77.279839,-3.896106,-4.011215,-104.812065,-23.572622,11.169654,4.225823,35.891220,-11.927683,-1.655489,2.894419,-0.575119,-13.499895,16.267736,-14.954200,0.440280,4.906620,6.874969,0.404622,-8.580432,18.320829,-41.417290,61.156452,12.983615,9.566394,-13.035605,-3.495186,-19.727724,29.373821,60.979210,-13.482839,5.149838,-40.159302
495.000000,-1844.609131,-886.359863,77.168121,-4.041810,-4.108522,-105.102545,-23.809813,11.614429,3.913844,30.472424,-9.583346,-2.131892,3.717048,-0.888689,-13.283347,16.100534,-15.421664,1.018165,5.528775,6.913646,0.421922,-8.466507,18.310135,-40.925941,61.182770,13.083598,9.484543,-12.939382,-4.200023,-19.814163,29.378227,60.529221,-13.230314,4.941498,-40.746815
496.000000,-1844.209839,-887.386047,77.003105,-4.222951,-4.140786,-105.447431,-24.009550,11.985847,3.460809,25.885454,-7.764855,-2.580882,4.375055,-1.195015,-12.999998,16.148478,-15.961139,1.583966,6.237894,6.943573,0.463891,-8.295753,18.297750,-40.619625,61.270851,13.263636,9.385943,-12.938591,-4.914512,-19.864618,29.390144,60.251869,-13.025411,4.795232,-41.281296
497.000000,-1843.802124,-888.455017,76.784531,-4.500749,-4.069372,-105.535218,-24.213068,12.168596,2.582058,20.661238,-6.377025,-3.136936,5.004960,-1.580440,-12.841858,16.445972,-16.811911,2.275699,6.895969,6.994110,0.443030,-7.899737,18.291130,-40.222214,61.481754,13.485509,9.234240,-12.836070,-5.769517,-19.892897,29.487707,59.984028,-12.897195,4.711549,-41.970509
498.000000,-1843.368164,-889.583679,76.492188,-4.924640,-3.930613,-105.300724,-24.670553,12.166449,1.525696,16.796104,-5.599743,-3.476817,5.694758,-1.882881,-13.037446,16.790752,-17.808031,3.018732,7.142737,7.175711,0.428100,-7.298997,18.293692,-40.154701,61.751423,13.674344,9.157318,-12.952006,-6.613478,-19.907940,29.681242,59.836700,-12.842870,4.571516,-42.729553
499.000000,-1842.879150,-890.817810,76.136955,-5.307041,-3.837008,-104.952771,-25.463455,11.888677,0.512131,15.954071,-4.457629,-3.550120,6.450513,-2.324653,-13.451256,17.373211,-19.044241,3.898929,7.133433,7.389212,0.563184,-6.469289,18.291077,-40.145340,61.856888,13.777669,9.166744,-13.232024,-7.461840,-19.911186,29.766930,59.823891,-12.863012,4.387075,-43.486820
500.000000,-1842.406860,-892.079163,75.862465,-5.153271,-3.630955,-104.764139,-26.172665,11.079681,0.286188,17.700697,-1.459616,-3.372176,6.949102,-3.311390,-13.607224,18.115191,-20.217445,4.712051,7.206124,7.005451,0.763600,-5.573380,18.294933,-40.118446,61.898380,13.934070,9.238569,-13.502177,-8.179023,-19.713614,29.797409,59.969372,-12.887417,4.268944,-44.038879
501.000000,-1841.962036,-893.320251,75.693588,-4.864268,-3.291099,-104.687725,-26.867710,10.062555,0.504681,19.899637,0.694325,-2.934744,7.402161,-4.508681,-13.484697,18.743370,-21.615755,4.975012,7.300872,6.361753,0.969746,-4.400203,18.227749,-40.098381,61.956718,14.105158,9.368909,-13.834162,-8.997468,-19.346708,29.808798,60.223358,-12.905632,4.158673,-44.583645
502.000000,-1841.554077,-894.464661,75.620880,-4.791494,-2.856271,-104.452875,-27.363924,9.538248,0.680827,21.308214,1.092124,-2.692947,7.604801,-4.977057,-13.375178,19.090065,-22.944504,4.791974,7.307530,6.108706,1.105834,-3.827281,18.112131,-39.884659,62.140232,14.151690,9.639956,-13.827579,-9.485314,-19.144249,29.812449,60.345913,-12.980553,4.119930,-44.952015
503.000000,-1841.167847,-895.544556,75.610161,-4.850333,-2.409095,-104.096397,-27.938581,8.961871,0.768951,22.911558,1.077066,-2.428509,7.746584,-5.373857,-13.998179,19.553801,-24.578608,4.811526,7.301110,6.035805,1.363817,-3.437752,17.856386,-39.852215,62.461742,14.184210,9.811108,-14.301373,-10.033356,-19.062618,29.817671,60.362942,-13.171246,4.110209,-45.392464
504.000000,-1840.845093,-896.520813,75.629417,-4.840497,-2.185497,-103.850483,-28.277773,8.560019,1.045128,24.412237,0.515572,-2.159945,7.600274,-5.483119,-15.123800,19.930431,-25.717911,5.043650,7.503596,5.976753,1.804493,-3.341020,17.582853,-39.852711,62.785542,14.185279,9.865695,-14.889788,-10.629827,-19.019777,29.846098,60.411846,-13.229040,4.107189,-45.745449
505.000000,-1840.612427,-897.445679,75.655014,-4.644971,-2.077853,-103.670715,-28.272842,8.213113,1.572766,25.639542,-0.285010,-1.906126,7.493346,-5.596530,-16.259024,20.170809,-26.108858,5.307789,7.782878,5.740856,2.202720,-3.322270,17.356293,-39.857418,63.098549,14.180060,9.874443,-15.449983,-11.089248,-18.913500,29.972521,60.607071,-13.238673,4.106423,-45.971500
506.000000,-1840.451416,-898.438049,75.673843,-4.288044,-1.933245,-103.314836,-28.088640,7.629397,2.273534,26.726797,-0.934752,-1.590240,7.491883,-5.781892,-17.158003,20.249388,-26.057005,5.599755,7.988306,5.239898,2.262659,-3.204834,17.086376,-39.939693,63.560028,14.161066,9.880562,-16.133581,-11.359651,-18.691607,30.229435,61.013538,-13.197620,4.100364,-46.148170
507.000000,-1840.356812,-899.477600,75.670189,-3.784698,-1.741485,-102.920184,-27.739298,7.053102,3.161055,27.275324,-0.889429,-1.300264,7.727985,-6.145704,-17.455759,20.025114,-25.648987,5.787192,8.097705,4.571153,1.862052,-2.962952,16.900303,-40.180714,63.997604,14.152527,9.885292,-16.899628,-11.344059,-18.371889,30.362129,61.508713,-13.030537,4.056445,-46.220310
508.000000,-1840.312256,-900.518494,75.630936,-3.176186,-1.547895,-102.678121,-27.216665,6.554114,4.306961,27.499958,-0.184474,-0.962793,8.227665,-6.771026,-17.620562,19.473967,-24.945890,5.846203,8.303653,3.790386,1.239363,-2.621150,16.821247,-40.441074,64.227814,14.294827,9.905026,-17.813133,-11.233913,-17.994320,30.382889,62.038223,-12.783766,4.022734,-46.275898
509.000000,-1840.300049,-901.519226,75.552948,-2.434422,-1.442785,-102.538641,-26.677631,5.862520,5.289277,27.939198,0.063185,-0.482034,8.875411,-7.587588,-17.352045,18.985132,-23.226194,5.928873,8.588841,2.927826,0.765490,-2.412028,16.846342,-40.630718,64.323799,14.544149,9.964656,-18.767872,-11.184497,-17.655607,30.451136,62.397572,-12.500320,4.016904,-46.337975
510.000000,-1840.319458,-902.410156,75.512413,-1.640496,-1.401466,-102.616326,-26.377882,5.289289,5.817988,28.554501,-0.856970,-0.109913,9.460603,-8.343226,-17.350965,18.721367,-23.177147,6.325772,8.908070,2.316205,0.655298,-2.529943,17.011614,-40.645760,64.403770,14.626497,10.103739,-19.291550,-11.222495,-17.448811,30.550291,62.542973,-12.311466,3.978734,-46.373249
511.000000,-1840.340454,-903.189270,75.510735,-1.010065,-1.284316,-103.073832,-25.934322,4.748825,6.740068,29.417227,-2.316827,0.349432,10.343201,-9.400363,-17.569469,18.051344,-23.388504,7.210838,9.568179,1.620602,0.574127,-2.798340,17.298759,-40.649906,64.432579,14.650299,10.241139,-20.032761,-11.467377,-17.128914,30.802570,62.790001,-12.106601,3.836952,-46.394360
512.000000,-1840.361206,-903.901367,75.518837,-0.494212,-1.150010,-103.626565,-25.537922,4.481895,7.612601,30.069250,-3.488599,0.720880,11.031864,-10.264235,-18.008455,17.328663,-23.317833,8.173676,10.139553,1.184942,0.653834,-3.143289,17.551937,-40.653030,64.434799,14.643375,10.276663,-20.828924,-11.933257,-16.801872,31.147635,63.057285,-12.042441,3.652111,-46.399391
513.000000,-1840.388062,-904.574768,75.522011,-0.083506,-0.994491,-103.977118,-25.225740,4.193927,8.212857,30.636026,-4.479626,1.027807,11.640093,-10.984675,-18.574631,16.742687,-23.005611,9.291363,10.396873,0.867649,0.847522,-3.627950,17.767870,-40.658146,64.431984,14.725465,10.327601,-21.734135,-12.431671,-16.494501,31.591047,63.333855,-12.011348,3.395723,-46.400742
514.000000,-1840.412720,-905.230408,75.528923,0.276451,-0.831407,-104.067736,-24.953012,3.780945,8.573536,31.076359,-5.325334,1.308405,12.098864,-11.644921,-19.022865,16.557814,-22.584732,10.329339,10.406389,0.576137,1.009887,-4.210207,17.876036,-40.663143,64.429344,15.009726,10.452591,-22.672398,-12.674025,-16.298265,32.137878,63.626049,-12.084541,3.079297,-46.357151
515.000000,-1840.432129,-905.904785,75.551315,0.615024,-0.675615,-104.024301,-24.638100,3.312445,8.794633,31.315552,-6.008978,1.541526,12.367949,-12.241157,-19.229023,16.804369,-22.270639,10.714612,10.368768,0.285452,1.051930,-4.728400,17.894768,-40.789120,64.449242,15.477835,10.680830,-23.469233,-12.566310,-16.227983,32.670509,63.861568,-12.104552,2.907399,-46.225155
516.000000,-1840.436523,-906.633667,75.588745,0.842948,-0.559330,-103.837541,-24.309128,2.873153,8.889325,31.538742,-6.669839,1.747211,12.550459,-12.752899,-19.346563,17.321295,-21.846865,10.974977,10.267813,0.077195,1.009578,-5.065792,17.903553,-41.122486,64.492012,16.151255,11.051748,-24.115833,-12.297308,-16.209509,33.189137,64.112076,-12.116726,2.850645,-46.068089
517.000000,-1840.430054,-907.427307,75.646172,1.037562,-0.492204,-103.461011,-23.828716,2.285384,8.792767,31.741657,-7.434480,1.985329,12.723137,-13.303107,-19.396833,18.343327,-21.123034,11.199970,9.979495,-0.099341,0.894837,-5.270806,17.955095,-41.632595,64.497810,16.749479,11.487463,-24.669518,-11.777771,-16.211702,33.788338,64.487251,-12.123841,2.863357,-45.929005
518.000000,-1840.405884,-908.259583,75.727806,1.242828,-0.459000,-103.068361,-23.177668,1.612950,8.694169,31.692608,-8.122822,2.218964,12.713166,-13.944298,-19.259443,19.834354,-20.195887,11.336316,9.671196,-0.352095,0.714237,-5.386054,18.103859,-42.197514,64.500046,17.087345,11.759315,-25.196733,-11.115391,-16.214756,34.419762,64.984306,-12.126682,2.919012,-45.821590
519.000000,-1840.351318,-909.084534,75.824684,1.481516,-0.535904,-102.724057,-22.253101,0.911208,8.671359,31.447214,-8.771428,2.469582,12.477265,-14.696886,-18.731966,21.993053,-19.096369,11.232151,9.335776,-0.604534,0.639858,-5.500679,18.256004,-42.665428,64.511871,17.580267,11.909394,-25.742798,-10.483294,-16.227634,34.960815,65.599655,-12.115401,3.037436,-45.667549
520.000000,-1840.267334,-909.978516,75.949158,1.779577,-0.665814,-102.253023,-21.181025,0.101793,8.616124,30.883324,-9.201086,2.727600,11.993277,-15.479351,-17.834145,24.583920,-17.899456,10.774492,8.907033,-0.910765,0.599819,-5.606202,18.372583,-42.894703,64.535095,18.401806,11.990556,-26.323471,-9.838205,-16.237947,35.285896,66.127800,-12.108995,3.223289,-45.466759
521.000000,-1840.154785,-910.885620,76.097092,2.014574,-0.779805,-101.765025,-19.795181,-0.865756,8.468159,29.992226,-9.612384,3.054817,11.029510,-16.335661,-16.370132,28.242125,-15.838119,10.170427,8.357007,-1.218091,0.517718,-5.730494,18.434818,-43.037670,64.556175,19.620960,12.095930,-26.974936,-8.923369,-16.309177,35.601658,66.711296,-12.147193,3.485163,-45.259544
522.000000,-1840.010986,-911.827209,76.264420,2.112304,-0.910917,-101.211257,-18.799730,-1.467112,8.279191,29.335804,-9.879094,3.296832,10.214205,-16.806936,-15.303281,30.911970,-13.788686,9.823553,7.909582,-1.327928,0.459659,-5.788651,18.478638,-43.353966,64.558426,20.387703,12.210173,-27.286343,-8.229671,-16.419003,35.867889,67.058632,-12.183504,3.665571,-45.144279
523.000000,-1839.853882,-912.743286,76.431694,2.131820,-0.992210,-100.669051,-17.478472,-2.209893,7.921551,28.419426,-10.219227,3.638288,8.938557,-17.328278,-13.998203,34.556633,-10.248328,9.278896,7.220737,-1.390388,0.351010,-5.816190,18.596685,-43.798744,64.544205,20.936005,12.343568,-27.665392,-7.192424,-16.622810,36.128185,67.374138,-12.191194,3.897810,-45.003643
524.000000,-1839.664307,-913.704590,76.613876,2.089871,-1.070589,-100.245234,-16.093765,-2.814328,7.644887,27.384426,-10.523641,3.960866,7.249981,-17.826965,-12.715940,38.461227,-5.823701,8.328693,6.696382,-1.401058,0.346630,-5.945392,18.737078,-44.171993,64.524551,21.279274,12.416671,-28.003757,-6.131213,-16.914459,36.352955,67.484200,-12.140597,4.183152,-44.812481
525.000000,-1839.461548,-914.627075,76.785217,2.047049,-1.212247,-100.069788,-14.727371,-3.232895,7.553099,26.391197,-10.804712,4.228442,5.483303,-18.289320,-11.563818,41.942093,-0.951791,7.092650,6.412263,-1.357966,0.550027,-6.180416,18.829023,-44.477798,64.540298,21.513186,12.448441,-28.142138,-5.301608,-17.240507,36.537395,67.492485,-12.001256,4.377419,-44.567883
526.000000,-1839.263550,-915.535645,76.922508,1.995651,-1.320291,-99.957580,-13.484346,-3.593395,7.489608,25.520990,-11.116259,4.492295,3.643436,-18.688200,-10.474981,45.060249,4.304462,5.535437,6.123374,-1.306096,0.789030,-6.429891,18.914734,-44.749912,64.553436,21.663504,12.455008,-28.204771,-4.663248,-17.532427,36.684013,67.506905,-11.757998,4.500056,-44.286217
527.000000,-1839.109985,-916.388794,77.008072,1.994811,-1.349014,-99.846470,-12.288840,-4.021879,7.366370,24.725714,-11.534486,4.783202,1.198659,-18.959248,-9.433583,48.642258,8.561251,3.945722,5.646824,-1.340602,1.086372,-6.771073,19.091671,-45.042301,64.493774,21.753042,12.446897,-28.261538,-4.221517,-17.760836,36.864182,67.589394,-11.391728,4.567208,-43.876869
528.000000,-1839.006470,-917.175110,77.070580,1.930292,-1.363896,-99.580791,-11.300159,-4.373328,7.079485,24.149977,-11.975395,4.994578,-1.653611,-18.896851,-9.160278,52.671833,7.671656,3.138678,4.890934,-1.355767,1.462713,-7.139049,19.322701,-45.376781,64.481514,21.816240,12.400764,-28.286701,-4.106070,-17.874865,37.047817,67.797012,-11.205830,4.570929,-43.343395
529.000000,-1838.943726,-917.940918,77.124115,1.723048,-1.417384,-99.046632,-10.500815,-4.621750,6.428159,23.933168,-12.494227,5.123615,-4.596452,-18.474632,-9.537063,57.161598,3.927237,2.502840,3.859503,-1.206547,1.879069,-7.710799,19.417036,-45.599293,64.615700,22.088148,12.334127,-28.229372,-3.975871,-18.049362,37.144424,67.891998,-11.205256,4.563172,-42.659992
530.000000,-1838.914062,-918.736450,77.188934,1.460203,-1.414121,-98.523357,-9.821630,-4.724962,5.811241,23.783209,-12.997683,5.203863,-7.164558,-17.877275,-10.051960,60.287945,0.484889,2.082776,3.163471,-0.963103,2.051319,-8.305760,19.403376,-45.554878,64.639587,22.100266,12.138363,-27.991320,-3.611911,-18.320715,37.243256,67.900604,-11.220170,4.556054,-41.944561
531.000000,-1838.895386,-919.534973,77.263222,1.157072,-1.363752,-98.167039,-9.178507,-4.728422,5.316197,23.610359,-13.478596,5.276508,-9.427895,-17.201370,-10.486696,62.166485,-2.526348,1.728622,2.704343,-0.641654,2.047935,-8.877130,19.301767,-45.476578,64.559494,21.999710,11.827922,-27.656174,-3.190811,-18.622797,37.347656,67.955963,-11.233024,4.540080,-41.211926
532.000000,-1838.890869,-920.395020,77.336113,1.001701,-1.328278,-98.176755,-8.204431,-4.672429,5.100936,23.146362,-14.003675,5.373782,-12.054782,-16.569038,-10.973637,63.044392,-5.824733,1.394516,2.391559,-0.228707,1.911236,-9.424235,19.175386,-45.592232,64.372780,21.839930,11.474768,-27.213499,-2.819942,-18.913794,37.397141,68.251846,-11.244313,4.485314,-40.334724
533.000000,-1838.916382,-921.297546,77.388916,0.957576,-1.273024,-98.290717,-7.071728,-4.742372,5.077377,22.409395,-14.433574,5.439576,-14.663981,-16.258663,-11.506442,62.957367,-8.616072,1.222490,2.068434,0.045480,1.629540,-9.757224,19.168808,-45.522896,64.104843,21.413792,11.075389,-26.904789,-2.534800,-19.093899,37.401478,68.692375,-11.252539,4.425634,-39.573826
534.000000,-1838.984619,-922.208130,77.437531,0.911455,-1.237796,-98.559212,-5.818325,-4.723864,5.189485,21.559305,-14.859879,5.432988,-17.145905,-15.809357,-12.029655,61.819553,-10.803033,1.094419,1.933257,0.333085,1.352295,-10.062655,19.228279,-45.263702,63.906471,21.350258,10.826942,-26.712185,-2.142534,-19.327765,37.375942,68.828667,-11.248482,4.424365,-38.801620
535.000000,-1839.095337,-923.094177,77.479782,0.848597,-1.318562,-98.832933,-4.565900,-4.656162,5.290058,20.744282,-15.221909,5.373946,-19.099558,-15.247237,-12.426718,60.020332,-12.165112,1.042068,1.842849,0.587527,1.245621,-10.381133,19.313185,-45.011143,63.604023,21.198059,10.583703,-26.471291,-1.837236,-19.546232,37.368912,68.831032,-11.254914,4.436990,-38.165562
536.000000,-1839.240601,-923.950317,77.514145,0.767927,-1.477325,-99.045462,-3.247705,-4.559816,5.342533,19.929251,-15.563814,5.272907,-20.717024,-14.604752,-12.760752,57.632977,-13.086610,1.026731,1.692759,0.832625,1.244199,-10.718380,19.397888,-44.944935,63.265068,20.974995,10.391782,-26.184452,-1.631883,-19.738342,37.366795,68.820831,-11.258353,4.464871,-37.611366
537.000000,-1839.437134,-924.859985,77.529770,0.700925,-1.607704,-99.308019,-1.693242,-4.422023,5.429634,18.938070,-15.964696,5.133546,-22.394712,-13.801767,-13.083357,54.072262,-13.648863,1.017144,1.498637,1.075556,1.197875,-11.015188,19.438204,-44.789665,62.853344,20.585440,10.254839,-25.835852,-1.489689,-19.909502,37.247925,68.790611,-11.254901,4.504651,-37.097168
538.000000,-1839.682373,-925.800598,77.521332,0.614193,-1.694847,-99.434952,-0.204559,-4.256847,5.435454,18.043600,-16.437050,4.978804,-23.840603,-13.070151,-13.683326,49.925186,-13.561827,0.989745,1.240440,1.287971,1.104358,-11.175317,19.455711,-44.361019,62.340397,20.165102,10.168045,-25.529558,-1.365781,-20.045376,36.940289,68.701706,-11.269041,4.509491,-36.779926
539.000000,-1839.962769,-926.714783,77.491890,0.604856,-1.772386,-99.535617,1.305386,-4.135291,5.401466,17.053131,-16.863491,4.755372,-24.913805,-12.526571,-14.628625,44.970181,-12.817758,0.964863,0.981608,1.396608,1.020744,-11.346945,19.452847,-44.180149,61.778763,19.830090,10.157584,-25.193863,-1.302044,-20.162445,36.837643,68.637634,-11.280149,4.508112,-36.611351
540.000000,-1840.318848,-927.710510,77.425995,0.710869,-1.934696,-99.687205,2.898026,-4.118118,5.431673,15.926042,-17.182184,4.518535,-25.650848,-12.092127,-15.267813,40.260628,-11.829498,0.945324,0.831163,1.324272,1.079075,-11.538124,19.447256,-44.153339,61.368015,19.384348,10.136305,-24.859301,-1.285413,-20.220306,36.830017,68.519539,-11.290865,4.499760,-36.491505
541.000000,-1840.726807,-928.736572,77.323509,0.824206,-2.119118,-99.714652,4.859687,-4.093184,5.370911,14.619332,-17.631054,4.202038,-26.367472,-11.664471,-15.874357,34.849186,-10.598097,0.922867,0.528466,1.181211,1.188570,-11.697327,19.417242,-44.149818,61.058792,18.782701,10.101443,-24.454134,-1.282091,-20.228769,36.820793,68.363602,-11.331047,4.414459,-36.387150
542.000000,-1841.168213,-929.804626,77.189308,0.895878,-2.218981,-99.582597,6.114782,-4.013400,5.220877,13.887301,-18.043261,3.960281,-26.666016,-11.479927,-16.360558,31.069550,-9.506413,0.910010,0.188764,1.137444,1.196673,-11.698319,19.359074,-44.153240,60.954388,18.264664,10.090220,-24.173115,-1.222552,-20.218760,36.710262,68.245659,-11.373733,4.279976,-36.364262
543.000000,-1841.640259,-930.878418,77.007729,1.021059,-2.248770,-99.348979,7.598978,-3.931659,4.977049,13.142518,-18.714176,3.620684,-27.081087,-11.446294,-16.850342,26.450644,-8.113719,0.905788,-0.334461,1.028688,1.166913,-11.651864,19.319431,-44.165443,60.876289,17.421108,10.085914,-23.874422,-1.055351,-20.233435,36.381470,67.843666,-11.450944,4.087909,-36.361729
544.000000,-1842.181152,-932.042480,76.770630,1.174969,-2.237308,-98.855395,8.876600,-3.865167,4.503143,12.739342,-19.554876,3.273208,-27.405460,-11.690069,-17.174091,22.410391,-6.953277,0.930395,-1.048337,0.861823,1.189193,-11.638596,19.314524,-44.248348,60.864727,16.498478,10.088729,-23.585819,-0.872523,-20.299402,36.158436,67.363266,-11.581152,3.797970,-36.403233
545.000000,-1842.776855,-933.279907,76.493088,1.345977,-2.201865,-98.541760,10.128639,-3.755399,4.131471,12.281693,-20.345825,2.913625,-27.713388,-11.943312,-17.281239,19.409023,-6.111284,0.953582,-1.506703,0.729184,1.244624,-11.618777,19.309896,-44.341053,60.862473,15.589709,10.093713,-23.264324,-0.697250,-20.342812,36.105473,67.156227,-11.587740,3.434354,-36.520134
546.000000,-1843.415283,-934.557251,76.183228,1.459980,-2.125418,-98.258505,11.630960,-3.502696,3.778740,11.777441,-21.381618,2.420542,-28.096651,-12.191069,-17.200312,16.460001,-5.330111,0.970719,-1.829347,0.634844,1.335907,-11.565607,19.303352,-44.359699,60.861912,14.617494,10.096292,-22.869961,-0.495728,-20.348318,36.093273,67.112068,-11.533988,3.079477,-36.613708
547.000000,-1844.125366,-935.911438,75.818634,1.556487,-1.958687,-97.881190,12.823848,-3.144633,3.399888,11.628332,-22.512680,1.916844,-28.379181,-12.345248,-16.673166,14.399503,-4.854026,0.965621,-2.177118,0.580755,1.398555,-11.421982,19.376591,-44.363770,60.860649,13.863202,10.099180,-22.525803,-0.341458,-20.307173,36.093498,67.110664,-11.466464,2.839493,-36.676735
548.000000,-1844.852417,-937.247437,75.418510,1.613065,-1.752468,-97.591759,13.938515,-2.671339,3.093266,11.660682,-23.812395,1.335104,-28.757095,-12.436449,-15.944264,13.519055,-4.400120,0.824964,-2.547662,0.541419,1.416064,-11.138223,19.581289,-44.366871,60.853199,13.144524,10.115944,-22.219528,-0.235421,-20.237665,36.093685,67.107979,-11.454794,2.615790,-36.744289
549.000000,-1845.667480,-938.694763,74.946167,1.589608,-1.435644,-97.374912,14.915478,-2.003449,2.903850,11.951690,-25.334665,0.653736,-29.311865,-12.335158,-15.246136,14.165052,-3.863664,0.580865,-2.949392,0.578514,1.299904,-10.676923,19.915188,-44.368816,60.848907,12.454967,10.196222,-21.949753,-0.167205,-20.149048,36.092163,67.100449,-11.446831,2.383805,-36.804638
550.000000,-1846.526367,-940.187378,74.428337,1.404768,-0.978791,-97.348360,15.469546,-1.425387,2.879769,12.287049,-26.492392,0.128431,-29.854534,-12.081099,-14.865793,15.536391,-3.148962,-0.010672,-3.140353,0.663019,1.101639,-10.299270,20.180136,-44.368023,60.847904,12.067917,10.299250,-21.759615,-0.084418,-20.098984,36.092232,67.071167,-11.447599,2.238164,-36.860947
551.000000,-1847.296387,-941.614258,74.002907,0.614202,-0.531534,-97.322036,16.179821,0.148456,3.027479,13.122653,-28.452456,-0.750480,-31.029161,-11.195959,-14.852154,18.733082,0.553498,-1.709856,-3.342931,1.579503,1.068231,-9.795358,20.332640,-44.362682,60.848259,11.717191,10.506650,-21.223204,-0.144542,-20.248756,36.089325,67.021431,-11.473076,2.055140,-36.977924
552.000000,-1848.021362,-942.979065,73.694763,-0.187470,-0.042607,-97.133052,16.567871,1.885108,2.907006,14.105240,-29.823524,-1.541944,-31.963060,-10.481573,-15.438495,21.954382,2.642849,-2.073370,-3.716460,2.789989,1.228344,-9.471141,20.279573,-44.361469,60.841457,11.483807,10.667435,-20.621592,-0.246249,-20.460167,36.027912,67.024483,-11.539139,1.975483,-37.148373
553.000000,-1848.742676,-944.318115,73.516884,-0.579961,0.468790,-97.038473,16.797392,3.044337,2.900819,15.091932,-29.911251,-2.467373,-32.801361,-9.932604,-15.417380,24.875917,3.329786,-2.262925,-3.914598,3.409015,1.280820,-9.125920,20.250820,-44.359264,60.903557,11.080122,10.726615,-19.931351,-0.160611,-20.449980,35.746571,67.035362,-11.773151,1.969486,-37.298634
554.000000,-1849.474487,-945.735657,73.436241,-0.926435,0.919391,-96.863578,17.035011,3.801656,2.811105,15.718596,-29.426294,-3.103375,-33.162739,-9.568276,-15.416100,26.810417,3.236912,-2.389863,-4.108412,3.782907,1.249108,-8.780218,20.168539,-44.335136,61.031952,10.953782,10.734950,-19.458784,0.067115,-20.417215,35.483253,67.037621,-12.054994,1.970588,-37.363998
555.000000,-1850.181396,-947.155884,73.401932,-1.283915,1.319510,-96.664473,17.415188,4.725601,2.598383,16.333220,-28.475649,-3.794268,-33.288094,-9.084720,-15.534367,28.788456,2.896162,-2.557908,-4.305385,4.241763,1.049778,-8.259110,20.042419,-44.266861,61.234337,10.945090,10.735604,-19.028654,0.605010,-20.389309,35.196335,67.029037,-12.362288,1.973134,-37.380859
556.000000,-1850.880249,-948.615906,73.390480,-1.754688,1.630557,-96.638059,18.040037,5.880682,2.428263,16.926481,-26.956776,-4.592290,-33.272831,-8.395489,-15.780828,31.149202,1.795557,-2.816265,-4.380580,4.831520,0.687612,-7.524766,19.916166,-44.142029,61.492004,10.996455,10.733137,-18.619522,1.438593,-20.326836,34.760895,67.015030,-12.530648,1.991341,-37.383556
557.000000,-1851.510986,-950.005127,73.431503,-2.396565,1.853420,-96.797299,18.718182,7.041272,2.264121,17.465031,-25.311914,-5.183277,-33.019646,-7.536929,-16.237978,33.195091,-0.817035,-3.070091,-4.327438,5.644670,0.577011,-6.930643,19.766737,-44.120800,61.771320,11.137542,10.729954,-18.286640,1.975923,-20.338890,34.374516,66.972305,-12.661809,2.073485,-37.379417
558.000000,-1852.091431,-951.297852,73.512856,-3.002996,1.998059,-96.915691,19.226255,8.142842,2.111253,18.224367,-23.396441,-5.749434,-32.432552,-6.653658,-16.760246,34.526905,-2.999831,-3.322438,-4.414504,6.465611,0.669995,-6.482321,19.696817,-44.117786,61.979782,11.191922,10.731649,-18.109789,2.312369,-20.378510,34.053188,66.770988,-12.854656,2.154255,-37.384029
559.000000,-1852.659424,-952.535156,73.627563,-3.395010,2.053406,-97.061193,19.648132,8.967280,2.029819,19.123159,-21.011440,-6.263646,-31.647047,-5.906074,-17.134396,35.467968,-4.827179,-3.560961,-4.483550,7.016020,0.862025,-6.200021,19.695665,-44.074570,62.214245,11.194803,10.735208,-17.978268,2.618290,-20.337839,33.772766,66.467651,-12.915803,2.167992,-37.391758
560.000000,-1853.219971,-953.740417,73.774239,-3.618462,2.047401,-97.212458,19.944977,9.497630,1.976477,20.042278,-18.410301,-6.731451,-30.809603,-5.351274,-17.362202,36.100048,-6.274920,-3.814685,-4.503487,7.286659,0.980474,-5.976199,19.716883,-43.956867,62.443192,11.198368,10.741492,-17.816933,2.980314,-20.212137,33.389122,66.138115,-12.923016,2.164960,-37.397293
561.000000,-1853.766235,-954.932800,73.960632,-3.826651,2.033897,-97.377760,20.018400,9.948860,1.867541,21.174322,-15.713943,-7.155425,-29.904001,-4.822334,-17.576883,36.411076,-7.448109,-4.085031,-4.497731,7.517251,1.010548,-5.740572,19.744646,-43.829460,62.552883,11.242069,10.763289,-17.624905,3.401623,-20.111065,32.943119,65.719772,-12.923052,2.163365,-37.406219
562.000000,-1854.307983,-956.113342,74.192520,-3.962932,2.020858,-97.635493,19.696278,10.358238,1.599900,23.049183,-11.981306,-7.608184,-28.707541,-4.157641,-17.813538,36.373241,-8.557488,-4.398116,-4.403811,7.741657,0.934875,-5.436277,19.794394,-43.741917,62.560303,11.399935,10.801955,-17.355850,3.971192,-20.051533,32.423264,65.008339,-13.038984,2.177474,-37.446968
563.000000,-1854.847290,-957.286926,74.476830,-4.063434,1.882630,-98.013781,18.922707,10.616186,1.252855,25.713522,-7.234538,-8.111692,-27.180899,-3.501872,-18.147636,35.881367,-9.525455,-4.731815,-4.371858,7.864723,0.903014,-5.106411,19.837639,-43.734352,62.557739,11.669743,10.953752,-17.073914,4.450765,-19.999983,32.017029,64.180405,-13.417593,2.186944,-37.582481
564.000000,-1855.355103,-958.428101,74.798370,-4.266089,1.638072,-98.539678,17.621618,10.904944,0.878875,29.218838,-0.898335,-9.056557,-25.172480,-2.628042,-18.692495,34.651711,-10.211289,-5.174648,-4.241740,8.123043,0.906328,-4.800854,19.785084,-43.734631,62.545574,11.893733,11.248909,-16.743338,4.821282,-20.019657,31.890287,63.434380,-13.762213,2.185516,-37.877270
565.000000,-1855.813354,-959.539917,75.133652,-4.688552,1.449029,-98.962285,15.730323,11.315485,0.503468,32.885902,5.834099,-8.906142,-23.192837,-1.597498,-19.199732,32.981838,-10.385227,-5.453489,-4.149776,8.654509,0.876682,-4.598410,19.634693,-43.735138,62.352226,12.202471,11.562407,-16.325447,5.043531,-20.132259,31.870924,62.919418,-13.969827,2.139764,-38.312000
566.000000,-1856.217529,-960.546692,75.406738,-4.932543,1.229370,-99.354674,12.631114,11.361649,0.106910,38.609726,9.963986,-7.626900,-20.900429,-0.550018,-19.606169,30.947634,-10.698897,-5.777645,-3.959812,9.107059,0.939366,-4.618293,19.481937,-43.734676,61.962456,12.640529,11.807346,-15.706004,5.159226,-20.289316,31.780653,62.434742,-14.317600,2.028548,-38.875813
567.000000,-1856.559326,-961.405396,75.626518,-5.056423,0.817125,-99.691665,9.910503,11.164007,0.170174,43.760017,9.366139,-6.606320,-19.502024,0.041768,-19.501001,29.870642,-10.863644,-5.739620,-3.734048,9.240887,1.142587,-4.903853,19.367495,-43.773075,61.759880,12.832742,11.891037,-15.176913,5.081686,-20.369965,31.716341,62.265388,-14.495964,1.913366,-39.229214
568.000000,-1856.861328,-962.191956,75.813942,-5.094294,0.312952,-99.972286,6.161327,10.780665,0.545799,51.172890,7.152627,-5.207523,-17.599710,0.672822,-19.203299,28.682405,-11.157744,-5.508689,-3.238352,9.186159,1.525949,-5.520219,19.182140,-43.991676,61.612659,12.957807,11.967953,-14.410889,4.869417,-20.404463,31.702276,62.236126,-14.539655,1.792133,-39.592438
569.000000,-1857.146118,-963.001465,75.998260,-5.091206,-0.095068,-100.254512,2.459243,10.422503,1.051803,57.504097,4.213602,-3.914388,-15.845346,1.166589,-18.900009,27.528923,-11.492080,-5.137653,-2.618169,9.008497,1.509179,-6.045273,18.958145,-44.441803,61.526287,13.034226,11.975594,-13.594805,4.735734,-20.425859,31.714930,62.233807,-14.601815,1.736928,-39.831734
570.000000,-1857.400513,-963.795166,76.178375,-5.010357,-0.475466,-100.792503,-0.547517,10.148622,1.707707,61.850269,1.531058,-2.981791,-14.409880,1.601625,-18.403694,26.552258,-11.717897,-4.957766,-1.832752,8.727545,1.308655,-6.310264,18.765718,-44.667805,61.383350,13.127956,11.937781,-12.872635,4.526963,-20.430077,31.762745,62.235630,-14.713159,1.686884,-39.972126
571.000000,-1857.612793,-964.544006,76.357162,-4.875754,-0.796174,-101.459305,-3.871337,9.809097,2.499898,65.862717,-1.444534,-2.171926,-12.805143,2.093138,-17.565327,25.353693,-11.866653,-4.788747,-0.801076,8.284731,1.026285,-6.418787,18.588526,-44.758430,61.218647,13.194037,11.766129,-12.035392,3.988892,-20.425657,31.836409,62.232857,-14.795362,1.600001,-40.088486
572.000000,-1857.793457,-965.245178,76.549515,-4.732696,-1.103195,-101.780583,-6.853696,9.503406,2.770473,68.244919,-3.884312,-1.654614,-11.261287,2.336040,-17.093222,24.094437,-11.903975,-4.630060,-0.324754,7.823664,0.921145,-6.496396,18.476751,-44.812874,61.173550,13.364543,11.550847,-11.422071,3.191885,-20.357620,31.883717,62.229084,-14.841732,1.519667,-40.321175
573.000000,-1857.947510,-965.906128,76.735939,-4.565114,-1.528611,-102.046002,-8.907660,9.265922,2.805357,69.241882,-5.505890,-1.367084,-10.000485,2.452636,-16.772959,23.127119,-11.907023,-4.520216,0.034031,7.422625,1.013658,-6.656004,18.394033,-44.823956,61.205910,13.457617,11.393689,-11.066130,2.509411,-20.262758,31.935438,62.225689,-14.856062,1.487246,-40.620384
574.000000,-1858.083130,-966.580200,76.909447,-4.381627,-2.015080,-102.375106,-11.330581,9.053897,2.854958,69.704895,-7.521500,-1.114580,-8.309073,2.587220,-16.260267,21.910620,-11.916705,-4.352500,0.613869,6.860622,1.226486,-6.885815,18.290415,-44.839767,61.300781,13.477793,11.190609,-10.695710,1.563843,-20.093876,32.048866,62.200912,-14.856987,1.465573,-41.071564
575.000000,-1858.190918,-967.249268,77.056297,-4.202086,-2.380238,-102.760406,-13.396388,9.016691,2.953289,69.317734,-9.310414,-1.000689,-6.917749,2.666029,-15.766770,20.884193,-11.943357,-4.169739,1.163368,6.340656,1.291146,-6.983566,18.218800,-44.857224,61.337738,13.474401,11.039462,-10.465307,0.775428,-19.871113,32.081760,62.080803,-14.803560,1.456675,-41.449528
576.000000,-1858.255249,-967.955872,77.173729,-4.104695,-2.678683,-103.254440,-15.799716,9.130221,3.090240,68.153030,-11.510926,-0.948847,-5.353516,2.812387,-15.061030,19.699310,-11.980947,-3.921255,2.019886,5.855542,1.229162,-7.032530,18.214680,-44.607792,61.171944,13.423428,10.903792,-10.176948,0.004161,-19.740286,32.089340,61.428947,-14.586457,1.469728,-41.842358
577.000000,-1858.280396,-968.685547,77.263412,-4.081235,-2.915587,-103.650476,-17.736116,9.343634,3.208659,65.907112,-13.418148,-0.930747,-3.999359,2.952306,-14.545148,18.623089,-12.034457,-3.650697,2.867939,5.631336,1.012951,-7.271441,18.465977,-44.011925,60.844585,13.378190,10.687058,-9.947309,-0.497351,-19.778402,32.081436,60.263966,-14.237188,1.546851,-42.099178
578.000000,-1858.272339,-969.397278,77.324539,-4.042011,-3.208586,-103.887720,-19.447660,9.646728,3.549221,63.125690,-14.627199,-0.911553,-2.636360,2.946183,-14.173826,17.766895,-12.250306,-3.363209,3.539573,5.422865,0.914695,-7.689761,18.672829,-43.538822,60.785130,13.365983,10.418136,-9.890652,-1.096948,-19.798275,32.079563,58.934612,-13.904787,1.578486,-42.274006
579.000000,-1858.232910,-970.156006,77.367844,-3.974300,-3.583043,-104.076630,-20.537678,9.858337,3.878901,60.766121,-15.090894,-0.896834,-1.590684,2.855755,-13.913917,17.267403,-12.506401,-3.126570,3.946698,5.248111,0.943959,-7.986757,18.725765,-43.286022,60.881264,13.390132,10.268528,-9.889412,-1.678677,-19.727829,32.079765,58.110100,-13.729339,1.535024,-42.407669
580.000000,-1858.157959,-970.946533,77.385872,-3.922674,-3.932733,-104.439787,-21.641699,10.032641,4.094429,57.419846,-15.365558,-0.881739,-0.389459,2.742855,-13.477476,16.784258,-12.874439,-2.807259,4.608220,5.075926,0.945162,-8.222993,18.715719,-42.727390,60.976517,13.415195,10.035124,-9.896043,-2.453696,-19.565180,32.116352,57.394348,-13.573421,1.436150,-42.635586
581.000000,-1858.049561,-971.782227,77.391991,-3.829709,-4.262070,-104.847209,-22.627289,10.169109,4.228116,52.620888,-15.166514,-0.907382,0.961579,2.524254,-12.839719,16.373104,-13.397550,-2.352120,5.565309,4.889986,0.950607,-8.408880,18.666580,-42.187923,61.059628,13.675609,9.723742,-9.898763,-3.474755,-19.368490,32.252686,56.672554,-13.413423,1.302354,-42.865158
582.000000,-1857.912476,-972.678833,77.378410,-3.744301,-4.494081,-105.079198,-23.279963,10.242126,4.377003,47.186466,-13.992374,-1.051481,2.126201,2.168027,-12.469541,16.085970,-13.976182,-1.858141,6.195499,4.714787,0.872052,-8.425949,18.610664,-41.605190,61.114269,13.955236,9.547093,-9.864078,-4.522868,-19.116676,32.275589,56.190395,-13.311899,1.154500,-43.073898
583.000000,-1857.744019,-973.620300,77.334038,-3.684269,-4.785935,-105.216340,-23.587240,10.315325,4.500522,41.282158,-12.189042,-1.331948,3.367806,1.756615,-12.208307,15.886963,-14.624845,-1.238728,6.673242,4.601124,0.914015,-8.387742,18.587036,-41.120304,61.150181,14.076491,9.389794,-9.846354,-5.735636,-18.870768,32.280396,55.968678,-13.252489,0.910889,-43.355080
584.000000,-1857.547974,-974.620728,77.255783,-3.671496,-5.013984,-105.239612,-23.712481,10.372414,4.578019,35.025913,-9.986846,-1.676327,4.596882,1.319641,-12.074204,15.728149,-15.354897,-0.584659,7.054593,4.513102,0.943693,-8.326267,18.537849,-40.680660,61.274307,14.098401,9.214565,-9.792909,-7.002452,-18.692478,32.381268,55.968491,-13.118724,0.653264,-43.694847
585.000000,-1857.325928,-975.639648,77.139557,-3.730750,-5.174471,-105.293607,-23.770100,10.451709,4.559031,30.924099,-8.453124,-1.902855,5.392787,1.029643,-11.989736,15.678712,-15.891935,-0.107347,7.376990,4.489655,0.964081,-8.310166,18.466976,-40.590916,61.456741,14.102761,9.101452,-9.805693,-7.830945,-18.657473,32.502201,55.958645,-12.864625,0.526883,-43.945080
586.000000,-1857.062866,-976.765259,76.971474,-3.872835,-5.263788,-105.502150,-23.833031,10.639564,4.023105,24.923115,-6.433585,-2.304037,6.497533,0.647133,-11.742923,15.738475,-16.803368,0.653365,8.048226,4.543846,0.953988,-8.226651,18.309376,-40.470062,61.771591,14.109888,8.990232,-9.680159,-9.087760,-18.640612,32.645767,55.857304,-12.254013,0.443310,-44.379669
587.000000,-1856.776978,-977.941528,76.754967,-4.140314,-5.322432,-105.663007,-23.761112,10.880740,3.063363,19.746746,-5.327088,-2.766846,7.537274,0.387290,-11.535334,15.789585,-17.713875,1.332831,8.634093,4.715318,0.964546,-8.011526,18.157867,-40.440868,62.040127,14.124015,8.838743,-9.645412,-10.218306,-18.633087,32.761791,55.694107,-11.572982,0.387400,-44.893967
588.000000,-1856.453857,-979.201111,76.469559,-4.537062,-5.302409,-105.705138,-23.933786,11.173348,1.924619,16.084871,-4.658813,-3.032990,8.552120,0.214965,-11.471539,15.880535,-18.714819,2.018658,9.044910,5.014064,0.963570,-7.716177,17.973816,-40.392570,62.337788,14.071278,8.681324,-9.638129,-11.317800,-18.631027,32.885101,55.603886,-10.955033,0.327429,-45.546288
589.000000,-1856.089966,-980.539429,76.123177,-4.952096,-5.236905,-105.635451,-24.250055,11.294378,1.093250,14.791863,-4.280489,-3.114433,9.277747,0.042064,-11.500798,16.066027,-19.575832,2.569851,9.280217,5.259605,0.963266,-7.494436,17.814299,-40.381832,62.589424,14.004210,8.578551,-9.738852,-12.112536,-18.657242,33.069771,55.616070,-10.591002,0.314085,-46.083370
590.000000,-1855.686768,-981.963440,75.735107,-5.243309,-5.051826,-105.382288,-24.807732,11.173057,0.418307,15.102586,-3.563084,-3.436328,10.092599,-0.342779,-11.684152,16.475704,-20.791950,3.318093,9.453313,5.508635,0.903727,-7.204967,17.605808,-40.321724,62.840054,13.846962,8.528492,-9.813134,-12.959809,-18.701687,33.276859,55.727932,-10.290542,0.275050,-46.709423
591.000000,-1855.300293,-983.378723,75.429138,-4.929560,-4.807721,-105.087509,-25.794958,10.128277,0.164338,17.540627,0.062097,-3.213944,10.895405,-1.561974,-12.039176,17.254858,-22.416142,4.275749,9.592773,5.114727,1.037458,-7.047214,17.573635,-40.131977,63.053802,13.732228,8.537830,-9.853583,-13.891953,-18.548519,33.327156,56.082214,-10.111011,0.223057,-47.363140
592.000000,-1854.925781,-984.765137,75.225044,-4.400689,-4.533709,-105.124127,-26.430973,9.072650,0.635938,20.040398,1.983827,-2.655196,11.419727,-2.987862,-12.036721,18.030371,-23.746471,4.411496,10.003503,4.443686,1.426214,-7.031834,17.595659,-39.909958,63.215931,13.703907,8.546459,-9.989808,-14.747553,-18.272755,33.332897,56.427940,-10.012218,0.216623,-47.871346
593.000000,-1854.578979,-986.023132,75.125542,-4.188716,-4.112151,-105.193725,-27.016785,8.429768,1.126319,22.134687,2.668995,-2.306904,11.664003,-3.992635,-12.278551,18.587145,-24.504433,4.190116,10.475941,4.180110,1.695585,-7.101503,17.537697,-39.740936,63.381496,13.695348,8.530300,-10.247163,-15.527774,-18.089905,33.392548,56.536182,-9.947007,0.215606,-48.345837
594.000000,-1854.258545,-987.206482,75.087395,-4.175840,-3.710928,-105.406308,-27.620382,8.167716,1.515766,24.274347,2.360739,-2.065675,11.590032,-4.506032,-13.331806,18.773466,-25.015881,4.336982,11.000985,4.292189,1.973776,-7.176769,17.364916,-39.699280,63.518234,13.690424,8.459330,-10.684731,-16.322172,-17.980467,33.545341,56.550060,-9.905477,0.159582,-48.768719
595.000000,-1854.009766,-988.292786,75.077049,-4.096375,-3.484815,-105.583806,-27.840469,7.953271,1.687167,25.634439,1.810240,-1.910369,11.465364,-4.601731,-13.974934,18.783335,-24.891199,4.575824,11.302298,4.375887,2.259318,-7.216436,17.226782,-39.678463,63.634956,13.684056,8.407349,-11.027065,-16.849466,-17.879692,33.624863,56.599979,-9.893015,0.050535,-48.989334
596.000000,-1853.836426,-989.405640,75.078941,-3.906044,-3.264768,-105.432814,-27.955490,7.363587,1.909984,27.367554,1.104815,-1.643938,11.254956,-4.651053,-14.545469,19.027912,-24.451628,5.120354,11.545826,4.317525,2.503691,-7.216238,17.006708,-39.564766,63.967587,13.659413,8.396569,-11.451693,-17.480824,-17.601690,33.651134,56.828049,-9.882007,-0.178614,-49.282017
597.000000,-1853.750610,-990.475647,75.073082,-3.565458,-2.899620,-105.580848,-27.869621,6.920006,2.559260,28.289106,1.161472,-1.435947,11.120880,-5.029260,-15.875705,19.115618,-24.743458,5.518871,11.946411,3.933068,2.168724,-7.153151,16.922758,-39.524410,64.373512,13.678758,8.429081,-11.894127,-17.719728,-17.213762,33.656254,57.223164,-9.872731,-0.349609,-49.478134
598.000000,-1853.718018,-991.597168,75.065544,-3.070699,-2.451969,-105.748761,-27.769318,6.449767,3.310050,29.137684,1.016101,-1.152604,11.275716,-5.685352,-17.676365,19.039738,-25.064842,5.900644,12.385740,3.344847,1.595776,-7.017575,16.965502,-39.521778,64.656990,13.708956,8.549574,-12.508633,-17.858778,-16.723030,33.661320,57.631195,-9.874685,-0.424810,-49.586315
599.000000,-1853.730225,-992.638000,75.112274,-2.387770,-2.033997,-105.830499,-27.619715,5.651536,4.013714,29.997305,-0.462493,-0.654023,11.758752,-6.640115,-18.743149,18.558279,-24.079813,6.265996,12.617070,2.487975,1.157600,-6.979259,17.118881,-39.546360,64.835106,13.722589,8.740551,-13.218168,-18.090498,-16.175243,33.722301,58.138927,-9.868916,-0.472745,-49.626915
600.000000,-1853.737061,-993.598633,75.186745,-1.884048,-1.709441,-106.127738,-27.432468,5.269657,4.521289,30.473259,-1.420718,-0.326392,12.146772,-7.299412,-19.284819,18.255133,-23.783876,6.645983,12.851881,2.046240,0.974013,-7.021590,17.240665,-39.550800,64.852928,13.722962,8.892101,-13.654726,-18.361961,-15.871620,33.816849,58.537769,-9.858162,-0.512043,-49.645229
601.000000,-1853.730957,-994.459656,75.289032,-1.613512,-1.560104,-106.507374,-26.986353,5.028185,5.223097,31.155022,-2.772896,0.145762,12.808828,-7.981957,-19.389585,17.737421,-23.085585,7.685807,13.275794,1.780506,0.943777,-7.168260,17.298771,-39.577122,64.856560,13.697927,9.100920,-14.334746,-18.947113,-15.499438,33.997124,59.207520,-9.766891,-0.573571,-49.653702
602.000000,-1853.741699,-995.308105,75.410210,-1.334235,-1.469044,-106.773734,-26.365936,4.781129,5.756728,31.496664,-3.787197,0.551646,13.472648,-8.506513,-19.170279,17.285019,-22.071255,8.759860,13.524899,1.637563,1.078167,-7.402956,17.314674,-39.768150,64.877411,13.622525,9.410629,-15.004543,-19.518921,-15.178769,34.286911,59.856709,-9.465515,-0.612740,-49.663170
603.000000,-1853.778076,-996.135742,75.518234,-1.004495,-1.228822,-106.837672,-25.831066,4.342878,6.175667,31.587353,-4.580368,0.933065,13.971561,-9.099936,-19.176941,16.996283,-21.120071,9.454865,13.664517,1.322520,1.044529,-7.749312,17.335796,-40.103451,64.994026,13.662135,9.916144,-15.765691,-19.861923,-14.878017,34.793064,60.436100,-9.062989,-0.619972,-49.669621
604.000000,-1853.823608,-996.936340,75.604965,-0.675081,-0.994004,-106.858621,-25.342220,3.852006,6.564397,31.666931,-5.357669,1.277171,14.344918,-9.761172,-19.388828,16.994144,-20.247715,9.975439,13.781822,0.930774,0.999331,-8.213232,17.353100,-40.537003,65.126900,13.914725,10.519139,-16.639200,-20.027664,-14.634321,35.495384,60.845940,-8.816803,-0.600827,-49.665844
605.000000,-1853.877441,-997.733521,75.674286,-0.378854,-0.791731,-106.881438,-24.911818,3.471415,6.894615,31.805670,-6.078744,1.520377,14.665636,-10.300838,-19.537764,17.076187,-19.506992,10.329638,13.931211,0.577885,1.004153,-8.644709,17.380331,-40.906422,65.175659,14.184602,11.036689,-17.353798,-20.043924,-14.488961,36.273270,61.077747,-8.681447,-0.592506,-49.634117
606.000000,-1853.940430,-998.540710,75.731430,-0.071912,-0.577716,-106.897237,-24.513891,3.113051,7.201349,31.937195,-6.768468,1.717130,14.897765,-10.818994,-19.606504,17.280989,-18.827353,10.644491,14.042341,0.204932,1.004781,-9.007369,17.448017,-41.276848,65.178932,14.468656,11.444895,-17.960638,-20.038149,-14.316727,37.009895,61.296455,-8.498488,-0.589004,-49.540230
607.000000,-1854.005615,-999.354858,75.775391,0.265621,-0.421224,-106.719674,-24.009857,2.573014,7.446107,32.041519,-7.551321,1.924910,15.114952,-11.472307,-19.689304,17.834377,-18.087118,10.872696,13.935721,-0.284449,1.035337,-9.355775,17.633375,-41.918427,65.173874,14.716917,11.791509,-18.592966,-20.032225,-14.004350,37.737377,61.634422,-8.238606,-0.588588,-49.360870
608.000000,-1854.042847,-1000.176331,75.798996,0.471666,-0.316544,-106.301085,-23.547916,1.925659,7.429923,32.262218,-8.375749,2.139938,15.283000,-12.069888,-19.779167,18.810352,-17.313322,10.906895,13.450430,-0.672022,1.040655,-9.651913,17.879982,-42.902817,65.177315,14.797385,12.041965,-19.164177,-20.061255,-13.618936,38.269283,62.146290,-8.060891,-0.589150,-49.198463
609.000000,-1854.027588,-1001.004761,75.814774,0.517901,-0.253090,-105.933738,-23.177053,1.455978,7.305882,32.745636,-9.324305,2.380483,15.157599,-12.543890,-19.626635,20.406633,-16.376259,10.813063,12.946049,-0.748156,1.024701,-9.997231,17.980902,-43.792995,65.194756,15.003833,12.241102,-19.678658,-20.090605,-13.304765,38.561012,62.759087,-7.927814,-0.590128,-49.094444
610.000000,-1853.971436,-1001.859558,75.845741,0.580566,-0.285866,-105.725858,-22.651396,1.101106,7.352748,33.073391,-10.165587,2.629823,14.636869,-13.156755,-19.255934,22.736410,-15.442068,10.481773,12.693232,-0.738390,1.111454,-10.383570,17.996012,-44.289555,65.213860,15.107485,12.377304,-20.105026,-20.086237,-13.150570,38.828815,63.308632,-7.810308,-0.585536,-49.014469
611.000000,-1853.901611,-1002.750854,75.895584,0.679786,-0.313264,-105.464935,-21.867315,0.594479,7.411122,33.238392,-11.099607,2.923768,13.832034,-13.943765,-18.597555,25.846497,-13.973216,9.874367,12.428184,-0.753818,1.145078,-10.865890,18.014912,-44.770718,65.202553,15.327516,12.532298,-20.540194,-19.960665,-13.060729,39.324852,64.058418,-7.772010,-0.575517,-48.929035
612.000000,-1853.823486,-1003.681458,75.969627,0.851516,-0.338011,-104.999056,-20.975803,-0.108833,7.364911,33.007130,-11.756675,3.241294,12.996318,-14.648569,-17.597336,28.766685,-12.107430,9.165442,11.986008,-0.884000,1.082665,-11.270188,18.038246,-45.164955,65.036713,15.725154,12.640922,-20.921181,-19.649160,-12.978863,39.733967,64.680191,-7.757073,-0.519711,-48.798981
613.000000,-1853.725098,-1004.648132,76.063606,1.002969,-0.291715,-104.336158,-20.086361,-0.934843,7.139719,32.563450,-12.268153,3.606109,12.018111,-15.351678,-16.830727,31.778690,-9.557798,8.424482,11.246924,-1.000251,0.864995,-11.596275,18.053837,-45.560192,64.816406,16.318390,12.739935,-21.247000,-19.109901,-12.950249,39.966366,65.002678,-7.751288,-0.459973,-48.604820
614.000000,-1853.613525,-1005.604187,76.186409,1.194863,-0.356648,-103.870341,-18.889559,-1.724972,7.048770,31.796810,-12.658268,3.977647,10.808826,-16.123806,-15.872242,35.049000,-6.284463,7.487225,10.541490,-1.128654,0.811317,-11.950969,18.078142,-45.952858,64.660011,17.166414,12.834241,-21.518362,-18.508265,-12.952266,40.097805,65.197609,-7.750264,-0.440219,-48.361485
615.000000,-1853.484863,-1006.550781,76.326424,1.406973,-0.502382,-103.743907,-17.585762,-2.308189,7.201204,30.883112,-12.950538,4.277708,9.410724,-16.885128,-14.770396,38.162449,-2.669641,6.402448,10.190525,-1.230862,0.895240,-12.315170,18.072876,-46.034298,64.480728,17.493034,12.821977,-21.658531,-17.971018,-13.005396,40.294411,65.408676,-7.736279,-0.420890,-48.168652
616.000000,-1853.361328,-1007.458801,76.452538,1.573282,-0.696856,-103.692647,-15.903350,-2.950102,7.379000,29.742966,-13.321594,4.624029,7.566120,-17.738600,-13.408647,41.816284,2.685612,4.828837,9.881341,-1.288221,1.072968,-12.875443,18.058117,-46.067684,64.238251,17.578558,12.726262,-21.758099,-17.331142,-13.131186,40.695587,65.788109,-7.716510,-0.377359,-47.934761
617.000000,-1853.255859,-1008.298950,76.544792,1.699593,-0.772200,-103.693815,-14.930221,-3.336949,7.482041,29.044626,-13.581703,4.859944,6.001237,-18.172663,-12.537980,44.260586,5.381960,4.008575,9.729478,-1.317507,1.125971,-13.299285,18.048567,-46.073658,64.023941,17.551416,12.627927,-21.769016,-16.927813,-13.255971,40.983036,66.036407,-7.710663,-0.355594,-47.705925
618.000000,-1853.173828,-1009.018311,76.608788,1.737439,-0.952806,-103.615744,-13.736295,-3.741555,7.477015,28.328348,-13.973803,5.110373,3.543721,-18.367855,-11.975065,47.749336,5.732576,3.366715,9.433595,-1.224688,1.404981,-13.947611,18.019352,-45.914444,63.584229,17.427891,12.534929,-21.773058,-16.518011,-13.487629,41.152538,66.261703,-7.736546,-0.376825,-47.289082
619.000000,-1853.117432,-1009.698608,76.662659,1.728622,-1.285176,-103.214934,-12.507133,-4.191882,7.083503,27.760946,-14.346506,5.305192,0.832924,-18.219313,-11.795398,52.470741,2.872203,2.814496,8.612682,-1.015074,1.924805,-14.671662,17.916132,-45.655941,63.236885,17.255848,12.386454,-21.785997,-16.338795,-13.688977,41.170204,66.705177,-7.914376,-0.458248,-46.751343
620.000000,-1853.090454,-1010.412903,76.729340,1.734964,-1.542852,-102.799893,-11.364652,-4.612268,6.651840,27.130589,-14.621762,5.471742,-1.688628,-17.985395,-11.835615,56.446377,-0.276942,2.359440,7.845798,-0.815836,2.145664,-15.300101,17.673302,-45.530045,63.152657,17.118195,12.166945,-21.799805,-15.964383,-13.990787,41.278095,67.127663,-8.027719,-0.513933,-46.227219
621.000000,-1853.087402,-1011.184509,76.806847,1.672137,-1.711608,-102.535573,-10.042627,-4.942212,6.254236,26.367249,-15.001026,5.638110,-4.747166,-17.518854,-11.839520,60.143528,-3.930043,1.913761,7.216340,-0.473198,2.069406,-15.914427,17.314201,-45.329277,63.097446,16.761812,11.812511,-21.808331,-15.214131,-14.548882,41.413136,67.446465,-8.047891,-0.566902,-45.579754
622.000000,-1853.113159,-1011.938477,76.879303,1.572549,-1.901891,-102.429171,-9.095243,-5.051393,6.062713,25.872051,-15.306310,5.710320,-6.751659,-17.093948,-11.828071,61.846573,-6.149096,1.705116,6.920589,-0.175944,1.961228,-16.256456,17.118093,-45.157536,63.018703,16.388098,11.499515,-21.828688,-14.615731,-15.040362,41.427616,67.513710,-8.027732,-0.614708,-45.143707
623.000000,-1853.172852,-1012.747375,76.950287,1.483857,-2.026926,-102.372435,-7.841286,-5.133218,5.885658,25.179237,-15.700328,5.755953,-9.284573,-16.632952,-11.996433,63.011639,-8.838408,1.463129,6.534157,0.212213,1.719434,-16.600916,16.973146,-44.997520,62.910698,15.860128,11.054703,-21.875397,-13.867040,-15.744034,41.430119,67.523926,-7.993098,-0.694958,-44.597847
624.000000,-1853.267700,-1013.523193,77.006699,1.456586,-2.106401,-102.347448,-6.627859,-5.248568,5.722201,24.381287,-16.023878,5.774313,-11.760898,-16.372141,-12.302417,63.130348,-11.251001,1.249759,6.049653,0.521262,1.421436,-16.889185,16.920750,-44.772541,62.893963,15.227518,10.673640,-21.884615,-13.266016,-16.438124,41.416325,67.521927,-7.986839,-0.752898,-44.157509
625.000000,-1853.421387,-1014.304077,77.061523,1.522056,-2.316709,-102.538177,-5.288471,-5.348388,5.730742,23.444336,-16.243275,5.742308,-13.869941,-16.162031,-12.487992,62.551319,-12.977194,1.086691,5.834680,0.676677,1.389521,-17.196175,16.914089,-44.346882,62.892063,14.723542,10.463889,-21.869392,-12.859933,-16.974331,41.253113,67.517441,-7.979466,-0.741809,-43.847183
626.000000,-1853.628174,-1015.077881,77.113037,1.505568,-2.520240,-102.688059,-3.633450,-5.357998,5.705712,22.322182,-16.535507,5.645032,-16.258097,-15.757033,-12.830360,61.094330,-14.638505,0.935072,5.563333,0.874940,1.391734,-17.437181,16.924450,-43.780575,62.854561,14.225440,10.309963,-21.763504,-12.431653,-17.475330,40.835705,67.467651,-7.968806,-0.682382,-43.542091
627.000000,-1853.887695,-1015.860840,77.173988,1.355370,-2.687929,-102.686157,-2.224059,-5.182087,5.489315,21.423727,-16.838863,5.484762,-18.088764,-15.066957,-13.327238,58.520927,-15.473228,0.846500,5.072690,1.171476,1.395080,-17.409056,17.029280,-43.486767,62.601898,13.871068,10.260250,-21.597679,-12.092290,-17.799944,40.140919,67.180344,-7.966090,-0.578775,-43.369694
628.000000,-1854.200195,-1016.635254,77.226364,1.259438,-2.873051,-102.731703,-1.087685,-5.039416,5.343482,20.649414,-17.026142,5.325746,-19.323683,-14.519885,-13.661883,56.197136,-15.710520,0.762617,4.716534,1.335465,1.456032,-17.313015,17.171469,-43.359779,62.288822,13.720860,10.255352,-21.533289,-11.863270,-17.991625,39.586864,66.843437,-7.969311,-0.495451,-43.341267
629.000000,-1854.572510,-1017.441101,77.255455,1.204018,-2.973461,-102.764869,0.405947,-4.850348,5.200267,19.559746,-17.273558,5.075718,-20.902100,-13.865064,-14.127112,52.748505,-15.581365,0.652218,4.258894,1.444081,1.452553,-17.066927,17.407000,-43.196869,61.818989,13.499559,10.275895,-21.453915,-11.591373,-18.185097,38.967491,66.345070,-7.974438,-0.428672,-43.337284
630.000000,-1854.990723,-1018.249329,77.263405,1.126399,-3.109717,-102.850707,1.768433,-4.614790,5.103838,18.625328,-17.564232,4.791610,-22.126705,-13.212969,-14.572061,49.142666,-15.130181,0.605867,3.905482,1.522443,1.491343,-16.859995,17.599201,-43.138222,61.477531,12.989338,10.336596,-21.316919,-11.426427,-18.359919,38.559639,65.905212,-7.967310,-0.417871,-43.362080
631.000000,-1855.480957,-1019.095154,77.247742,1.076943,-3.303685,-103.007015,3.531045,-4.276992,5.047905,17.457178,-17.933727,4.398126,-23.276632,-12.246683,-14.946538,44.143627,-14.085192,0.592817,3.635725,1.562812,1.657658,-16.713860,17.755741,-43.085659,61.288273,12.127579,10.435155,-21.119495,-11.325678,-18.483707,38.119747,65.442657,-7.948576,-0.411805,-43.525055
632.000000,-1856.027222,-1019.978699,77.199081,1.044467,-3.467384,-103.118490,5.183804,-3.944238,5.027231,16.389006,-18.320852,3.996620,-23.944122,-11.454890,-15.437471,38.765816,-12.269287,0.549594,3.537102,1.529423,1.801153,-16.603046,17.787254,-43.040699,61.272026,11.512245,10.515330,-20.850040,-11.269104,-18.475590,37.779072,65.155510,-7.948548,-0.413368,-43.909760
633.000000,-1856.611450,-1020.893188,77.104553,1.044282,-3.563795,-103.131702,6.693485,-3.627174,4.940262,15.508815,-18.821718,3.556433,-24.451916,-10.966187,-16.039177,33.458420,-10.336952,0.525530,3.401289,1.466277,1.880037,-16.428431,17.766130,-43.038715,61.269894,11.147704,10.603600,-20.526405,-11.274926,-18.418602,37.427704,64.938461,-8.011461,-0.477753,-44.404541
634.000000,-1857.237671,-1021.852478,76.965431,1.050476,-3.649121,-103.016344,8.127600,-3.296186,4.762978,14.833309,-19.471951,3.099094,-24.827164,-10.790123,-16.844860,28.491205,-8.509789,0.527826,3.154325,1.418163,1.964418,-16.166267,17.717321,-43.040268,61.264278,11.040142,10.732912,-20.137772,-11.371531,-18.345137,37.022736,64.841354,-8.065989,-0.693034,-44.932575
635.000000,-1857.901733,-1022.837952,76.789101,1.091928,-3.733619,-102.771742,9.104641,-3.074114,4.561642,14.434855,-19.966789,2.783433,-25.040894,-10.786219,-17.264933,25.539982,-7.437056,0.535331,2.912508,1.361740,2.034410,-15.924028,17.694487,-43.040188,61.261433,11.025666,10.834131,-19.833738,-11.452469,-18.265024,36.718800,64.850723,-8.073309,-0.893818,-45.289948
636.000000,-1858.661255,-1023.922058,76.559113,1.212320,-3.772140,-102.406376,10.641053,-2.760966,4.126696,13.808708,-20.778009,2.260953,-25.398699,-10.878958,-17.394358,21.512117,-6.043704,0.561684,2.499245,1.159232,2.094507,-15.435680,17.690123,-43.038010,61.259663,11.021464,10.992825,-19.292023,-11.507236,-18.119814,36.343121,64.933495,-8.036326,-1.219167,-45.853146
637.000000,-1859.490356,-1025.062500,76.278427,1.379681,-3.748302,-101.931106,12.015786,-2.474099,3.637086,13.284887,-21.599339,1.730753,-25.670959,-11.058473,-16.938723,18.299095,-5.043407,0.582946,2.158259,0.833348,2.106986,-14.923576,17.721848,-43.033558,61.259094,11.029789,11.167706,-18.766239,-11.458790,-17.989874,36.203049,65.047676,-7.963274,-1.462461,-46.376778
638.000000,-1860.380737,-1026.257568,75.935875,1.595044,-3.646695,-101.567793,13.364310,-2.138519,3.257249,12.818385,-22.542318,1.132954,-25.968166,-11.296356,-16.093798,15.827127,-4.318836,0.581018,1.859751,0.415538,2.053203,-14.318297,17.839426,-43.003178,61.259033,10.935256,11.445302,-18.336184,-11.315962,-17.788935,36.025501,64.944908,-7.945821,-1.592014,-46.970901
639.000000,-1861.313965,-1027.479126,75.542107,1.741704,-3.552779,-101.333607,14.737447,-1.652557,3.078618,12.488612,-23.659235,0.428355,-26.369921,-11.442534,-14.929095,14.804224,-3.757556,0.467867,1.707939,0.013154,2.029456,-13.676999,18.033703,-42.821659,61.264061,10.683994,11.815382,-17.981812,-11.152760,-17.550129,35.999153,64.733543,-7.933120,-1.733814,-47.630825
640.000000,-1862.359009,-1028.816895,75.077835,1.773699,-3.387273,-101.058172,15.855892,-0.986529,2.896056,12.495426,-24.883707,-0.325128,-26.753000,-11.549314,-14.301912,15.249624,-3.387421,0.307106,1.452354,-0.283531,1.944857,-12.989633,18.310667,-42.622070,61.277737,10.589487,12.114655,-17.654724,-10.998702,-17.220682,35.960407,64.670029,-7.928174,-1.984186,-48.176247
641.000000,-1863.394409,-1030.144165,74.617126,1.476658,-3.070706,-100.957886,16.695423,-0.113023,2.844983,12.749553,-26.188831,-1.097173,-27.405706,-11.391253,-14.198411,16.892738,-2.000250,-0.791927,1.231483,-0.372741,1.748558,-12.288042,18.597136,-42.527176,61.281818,10.571756,12.381742,-17.282108,-10.859590,-16.887281,35.871494,64.685051,-7.922043,-2.227707,-48.635094
642.000000,-1864.377075,-1031.471191,74.231895,0.705801,-2.680355,-100.821636,17.512102,1.546298,2.882238,13.280602,-27.784204,-1.976612,-28.425217,-10.650224,-14.625659,20.177412,1.056419,-1.830090,0.877953,0.280179,1.713568,-11.531895,18.712214,-42.515942,61.297337,10.546762,12.655766,-16.690216,-10.837341,-16.685143,35.623314,64.738243,-7.909419,-2.444501,-49.117764
643.000000,-1865.246826,-1032.672607,73.946098,0.155153,-2.137950,-100.622919,17.954903,3.106877,2.969557,13.811041,-28.849714,-2.726672,-29.508863,-10.050529,-15.154603,23.511114,2.269764,-2.260160,0.463307,0.992391,1.661293,-10.952858,18.697357,-42.516975,61.366699,10.423913,12.753669,-16.146772,-10.796260,-16.655546,35.177933,64.772514,-7.908697,-2.537448,-49.574116
644.000000,-1866.130127,-1033.893921,73.737175,0.021397,-1.628879,-100.586487,18.164335,4.033706,3.355746,14.649925,-28.937420,-3.567512,-30.577307,-9.641619,-14.917910,26.691061,2.259306,-2.495042,0.294788,1.142742,1.719330,-10.609216,18.691202,-42.515171,61.570572,10.202336,12.763814,-15.637620,-10.654655,-16.651495,34.638958,64.775581,-7.953160,-2.538859,-49.985249
645.000000,-1866.933105,-1035.077637,73.607086,-0.030081,-1.236786,-100.739475,18.515514,4.649619,3.763513,15.275816,-28.392305,-4.306994,-31.224184,-9.101745,-14.389543,29.054441,1.960952,-2.686911,0.270007,1.166298,1.714092,-10.234214,18.701950,-42.512154,61.766689,9.863583,12.764111,-15.224614,-10.407051,-16.688660,34.251373,64.753548,-7.979323,-2.504511,-50.284046
646.000000,-1867.714111,-1036.319214,73.509026,-0.137797,-0.792552,-100.913368,18.985088,5.375607,4.091484,15.874788,-27.381767,-5.115964,-31.768539,-8.358047,-13.888008,31.489437,1.558697,-2.980193,0.194974,1.266997,1.402400,-9.595858,18.759533,-42.507435,61.933460,9.395892,12.762417,-14.840801,-9.931289,-16.825560,34.017998,64.717758,-7.983574,-2.465605,-50.615829
647.000000,-1868.368774,-1037.491699,73.469040,-0.597053,-0.473784,-101.264485,19.440830,6.029647,4.135931,16.140926,-26.650517,-5.623924,-31.949551,-7.709722,-13.935841,33.144348,-0.053292,-3.237699,0.186486,1.714570,1.218292,-9.126686,18.725943,-42.452877,61.998589,9.180838,12.737981,-14.613914,-9.626205,-17.049257,33.916836,64.708763,-8.129247,-2.452470,-50.779385
648.000000,-1868.980225,-1038.653320,73.464165,-1.147959,-0.124508,-101.693457,19.874794,6.893933,4.022172,16.632141,-25.657726,-6.546553,-31.962572,-6.720648,-14.143476,34.842522,-2.218516,-3.503584,0.096924,2.496368,0.980473,-8.535160,18.667255,-42.332211,62.102959,9.006433,12.700431,-14.417779,-9.296777,-17.352030,33.663620,64.685616,-8.518382,-2.413858,-50.942562
649.000000,-1869.557007,-1039.741333,73.486427,-1.572129,0.113000,-102.060838,20.183950,7.693875,4.352537,17.483398,-24.219873,-6.802698,-31.759768,-5.849526,-14.326418,36.127659,-4.028666,-3.768917,-0.166779,3.115828,0.900841,-8.119966,18.692926,-42.271706,62.257984,8.925638,12.698240,-14.284173,-9.111320,-17.519510,33.348026,64.655998,-8.873322,-2.361214,-51.062344
650.000000,-1870.120850,-1040.805664,73.538216,-1.922893,0.263757,-102.469418,20.551205,8.287493,4.581231,18.175312,-22.594805,-7.123349,-31.371412,-5.115494,-14.429152,36.991989,-5.434831,-4.000094,-0.498349,3.533322,0.909929,-7.819154,18.733282,-42.165455,62.471134,8.906019,12.712821,-14.155087,-8.931440,-17.529276,32.893379,64.648544,-9.228449,-2.347505,-51.138927
651.000000,-1870.653198,-1041.811768,73.630630,-2.271623,0.390904,-102.774934,20.699648,8.832358,4.601459,19.113857,-20.932209,-7.458026,-30.862024,-4.442028,-14.576683,37.502636,-6.583562,-4.186126,-0.869412,3.893720,0.885883,-7.582538,18.761518,-42.067680,62.673916,8.890505,12.771932,-14.036388,-8.649212,-17.504286,32.407791,64.563232,-9.517191,-2.307177,-51.176804
652.000000,-1871.203857,-1042.823853,73.765541,-2.506023,0.504511,-103.140657,20.578465,9.364645,4.460372,20.709877,-18.549986,-7.857360,-30.091131,-3.692863,-14.721676,37.792591,-7.766867,-4.420583,-1.315185,4.180748,0.837278,-7.396894,18.819223,-42.054302,62.850586,8.951179,12.928634,-13.921655,-8.072211,-17.510220,31.906889,64.109543,-9.812983,-2.155951,-51.181271
653.000000,-1871.758057,-1043.829468,73.947647,-2.841505,0.416211,-103.610997,20.354074,9.899056,4.381230,22.729774,-15.614211,-8.316197,-29.008755,-2.849216,-14.910901,37.740288,-8.732745,-4.774861,-1.688725,4.416802,0.932485,-7.265481,18.934305,-42.054859,62.892815,9.099354,13.074088,-13.727200,-7.254087,-17.629065,31.606354,63.152908,-10.051490,-1.966484,-51.181137
654.000000,-1872.325928,-1044.863281,74.195320,-3.212026,0.204246,-104.313623,19.845455,10.509025,4.280106,25.570202,-11.730690,-8.821740,-27.338259,-1.931931,-15.801950,37.019676,-9.488242,-5.495706,-1.767067,4.759531,1.043152,-7.168117,18.968042,-42.175449,62.951828,9.113580,13.204446,-13.300813,-6.196998,-17.885387,31.563061,62.131798,-10.098159,-1.889274,-51.186226
655.000000,-1872.915649,-1045.935303,74.490097,-3.534768,0.052906,-105.210578,18.923229,10.951984,4.278523,28.668676,-6.889714,-9.580047,-25.607389,-1.088020,-16.799755,35.852287,-10.038881,-6.122327,-1.660153,4.983433,0.908355,-6.928503,19.002686,-42.284081,62.970993,9.122136,13.273840,-12.771576,-5.159988,-18.115114,31.598806,61.362217,-10.215874,-1.872687,-51.190594
656.000000,-1873.503174,-1047.008179,74.801445,-3.789039,-0.064276,-106.272691,17.320835,11.295831,4.205170,32.723083,0.217904,-9.661941,-23.399729,0.070167,-17.651232,33.959267,-10.504695,-6.689454,-1.458935,5.200687,0.644560,-6.568184,19.021444,-42.310505,63.046196,9.211709,13.297304,-12.047375,-3.963281,-18.469152,31.624567,60.412842,-10.426816,-1.849861,-51.197502
657.000000,-1874.048950,-1048.020264,75.087036,-4.108935,-0.158431,-107.295151,15.835490,11.518466,4.106799,35.670967,5.579286,-8.582654,-22.044489,1.036267,-17.660120,32.641682,-10.557090,-6.851522,-1.396175,5.417302,0.506653,-6.351696,19.022726,-42.310211,63.110161,9.283298,13.299967,-11.506114,-3.346297,-18.787247,31.625877,59.743954,-10.538140,-1.845898,-51.221561
658.000000,-1874.520874,-1048.900391,75.289688,-4.389400,-0.341354,-108.113373,13.255666,11.688276,3.875051,40.149204,10.176586,-6.778915,-20.326439,2.232502,-17.434969,31.050861,-10.733622,-7.058529,-1.432230,5.687477,0.552798,-6.305759,19.024536,-42.294266,63.123737,9.314219,13.302836,-10.783436,-2.806548,-19.298414,31.621964,58.984535,-10.800593,-1.849787,-51.321972
659.000000,-1874.925293,-1049.681030,75.428932,-4.621259,-0.721636,-109.064047,10.087814,11.526797,3.919043,46.130245,9.938863,-5.324358,-18.664268,3.390661,-16.728867,29.763918,-11.006337,-7.167596,-1.109455,5.822026,0.922511,-6.535063,18.986275,-42.188332,63.128956,9.482000,13.299623,-10.059415,-2.539860,-19.818008,31.565557,58.505676,-11.431781,-1.888035,-51.376541
660.000000,-1875.300537,-1050.441895,75.544769,-4.821867,-1.122989,-110.213450,6.803742,11.321585,4.206959,52.618298,7.682598,-4.117091,-17.295734,4.441908,-15.839763,28.801727,-11.179465,-7.207388,-0.459674,5.877705,1.165842,-6.728294,18.906006,-42.114346,63.149834,9.989458,13.248898,-9.350021,-2.342092,-20.159611,31.387951,58.260971,-12.032772,-2.015660,-51.374439
661.000000,-1875.669312,-1051.208252,75.665993,-4.895692,-1.579472,-111.366851,3.212219,11.047632,4.797442,59.231506,4.799932,-2.976501,-15.637825,5.510754,-14.642529,27.818285,-11.449142,-7.210216,0.345145,5.734356,1.240469,-6.702116,18.857800,-42.131802,63.257385,10.693387,13.134507,-8.581417,-2.126187,-20.319616,31.203737,58.134018,-12.648391,-2.230741,-51.346840
662.000000,-1876.036499,-1051.979126,75.806870,-4.798623,-1.939370,-112.386596,0.862131,10.800740,5.139393,62.808456,2.542546,-2.381818,-14.592102,6.003269,-13.835745,27.266138,-11.697248,-7.209980,0.769507,5.451910,1.084052,-6.567645,18.875687,-42.265877,63.428570,11.054752,13.022745,-8.175452,-1.961594,-20.308304,31.184942,58.064453,-12.862028,-2.447701,-51.327595
663.000000,-1876.365234,-1052.724976,75.974976,-4.681554,-2.244712,-113.257110,-2.148445,10.274033,5.232972,66.408829,-0.535111,-1.812340,-13.166075,6.526258,-12.730717,26.389395,-11.931489,-7.200586,1.211647,4.997260,0.816750,-6.354982,18.932310,-42.496120,63.727821,11.244758,12.863987,-7.813600,-1.796782,-20.222464,31.219547,57.913227,-12.901051,-2.771447,-51.305450
664.000000,-1876.663452,-1053.487915,76.165871,-4.575433,-2.579680,-114.220325,-5.042548,9.687083,5.024515,68.785271,-3.515916,-1.429672,-11.630913,7.029415,-11.610828,25.231289,-11.974827,-7.150586,1.617438,4.623930,0.626744,-6.201337,18.936172,-42.572002,64.036156,11.297585,12.671723,-7.611763,-1.800077,-20.143219,31.352503,57.907917,-12.865911,-3.100170,-51.269398
665.000000,-1876.906006,-1054.221680,76.344971,-4.454537,-2.966257,-115.340188,-7.448423,9.314057,5.062737,70.011803,-5.896206,-1.272686,-10.241261,7.465334,-10.425377,24.192219,-11.946527,-7.065542,2.161038,4.329314,0.606785,-6.183762,18.902166,-42.600887,64.281296,11.403324,12.433413,-7.543402,-1.930611,-20.098265,31.516365,57.923176,-12.796719,-3.294376,-51.162697
666.000000,-1877.093872,-1054.931885,76.501366,-4.286923,-3.367942,-116.497257,-10.170265,8.933517,5.162144,70.686409,-8.433262,-1.170193,-8.632541,7.865410,-8.889512,23.134092,-11.960961,-6.900178,2.869366,4.015591,0.690984,-6.187216,18.819452,-42.608643,64.416649,11.587414,12.142493,-7.509617,-2.239184,-20.078428,31.770033,57.953598,-12.684683,-3.426681,-50.975227
667.000000,-1877.247192,-1055.633423,76.650467,-4.010266,-3.671683,-117.570354,-11.978605,8.521003,5.104794,70.363739,-10.087721,-1.079238,-7.687830,7.951813,-7.847619,22.625278,-12.071423,-6.808210,3.289948,3.740487,0.740924,-6.222482,18.779152,-42.677494,64.444023,11.651951,11.854632,-7.529516,-2.538479,-20.078562,32.130566,58.009491,-12.558342,-3.450774,-50.835335
668.000000,-1877.377686,-1056.375488,76.792603,-3.752603,-3.959350,-118.684523,-14.297998,7.943944,4.976955,69.076309,-12.157342,-0.958277,-6.494915,7.991642,-6.452883,21.998039,-12.248961,-6.708191,3.789145,3.398168,0.767488,-6.291026,18.738708,-42.817642,64.459824,11.707582,11.369778,-7.647869,-2.908427,-20.118816,32.714523,58.017612,-12.475590,-3.471524,-50.630684
669.000000,-1877.487427,-1057.145874,76.911674,-3.562767,-4.251808,-119.870920,-16.439651,7.641786,4.998914,67.244598,-13.919202,-0.887541,-5.309305,8.077954,-4.993457,21.399586,-12.430863,-6.539514,4.353732,3.165624,0.776274,-6.371553,18.655985,-42.825665,64.486435,11.856543,10.831201,-7.830735,-3.192425,-20.236383,33.301243,57.958694,-12.414386,-3.549744,-50.381565
670.000000,-1877.581055,-1057.950073,77.008614,-3.440050,-4.516368,-121.063987,-18.220558,7.560450,5.051687,65.084961,-15.147706,-0.851003,-4.259109,8.159536,-3.691962,20.895065,-12.621810,-6.339275,4.886305,3.031483,0.760791,-6.467168,18.538218,-42.793304,64.579857,12.011916,10.295712,-8.016031,-3.369216,-20.349459,33.750523,57.903389,-12.394664,-3.645444,-50.177849
671.000000,-1877.656372,-1058.755005,77.087959,-3.334902,-4.714803,-122.180823,-20.101812,7.558052,5.113736,61.619164,-16.317802,-0.823850,-3.068936,8.192639,-2.187261,20.353283,-12.911985,-6.080163,5.480305,2.921029,0.691757,-6.575059,18.328827,-42.720654,64.810051,12.091140,9.656358,-8.278498,-3.538587,-20.412241,34.004230,57.802071,-12.266060,-3.693523,-49.951458
672.000000,-1877.713379,-1059.609497,77.146324,-3.223630,-4.802018,-123.260659,-21.590425,7.458420,4.967922,57.317135,-16.666784,-0.810811,-2.228479,8.099769,-0.921281,20.105385,-13.334429,-5.851572,5.900929,2.831255,0.562437,-6.677590,18.143665,-42.712753,65.076675,12.110114,9.066557,-8.607909,-3.740055,-20.472883,34.216740,57.580616,-12.017303,-3.627385,-49.812374
673.000000,-1877.750244,-1060.463745,77.172661,-3.056186,-4.925897,-124.449815,-22.415363,7.370771,4.822083,53.661224,-16.315010,-0.807689,-1.713750,7.970891,0.086648,20.214058,-13.807519,-5.673491,6.319094,2.749705,0.572997,-6.844768,18.056662,-42.607040,65.273071,12.112987,8.734481,-8.770641,-3.954896,-20.547321,34.336040,57.273979,-11.912329,-3.553694,-49.758610
674.000000,-1877.776733,-1061.389404,77.174789,-2.878477,-4.973645,-125.820814,-23.241434,7.327442,4.670522,48.414478,-15.366569,-0.817514,-1.206324,7.776308,1.580104,20.606131,-14.581594,-5.422791,6.973248,2.658518,0.516736,-7.058863,18.050215,-42.406052,65.512688,12.119332,8.366026,-9.002783,-4.381517,-20.622618,34.571194,56.909500,-11.832838,-3.462158,-49.721767
675.000000,-1877.782471,-1062.366943,77.159447,-2.746463,-4.972293,-127.237566,-23.746756,7.352177,4.462248,43.501358,-14.083486,-0.949432,-0.833707,7.603604,2.984816,21.007776,-15.318484,-5.155339,7.527454,2.663948,0.431262,-7.135521,18.019108,-42.236546,65.740669,12.108192,7.978345,-9.360957,-4.963718,-20.679071,34.861351,56.644581,-11.739740,-3.394255,-49.701542
676.000000,-1877.764648,-1063.390137,77.121750,-2.706566,-4.911717,-128.599744,-24.121655,7.368379,3.833962,37.082989,-12.204750,-1.297212,-0.400826,7.388902,4.651103,21.453356,-16.222475,-4.741443,8.149498,2.827378,0.331228,-7.180432,17.827497,-41.986088,66.154747,12.065921,7.460305,-9.824574,-5.896324,-20.777670,35.217251,56.425274,-11.538241,-3.351571,-49.697598
677.000000,-1877.747314,-1064.475342,77.062538,-2.772858,-4.849428,-129.696552,-24.254498,7.278540,2.615515,31.232784,-10.220084,-1.790320,0.125235,7.163566,5.882502,21.644279,-17.022406,-4.342309,8.515117,3.074718,0.299495,-7.236513,17.567940,-41.801853,66.615112,12.062139,7.019288,-10.277633,-6.890689,-20.859913,35.704521,56.389797,-11.240487,-3.271957,-49.735809
678.000000,-1877.745972,-1065.614258,76.965698,-2.961376,-4.783261,-130.501723,-24.347403,7.204267,1.421409,27.195820,-9.077501,-2.199715,0.613776,6.982220,6.561941,21.701109,-17.655790,-4.063519,8.681540,3.287621,0.314864,-7.346488,17.397638,-41.586899,66.976410,12.064331,6.750691,-10.520596,-7.624153,-20.909512,36.102982,56.387943,-10.989809,-3.166406,-49.786324
679.000000,-1877.757690,-1066.805908,76.817490,-3.235599,-4.692144,-131.211121,-24.432024,7.152396,-0.496051,22.464535,-8.056338,-2.735140,1.236881,6.767357,7.302651,21.860723,-18.592628,-3.705269,8.950703,3.621027,0.301428,-7.447176,17.251822,-41.268253,67.308891,12.070532,6.324089,-10.940708,-8.561124,-20.999895,36.632652,56.385727,-10.716501,-2.986028,-49.849083
680.000000,-1877.769043,-1068.027222,76.606934,-3.566825,-4.565095,-131.863935,-24.515942,7.135840,-2.515278,19.101385,-7.365255,-3.198429,1.667150,6.566430,7.836584,22.290859,-19.640667,-3.324640,9.305900,3.950941,0.302966,-7.492623,17.163452,-40.868191,67.436554,12.080952,5.922691,-11.252024,-9.437001,-21.134010,37.106201,56.372875,-10.553920,-2.833420,-49.907135
681.000000,-1877.763428,-1069.339600,76.306549,-3.936308,-4.394190,-132.379509,-24.746737,6.993601,-4.976149,16.623640,-6.525753,-3.755417,1.947738,6.189627,8.109174,23.286663,-21.277945,-2.693887,9.677926,4.380411,0.365084,-7.527224,17.058714,-40.414841,67.467529,12.158216,5.437214,-11.557260,-10.599558,-21.337042,37.629414,56.337799,-10.303325,-2.729265,-50.013088
682.000000,-1877.709717,-1070.670654,75.906082,-4.096230,-4.193953,-132.732646,-25.267035,6.222545,-6.739756,17.230999,-4.857188,-5.015729,1.599028,4.978065,6.956071,25.352636,-22.894215,-2.701451,9.843018,4.628625,0.560180,-7.640609,16.883814,-40.225212,67.515656,12.348540,5.055091,-11.843029,-11.894753,-21.509756,38.090546,56.400063,-9.986768,-2.707456,-50.235374
683.000000,-1877.625122,-1071.899658,75.544128,-4.099031,-4.121942,-132.841861,-25.966206,5.442122,-6.985092,18.965076,-2.156051,-5.035183,1.035591,3.779376,5.520517,27.759737,-25.109434,-2.506624,9.870007,4.624128,1.025921,-7.963068,16.726397,-40.078766,67.661697,12.426229,4.842110,-12.008078,-13.073643,-21.463348,38.358135,56.674198,-9.654048,-2.688438,-50.417740
684.000000,-1877.542358,-1072.923828,75.295998,-4.235217,-4.243055,-133.722489,-26.586039,5.550076,-5.737195,21.226875,0.343161,-4.711952,-0.256333,1.741797,1.125717,31.014149,-27.259014,-2.846439,10.633586,4.756086,1.916716,-8.550337,16.481468,-39.718014,67.909470,12.431690,4.635318,-12.187490,-14.836937,-21.173492,38.689384,57.396557,-9.054084,-2.682541,-50.587593
685.000000,-1877.553345,-1073.790161,75.159912,-4.590974,-4.657234,-134.506318,-26.637203,6.749500,-3.734591,22.974070,1.773937,-4.453218,-1.418572,1.196076,-3.378387,34.162430,-29.145443,-2.272309,11.525783,5.127363,2.964020,-9.061439,16.378569,-39.350460,68.108040,12.425961,4.500478,-12.384714,-16.440933,-20.627260,38.937241,58.185741,-8.434269,-2.686296,-50.639732
686.000000,-1877.736694,-1074.612671,75.124840,-4.635946,-4.838552,-134.552427,-26.580442,7.782958,-1.357468,24.517288,2.242085,-4.044108,-2.168561,1.622542,-7.466743,37.122391,-30.244516,-1.459836,11.938105,5.043906,3.572707,-9.303177,16.382837,-39.147400,68.400269,12.426024,4.438182,-12.693170,-17.630424,-19.663498,39.117355,59.174236,-7.790852,-2.695095,-50.650990
687.000000,-1878.057617,-1075.462769,75.154236,-4.186816,-4.734015,-134.163882,-26.379301,8.043307,1.041725,25.123423,1.948503,-3.439012,-2.085938,1.904484,-10.461664,38.141861,-30.447371,-1.095707,12.046214,4.234515,3.258021,-9.170737,16.513514,-39.336815,68.638084,12.408882,4.475827,-12.921206,-17.728020,-18.807117,38.989449,59.808781,-7.578560,-2.681182,-50.561810
688.000000,-1878.421265,-1076.308350,75.192749,-3.547501,-4.599845,-133.795257,-26.064762,8.175932,3.039766,25.312969,1.788424,-2.925301,-1.587089,1.983557,-12.433320,38.143627,-30.227119,-0.991588,12.245019,3.565341,2.748683,-9.060909,16.774885,-39.657665,68.833817,12.316232,4.503468,-12.966517,-17.526550,-18.372478,38.815826,60.124279,-7.553930,-2.671959,-50.423195
689.000000,-1878.760376,-1077.142578,75.190643,-2.844428,-4.597694,-133.742521,-25.458099,8.583414,6.101074,25.607021,1.419609,-1.639325,-0.540305,1.853770,-14.750846,37.708191,-29.714989,-0.954180,12.813693,2.846727,1.977512,-8.943349,17.145248,-40.404572,69.010750,12.112728,4.506726,-13.062079,-17.352234,-18.037724,38.536865,60.644863,-7.543977,-2.658085,-50.113235
690.000000,-1879.025513,-1077.960815,75.121956,-2.020967,-4.655932,-134.252869,-24.890831,8.767327,8.481539,26.292967,1.201382,-1.154898,0.555205,1.297843,-16.250328,36.803192,-28.868404,-0.936405,13.556504,2.381506,1.291736,-8.715782,17.407116,-41.249710,69.038872,12.045198,4.481005,-13.473707,-17.469614,-17.873680,38.129162,61.182816,-7.538199,-2.655910,-49.701237
691.000000,-1879.196167,-1078.761597,74.961052,-1.053560,-4.706288,-135.472481,-24.305965,8.716387,10.957646,27.602152,0.756790,-0.521921,1.617053,0.081257,-16.874475,34.717697,-27.140327,-0.936759,14.602448,1.982370,0.570624,-8.163404,17.564606,-41.982910,69.068604,12.000971,4.472236,-14.190955,-18.111353,-17.805683,37.828537,61.609722,-7.542748,-2.648325,-49.125324
692.000000,-1879.332764,-1079.558716,74.762306,-0.207180,-4.789318,-136.749203,-24.022055,8.467656,12.430676,29.355581,-0.139374,0.136242,2.979806,-0.768085,-15.704964,32.972004,-29.386915,-0.942075,14.826382,1.952274,0.155788,-7.358539,17.621193,-42.166588,69.070274,12.004073,4.639401,-15.081320,-19.132874,-17.594952,37.809475,61.866894,-7.784827,-2.617603,-48.629696
693.000000,-1879.443359,-1080.298706,74.683174,0.277560,-5.034102,-137.867292,-23.800163,8.337878,13.288464,30.745428,-1.555257,0.663065,3.970163,-1.143181,-14.373933,31.831200,-30.906153,-1.148079,14.706954,2.069709,0.059225,-6.826446,17.567007,-42.137020,69.108543,12.057617,4.947553,-15.801680,-19.871834,-17.313488,37.884506,62.033524,-8.016468,-2.564113,-48.351971
694.000000,-1879.589844,-1081.088745,74.775108,0.353111,-5.511964,-138.873970,-23.035397,8.151546,13.349472,32.161491,-3.220176,0.965820,5.351802,-1.303079,-13.143875,30.945763,-31.127432,-1.036799,14.378927,2.780787,0.311904,-6.380891,17.239759,-42.054825,69.238342,12.259319,5.472893,-16.822453,-20.385519,-17.078930,38.144772,62.163891,-8.103931,-2.406107,-48.048992
695.000000,-1879.803467,-1081.913330,74.930359,0.646253,-5.685353,-140.464396,-22.265766,7.333880,12.389745,32.916580,-4.300228,1.391229,6.350951,-1.510484,-11.560375,30.016535,-30.911980,-0.789904,14.669062,3.074667,0.376410,-6.083988,17.024132,-41.957504,69.260857,12.509043,5.891581,-17.812338,-20.390688,-16.892187,38.583939,62.240410,-8.080590,-2.106331,-47.782467
696.000000,-1880.088013,-1082.780396,75.105385,1.151986,-5.459411,-142.156905,-21.478388,5.408357,9.829859,32.930256,-5.791648,1.255624,7.070270,-2.061337,-9.220126,28.965939,-30.679493,-0.407411,15.314834,2.872026,0.281735,-5.833145,16.940561,-41.933891,69.290871,12.841391,6.291335,-18.983988,-20.292667,-16.539370,39.358765,62.306068,-7.870200,-1.585437,-47.450516
697.000000,-1880.443359,-1083.687744,75.298759,1.803626,-5.020056,-143.338621,-21.251717,3.097063,8.066447,31.666357,-6.523556,0.803596,7.698186,-2.944500,-7.668121,27.685854,-30.455360,0.028000,15.400689,2.088335,0.232153,-5.928984,16.991982,-41.929188,69.352364,13.189744,6.649278,-19.979382,-20.122805,-16.129059,40.026020,62.396385,-7.642917,-1.123076,-47.150257
698.000000,-1880.824097,-1084.609619,75.440460,2.214298,-4.584305,-144.203339,-21.330793,1.167535,6.675519,30.081490,-6.812741,0.818168,8.536379,-3.690145,-6.537351,26.074146,-30.087399,0.485625,15.229311,1.364839,0.325787,-6.339636,17.064432,-41.930489,69.379196,13.436949,6.980939,-20.874081,-19.986521,-15.752915,40.472080,62.611050,-7.619842,-0.775781,-46.847397
699.000000,-1881.235352,-1085.548096,75.482201,2.453848,-4.109438,-145.196133,-21.537378,0.073711,5.887946,29.617344,-6.551358,0.920959,9.168671,-4.298204,-5.436452,24.836901,-29.881321,0.943329,15.075250,0.733524,0.423978,-6.944564,17.168020,-42.054253,69.381477,13.550745,7.276004,-21.591282,-19.943760,-15.366233,40.791054,62.936653,-7.615256,-0.483527,-46.531635
700.000000,-1881.653076,-1086.471069,75.394913,2.650599,-3.651742,-146.211885,-21.581291,-0.331949,5.699629,29.701551,-7.074419,0.855953,9.237226,-4.736614,-4.758361,24.753746,-30.060341,1.121445,14.921219,0.310251,0.466036,-7.422120,17.258995,-42.142414,69.381485,13.556777,7.425660,-21.988823,-19.970390,-15.104276,40.992050,63.243164,-7.618655,-0.354876,-46.328930
701.000000,-1882.032959,-1087.359863,75.251152,2.872016,-3.395651,-147.171095,-21.683506,-0.787098,6.190559,30.894720,-7.702049,0.970307,8.564445,-5.845997,-4.608265,26.839470,-30.712866,1.486844,14.472504,-0.440164,0.814609,-8.399627,17.396986,-42.170063,69.385246,13.556034,7.573133,-22.420212,-20.085175,-14.709696,41.146774,63.869053,-7.629386,-0.142274,-46.018894
702.000000,-1882.382202,-1088.229370,75.167572,2.755795,-3.508638,-148.021561,-21.321455,-0.739904,6.757035,32.179207,-8.505089,1.140577,7.053757,-6.935531,-5.786354,31.614693,-30.174776,2.098899,13.842952,-0.571419,1.450064,-9.366225,17.354273,-42.199844,69.399651,13.557205,7.627590,-22.583136,-20.032766,-14.569679,41.352493,64.356720,-7.751837,0.261997,-45.792992
703.000000,-1882.812500,-1089.144165,75.176018,2.589716,-3.726087,-148.926731,-20.472736,-0.580159,7.321781,32.922543,-9.074864,1.388638,4.859254,-8.001504,-6.556749,37.852551,-27.973547,3.017623,13.143311,-0.538650,1.802570,-10.094928,17.282990,-42.659935,69.641495,14.205141,7.869705,-22.951769,-19.429676,-14.479172,41.849464,64.792465,-7.912126,0.779555,-45.705982
704.000000,-1883.342163,-1090.041138,75.282166,2.536969,-3.892768,-149.645802,-19.364361,-0.560533,7.937680,33.307232,-10.437994,1.745429,2.595892,-8.886162,-6.383974,43.630646,-23.162220,3.613032,12.391002,-0.690471,1.783681,-10.456346,17.293436,-43.075138,70.209846,15.210257,8.215769,-23.351412,-18.271095,-14.357303,42.400143,65.332191,-7.919830,1.238752,-45.558865
705.000000,-1883.912109,-1090.915649,75.447380,2.587972,-3.989009,-150.341350,-18.492439,-0.635859,8.400849,33.168694,-11.170342,1.971632,0.912528,-9.489047,-5.949945,47.449596,-19.964729,3.860655,12.016144,-0.865458,1.616708,-10.583760,17.334837,-43.077511,70.449295,15.721596,8.327433,-23.437645,-17.270771,-14.360800,42.675941,65.735405,-7.922993,1.486230,-45.357342
706.000000,-1884.467285,-1091.744385,75.637337,2.618679,-4.057611,-151.037297,-16.986406,-0.765434,9.115791,32.592342,-12.040238,2.308678,-1.879448,-10.354311,-5.206384,53.087788,-14.255039,4.120079,11.461983,-1.016381,1.390159,-10.763875,17.417995,-42.954441,70.436539,16.451277,8.361088,-23.456421,-15.664578,-14.561945,42.919594,66.298210,-7.965583,1.788843,-44.876888
707.000000,-1884.991821,-1092.517334,75.820145,2.622698,-4.221609,-151.755587,-15.494915,-0.853774,9.775659,31.900198,-12.689407,2.631572,-4.589811,-10.987247,-4.802143,57.517662,-9.998080,4.236761,10.932522,-0.975504,1.367612,-11.060236,17.488342,-42.840729,70.106667,16.978003,8.358082,-23.453886,-14.308533,-14.968476,43.031990,66.636070,-8.038626,2.027549,-44.372589
708.000000,-1885.504883,-1093.239624,75.982719,2.584372,-4.454746,-152.421010,-13.966917,-0.908321,10.377008,31.225834,-13.300672,2.926282,-7.281556,-11.404950,-4.625153,61.211742,-8.287901,4.148344,10.245952,-0.782246,1.546147,-11.471629,17.550333,-42.801682,69.890411,17.620337,8.410324,-23.466709,-13.210879,-15.426207,43.040836,66.845795,-8.122067,2.203556,-43.913006
709.000000,-1886.037476,-1093.909302,76.134163,2.587385,-4.677883,-152.968695,-12.451497,-1.046943,10.849275,30.452749,-13.813340,3.198304,-9.950054,-11.661079,-4.677772,64.384850,-8.591438,3.856777,9.400973,-0.601617,1.774837,-11.998033,17.559746,-42.472221,69.669685,18.079350,8.371441,-23.432425,-12.300408,-15.846016,43.005245,67.114395,-8.313132,2.310181,-43.455173
710.000000,-1886.601685,-1094.544067,76.285378,2.593875,-4.833685,-153.455065,-11.099445,-1.192489,11.238618,29.626842,-14.195093,3.360937,-12.276058,-11.856390,-5.006413,66.383202,-9.297885,3.469925,8.537754,-0.458999,1.901968,-12.480428,17.556606,-42.175125,69.473877,18.269779,8.237920,-23.257034,-11.568996,-16.125277,42.777256,67.430321,-8.416880,2.344490,-43.007511
711.000000,-1887.199463,-1095.163452,76.437881,2.562916,-4.966161,-153.846874,-9.485351,-1.360773,11.604564,28.566370,-14.604993,3.475899,-14.839170,-12.085926,-5.680069,67.704514,-10.291071,2.995890,7.323736,-0.205293,2.012589,-12.996196,17.514940,-41.965664,69.208694,18.312683,8.026820,-22.947224,-10.803625,-16.403690,42.312557,67.847404,-8.456286,2.350583,-42.538857
712.000000,-1887.827881,-1095.746948,76.599953,2.552892,-5.034099,-154.139359,-8.349085,-1.535371,11.758899,27.663158,-14.780108,3.519542,-16.336603,-12.266364,-6.255119,67.564102,-11.143126,2.633016,6.500543,-0.042453,2.034335,-13.382837,17.383570,-41.858978,69.089500,18.315216,7.881314,-22.700031,-10.304399,-16.566088,41.982498,68.281059,-8.600912,2.351091,-42.261208
713.000000,-1888.498901,-1096.300537,76.769775,2.507392,-5.098639,-154.433493,-6.779798,-1.742997,11.928495,26.299725,-14.940492,3.544405,-18.059727,-12.379479,-7.002089,66.256493,-12.300551,2.229261,5.582443,0.178593,2.030914,-13.969040,17.044363,-41.641094,69.065010,18.310892,7.680572,-22.379360,-9.650522,-16.741615,41.496433,69.093422,-9.015429,2.353741,-41.909096
714.000000,-1889.221924,-1096.829468,76.930771,2.406209,-5.069946,-154.887349,-5.249552,-1.803931,12.159627,24.944557,-15.118830,3.521160,-19.663361,-12.168301,-7.552099,64.007362,-13.181422,1.950021,4.992246,0.451320,1.973923,-14.528863,16.607550,-41.258171,68.906937,18.299446,7.502782,-22.103783,-8.959418,-16.913616,40.971828,69.883873,-9.443789,2.456823,-41.603889
715.000000,-1889.947876,-1097.305054,77.064392,2.316756,-4.993174,-155.429578,-3.915956,-1.754393,12.498959,23.768930,-15.318588,3.429217,-21.085014,-11.905668,-8.058018,61.291874,-13.643997,1.759912,4.794456,0.716324,1.925671,-15.008153,16.193045,-40.895412,68.515511,18.200806,7.308634,-21.834530,-8.316089,-17.128517,40.682838,70.414932,-9.814075,2.696946,-41.366943
716.000000,-1890.749146,-1097.766357,77.179520,2.279011,-4.852547,-156.096177,-2.316420,-1.713759,13.023615,22.263252,-15.523141,3.261546,-22.735624,-11.705114,-8.776549,57.277725,-13.930140,1.553918,4.602571,0.967559,1.861695,-15.428802,15.763139,-40.540024,68.038223,17.865158,6.923413,-21.436882,-7.612010,-17.283075,40.287075,70.853973,-10.069405,3.017362,-41.129314
717.000000,-1891.596558,-1098.186157,77.266365,2.277435,-4.756019,-156.689815,-0.788907,-1.722188,13.471445,20.844641,-15.693416,3.101628,-23.895266,-11.688256,-9.734801,52.731365,-13.595490,1.301351,4.400000,1.118365,1.894512,-15.685484,15.430952,-40.234959,67.660332,17.294649,6.556044,-21.021784,-6.993139,-17.338703,39.851902,70.934799,-10.081278,3.324125,-40.968975
718.000000,-1892.473755,-1098.554932,77.317116,2.264434,-4.699847,-157.084703,0.735028,-1.746940,13.735324,19.536663,-15.925471,2.877092,-24.701031,-11.762646,-10.888186,47.634071,-12.812972,1.155698,3.964659,1.222317,1.953855,-15.782500,15.176356,-40.146416,67.290955,16.536148,6.313946,-20.618536,-6.473744,-17.281425,39.322853,70.932533,-10.083177,3.541780,-40.866196
719.000000,-1893.425537,-1098.892090,77.327499,2.289817,-4.626932,-157.371342,1.846234,-1.782033,13.834521,18.638155,-16.146658,2.666036,-25.147463,-11.799522,-11.670023,43.630894,-11.967374,1.104136,3.553646,1.248035,1.969597,-15.778159,15.000318,-40.142742,67.032013,15.946790,6.239820,-20.376554,-6.127773,-17.157162,38.808784,70.930367,-10.120985,3.628653,-40.837925
720.000000,-1894.461304,-1099.197998,77.287483,2.439582,-4.600535,-157.906265,3.308523,-1.870403,14.118748,17.483501,-16.446913,2.355105,-25.683498,-11.768315,-12.320323,38.874001,-10.867394,1.078627,3.349325,1.165622,1.974755,-15.731010,14.773758,-40.143257,66.759888,15.296403,6.183608,-20.118608,-5.711503,-16.985899,38.165527,70.952393,-10.171226,3.659951,-40.830444
721.000000,-1895.524414,-1099.451538,77.197647,2.640912,-4.663852,-158.409131,5.232922,-2.010368,14.584830,16.090137,-16.869793,1.920107,-26.272997,-11.731164,-12.863938,33.438015,-9.536537,1.070759,3.334061,0.936416,2.083811,-15.640966,14.559888,-40.200706,66.482185,14.814960,6.093656,-19.791695,-5.384888,-16.814568,37.822025,71.065071,-10.153724,3.676222,-40.825287
722.000000,-1896.665405,-1099.667969,77.060349,2.843487,-4.691866,-158.756753,6.909222,-2.121078,14.839516,15.060092,-17.390961,1.464867,-26.703150,-11.763822,-13.108137,28.739204,-8.129708,1.074452,3.271860,0.634521,2.150565,-15.558738,14.381167,-40.291836,66.394409,14.407286,6.068123,-19.467628,-5.177586,-16.677628,37.751179,71.139160,-10.134348,3.686850,-40.820457
723.000000,-1897.871216,-1099.855347,76.889427,2.960342,-4.705698,-158.830281,8.374547,-2.091698,14.846141,14.433418,-18.118004,0.960574,-26.959602,-11.935744,-13.448673,24.356352,-6.779683,1.083376,3.060383,0.383179,2.167786,-15.403245,14.192719,-40.306095,66.321060,14.085407,6.069120,-19.137964,-5.043054,-16.548153,37.616409,71.145782,-10.139700,3.689530,-40.817135
724.000000,-1899.172241,-1100.020752,76.679108,3.087708,-4.736996,-158.747719,9.821775,-2.019211,14.681828,13.928284,-18.923971,0.420890,-27.062803,-12.324954,-13.913276,20.630741,-5.622760,1.090395,2.764359,0.128503,2.184119,-15.196371,13.992650,-40.343517,66.248070,14.001299,6.094249,-18.822838,-4.996072,-16.385130,37.380051,71.151199,-10.136001,3.688182,-40.818504
725.000000,-1900.524902,-1100.162476,76.437363,3.201643,-4.722230,-158.528586,10.772748,-1.935746,14.483670,13.651995,-19.520948,0.029079,-27.057949,-12.681660,-14.271689,18.462210,-4.947600,1.089203,2.526729,-0.043648,2.148429,-15.007286,13.835961,-40.370064,66.237747,13.990954,6.130456,-18.585873,-4.985245,-16.240337,37.152225,71.156265,-10.139335,3.683670,-40.846508
726.000000,-1901.983276,-1100.285034,76.152557,3.296965,-4.661359,-158.255475,12.229559,-1.718355,14.117867,13.291898,-20.535891,-0.632347,-26.990530,-13.236620,-14.710982,15.636037,-4.114008,1.053499,2.164961,-0.289992,2.008884,-14.588749,13.597924,-40.378120,66.234222,13.980699,6.201798,-18.185345,-4.963341,-15.939868,36.692783,71.185387,-10.195480,3.652602,-40.983669
727.000000,-1903.531616,-1100.381836,75.815224,3.408235,-4.564545,-157.958248,13.581302,-1.431185,13.777157,13.015398,-21.567274,-1.319196,-26.928297,-13.763874,-14.918020,13.992799,-3.497098,0.867933,1.869961,-0.528694,1.818288,-14.071497,13.443695,-40.375313,66.235168,13.967422,6.289098,-17.829969,-4.942986,-15.580029,36.187344,71.249191,-10.389041,3.564658,-41.221260
728.000000,-1905.177246,-1100.447632,75.421341,3.480492,-4.436941,-157.674906,14.927287,-1.023970,13.461588,12.839192,-22.696051,-2.112647,-26.900791,-14.234531,-14.937280,13.583775,-2.806663,0.555320,1.569669,-0.770418,1.629851,-13.436196,13.396217,-40.331223,66.243912,13.951174,6.413884,-17.495815,-4.910298,-15.154130,35.554131,71.257904,-10.754972,3.391806,-41.594719
729.000000,-1906.810425,-1100.480225,75.005325,3.447935,-4.264142,-157.479977,16.245258,-0.366468,13.241953,12.803671,-23.963667,-3.035894,-26.954636,-14.380407,-14.847562,14.587831,-2.133433,0.254965,1.325513,-0.907124,1.404143,-12.697603,13.416191,-40.222019,66.347275,13.938458,6.573906,-17.151205,-4.847237,-14.715657,35.024330,71.261253,-11.159248,3.120909,-42.055939
730.000000,-1908.548950,-1100.496460,74.553574,3.147180,-4.102476,-157.447748,17.467203,0.588392,13.224114,12.923536,-25.242647,-3.993141,-27.114180,-13.957659,-14.781705,16.733767,-0.576898,-0.819978,1.210616,-0.746112,1.278566,-12.005398,13.464942,-40.191872,66.557953,13.927217,6.683414,-16.711464,-4.828332,-14.400488,34.809406,71.292122,-11.318252,2.808104,-42.480667
731.000000,-1910.219360,-1100.549683,74.211502,2.233743,-3.943100,-157.366207,18.492855,1.979733,13.245654,13.193165,-26.422079,-4.841320,-27.552713,-13.223452,-14.988826,19.230375,2.173411,-1.622464,1.063198,0.025706,1.362143,-11.409443,13.382470,-40.186726,66.721420,13.919147,6.784589,-16.154612,-4.974082,-14.315975,34.646664,71.372711,-11.405755,2.526177,-42.760853
732.000000,-1911.820190,-1100.598145,73.993820,1.366542,-3.551348,-157.095310,19.314861,3.721202,12.629230,13.539742,-27.326414,-5.503371,-28.116106,-12.366096,-15.482349,22.304119,3.756477,-2.016234,0.721475,1.131762,1.427722,-10.771717,13.266535,-40.191422,66.855721,13.846814,6.851040,-15.474513,-5.145565,-14.293622,34.311195,71.611534,-11.600441,2.256751,-42.954376
733.000000,-1913.292847,-1100.616333,73.880119,0.901561,-3.022666,-156.976479,19.717928,4.971575,11.874013,13.966195,-27.251064,-6.165028,-28.793406,-11.620174,-15.511932,25.005735,4.073006,-2.253257,0.638744,1.715514,1.313063,-10.270186,13.276155,-40.194645,67.262604,13.597301,6.825786,-14.795067,-5.121980,-14.222045,33.950684,71.870750,-11.911358,2.089205,-43.032997
734.000000,-1914.792480,-1100.630127,73.822670,0.595804,-2.559630,-157.028235,20.082842,5.964413,11.575686,14.565400,-26.445538,-7.018691,-29.291859,-10.869130,-15.292984,27.355993,3.775723,-2.560887,0.693745,1.976821,1.250323,-9.791019,13.390908,-40.197823,67.912254,13.354162,6.812315,-14.035736,-4.988228,-14.167320,33.715736,71.993370,-12.212521,2.015026,-43.045887
735.000000,-1916.224243,-1100.655151,73.781898,0.471448,-2.156017,-157.201435,20.424597,6.420886,11.266193,14.822578,-25.606928,-7.514871,-29.498657,-10.446017,-15.120681,28.749681,3.681819,-2.768209,0.738144,1.985029,1.172801,-9.420732,13.514305,-40.197525,68.509560,13.290317,6.809438,-13.521036,-4.797494,-14.128781,33.558861,72.018204,-12.423745,1.977401,-43.048595
736.000000,-1917.684937,-1100.733643,73.776428,0.069862,-1.703774,-157.678603,21.059851,7.183065,10.690322,14.977441,-24.165628,-8.136505,-29.976149,-9.601998,-15.029315,31.355034,1.463245,-3.119510,0.936727,2.289119,0.964912,-8.708217,13.620960,-40.191067,69.632973,13.302722,6.816439,-12.599171,-4.488674,-14.196144,33.305286,72.030052,-12.750343,1.935937,-43.039177
737.000000,-1919.092041,-1100.821899,73.799683,-0.399295,-1.182965,-158.171620,21.410498,7.937597,9.882591,15.252286,-22.847927,-8.496428,-30.243998,-8.624002,-15.133424,33.234402,-0.903616,-3.432517,1.003235,2.762361,0.745766,-7.898551,13.781187,-40.251976,70.580513,13.370424,6.924585,-11.781273,-4.255349,-14.373665,33.137779,71.904289,-13.055243,1.925908,-43.010647
738.000000,-1920.446411,-1100.900024,73.842201,-0.865706,-0.777376,-158.617180,21.594772,8.658259,9.115380,15.895832,-21.384655,-8.764654,-30.196569,-7.681725,-15.302034,34.588146,-2.870831,-3.713405,0.953548,3.127920,0.716056,-7.106438,14.054709,-40.306347,71.343819,13.660167,7.256575,-11.189919,-4.046481,-14.568170,32.837036,71.570328,-13.522390,1.930978,-42.949059
739.000000,-1921.737915,-1100.963623,73.901596,-1.261129,-0.545313,-159.022207,21.691401,9.321730,8.378041,16.967957,-19.725544,-8.895127,-29.837120,-6.795332,-15.476407,35.590393,-4.550243,-3.955390,0.888977,3.323248,0.814939,-6.339715,14.392070,-40.311478,71.857140,14.289122,7.852638,-10.789040,-3.851330,-14.699492,32.412594,71.217743,-14.029318,1.936687,-42.832031
740.000000,-1922.986084,-1101.030273,73.983101,-1.627237,-0.435372,-159.456241,21.725838,9.852475,7.704374,18.207821,-17.966087,-9.078552,-29.285759,-5.997747,-15.591969,36.206810,-5.854007,-4.164943,0.881068,3.392003,0.895645,-5.645468,14.686026,-40.313934,72.108513,14.847447,8.514462,-10.513618,-3.679224,-14.769380,32.125187,70.958641,-14.219599,1.942593,-42.728157
741.000000,-1924.210327,-1101.111206,74.093201,-2.024802,-0.443807,-159.834863,21.723787,10.490426,6.769792,19.912247,-15.460030,-9.442376,-28.326599,-5.003895,-15.787249,36.633247,-7.285163,-4.434218,0.867922,3.469747,0.948365,-4.817721,14.977086,-40.318569,72.299927,15.290629,9.269638,-10.215940,-3.423297,-14.851088,31.937208,70.667107,-14.257824,1.950331,-42.627872
742.000000,-1925.339111,-1101.205933,74.240402,-2.445004,-0.570147,-160.107382,21.605701,11.001777,6.139341,21.371983,-13.428828,-9.863535,-27.395189,-4.329960,-16.048836,36.612022,-8.093535,-4.662006,0.861670,3.590328,0.981432,-4.340768,15.060032,-40.321106,72.390800,15.476791,9.729463,-10.005204,-3.100826,-14.940796,31.775742,70.352867,-14.327260,1.980945,-42.596046
743.000000,-1926.473022,-1101.321289,74.436661,-2.790851,-0.760382,-160.420595,21.279697,11.558670,5.459470,23.595242,-10.180479,-10.277482,-25.997129,-3.489281,-16.373182,36.323265,-8.992003,-4.971205,0.913148,3.705167,0.991567,-3.731669,15.094967,-40.324654,72.404770,15.795364,10.216778,-9.745931,-2.512279,-15.085604,31.523716,69.724701,-14.633239,2.008497,-42.585949
744.000000,-1927.590698,-1101.458130,74.689804,-3.119366,-0.993684,-160.767875,20.691128,12.044686,4.865130,26.153122,-6.036250,-10.695604,-24.385183,-2.695200,-16.795290,35.687916,-9.620550,-5.314394,0.863766,3.875618,0.991571,-3.133030,15.037817,-40.341873,72.384308,16.010679,10.577037,-9.506348,-1.936859,-15.242306,31.353344,69.113144,-14.962257,2.009796,-42.582909
745.000000,-1928.720337,-1101.604858,75.000053,-3.381290,-1.157807,-161.317935,19.810787,12.413054,4.558960,28.712509,-1.288991,-10.824207,-22.672754,-2.104961,-17.788847,34.552155,-10.047714,-5.929789,0.879705,4.036589,0.899768,-2.610679,14.981026,-40.430092,72.300781,16.107029,10.826027,-9.235294,-1.415874,-15.380697,31.316620,68.608574,-15.003472,2.006727,-42.582333
746.000000,-1929.821411,-1101.757568,75.317017,-3.593626,-1.306199,-162.174969,18.521725,12.635333,4.396202,31.801697,5.652333,-10.063601,-20.496559,-1.273991,-18.987690,32.766811,-10.359610,-6.624958,1.109895,4.228686,0.726458,-1.983471,14.920738,-40.545036,72.182777,16.294573,11.040530,-8.861618,-0.868994,-15.554502,31.309250,68.042023,-15.053539,1.999095,-42.596024
747.000000,-1930.879028,-1101.907715,75.590927,-3.919095,-1.361169,-162.754765,16.656303,12.935925,4.032176,35.004440,12.558306,-7.980587,-18.391071,-0.386345,-20.008072,30.603733,-10.645623,-7.020730,1.130005,4.542706,0.563810,-1.638150,14.844900,-40.548363,72.100601,16.661037,11.204291,-8.490722,-0.441687,-15.750319,31.226625,67.557175,-15.369227,1.957165,-42.701027
748.000000,-1931.798340,-1102.053223,75.782150,-4.426861,-1.520759,-162.902395,13.979621,13.451437,3.656789,39.013245,15.890000,-6.021225,-16.462961,0.655641,-20.423681,28.715374,-10.741422,-6.994851,0.909500,5.092088,0.723279,-1.785369,14.707500,-40.534584,71.994354,16.955492,11.452789,-8.075388,-0.184613,-16.015167,31.056581,67.210213,-15.878778,1.872189,-42.944683
749.000000,-1932.558472,-1102.190796,75.898285,-4.784596,-1.850972,-163.071024,11.315842,13.585407,3.554706,43.330894,14.970295,-4.893286,-15.200810,1.293300,-20.490255,27.672190,-10.868900,-6.873717,0.941537,5.396941,1.019884,-2.226057,14.582612,-40.531807,71.908775,17.070553,11.667017,-7.731139,-0.105857,-16.177341,30.912809,67.160263,-16.244190,1.834406,-43.143597
750.000000,-1933.250000,-1102.342407,75.983932,-4.883596,-2.266031,-163.622273,7.971973,13.255856,3.836958,49.512123,12.206904,-3.689321,-13.850637,1.936579,-20.021624,26.836515,-11.134397,-6.587379,1.515438,5.486514,1.425737,-2.833713,14.446623,-40.534550,71.736702,17.265926,11.902996,-7.270995,-0.067924,-16.258108,30.772255,67.266861,-16.578156,1.817582,-43.266884
751.000000,-1933.958618,-1102.524414,76.092949,-4.797247,-2.535539,-164.203765,3.918127,12.475299,4.253595,56.589905,8.029004,-2.465603,-12.549541,2.418533,-19.251945,26.163229,-11.538558,-6.357272,2.228021,5.271310,1.465111,-3.207524,14.343672,-40.580517,71.421776,17.641983,12.055818,-6.687400,0.032238,-16.211494,30.729801,67.435333,-16.816553,1.791072,-43.271370
752.000000,-1934.659180,-1102.731689,76.232887,-4.768235,-2.703892,-164.435814,0.223333,11.916365,4.506328,61.865391,3.884323,-1.675396,-11.342509,2.666031,-18.858288,25.351645,-11.818620,-6.152040,2.467737,5.001443,1.170012,-3.358008,14.270229,-40.699215,71.204872,17.757221,12.064224,-6.274863,0.278415,-16.157202,30.713675,67.358994,-16.994970,1.691705,-43.250004
753.000000,-1935.347168,-1102.967773,76.394875,-4.678638,-2.899618,-164.726555,-3.019395,11.483887,4.868714,65.458916,0.077392,-1.142934,-10.062071,2.857877,-18.401447,24.398626,-11.991572,-5.905211,2.672580,4.697152,0.867891,-3.441816,14.278771,-40.938000,70.879784,17.569611,12.029160,-6.062298,0.458471,-16.141163,30.706060,67.191963,-17.086658,1.522103,-43.241993
754.000000,-1935.986694,-1103.219971,76.568619,-4.531886,-3.176645,-165.132990,-5.124681,11.138544,5.102043,67.114410,-2.453390,-0.879163,-9.037260,2.978673,-17.934526,23.603964,-12.041245,-5.705281,2.881052,4.440373,0.736672,-3.499099,14.337968,-41.081448,70.580116,17.293447,11.924876,-6.009694,0.455185,-16.144360,30.693346,67.048012,-17.028667,1.412750,-43.236675
755.000000,-1936.606812,-1103.492432,76.745888,-4.391951,-3.443754,-165.524390,-7.481536,10.802302,5.250291,68.168457,-5.120539,-0.712505,-7.760145,3.095350,-17.365814,22.545780,-12.017184,-5.462688,3.187125,4.119974,0.646731,-3.632790,14.454201,-41.097370,70.197159,16.871023,11.717944,-6.004670,0.381022,-16.185190,30.674389,66.787819,-16.815353,1.301820,-43.232296
756.000000,-1937.200317,-1103.783691,76.907158,-4.264080,-3.721898,-165.927459,-10.139334,10.613765,5.400856,68.508965,-7.901925,-0.669513,-6.217947,3.205926,-16.720865,21.233118,-11.945971,-5.171367,3.625283,3.795234,0.591317,-3.943964,14.770406,-41.085911,69.742897,16.318682,11.538542,-6.013046,0.317106,-16.319672,30.648045,66.302086,-16.399315,1.191246,-43.233917
757.000000,-1937.792725,-1104.099609,77.058098,-4.109620,-3.975484,-166.247185,-12.416430,10.561583,5.545971,67.872589,-9.971883,-0.654454,-4.848899,3.199908,-16.171169,20.109541,-11.941971,-4.903032,4.051549,3.508490,0.556747,-4.370215,15.222382,-41.079739,69.537666,15.836492,11.273465,-6.054928,0.278145,-16.448429,30.648262,65.848503,-16.108986,1.115161,-43.238983
758.000000,-1938.381226,-1104.449707,77.195236,-3.906689,-4.185078,-166.520735,-14.608829,10.453487,5.608840,66.362076,-11.902987,-0.645553,-3.577753,3.040432,-15.661275,19.156248,-12.040739,-4.605684,4.441629,3.181415,0.518988,-4.762539,15.582796,-41.073154,69.430656,15.570123,10.871562,-6.153017,0.246472,-16.570539,30.742260,65.484200,-15.991125,1.014767,-43.245544
759.000000,-1938.974243,-1104.842529,77.312248,-3.707490,-4.377705,-166.871177,-16.607979,10.423519,5.785005,64.006126,-13.574693,-0.643840,-2.418086,2.836601,-15.086429,18.366426,-12.211428,-4.317905,4.911683,2.896563,0.516735,-5.056615,15.797047,-40.933010,69.326622,15.533989,10.452619,-6.305882,0.265541,-16.739262,30.870602,65.022705,-15.865809,0.924220,-43.252407
760.000000,-1939.570801,-1105.272827,77.401947,-3.569193,-4.549189,-167.159408,-17.869656,10.476085,5.952516,61.956867,-14.435479,-0.658362,-1.637753,2.682290,-14.735893,17.869274,-12.352646,-4.107338,5.160437,2.747854,0.544290,-5.151575,15.894156,-40.770584,69.222992,15.531466,10.155129,-6.447009,0.276511,-16.867403,30.900894,64.609009,-15.820907,0.873135,-43.260376
761.000000,-1940.206909,-1105.772949,77.466377,-3.485963,-4.653269,-167.178483,-19.771229,10.418840,5.889009,58.139332,-15.294951,-0.720646,-0.440264,2.379505,-14.463077,17.135336,-12.630923,-3.705377,5.239347,2.632381,0.551697,-5.210388,16.100414,-40.528255,69.057228,15.512566,9.834132,-6.630438,0.292911,-17.122768,30.907045,63.859859,-15.775272,0.762356,-43.343872
762.000000,-1940.829834,-1106.307739,77.501122,-3.429616,-4.789744,-167.192715,-21.275427,10.174275,5.551782,53.785236,-15.367078,-0.827388,0.677830,2.007116,-14.345718,16.580925,-13.003607,-3.258386,5.222425,2.623465,0.622578,-5.252401,16.211700,-40.322567,68.897545,15.481438,9.616061,-6.820716,0.326333,-17.426950,30.902168,63.106213,-15.660476,0.638421,-43.509075
763.000000,-1941.493408,-1106.886963,77.518066,-3.357070,-4.846342,-167.332240,-22.301865,10.051015,5.392436,48.364811,-14.405216,-0.998955,1.682943,1.602285,-14.077556,16.181036,-13.471634,-2.759609,5.407527,2.649822,0.588960,-5.198181,16.232651,-40.056316,68.789146,15.474625,9.389791,-7.037381,0.370073,-17.708727,30.887636,62.464008,-15.598934,0.460806,-43.732628
764.000000,-1942.206177,-1107.513672,77.508675,-3.296213,-4.855073,-167.478817,-23.002314,10.095052,5.452653,42.268295,-12.681124,-1.236905,2.596890,1.148489,-13.857801,15.908009,-14.025754,-2.185045,5.602595,2.677645,0.496126,-5.110472,16.245325,-39.689716,68.732285,15.475204,9.225683,-7.173192,0.336928,-17.908722,30.870268,62.014904,-15.564419,0.283391,-44.034267
765.000000,-1942.951782,-1108.182251,77.462257,-3.269886,-4.899291,-167.665016,-23.255751,10.188559,5.540706,38.027626,-11.183896,-1.418358,3.209869,0.829603,-13.706086,15.825204,-14.449990,-1.749576,5.787432,2.704715,0.507929,-5.075997,16.247990,-39.427612,68.702400,15.480949,9.107447,-7.282576,0.263762,-18.021502,30.866562,61.759987,-15.531950,0.182869,-44.290993
766.000000,-1943.739136,-1108.898560,77.374603,-3.321226,-4.905551,-168.000935,-23.499508,10.445492,5.541181,31.458572,-8.726330,-1.714483,4.111776,0.376685,-13.346988,15.816245,-15.191911,-1.023412,6.255911,2.797942,0.516772,-5.023586,16.233511,-39.055813,68.652077,15.620804,8.889355,-7.475344,0.081232,-18.160652,30.862793,61.433887,-15.451829,0.072816,-44.766968
767.000000,-1944.586914,-1109.687378,77.241203,-3.493128,-4.865134,-168.490346,-23.545067,10.811221,5.169891,25.692028,-6.758576,-2.019576,4.874254,0.063111,-12.883834,15.859975,-15.940093,-0.341501,6.881095,3.013482,0.482185,-4.911674,16.132410,-38.861973,68.640778,15.981334,8.644198,-7.815047,-0.186948,-18.273363,30.861423,61.100430,-15.261345,0.061525,-45.228188
768.000000,-1945.467163,-1110.526489,77.050606,-3.805770,-4.779585,-168.837725,-23.479088,11.152433,4.225645,20.300886,-5.498429,-2.416341,5.630839,-0.183876,-12.595683,15.944627,-16.758598,0.389265,7.384107,3.384154,0.450741,-4.714780,16.001905,-38.715923,68.585335,16.280792,8.410370,-8.185933,-0.603797,-18.419828,30.861307,60.661987,-15.059306,0.047246,-45.716709
769.000000,-1946.372559,-1111.417236,76.789543,-4.235641,-4.719603,-168.846215,-23.455866,11.294646,3.119187,16.078468,-4.849634,-2.656684,6.490925,-0.425641,-12.674225,16.120329,-17.687614,1.200578,7.444798,3.897943,0.513846,-4.449351,15.859644,-38.514435,68.461739,16.395065,8.255416,-8.437696,-1.254452,-18.602671,30.857758,60.365292,-15.037663,0.006759,-46.363354
770.000000,-1947.333740,-1112.389038,76.457603,-4.661261,-4.592160,-168.669950,-23.674887,11.190268,2.271193,14.148219,-4.302256,-2.715174,7.185029,-0.754790,-12.903889,16.571409,-18.740499,2.014666,7.422063,4.372741,0.556063,-4.257865,15.672903,-38.363510,68.416542,16.400116,8.061762,-8.733528,-1.903092,-18.808504,30.855812,60.212097,-15.025014,-0.033827,-47.046516
771.000000,-1948.337158,-1113.407349,76.099213,-4.798303,-4.393049,-168.498812,-24.156700,10.551440,1.564892,14.215215,-2.347295,-2.661770,7.723305,-1.557521,-13.097503,17.703627,-20.344593,3.067991,7.526486,4.627651,0.624528,-4.089174,15.430945,-38.100822,68.401443,16.403578,7.865369,-8.956766,-2.701430,-18.987782,30.857771,60.154961,-14.987554,-0.095096,-47.864918
772.000000,-1949.342896,-1114.359131,75.857796,-4.424190,-4.136658,-168.368377,-24.580891,9.709123,1.442901,15.529671,0.322626,-2.434888,7.992152,-2.532161,-13.139711,18.594488,-21.491962,3.582989,7.674524,4.286664,0.820223,-4.067939,15.432397,-37.872620,68.401978,16.418648,7.796928,-8.994099,-3.317847,-18.881786,30.879509,60.216747,-14.924140,-0.119393,-48.311497
773.000000,-1950.306152,-1115.219360,75.742493,-3.993453,-3.729025,-168.424893,-25.081423,8.744446,1.778507,17.354565,2.114771,-2.185971,8.233134,-3.726759,-12.931999,19.425545,-22.977224,3.546773,7.910822,3.686852,1.050081,-3.970958,15.481950,-37.787464,68.405052,16.479532,7.612640,-9.211062,-4.271804,-18.529417,30.965454,60.416100,-14.816308,-0.184381,-48.800709
774.000000,-1951.203003,-1115.998535,75.711823,-3.797777,-3.269980,-168.438730,-25.574699,8.123851,2.276389,19.075611,2.598048,-1.968515,8.404433,-4.592376,-12.851008,19.928782,-24.540781,3.237919,8.084046,3.315123,1.175703,-3.810444,15.420263,-37.741207,68.442490,16.571331,7.483899,-9.469264,-5.214935,-18.137177,31.104286,60.696732,-14.742829,-0.374858,-49.326382
775.000000,-1952.062744,-1116.715088,75.719528,-3.803159,-2.889087,-168.360630,-26.057337,7.800519,2.480261,20.746935,2.375477,-1.745540,8.527433,-5.075046,-13.669217,20.086018,-25.684502,3.411820,8.205077,3.319407,1.265789,-3.795697,15.311207,-37.657444,68.552505,16.585699,7.473197,-9.610659,-5.890442,-17.861723,31.233261,61.169533,-14.705702,-0.703159,-49.848381
776.000000,-1952.915527,-1117.381714,75.743317,-3.761740,-2.725955,-168.360464,-26.322939,7.490545,2.840473,22.760452,1.630811,-1.438419,8.523469,-5.437630,-14.725349,20.213306,-26.700714,3.760127,8.446554,3.333189,1.531332,-3.794795,15.151026,-37.641594,68.652222,16.589956,7.468263,-9.975882,-6.574591,-17.524612,31.343897,61.902390,-14.639577,-1.025562,-50.360439
777.000000,-1953.812988,-1117.987549,75.761986,-3.470840,-2.730569,-168.290111,-26.205219,7.222798,3.287268,23.960453,0.965012,-1.220724,8.496243,-5.656096,-15.111617,20.402214,-26.842644,4.102276,8.589384,3.163363,1.730020,-3.784690,15.035681,-37.699966,68.827713,16.585787,7.467876,-10.342686,-6.856373,-17.247631,31.441986,62.458832,-14.578076,-1.119559,-50.628765
778.000000,-1954.783081,-1118.537476,75.758629,-2.924872,-2.598433,-168.111702,-25.882725,6.615474,4.105730,25.181944,0.213978,-0.899699,8.669268,-6.244048,-15.634503,20.343983,-27.089018,4.442045,8.602764,2.554933,1.610443,-3.672632,14.904189,-38.009830,69.285423,16.592543,7.482351,-10.941612,-6.839983,-16.750343,31.640839,63.296898,-14.397621,-1.144550,-50.935551
779.000000,-1955.823120,-1119.067139,75.719040,-2.222969,-2.428123,-167.803258,-25.498274,5.896514,5.138797,26.093859,-0.188369,-0.536337,8.988748,-6.929731,-15.234053,20.300472,-26.633303,4.849829,8.548732,1.700231,1.110324,-3.383394,14.861820,-38.576466,69.635880,16.645967,7.514866,-11.619770,-6.557940,-16.213051,32.029236,64.212738,-14.033756,-1.143418,-51.117229
780.000000,-1956.855225,-1119.569824,75.618393,-1.385663,-2.258729,-167.918706,-25.024349,5.271192,6.262058,26.709517,0.012686,-0.172953,9.612886,-7.785737,-15.026171,19.309221,-26.104931,5.136601,8.799108,0.847083,0.620742,-3.222626,14.974607,-39.297150,69.844994,16.845984,7.552466,-12.290226,-6.252815,-15.829945,32.583344,64.921371,-13.579882,-1.085131,-51.173260
781.000000,-1957.794922,-1120.009766,75.515335,-0.379449,-2.182973,-168.138315,-24.524437,4.238084,7.441499,27.917477,-1.242599,0.410102,10.396273,-9.124318,-14.294383,18.732487,-24.504734,5.795117,9.096867,-0.272022,0.461338,-3.315322,15.410617,-40.023380,69.999496,17.148962,7.610791,-13.045985,-6.186378,-15.371124,33.149521,65.589462,-13.068872,-0.991154,-51.155415
782.000000,-1958.715210,-1120.452637,75.466507,0.538222,-2.052738,-168.518029,-24.003956,3.380158,8.477345,28.867804,-2.882868,0.867564,11.266977,-10.507735,-14.012582,18.255537,-24.731426,6.820650,9.327097,-1.087042,0.445247,-3.377873,15.675915,-40.256248,70.119461,17.278194,7.685004,-13.640966,-6.249438,-14.951221,33.478752,66.091431,-12.883709,-0.908574,-51.102631
783.000000,-1959.599365,-1120.893188,75.462166,1.286805,-1.804539,-168.944625,-23.630016,2.837154,9.165628,29.335678,-3.941634,1.161680,11.816564,-11.421391,-13.951951,17.830011,-24.893087,7.330366,9.438225,-1.509930,0.380534,-3.414912,15.776134,-40.306648,70.172882,17.374306,7.777253,-14.106401,-6.294765,-14.700541,33.829762,66.422958,-12.907230,-0.802845,-51.058880
784.000000,-1960.430664,-1121.326050,75.494980,1.855842,-1.611584,-169.374043,-23.041763,2.199962,9.912599,29.715279,-5.128529,1.529756,12.363123,-12.592535,-14.552518,17.696178,-24.715572,8.005577,9.455156,-1.813636,0.422555,-3.544687,15.853509,-40.364250,70.183540,17.640953,7.968191,-14.754746,-6.334987,-14.516217,34.460587,66.787224,-13.044527,-0.647043,-50.942009
785.000000,-1961.213867,-1121.757812,75.582535,2.225058,-1.527951,-170.001384,-22.304302,1.867055,10.598604,29.859262,-6.110152,1.767749,12.497540,-13.577094,-15.259401,18.346256,-24.123575,8.600530,9.513365,-1.838423,0.580129,-3.669880,15.851874,-40.370419,70.182091,17.940344,8.153612,-15.163570,-6.329629,-14.442880,35.079746,67.187996,-13.150640,-0.529034,-50.737289
786.000000,-1962.003906,-1122.224731,75.727936,2.333323,-1.508882,-170.577255,-21.225101,1.678720,11.240147,29.884392,-7.227783,2.013010,12.077882,-14.531201,-15.373541,20.382235,-22.854500,9.256491,9.389742,-1.528067,0.744210,-3.722035,15.695253,-40.372849,70.168198,18.418795,8.350301,-15.596338,-6.139981,-14.443001,35.633766,67.625374,-13.172051,-0.299960,-50.422325
787.000000,-1962.830322,-1122.700439,75.922325,2.424745,-1.506266,-170.953633,-20.031408,1.374081,11.587566,29.436913,-7.981001,2.254579,10.981802,-15.452139,-15.074701,23.792402,-21.226070,9.633724,8.971786,-1.255951,0.731275,-3.743498,15.524888,-40.473827,70.165062,18.731527,8.535131,-16.075426,-5.608480,-14.530424,36.035122,67.735909,-13.179968,0.176038,-50.158939
788.000000,-1963.709595,-1123.155029,76.150063,2.563198,-1.571820,-171.140190,-18.919212,1.007326,11.781621,28.756382,-8.360763,2.441144,10.018955,-16.118025,-14.358433,26.678049,-19.618212,9.801134,8.619923,-1.232178,0.674729,-3.780691,15.498673,-40.659061,70.245544,19.081696,8.717398,-16.415344,-5.014542,-14.610069,36.308918,67.740631,-13.186764,0.593983,-49.984135
789.000000,-1964.635254,-1123.614624,76.405785,2.686262,-1.702749,-171.263381,-17.228281,0.454169,11.972458,27.520023,-8.710129,2.675314,8.607564,-16.873877,-12.964442,30.673330,-16.772091,9.903772,8.254126,-1.316995,0.520386,-3.899941,15.535005,-40.685768,70.381866,19.347609,8.930747,-16.860510,-4.034888,-14.756268,36.647923,67.773491,-13.183391,1.174945,-49.762283
790.000000,-1965.572144,-1124.077515,76.669136,2.852465,-1.853875,-171.556622,-15.444054,-0.028087,12.272197,26.086319,-8.925744,2.854152,7.012770,-17.613262,-11.652866,34.675121,-13.392929,9.818766,8.064653,-1.463667,0.386637,-4.022141,15.632796,-40.792831,70.321342,19.369909,8.955002,-17.283051,-3.190140,-14.922027,36.979740,67.892189,-13.094555,1.670417,-49.492657
791.000000,-1966.521484,-1124.538086,76.916878,3.034861,-1.998245,-172.016985,-13.163172,-0.588696,12.813239,24.139915,-9.108042,3.034334,4.758148,-18.583319,-10.133693,39.583103,-8.544709,9.184525,7.801311,-1.762868,0.273179,-4.039337,15.927294,-41.629948,70.272255,19.550526,9.078424,-17.742786,-2.437181,-15.103887,37.439938,67.977020,-12.780075,2.216111,-49.057556
792.000000,-1967.438721,-1124.987915,77.137718,3.166939,-2.212463,-172.589446,-10.973189,-1.033057,13.362893,22.274490,-9.264418,3.163534,2.468573,-19.356722,-8.707064,43.890614,-3.022632,7.897280,7.502571,-2.009098,0.381832,-4.002962,16.239950,-42.270988,70.270569,19.582697,9.194482,-18.164829,-2.028999,-15.340317,37.970116,67.997108,-12.618463,2.594562,-48.546562
793.000000,-1968.308105,-1125.395630,77.303513,3.093566,-2.294223,-173.056642,-9.264525,-1.234752,13.685790,20.956484,-9.618510,3.201794,-0.081375,-19.623034,-7.637502,47.709049,1.672877,6.058764,7.029152,-2.089780,0.507877,-4.047001,16.526766,-42.454769,70.241470,19.652834,9.223747,-18.617973,-1.812348,-15.569845,38.264034,68.000496,-12.600037,2.751277,-47.974514
794.000000,-1969.086304,-1125.706909,77.403778,2.981189,-2.478548,-173.495914,-8.197073,-1.278994,13.879333,20.341866,-10.000459,3.186638,-2.280452,-19.515358,-7.379285,50.488945,2.514863,5.015331,6.649020,-2.168268,0.822548,-4.250514,16.814337,-42.466602,70.158997,19.745197,9.224067,-18.925648,-1.843644,-15.693508,38.373516,67.994698,-12.600688,2.768587,-47.496170
795.000000,-1969.826538,-1125.955811,77.465645,2.833967,-2.808932,-173.730365,-6.953941,-1.269617,13.946332,19.945427,-10.565256,3.132483,-4.820403,-19.193987,-7.727947,53.928543,1.172786,4.093607,6.032441,-2.208472,1.454677,-4.592553,17.149044,-42.410065,70.093407,19.990040,9.223187,-19.223717,-1.962635,-15.829304,38.402275,67.990211,-12.629089,2.752637,-46.851055
796.000000,-1970.616577,-1126.188354,77.510368,2.645027,-3.008089,-173.902066,-5.632088,-1.183120,13.955631,19.713297,-11.377244,3.021545,-7.997133,-18.796991,-8.781231,57.742970,-1.967477,3.153440,5.225591,-2.176757,2.008838,-5.044588,17.463987,-42.307758,70.068901,20.347870,9.225799,-19.429192,-1.950956,-16.085136,38.408978,67.990974,-12.691981,2.716539,-45.930504
797.000000,-1971.418945,-1126.398438,77.543747,2.484193,-3.089441,-174.093251,-4.612549,-1.081642,13.999531,19.537447,-12.116546,2.916833,-10.851608,-18.374334,-9.753486,59.994205,-5.085649,2.535814,4.671027,-2.087443,2.200408,-5.584321,17.633327,-42.272884,70.100479,20.636030,9.208149,-19.505688,-1.775754,-16.439024,38.385048,68.000023,-12.712045,2.708945,-45.024803
798.000000,-1972.265259,-1126.608276,77.581093,2.183108,-3.080301,-174.188144,-3.763435,-0.851656,13.953560,19.506542,-12.909094,2.804608,-13.359935,-17.897999,-10.929458,60.473434,-7.940011,2.145808,4.105351,-1.778785,2.141812,-6.177480,17.749495,-42.441212,70.026756,20.801630,9.197875,-19.515846,-1.543373,-16.925613,38.350342,67.997765,-12.713970,2.710752,-44.107342
799.000000,-1973.092896,-1126.790039,77.619209,1.869516,-3.037154,-174.466072,-2.912884,-0.497808,14.058414,19.440311,-13.690898,2.636755,-15.661310,-17.383192,-12.094015,59.485195,-10.315620,1.976834,3.848638,-1.324212,2.004604,-6.883858,17.831030,-42.326149,69.614182,20.816128,9.167543,-19.507696,-1.341962,-17.481112,38.339027,67.998718,-12.719219,2.797458,-43.273827
800.000000,-1973.957031,-1126.930664,77.660522,1.590342,-3.105446,-174.930395,-2.136541,-0.232905,14.260979,19.228598,-14.164415,2.476640,-17.064707,-16.988331,-12.806510,58.126110,-11.468874,1.901888,3.876583,-1.019221,2.002967,-7.473191,17.889513,-42.134621,69.212311,20.821981,9.069556,-19.451796,-1.280723,-17.810186,38.273880,68.002472,-12.754506,2.924005,-42.711250
801.000000,-1974.833130,-1127.011108,77.688156,1.407275,-3.075208,-175.321093,-0.886998,0.104720,14.593512,18.698925,-14.787196,2.191820,-19.148844,-16.393545,-13.721889,55.306595,-12.593863,1.821978,3.842502,-0.648493,1.883007,-8.368487,18.028542,-41.882938,68.522408,20.833811,8.840723,-19.302441,-1.290069,-18.172138,38.022465,68.003067,-12.837918,3.114824,-41.907410
802.000000,-1975.736572,-1127.030151,77.696480,1.239401,-3.063811,-175.411808,0.207897,0.320713,14.657313,18.170849,-15.306091,1.904420,-20.817778,-15.952168,-14.558816,51.889820,-13.001956,1.799587,3.448650,-0.443077,1.715910,-9.223772,18.233110,-41.756561,67.831093,20.728619,8.648270,-19.143591,-1.398671,-18.338245,37.728371,67.996239,-12.881854,3.229238,-41.331833
803.000000,-1976.649658,-1127.000488,77.690681,1.108281,-3.107751,-175.506725,1.409764,0.538811,14.642345,17.593201,-15.814068,1.572455,-22.096643,-15.489282,-15.283795,47.799175,-12.860815,1.780151,2.990714,-0.276065,1.637038,-10.155221,18.341969,-41.707573,67.349609,20.478239,8.512167,-18.971876,-1.474521,-18.418619,37.367954,67.919250,-13.000644,3.299793,-40.938408
804.000000,-1977.642212,-1126.934204,77.670349,1.078889,-3.146104,-175.914717,2.943488,0.696004,14.986947,16.547029,-16.187658,1.141854,-23.159069,-14.952909,-15.837536,42.653965,-12.064891,1.762679,2.866397,-0.193799,1.513685,-10.915631,18.350870,-41.626072,66.831505,20.372995,8.474968,-18.698896,-1.455408,-18.455254,37.099617,67.753799,-13.414952,3.388478,-40.742252
805.000000,-1978.647217,-1126.830078,77.617371,1.111188,-3.289822,-176.369357,4.153746,0.765348,15.296823,15.725011,-16.417145,0.807104,-23.695297,-14.648353,-16.220991,38.985466,-11.164261,1.752011,2.861952,-0.162118,1.528935,-11.375452,18.329872,-41.607212,66.477165,20.201653,8.455066,-18.459076,-1.472348,-18.480318,37.080994,67.644783,-13.728315,3.420701,-40.682579
806.000000,-1979.703857,-1126.679932,77.518929,1.190949,-3.448849,-176.688682,6.074716,0.823020,15.679317,14.477997,-16.812189,0.259765,-24.378532,-14.257637,-16.677662,33.392609,-9.547096,1.743164,2.797964,-0.145204,1.591598,-12.022118,18.243790,-41.599369,66.012604,19.660269,8.411563,-18.031143,-1.484625,-18.496965,37.073143,67.407646,-14.053985,3.432052,-40.652332
807.000000,-1980.774536,-1126.496948,77.379250,1.288255,-3.561870,-176.816388,7.734028,0.848770,15.830791,13.530326,-17.302994,-0.248381,-24.834574,-14.053254,-17.060692,28.523388,-8.058990,1.752907,2.612442,-0.151061,1.620913,-12.510602,18.089045,-41.594475,65.666908,18.901297,8.386951,-17.622715,-1.478593,-18.497562,36.987469,67.155838,-14.176704,3.414266,-40.650604
808.000000,-1981.923828,-1126.271118,77.189957,1.426098,-3.615649,-176.906793,9.285950,0.884166,15.933667,12.742914,-17.914459,-0.782770,-25.267460,-13.988802,-17.438572,24.067160,-6.768498,1.799994,2.367630,-0.164858,1.589187,-12.817890,17.893711,-41.592529,65.357948,17.941315,8.383855,-17.272345,-1.486439,-18.496897,36.757298,66.874664,-14.230065,3.375714,-40.681446
809.000000,-1983.141479,-1125.996338,76.947487,1.621833,-3.676340,-177.029938,10.875076,0.905279,16.086620,12.001022,-18.595007,-1.380971,-25.706593,-13.975162,-17.517456,20.221031,-5.678569,1.841814,2.143830,-0.222345,1.632629,-12.990395,17.753672,-41.597111,64.935287,17.162306,8.388203,-17.043619,-1.559812,-18.505491,36.644493,66.518440,-14.232347,3.355220,-40.789749
810.000000,-1984.443237,-1125.670776,76.653511,1.860912,-3.792641,-177.109168,12.057010,0.911795,16.186811,11.455475,-19.063316,-1.826351,-25.942816,-14.068718,-17.514503,18.156483,-5.152182,1.847271,1.982329,-0.280059,1.731499,-13.000401,17.712572,-41.599449,64.547623,16.748146,8.391502,-16.888439,-1.643672,-18.501953,36.621719,66.270317,-14.233407,3.312177,-40.894894
811.000000,-1985.796387,-1125.301758,76.324219,2.074775,-3.855043,-177.040325,13.889030,0.978298,16.224808,10.645217,-19.841438,-2.585881,-26.193275,-14.361906,-17.367720,15.637140,-4.510480,1.782457,1.708943,-0.402840,1.786971,-12.862726,17.701103,-41.599365,63.890930,16.228567,8.395680,-16.620359,-1.699381,-18.447613,36.618019,66.002953,-14.240986,3.152684,-41.105236
812.000000,-1987.257324,-1124.869629,75.940552,2.229261,-3.822506,-176.865174,15.425113,1.227868,16.158709,10.181723,-20.754436,-3.386568,-26.360813,-14.634993,-16.896378,14.097881,-4.008420,1.570826,1.408335,-0.488203,1.706288,-12.602824,17.710281,-41.598038,63.420025,15.789516,8.398680,-16.322468,-1.712370,-18.345343,36.619301,65.835518,-14.255097,2.976671,-41.348560
813.000000,-1988.793213,-1124.378540,75.507561,2.239981,-3.734487,-176.763094,16.778637,1.778937,16.162565,10.148168,-21.921127,-4.307117,-26.570498,-14.717617,-16.385380,13.888620,-3.346913,1.135479,1.071092,-0.432944,1.640229,-12.287476,17.728029,-41.600296,63.298405,15.055744,8.415885,-16.002275,-1.718092,-18.317513,36.619080,65.340919,-14.261698,2.788126,-41.707485
814.000000,-1990.379150,-1123.824585,75.032898,2.150171,-3.450764,-176.757535,17.896338,2.600845,16.298317,10.392320,-23.259848,-5.346664,-26.969851,-14.483502,-15.990365,14.964618,-2.702137,0.715740,0.803842,-0.279495,1.439609,-11.877179,17.808031,-41.601944,63.350212,14.277340,8.485703,-15.731248,-1.722339,-18.313866,36.620869,64.692184,-14.261199,2.510209,-42.139854
815.000000,-1992.010254,-1123.221191,74.530754,1.909784,-3.016945,-176.838997,18.783142,3.553274,16.516182,10.655043,-24.508089,-6.357771,-27.603325,-13.942999,-15.718222,17.048840,-1.262736,-0.618646,0.568440,-0.029342,1.193659,-11.408914,17.927404,-41.585201,63.437737,13.792907,8.608605,-15.463060,-1.831493,-18.287146,36.596134,64.250534,-14.261803,2.137033,-42.573734
816.000000,-1993.586914,-1122.668945,74.126366,1.124960,-2.589176,-176.902592,19.550024,4.877970,16.762541,10.968143,-25.633688,-7.253801,-28.493263,-13.189962,-15.647404,19.688871,1.461130,-1.548422,0.282764,0.731746,1.172464,-10.969127,17.888817,-41.572742,63.481544,13.489261,8.761585,-15.082225,-2.180879,-18.358242,36.544769,64.108719,-14.267505,1.807879,-42.942513
817.000000,-1995.108032,-1122.133179,73.825165,0.360586,-2.067180,-177.048429,20.283577,6.568159,16.763689,11.338345,-26.548719,-7.909164,-29.566286,-12.186460,-15.728159,23.088310,3.025765,-1.800233,-0.003067,1.845233,1.260440,-10.520628,17.761396,-41.593685,63.488667,13.105541,8.909600,-14.590220,-2.601847,-18.525002,36.510212,64.101318,-14.416925,1.614853,-43.268578
818.000000,-1996.621094,-1121.583130,73.614357,-0.003944,-1.470376,-177.427854,20.744963,7.679379,16.292048,11.863320,-26.494762,-8.560380,-30.684586,-11.224299,-15.289085,26.215260,3.291365,-1.957121,-0.054842,2.413666,1.231133,-10.013880,17.761158,-41.626030,63.518845,12.529297,8.962180,-14.043857,-2.818959,-18.561365,36.448620,64.090912,-14.806645,1.557038,-43.487823
819.000000,-1998.091309,-1121.068115,73.483841,-0.185373,-0.978577,-177.876182,21.106396,8.384399,15.420724,12.645455,-25.735792,-9.075388,-31.507271,-10.410521,-14.771832,28.933393,3.032895,-2.186435,-0.113084,2.630683,1.187637,-9.396901,17.790874,-41.631290,63.654408,11.910275,8.969379,-13.432275,-2.837688,-18.553352,36.339939,64.062447,-15.269072,1.519797,-43.601070
820.000000,-1999.590454,-1120.587402,73.384285,-0.393233,-0.543922,-178.488066,21.516863,8.914691,14.638924,13.339255,-24.760592,-9.274801,-31.939661,-9.612327,-14.406780,30.979029,2.641166,-2.453142,-0.159820,2.836198,1.030749,-8.676101,17.771635,-41.630627,63.884182,11.608435,8.966373,-12.847529,-2.671066,-18.527573,36.041710,64.058220,-15.935973,1.519197,-43.634167
821.000000,-2000.984619,-1120.197388,73.353378,-0.871150,-0.211134,-179.270084,21.968458,9.531385,14.024219,14.008139,-23.701082,-9.325647,-32.281979,-8.650795,-14.218103,33.037628,0.703371,-2.708150,-0.154424,3.313978,0.885889,-7.919194,17.642986,-41.624847,64.200081,11.487078,8.963659,-12.295217,-2.529072,-18.557592,35.688614,64.060143,-16.502155,1.529813,-43.644802
822.000000,-2002.341064,-1119.824463,73.371346,-1.287186,0.037315,-179.957588,22.399345,10.211240,12.940759,15.025029,-22.218277,-9.323085,-32.289715,-7.539119,-14.186370,35.025284,-1.830961,-2.991524,-0.318645,3.896985,0.847749,-7.085213,17.484045,-41.606220,64.658546,11.521464,8.964863,-11.833096,-2.352184,-18.598690,35.277954,64.036362,-17.251884,1.558426,-43.653713
823.000000,-2003.564697,-1119.477905,73.426399,-1.546693,0.125209,179.535103,22.707033,10.639926,11.823875,16.221394,-20.174797,-9.399351,-31.958519,-6.699889,-14.157280,36.584644,-3.981174,-3.257771,-0.688099,4.148087,0.962442,-6.397375,17.439533,-41.580208,65.120163,11.582273,9.016435,-11.573451,-2.074263,-18.576050,34.775578,63.881302,-18.068060,1.560379,-43.698345
824.000000,-2004.637207,-1119.174438,73.503891,-1.781055,0.146752,179.132426,22.860020,10.974078,11.001701,17.296867,-18.297087,-9.465878,-31.461660,-6.088018,-14.191101,37.406414,-5.368715,-3.437782,-1.024317,4.262622,1.024709,-5.950649,17.439173,-41.565723,65.489265,11.597400,9.113139,-11.460936,-1.739621,-18.512983,34.359081,63.749992,-18.568869,1.552111,-43.758419
825.000000,-2005.933960,-1118.812866,73.638222,-2.130319,0.063213,178.555692,22.959440,11.318213,10.315608,18.432215,-16.386366,-9.705055,-30.811703,-5.447560,-14.253609,37.828960,-6.404039,-3.637167,-1.289561,4.387039,1.067962,-5.579943,17.451328,-41.562801,65.817139,11.603947,9.249346,-11.378933,-1.351923,-18.428677,33.948673,63.633728,-18.877195,1.546788,-43.837032
826.000000,-2007.261719,-1118.442627,73.836952,-2.454310,-0.072234,178.027612,22.896807,11.843714,9.219041,20.621181,-12.681983,-10.302402,-29.530205,-4.472439,-14.514746,38.172432,-7.838154,-4.021044,-1.618730,4.513112,1.063218,-5.079151,17.472357,-41.615147,66.308411,11.612869,9.602359,-11.218122,-0.532196,-18.315599,33.408222,63.396267,-19.074593,1.573997,-43.953056
827.000000,-2008.580811,-1118.082275,74.097374,-2.688233,-0.245003,177.443214,22.510717,12.223423,8.190032,23.002251,-8.366579,-10.866224,-27.994404,-3.850799,-15.341815,38.000210,-8.981297,-4.615263,-1.813359,4.541598,1.016347,-4.777079,17.478199,-41.773727,66.584648,11.644830,10.099754,-11.062941,0.443671,-18.354418,33.143257,62.960339,-19.111540,1.670833,-43.973946
828.000000,-2009.865234,-1117.739014,74.395988,-2.943009,-0.326826,176.644576,21.652266,12.465564,7.313445,25.841305,-3.028952,-11.188654,-26.251217,-3.240010,-16.623774,37.223141,-9.992208,-5.445408,-1.664837,4.587772,0.782601,-4.490491,17.499725,-41.901455,66.614082,11.689177,10.562552,-10.899753,1.640136,-18.551550,32.936256,62.123253,-19.076515,1.756520,-43.995071
829.000000,-2011.143311,-1117.401367,74.743217,-3.343765,-0.493521,175.837869,20.292740,12.865249,6.469425,29.245243,3.561865,-10.924376,-24.156027,-2.390434,-17.996284,35.838467,-10.544025,-6.138860,-1.573740,4.857359,0.685300,-4.299365,17.485996,-41.985939,66.601921,11.755110,10.937075,-10.637904,2.722131,-18.826239,32.821629,61.172508,-18.964691,1.770704,-44.078442
830.000000,-2012.360718,-1117.098755,75.055733,-4.010286,-0.548087,175.163277,18.488110,13.552972,6.091458,32.521118,10.096083,-9.110234,-21.948694,-1.250716,-19.226025,33.689514,-10.893137,-6.659495,-1.526219,5.398138,0.535013,-4.231820,17.404964,-41.995605,66.558052,12.028609,11.182214,-10.330132,3.534523,-19.119219,32.756969,60.461262,-18.910967,1.752497,-44.218304
831.000000,-2013.454590,-1116.842407,75.283592,-4.678188,-0.720326,174.453244,15.790505,14.314820,5.440600,37.460445,15.258353,-6.609707,-19.669186,0.428824,-19.544481,31.423315,-10.950511,-6.747502,-1.360110,6.175932,0.602893,-4.466520,17.295078,-41.998543,66.420944,12.490552,11.374350,-9.905799,4.067294,-19.469894,32.661388,59.897388,-18.959082,1.703930,-44.381485
832.000000,-2014.393433,-1116.630981,75.460815,-4.935801,-0.971323,173.910757,12.328110,14.304367,4.932012,44.229244,13.154296,-5.111286,-17.947701,1.424937,-19.251253,29.991066,-11.180584,-6.623277,-1.154034,6.394383,0.926216,-5.023087,17.253851,-42.140648,66.249695,12.821472,11.503104,-9.362753,4.089232,-19.548927,32.370094,59.715820,-19.220968,1.612681,-44.481998
833.000000,-2015.258545,-1116.472412,75.639130,-4.927147,-1.286712,173.455866,8.612210,13.845878,4.748410,51.272148,9.435497,-3.915142,-16.367826,1.947349,-18.765154,28.968412,-11.544694,-6.359829,-0.964527,6.270044,1.235999,-5.638714,17.209538,-42.470669,66.129700,12.948220,11.550900,-8.788385,3.983111,-19.552040,32.154758,59.629093,-19.449121,1.358763,-44.545483
834.000000,-2016.118042,-1116.361084,75.846123,-4.801708,-1.511402,173.076405,5.866903,13.382892,4.786811,55.878803,6.495817,-3.174332,-15.281300,2.166571,-18.378368,28.241899,-11.783879,-6.183712,-0.820426,6.085250,1.224814,-6.010747,17.135225,-42.768459,66.095505,13.026135,11.553418,-8.390783,3.952244,-19.552944,32.101974,59.650253,-19.559519,1.081428,-44.556797
835.000000,-2016.974487,-1116.294189,76.079933,-4.582072,-1.710730,172.619877,2.895355,12.751095,4.992773,60.168068,3.156588,-2.514162,-13.992591,2.316115,-17.838539,27.302166,-11.982930,-5.952508,-0.581513,5.798629,1.065321,-6.302028,17.067366,-43.114559,66.014488,13.110129,11.489819,-7.922339,3.947749,-19.555061,32.027275,59.697681,-19.723587,0.758422,-44.561974
836.000000,-2017.809326,-1116.275269,76.327324,-4.400322,-1.862314,172.109375,-0.536633,11.968353,5.329696,64.247078,-0.673765,-1.936028,-12.362995,2.528633,-17.013670,25.875542,-12.026491,-5.636509,-0.191373,5.494939,0.764104,-6.429298,17.035509,-43.490597,65.841667,13.236794,11.272448,-7.358344,3.873322,-19.571898,31.867596,59.714939,-19.902624,0.428686,-44.589565
837.000000,-2018.639160,-1116.296997,76.586983,-4.262960,-2.022133,171.637487,-3.533409,11.314505,5.375870,66.675591,-3.353942,-1.587941,-10.780106,2.748670,-16.320559,24.246553,-11.863281,-5.352809,0.129023,5.330664,0.536401,-6.499818,17.023539,-43.653034,65.699150,13.428207,11.009899,-7.013472,3.708944,-19.582878,31.790232,59.720890,-19.917511,0.269208,-44.697124
838.000000,-2019.434937,-1116.351440,76.828667,-4.176879,-2.286889,171.180976,-6.289759,10.809476,5.380952,67.986412,-5.892490,-1.427786,-9.048202,2.977744,-15.630762,22.492495,-11.592981,-5.064799,0.524702,5.224964,0.517082,-6.676435,17.013416,-43.686234,65.677521,13.499275,10.756191,-6.823762,3.428145,-19.582273,31.779366,59.808506,-19.905371,0.217129,-44.776562
839.000000,-2020.181030,-1116.428833,77.029022,-4.102332,-2.562301,170.754428,-8.243075,10.600014,5.435909,68.268021,-7.787445,-1.386886,-7.763587,3.109061,-15.137448,21.231487,-11.394391,-4.818058,0.832923,5.157835,0.553686,-6.837090,17.021429,-43.731453,65.676270,13.510552,10.597430,-6.752000,3.185746,-19.582615,31.784969,59.906246,-19.844931,0.210638,-44.786045
840.000000,-2020.943848,-1116.539062,77.195236,-4.006671,-2.877685,170.196120,-10.482839,10.477202,5.537302,68.024467,-9.890501,-1.372014,-6.285430,3.223011,-14.439639,19.886675,-11.222220,-4.492983,1.238394,5.072078,0.637063,-6.969920,17.047834,-43.810555,65.676117,13.507210,10.394514,-6.714312,2.853653,-19.590357,31.788454,59.929722,-19.728619,0.212334,-44.784523
841.000000,-2021.724121,-1116.679443,77.331406,-3.881512,-3.235189,169.611603,-12.934125,10.430952,5.642441,67.036438,-12.194695,-1.375197,-4.584730,3.255897,-13.532115,18.543587,-11.145506,-4.065636,1.719018,4.945910,0.773670,-6.995256,17.078089,-43.830624,65.631287,13.500090,10.176801,-6.721664,2.433734,-19.622456,31.788450,59.815842,-19.684282,0.216700,-44.782413
842.000000,-2022.529541,-1116.844482,77.435135,-3.816185,-3.512798,169.252986,-15.074081,10.545580,5.634997,65.346474,-13.949721,-1.391213,-3.103852,3.155577,-12.936916,17.471434,-11.202641,-3.626472,1.962910,4.854552,0.777373,-6.888778,17.156065,-43.784843,65.436615,13.470499,10.020000,-6.766208,2.242119,-19.701056,31.790905,59.466259,-19.674688,0.218409,-44.840130
843.000000,-2023.325195,-1117.023804,77.497215,-3.766860,-3.755336,169.019553,-17.080126,10.834530,5.651811,62.963284,-15.021172,-1.394005,-1.753786,2.980167,-12.540140,16.644127,-11.443877,-3.164265,2.249850,4.820302,0.696228,-7.016800,17.524141,-43.520374,65.121437,13.372000,9.887120,-6.774696,2.186774,-19.749115,31.791847,59.126568,-19.660532,0.221255,-45.057503
844.000000,-2024.147827,-1117.238647,77.532852,-3.707407,-3.987336,168.771778,-18.884583,11.319427,5.907205,59.967781,-15.632171,-1.398206,-0.547971,2.710277,-12.150126,16.102545,-11.830590,-2.700856,2.599935,4.762048,0.665911,-7.314062,17.884285,-43.468891,65.037689,13.358352,9.732267,-6.971373,2.006112,-19.750666,31.864330,58.932755,-19.592020,0.221313,-45.264915
845.000000,-2024.991577,-1117.498291,77.548683,-3.650611,-4.245279,168.375824,-20.184416,11.894405,6.238205,56.643562,-15.820106,-1.448713,0.469054,2.448139,-11.678336,15.738916,-12.205966,-2.239450,3.069032,4.743244,0.730720,-7.520407,18.072050,-43.381866,65.028435,13.355300,9.604932,-7.135298,1.725158,-19.765682,31.962667,58.798061,-19.434612,0.218592,-45.414158
846.000000,-2025.864990,-1117.796265,77.550591,-3.562133,-4.497115,167.932504,-21.161350,12.397976,6.417297,52.944893,-15.593718,-1.602394,1.426528,2.131188,-11.164720,15.478987,-12.616870,-1.752017,3.531272,4.724573,0.826709,-7.540636,18.155546,-43.240852,65.026962,13.350654,9.493617,-7.241516,1.422600,-19.805790,32.038673,58.586060,-19.261959,0.184012,-45.540703
847.000000,-2026.802246,-1118.128540,77.532829,-3.494789,-4.680722,167.627197,-22.095846,12.928547,6.467351,48.071430,-14.781288,-1.864208,2.512367,1.660150,-10.691490,15.212816,-13.162076,-1.136652,3.916888,4.702638,0.856360,-7.352287,18.212479,-42.927441,65.029442,13.305754,9.414950,-7.311247,1.116684,-19.911535,32.078495,58.176823,-19.038540,0.059162,-45.751011
848.000000,-2027.812012,-1118.505493,77.488556,-3.448596,-4.797979,167.399689,-22.817354,13.405667,6.376113,42.689945,-13.275174,-2.180605,3.586055,1.127347,-10.358565,14.964505,-13.761544,-0.426484,4.161486,4.705665,0.810685,-7.050950,18.306276,-42.522327,65.028328,13.277358,9.334982,-7.483638,0.858869,-20.079142,32.066921,57.559341,-18.750986,-0.124728,-46.077572
849.000000,-2028.866821,-1118.936035,77.410034,-3.477226,-4.859855,167.043380,-23.228413,13.801812,5.964456,36.840439,-11.305990,-2.498589,4.560121,0.623194,-9.911598,14.749584,-14.351332,0.367203,4.483759,4.818657,0.722886,-6.599965,18.307060,-42.162033,65.022812,13.274773,9.192750,-7.750065,0.462078,-20.275846,32.033386,56.974247,-18.542519,-0.311275,-46.447399
850.000000,-2029.964966,-1119.412842,77.284462,-3.648998,-4.895671,166.633568,-23.367619,14.312570,5.622100,31.417755,-9.128304,-2.686444,5.444264,0.272593,-9.477292,14.495832,-14.852351,1.140187,4.918375,5.061469,0.671192,-6.236421,18.284271,-41.810078,65.001816,13.269594,9.078853,-7.923897,-0.065311,-20.452000,32.050755,56.626888,-18.408642,-0.501992,-46.888466
851.000000,-2031.068359,-1119.918823,77.108345,-3.957771,-4.842638,166.364266,-23.660709,14.959664,5.002273,25.719135,-7.084462,-2.848955,6.462539,-0.060799,-9.119022,14.184885,-15.482676,2.075160,5.384896,5.482559,0.607004,-5.839304,18.265459,-41.635147,64.917229,13.260983,8.922182,-8.276447,-0.894717,-20.632914,32.101246,56.452198,-18.280411,-0.726631,-47.441872
852.000000,-2032.252441,-1120.479980,76.876373,-4.361540,-4.727388,166.369727,-23.857811,15.215940,4.198727,21.971458,-6.262805,-2.988683,7.203679,-0.282502,-9.095154,13.920859,-15.943899,2.739670,5.487774,5.800953,0.600081,-5.579354,18.259176,-41.619316,64.819725,13.255700,8.857912,-8.586553,-1.587330,-20.712328,32.131950,56.437023,-18.179495,-0.872995,-47.839111
853.000000,-2033.490356,-1121.077393,76.592079,-4.797661,-4.620172,166.490817,-24.088449,15.424783,3.099938,17.824499,-5.707306,-3.133162,8.221791,-0.615054,-9.186806,13.648950,-16.652073,3.645131,5.552274,6.203813,0.666944,-5.279052,18.229099,-41.575081,64.705788,13.248873,8.766795,-9.052631,-2.480678,-20.822571,32.162903,56.436832,-18.049011,-1.099803,-48.402077
854.000000,-2034.832397,-1121.726685,76.242737,-5.236490,-4.486708,166.676885,-24.392550,15.538925,2.158471,15.272007,-5.392471,-3.195904,9.249844,-1.021443,-9.364997,13.533133,-17.525057,4.600273,5.668362,6.557990,0.721588,-5.008759,18.137066,-41.447968,64.693657,13.257047,8.686997,-9.480990,-3.225222,-20.960032,32.230888,56.441856,-17.911282,-1.344842,-48.995110
855.000000,-2036.239624,-1122.413574,75.869385,-5.355865,-4.329640,166.958685,-24.936209,15.125790,1.511511,15.850403,-4.460553,-4.081131,10.028107,-1.753569,-9.597388,13.890390,-18.614290,5.559192,5.736231,6.623128,0.764733,-4.710921,18.013128,-41.384228,64.694183,13.269175,8.668185,-9.790843,-3.765765,-21.034019,32.265072,56.546227,-17.850845,-1.583920,-49.536980
856.000000,-2037.637085,-1123.058472,75.603661,-4.847956,-4.037847,167.123451,-25.668701,13.853269,1.560432,18.079004,-1.219212,-4.907459,10.714481,-3.448596,-9.810531,14.641501,-20.089680,6.606831,5.860639,5.862767,0.838254,-4.301345,17.957506,-41.372849,64.697548,13.335647,8.672082,-10.100821,-4.350942,-20.762444,32.337135,56.881359,-17.717197,-1.763045,-50.067543
857.000000,-2038.940796,-1123.636597,75.452766,-4.281892,-3.643481,166.974288,-26.292809,12.788350,2.241335,20.372171,0.428467,-4.365091,10.962584,-5.018597,-9.707794,15.341169,-21.221340,6.254795,6.260757,4.940037,0.933514,-4.109496,18.121172,-41.139889,64.730888,13.399707,8.977407,-10.146914,-4.854743,-20.281866,32.509300,57.113075,-17.510517,-1.782867,-50.496117
858.000000,-2040.153931,-1124.172852,75.379166,-4.038541,-3.240613,166.810351,-26.867731,12.111709,2.752187,22.508034,0.984914,-3.867226,11.110553,-6.002169,-9.718781,15.741772,-21.638611,5.843996,6.511455,4.427822,1.100285,-4.004136,18.238676,-40.955189,64.869919,13.406556,9.080572,-10.481414,-5.411425,-19.808249,32.826035,57.275761,-17.414579,-1.845829,-50.919575
859.000000,-2041.270874,-1124.645020,75.347015,-3.892148,-2.986069,166.450638,-27.155582,11.792347,3.066481,24.054890,0.923908,-3.570149,11.071507,-6.314898,-10.075438,15.670791,-21.813290,5.815653,6.752865,4.181247,1.326480,-3.986116,18.315474,-40.802742,65.005287,13.388920,9.143485,-10.802818,-5.875324,-19.429907,33.106499,57.523216,-17.398314,-2.003350,-51.209011
860.000000,-2042.373413,-1125.077515,75.328484,-3.603884,-2.881040,166.180555,-27.240484,11.196402,3.348691,25.856188,0.290489,-3.217468,10.948197,-6.580920,-10.295594,15.885814,-21.517443,6.129361,6.901513,3.810354,1.674654,-3.911252,18.423706,-40.681881,65.078690,13.268277,9.259368,-11.209665,-6.385773,-18.965733,33.398369,58.035915,-17.384998,-2.285021,-51.462685
861.000000,-2043.546631,-1125.498291,75.310097,-3.209914,-2.598700,165.782055,-27.280190,10.382417,3.875862,27.803188,-0.539292,-2.749448,11.016022,-7.449274,-11.487448,16.317148,-21.998055,6.634481,7.007240,3.352148,1.559147,-3.578782,18.473358,-40.721756,65.097931,12.948469,9.399248,-11.792183,-6.600251,-18.589819,33.749104,58.722881,-17.366480,-2.591192,-51.602768
862.000000,-2044.749512,-1125.910034,75.263580,-2.563778,-2.213753,165.106574,-27.131529,9.440839,4.589436,29.038012,-0.789748,-2.378252,10.966739,-8.562830,-12.442248,16.427429,-22.075150,6.989193,7.325365,2.721275,1.037160,-3.172981,18.504450,-40.788216,65.101479,12.615717,9.529041,-12.511748,-6.568102,-18.380886,34.031696,59.251499,-17.349577,-2.679464,-51.611000
863.000000,-2045.925903,-1126.317993,75.202026,-1.880597,-2.098609,164.703925,-26.638199,8.191155,5.128827,30.014694,-0.923138,-1.940560,11.430311,-9.924356,-13.033387,16.564995,-22.529110,7.314636,7.350099,2.133848,0.741452,-2.961376,18.432745,-40.867790,65.198753,12.390848,9.711481,-13.294148,-6.463888,-18.324226,34.184040,59.709976,-17.335114,-2.688574,-51.612610
864.000000,-2047.024536,-1126.661133,75.197830,-1.021791,-2.099581,164.517684,-26.152309,7.266128,5.897186,30.816927,-2.162797,-1.414230,12.009562,-11.216333,-13.346094,16.668270,-22.744499,7.550361,7.252857,1.531206,0.634382,-2.985150,18.391674,-40.917820,65.330513,12.344491,9.863235,-13.839690,-6.295964,-18.259109,34.231457,60.127533,-17.324474,-2.682891,-51.609280
865.000000,-2048.095947,-1126.974731,75.251137,-0.274051,-2.160767,164.505639,-25.358139,6.121520,6.764746,31.356943,-3.609970,-0.802539,12.681127,-12.690156,-13.332446,16.926407,-22.380430,7.964633,7.049498,0.811304,0.514498,-3.095836,18.384838,-40.927700,65.418800,12.395462,10.023690,-14.441447,-5.927104,-18.185589,34.276443,60.601719,-17.311646,-2.612902,-51.603516
866.000000,-2049.179199,-1127.277710,75.368317,0.311673,-2.323008,164.495087,-24.146101,4.913717,7.587963,31.581535,-5.044333,-0.115033,13.339440,-14.177526,-13.097760,17.665197,-21.244219,8.693983,6.776656,0.195884,0.422380,-3.278285,18.419832,-41.074192,65.447174,12.638806,10.259795,-15.069107,-5.364115,-18.124792,34.461372,61.145367,-17.297773,-2.406366,-51.583958
867.000000,-2050.203613,-1127.565186,75.516777,0.654888,-2.530931,164.574477,-22.862076,3.980597,8.125523,31.485928,-6.088557,0.497169,13.690174,-15.287523,-12.797715,18.934227,-19.635397,9.348509,6.327654,-0.108386,0.368563,-3.325239,18.575796,-41.557468,65.469841,12.857758,10.631269,-15.501983,-4.786211,-18.084049,34.713902,61.573940,-17.280104,-2.218742,-51.531143
868.000000,-2051.252686,-1127.869995,75.683250,0.802417,-2.717198,164.761780,-21.660503,3.193758,8.390114,31.362379,-7.023648,1.066503,13.847256,-16.068388,-12.341705,20.478434,-17.703957,9.614894,5.720677,-0.143814,0.252956,-3.315537,18.777803,-42.009937,65.401817,12.974852,10.873028,-16.109816,-4.043888,-18.133335,34.869667,61.861935,-17.267269,-2.040368,-51.493408
869.000000,-2052.291992,-1128.180054,75.869026,1.015751,-2.877049,164.698040,-20.649048,2.651711,8.743577,31.036856,-7.615994,1.479889,13.662997,-16.699327,-11.685240,21.943834,-16.156658,9.706015,5.465795,-0.214015,0.160907,-3.316054,18.934193,-42.170197,65.245789,13.143014,10.927958,-16.649317,-3.426725,-18.192291,34.952667,62.057484,-17.266443,-1.869406,-51.409775
870.000000,-2053.352051,-1128.506714,76.072678,1.209997,-3.096186,164.649793,-19.247683,1.981884,9.209061,30.395966,-8.224033,1.965648,13.249328,-17.490189,-10.760800,24.015707,-14.016752,9.726641,5.176171,-0.305325,0.122838,-3.340190,19.087311,-42.290432,65.093567,13.402426,10.983290,-17.191660,-2.678716,-18.287947,35.054581,62.287701,-17.266857,-1.653619,-51.237896
871.000000,-2054.409180,-1128.840576,76.279739,1.316635,-3.326684,164.852455,-17.536182,1.081118,9.443644,29.466022,-8.822133,2.528790,12.538105,-18.341635,-9.843699,27.013470,-10.968808,9.504779,4.524136,-0.329832,0.103182,-3.429103,19.257601,-42.521694,65.022453,13.534268,11.064477,-17.763948,-1.786565,-18.459694,35.282803,62.667343,-17.236265,-1.434772,-51.010727
872.000000,-2055.428955,-1129.161987,76.485321,1.375105,-3.566708,165.145337,-15.914919,0.222795,9.467246,28.413450,-9.219135,3.033295,11.609275,-19.018099,-9.010845,30.148737,-7.566524,8.970474,3.786141,-0.338063,0.134008,-3.598849,19.457705,-42.775360,64.964729,13.519974,11.151987,-18.244356,-0.954741,-18.635998,35.528584,63.164288,-17.176319,-1.282188,-50.735302
873.000000,-2056.447754,-1129.489746,76.699417,1.421513,-3.844264,165.224702,-14.147836,-0.508693,9.634160,27.152235,-9.522357,3.509450,10.251098,-19.693720,-8.059587,33.610909,-3.473741,8.034364,3.218158,-0.346725,0.267928,-3.864774,19.664112,-43.065987,64.903984,13.397395,11.189346,-18.651548,-0.177331,-18.812590,35.759083,63.800980,-17.163376,-1.155532,-50.334629
874.000000,-2057.418457,-1129.801392,76.887444,1.469376,-4.090883,165.096818,-12.413820,-1.113384,9.900068,25.886570,-9.813640,3.932913,8.381542,-20.231495,-6.752830,37.358944,1.121075,6.726749,2.802356,-0.354292,0.476914,-4.241255,19.834797,-43.167534,64.882957,13.166101,11.039505,-18.961811,0.536445,-18.987181,35.912354,64.321114,-17.136400,-0.978676,-49.824127
875.000000,-2058.321289,-1130.063354,77.034798,1.455018,-4.312003,164.925777,-11.014867,-1.523568,10.109571,24.944269,-10.137034,4.217898,6.277519,-20.285698,-5.848475,40.777580,3.516527,6.008415,2.370431,-0.357456,0.735319,-4.602607,20.059391,-43.300987,64.893585,13.045742,10.912675,-19.099846,1.039240,-19.089848,36.009266,64.655342,-17.111233,-0.864047,-49.296913
876.000000,-2059.129150,-1130.272217,77.146622,1.415545,-4.599479,164.779849,-9.386209,-1.937922,10.270887,23.980713,-10.557986,4.505367,3.467710,-19.949640,-5.451743,45.046394,3.923390,5.374091,1.718346,-0.345282,1.202853,-5.124614,20.275290,-43.324589,64.871414,12.893731,10.704175,-19.142384,1.485317,-19.171507,36.213039,65.070145,-17.084007,-0.800374,-48.650387
877.000000,-2059.906738,-1130.453491,77.224876,1.356160,-4.898924,164.686338,-8.369887,-2.181329,10.346684,23.482744,-10.893808,4.687574,1.288910,-19.582941,-5.437307,48.476616,2.312587,4.940541,1.231754,-0.305120,1.521683,-5.555564,20.341024,-43.306751,64.796791,12.877692,10.562923,-19.199074,1.741818,-19.241507,36.361195,65.365852,-17.059462,-0.794126,-48.119743
878.000000,-2060.703369,-1130.598511,77.292511,1.280144,-5.129766,164.696832,-7.097326,-2.498256,10.318887,22.904205,-11.374424,4.928222,-1.462723,-19.014393,-5.715561,52.619934,-0.394668,4.414752,0.567053,-0.169734,1.750127,-6.112500,20.341488,-43.219608,64.527885,12.961958,10.315663,-19.381603,2.273172,-19.370920,36.388031,65.720276,-17.041481,-0.789881,-47.337414
879.000000,-2061.532959,-1130.708496,77.368111,1.173265,-5.283538,164.725490,-5.856055,-2.786741,10.247089,22.237186,-11.820826,5.168210,-3.958934,-18.302460,-6.050947,55.693813,-3.210052,4.004328,-0.073247,0.041482,1.684567,-6.579067,20.294611,-43.059124,64.148682,13.123940,9.971195,-19.623631,2.998084,-19.585783,36.391628,65.962326,-16.968184,-0.784184,-46.446602
880.000000,-2062.364258,-1130.801025,77.442062,1.004797,-5.301020,164.649924,-4.877307,-2.915282,10.253834,21.682409,-12.252438,5.346396,-6.143788,-17.582697,-6.555638,57.313229,-5.848722,3.709285,-0.565616,0.363554,1.414588,-7.021160,20.179070,-43.002758,63.907993,13.152743,9.622890,-19.791769,3.632142,-19.885159,36.390644,66.103661,-16.739817,-0.775706,-45.504208
881.000000,-2063.154297,-1130.877319,77.496712,0.862665,-5.373459,164.437334,-3.687534,-3.009108,10.371960,21.080410,-12.794258,5.510636,-8.678268,-16.795872,-7.368927,58.429867,-8.464357,3.416504,-1.083323,0.791870,1.250975,-7.702849,20.032909,-42.988274,63.733974,13.153213,9.205804,-19.925982,4.139131,-20.323986,36.373634,66.197357,-16.422722,-0.724506,-44.426022
882.000000,-2063.926270,-1130.925781,77.535332,0.757295,-5.455105,164.141251,-2.601617,-3.082339,10.565234,20.529018,-13.266223,5.617479,-10.927267,-16.130600,-8.269782,58.578800,-10.300364,3.112854,-1.485968,1.145126,1.234614,-8.486870,19.938723,-42.983643,63.718967,13.136263,8.901360,-19.967228,4.313401,-20.725868,36.335487,66.201042,-16.272539,-0.539220,-43.495800
883.000000,-2064.667236,-1130.919312,77.567940,0.715608,-5.559179,163.796320,-1.712870,-3.155329,10.730399,20.012602,-13.563003,5.664146,-12.467550,-15.555400,-8.915985,58.029926,-11.504233,2.944193,-1.745255,1.331133,1.276471,-9.130075,19.920918,-42.955334,63.701668,13.080436,8.782070,-19.980309,4.343295,-20.956469,36.276371,66.157867,-16.252840,-0.354214,-42.871433
884.000000,-2065.422607,-1130.847900,77.596642,0.699936,-5.612102,163.490582,-0.529281,-3.265787,10.943991,19.209152,-13.890687,5.680747,-14.354389,-14.718637,-9.830033,56.357376,-12.819483,2.710204,-2.043489,1.444464,1.263382,-9.921804,19.967619,-42.813480,63.513653,12.943155,8.723933,-19.979933,4.365235,-21.111614,36.042439,65.986107,-16.214403,-0.133116,-42.169762
885.000000,-2066.157471,-1130.734131,77.609749,0.738927,-5.621739,163.112148,0.526750,-3.372302,11.155428,18.434578,-14.169170,5.656191,-16.003479,-14.014294,-10.836254,54.330437,-13.423503,2.442252,-2.245867,1.463739,1.211147,-10.521935,20.083416,-42.624371,62.944241,12.771240,8.736920,-19.975046,4.372473,-21.125765,35.606289,65.740967,-16.098227,0.010636,-41.728661
886.000000,-2066.882080,-1130.599121,77.604424,0.825622,-5.644821,162.475435,1.896896,-3.477621,11.718946,17.400742,-14.504630,5.555352,-17.989788,-13.185064,-12.067481,51.477962,-13.568077,2.082864,-2.205955,1.459447,1.193534,-11.221654,20.174561,-42.409077,62.100727,12.381351,8.750064,-19.925707,4.288958,-21.127459,35.051651,65.354523,-15.858361,0.143170,-41.413147
887.000000,-2067.635254,-1130.437988,77.580620,0.872309,-5.719045,161.871727,3.186657,-3.520237,12.273897,16.564610,-14.903535,5.449228,-19.453054,-12.293381,-13.213843,47.943813,-13.251975,1.683762,-2.230069,1.525534,1.247422,-11.878757,20.083054,-42.351055,61.578476,11.753176,8.755069,-19.776953,4.009938,-21.119087,34.793175,65.052895,-15.729631,0.249744,-41.341805
888.000000,-2068.408691,-1130.246704,77.537682,0.874457,-5.806433,161.429034,4.129011,-3.543043,12.538477,16.069735,-15.280736,5.370634,-20.262575,-11.527879,-13.967184,44.772976,-12.709672,1.420216,-2.400526,1.617499,1.287839,-12.379702,19.837330,-42.311382,61.426373,11.281482,8.781234,-19.639738,3.788451,-21.085989,34.620159,64.856277,-15.724268,0.280106,-41.339680
889.000000,-2069.217285,-1130.011597,77.470757,0.939320,-5.944685,160.974753,5.469944,-3.620634,12.888804,15.335432,-15.784671,5.226240,-21.127565,-10.457209,-14.740043,40.177967,-11.614347,1.121996,-2.480302,1.692451,1.320148,-13.064700,19.315697,-42.235043,61.378155,10.777164,8.868714,-19.397427,3.549745,-20.960058,34.427048,64.759796,-15.714285,0.285340,-41.377243
890.000000,-2070.072998,-1129.731689,77.381050,1.044710,-6.096685,160.557023,6.841993,-3.761890,13.196862,14.524323,-16.214727,5.047086,-21.713188,-9.553916,-15.259557,35.955231,-10.256509,0.914918,-2.500009,1.701265,1.367214,-13.592135,18.765720,-42.222843,61.312256,10.461540,8.945129,-19.080271,3.360573,-20.794167,34.398109,64.769516,-15.704318,0.286018,-41.468460
891.000000,-2070.989014,-1129.401978,77.259705,1.178561,-6.166751,160.294762,8.413775,-3.974766,13.443525,13.594497,-16.766535,4.815843,-22.258551,-8.724174,-16.060596,30.909756,-8.621925,0.777336,-2.608083,1.692044,1.355926,-14.044921,18.097408,-42.218403,61.075718,10.259098,9.071849,-18.658361,3.145726,-20.534409,34.381737,64.811272,-15.708327,0.287766,-41.611801
892.000000,-2071.891113,-1129.046021,77.108177,1.351873,-6.183380,160.182389,9.715176,-4.227903,13.496093,12.912838,-17.362679,4.594189,-22.610582,-8.322959,-17.050249,26.654530,-7.223808,0.639262,-2.873790,1.615526,1.323524,-14.288065,17.632153,-42.246521,60.590454,10.095867,9.220900,-18.292919,2.937871,-20.221058,34.317867,64.827057,-15.758120,0.288042,-41.828979
893.000000,-2072.838623,-1128.640869,76.915810,1.588584,-6.221054,160.111487,11.060258,-4.526574,13.531737,12.266169,-18.024401,4.358718,-22.818064,-8.171080,-17.959921,22.855455,-5.849885,0.340790,-3.212581,1.458861,1.375941,-14.503457,17.257912,-42.283348,60.280167,9.853409,9.331621,-17.984251,2.684175,-19.847624,34.126461,64.774147,-16.042965,0.286649,-42.173824
894.000000,-2073.822998,-1128.190674,76.690796,1.800144,-6.257869,160.119581,12.036096,-4.715888,13.495366,11.933185,-18.620518,4.160785,-22.886549,-8.160554,-18.409325,20.454268,-4.897071,0.058199,-3.447816,1.322040,1.440968,-14.668191,16.987835,-42.265091,60.158875,9.819982,9.469859,-17.771391,2.547973,-19.596376,34.006908,64.624115,-16.254087,0.284700,-42.474094
895.000000,-2074.894043,-1127.675171,76.432175,1.956414,-6.262891,160.127633,13.157208,-4.826372,13.449187,11.702041,-19.465666,3.887477,-22.933990,-8.198812,-18.668875,18.208130,-3.946754,-0.272027,-3.544037,1.215522,1.484656,-14.779054,16.681023,-42.155590,59.961277,9.813756,9.720239,-17.489109,2.484018,-19.370989,33.986969,64.433578,-16.345026,0.227486,-42.846447
896.000000,-2076.030518,-1127.096436,76.148468,2.036482,-6.204681,160.230496,14.475512,-4.831161,13.322703,11.596308,-20.654495,3.492267,-22.953665,-8.361578,-18.708950,16.033499,-2.924480,-0.663920,-3.577808,1.109545,1.499855,-14.803806,16.403959,-41.944740,59.609932,9.776310,10.066379,-17.126043,2.385256,-19.110661,34.002251,64.390587,-16.366627,0.098055,-43.257233
897.000000,-2077.191162,-1126.467285,75.850388,2.048688,-6.091949,160.498177,15.520540,-4.663899,13.051016,11.735229,-21.853064,3.071827,-22.935537,-8.647279,-18.686798,14.806179,-2.145828,-1.035179,-3.730835,1.040709,1.490213,-14.765899,16.304443,-41.883957,59.298176,9.684199,10.379342,-16.799683,2.246698,-18.871708,34.032291,64.440147,-16.422569,-0.015484,-43.655491
898.000000,-2078.396484,-1125.775513,75.530937,1.969754,-5.872377,161.019652,16.299030,-4.305006,12.520678,12.286978,-23.249281,2.585589,-22.972692,-8.957205,-18.449703,14.788481,-1.392671,-1.547866,-4.317754,0.972709,1.420241,-14.660162,16.265270,-41.876530,59.198906,9.614616,10.705886,-16.490005,2.070657,-18.604153,34.015461,64.499535,-16.639519,-0.212433,-44.217941
899.000000,-2079.675537,-1125.050659,75.222672,1.590300,-5.573154,161.305444,17.084120,-3.547199,12.225251,12.827886,-24.726929,1.970039,-23.147738,-8.810871,-18.454229,16.070297,0.431916,-2.973230,-4.795032,1.267650,1.328654,-14.452261,16.111364,-41.839581,59.191051,9.616703,11.065604,-16.141649,1.992352,-18.474178,33.863995,64.500313,-16.986193,-0.478250,-44.806774
900.000000,-2081.031738,-1124.309692,74.969742,0.771417,-5.172458,161.447615,17.853291,-2.365693,12.163207,13.129490,-25.997343,1.289791,-23.364418,-8.003009,-18.596794,17.809124,1.810121,-4.970268,-5.188838,2.067212,1.256323,-14.089716,15.867287,-41.814919,59.174824,9.618101,11.273556,-15.751846,1.967977,-18.453814,33.495239,64.490990,-17.158422,-0.713367,-45.308235
901.000000,-2082.344727,-1123.596191,74.764069,-0.198414,-4.727139,161.559617,18.587759,-1.132410,12.121316,13.211357,-27.011763,0.660909,-23.587414,-7.054811,-18.643221,19.488880,2.452249,-6.038603,-5.545137,2.939304,1.206151,-13.734812,15.631503,-41.811806,59.174358,9.537210,11.348938,-15.384821,1.982267,-18.448849,33.094872,64.495705,-17.186848,-0.838317,-45.771679
902.000000,-2083.585449,-1122.886230,74.599663,-0.994690,-4.331609,161.513634,19.438227,0.255069,12.105135,13.291583,-27.807909,-0.024652,-23.922697,-6.008046,-18.688223,21.641249,2.701683,-6.004259,-5.684669,3.804740,1.285736,-13.461782,15.391455,-41.820446,59.257645,9.210317,11.338256,-14.925600,2.003544,-18.395088,32.717484,64.570923,-17.178421,-0.856693,-46.244186
903.000000,-2084.811279,-1122.134766,74.500404,-1.464371,-4.007696,161.368653,20.102301,1.226645,12.018219,13.812464,-27.834641,-0.743797,-24.155184,-5.206425,-18.442026,23.669640,2.572670,-5.955762,-5.712419,4.084668,1.419254,-13.195698,15.323315,-41.827286,59.530933,8.764671,11.255231,-14.424385,2.026328,-18.178726,32.441513,64.675499,-17.184519,-0.856044,-46.569626
904.000000,-2086.036865,-1121.384888,74.467583,-1.882845,-3.752675,161.184090,20.681101,2.113191,11.905025,14.638453,-27.320829,-1.441660,-24.001707,-4.361461,-18.174820,25.107327,2.509241,-5.985831,-5.737307,4.229921,1.444020,-12.822773,15.224761,-41.830273,60.121281,8.455672,11.159253,-13.869542,2.181435,-17.968014,32.260544,64.781860,-17.512634,-0.849271,-46.883099
905.000000,-2087.306885,-1120.666138,74.514671,-2.553038,-3.513635,160.689047,21.345209,3.093770,12.018399,15.213952,-26.426521,-2.049835,-23.678751,-3.292115,-18.118099,26.281860,1.007282,-6.066614,-5.589677,4.730361,1.358185,-12.305031,14.961001,-41.831444,60.883659,8.212144,11.127163,-13.255831,2.363945,-17.905952,32.131954,64.883316,-17.986921,-0.846638,-47.158943
906.000000,-2088.579590,-1119.955688,74.625450,-3.213447,-3.211531,160.192997,21.935698,3.978374,12.063349,15.633492,-25.259010,-2.563958,-23.245043,-2.250624,-18.127810,27.038483,-0.546718,-6.126155,-5.522525,5.243332,1.183809,-11.683531,14.733515,-41.833668,61.566223,8.018593,11.119410,-12.719535,2.501270,-17.821936,31.963997,65.002075,-18.342070,-0.845455,-47.410152
907.000000,-2089.822510,-1119.244995,74.773926,-3.753632,-2.960835,159.863097,22.531353,4.859506,11.943595,16.127911,-23.464790,-3.136333,-22.526987,-1.227327,-18.203270,27.543188,-2.143534,-6.193276,-5.588096,5.648228,1.038538,-10.967406,14.565677,-41.848335,62.253674,7.914111,11.119647,-12.181468,2.618912,-17.638956,31.686403,65.130707,-18.692820,-0.834931,-47.738209
908.000000,-2091.010010,-1118.552612,74.937248,-4.205258,-2.824658,159.704422,23.048729,5.659085,11.726340,16.792768,-21.427273,-3.691087,-21.562063,-0.364587,-18.346466,27.747883,-3.476169,-6.294133,-5.672997,5.894957,1.081241,-10.428872,14.436680,-41.904984,62.812683,7.881391,11.125888,-11.695734,2.740326,-17.478058,31.491674,65.140251,-18.970592,-0.827530,-48.109676
909.000000,-2092.136475,-1117.884644,75.106339,-4.533806,-2.716151,159.678028,23.411736,6.358224,11.318509,17.647385,-19.133730,-4.195638,-20.486235,0.298291,-18.574026,27.845396,-4.710517,-6.475971,-5.760423,5.992767,1.120572,-10.038500,14.307250,-41.994507,63.348965,7.875459,11.136555,-11.218257,2.978463,-17.327759,31.427830,65.082893,-19.031773,-0.805544,-48.428570
910.000000,-2093.278320,-1117.203003,75.296829,-4.765875,-2.645528,159.563477,23.485331,6.864359,10.784900,18.863411,-16.757156,-4.584741,-19.508577,0.767469,-18.886236,27.947428,-5.661167,-6.787715,-5.766579,6.004990,1.144047,-9.680073,14.265681,-42.044666,63.728504,7.883182,11.135902,-10.685258,3.323422,-17.194220,31.251612,64.775620,-19.035431,-0.709662,-48.601410
911.000000,-2094.320801,-1116.592285,75.476555,-4.909283,-2.650386,159.179374,23.487066,7.200413,10.403180,20.178940,-14.226141,-4.909642,-18.540010,1.140363,-19.412090,28.000120,-6.482478,-7.276748,-5.650126,5.996614,1.158243,-9.253022,14.296973,-42.056286,63.983711,7.888418,11.119368,-10.166883,3.668800,-17.086246,31.064009,64.357056,-19.045883,-0.613909,-48.717564
912.000000,-2095.452393,-1115.940186,75.685921,-5.145616,-2.682698,158.531703,23.136078,7.654306,10.079556,22.465431,-10.782001,-5.257944,-17.157164,1.773681,-20.170860,27.600441,-7.199834,-7.890723,-5.482260,6.149967,1.146951,-8.600376,14.401401,-42.083935,64.325356,7.901464,11.011893,-9.482848,4.063201,-17.021620,30.854900,63.666813,-19.128716,-0.496719,-48.788208
913.000000,-2096.556885,-1115.294067,75.909027,-5.346966,-2.754191,157.565383,22.230820,8.039070,9.729763,25.679026,-6.352569,-5.561364,-15.430887,2.552619,-21.164000,26.540470,-7.658317,-8.292359,-5.304489,6.336018,1.064067,-7.829419,14.584483,-42.176529,64.852646,7.965128,10.951324,-8.800352,4.381798,-16.984022,30.829178,62.882038,-19.322067,-0.441674,-48.844547
914.000000,-2097.672607,-1114.621216,76.133095,-5.572204,-2.886143,156.513258,20.668121,8.487420,9.381795,29.841942,-0.551901,-5.906904,-13.210181,3.489729,-22.333071,24.656376,-8.034172,-8.755651,-5.226914,6.486961,0.991319,-7.023288,14.847048,-42.243732,65.452072,8.195457,10.969266,-8.083973,4.632912,-16.919039,30.829372,62.158428,-19.662666,-0.439552,-48.914719
915.000000,-2098.673096,-1114.019165,76.257881,-5.839193,-2.984864,155.565215,18.577898,8.911648,9.065285,34.090157,5.233024,-5.691834,-11.270837,4.489719,-22.933796,22.714111,-8.355339,-8.985378,-5.083667,6.649043,0.954953,-6.595494,15.075164,-42.260704,65.949539,8.373828,11.055903,-7.486131,4.760300,-16.912165,30.830444,61.658314,-19.986263,-0.442928,-49.142254
916.000000,-2099.586670,-1113.463379,76.270119,-5.932391,-3.181391,154.699710,16.096970,9.276680,8.915453,39.223160,6.805558,-5.121843,-9.622897,5.371394,-22.842951,21.096575,-8.934800,-9.169249,-4.809589,6.635624,1.009259,-6.496351,15.283456,-42.286549,66.416397,8.638242,11.139803,-6.932604,4.760155,-16.890608,30.821371,61.389725,-20.370722,-0.445930,-49.407166
917.000000,-2100.377930,-1113.009888,76.235008,-6.068441,-3.552642,153.942245,12.897293,9.795465,9.011040,46.169704,5.828592,-4.131008,-8.053082,6.163479,-22.063349,20.217564,-9.817201,-9.080005,-4.290555,6.488031,1.345569,-6.676067,15.434739,-42.325111,66.961044,9.261562,11.217133,-6.220169,4.608735,-16.864864,30.760685,61.306038,-21.000238,-0.446414,-49.674809
918.000000,-2101.171631,-1112.580811,76.213272,-6.247610,-3.965956,153.473483,9.455078,10.314504,8.586394,53.090527,4.049909,-3.041859,-6.727231,6.743885,-21.465776,20.051325,-10.547317,-8.822450,-3.925173,6.392461,1.690979,-6.889063,15.465767,-42.504982,67.528000,9.999298,11.308037,-5.522918,4.467034,-16.866682,30.702181,61.288822,-21.787209,-0.444387,-49.807121
919.000000,-2101.984131,-1112.161865,76.230690,-6.266197,-4.313732,152.967227,5.923309,10.465149,7.903152,59.003780,1.348981,-2.059679,-5.445765,7.122167,-20.786379,19.782948,-11.285975,-8.317705,-3.546426,6.099607,1.664835,-6.968472,15.415526,-42.866516,68.243423,10.774355,11.356869,-4.882124,4.443565,-16.855850,30.692410,61.289642,-22.312855,-0.449975,-49.822674
920.000000,-2102.789551,-1111.766968,76.289223,-6.184521,-4.664191,152.274534,3.025936,10.619987,7.736890,62.963821,-1.155634,-1.454672,-4.238090,7.405650,-19.945772,19.401699,-11.800125,-8.010317,-2.950281,5.708231,1.472042,-6.908759,15.357978,-43.247501,68.870224,11.250016,11.398128,-4.424650,4.457106,-16.849253,30.710947,61.292400,-22.457535,-0.453549,-49.822910
921.000000,-2103.560547,-1111.412598,76.376595,-6.000362,-5.032723,151.574696,0.523726,10.797528,7.760494,65.795387,-3.182781,-1.031517,-3.068296,7.573418,-19.088543,18.966759,-12.195653,-7.749733,-2.313354,5.267662,1.251523,-6.756825,15.343898,-43.613091,69.282951,11.528032,11.442321,-4.112700,4.459579,-16.848782,30.739569,61.293785,-22.473171,-0.449002,-49.823307
922.000000,-2104.355225,-1111.084229,76.489220,-5.750745,-5.423617,151.037930,-2.467569,10.944171,7.560907,68.355293,-5.209519,-0.621216,-1.587974,7.589652,-18.221800,18.287611,-12.568639,-7.425121,-1.669374,4.681023,1.066549,-6.604718,15.341050,-43.933331,69.568871,11.728648,11.487942,-3.936067,4.378206,-16.842279,30.835909,61.297161,-22.416151,-0.373719,-49.830238
923.000000,-2105.108643,-1110.820435,76.601807,-5.458505,-5.884454,150.424123,-5.289687,10.949344,7.178201,69.945419,-7.093022,-0.295877,-0.064339,7.482165,-17.292814,17.624466,-12.894106,-7.074066,-1.000014,4.107286,1.079889,-6.523001,15.329298,-44.118626,69.626579,11.904732,11.505663,-3.911099,4.105775,-16.789597,30.941008,61.302555,-22.282574,-0.207162,-49.836353
924.000000,-2105.886719,-1110.597900,76.707962,-5.200205,-6.311373,149.697441,-7.914342,10.953467,6.738698,70.339188,-9.195606,-0.137628,1.438467,7.375751,-16.199413,16.900719,-13.145205,-6.668814,-0.281789,3.668171,1.096769,-6.458590,15.299768,-44.081917,69.601791,12.002977,11.461936,-3.808462,3.707937,-16.739105,31.145941,61.303772,-21.985624,-0.065218,-49.836166
925.000000,-2106.689453,-1110.420898,76.786858,-4.972591,-6.618476,148.794393,-10.112854,11.051868,6.392168,69.838135,-10.959224,-0.095063,2.545033,7.270095,-15.114789,16.436497,-13.411191,-6.258485,0.519363,3.521183,0.923305,-6.662311,15.561554,-43.562714,69.451721,11.990236,11.347912,-3.480628,3.461034,-16.774061,31.225252,61.182674,-21.888407,0.008539,-49.805939
926.000000,-2107.533691,-1110.274292,76.869835,-4.647256,-6.900579,147.848887,-12.041116,11.220416,6.247051,68.746651,-12.688462,-0.088365,3.499744,7.026070,-14.071975,16.156214,-13.739041,-5.851853,1.155637,3.375547,0.784647,-6.902435,15.863950,-43.283241,69.393974,11.995241,11.175810,-3.399117,3.173589,-16.797476,31.238668,60.929855,-21.839647,0.040151,-49.729340
927.000000,-2108.394287,-1110.166016,76.956329,-4.333358,-7.134185,147.099936,-14.191061,11.391973,5.978701,66.644699,-14.542298,-0.132969,4.592794,6.598516,-13.011055,15.769912,-14.098089,-5.362932,1.574084,3.211541,0.706852,-7.097922,16.064505,-43.116833,69.392281,12.069510,11.017657,-3.411056,2.773301,-16.805264,31.235556,60.504730,-21.772343,0.043856,-49.658951
928.000000,-2109.306641,-1110.081055,77.040466,-3.994118,-7.377459,146.268229,-16.117882,11.531374,5.549627,63.851284,-15.734015,-0.243112,5.720902,6.095444,-11.957781,15.345844,-14.447526,-4.821213,1.893437,3.087396,0.735344,-7.167492,16.077049,-42.947365,69.412689,12.198280,10.905316,-3.439557,2.407446,-16.808180,31.236967,60.001186,-21.756134,0.010488,-49.642521
929.000000,-2110.245361,-1110.011230,77.113655,-3.637190,-7.565645,145.303969,-17.644386,11.736438,5.218544,60.172691,-16.322771,-0.484542,6.756933,5.514842,-10.758387,15.022463,-14.842127,-4.236367,2.463087,3.011692,0.724880,-7.255851,16.115065,-42.457542,69.495003,12.215315,10.874952,-3.407253,2.164397,-16.803633,31.240980,59.570045,-21.757008,-0.105366,-49.642384
930.000000,-2111.223877,-1109.959351,77.172119,-3.287784,-7.612856,144.389142,-18.787123,11.939089,4.965400,55.947609,-16.088018,-0.847873,7.505010,4.900869,-9.742662,14.843097,-15.249728,-3.671759,2.928020,2.941193,0.667224,-7.240518,16.081558,-42.020626,69.525429,12.197355,10.836726,-3.485344,1.897235,-16.787514,31.239956,59.253704,-21.738649,-0.225886,-49.638924
931.000000,-2112.245117,-1109.933472,77.195892,-3.010408,-7.674895,143.603430,-19.955212,12.118374,4.404364,50.227604,-15.384918,-1.333242,8.426703,4.128924,-8.648416,14.665006,-15.801973,-2.917452,3.323771,2.949309,0.746735,-7.243421,16.067902,-41.548748,69.530647,12.146154,10.758887,-3.586920,1.397780,-16.807404,31.240105,58.842472,-21.690033,-0.372385,-49.637466
932.000000,-2113.338379,-1109.907471,77.191795,-2.758693,-7.625319,142.971597,-20.415707,12.047839,3.820592,45.396263,-14.176663,-1.774996,8.989103,3.549287,-8.057549,14.594787,-16.229023,-2.364471,3.399199,2.916883,0.791879,-7.226734,16.093290,-41.391747,69.533073,12.035359,10.732114,-3.626782,0.956182,-16.790470,31.242390,58.623135,-21.650639,-0.496283,-49.641460
933.000000,-2114.438477,-1109.890137,77.145531,-2.639983,-7.498195,142.339107,-20.835516,12.043668,3.012775,38.778122,-12.178032,-2.380358,9.652970,2.860546,-7.270243,14.497627,-16.817514,-1.626476,3.529075,2.955729,0.767191,-7.205485,16.094820,-41.254963,69.518074,11.930153,10.685143,-3.746468,0.384969,-16.833269,31.241772,58.287834,-21.629131,-0.674287,-49.692871
934.000000,-2115.627197,-1109.881226,77.055634,-2.639560,-7.354247,141.607816,-21.000639,12.123348,2.065899,32.321629,-10.004192,-2.909729,10.318849,2.306071,-6.379280,14.335400,-17.398151,-0.881627,3.843178,3.123739,0.723711,-7.187390,16.039282,-41.091213,69.420296,11.882436,10.621933,-3.900883,-0.125505,-17.009003,31.241550,57.876137,-21.594564,-0.866472,-49.891193
935.000000,-2116.913818,-1109.863892,76.926720,-2.715870,-7.212785,140.852824,-20.922127,12.122101,0.791418,26.787863,-8.242235,-3.210219,11.024148,1.831521,-5.543207,14.075442,-17.925180,-0.165068,4.219416,3.309835,0.663302,-7.093385,15.996009,-40.929153,69.251099,11.863231,10.487231,-4.215584,-0.590879,-17.173153,31.241827,57.748070,-21.563946,-1.107883,-50.284367
936.000000,-2118.263428,-1109.838257,76.749084,-2.851747,-7.040888,140.234212,-20.901512,12.127237,-0.841562,21.252729,-6.845105,-3.459158,11.915719,1.235770,-4.704129,13.763659,-18.640669,0.751528,4.536936,3.517752,0.555494,-6.927120,15.964262,-40.693615,69.021973,11.860574,10.391291,-4.467675,-1.122410,-17.379333,31.242727,57.732063,-21.549070,-1.370908,-50.807304
937.000000,-2119.681396,-1109.809937,76.519653,-2.966783,-6.875340,139.784453,-20.870522,12.018038,-1.970701,18.131285,-6.359283,-3.573652,12.531907,0.730258,-4.288952,13.681031,-19.260849,1.426868,4.638958,3.579033,0.526290,-6.876260,15.963613,-40.591690,68.929916,11.866447,10.347258,-4.642727,-1.420680,-17.530497,31.245659,57.733467,-21.482546,-1.531353,-51.212063
938.000000,-2121.220703,-1109.793945,76.215591,-3.107699,-6.724139,139.414153,-20.939640,11.796478,-3.208632,15.397680,-6.008506,-3.650892,13.322769,-0.024458,-3.853332,13.786925,-20.259035,2.387812,4.670473,3.650811,0.553958,-6.880411,15.963346,-40.515762,68.870453,11.871720,10.252201,-4.925527,-1.766776,-17.754793,31.242496,57.730106,-21.339489,-1.699016,-51.794846
939.000000,-2122.773193,-1109.786865,75.868553,-3.202476,-6.520120,139.102432,-21.250870,11.442008,-3.905282,15.038413,-5.376207,-4.074766,14.012481,-0.889653,-3.483153,14.144024,-21.450586,3.433858,4.618072,3.719202,0.535928,-6.906988,15.958605,-40.465397,68.835342,11.883163,10.183728,-5.258235,-2.036438,-17.977739,31.228289,57.738850,-21.305277,-1.803302,-52.353054
940.000000,-2124.331055,-1109.787109,75.558868,-2.867633,-6.339404,138.757406,-21.792068,10.620708,-3.686237,17.159399,-3.425429,-6.590325,14.531878,-2.206168,-3.183741,14.710842,-22.642160,4.477312,4.614484,3.329260,0.673263,-7.089345,16.082781,-40.326649,68.828842,11.891006,10.138084,-5.665774,-2.317353,-18.029087,31.228659,57.868496,-21.200983,-1.861938,-52.684418
941.000000,-2125.810059,-1109.800293,75.330246,-2.339193,-6.142211,138.334718,-22.400347,9.649930,-3.129560,19.544998,-1.825465,-6.966036,15.005247,-3.613490,-2.891751,15.056457,-23.543705,5.273011,4.661067,2.803839,0.882569,-7.336883,16.259739,-40.134460,68.828979,11.882893,10.082892,-6.105752,-2.679830,-18.020233,31.263481,58.106030,-21.065290,-1.934992,-52.836853
942.000000,-2127.249268,-1109.828613,75.179848,-1.994285,-5.861171,137.730653,-23.119108,8.714692,-2.336064,22.442331,-0.885066,-6.203997,15.450980,-5.100420,-2.673605,15.234430,-24.062685,5.720893,4.835619,2.409344,1.165018,-7.631467,16.368994,-40.018154,68.894440,11.848734,9.887867,-6.688910,-3.330164,-18.008972,31.459787,58.652164,-20.970385,-2.083436,-52.919456
943.000000,-2128.614258,-1109.855835,75.096550,-1.911258,-5.516288,137.026534,-23.775000,8.113631,-1.782314,25.015644,-0.756056,-5.500531,15.652514,-6.255977,-3.484380,15.394077,-24.120823,5.830829,4.937613,2.415639,1.332395,-7.824643,16.343182,-40.011696,69.085442,11.747851,9.652915,-7.173288,-4.077486,-17.949879,31.758087,59.468269,-20.916838,-2.370190,-53.071831
944.000000,-2129.934082,-1109.873413,75.051155,-1.977447,-5.187939,136.371602,-24.381556,7.562195,-1.582613,27.550587,-1.427637,-4.880755,15.706497,-7.156823,-4.464008,15.706504,-23.693228,6.117653,4.866288,2.685136,1.438073,-7.873759,16.189413,-40.064636,69.263405,11.499173,9.530985,-7.600948,-4.717299,-17.863514,32.041313,60.356007,-20.857088,-2.764753,-53.318562
945.000000,-2131.244629,-1109.848999,75.026512,-1.940954,-4.912584,135.780587,-24.655741,6.891615,-1.495045,29.432301,-2.152890,-4.322739,15.759042,-8.004086,-5.009908,16.089069,-22.992933,6.607431,4.802685,2.869983,1.421503,-7.921750,15.955218,-40.113327,69.450783,11.391558,9.545130,-7.870973,-4.926078,-17.836903,32.373882,61.077236,-20.882414,-3.088119,-53.591946
946.000000,-2132.537842,-1109.772095,75.002998,-1.813088,-4.661302,135.286980,-24.734156,5.924908,-1.294202,31.297537,-2.826931,-3.617765,15.841968,-9.156754,-5.319694,16.700926,-22.059668,7.257033,4.742558,2.941327,1.189991,-8.027627,15.610185,-40.201199,69.824646,11.446288,9.686771,-8.156662,-4.813702,-17.832247,32.940525,61.922554,-20.938341,-3.338669,-53.822227
947.000000,-2133.813477,-1109.644653,74.979507,-1.584159,-4.523357,135.101619,-24.621031,5.143587,-1.162163,32.363194,-3.371724,-3.122041,16.025873,-9.957100,-5.414542,17.195282,-21.447807,7.514907,4.539593,2.879226,1.003290,-8.131140,15.408072,-40.411255,70.155327,11.525426,9.823810,-8.410896,-4.554504,-17.804688,33.257286,62.348450,-20.982777,-3.406844,-53.863525
948.000000,-2135.043701,-1109.472290,74.991768,-1.121376,-4.386251,135.170188,-24.373922,3.974519,-0.624982,33.667252,-5.091377,-2.346861,16.202913,-11.203607,-5.360464,18.247746,-20.625122,7.740336,4.038370,2.469682,0.718224,-8.294186,15.292889,-40.866135,70.633911,11.630485,10.048623,-8.849456,-4.051270,-17.643532,33.420368,62.805271,-21.041914,-3.438006,-53.890148
949.000000,-2136.248535,-1109.291992,75.034775,-0.651153,-4.297860,135.437592,-23.878540,2.748755,-0.051409,34.388790,-6.483757,-1.555004,16.189184,-12.444804,-5.162802,19.752565,-19.573927,7.942186,3.506227,2.017780,0.426221,-8.402730,15.217838,-41.343117,70.974716,11.938694,10.384014,-9.291386,-3.504337,-17.461365,33.422737,63.254898,-21.045889,-3.423654,-53.974697
950.000000,-2137.431885,-1109.135864,75.123253,-0.174465,-4.399363,135.719448,-23.046469,1.578413,0.419426,34.574486,-7.466981,-0.819549,15.823864,-13.619999,-5.002298,22.141228,-18.252346,8.047352,3.049299,1.688529,0.384861,-8.516621,15.136593,-41.711189,71.173019,12.473828,10.691477,-9.660610,-3.163703,-17.289560,33.402580,63.897461,-21.054449,-3.364608,-54.072639
951.000000,-2138.606934,-1108.980225,75.254318,0.184935,-4.567730,136.046039,-21.797916,0.267113,0.833427,34.443562,-8.427943,0.012130,15.083078,-14.820712,-4.554034,25.604359,-15.980442,8.068607,2.614618,1.506148,0.390958,-8.581898,14.983771,-42.113415,71.273903,13.267191,10.970723,-10.006363,-2.776812,-17.132582,33.399117,64.829666,-21.063749,-3.184185,-54.143345
952.000000,-2139.736328,-1108.808960,75.426300,0.591311,-4.785731,136.265880,-20.698946,-0.593304,1.184906,33.989613,-8.905583,0.580461,14.317384,-15.635564,-4.004650,28.318640,-13.887186,8.042761,2.519629,1.357042,0.427273,-8.580765,14.877888,-42.297718,71.274475,13.891256,11.126422,-10.168378,-2.447650,-17.015568,33.402622,65.423332,-21.059370,-2.973028,-54.153717
953.000000,-2140.857910,-1108.615845,75.624588,0.969921,-4.957532,136.607193,-19.130758,-1.778839,1.523711,33.052654,-9.339600,1.349142,13.156359,-16.585703,-3.125021,31.893219,-10.260315,7.991091,2.236140,1.149999,0.423736,-8.462987,14.795061,-42.533524,71.233360,14.559019,11.313452,-10.368410,-2.005544,-16.799299,33.405586,66.173416,-21.059416,-2.713729,-54.157238
954.000000,-2141.938477,-1108.404785,75.825134,1.383067,-5.133213,137.058933,-17.476740,-3.049934,1.673449,31.817423,-9.556224,2.120926,11.874635,-17.407162,-2.196538,35.399113,-5.774791,7.752794,1.749843,0.876993,0.435816,-8.267594,14.806047,-42.677979,71.077950,15.044401,11.522829,-10.570167,-1.585629,-16.543943,33.405960,66.887794,-21.068466,-2.528829,-54.148327
955.000000,-2143.010254,-1108.179443,76.014435,1.882664,-5.296110,137.478153,-15.888123,-4.263421,1.805697,30.434704,-9.592201,2.813204,10.390852,-18.236900,-1.421732,38.750351,-0.989157,7.093493,1.359794,0.467641,0.491170,-8.112019,14.965199,-42.832008,70.734886,15.389299,11.677334,-10.865153,-1.227004,-16.300093,33.408657,67.568901,-21.073599,-2.448884,-54.046642
956.000000,-2143.996338,-1107.964844,76.165642,2.233571,-5.398697,137.733333,-14.146411,-5.458986,1.937769,28.968418,-9.724704,3.532228,8.186815,-18.826244,-0.405138,42.736759,4.431156,6.121411,1.048231,0.095014,0.615553,-8.024833,15.212497,-43.018360,70.147781,15.753447,11.755196,-11.230134,-0.865615,-16.102629,33.504360,68.310921,-21.070971,-2.385152,-53.778217
957.000000,-2144.874023,-1107.775146,76.291496,2.410624,-5.623983,137.647298,-12.997959,-5.943388,2.139900,28.173002,-9.934458,3.949315,6.141874,-18.770267,0.006540,45.726238,5.659441,5.605918,1.069393,-0.003155,0.930188,-8.087708,15.311820,-43.053623,69.780182,15.984274,11.727769,-11.371444,-0.847147,-16.026598,33.706528,68.822334,-21.068577,-2.360979,-53.374855
958.000000,-2145.735107,-1107.548950,76.401070,2.443943,-5.968119,137.662218,-11.482445,-6.423799,2.192496,27.410915,-10.358596,4.463200,3.273708,-18.175673,-0.015459,50.027409,4.655191,4.915149,0.897622,0.021780,1.514764,-8.243987,15.312518,-43.061249,69.562668,16.287376,11.616320,-11.490612,-0.910317,-15.916759,33.898823,69.369492,-21.069489,-2.299755,-52.656860
959.000000,-2146.539795,-1107.265625,76.486137,2.438870,-6.269178,137.928706,-10.097042,-6.923131,1.930611,26.836588,-10.847632,4.922987,0.377274,-17.193327,-0.419390,54.522518,1.700373,4.173617,0.308127,0.034170,1.913802,-8.295827,15.275377,-43.089153,69.543533,16.456371,11.602705,-11.566196,-0.956949,-15.690084,34.038807,69.828217,-21.074692,-2.126381,-51.845181
960.000000,-2147.334961,-1106.942261,76.559975,2.385814,-6.484405,138.354872,-8.993723,-7.369172,1.517919,26.419992,-11.301082,5.281750,-2.137357,-16.375782,-1.330051,58.133224,-1.883642,3.459951,-0.352653,0.084879,2.015830,-8.293997,15.153421,-43.163773,69.570251,16.580854,11.622424,-11.683049,-0.906873,-15.497900,34.208084,70.282448,-21.089230,-1.987033,-51.032921
961.000000,-2148.115479,-1106.587280,76.632538,2.318428,-6.671096,138.712772,-7.976329,-7.712744,1.128907,26.059519,-11.740332,5.561745,-4.308178,-15.700309,-2.362444,60.766701,-4.843573,2.904092,-0.886100,0.192738,2.025992,-8.289328,14.998435,-43.357136,69.640625,16.842556,11.626199,-11.700324,-0.809077,-15.346531,34.329498,70.762268,-21.104685,-1.897121,-50.273151
962.000000,-2148.925049,-1106.177246,76.706825,2.241669,-6.737889,138.976450,-6.850152,-8.022406,0.784838,25.585863,-12.258641,5.887393,-6.844700,-14.894022,-3.459275,62.760883,-8.069398,2.365374,-1.269732,0.342454,1.862318,-8.269315,14.853889,-43.617786,69.770218,17.186871,11.606954,-11.695009,-0.545161,-15.272515,34.430882,71.132957,-21.164276,-1.761593,-49.266247
963.000000,-2149.697510,-1105.733521,76.774719,2.160135,-6.703973,139.126899,-5.835605,-8.234286,0.471591,25.144869,-12.813589,6.206677,-9.340103,-13.798449,-4.258718,63.580608,-10.890882,1.929409,-1.461092,0.495332,1.621411,-8.247866,14.796549,-43.767433,69.759766,17.344604,11.533535,-11.735202,-0.128907,-15.292487,34.527496,71.184792,-21.254515,-1.615920,-48.298004
964.000000,-2150.416748,-1105.273926,76.829369,2.137084,-6.661282,139.115335,-4.831005,-8.363170,0.322079,24.644741,-13.352961,6.458694,-11.814308,-12.607591,-4.920743,63.315796,-13.183178,1.523009,-1.410506,0.573933,1.442720,-8.256859,14.806702,-43.716671,69.568863,17.419767,11.442337,-11.747190,0.233575,-15.304057,34.527279,71.176659,-21.223961,-1.533970,-47.415432
965.000000,-2151.098633,-1104.795898,76.870636,2.143871,-6.660416,139.051722,-3.869684,-8.462255,0.249804,24.151108,-13.822238,6.627581,-13.879968,-11.648252,-5.675501,62.251183,-14.683198,1.159730,-1.309737,0.570918,1.416868,-8.291492,14.854632,-43.636162,69.350769,17.550819,11.412034,-11.683334,0.378615,-15.305137,34.502956,71.157402,-21.132551,-1.411453,-46.689140
966.000000,-2151.778320,-1104.284424,76.910515,2.095869,-6.622227,139.051307,-2.716080,-8.521448,0.073685,23.564840,-14.407141,6.759603,-16.230383,-10.490645,-6.828273,60.050350,-15.859949,0.757764,-1.263794,0.613919,1.398649,-8.303765,14.898214,-43.554646,69.038033,17.661903,11.404349,-11.636501,0.413166,-15.325485,34.452469,71.148476,-21.103722,-1.224782,-45.880623
967.000000,-2152.458496,-1103.733398,76.956871,1.934423,-6.436993,139.186274,-1.902427,-8.451241,-0.245839,23.174406,-14.982121,6.841416,-18.126097,-9.389886,-8.102715,56.758579,-16.236498,0.406026,-1.349120,0.771552,1.256337,-8.225843,14.933583,-43.486614,68.705101,17.870909,11.458769,-11.548150,0.401269,-15.380790,34.301758,71.090904,-21.096773,-1.112314,-45.271271
968.000000,-2153.123779,-1103.143188,77.000465,1.792338,-6.271648,139.477287,-1.260030,-8.417272,-0.604785,22.838890,-15.379546,6.893336,-19.288219,-8.649985,-9.151962,53.733498,-16.170925,0.222203,-1.491277,0.849732,1.200919,-8.170838,14.978311,-43.428005,68.342529,17.889854,11.546298,-11.536710,0.399591,-15.440476,34.209713,70.958199,-21.102570,-1.069495,-44.934513
969.000000,-2153.804199,-1102.480347,77.030113,1.742105,-6.131677,139.779123,-0.270539,-8.422515,-1.102702,22.241537,-15.861773,6.918128,-20.627300,-7.771495,-10.533230,49.199657,-15.627368,0.011880,-1.646004,0.816825,1.163961,-8.088389,15.110025,-43.447872,67.784943,18.044127,11.763399,-11.495934,0.399999,-15.524785,34.190617,70.744537,-21.135780,-1.060853,-44.563923
970.000000,-2154.499512,-1101.770386,77.040947,1.749624,-6.056088,140.023823,0.772898,-8.437524,-1.470392,21.571859,-16.279652,6.906424,-21.581596,-7.109630,-11.643477,44.863651,-14.614748,-0.123941,-1.698871,0.713420,1.178345,-8.005722,15.223912,-43.448738,67.255569,18.067217,12.000470,-11.433822,0.399882,-15.608339,34.186798,70.543053,-21.182556,-1.073537,-44.284668
971.000000,-2155.202393,-1101.023438,77.027794,1.808633,-6.027516,140.218498,2.214433,-8.437223,-1.836499,20.665987,-16.823999,6.890167,-22.453388,-6.390107,-12.702861,39.433594,-12.990780,-0.195994,-1.694525,0.544833,1.239860,-7.857344,15.367778,-43.462517,66.684578,18.088810,12.332126,-11.197362,0.381937,-15.685269,34.187191,70.360085,-21.146660,-1.198743,-44.032879
972.000000,-2155.961182,-1100.195190,76.979187,1.912258,-5.898727,140.474453,3.485852,-8.473699,-2.182452,19.858406,-17.378424,6.884175,-22.989809,-5.935081,-13.436337,34.055698,-10.931520,-0.204325,-1.699579,0.332318,1.177008,-7.639369,15.505437,-43.464756,66.103004,18.030245,12.662873,-10.925885,0.374905,-15.709351,34.103352,70.335297,-21.071569,-1.479470,-43.946678
973.000000,-2156.711670,-1099.335938,76.881668,2.111508,-5.795939,140.813786,4.754238,-8.604410,-2.607911,19.132961,-17.985674,6.837820,-23.354694,-5.809646,-14.094281,29.054434,-8.882278,-0.197925,-1.722387,-0.013632,1.183141,-7.500010,15.708886,-43.468536,65.623940,17.848297,13.007430,-10.679746,0.366218,-15.721946,34.036270,70.252480,-21.028902,-1.783648,-43.944401
974.000000,-2157.464111,-1098.432373,76.745407,2.318117,-5.700412,141.360100,5.956964,-8.768453,-3.252539,18.610071,-18.696741,6.745932,-23.541759,-5.948030,-14.670375,24.749706,-7.143987,-0.183677,-1.852556,-0.453141,1.238057,-7.451659,15.906592,-43.475006,65.243034,17.572943,13.358340,-10.415262,0.352054,-15.716877,34.030727,70.203682,-21.012144,-2.126884,-43.989925
975.000000,-2158.272705,-1097.426514,76.580139,2.438202,-5.535516,141.988071,6.714759,-8.800767,-3.769792,18.394226,-19.301012,6.695770,-23.663769,-5.967946,-14.753534,22.245304,-6.146087,-0.101477,-1.951967,-0.723475,1.235836,-7.379602,16.027790,-43.477791,65.008987,17.395010,13.589632,-10.173305,0.368415,-15.706285,34.028549,70.201981,-21.011314,-2.395624,-44.059620
976.000000,-2159.113770,-1096.349487,76.394966,2.477011,-5.379109,142.681024,7.891617,-8.704082,-4.644225,18.186550,-20.390245,6.619688,-23.841753,-5.907466,-14.623945,18.975920,-4.907715,0.018560,-2.053632,-1.079378,1.240567,-7.156668,16.241932,-43.479572,64.573929,17.156477,13.895955,-9.704821,0.436454,-15.700306,34.023479,70.205559,-21.002399,-2.859023,-44.229256
977.000000,-2159.980225,-1095.201172,76.179955,2.506833,-5.217191,143.451169,9.048722,-8.521581,-5.585725,18.048729,-21.491827,6.483363,-23.914728,-5.802140,-13.765097,16.711411,-3.999458,0.040536,-2.208522,-1.441249,1.241413,-6.808943,16.498865,-43.483650,64.115204,17.093616,14.164319,-9.283135,0.532181,-15.657327,34.010143,70.239944,-20.990067,-3.294094,-44.465656
978.000000,-2160.858398,-1093.994507,75.923393,2.517785,-4.969271,144.319455,10.072248,-8.251218,-6.587509,18.108908,-22.754862,6.298118,-24.115707,-5.626392,-12.081455,15.699170,-3.350450,-0.064308,-2.416365,-1.888679,1.112265,-6.372804,16.855898,-43.483555,63.572460,17.101524,14.496915,-8.979174,0.686010,-15.520588,33.985199,70.301659,-20.977907,-3.691084,-44.763741
979.000000,-2161.809814,-1092.695068,75.641426,2.169937,-4.681287,145.025008,10.929244,-7.522189,-7.379742,18.624119,-24.381012,6.021049,-24.535122,-4.955976,-10.651756,17.201511,-1.762563,-0.873515,-2.611345,-1.968122,0.978530,-5.875747,17.212543,-43.479649,63.086887,17.156956,14.835317,-8.701348,0.826180,-15.438616,33.953300,70.315926,-20.966486,-4.075413,-44.998173
980.000000,-2162.792725,-1091.394775,75.404114,1.396287,-4.249401,145.751002,11.460868,-6.323902,-8.038487,19.395361,-26.043863,5.782739,-24.807547,-3.705693,-10.109165,19.131956,-0.533963,-2.704633,-2.887525,-1.500192,0.773513,-5.383834,17.446945,-43.477337,62.788776,17.197561,15.079131,-8.431452,0.927307,-15.421255,33.838543,70.327301,-20.962149,-4.323001,-45.149574
981.000000,-2163.780518,-1090.133057,75.204765,0.571665,-3.645655,146.448209,11.934445,-4.757568,-8.717055,20.127216,-27.803907,5.685971,-25.074078,-2.216095,-9.969278,21.153158,-0.002954,-4.812633,-3.159122,-0.793179,0.392040,-4.945063,17.630838,-43.474319,62.630318,17.204575,15.316583,-8.140666,1.096331,-15.428984,33.589737,70.333473,-20.962114,-4.497014,-45.315735
982.000000,-2164.709717,-1089.006104,75.075180,-0.020758,-3.063867,146.908112,12.174542,-3.753427,-8.425133,20.433624,-28.748070,5.163482,-25.295834,-1.623742,-10.332464,22.433683,0.240750,-4.810734,-3.119857,-0.386908,0.221409,-4.820802,17.670105,-43.470570,62.619682,17.201492,15.458570,-7.918323,1.150029,-15.435635,33.304928,70.350121,-21.004173,-4.547265,-45.362816
983.000000,-2165.612793,-1087.971680,75.014786,-0.450984,-2.698440,147.492431,12.204235,-2.959700,-7.423766,20.192217,-28.975494,4.259818,-25.335030,-1.251730,-10.847907,23.969875,0.359973,-4.423496,-3.226533,-0.064718,0.318634,-4.817628,17.698967,-43.465557,62.619110,17.160357,15.613438,-7.674824,1.122319,-15.434566,32.855061,70.363564,-21.139191,-4.597641,-45.411713
984.000000,-2166.493408,-1087.047729,75.015930,-0.967160,-2.676146,148.158849,12.033158,-2.423629,-6.690327,20.422029,-29.101023,3.295525,-24.744078,-0.712464,-11.249651,25.052025,0.094845,-4.194640,-3.453181,0.421226,0.742791,-4.869051,17.683739,-43.456924,62.620338,17.019224,15.709431,-7.527902,1.140348,-15.528256,32.609806,70.440971,-21.423988,-4.659611,-45.483917
985.000000,-2167.460205,-1086.116577,75.055725,-1.550453,-2.646869,148.805041,12.041238,-1.644060,-5.760128,20.829313,-29.873671,2.425053,-23.893585,-0.173419,-11.719448,25.704617,-0.247611,-4.220635,-3.557547,0.969190,0.846139,-4.741354,17.633371,-43.515614,62.644012,16.828726,15.838374,-7.427606,1.481247,-15.655129,32.590237,70.672150,-21.719055,-4.754786,-45.501183
986.000000,-2168.459717,-1085.245728,75.128708,-2.338837,-2.565127,149.542434,11.999038,-0.386541,-4.431481,21.433769,-29.842844,2.399163,-22.830282,0.484749,-12.749118,26.528196,-1.842681,-4.477489,-3.697013,1.999547,0.605950,-4.463820,17.448536,-43.683838,62.684551,16.553551,16.042105,-7.275045,2.216591,-15.922451,32.581837,70.892662,-21.835741,-4.822122,-45.504192
987.000000,-2169.502930,-1084.338135,75.254105,-3.169933,-2.531745,150.566862,12.131055,0.735406,-3.636721,22.298935,-29.588587,2.392633,-21.832548,0.886310,-13.728437,26.793455,-3.092730,-4.812692,-3.936883,2.756984,0.414861,-4.309626,17.368786,-43.961941,62.685234,16.216141,16.209118,-7.205207,2.872295,-16.074255,32.500381,70.894104,-21.840345,-4.826230,-45.504421
988.000000,-2170.476318,-1083.475830,75.418213,-3.829152,-2.539165,151.449142,12.508904,1.969724,-3.653622,23.378328,-28.614388,1.591371,-20.331575,1.391668,-14.870559,26.728617,-4.482268,-5.242261,-4.111535,3.523390,0.154599,-4.224761,17.341362,-44.383484,62.672951,15.687326,16.461811,-7.191298,3.806565,-16.162027,32.277519,70.713341,-21.842150,-4.825201,-45.506935
989.000000,-2171.444092,-1082.602539,75.609695,-4.389298,-2.614947,152.238832,12.844632,3.090670,-3.710828,24.657032,-27.270741,0.880287,-18.612040,1.969699,-15.836343,26.199347,-5.553779,-5.559803,-4.133681,4.147086,0.023903,-4.263886,17.336012,-44.660709,62.550262,15.334435,16.768267,-7.213349,4.601167,-16.183479,32.113136,70.409012,-21.836843,-4.822570,-45.525600
990.000000,-2172.362793,-1081.758423,75.809769,-4.764318,-2.766906,153.003258,12.998977,3.966672,-3.606463,26.140509,-25.766958,0.153357,-16.935490,2.390108,-16.631031,25.567551,-6.380983,-5.769814,-4.141253,4.563075,0.087209,-4.377373,17.338043,-44.781551,62.159294,15.295293,17.121595,-7.234927,5.097205,-16.156322,32.090954,70.201996,-21.833796,-4.823147,-45.541855
991.000000,-2173.249756,-1080.926392,76.013458,-4.952380,-2.883037,153.749082,12.827076,4.791538,-3.388756,28.334818,-23.568068,-0.650687,-14.999245,2.724181,-17.466759,24.779377,-7.342402,-5.907729,-4.183784,4.878275,0.182026,-4.564625,17.320112,-44.963589,61.581646,15.320110,17.468834,-7.240509,5.532836,-16.093292,32.085762,69.920631,-21.829966,-4.823524,-45.550209
992.000000,-2174.089355,-1080.117188,76.216820,-5.130859,-3.148566,154.466288,12.230204,5.489807,-3.222515,31.296175,-21.067421,-1.363207,-13.054887,3.031029,-18.319359,23.888826,-8.011408,-6.104313,-4.305686,5.141896,0.556591,-4.948030,17.204243,-45.337238,61.202385,15.491083,17.767773,-7.242478,5.716554,-16.055824,32.097664,69.522995,-21.840498,-4.818975,-45.553711
993.000000,-2174.916748,-1079.303833,76.398376,-5.293780,-3.276023,155.174089,10.919387,6.308413,-2.715569,35.090378,-18.013020,-1.973883,-11.084155,3.362243,-19.492128,22.620029,-8.578773,-6.281398,-4.504793,5.424783,0.763078,-5.333708,16.975277,-45.617615,60.983860,15.756393,18.040756,-7.250083,5.886308,-16.072475,32.124874,68.961113,-21.878792,-4.820121,-45.554016
994.000000,-2175.702148,-1078.524170,76.547623,-5.471097,-3.397362,155.719072,8.997992,7.280732,-1.902720,39.672668,-14.079098,-2.641234,-9.110634,3.925695,-20.202801,21.067381,-8.977173,-6.321726,-4.594084,5.746849,0.909801,-5.760792,16.625551,-45.720860,60.927204,16.080769,18.307600,-7.250201,5.923308,-16.130407,32.221497,68.523056,-22.022991,-4.858573,-45.560783
995.000000,-2176.425293,-1077.791870,76.655174,-5.559814,-3.525114,156.219741,7.380509,7.910604,-1.406813,43.027847,-10.693852,-2.983213,-7.879295,4.276065,-20.570503,20.117290,-9.257094,-6.358902,-4.631624,5.897314,0.980384,-6.067590,16.367409,-45.767860,60.923817,16.329357,18.487720,-7.216952,5.828133,-16.163420,32.348934,68.423477,-22.234289,-4.915680,-45.566021
996.000000,-2177.117676,-1077.114380,76.708046,-5.669451,-3.676954,156.703381,4.572690,8.689422,-0.975928,48.325562,-4.701052,-3.908089,-6.101316,4.773271,-21.085558,18.917522,-9.772993,-6.419183,-4.695614,6.130482,1.168798,-6.606644,15.911702,-45.868294,60.949081,16.735014,18.717354,-7.084280,5.484811,-16.301498,32.569580,68.393578,-22.682556,-4.999454,-45.595638
997.000000,-2177.756592,-1076.536133,76.710175,-5.821686,-3.897169,157.148079,1.660280,9.184032,-0.572537,53.487389,-1.667763,-4.203848,-4.634828,5.233498,-21.452671,18.100311,-10.316440,-6.380200,-4.653209,6.447406,1.406819,-7.224894,15.345095,-46.093151,61.129848,17.193825,18.852413,-6.918158,4.969842,-16.583485,32.842449,68.391251,-22.962965,-5.009653,-45.644188
998.000000,-2178.334473,-1076.032715,76.663795,-6.020294,-4.284707,157.553565,-1.535328,9.659649,-0.092988,59.712830,-1.017383,-3.794852,-3.208884,5.677207,-21.758614,17.663511,-10.976697,-6.296493,-4.504543,6.796877,1.833840,-8.146740,14.628240,-46.599422,61.787048,17.579805,18.880220,-6.769792,4.194130,-16.896431,33.268349,68.513313,-22.963634,-4.974668,-45.734024
999.000000,-2178.900146,-1075.545044,76.608589,-6.083311,-4.757337,157.750775,-3.713831,10.017204,0.402059,63.946400,-1.227600,-3.307550,-2.202161,5.916299,-21.830467,17.615877,-11.588834,-6.219380,-4.224782,6.912690,2.089473,-8.821413,14.072223,-46.922588,62.479458,17.705196,18.881456,-6.647919,3.521208,-17.031942,33.668953,68.763107,-22.954731,-4.893546,-45.754852
1000.000000,-2179.518311,-1075.013794,76.566788,-5.992768,-5.273198,157.816118,-6.031518,10.475668,1.075248,67.983215,-1.905190,-2.691883,-1.017197,6.079762,-21.790026,17.675098,-12.388926,-6.135822,-3.798697,6.837398,2.184533,-9.413633,13.462134,-47.198551,63.399193,17.788105,18.806211,-6.437416,2.730337,-17.031963,34.058521,69.072472,-22.948685,-4.722685,-45.747005
1001.000000,-2180.135254,-1074.485352,76.545265,-5.793235,-5.757693,157.819745,-8.499084,11.208824,2.042330,71.548134,-3.062137,-2.064548,0.393443,6.135098,-21.655199,17.755238,-13.340797,-6.019333,-3.255676,6.516464,2.118169,-9.865776,12.827022,-47.368328,64.659431,17.863426,18.574102,-6.093811,1.856838,-16.857538,34.332195,69.289413,-22.941023,-4.441392,-45.715897
1002.000000,-2180.752197,-1073.979126,76.540482,-5.567128,-6.194563,157.887309,-10.583381,11.917659,2.648014,73.652908,-4.240530,-1.671636,1.715513,6.120335,-21.521761,17.646978,-14.087736,-5.836052,-2.821003,6.120537,1.987811,-10.049957,12.405175,-47.515114,65.673820,17.974531,18.354841,-5.795673,0.984795,-16.559330,34.464191,69.476944,-22.952843,-4.140709,-45.676697
1003.000000,-2181.333252,-1073.555420,76.538864,-5.384218,-6.588657,157.919652,-12.492817,12.528286,2.835146,74.639977,-5.578597,-1.462243,3.045487,6.136555,-21.397207,17.325569,-14.675935,-5.619577,-2.482410,5.890831,1.819592,-10.401172,12.444609,-47.682468,66.129646,17.989487,18.264297,-6.048860,0.055113,-16.307379,34.554173,69.630775,-22.955370,-3.894279,-45.648418
1004.000000,-2181.953857,-1073.161743,76.539650,-5.178398,-7.020312,157.840054,-14.117783,13.315955,3.136286,74.585869,-7.281197,-1.384253,4.360464,6.119835,-21.131289,16.984449,-15.183061,-5.346349,-2.179395,5.777923,1.743255,-10.762039,12.718538,-47.697697,66.408501,17.941055,18.088362,-6.094334,-0.948087,-16.144167,34.560699,69.665634,-22.939350,-3.747109,-45.568428
1005.000000,-2182.557617,-1072.828735,76.553703,-4.833000,-7.453242,157.591913,-15.369683,14.073425,3.524582,73.749359,-8.846802,-1.356050,5.423574,5.909160,-20.757271,16.887371,-15.695482,-5.089537,-1.899840,5.602147,1.766212,-11.023580,12.958317,-47.690800,66.692551,17.783009,17.925535,-5.881052,-1.898536,-16.033375,34.561573,69.618790,-22.826052,-3.649252,-45.429104
1006.000000,-2183.168701,-1072.541748,76.595642,-4.371522,-7.780883,157.209807,-16.388540,14.713024,3.898585,72.287918,-10.216803,-1.345725,6.312896,5.577358,-20.307682,16.855301,-16.170422,-4.856286,-1.534071,5.362551,1.756918,-11.155547,13.162415,-47.531620,66.819588,17.601772,17.807476,-5.607848,-2.686814,-15.970898,34.560165,69.442520,-22.708151,-3.535392,-45.269932
1007.000000,-2183.786865,-1072.295044,76.647331,-3.967574,-7.994789,156.858966,-17.521379,15.495050,4.312027,69.743652,-11.598521,-1.349526,7.296934,5.185409,-19.783689,16.593109,-16.591528,-4.580150,-0.930195,5.128208,1.577465,-11.316181,13.495534,-46.973454,66.621857,17.245489,17.555916,-5.161870,-3.319366,-16.020161,34.558884,68.962944,-22.625460,-3.388515,-45.122093
1008.000000,-2184.418213,-1072.074585,76.694519,-3.602184,-8.175008,156.672213,-18.733877,16.373623,4.766376,66.850174,-12.460160,-1.400946,8.329427,4.816572,-19.432663,16.147842,-16.930397,-4.270847,-0.523598,4.897782,1.472587,-11.547498,13.811889,-46.794762,66.600456,16.934813,17.283077,-4.955649,-3.898305,-16.093508,34.563198,68.191093,-22.441574,-3.268395,-44.964874
1009.000000,-2185.060059,-1071.890259,76.727798,-3.321688,-8.354844,156.420300,-19.739407,17.225338,5.027965,63.069588,-12.944048,-1.625573,9.359210,4.511707,-19.091713,15.637961,-17.199955,-3.900796,-0.093319,4.736133,1.455563,-11.878692,14.120627,-46.554409,66.616203,16.472439,17.063530,-4.872429,-4.513387,-16.166794,34.567368,67.251022,-21.951643,-3.224874,-44.891068
1010.000000,-2185.723633,-1071.750122,76.745720,-3.119063,-8.434913,156.125781,-20.500952,17.916456,5.012863,59.035030,-13.139093,-1.991934,10.194794,4.297375,-18.749100,15.148350,-17.394550,-3.537272,0.307575,4.688460,1.399511,-12.068818,14.342458,-46.274094,66.643517,15.898198,16.828598,-4.842659,-5.203386,-16.184172,34.569569,66.451088,-21.363449,-3.236068,-44.878132
1011.000000,-2186.356689,-1071.657715,76.755989,-2.936078,-8.514618,155.968065,-21.097115,18.388008,4.870818,55.232151,-13.096713,-2.364971,10.990067,4.065684,-18.512545,14.673274,-17.572819,-3.181462,0.552194,4.652339,1.384097,-12.129871,14.511216,-45.994587,66.649200,15.390644,16.622793,-4.823451,-5.916186,-16.172884,34.569454,65.779305,-20.921535,-3.293865,-44.874695
1012.000000,-2187.078613,-1071.576172,76.771729,-2.685856,-8.523860,155.975511,-21.416059,18.403481,4.479299,49.595753,-12.359143,-2.902767,12.000154,3.618450,-18.461403,14.024538,-17.801226,-2.693719,0.667129,4.467186,1.265405,-12.083330,14.715899,-45.624214,66.665047,14.700686,16.378094,-4.824131,-6.683514,-16.107557,34.565094,65.194244,-20.728106,-3.520212,-44.905960
1013.000000,-2187.829346,-1071.514771,76.764229,-2.502709,-8.565974,155.957649,-21.332193,18.513447,4.368738,43.278004,-11.065812,-3.441354,13.035925,3.205650,-18.430601,13.360183,-18.037230,-2.206187,0.916394,4.301353,1.152922,-11.984687,14.890959,-45.289009,66.675232,13.970827,16.169617,-4.827496,-7.356196,-16.062180,34.560963,64.692314,-20.712879,-3.822824,-45.086040
1014.000000,-2188.612549,-1071.486816,76.709969,-2.444335,-8.608437,155.935369,-21.175747,18.766874,4.448387,38.395260,-9.939325,-3.847725,13.830809,2.966034,-18.393690,12.907093,-18.257280,-1.814337,1.227912,4.252562,1.127563,-11.910939,14.980836,-44.957615,66.665405,13.468767,16.011148,-4.793192,-7.900127,-16.039412,34.548389,64.406876,-20.711761,-4.106245,-45.319122
1015.000000,-2189.415283,-1071.495361,76.614395,-2.488362,-8.667687,155.984012,-21.055719,19.115339,4.590774,33.173576,-8.552640,-4.259413,14.751619,2.748751,-18.401466,12.459963,-18.571436,-1.330260,1.663135,4.267574,1.156579,-11.873429,15.072681,-44.554451,66.616806,12.913967,15.825009,-4.763336,-8.550659,-16.043758,34.517242,64.208206,-20.697071,-4.484281,-45.665436
1016.000000,-2190.297607,-1071.541382,76.486130,-2.584798,-8.688680,156.043219,-21.012184,19.470070,4.775793,27.696589,-6.901000,-4.639514,15.829360,2.485990,-18.457726,12.025873,-19.017897,-0.693066,2.295062,4.338562,1.167504,-11.870623,15.145915,-44.105389,66.602203,12.216434,15.630660,-4.751992,-9.237431,-16.138487,34.507160,63.986553,-20.613026,-4.934759,-46.118351
1017.000000,-2191.242188,-1071.620850,76.336380,-2.652874,-8.741882,156.127802,-20.849670,19.454998,4.547594,23.324497,-5.635306,-4.841116,16.809341,2.133041,-18.550877,11.795711,-19.527168,-0.026392,2.953264,4.370001,1.218150,-11.834948,15.225919,-43.848560,66.603462,11.283846,15.391865,-4.709571,-9.744710,-16.297310,34.505043,63.572994,-20.480263,-5.196852,-46.549824
1018.000000,-2192.232910,-1071.722168,76.154022,-2.762753,-8.800088,156.290269,-20.687439,19.418690,4.386817,19.774025,-4.728387,-4.938639,17.837519,1.757094,-18.763670,11.612710,-20.090492,0.703722,3.520610,4.381129,1.270903,-11.790229,15.371140,-43.718136,66.536804,10.272408,15.069612,-4.614646,-10.242670,-16.438208,34.504490,63.004284,-20.361868,-5.432934,-47.008381
1019.000000,-2193.275635,-1071.847046,75.942085,-2.902434,-8.835416,156.481339,-20.567986,19.381300,4.250325,17.621523,-4.110616,-4.973008,18.643534,1.472345,-18.959162,11.458688,-20.522261,1.281051,3.892329,4.381539,1.296312,-11.727929,15.511922,-43.707600,66.444115,9.678520,14.869509,-4.633938,-10.676839,-16.489025,34.506844,62.618507,-20.254576,-5.643866,-47.347580
1020.000000,-2194.400146,-1072.009644,75.708710,-3.021758,-8.821430,156.515596,-20.360706,19.335112,4.094863,15.538002,-3.326098,-4.991573,19.562761,1.070735,-19.098095,11.323978,-21.071318,2.023798,4.394701,4.382298,1.270764,-11.572438,15.714154,-43.736752,66.244263,9.002900,14.665340,-4.679418,-11.246208,-16.501450,34.517624,62.186787,-20.132870,-5.945869,-47.719242
1021.000000,-2195.600342,-1072.220825,75.461411,-3.080742,-8.717914,156.474952,-20.097757,19.179178,3.989197,13.818368,-2.350903,-5.006679,20.542757,0.424846,-19.165562,11.272251,-21.782057,3.016071,5.024423,4.365829,1.144991,-11.262315,15.980282,-43.695480,65.857552,8.063277,14.449673,-4.677124,-11.973845,-16.487940,34.532417,61.739681,-20.015039,-6.339396,-48.089588
1022.000000,-2196.903320,-1072.491699,75.183495,-3.067456,-8.623544,156.526837,-19.863781,18.717426,3.945386,13.239158,-1.593171,-4.927986,21.486483,-0.375282,-19.331276,11.253100,-22.477467,4.036023,5.503524,4.285280,1.079907,-11.009241,16.188465,-43.648083,65.502037,7.353491,14.288931,-4.811453,-12.687368,-16.447584,34.553280,61.414543,-19.994993,-6.655341,-48.433487
1023.000000,-2198.195801,-1072.805786,74.877235,-3.086831,-8.457365,156.721492,-19.775288,18.093920,4.231389,13.508482,-1.257602,-4.713597,22.422161,-1.225788,-19.663563,11.243702,-23.192591,5.163595,5.811296,4.265379,1.020061,-10.803432,16.322840,-43.604450,65.180489,7.041271,14.101386,-4.959661,-13.513644,-16.356796,34.553055,61.306831,-19.989706,-6.979544,-48.852589
1024.000000,-2199.484375,-1073.132935,74.601280,-2.815809,-8.238606,156.980877,-20.024376,17.441713,4.277910,14.411800,0.856309,-5.876591,23.067797,-2.080602,-20.034878,11.268058,-23.729811,6.070882,6.037282,4.019276,1.081182,-10.760842,16.482323,-43.420135,64.880730,6.960407,13.892280,-5.069726,-14.168065,-16.190159,34.540318,61.347828,-19.980627,-7.154809,-49.178089
1025.000000,-2200.752930,-1073.467163,74.429367,-2.212694,-7.960001,157.057182,-20.455891,16.562620,4.816566,16.097012,3.293808,-6.503959,23.758171,-3.465220,-20.376932,11.281284,-24.191603,7.141648,6.590420,3.371019,1.341934,-10.901127,16.818436,-43.080124,64.445511,6.728411,13.526977,-5.233715,-14.928496,-15.872522,34.586983,61.481392,-19.874187,-7.267478,-49.502392
1026.000000,-2201.971436,-1073.819214,74.381721,-1.814737,-7.604834,157.122076,-21.084026,15.475342,5.350635,18.350945,5.014802,-6.241657,24.412683,-5.062527,-20.624184,11.216659,-23.945322,8.390691,7.333099,2.750351,1.655816,-11.150119,17.117472,-42.758614,64.048744,6.086902,13.053958,-5.434899,-15.828375,-15.450486,34.824154,61.649071,-19.509125,-7.330848,-49.770592
1027.000000,-2203.270264,-1074.207275,74.432274,-1.727891,-7.195259,157.423810,-21.743271,14.607311,5.343076,20.396820,5.332450,-5.680912,24.918955,-6.010879,-20.821592,11.108472,-22.614386,9.392935,7.657112,2.691298,1.788606,-11.269457,17.155001,-42.578568,63.860020,5.559782,12.726263,-5.609919,-16.497147,-15.091939,35.238174,61.799782,-18.987072,-7.352097,-50.078716
1028.000000,-2204.548828,-1074.570679,74.527206,-1.739488,-6.771259,157.718525,-22.304893,13.840349,5.320666,22.301035,5.111221,-5.050873,25.314962,-6.788692,-20.898048,11.109505,-20.805862,10.259551,7.981490,2.767971,1.753488,-11.303013,17.155256,-42.539371,63.663200,5.356948,12.514150,-5.823557,-16.966057,-14.793745,35.928432,61.894196,-18.250719,-7.381804,-50.506027
1029.000000,-2205.898193,-1074.938843,74.608017,-1.819271,-6.371603,157.901440,-22.664083,13.201377,5.345924,23.980713,5.209675,-4.433506,25.695984,-7.478767,-20.916491,11.144625,-18.932014,10.917403,8.450462,2.944068,1.619709,-11.230416,17.153088,-42.554646,63.374882,5.150335,12.421114,-6.110686,-17.339088,-14.587494,36.827435,62.054710,-17.420980,-7.474653,-50.934311
1030.000000,-2207.204346,-1075.275879,74.657539,-1.765483,-5.948263,158.106279,-23.011808,12.757345,5.392319,25.352331,4.744327,-4.122929,25.919792,-7.967062,-20.935463,11.196733,-17.851435,11.042089,8.745676,2.994727,1.490843,-11.128722,17.214453,-42.579357,63.093903,5.008943,12.353755,-6.351054,-17.607069,-14.428787,37.404629,62.231216,-16.959145,-7.527221,-51.151867
1031.000000,-2208.414551,-1075.576538,74.724937,-1.456479,-5.498385,158.327664,-23.564814,11.825026,5.767006,27.607664,2.577997,-3.555374,26.179863,-9.008045,-20.934624,11.393489,-16.444834,10.876661,9.145959,2.658558,1.456320,-11.113596,17.452446,-42.585133,62.526096,4.821610,12.193946,-6.675319,-18.102779,-14.089389,38.139256,62.503296,-16.398375,-7.545436,-51.352886
1032.000000,-2209.568848,-1075.867676,74.789383,-1.207598,-4.987150,158.437337,-24.014984,11.062912,6.247640,29.390623,0.600185,-2.988605,26.154457,-9.973517,-20.896534,11.795710,-15.266501,10.424560,9.621055,2.331413,1.448018,-11.231586,17.627859,-42.636410,62.092098,4.642263,12.082622,-7.016536,-18.645218,-13.824027,38.863171,62.656143,-15.882796,-7.545974,-51.463135
1033.000000,-2210.661865,-1076.121948,74.840988,-1.026214,-4.474223,158.548967,-24.392111,10.443912,6.654897,30.856894,-1.057879,-2.514078,26.014812,-10.795972,-20.966803,12.305771,-14.184814,9.835441,10.243328,2.015371,1.458088,-11.512527,17.812113,-42.898258,61.808975,4.444519,11.917493,-7.494421,-19.241217,-13.547515,39.693584,62.903408,-15.088310,-7.544339,-51.545731
1034.000000,-2211.688721,-1076.335571,74.875107,-0.906689,-3.993794,158.840651,-24.748993,9.787251,6.855956,32.129753,-2.524650,-2.077530,25.950401,-11.445130,-21.152470,12.745708,-13.034708,9.229024,10.725690,1.681111,1.465965,-11.840057,17.985081,-43.239452,61.693237,4.176482,11.708801,-8.044255,-19.843161,-13.164866,40.441967,63.225330,-14.116197,-7.543058,-51.555912
1035.000000,-2212.654053,-1076.522339,74.894653,-0.806659,-3.616084,159.164097,-24.973738,9.194603,6.956716,33.184906,-3.777640,-1.701048,25.912233,-11.969542,-21.184135,13.255075,-11.919408,8.865204,11.140897,1.390238,1.507593,-12.133552,18.081373,-43.489086,61.679802,3.884355,11.547149,-8.522625,-20.308294,-12.804777,41.031658,63.564522,-13.398698,-7.543384,-51.558048
1036.000000,-2213.595703,-1076.693359,74.897682,-0.726631,-3.280058,159.530210,-25.160349,8.656066,7.013979,34.157021,-4.930990,-1.351076,25.772211,-12.470464,-21.149990,14.007063,-10.858461,8.655235,11.540281,1.137470,1.491341,-12.358882,18.153490,-43.693497,61.656586,3.705718,11.418591,-8.922981,-20.661682,-12.458886,41.535233,63.997818,-12.960316,-7.545565,-51.558762
1037.000000,-2214.532959,-1076.857910,74.876541,-0.639902,-2.916846,160.151144,-25.432844,7.891277,6.928251,35.276016,-6.213860,-0.869513,25.530367,-13.066132,-21.266523,15.219254,-9.537188,8.584818,11.770299,0.838470,1.371360,-12.525094,18.258488,-44.003975,61.541210,3.568527,11.336310,-9.353415,-20.916029,-12.020013,41.863041,64.485886,-12.631160,-7.547669,-51.553238
1038.000000,-2215.481689,-1077.031616,74.837074,-0.436686,-2.682148,161.218689,-25.626694,6.716831,6.636936,36.225410,-7.324932,-0.248008,25.386406,-13.713573,-21.426540,16.735872,-8.022841,8.637631,11.476511,0.461079,1.342966,-12.704976,18.555311,-44.790192,61.346333,3.253849,11.325723,-9.721121,-21.045368,-11.634613,41.963104,64.592926,-12.139239,-7.562123,-51.559250
1039.000000,-2216.428223,-1077.216431,74.805107,-0.108671,-2.565517,162.340370,-25.526751,5.333644,6.480535,36.908245,-8.301090,0.400499,25.204304,-14.535308,-21.369261,18.702969,-6.254865,8.700677,11.038424,0.014416,1.392753,-12.974321,18.874992,-45.820251,61.279861,2.813432,11.326623,-10.077041,-21.133522,-11.260474,42.058655,64.741920,-11.484575,-7.638927,-51.616291
1040.000000,-2217.428223,-1077.422363,74.801620,0.277427,-2.519407,163.341007,-25.249950,4.427879,6.587796,37.197456,-8.952610,0.819423,24.993835,-15.177791,-21.081278,20.187052,-4.785577,8.708054,10.867769,-0.298329,1.400924,-13.137327,19.014877,-46.409641,61.275059,2.593713,11.319718,-10.272493,-21.148266,-11.003487,42.153320,64.962776,-11.068840,-7.721451,-51.657814
1041.000000,-2218.486816,-1077.645508,74.840752,0.655885,-2.473341,164.247237,-24.604292,3.091962,6.890557,37.405499,-9.913840,1.510381,24.526312,-16.169872,-20.335066,22.535278,-1.876227,8.652992,10.705858,-0.767182,1.326086,-13.319818,19.156570,-47.168224,61.292126,2.442206,11.307012,-10.395143,-21.135036,-10.574084,42.437153,65.471443,-10.545134,-7.832145,-51.675293
1042.000000,-2219.585449,-1077.883667,74.916183,1.006526,-2.496427,165.179026,-23.790892,1.873962,7.218529,37.370354,-10.709678,2.243136,24.022583,-17.047594,-19.582403,24.670498,1.654928,8.323310,10.565627,-1.181412,1.211179,-13.460736,19.224457,-47.722614,61.386185,2.075441,11.253212,-10.526972,-21.008089,-10.207314,42.783974,65.830238,-10.105171,-7.896823,-51.674393
1043.000000,-2220.693848,-1078.123901,75.007042,1.385864,-2.592972,166.259472,-22.704508,0.618776,7.725599,37.043789,-11.436525,3.201719,23.542414,-17.835541,-18.830873,26.763571,5.979363,7.510550,10.327106,-1.622404,1.154769,-13.667616,19.256683,-48.156296,61.553089,1.376665,11.123647,-10.766203,-20.700871,-9.932714,43.096157,65.924568,-9.688908,-8.026611,-51.672688
1044.000000,-2221.809814,-1078.397217,75.096992,1.720216,-2.713408,167.338978,-21.469149,-0.663012,8.193830,36.465485,-12.111129,4.168047,22.769781,-18.506517,-17.667570,28.961864,11.112360,6.322759,10.068397,-2.035999,1.134168,-13.963261,19.219631,-48.632458,61.675087,0.687397,10.983663,-10.996095,-20.379726,-9.736038,43.441257,65.992592,-9.188910,-8.322874,-51.671230
1045.000000,-2222.851074,-1078.699585,75.168846,2.040247,-2.823565,168.097023,-20.359421,-1.767461,8.313289,35.903259,-12.680691,4.756132,21.503807,-19.057985,-16.274523,31.219942,15.846774,4.904949,10.003384,-2.284872,1.196643,-14.317035,19.024771,-48.984303,61.739395,0.068498,10.828354,-11.294078,-20.250444,-9.635500,43.973957,66.083961,-8.721944,-8.585153,-51.664974
1046.000000,-2223.787354,-1079.008301,75.205162,2.291624,-2.961031,168.880092,-19.396137,-2.787823,8.265634,35.433258,-13.202662,5.257987,19.941450,-19.462257,-14.895168,33.858120,18.959139,3.603555,9.877711,-2.452350,1.329891,-14.720876,18.734331,-49.213379,61.794437,-0.441284,10.676467,-11.601507,-20.255455,-9.565066,44.541786,66.154816,-8.414018,-8.832301,-51.622334
1047.000000,-2224.582520,-1079.304932,75.224998,2.451632,-3.208613,169.987533,-18.404026,-4.076229,7.682384,35.001534,-13.645782,5.859178,17.382196,-19.550566,-13.787185,38.864990,16.621571,2.967097,9.148850,-2.491722,1.716080,-15.349611,18.242556,-49.251705,61.936356,-0.927445,10.525077,-11.994776,-20.483639,-9.434396,44.942486,66.321754,-8.219492,-9.184727,-51.376350
1048.000000,-2225.334229,-1079.576416,75.252274,2.572486,-3.581844,171.493103,-17.330273,-5.509009,6.611436,34.534782,-13.898566,6.433095,14.541013,-19.333052,-13.239417,45.172981,11.741772,2.355729,7.825844,-2.468839,2.195976,-16.028292,17.640257,-49.257065,62.224548,-1.543889,10.415377,-12.410113,-20.644907,-9.271832,45.101715,66.512703,-8.258784,-9.463660,-51.051201
1049.000000,-2226.104248,-1079.823486,75.307022,2.782715,-3.795549,172.959997,-16.258738,-6.985271,5.510158,33.766098,-13.983376,6.940743,11.249768,-19.131962,-12.683292,51.678806,5.934222,1.742209,6.391229,-2.581143,2.220358,-16.478085,16.995956,-49.263248,62.611008,-2.232295,10.278640,-12.821279,-20.582813,-9.045293,45.287430,67.103554,-8.420531,-9.710497,-50.549011
1050.000000,-2226.899170,-1080.068604,75.408897,2.930028,-3.988278,174.230402,-15.154466,-8.128586,4.597546,32.861996,-13.997141,7.330248,8.244518,-18.881069,-12.140713,56.515293,1.378656,1.309803,5.365273,-2.582288,2.000751,-16.741051,16.271183,-49.267788,63.101685,-2.687720,10.090548,-13.135978,-20.209492,-9.013208,45.381401,67.608574,-8.517904,-9.794780,-49.957069
1051.000000,-2227.645752,-1080.291016,75.539902,2.965477,-4.200857,175.276715,-14.036398,-9.010243,3.752058,31.962442,-13.992299,7.653581,5.593482,-18.597376,-11.775965,60.093830,-2.217198,1.002618,4.617651,-2.442492,1.721196,-16.901701,15.551616,-49.271664,63.539307,-2.959075,9.930954,-13.404169,-19.675854,-9.129968,45.399906,68.012589,-8.558100,-9.813184,-49.404034
1052.000000,-2228.409668,-1080.495972,75.695435,2.949244,-4.588860,176.376265,-12.477310,-9.911080,2.712895,30.785765,-13.937098,7.988428,2.705494,-18.215963,-11.450713,63.270142,-6.044878,0.748137,3.913252,-2.223724,1.519367,-17.088255,14.849165,-49.274910,63.827602,-3.132436,9.788667,-13.799603,-18.977211,-9.441289,45.401310,68.417999,-8.587007,-9.816064,-48.654415
1053.000000,-2229.156250,-1080.659058,75.862274,2.864702,-5.131749,177.537434,-10.679284,-10.692414,1.496160,29.581903,-13.860177,8.273913,0.284813,-17.715706,-11.377180,65.335670,-9.170126,0.542863,3.205910,-1.983352,1.500708,-17.350670,14.265722,-49.255741,64.083702,-3.127506,9.647768,-14.195270,-18.285984,-9.775561,45.382202,68.986954,-8.658581,-9.818469,-47.864456
1054.000000,-2229.899658,-1080.786987,76.041916,2.747388,-5.669402,178.620365,-8.745188,-11.316210,0.258521,28.266266,-13.750456,8.496491,-1.905227,-17.074739,-11.383718,66.301048,-12.088481,0.376589,2.626865,-1.767869,1.485215,-17.617439,13.718490,-49.233887,64.321571,-3.008330,9.591046,-14.446471,-17.489597,-10.117125,45.364468,69.629524,-8.763590,-9.815060,-47.067596
1055.000000,-2230.618896,-1080.896118,76.218399,2.584191,-6.074882,179.360334,-7.128486,-11.615559,-0.608879,27.109180,-13.696989,8.661670,-4.089736,-16.234400,-11.152761,66.367493,-14.393968,0.202647,2.383608,-1.517120,1.406429,-17.805559,13.298178,-49.267494,64.392952,-2.941277,9.555377,-14.533103,-16.748768,-10.476763,45.362465,70.054459,-8.813331,-9.759182,-46.412682
1056.000000,-2231.315430,-1080.988159,76.383904,2.369330,-6.519846,179.928139,-5.213330,-11.763255,-1.481254,25.834066,-13.709006,8.847175,-6.715816,-14.936081,-10.789083,65.670403,-16.496500,-0.056301,2.128637,-1.125302,1.505896,-17.971542,12.918961,-49.303589,64.406113,-2.927824,9.446494,-14.564303,-16.028711,-10.931315,45.361328,70.344009,-8.830153,-9.667062,-45.792515
1057.000000,-2231.985840,-1081.049683,76.533333,2.119401,-6.882566,-179.564879,-4.007719,-11.764312,-2.048706,25.067108,-13.762900,8.942522,-8.432014,-13.902887,-10.658313,64.569382,-17.500654,-0.329663,1.926223,-0.827980,1.615855,-18.045509,12.727783,-49.299168,64.430397,-2.923497,9.379311,-14.583161,-15.620075,-11.217940,45.359661,70.471077,-8.834896,-9.616911,-45.557068
1058.000000,-2232.657227,-1081.077881,76.663589,1.850405,-7.082093,-178.945340,-2.664364,-11.723331,-2.843453,24.202347,-13.873548,9.025722,-10.641685,-12.529156,-10.777808,62.394096,-18.379889,-0.741611,1.588511,-0.459599,1.680355,-18.120493,12.582359,-49.264816,64.470139,-2.911720,9.353703,-14.668753,-15.165555,-11.503675,45.348473,70.701813,-8.838731,-9.564086,-45.451206
1059.000000,-2233.296387,-1081.075806,76.763542,1.600775,-7.153428,-178.271743,-1.638085,-11.683813,-3.720406,23.595331,-14.058072,9.060958,-12.739529,-11.261978,-11.213045,59.693813,-18.747902,-1.069930,1.074826,-0.143455,1.718676,-18.218172,12.570332,-49.199959,64.465790,-2.898489,9.406774,-14.777870,-14.849746,-11.698668,45.306881,70.987801,-8.808494,-9.528506,-45.434689
1060.000000,-2233.942383,-1081.057373,76.840935,1.404002,-7.059485,-177.723104,-0.950861,-11.621812,-4.368349,23.160572,-14.289577,9.078628,-14.600343,-10.177759,-11.710575,56.639641,-18.659548,-1.313147,0.784086,0.109971,1.712694,-18.349640,12.579705,-49.031227,64.362671,-2.884640,9.651399,-14.817506,-14.580247,-11.935810,45.236267,71.066322,-8.767118,-9.496763,-45.435070
1061.000000,-2234.589844,-1081.026733,76.889786,1.298322,-7.014241,-177.223453,-0.100704,-11.613453,-5.064152,22.653994,-14.596821,9.112992,-16.611227,-9.115618,-12.507775,52.821293,-18.309763,-1.544016,0.524859,0.346581,1.872436,-18.532463,12.601869,-48.682064,64.130600,-2.798405,9.996228,-14.818556,-14.361588,-12.256263,45.045338,71.106674,-8.764170,-9.490343,-45.442772
1062.000000,-2235.262207,-1080.988647,76.928169,1.237723,-6.873285,-176.721924,0.452469,-11.623016,-5.541854,22.292671,-14.811524,9.146333,-17.768045,-8.491665,-13.177774,49.767338,-17.512318,-1.646558,0.264370,0.503442,1.951334,-18.575706,12.632596,-48.441139,63.893314,-2.687263,10.281730,-14.812774,-14.252410,-12.404743,44.714741,71.221832,-8.775466,-9.536219,-45.469173
1063.000000,-2235.946533,-1080.947388,76.945534,1.204920,-6.690800,-176.227514,1.104134,-11.667116,-6.133681,21.856482,-15.130156,9.207474,-19.124859,-7.787253,-14.096189,45.411449,-16.044708,-1.733432,-0.165571,0.678198,2.013609,-18.589151,12.688215,-48.116173,63.532940,-2.641355,10.714183,-14.779719,-14.150729,-12.529093,44.070614,71.432022,-8.780687,-9.629238,-45.602921
1064.000000,-2236.693604,-1080.901489,76.939598,1.153936,-6.472012,-175.751972,1.667549,-11.674782,-6.692407,21.620977,-15.593603,9.274401,-20.200468,-7.012641,-14.812907,40.706192,-14.255115,-1.766147,-0.631659,0.912401,2.060323,-18.613493,12.706954,-47.980148,63.198338,-2.637772,11.158817,-14.700762,-14.012951,-12.708568,43.434673,71.515305,-8.773832,-9.742486,-45.897957
1065.000000,-2237.484131,-1080.840942,76.904457,1.154285,-6.240246,-175.285681,2.143375,-11.702173,-7.190050,21.528784,-16.115396,9.330769,-20.967575,-6.308848,-15.258898,36.269516,-12.425467,-1.690921,-1.055842,1.081137,2.083973,-18.613358,12.777486,-47.968975,62.703037,-2.607397,11.592946,-14.612955,-13.838051,-12.919532,42.946968,71.519524,-8.775949,-9.924272,-46.246063
1066.000000,-2238.320068,-1080.760254,76.841850,1.267670,-6.078561,-174.899991,2.890748,-11.809422,-7.720777,21.297398,-16.755421,9.379966,-21.662502,-5.721373,-15.851390,31.195385,-10.114673,-1.530254,-1.443083,1.114496,2.161018,-18.635330,12.861923,-47.963470,62.039501,-2.543823,12.069679,-14.466751,-13.585327,-13.178978,42.455261,71.520798,-8.786722,-10.184176,-46.647919
1067.000000,-2239.204346,-1080.654175,76.759651,1.450755,-5.963637,-174.459267,3.548733,-11.929671,-8.119866,21.056789,-17.196217,9.393903,-21.876877,-5.415521,-16.069986,27.749754,-8.462561,-1.387860,-1.696607,1.018588,2.212125,-18.639444,12.892921,-47.933949,61.647366,-2.530624,12.311115,-14.332645,-13.347467,-13.303905,41.981091,71.522667,-8.816807,-10.395431,-46.917404
1068.000000,-2240.220947,-1080.501221,76.647621,1.679400,-5.874466,-173.927925,4.496250,-12.121318,-8.760952,20.736515,-17.829342,9.391610,-21.985571,-5.062771,-15.909207,23.554764,-6.574234,-1.210891,-2.041990,0.725348,2.196842,-18.647848,12.931905,-47.878864,61.305172,-2.529819,12.528702,-14.121895,-12.950120,-13.378395,41.273262,71.558983,-8.853229,-10.638307,-47.361851
1069.000000,-2241.287354,-1080.320312,76.518425,1.848101,-5.758870,-173.363749,5.466887,-12.218444,-9.452682,20.525896,-18.602945,9.375718,-22.008991,-4.731942,-15.430812,20.110466,-5.062924,-1.053425,-2.367058,0.395285,2.116054,-18.649824,13.014152,-47.867905,61.071697,-2.542584,12.721330,-13.811397,-12.578793,-13.391348,40.641865,71.690598,-8.864510,-10.780613,-47.904419
1070.000000,-2242.398438,-1080.117188,76.373421,1.936258,-5.599951,-172.774042,6.267432,-12.194047,-10.126081,20.511503,-19.459074,9.349761,-22.082342,-4.491749,-14.866508,17.847424,-4.027493,-0.957665,-2.658900,0.111205,1.987757,-18.630838,13.169274,-47.851837,60.872478,-2.560037,12.882031,-13.432149,-12.266778,-13.425699,40.217060,71.766518,-8.855505,-10.840083,-48.448921
1071.000000,-2243.559814,-1079.906128,76.215813,1.902394,-5.424104,-172.138860,7.181335,-11.988478,-10.997202,20.713558,-20.691914,9.306662,-22.203127,-4.258907,-13.947428,16.130241,-3.068633,-0.928242,-2.987668,-0.108129,1.814995,-18.512663,13.415327,-47.809582,60.567654,-2.577970,13.021435,-12.838725,-11.882493,-13.575842,39.933212,71.783562,-8.829708,-10.884782,-49.100822
1072.000000,-2244.806885,-1079.690308,76.051727,1.650653,-5.276368,-171.509795,8.023961,-11.497647,-11.804776,21.133869,-22.040586,9.215325,-22.255060,-3.940202,-13.139958,15.979735,-1.533043,-1.266357,-3.323184,-0.022880,1.722361,-18.240366,13.658345,-47.726643,60.368454,-2.582623,13.055571,-12.166891,-11.617876,-13.697509,39.545033,71.811836,-8.832456,-10.909147,-49.650600
1073.000000,-2246.139404,-1079.471802,75.896927,1.164338,-4.980748,-170.936755,8.546289,-10.889839,-12.354251,21.543207,-23.137606,9.068715,-22.241457,-3.444604,-12.833403,16.592239,-0.783811,-1.806383,-3.600781,0.242515,1.508365,-17.858744,13.803580,-47.576927,60.351986,-2.581058,13.084648,-11.663796,-11.413660,-13.722186,39.134754,71.919357,-8.842985,-10.960782,-50.055649
1074.000000,-2247.501221,-1079.275757,75.746582,0.484516,-4.577646,-170.437133,9.093461,-9.798447,-12.890487,22.207569,-24.686409,8.811198,-22.243984,-2.491709,-12.912132,17.893303,-0.031257,-3.337222,-3.874788,0.866971,1.154419,-17.226339,13.922002,-47.191807,60.354042,-2.484556,13.161320,-11.060531,-11.154841,-13.787082,38.495445,72.194473,-8.882920,-11.057374,-50.585201
1075.000000,-2248.838135,-1079.119385,75.601593,-0.223306,-4.289337,-170.042692,9.626472,-8.647343,-13.003629,22.787100,-25.966867,8.340292,-22.073723,-1.622728,-13.320596,19.010311,-0.034610,-4.972600,-3.971225,1.589209,0.960999,-16.684446,13.946447,-46.754639,60.411060,-2.280162,13.216973,-10.617168,-10.944529,-13.953285,37.838108,72.499641,-8.966248,-11.097176,-51.011311
1076.000000,-2250.155762,-1079.005005,75.468987,-0.925884,-4.038287,-169.546120,10.317464,-7.018384,-11.816254,23.340919,-27.275532,7.455935,-21.734842,-0.854967,-14.128663,20.263783,0.210149,-5.824857,-4.115321,2.481424,0.805078,-16.067184,13.946744,-46.340923,60.601437,-2.139085,13.264146,-10.165759,-10.718704,-14.220998,37.114899,72.989601,-9.076383,-11.106944,-51.433243
1077.000000,-2251.389160,-1078.911743,75.364952,-1.500073,-3.938557,-168.996197,11.017660,-5.560242,-10.089669,23.722345,-28.073414,6.435087,-21.298822,-0.395689,-14.860322,21.374851,0.674793,-5.526303,-4.321302,3.168468,0.856565,-15.563913,13.957487,-45.962994,60.802879,-1.937060,13.351120,-9.868399,-10.499943,-14.475303,36.444000,73.406372,-9.116779,-11.105472,-51.774380
1078.000000,-2252.609863,-1078.831177,75.289490,-1.997312,-3.830846,-168.449131,11.622215,-4.196596,-8.117875,24.017271,-28.471069,5.803388,-20.789494,0.141871,-15.250318,22.288301,1.020022,-5.287284,-4.494670,3.706785,0.837619,-14.998406,13.975467,-45.607738,61.153870,-1.790132,13.401833,-9.577598,-10.091965,-14.756037,35.938522,73.624329,-9.251094,-11.104296,-52.084736
1079.000000,-2253.774170,-1078.797119,75.279655,-2.679278,-3.790050,-168.112924,12.150668,-3.053838,-6.767159,24.208578,-28.645027,5.135134,-20.325321,0.716824,-15.602912,23.032990,0.119530,-5.342629,-4.554067,4.294943,0.879903,-14.493936,13.957287,-45.378094,61.483009,-1.767861,13.409800,-9.304802,-9.719066,-15.049382,35.647915,73.662712,-9.396965,-11.115124,-52.241791
1080.000000,-2254.918945,-1078.785278,75.326927,-3.392218,-3.638936,-167.893820,12.742186,-1.644845,-5.324713,24.338072,-28.523476,4.434440,-19.670723,1.557017,-16.059418,23.533068,-1.254100,-5.501201,-4.543216,5.097215,0.792592,-13.692635,13.973755,-45.150921,61.856895,-1.760976,13.415227,-8.960180,-9.210956,-15.367011,35.230598,73.666985,-9.504757,-11.137622,-52.390404
1081.000000,-2256.040039,-1078.763672,75.408188,-3.970518,-3.426855,-167.614627,13.247228,-0.179845,-3.984201,24.634636,-27.993805,3.691988,-18.815392,2.439775,-16.622417,23.730030,-2.621772,-5.804717,-4.544976,5.855286,0.615384,-12.664948,14.088058,-44.981987,62.259659,-1.791111,13.423142,-8.528952,-8.581167,-15.654041,34.754269,73.638618,-9.586335,-11.152754,-52.614521
1082.000000,-2257.125732,-1078.713257,75.510376,-4.497278,-3.307482,-167.115647,13.558522,1.006906,-3.334571,25.281204,-27.281059,2.874516,-17.780142,3.109772,-17.277334,23.545507,-3.580395,-6.257504,-4.661684,6.297035,0.602414,-11.799740,14.325635,-44.967239,62.568123,-1.911363,13.471125,-8.149137,-7.926616,-15.841475,34.531281,73.440109,-9.602415,-11.157723,-52.917610
1083.000000,-2258.194824,-1078.635498,75.621338,-4.954186,-3.192814,-166.336254,13.603221,2.186242,-2.794227,26.342491,-26.375433,2.153011,-16.615141,3.601465,-18.168163,23.227329,-4.470858,-6.772109,-5.005169,6.528008,0.597449,-10.941206,14.714038,-44.967651,62.824165,-2.272584,13.526361,-7.823891,-7.082399,-15.980321,34.260189,72.995422,-9.857953,-11.165955,-53.198498
1084.000000,-2259.278320,-1078.546875,75.747337,-5.390049,-3.096486,-165.347619,13.480135,3.079101,-2.517446,27.418390,-25.619120,1.448350,-15.636397,3.907333,-18.949366,22.870762,-5.149400,-7.018462,-5.380136,6.636036,0.597364,-10.312300,15.056123,-44.978233,63.030083,-2.666212,13.589253,-7.598064,-6.342997,-16.109995,33.943130,72.513367,-10.193494,-11.181811,-53.337463
1085.000000,-2260.373779,-1078.459595,75.877571,-5.756967,-2.937572,-164.460268,13.118931,4.135608,-2.058760,28.940073,-24.471395,0.743820,-14.450731,4.295926,-19.827206,22.276653,-5.871123,-7.223260,-5.728091,6.729814,0.508348,-9.584664,15.492811,-45.039768,63.232597,-3.113491,13.736821,-7.355317,-5.371808,-16.323036,33.482075,71.803856,-10.480582,-11.206386,-53.448753
1086.000000,-2261.421631,-1078.376099,75.998131,-6.048873,-2.776184,-163.743839,12.367369,5.300089,-1.432001,31.254370,-22.781010,-0.063355,-13.076476,4.830771,-20.658154,21.419548,-6.606856,-7.381176,-5.877477,6.808300,0.362761,-8.775752,16.058565,-45.183052,63.363205,-3.439124,13.953990,-7.061170,-4.296743,-16.617098,32.960598,70.950317,-10.561259,-11.216005,-53.552456
1087.000000,-2262.403564,-1078.292603,76.103607,-6.292092,-2.641293,-163.056901,11.180571,6.282750,-1.048477,34.233124,-20.760220,-0.681113,-11.783271,5.326920,-21.358021,20.512634,-7.209846,-7.444668,-6.018111,6.858142,0.299271,-8.144756,16.612070,-45.300652,63.435596,-3.492987,14.171046,-6.807949,-3.430578,-16.933918,32.596500,70.177628,-10.586786,-11.236620,-53.635460
1088.000000,-2263.361084,-1078.209229,76.194939,-6.602239,-2.589181,-162.276164,9.158296,7.270041,-1.101028,38.782619,-17.883558,-1.274878,-10.289478,5.946567,-22.086159,19.299490,-7.662972,-7.461835,-6.344579,6.994295,0.381979,-7.611985,17.171747,-45.306946,63.540592,-3.355067,14.425128,-6.554587,-2.630090,-17.297022,32.074131,69.407394,-10.870436,-11.324656,-53.757343
1089.000000,-2264.328125,-1078.141724,76.260818,-6.903119,-2.709037,-161.677516,6.876209,8.231064,-1.100318,43.843441,-13.793691,-1.849661,-8.647190,6.660510,-22.593576,18.064299,-8.066760,-7.476215,-6.559265,7.155725,0.567035,-7.215684,17.654190,-45.416599,63.771061,-2.878711,14.746125,-6.290681,-1.953518,-17.761454,31.862705,68.933319,-11.392359,-11.380910,-53.997295
1090.000000,-2265.246338,-1078.114746,76.276764,-7.211474,-2.762145,-161.203910,4.844913,8.886948,-1.167899,47.813152,-9.747993,-2.606730,-7.576826,7.210050,-22.900143,17.266115,-8.397457,-7.474417,-6.687620,7.356354,0.549135,-6.977052,17.871456,-45.536861,64.109489,-2.262951,15.013646,-6.067783,-1.465602,-18.191378,31.850153,68.628021,-11.724655,-11.384633,-54.205055
1091.000000,-2266.060303,-1078.126465,76.244331,-7.506605,-2.920042,-160.754939,1.900644,9.472785,-1.241161,53.138737,-5.172163,-3.698853,-6.283860,7.847617,-23.263609,16.580534,-8.965335,-7.446989,-6.787449,7.689250,0.661303,-6.859656,17.915657,-45.592606,64.686615,-1.171371,15.402300,-5.727593,-0.882223,-18.872072,31.848116,68.074928,-11.968452,-11.336041,-54.490345
1092.000000,-2266.825195,-1078.151367,76.185608,-7.772781,-3.323901,-160.315486,-1.222371,9.993218,-0.943597,59.121670,-2.887031,-4.009192,-4.945822,8.350496,-23.585512,16.275980,-9.674432,-7.409107,-6.694345,7.953732,1.065739,-6.988803,17.767239,-45.602264,65.269043,0.365723,15.792672,-5.374108,-0.477412,-19.470488,31.874998,67.723831,-12.304151,-11.117682,-54.726959
1093.000000,-2267.592529,-1078.181885,76.129654,-7.852979,-3.829825,-160.058690,-4.140646,10.468497,-0.298339,64.685982,-1.909961,-3.834454,-3.692292,8.640208,-23.694923,16.381107,-10.542921,-7.365829,-6.317793,7.981999,1.391322,-7.067304,17.582298,-45.599770,65.791679,1.774988,16.053474,-5.016262,-0.173651,-19.803654,31.910034,67.645966,-12.630980,-10.771170,-54.783318
1094.000000,-2268.361572,-1078.216797,76.094749,-7.736701,-4.380281,-159.927870,-6.735194,10.760583,0.216303,69.431618,-1.649850,-3.379281,-2.506163,8.691187,-23.636492,16.749619,-11.528590,-7.320612,-5.746911,7.734434,1.533481,-6.998498,17.480034,-45.516209,66.177238,2.790705,16.125757,-4.732717,0.100854,-19.867910,31.912609,67.641037,-12.731536,-10.353834,-54.700764
1095.000000,-2269.132324,-1078.263428,76.080734,-7.542490,-4.882100,-159.960172,-9.027468,11.140882,0.637681,73.150375,-1.865948,-2.866983,-1.338517,8.689891,-23.407537,17.024229,-12.431442,-7.267368,-4.962605,7.368999,1.463808,-6.802063,17.412691,-45.242947,66.437836,3.858640,16.082621,-4.502130,0.351449,-19.813284,31.978704,67.655121,-12.753633,-9.940328,-54.420212
1096.000000,-2269.880127,-1078.321167,76.077057,-7.355040,-5.137242,-160.071473,-11.384545,11.835773,1.000048,75.993698,-2.293684,-2.391077,-0.381574,8.728124,-23.116123,17.084265,-13.159789,-7.198065,-4.162073,7.021696,1.130658,-6.478178,17.383532,-44.762493,66.585075,5.013392,15.959945,-4.264031,0.482048,-19.721151,32.123051,67.669357,-12.771142,-9.574999,-53.942047
1097.000000,-2270.569580,-1078.391235,76.080017,-7.198049,-5.285482,-160.173830,-13.790464,12.704988,1.142117,78.029503,-2.863331,-1.996290,0.477616,8.800179,-22.837009,16.934139,-13.717826,-7.090766,-3.459828,6.731803,0.872386,-6.204184,17.410852,-44.134995,66.559769,5.786980,15.805084,-4.023449,0.416425,-19.645550,32.295979,67.667549,-12.776202,-9.271537,-53.345398
1098.000000,-2271.200684,-1078.486572,76.092209,-7.023004,-5.468111,-160.300401,-15.499829,13.317887,1.076247,78.996880,-3.418415,-1.782050,1.122213,8.826490,-22.605881,16.777315,-14.070265,-6.989199,-2.977471,6.539689,0.860684,-6.106267,17.446842,-43.624462,66.442497,6.124744,15.665261,-3.886149,0.233699,-19.610563,32.429302,67.662590,-12.771324,-9.074774,-52.835503
1099.000000,-2271.787354,-1078.616089,76.124611,-6.743142,-5.738245,-160.562720,-17.412188,14.014880,0.948281,79.387802,-4.540075,-1.627766,2.001902,8.743397,-22.177122,16.644619,-14.519922,-6.812461,-2.340836,6.264028,1.058783,-6.093615,17.454500,-42.968639,66.276627,6.515978,15.435180,-3.740381,-0.135377,-19.576969,32.599850,67.651649,-12.699820,-8.823668,-52.053848
1100.000000,-2272.370850,-1078.784790,76.171387,-6.452420,-5.911989,-160.822837,-18.926622,14.720652,0.963054,78.785110,-5.954480,-1.595924,2.761814,8.570330,-21.747133,16.510553,-14.894304,-6.575210,-1.835708,6.005028,1.196126,-6.090912,17.428823,-42.468380,66.176056,6.835506,15.176731,-3.628105,-0.473629,-19.547235,32.862225,67.635315,-12.586262,-8.571502,-51.228146
1101.000000,-2272.956055,-1078.987183,76.223747,-6.183024,-6.011025,-160.983647,-20.743240,15.849774,1.155943,77.422585,-7.548400,-1.572963,3.678290,8.360090,-21.354340,16.150787,-15.250480,-6.244459,-1.329000,5.747862,1.251264,-6.100557,17.354803,-41.809727,66.045082,7.190676,14.849342,-3.519954,-0.775398,-19.538944,33.302982,67.634018,-12.561662,-8.249275,-50.154549
1102.000000,-2273.544189,-1079.228638,76.280106,-5.916510,-6.085654,-160.936856,-22.321281,16.769737,1.144131,75.543968,-8.761815,-1.565077,4.587734,8.098434,-21.180531,15.683961,-15.541376,-5.919671,-1.031813,5.525318,1.258857,-6.179888,17.326374,-41.233036,66.007164,7.589838,14.649374,-3.310721,-0.917070,-19.550751,33.868572,67.639755,-12.578482,-7.955035,-49.142738
1103.000000,-2274.141846,-1079.515381,76.347015,-5.575457,-6.059912,-160.816868,-23.688841,17.250582,0.870440,72.639008,-9.904851,-1.581927,5.416868,7.687515,-21.136766,15.257802,-15.865465,-5.570201,-0.805903,5.307607,1.141485,-6.279467,17.574720,-40.539501,66.029060,7.874496,14.483386,-2.941402,-0.897306,-19.562653,34.320782,67.650581,-12.671892,-7.665635,-48.135361
1104.000000,-2274.718018,-1079.838989,76.415779,-5.209315,-6.028036,-160.725209,-24.803965,17.617006,0.750737,68.989372,-10.853660,-1.687662,6.190746,7.184503,-21.059502,14.887617,-16.201813,-5.205413,-0.616056,5.067497,1.080792,-6.302215,17.833723,-39.985710,66.007202,7.956281,14.139879,-2.686848,-0.895642,-19.512899,34.522617,67.651314,-12.759741,-7.357157,-47.211216
1105.000000,-2275.279541,-1080.201294,76.479324,-4.844644,-5.940030,-160.812301,-25.529924,18.001678,0.902823,65.023666,-11.487355,-1.953660,6.760779,6.709717,-20.841192,14.659726,-16.512264,-4.844160,-0.334614,4.869304,1.040487,-6.265236,18.008728,-39.669865,65.919693,7.972904,13.876307,-2.479400,-0.919994,-19.466141,34.722603,67.651947,-12.782473,-7.084190,-46.527374
1106.000000,-2275.842773,-1080.617676,76.537415,-4.512439,-5.711969,-160.811290,-26.260729,18.210537,0.965301,59.387226,-11.877667,-2.471907,7.315065,6.115188,-20.676872,14.359736,-16.857841,-4.323595,-0.124562,4.650366,0.950833,-6.192311,18.115141,-39.428646,65.838402,8.075340,13.600481,-2.273395,-0.949891,-19.457973,34.991516,67.593933,-12.866962,-6.759889,-45.752419
1107.000000,-2276.396729,-1081.081909,76.591362,-4.186379,-5.469630,-160.738912,-26.490849,18.143314,0.975210,54.906910,-11.711895,-2.877494,7.701415,5.672036,-20.633520,14.125072,-17.078104,-3.909883,-0.038221,4.502994,0.952939,-6.174173,18.184982,-39.288837,65.789619,8.175390,13.499838,-2.142479,-0.975210,-19.504148,35.149464,67.492546,-13.002164,-6.547812,-45.262840
1108.000000,-2276.944336,-1081.589844,76.634529,-3.904537,-5.249448,-160.515427,-26.555700,17.931898,1.106310,48.608894,-10.976862,-3.443265,8.302309,5.052906,-20.728424,13.717772,-17.345213,-3.305584,-0.088096,4.308774,1.003562,-6.154942,18.270161,-39.262974,65.714676,8.267593,13.434559,-2.077464,-0.993453,-19.631649,35.354439,67.320847,-13.350976,-6.347617,-44.687717
1109.000000,-2277.503906,-1082.158081,76.660431,-3.685732,-5.036611,-160.239837,-26.405916,17.557364,1.166473,42.377964,-9.556176,-3.973115,9.040925,4.474694,-20.926563,13.132855,-17.545176,-2.654339,-0.259472,4.189664,1.050136,-6.098427,18.294527,-39.262074,65.708549,8.285545,13.397706,-2.064332,-0.995394,-19.792755,35.403664,67.220734,-13.889475,-6.254786,-44.194237
1110.000000,-2278.109131,-1082.807861,76.668480,-3.491066,-4.815706,-160.036509,-26.073536,17.160017,1.205619,37.122738,-7.868094,-4.335239,9.772372,3.968889,-21.058393,12.539984,-17.711006,-2.023719,-0.359582,4.116774,1.022419,-5.962128,18.278318,-39.265266,65.717346,8.257627,13.281983,-2.089570,-0.934443,-19.929005,35.409782,67.211411,-14.382984,-6.202039,-43.870590
1111.000000,-2278.737549,-1083.500610,76.657745,-3.264038,-4.614522,-159.980503,-25.407644,16.740507,1.566517,31.239517,-5.738468,-4.603067,10.636201,3.277182,-21.103655,11.967994,-18.005423,-1.202573,-0.280231,3.976488,0.893516,-5.719741,18.234400,-39.267445,65.723473,8.175891,13.118429,-2.128459,-0.708628,-20.082453,35.443394,67.218925,-15.074444,-6.112824,-43.593204
1112.000000,-2279.414062,-1084.260620,76.629295,-2.930100,-4.493058,-159.989749,-24.416405,16.272036,2.288950,26.313231,-3.813926,-4.670381,11.407333,2.411860,-21.094885,11.814296,-18.490685,-0.374591,-0.049718,3.651577,0.812433,-5.511532,18.231031,-39.259701,65.794556,8.159547,12.952027,-2.184013,-0.413042,-20.139679,35.495316,67.305634,-15.694802,-6.009291,-43.425339
1113.000000,-2280.102051,-1085.072266,76.566246,-2.645381,-4.440193,-159.900358,-23.688107,15.812731,2.719773,23.436041,-2.661180,-4.662001,12.092277,1.753711,-21.158428,11.681251,-18.872765,0.291443,0.070367,3.403412,0.797860,-5.336548,18.230530,-39.259121,65.864326,8.150858,12.787193,-2.343843,-0.207946,-20.142511,35.499336,67.457748,-16.031084,-5.918985,-43.352455
1114.000000,-2280.821533,-1085.974121,76.462029,-2.375364,-4.364705,-159.683791,-22.879801,15.051871,3.204947,20.688730,-1.527241,-4.563158,13.052426,0.836909,-21.381525,11.527721,-19.435738,1.257341,0.106094,3.094190,0.753979,-5.047693,18.228659,-39.262383,65.923203,8.131536,12.601340,-2.565958,0.026705,-20.143661,35.501011,67.784668,-16.370953,-5.756864,-43.299595
1115.000000,-2281.524658,-1086.912598,76.324860,-2.065785,-4.276544,-159.448686,-22.257467,14.213656,3.743218,19.100203,-0.922054,-4.347786,13.825039,-0.139238,-21.677317,11.672771,-20.109720,2.195983,0.162865,2.774161,0.704081,-4.847324,18.227018,-39.302761,65.925636,8.165985,12.513451,-2.748049,0.280761,-20.199791,35.550148,68.074516,-16.635771,-5.499741,-43.290524
1116.000000,-2282.260254,-1087.953003,76.146957,-1.689784,-4.149796,-159.165175,-21.571161,13.005239,4.656374,18.134449,-0.545189,-3.996753,14.626139,-1.536088,-22.094194,12.216270,-21.120785,3.416070,0.333117,2.307858,0.624480,-4.725079,18.189732,-39.409893,65.938042,8.302911,12.462502,-2.952489,0.741760,-20.412756,35.768070,68.128311,-16.971907,-5.058438,-43.282955
1117.000000,-2283.005615,-1089.005615,75.985313,-1.046215,-4.044228,-158.918747,-21.045702,11.578275,5.351497,18.364582,0.561868,-4.084682,15.354281,-3.185772,-22.509787,12.871924,-22.143087,4.635055,0.589825,1.566858,0.580509,-4.682549,18.261044,-39.494724,65.966629,8.333982,12.351280,-3.112100,1.264052,-20.535166,35.888466,68.036125,-17.382235,-4.573696,-43.266773
1118.000000,-2283.771973,-1090.063721,75.873505,-0.111147,-3.894230,-158.770343,-20.663921,10.058641,6.247187,19.235380,1.747125,-3.941077,16.136471,-5.207890,-22.866438,13.316977,-22.994705,5.900508,0.978866,0.383894,0.548471,-4.607068,18.510588,-39.478592,66.025902,8.473094,12.142926,-3.289578,1.790379,-20.440754,35.896320,67.885590,-17.987057,-4.049498,-43.244534
1119.000000,-2284.529541,-1091.165405,75.797852,0.819951,-3.680826,-158.711166,-20.461853,8.900665,6.947851,20.050112,2.007822,-3.597667,16.666258,-6.748141,-23.005974,13.558703,-23.391256,6.862524,1.301973,-0.493617,0.525602,-4.492599,18.688280,-39.447685,66.087143,8.619747,11.961437,-3.430915,2.086438,-20.349453,35.897747,67.744507,-18.395479,-3.706565,-43.238255
1120.000000,-2285.268555,-1092.337769,75.774254,1.480345,-3.562770,-158.598381,-20.156046,7.558163,7.496564,21.013165,1.991176,-3.046719,17.194254,-8.445088,-22.997784,14.170154,-23.371700,7.997822,1.606678,-1.228775,0.601374,-4.259038,18.781145,-39.426666,66.131393,8.784991,11.758533,-3.636433,2.292545,-20.311644,35.899662,67.564766,-18.736326,-3.361124,-43.227669
1121.000000,-2286.025391,-1093.572266,75.810181,1.849260,-3.598938,-158.143702,-19.565666,5.960283,7.604936,21.927429,1.969413,-2.281689,17.655638,-10.251460,-22.940126,15.800535,-22.650854,9.217046,1.650834,-1.678109,0.760010,-3.812522,18.719591,-39.377506,66.152130,8.985734,11.569361,-3.820376,2.440808,-20.297987,35.905258,67.463791,-19.075485,-2.996218,-43.207272
1122.000000,-2286.818359,-1094.780396,75.930687,2.218157,-3.798510,-157.187491,-18.820644,4.312405,7.441741,22.756123,0.570532,-1.535999,18.094105,-11.853486,-22.932943,18.042385,-21.179581,10.106627,1.320076,-2.141603,0.870367,-3.494740,18.658445,-39.353764,66.310249,9.123636,11.467534,-3.979311,2.795463,-20.138590,35.909134,67.459808,-19.268435,-2.647727,-43.168861
1123.000000,-2287.665039,-1096.023193,76.111420,2.544351,-3.948694,-156.204140,-17.799793,2.689949,7.290522,23.078407,-0.913311,-0.750973,18.203066,-13.310680,-22.172798,20.737700,-19.074949,10.491872,1.239879,-2.636400,0.743651,-3.230042,18.498636,-39.428589,66.640785,9.532943,11.367932,-4.298514,3.514017,-19.917744,35.908237,67.460274,-19.751093,-2.302037,-43.195042
1124.000000,-2288.486572,-1097.239258,76.308197,2.725830,-4.050576,-155.395093,-16.946486,1.631667,7.192668,23.091507,-1.868050,-0.167190,17.925938,-14.196333,-20.957731,23.054619,-17.233421,10.180842,1.416165,-2.900719,0.557428,-3.025789,18.349342,-39.568951,66.824684,10.049622,11.337119,-4.408081,4.163386,-19.767580,35.897182,67.437897,-20.035841,-2.110456,-43.257828
1125.000000,-2289.313721,-1098.476440,76.517075,2.932415,-4.165026,-154.907879,-15.721090,0.543047,7.250952,22.814861,-2.832255,0.506176,17.137768,-15.187401,-19.036356,26.317686,-14.818834,9.105620,1.892627,-3.177603,0.393103,-2.736778,18.215605,-39.897369,66.915474,10.692674,11.254907,-4.501676,4.836658,-19.572512,35.876591,67.390877,-20.144218,-1.941139,-43.347790
1126.000000,-2290.113281,-1099.652832,76.706154,3.135759,-4.344109,-154.485938,-14.000177,-0.710481,7.366308,22.145041,-3.794312,1.257248,15.775448,-16.324568,-16.530586,30.745020,-11.355707,7.325559,2.524612,-3.597844,0.347140,-2.368980,18.147064,-40.271496,67.059502,11.199682,11.060819,-4.532206,5.401331,-19.248026,35.871288,67.382370,-20.207170,-1.787946,-43.426208
1127.000000,-2290.901855,-1100.778076,76.853127,3.302055,-4.470650,-153.948466,-12.522511,-1.817315,7.280817,21.523361,-4.604961,1.872760,14.197441,-17.207777,-14.547983,34.969532,-7.392699,5.521816,2.931640,-4.031352,0.311038,-1.993203,18.189352,-40.574184,67.183701,11.436935,10.889933,-4.532650,5.754354,-18.908535,35.869785,67.358269,-20.215658,-1.742578,-43.479790
1128.000000,-2291.640869,-1101.797852,76.948494,3.468290,-4.600368,-153.337036,-11.215175,-2.904536,6.982082,21.013636,-5.380844,2.426851,12.173545,-17.765005,-12.760416,39.363300,-3.516598,4.032001,3.075296,-4.539578,0.385420,-1.654374,18.385979,-40.891148,67.196404,11.460758,10.793166,-4.533834,5.872205,-18.511435,35.864410,67.210442,-20.188396,-1.695462,-43.499573
1129.000000,-2292.311768,-1102.710571,77.024910,3.544223,-4.845157,-152.834988,-9.918651,-3.789085,6.640419,20.585918,-6.126910,2.890581,9.584234,-17.819481,-11.260908,44.157131,-2.522844,3.365837,3.180684,-4.954753,0.715516,-1.449481,18.559658,-41.130283,67.199387,11.469065,10.775864,-4.530082,5.702485,-18.075232,35.860538,67.066856,-20.161663,-1.664862,-43.478153
1130.000000,-2292.955322,-1103.567749,77.093040,3.473590,-5.166195,-152.234584,-8.776891,-4.414102,6.169622,20.400881,-6.836134,3.253439,7.070513,-17.583834,-10.622307,48.594151,-3.413496,2.969703,3.113611,-5.110655,1.095313,-1.286309,18.602270,-41.301144,67.194626,11.500911,10.776334,-4.531188,5.397772,-17.717203,35.856743,67.056381,-20.156893,-1.658422,-43.307896
1131.000000,-2293.599854,-1104.385010,77.163139,3.312596,-5.497851,-151.593182,-7.418535,-5.029688,5.475944,20.270975,-7.697382,3.639539,4.159757,-17.113768,-10.360579,53.257988,-5.072474,2.643857,2.970353,-5.090806,1.390623,-1.038230,18.541624,-41.454994,67.171509,11.599291,10.776221,-4.546251,5.144579,-17.393492,35.799709,67.057198,-20.157087,-1.648751,-42.913525
1132.000000,-2294.273682,-1105.206055,77.248154,3.106309,-5.835122,-150.908052,-6.102303,-5.488218,4.811344,20.022272,-8.362389,3.913045,1.822977,-16.794384,-10.644750,56.361217,-7.371902,2.552695,2.780606,-4.899836,1.436097,-0.732535,18.412457,-41.583420,67.159645,11.690884,10.769388,-4.613693,5.020331,-17.215912,35.582878,67.055443,-20.163868,-1.635483,-42.349075
1133.000000,-2294.941406,-1105.985718,77.349922,2.841103,-6.053618,-150.213507,-5.156316,-5.751981,4.285370,19.743355,-8.772784,4.090293,0.316021,-16.632540,-11.062352,57.788425,-9.319176,2.561244,2.628549,-4.671354,1.304791,-0.489235,18.318821,-41.654938,67.153976,11.703321,10.755098,-4.721452,4.997722,-17.171459,35.395222,67.038925,-20.167839,-1.619237,-41.893307
1134.000000,-2295.599854,-1106.723755,77.463783,2.504239,-6.158532,-149.523333,-4.022215,-5.976373,3.569584,19.293089,-9.229255,4.302728,-1.551780,-16.379972,-11.575177,58.672367,-11.958529,2.699721,2.515643,-4.286491,1.025301,-0.269336,18.241619,-41.667767,67.100845,11.707933,10.718430,-4.939299,4.995781,-17.213387,35.120594,66.936714,-20.169577,-1.548981,-41.295315
1135.000000,-2296.211670,-1107.373413,77.577606,2.145103,-6.228640,-148.935798,-2.966271,-6.048044,2.908249,18.809584,-9.625986,4.473167,-3.248548,-16.060719,-11.956575,58.611187,-14.292838,2.972433,2.554445,-3.867013,0.835391,-0.268902,18.254570,-41.669781,67.003845,11.708604,10.649272,-5.183948,4.966329,-17.418711,34.935410,66.584953,-20.165812,-1.433282,-40.765717
1136.000000,-2296.823242,-1107.957520,77.700775,1.778303,-6.268066,-148.407368,-1.909324,-5.994686,2.323612,18.190281,-9.927088,4.605712,-4.661963,-15.716421,-12.408411,57.436600,-16.311695,3.324244,2.733534,-3.490406,0.731341,-0.386896,18.375444,-41.666233,66.864410,11.715008,10.543524,-5.387496,4.881909,-17.728670,34.895317,66.102219,-20.159475,-1.333371,-40.322720
1137.000000,-2297.432861,-1108.452393,77.819565,1.532968,-6.278220,-147.933937,-0.777995,-5.958793,1.793202,17.252098,-10.036412,4.695482,-5.718346,-15.449957,-13.114287,54.919064,-17.897335,3.639822,2.844964,-3.335155,0.635452,-0.375943,18.723949,-41.664490,66.442474,11.718611,10.462968,-5.608473,4.676894,-17.943401,34.792210,65.622086,-20.152733,-1.259619,-39.991795
1138.000000,-2298.036133,-1108.871216,77.926186,1.353519,-6.305612,-147.590989,0.420933,-5.895695,1.390421,16.152834,-10.055838,4.736187,-6.496399,-15.093436,-13.827260,51.488064,-18.663568,3.811940,2.878568,-3.335600,0.622398,-0.319400,19.127354,-41.662224,66.009697,11.753639,10.426534,-5.799616,4.285265,-18.025522,34.581768,65.219803,-20.140757,-1.212531,-39.784576
1139.000000,-2298.640625,-1109.233521,78.010246,1.222121,-6.300332,-147.301838,1.529782,-5.805221,1.084506,15.112084,-10.076987,4.739323,-7.006235,-14.628381,-14.578743,47.277180,-18.805820,3.872366,2.876821,-3.435410,0.600122,-0.266140,19.444546,-41.602711,65.694008,11.873761,10.422663,-5.945556,3.862474,-18.033573,34.358101,64.810173,-20.118752,-1.189025,-39.715359
1140.000000,-2299.244141,-1109.547974,78.065536,1.161562,-6.281754,-147.181437,2.579803,-5.699273,0.952012,14.142163,-10.140134,4.689994,-7.353656,-14.012302,-15.172543,42.693222,-18.337149,3.877039,3.044008,-3.606974,0.579109,-0.246850,19.634054,-41.485867,65.454727,12.009310,10.427353,-6.011407,3.458806,-18.026520,34.287525,64.486031,-20.104204,-1.185184,-39.709633
1141.000000,-2299.842529,-1109.816406,78.092300,1.130058,-6.296974,-147.126548,3.317989,-5.599691,0.905745,13.559695,-10.258328,4.602521,-7.447656,-13.351521,-15.328144,39.117344,-17.584408,3.841147,3.264186,-3.734554,0.606050,-0.251532,19.688030,-41.366402,65.291405,12.181335,10.429907,-6.019017,3.156778,-18.010164,34.303318,64.365929,-20.094271,-1.185147,-39.709641
1142.000000,-2300.452881,-1110.043701,78.089386,1.138160,-6.310761,-146.952891,4.139994,-5.499082,0.773280,13.051427,-10.514733,4.430048,-7.417502,-12.276831,-15.093289,34.481628,-16.240076,3.703338,3.520753,-3.930313,0.634146,-0.264933,19.677385,-41.233028,65.125137,12.607562,10.428336,-6.007679,2.739078,-17.990067,34.413372,64.273651,-20.038351,-1.184722,-39.709953
1143.000000,-2301.030762,-1110.222656,78.070236,1.133609,-6.337146,-146.584447,4.777973,-5.422270,0.452745,12.857702,-10.880579,4.213078,-7.142858,-11.222006,-14.832351,30.249285,-14.283031,3.442130,3.613027,-4.107985,0.657854,-0.308843,19.593283,-41.209728,65.060402,13.092114,10.424178,-5.954875,2.319964,-17.990641,34.690968,64.263016,-19.947491,-1.183920,-39.708858
1144.000000,-2301.641602,-1110.378418,78.043846,1.108177,-6.399026,-146.133658,5.338094,-5.287150,0.062863,12.862803,-11.345026,3.961700,-6.609200,-10.243755,-14.881402,26.470537,-11.426797,3.133956,3.664269,-4.197897,0.681895,-0.347391,19.463526,-41.192898,65.058022,13.490505,10.414433,-5.822862,1.963552,-17.988617,35.084435,64.302650,-19.922911,-1.184742,-39.702717
1145.000000,-2302.247314,-1110.531982,78.028603,0.996843,-6.480163,-145.529642,5.867188,-5.094802,-0.468705,12.987625,-11.874710,3.697387,-5.731857,-9.530571,-15.361605,23.806824,-9.004268,2.648283,3.604162,-4.147482,0.656779,-0.347461,19.297472,-41.189507,65.096230,13.694194,10.393848,-5.591655,1.732096,-17.985397,35.633335,64.526237,-19.705589,-1.242787,-39.644054
1146.000000,-2302.862061,-1110.749512,78.096420,0.556792,-6.337462,-145.000848,6.253835,-4.509552,-0.970521,12.969872,-12.351753,3.438419,-4.430803,-8.784480,-15.982586,22.116808,-9.197753,2.250805,3.596017,-3.547263,0.243184,-0.236132,18.899035,-41.187958,65.260521,13.798986,10.344031,-5.277068,1.692309,-18.014566,36.194115,65.022781,-19.325411,-1.268085,-39.397739
1147.000000,-2303.378418,-1110.932251,78.188347,0.162827,-6.145606,-144.675041,6.521649,-4.042356,-1.141991,12.754548,-12.529233,3.254816,-3.544446,-8.181916,-16.229015,20.819408,-9.139719,2.139344,3.641833,-3.030918,-0.054008,-0.170109,18.604321,-41.162586,65.368828,13.916049,10.277582,-5.025979,1.649924,-18.019257,36.564426,65.333519,-19.071304,-1.218859,-39.094135
1148.000000,-2303.830566,-1111.073242,78.272232,-0.232338,-5.966765,-144.233683,6.845472,-3.447428,-1.179048,12.444664,-12.693688,2.981601,-2.510970,-7.490586,-16.604336,19.349005,-8.895507,2.020103,3.569921,-2.345013,-0.154428,-0.218522,18.283905,-41.081856,65.430077,14.042183,10.175127,-4.666402,1.536110,-18.039267,36.967644,65.479942,-18.798687,-1.064476,-38.598797
1149.000000,-2304.205811,-1111.160156,78.337944,-0.540564,-5.803871,-143.713243,7.066980,-2.907694,-1.178867,12.116051,-12.834655,2.760782,-1.635632,-6.936500,-17.156870,18.099348,-8.607782,1.918973,3.372359,-1.710810,-0.012869,-0.461843,18.049402,-41.008572,65.430168,14.062843,10.073051,-4.308491,1.383379,-18.066769,37.406025,65.523094,-18.555317,-0.881527,-38.054783
1150.000000,-2304.542480,-1111.215942,78.388329,-0.741439,-5.610136,-143.240824,7.255330,-2.491159,-1.010816,11.696394,-12.858196,2.499421,-0.908244,-6.521828,-17.602503,16.988230,-8.398396,1.855936,3.262763,-1.244917,0.256964,-0.794065,17.883406,-40.960037,65.424385,14.060016,9.969114,-3.906209,1.247933,-18.035542,37.894703,65.626160,-18.222656,-0.716121,-37.455807
1151.000000,-2304.860596,-1111.251221,78.422478,-0.822777,-5.372576,-142.898955,7.412608,-2.216398,-0.909872,11.170063,-12.761163,2.432366,-0.391352,-6.211289,-17.849108,16.066139,-8.335064,1.821360,3.211903,-0.946125,0.482297,-1.061624,17.775539,-40.951614,65.420120,14.055634,9.862596,-3.485659,1.174626,-17.897831,38.314175,65.833565,-17.927990,-0.553595,-36.762905
1152.000000,-2305.194336,-1111.283081,78.442863,-0.897827,-5.065600,-142.694237,7.564355,-1.961012,-0.878251,10.562621,-12.677839,2.390036,-0.030872,-5.876566,-17.932156,15.217713,-8.328596,1.776391,3.210858,-0.735202,0.554700,-1.150726,17.688997,-40.952854,65.422943,14.066775,9.790217,-3.115174,1.157664,-17.660986,38.767372,66.178329,-17.731239,-0.348570,-35.898304
1153.000000,-2305.511719,-1111.304321,78.452110,-0.974398,-4.761541,-142.478498,7.621244,-1.704277,-0.971827,10.122984,-12.700280,2.282020,0.305140,-5.542285,-18.107311,14.385377,-8.345694,1.725577,3.135996,-0.574927,0.559314,-1.156752,17.587452,-40.957947,65.434715,14.169601,9.775718,-2.877183,1.205956,-17.379253,39.206226,66.545708,-17.643867,-0.077450,-34.911217
1154.000000,-2305.821777,-1111.321045,78.467331,-1.068503,-4.476902,-142.268775,7.625077,-1.504724,-1.087508,9.896192,-12.729669,2.155544,0.526292,-5.302773,-18.317537,13.844219,-8.321849,1.649420,3.077841,-0.465858,0.557664,-1.156899,17.478508,-40.961468,65.470146,14.312505,9.771804,-2.770776,1.314027,-17.169634,39.464996,66.773705,-17.625755,0.157960,-34.112469
1155.000000,-2306.120850,-1111.338257,78.483879,-1.178734,-4.230951,-142.059241,7.624291,-1.222103,-1.256936,9.674026,-12.792212,1.999532,0.823394,-4.974097,-18.622763,13.174373,-8.242714,1.570587,3.013603,-0.316068,0.550045,-1.156105,17.299669,-40.963837,65.532707,14.530098,9.768345,-2.710015,1.531166,-16.912523,39.766438,67.059570,-17.607424,0.473297,-33.024513
1156.000000,-2306.411377,-1111.357422,78.494957,-1.277290,-4.000100,-141.863645,7.606773,-0.954056,-1.420859,9.534001,-12.888068,1.855553,1.117899,-4.658195,-18.906996,12.545774,-8.176690,1.505347,2.992086,-0.195724,0.504621,-1.149257,17.116190,-40.962925,65.563354,14.741241,9.766663,-2.701856,1.807442,-16.667934,40.088066,67.431145,-17.573887,0.792325,-31.924110
1157.000000,-2306.685547,-1111.377197,78.499496,-1.358462,-3.785168,-141.696994,7.568685,-0.712643,-1.559542,9.454264,-13.008484,1.715122,1.363865,-4.375604,-19.148758,12.017611,-8.156013,1.444908,2.986907,-0.108054,0.432261,-1.138548,16.949100,-40.961926,65.563942,14.912279,9.763955,-2.704167,2.139049,-16.484280,40.394196,67.674271,-17.465282,1.212133,-30.722755
1158.000000,-2306.940674,-1111.395874,78.499176,-1.428473,-3.607697,-141.544287,7.537660,-0.493174,-1.672869,9.424723,-13.143960,1.576468,1.592123,-4.126118,-19.369400,11.578764,-8.166394,1.385002,2.953361,-0.034026,0.387183,-1.133887,16.803041,-40.961174,65.560356,14.988655,9.758919,-2.709651,2.463333,-16.353416,40.624611,67.799889,-17.370892,1.678879,-29.494118
1159.000000,-2307.169434,-1111.412109,78.494415,-1.481466,-3.387777,-141.470351,7.418866,-0.297784,-1.704305,9.465488,-13.293622,1.443243,1.655043,-3.918919,-19.506475,11.314526,-8.220656,1.310038,2.928894,0.034067,0.304207,-1.123905,16.677294,-40.963413,65.555580,15.003280,9.753046,-2.718730,2.725396,-16.281876,40.808952,67.842255,-17.325645,2.153743,-28.283556
1160.000000,-2307.366455,-1111.422607,78.488800,-1.542976,-3.172014,-141.456586,7.292928,-0.150208,-1.684155,9.547359,-13.419051,1.344507,1.656296,-3.760215,-19.559221,11.144068,-8.243958,1.246897,2.914462,0.106603,0.268464,-1.123205,16.596861,-40.965096,65.533928,15.012862,9.748275,-2.745442,2.852775,-16.268723,40.921959,67.845734,-17.310144,2.475974,-27.424936
1161.000000,-2307.540039,-1111.429321,78.484901,-1.602627,-2.953382,-141.457697,7.104770,0.038712,-1.637938,9.676031,-13.576661,1.219473,1.641262,-3.550541,-19.601562,10.906175,-8.240880,1.168832,2.886853,0.233912,0.247561,-1.124159,16.520853,-40.965851,65.449860,15.031564,9.742043,-2.813933,2.962874,-16.268456,40.986057,67.849304,-17.306770,2.856630,-26.385941
1162.000000,-2307.690674,-1111.433838,78.483887,-1.649974,-2.742090,-141.435611,6.919238,0.195232,-1.615296,9.754150,-13.682460,1.110078,1.611636,-3.375853,-19.654335,10.677327,-8.224478,1.110256,2.791657,0.369279,0.238339,-1.126543,16.453697,-40.967094,65.369080,15.046942,9.737164,-2.861111,3.008272,-16.269962,40.996708,67.853683,-17.286900,3.218601,-25.436413
1163.000000,-2307.823486,-1111.437744,78.484138,-1.690078,-2.552525,-141.400874,6.757119,0.329685,-1.605052,9.796730,-13.755269,1.013070,1.580601,-3.227596,-19.700211,10.479045,-8.204056,1.064564,2.634400,0.519478,0.231958,-1.135481,16.368937,-40.968082,65.345985,15.051395,9.733852,-2.884543,3.015810,-16.271042,41.001427,67.852753,-17.250410,3.543061,-24.557192
1164.000000,-2307.938965,-1111.435791,78.484787,-1.710400,-2.356416,-141.346947,6.578687,0.439074,-1.604091,9.832739,-13.803217,0.921902,1.489520,-3.123710,-19.741180,10.389265,-8.214149,1.017021,2.434967,0.658470,0.194026,-1.160693,16.312904,-40.970776,65.320549,15.049573,9.731150,-2.925107,3.020851,-16.266392,41.008381,67.848579,-17.181635,3.804153,-23.687197
1165.000000,-2308.037842,-1111.426880,78.486298,-1.720799,-2.218817,-141.302547,6.460418,0.525377,-1.593709,9.819673,-13.813188,0.841392,1.397849,-3.057754,-19.765186,10.381927,-8.245503,0.985310,2.262817,0.776501,0.191716,-1.244474,16.269806,-40.974773,65.298470,15.051779,9.731000,-2.939001,3.022016,-16.258564,41.016987,67.845551,-16.978540,4.050495,-22.796238
1166.000000,-2308.122070,-1111.410278,78.487549,-1.722063,-2.079633,-141.281110,6.341000,0.605234,-1.544238,9.810155,-13.815543,0.764866,1.266683,-3.005233,-19.720049,10.438876,-8.290158,0.959869,2.126688,0.882404,0.167445,-1.343202,16.234987,-40.977661,65.264091,15.061458,9.731070,-2.942953,2.994635,-16.241974,41.022980,67.846863,-16.716906,4.335464,-21.861359
1167.000000,-2308.186035,-1111.380981,78.487434,-1.703135,-1.965800,-141.288378,6.234971,0.663562,-1.450547,9.789084,-13.799413,0.695928,1.106407,-2.983881,-19.641939,10.557147,-8.362307,0.935702,1.978522,0.954636,0.165531,-1.443018,16.226706,-40.981194,65.230995,15.070955,9.728649,-2.943721,2.880334,-16.206427,41.019623,67.846878,-16.434309,4.637962,-20.937675
1168.000000,-2308.233154,-1111.345459,78.485527,-1.671972,-1.887272,-141.385781,6.196507,0.701755,-1.308542,9.738024,-13.774162,0.650288,0.977640,-2.975236,-19.542791,10.667828,-8.427247,0.913653,1.905024,0.989464,0.172212,-1.512310,16.223892,-40.984505,65.226494,15.076092,9.727239,-2.943130,2.748447,-16.172810,41.015923,67.846092,-16.230173,4.857510,-20.262892
1169.000000,-2308.267090,-1111.304321,78.481270,-1.641641,-1.838020,-141.478453,6.170370,0.754108,-1.086035,9.679440,-13.754383,0.598569,0.839002,-2.956172,-19.418198,10.778124,-8.503848,0.881498,1.802934,1.028193,0.186130,-1.569273,16.220839,-40.989216,65.225105,15.081650,9.725988,-2.941579,2.528323,-16.124846,41.010132,67.844734,-16.009447,5.122395,-19.407761
1170.000000,-2308.293701,-1111.258179,78.477417,-1.621432,-1.836580,-141.539168,6.173834,0.801573,-0.934333,9.636810,-13.744232,0.551369,0.785311,-2.935650,-19.370306,10.831655,-8.568668,0.840225,1.671987,1.053466,0.221614,-1.612653,16.216150,-40.993809,65.227287,15.088880,9.724590,-2.940239,2.308486,-16.069815,41.005745,67.842873,-15.873445,5.358081,-18.615538
1171.000000,-2308.316895,-1111.209717,78.476707,-1.621220,-1.856553,-141.578022,6.204878,0.873455,-0.808230,9.600699,-13.741558,0.503559,0.793307,-2.881425,-19.340387,10.824835,-8.579704,0.795106,1.574938,1.087311,0.236504,-1.626850,16.208128,-40.999157,65.232780,15.094714,9.721857,-2.941171,2.129001,-16.008574,41.002388,67.842613,-15.806657,5.568831,-17.861986
1172.000000,-2308.332520,-1111.157471,78.477028,-1.624995,-1.892446,-141.591630,6.229002,0.947155,-0.715217,9.595145,-13.748292,0.460912,0.835360,-2.819801,-19.328245,10.783310,-8.569616,0.750714,1.476909,1.113759,0.248560,-1.629176,16.205288,-41.005733,65.247314,15.094553,9.717792,-2.946514,1.960826,-15.931852,40.999371,67.845207,-15.786782,5.763917,-17.114742
1173.000000,-2308.337646,-1111.100220,78.477921,-1.624268,-1.921544,-141.620437,6.237064,1.013544,-0.613063,9.594504,-13.749831,0.422796,0.853081,-2.765242,-19.305502,10.751962,-8.552323,0.697885,1.428942,1.132924,0.254986,-1.631409,16.203949,-41.011185,65.268936,15.087966,9.712797,-2.952753,1.821410,-15.847282,40.996925,67.846840,-15.767984,5.937685,-16.435955
1174.000000,-2308.330322,-1111.038452,78.479439,-1.616671,-1.944431,-141.647782,6.225475,1.054590,-0.537158,9.600306,-13.745790,0.398871,0.845301,-2.734558,-19.290092,10.740337,-8.537345,0.653345,1.419922,1.146816,0.266176,-1.633288,16.204191,-41.014709,65.277893,15.081535,9.709295,-2.957422,1.736907,-15.783328,40.996227,67.847885,-15.742253,6.064494,-15.969562
1175.000000,-2308.312500,-1110.970947,78.481270,-1.598767,-1.980959,-141.659274,6.208856,1.092770,-0.453900,9.611534,-13.730013,0.370563,0.832979,-2.714198,-19.283365,10.745627,-8.526665,0.592423,1.409803,1.157109,0.311034,-1.635248,16.206070,-41.019985,65.280914,15.074220,9.705101,-2.964672,1.645500,-15.695267,40.997295,67.849335,-15.642571,6.233805,-15.376975
1176.000000,-2308.288086,-1110.906006,78.482735,-1.577691,-2.009354,-141.661874,6.173887,1.117024,-0.383966,9.641862,-13.710450,0.344848,0.804543,-2.711890,-19.282713,10.776353,-8.525757,0.533852,1.400474,1.157106,0.359365,-1.634495,16.208626,-41.026054,65.276421,15.066188,9.701352,-2.974969,1.589274,-15.614920,41.000175,67.846603,-15.416529,6.398589,-14.810246
1177.000000,-2308.249023,-1110.834717,78.482140,-1.543893,-1.979893,-141.666681,6.019317,1.123314,-0.316244,9.767536,-13.717072,0.327298,0.654656,-2.744319,-19.281178,10.912898,-8.563160,0.473146,1.390038,1.141327,0.362266,-1.626999,16.212351,-41.031944,65.242088,15.037373,9.698070,-2.982027,1.554489,-15.568225,41.003532,67.774673,-15.071809,6.617577,-14.228737
1178.000000,-2308.197754,-1110.760498,78.482109,-1.504392,-1.945247,-141.700009,5.838686,1.118840,-0.221492,9.896229,-13.710366,0.310048,0.438629,-2.798587,-19.257456,11.118127,-8.609126,0.422978,1.378008,1.101449,0.383112,-1.622473,16.216360,-41.036758,65.188156,14.962758,9.693596,-2.984523,1.459669,-15.578547,41.004467,67.666580,-14.667223,6.908329,-13.738604
1179.000000,-2308.140869,-1110.682373,78.482590,-1.454037,-1.891436,-141.740207,5.646637,1.102904,-0.115469,9.991935,-13.676700,0.291073,0.170444,-2.872277,-19.226221,11.370375,-8.667610,0.372255,1.374742,1.022232,0.392453,-1.616530,16.221642,-41.039688,65.129593,14.911490,9.688625,-2.983537,1.345707,-15.591625,41.005138,67.567528,-14.329599,7.192922,-13.248476
1180.000000,-2308.080811,-1110.601562,78.484222,-1.400930,-1.818616,-141.790676,5.496889,1.087756,-0.034464,10.037750,-13.634884,0.276003,-0.052611,-2.930849,-19.198341,11.564656,-8.708943,0.333967,1.374702,0.948099,0.384604,-1.605819,16.245539,-41.041889,65.082535,14.902705,9.685970,-2.983078,1.254034,-15.594133,41.005802,67.503662,-14.146831,7.397885,-12.867162
1181.000000,-2308.018799,-1110.523071,78.487221,-1.353853,-1.740636,-141.850033,5.297247,1.073150,0.083583,10.083785,-13.571409,0.255140,-0.345572,-2.993460,-19.144491,11.781012,-8.735695,0.283297,1.377260,0.855833,0.376660,-1.582692,16.323385,-41.044060,65.021194,14.898711,9.683072,-2.981041,1.116040,-15.596313,41.008286,67.436440,-14.012019,7.653214,-12.335201
1182.000000,-2307.952148,-1110.445557,78.491386,-1.309141,-1.661498,-141.899222,5.091192,1.057994,0.191543,10.133018,-13.504064,0.234900,-0.618241,-3.048963,-19.098808,11.948654,-8.737696,0.233436,1.377930,0.768011,0.375121,-1.562504,16.401075,-41.043968,64.945335,14.891109,9.679591,-2.942922,0.979428,-15.598583,41.010208,67.379944,-13.928298,7.878663,-11.813825
1183.000000,-2307.886963,-1110.373535,78.497025,-1.270380,-1.590738,-141.945620,4.905740,1.044801,0.291809,10.158365,-13.425723,0.215316,-0.856203,-3.094249,-19.060402,12.064374,-8.714038,0.182744,1.377502,0.685936,0.374398,-1.547704,16.452463,-41.043209,64.858139,14.888055,9.676458,-2.860188,0.843523,-15.598148,41.011112,67.343605,-13.889278,8.076447,-11.306029
1184.000000,-2307.824951,-1110.306641,78.503700,-1.240069,-1.530723,-141.994663,4.748508,1.040924,0.394687,10.162608,-13.342064,0.196463,-1.055921,-3.121269,-19.020390,12.128089,-8.660810,0.133210,1.376272,0.616810,0.372331,-1.540480,16.512941,-41.043884,64.802902,14.896304,9.674748,-2.815338,0.710048,-15.594508,41.011730,67.331192,-13.876348,8.247777,-10.824051
1185.000000,-2307.764404,-1110.243896,78.510841,-1.213768,-1.478578,-142.035454,4.604586,1.038936,0.487610,10.165776,-13.259715,0.179501,-1.225241,-3.142319,-18.990711,12.160219,-8.593549,0.089224,1.373571,0.554680,0.369509,-1.537870,16.552460,-41.042370,64.754829,14.900811,9.672395,-2.702769,0.592178,-15.590816,41.011436,67.323997,-13.867879,8.396823,-10.388517
1186.000000,-2307.705322,-1110.185181,78.517853,-1.191525,-1.438399,-142.075775,4.511631,1.039551,0.555003,10.168104,-13.202864,0.168647,-1.331419,-3.153416,-18.969757,12.170816,-8.539289,0.059720,1.371467,0.516814,0.367593,-1.535881,16.581980,-41.042248,64.735031,14.906759,9.671065,-2.637913,0.512993,-15.588845,41.010746,67.319580,-13.862619,8.500584,-10.091662
1187.000000,-2307.647705,-1110.132080,78.523621,-1.174111,-1.407053,-142.103741,4.386014,1.040426,0.633130,10.195451,-13.141757,0.156283,-1.456871,-3.168777,-18.952847,12.181110,-8.469628,0.026011,1.366848,0.475344,0.363240,-1.533531,16.600620,-41.040695,64.707542,14.905686,9.668509,-2.509154,0.419935,-15.588871,41.008934,67.313591,-13.852839,8.625503,-9.737275
1188.000000,-2307.592041,-1110.083740,78.528465,-1.159441,-1.402055,-142.121253,4.283351,1.042393,0.701719,10.243695,-13.098728,0.146941,-1.544496,-3.183916,-18.946508,12.189267,-8.408005,-0.002363,1.352739,0.450509,0.363103,-1.523426,16.619993,-41.041111,64.692772,14.901463,9.666934,-2.424158,0.338972,-15.591176,41.005539,67.306892,-13.837356,8.743184,-9.430111
1189.000000,-2307.543213,-1110.043457,78.532295,-1.145442,-1.423774,-142.150084,4.237103,1.045115,0.780780,10.265555,-13.054929,0.138559,-1.591551,-3.200972,-18.939051,12.202233,-8.357285,-0.026350,1.324218,0.427307,0.362427,-1.497927,16.629181,-41.041832,64.684616,14.895412,9.667667,-2.340870,0.275790,-15.588989,40.995354,67.299042,-13.821619,8.844575,-9.182353
1190.000000,-2307.497314,-1110.007690,78.535301,-1.133365,-1.432560,-142.219450,4.205146,1.056846,0.911479,10.269773,-13.018318,0.132765,-1.659703,-3.208730,-18.891611,12.228731,-8.308947,-0.048766,1.319534,0.405243,0.328395,-1.447114,16.641722,-41.040752,64.630127,14.890654,9.681883,-2.294475,0.247872,-15.576869,40.931561,67.291122,-13.812947,8.946459,-8.955224
1191.000000,-2307.453613,-1109.973633,78.537964,-1.123510,-1.437904,-142.301082,4.170959,1.073305,1.053225,10.274548,-12.986810,0.127404,-1.735258,-3.209290,-18.832657,12.251478,-8.258333,-0.070967,1.316510,0.382247,0.288472,-1.387301,16.680347,-41.037861,64.525215,14.893064,9.714999,-2.281882,0.241742,-15.549915,40.810032,67.280304,-13.811343,9.054401,-8.757117
1192.000000,-2307.407715,-1109.936890,78.540482,-1.115830,-1.446439,-142.351646,4.130836,1.083879,1.134464,10.302928,-12.970089,0.122994,-1.783597,-3.211369,-18.807640,12.262495,-8.220889,-0.087768,1.293218,0.363241,0.270658,-1.342912,16.717707,-41.035576,64.440239,14.898203,9.738151,-2.278219,0.235064,-15.527546,40.719753,67.260452,-13.811690,9.144403,-8.629069
1193.000000,-2307.363037,-1109.898682,78.542778,-1.106490,-1.457172,-142.366654,4.061433,1.090400,1.194741,10.364006,-12.950832,0.116748,-1.836498,-3.224113,-18.810303,12.280582,-8.179616,-0.109949,1.243730,0.330082,0.264427,-1.289386,16.774174,-41.031952,64.335503,14.907088,9.756328,-2.275767,0.215767,-15.500538,40.636005,67.215714,-13.813135,9.277064,-8.479627
1194.000000,-2307.317383,-1109.859375,78.545120,-1.097915,-1.463681,-142.367307,3.979089,1.093774,1.235437,10.435859,-12.933882,0.111856,-1.888193,-3.239866,-18.824705,12.295189,-8.140010,-0.128992,1.213508,0.292065,0.258657,-1.241411,16.832153,-41.026596,64.226814,14.917706,9.776351,-2.272709,0.194727,-15.475029,40.573475,67.172859,-13.815886,9.417191,-8.331745
1195.000000,-2307.273193,-1109.823730,78.547668,-1.096512,-1.474717,-142.357646,3.888704,1.101715,1.262192,10.532824,-12.932776,0.110479,-1.911464,-3.244257,-18.847841,12.265738,-8.085586,-0.140683,1.209620,0.266453,0.255596,-1.181720,16.883554,-40.985825,64.079308,14.933461,9.826640,-2.265282,0.174950,-15.445251,40.514133,67.149765,-13.819632,9.567738,-8.197490
1196.000000,-2307.229004,-1109.791260,78.549454,-1.101549,-1.482265,-142.342741,3.782863,1.115160,1.282727,10.661664,-12.950451,0.111376,-1.928312,-3.241269,-18.872675,12.225626,-8.027550,-0.151723,1.211028,0.255198,0.247588,-1.120325,16.904705,-40.867207,63.986794,14.947638,9.861466,-2.250693,0.153032,-15.396215,40.420151,67.146194,-13.831698,9.746533,-8.079111
1197.000000,-2307.186279,-1109.761841,78.550644,-1.115389,-1.491122,-142.335635,3.695611,1.132324,1.301066,10.781522,-12.978475,0.111281,-1.934477,-3.228809,-18.884279,12.182588,-7.976802,-0.161242,1.215249,0.254349,0.245158,-1.089474,16.901953,-40.767925,63.972328,14.951416,9.877350,-2.236626,0.135338,-15.352176,40.345417,67.146370,-13.847064,9.893136,-8.012838
1198.000000,-2307.144043,-1109.734009,78.551811,-1.139945,-1.500309,-142.344103,3.575073,1.169996,1.339163,10.960977,-13.031407,0.106742,-1.931275,-3.190752,-18.884466,12.093801,-7.889825,-0.175964,1.227977,0.259123,0.243395,-1.056698,16.877960,-40.637360,63.967293,14.949234,9.914128,-2.211266,0.117277,-15.295354,40.260048,67.146675,-13.898319,10.069822,-7.960711
1199.000000,-2307.104980,-1109.709229,78.552612,-1.166725,-1.511910,-142.369540,3.464976,1.216334,1.391672,11.138265,-13.088875,0.098157,-1.924472,-3.140806,-18.867016,11.999707,-7.797479,-0.192655,1.231971,0.269204,0.241937,-1.019196,16.841833,-40.466938,63.965736,14.950769,9.983419,-2.186853,0.114381,-15.231562,40.115509,67.146843,-14.001824,10.216480,-7.930858
1200.000000,-2307.069092,-1109.688965,78.553146,-1.188789,-1.531345,-142.436756,3.393274,1.263634,1.484556,11.276126,-13.136917,0.089773,-1.922114,-3.088603,-18.810328,11.921727,-7.710796,-0.209573,1.246968,0.280080,0.243794,-0.982531,16.806910,-40.303959,63.965427,14.952012,10.070251,-2.151342,0.115435,-15.174694,39.966457,67.149239,-14.113746,10.336951,-7.900795
1201.000000,-2307.033936,-1109.671997,78.553055,-1.211077,-1.549955,-142.507755,3.330970,1.310838,1.593338,11.410822,-13.188795,0.083268,-1.923013,-3.036213,-18.738607,11.851334,-7.628026,-0.225881,1.253917,0.299229,0.246235,-0.953716,16.757879,-40.157978,63.965805,14.951562,10.164152,-2.103418,0.118495,-15.132102,39.823906,67.152283,-14.208939,10.425227,-7.868062
1202.000000,-2306.998291,-1109.655151,78.552727,-1.231248,-1.568394,-142.558880,3.279001,1.339571,1.652359,11.514437,-13.225303,0.079680,-1.923622,-3.006064,-18.703503,11.808490,-7.575320,-0.237579,1.252172,0.314464,0.248765,-0.946442,16.728140,-40.082932,63.966774,14.953584,10.231870,-2.084478,0.120791,-15.107874,39.738377,67.153511,-14.266921,10.477592,-7.853929
1203.000000,-2306.965332,-1109.640747,78.553650,-1.248250,-1.581387,-142.598784,3.219251,1.370669,1.716683,11.624391,-13.259089,0.076620,-1.921099,-2.973098,-18.668119,11.749481,-7.507963,-0.250694,1.250217,0.337426,0.250732,-0.934799,16.692276,-39.993275,63.969383,14.953906,10.306125,-2.047791,0.123534,-15.082061,39.634888,67.153351,-14.341756,10.542005,-7.833002
1204.000000,-2306.932617,-1109.629028,78.556274,-1.262847,-1.583355,-142.635639,3.166485,1.396883,1.780533,11.692074,-13.271274,0.075848,-1.917417,-2.939783,-18.631933,11.661105,-7.424572,-0.260408,1.249502,0.373333,0.249776,-0.910717,16.649437,-39.890678,63.974308,14.948148,10.367790,-1.974317,0.126392,-15.062754,39.522438,67.150177,-14.436419,10.604260,-7.804330
1205.000000,-2306.900391,-1109.619751,78.559647,-1.273960,-1.580212,-142.666548,3.119940,1.415041,1.838189,11.731881,-13.269581,0.077984,-1.915799,-2.913758,-18.600391,11.569146,-7.341656,-0.267082,1.248988,0.420232,0.250492,-0.883638,16.599413,-39.793533,63.979691,14.940090,10.429976,-1.875624,0.129203,-15.051519,39.416050,67.145454,-14.526340,10.661157,-7.785360
1206.000000,-2306.870605,-1109.612915,78.562859,-1.280197,-1.577449,-142.691388,3.084192,1.425150,1.891433,11.751261,-13.258666,0.082762,-1.917192,-2.898200,-18.572149,11.492959,-7.270568,-0.271284,1.248425,0.473212,0.252591,-0.855761,16.542448,-39.701813,63.984703,14.931554,10.504983,-1.760256,0.131997,-15.043783,39.313957,67.140007,-14.605766,10.719750,-7.775799
1207.000000,-2306.843750,-1109.607666,78.565536,-1.282291,-1.576465,-142.711594,3.058296,1.428967,1.940440,11.759331,-13.243657,0.088966,-1.922795,-2.892822,-18.546640,11.441791,-7.217032,-0.273051,1.247759,0.526790,0.254692,-0.828902,16.483379,-39.616718,63.989220,14.923187,10.587723,-1.642979,0.134659,-15.038170,39.217884,67.134407,-14.673410,10.776485,-7.768219
1208.000000,-2306.820068,-1109.603149,78.567581,-1.282247,-1.577024,-142.730463,3.039445,1.431010,1.988010,11.763182,-13.229070,0.095237,-1.931860,-2.892107,-18.520811,11.411312,-7.178286,-0.273622,1.247332,0.578047,0.255727,-0.803356,16.425983,-39.538017,63.993229,14.914772,10.671524,-1.531807,0.137126,-15.033286,39.128845,67.128876,-14.732992,10.829755,-7.761425
1209.000000,-2306.800781,-1109.598511,78.569008,-1.280709,-1.578097,-142.749532,3.028403,1.432793,2.023801,11.765007,-13.219345,0.099318,-1.940907,-2.892616,-18.500345,11.398854,-7.157020,-0.273906,1.247029,0.612804,0.255782,-0.785693,16.385977,-39.483452,63.995968,14.908538,10.732713,-1.456670,0.138879,-15.029363,39.066551,67.124817,-14.773729,10.866229,-7.756716
1210.000000,-2306.785889,-1109.593628,78.570030,-1.278227,-1.578972,-142.767677,3.016605,1.436033,2.070983,11.766316,-13.207641,0.103286,-1.954350,-2.893635,-18.473129,11.390848,-7.136143,-0.274352,1.246237,0.653000,0.255275,-0.764782,16.337484,-39.416386,63.999443,14.900705,10.811610,-1.369682,0.141274,-15.023716,38.989067,67.119507,-14.823792,10.908958,-7.750803
1211.000000,-2306.774170,-1109.588501,78.570923,-1.275330,-1.579044,-142.783894,3.006566,1.440408,2.115300,11.766351,-13.196730,0.105220,-1.967090,-2.894209,-18.448774,11.386070,-7.120002,-0.274917,1.244913,0.686890,0.254335,-0.746949,16.294464,-39.355968,64.002884,14.893681,10.885960,-1.296738,0.143796,-15.017744,38.917900,67.114395,-14.869096,10.945776,-7.745257
1212.000000,-2306.765137,-1109.583252,78.571739,-1.272289,-1.578043,-142.797690,2.997588,1.445728,2.156371,11.764967,-13.186172,0.105120,-1.978611,-2.894264,-18.427881,11.382224,-7.107052,-0.275870,1.243150,0.716067,0.253277,-0.730665,16.255346,-39.297367,64.006187,14.887399,10.957082,-1.233877,0.146446,-15.010386,38.848988,67.109474,-14.912717,10.980682,-7.740001
1213.000000,-2306.758301,-1109.578247,78.572517,-1.269381,-1.575825,-142.808515,2.988898,1.451781,2.193631,11.762647,-13.176020,0.103361,-1.988943,-2.893957,-18.410931,11.378721,-7.096629,-0.277270,1.241133,0.742204,0.252189,-0.715209,16.219736,-39.240364,64.009506,14.881689,11.022132,-1.178724,0.149097,-15.002763,38.783237,67.104691,-14.953617,11.013672,-7.735105
1214.000000,-2306.753662,-1109.573608,78.573219,-1.266734,-1.572691,-142.816162,2.982496,1.456604,2.219238,11.760359,-13.168647,0.101176,-1.995998,-2.893600,-18.400379,11.376249,-7.090249,-0.278520,1.239593,0.760276,0.251384,-0.703800,16.195135,-39.198338,64.011948,14.877702,11.066272,-1.141202,0.151042,-14.997231,38.736423,67.101204,-14.982765,11.036761,-7.731604
1215.000000,-2306.750488,-1109.569214,78.573914,-1.264081,-1.568540,-142.822010,2.974324,1.463207,2.250746,11.756660,-13.159236,0.097439,-2.004578,-2.892974,-18.388231,11.373191,-7.083454,-0.280299,1.237608,0.782347,0.250301,-0.688765,16.165102,-39.143528,64.015114,14.872746,11.118912,-1.095734,0.153523,-14.990215,38.677971,67.096672,-15.019519,11.065108,-7.727164
1216.000000,-2306.748535,-1109.565430,78.574532,-1.261631,-1.563888,-142.825950,2.966335,1.470169,2.280799,11.752210,-13.149985,0.092901,-2.012539,-2.892184,-18.377449,11.370210,-7.078082,-0.282157,1.235586,0.803017,0.249050,-0.673593,16.136871,-39.088982,64.018250,14.867990,11.167404,-1.053277,0.156000,-14.983325,38.621960,67.092155,-15.055129,11.091870,-7.722796
1217.000000,-2306.748047,-1109.561768,78.575150,-1.259164,-1.558577,-142.828561,2.958961,1.477172,2.308565,11.747211,-13.141285,0.087951,-2.019555,-2.891309,-18.368196,11.367449,-7.074240,-0.283889,1.233580,0.821227,0.247593,-0.659152,16.111452,-39.037594,64.021210,14.863584,11.210968,-1.015371,0.158399,-14.976581,38.570450,67.087769,-15.088413,11.116397,-7.718648
1218.000000,-2306.748291,-1109.558716,78.575676,-1.256898,-1.553335,-142.829802,2.952270,1.484254,2.334623,11.741705,-13.133094,0.082702,-2.025644,-2.890361,-18.360144,11.364895,-7.071757,-0.285435,1.231567,0.836864,0.245949,-0.645608,16.088793,-38.989872,64.024055,14.859464,11.250557,-0.981735,0.160749,-14.969600,38.522556,67.083488,-15.119979,11.139378,-7.714660
1219.000000,-2306.749268,-1109.555786,78.576187,-1.254621,-1.548123,-142.830213,2.946779,1.491373,2.359492,11.735267,-13.125156,0.077174,-2.030653,-2.889372,-18.352951,11.362509,-7.070462,-0.286801,1.229521,0.849637,0.244160,-0.632716,16.068346,-38.944313,64.026726,14.855552,11.288239,-0.951424,0.163112,-14.961620,38.476448,67.079338,-15.151614,11.161845,-7.710718
1220.000000,-2306.750977,-1109.553223,78.576653,-1.252494,-1.542981,-142.829810,2.942137,1.498505,2.383212,11.728112,-13.117604,0.071491,-2.034869,-2.888353,-18.346548,11.360282,-7.070153,-0.288005,1.227466,0.859793,0.242197,-0.620796,16.050230,-38.902485,64.029305,14.851810,11.323165,-0.924486,0.165459,-14.953124,38.433132,67.075294,-15.181964,11.183224,-7.706872
1221.000000,-2306.753174,-1109.550903,78.577087,-1.250491,-1.537642,-142.828750,2.938825,1.503832,2.400335,11.722606,-13.112226,0.067171,-2.037785,-2.887594,-18.342175,11.358699,-7.070393,-0.288821,1.225935,0.865852,0.240628,-0.612523,16.038141,-38.873661,64.031181,14.849131,11.347341,-0.906331,0.167202,-14.946591,38.402508,67.072319,-15.203888,11.198233,-7.704033
1222.000000,-2306.755371,-1109.549072,78.577492,-1.248659,-1.532167,-142.827136,2.934457,1.510907,2.422467,11.715337,-13.105437,0.061363,-2.041395,-2.886598,-18.336809,11.356620,-7.071157,-0.289800,1.223897,0.872144,0.238481,-0.602249,16.023771,-38.838135,64.033630,14.845704,11.377124,-0.884379,0.169518,-14.937777,38.363876,67.068413,-15.232050,11.216854,-7.700274
1223.000000,-2306.757812,-1109.547363,78.577881,-1.246989,-1.526533,-142.825020,2.930020,1.517909,2.443810,11.708464,-13.099163,0.055580,-2.044673,-2.885641,-18.331930,11.354520,-7.072276,-0.290632,1.221865,0.876714,0.236298,-0.592761,16.011177,-38.805691,64.036011,14.842447,11.404212,-0.864586,0.171823,-14.929043,38.327816,67.064552,-15.258775,11.233814,-7.696539
1224.000000,-2306.760742,-1109.546143,78.578247,-1.245455,-1.520772,-142.822557,2.925608,1.524826,2.464628,11.702009,-13.093358,0.049842,-2.047575,-2.884734,-18.327370,11.352351,-7.073637,-0.291290,1.219826,0.879755,0.234078,-0.583669,15.999852,-38.774639,64.038322,14.839364,11.429746,-0.846141,0.174152,-14.920070,38.293098,67.060745,-15.285363,11.249761,-7.692739
1225.000000,-2306.763428,-1109.545166,78.578583,-1.244164,-1.515077,-142.819785,2.921208,1.531639,2.484860,11.696050,-13.088135,0.044301,-2.050097,-2.883882,-18.323130,11.350128,-7.075164,-0.291700,1.217791,0.881672,0.231842,-0.575052,15.989758,-38.745708,64.040611,14.836439,11.453137,-0.828969,0.176466,-14.911306,38.260571,67.056976,-15.310556,11.264356,-7.688950
1226.000000,-2306.766113,-1109.544678,78.578888,-1.243128,-1.509503,-142.816843,2.916933,1.538291,2.504657,11.690378,-13.083405,0.039047,-2.052245,-2.883123,-18.319082,11.347780,-7.076725,-0.291794,1.215759,0.883204,0.229593,-0.566753,15.980439,-38.718857,64.042885,14.833683,11.474465,-0.812174,0.178773,-14.903200,38.230221,67.053230,-15.334341,11.277297,-7.685137
1227.000000,-2306.768799,-1109.544678,78.579193,-1.242236,-1.503797,-142.813644,2.913802,1.543126,2.519279,11.686271,-13.080115,0.035315,-2.053635,-2.882656,-18.316118,11.345915,-7.077899,-0.291648,1.214233,0.884235,0.227915,-0.560699,15.973846,-38.699913,64.044579,14.831724,11.489245,-0.799693,0.180499,-14.897575,38.208710,67.050423,-15.351613,11.285930,-7.682257
1228.000000,-2306.771484,-1109.545044,78.579483,-1.241491,-1.498231,-142.810340,2.909740,1.549310,2.538348,11.681012,-13.076046,0.030654,-2.055207,-2.882182,-18.312275,11.343307,-7.079464,-0.291172,1.212207,0.885477,0.225734,-0.552905,15.965589,-38.676212,64.046814,14.829259,11.507364,-0.783397,0.182779,-14.890656,38.181660,67.046715,-15.373797,11.296112,-7.678431
1229.000000,-2306.773926,-1109.545654,78.579758,-1.240844,-1.492659,-142.806838,2.905719,1.555328,2.557284,11.675881,-13.072209,0.026256,-2.056507,-2.881865,-18.308493,11.340539,-7.081073,-0.290379,1.210149,0.886596,0.223610,-0.545301,15.957763,-38.653740,64.049080,14.826885,11.524133,-0.767297,0.185075,-14.884197,38.155727,67.042953,-15.395768,11.305120,-7.674555
1230.000000,-2306.776367,-1109.546631,78.580025,-1.240285,-1.487212,-142.803219,2.901818,1.561081,2.575714,11.670957,-13.068659,0.022191,-2.057530,-2.881696,-18.304855,11.337698,-7.082726,-0.289284,1.208113,0.887566,0.221602,-0.538054,15.950507,-38.632881,64.051308,14.824639,11.539321,-0.751825,0.187317,-14.878145,38.131138,67.039200,-15.417361,11.313349,-7.670721
1231.000000,-2306.779053,-1109.547852,78.580269,-1.239788,-1.481818,-142.799482,2.898039,1.566674,2.593884,11.666174,-13.065325,0.018362,-2.058291,-2.881638,-18.301304,11.334785,-7.084456,-0.287898,1.206072,0.888387,0.219749,-0.530968,15.943577,-38.612637,64.053497,14.822490,11.553623,-0.736646,0.189540,-14.872149,38.106815,67.035423,-15.438910,11.321424,-7.666853
1232.000000,-2306.781494,-1109.549194,78.580513,-1.239329,-1.476326,-142.795475,2.894329,1.572140,2.611821,11.661493,-13.062202,0.014747,-2.058830,-2.881689,-18.297855,11.331822,-7.086311,-0.286250,1.204027,0.889069,0.218034,-0.524143,15.937069,-38.593502,64.055702,14.820405,11.566769,-0.722001,0.191726,-14.866251,38.083050,67.031578,-15.460438,11.329429,-7.662995
1233.000000,-2306.784180,-1109.550903,78.580750,-1.238906,-1.470840,-142.791248,2.890704,1.577450,2.629366,11.656937,-13.059291,0.011338,-2.059157,-2.881839,-18.294548,11.328853,-7.088299,-0.284385,1.202002,0.889609,0.216485,-0.517677,15.931067,-38.575733,64.057877,14.818400,11.578597,-0.708110,0.193846,-14.860518,38.060081,67.027679,-15.481769,11.337292,-7.659185
1234.000000,-2306.786865,-1109.552490,78.580971,-1.238521,-1.465494,-142.786885,2.888055,1.581314,2.642181,11.653615,-13.057242,0.008909,-2.059265,-2.882012,-18.292183,11.326644,-7.089879,-0.282871,1.200512,0.889912,0.215442,-0.513101,15.926908,-38.563362,64.059486,14.816960,11.586620,-0.698261,0.195381,-14.856505,38.043926,67.024773,-15.497623,11.343075,-7.656380
1235.000000,-2306.789307,-1109.554321,78.581169,-1.238178,-1.460404,-142.782487,2.884897,1.585898,2.657393,11.649663,-13.054892,0.006071,-2.059221,-2.882293,-18.289457,11.323968,-7.091938,-0.280905,1.198738,0.890109,0.214305,-0.507841,15.922253,-38.549324,64.061424,14.815269,11.595471,-0.686970,0.197208,-14.852528,38.027206,67.021355,-15.517166,11.350090,-7.653034
1236.000000,-2306.792236,-1109.556152,78.581360,-1.237845,-1.455112,-142.777736,2.881135,1.591354,2.675434,11.644979,-13.052211,0.002744,-2.059006,-2.882690,-18.286318,11.320762,-7.094596,-0.278385,1.196611,0.890193,0.213139,-0.501826,15.917038,-38.533405,64.063759,14.813288,11.605183,-0.674063,0.199373,-14.847963,38.007923,67.017258,-15.540754,11.358499,-7.649047
1237.000000,-2306.791992,-1109.559082,78.580887,-1.237645,-1.431725,-142.783980,2.841319,1.598032,2.706765,11.679028,-13.067717,0.005877,-2.071556,-2.881197,-18.279917,11.298894,-7.089917,-0.265192,1.224165,0.891061,0.202826,-0.500180,15.893698,-38.443031,64.093887,14.815275,11.611598,-0.662462,0.206836,-14.844427,37.997162,67.016914,-15.552242,11.384359,-7.643836
1238.000000,-2306.787354,-1109.563354,78.580360,-1.239958,-1.394992,-142.772654,2.763120,1.601743,2.726915,11.743237,-13.094898,0.015537,-2.093245,-2.883307,-18.292984,11.259480,-7.077908,-0.248017,1.254440,0.891717,0.198430,-0.507079,15.857592,-38.332466,64.172653,14.805591,11.612369,-0.634927,0.210027,-14.841116,37.991428,67.020813,-15.551078,11.410451,-7.641824
1239.000000,-2306.780029,-1109.571167,78.580605,-1.238191,-1.340550,-142.739286,2.693096,1.595410,2.725652,11.775669,-13.104333,0.024497,-2.127701,-2.897870,-18.321405,11.245690,-7.074134,-0.238036,1.256548,0.885458,0.191814,-0.511879,15.824340,-38.290703,64.264786,14.790562,11.610325,-0.606112,0.208641,-14.835035,37.980030,67.026848,-15.547462,11.417266,-7.643837
1240.000000,-2306.769531,-1109.584595,78.581604,-1.229230,-1.272531,-142.688958,2.606779,1.572677,2.713922,11.787750,-13.097084,0.037701,-2.188540,-2.935234,-18.367863,11.253225,-7.078986,-0.225901,1.254560,0.865901,0.186028,-0.513698,15.763842,-38.256874,64.391891,14.773062,11.608074,-0.581230,0.206508,-14.822952,37.954346,67.034004,-15.544159,11.423919,-7.648259
1241.000000,-2306.757812,-1109.602783,78.582680,-1.223132,-1.173362,-142.626675,2.461464,1.537948,2.687961,11.815800,-13.086784,0.057834,-2.290054,-2.989336,-18.433796,11.263834,-7.084867,-0.205458,1.248431,0.836999,0.157266,-0.514559,15.685343,-38.246738,64.548553,14.757299,11.612230,-0.561591,0.206014,-14.807376,37.939846,67.040520,-15.539655,11.440719,-7.652994
1242.000000,-2306.746582,-1109.624634,78.582756,-1.217574,-1.107065,-142.603285,2.359181,1.510997,2.695829,11.829201,-13.077425,0.075662,-2.383025,-3.034315,-18.458529,11.299978,-7.099597,-0.186367,1.318899,0.799385,0.159253,-0.515751,15.628483,-38.171009,64.646515,14.761337,11.619682,-0.551642,0.203183,-14.789416,37.936153,67.092621,-15.411922,11.458038,-7.658380
1243.000000,-2306.744629,-1109.652100,78.581673,-1.220291,-1.081118,-142.581427,2.330185,1.496462,2.710934,11.832258,-13.078719,0.089013,-2.417353,-3.064917,-18.466490,11.346327,-7.128810,-0.169629,1.455321,0.745777,0.181018,-0.504485,15.557261,-38.076389,64.725525,14.791385,11.651853,-0.537773,0.201011,-14.750414,37.933784,67.215981,-15.114674,11.509047,-7.677265
1244.000000,-2306.752197,-1109.684082,78.579330,-1.220092,-1.074680,-142.546272,2.332195,1.484982,2.713749,11.833975,-13.085900,0.097953,-2.420451,-3.090404,-18.477711,11.393015,-7.167264,-0.153065,1.548177,0.690536,0.188695,-0.489331,15.491640,-38.033127,64.813629,14.854908,11.699032,-0.525702,0.183058,-14.691566,37.932346,67.364456,-14.848745,11.576289,-7.704708
1245.000000,-2306.763916,-1109.715698,78.574883,-1.219594,-1.063195,-142.496752,2.327924,1.467761,2.710361,11.857040,-13.109061,0.110583,-2.430316,-3.131519,-18.500736,11.480105,-7.236237,-0.127237,1.649071,0.604425,0.189229,-0.467215,15.375187,-37.993076,64.950928,14.930410,11.791438,-0.513108,0.131791,-14.578756,37.931515,67.596466,-14.515669,11.721147,-7.750292
1246.000000,-2306.779053,-1109.741211,78.566299,-1.195345,-1.035995,-142.556848,2.320618,1.450109,2.784184,11.868279,-13.145048,0.127797,-2.537183,-3.191997,-18.459230,11.704534,-7.372384,-0.100444,1.899239,0.467882,0.181514,-0.466735,15.343887,-37.771450,64.989967,14.984627,11.946518,-0.427462,0.105572,-14.423641,37.947441,67.815765,-14.225883,12.019091,-7.783697
1247.000000,-2306.798828,-1109.768921,78.554596,-1.161763,-1.013565,-142.641311,2.336962,1.423844,2.920498,11.874475,-13.193742,0.146452,-2.695164,-3.262834,-18.338627,12.015593,-7.556046,-0.070301,2.250294,0.296724,0.187361,-0.447760,15.309298,-37.365479,65.052719,15.006405,12.044724,-0.329729,0.109331,-14.280815,37.957012,67.915253,-14.167201,12.361468,-7.783784
1248.000000,-2306.823975,-1109.801270,78.543076,-1.149334,-0.986818,-142.575386,2.268769,1.394205,2.908116,12.009020,-13.297976,0.189041,-2.751258,-3.333619,-18.373260,12.195437,-7.720192,-0.005009,2.498360,0.111209,0.199071,-0.407784,15.238429,-36.923588,65.181984,15.020202,12.140691,-0.285442,0.106875,-14.136223,37.960072,67.954391,-14.152930,12.710646,-7.784288
