Frame,root_translateX,root_translateY,root_translateZ,root_rotateX,root_rotateY,root_rotateZ,left_hip_pitch_joint_dof,left_hip_roll_joint_dof,left_hip_yaw_joint_dof,left_knee_joint_dof,left_ankle_pitch_joint_dof,left_ankle_roll_joint_dof,right_hip_pitch_joint_dof,right_hip_roll_joint_dof,right_hip_yaw_joint_dof,right_knee_joint_dof,right_ankle_pitch_joint_dof,right_ankle_roll_joint_dof,waist_yaw_joint_dof,waist_roll_joint_dof,waist_pitch_joint_dof,left_shoulder_pitch_joint_dof,left_shoulder_roll_joint_dof,left_shoulder_yaw_joint_dof,left_elbow_joint_dof,left_wrist_roll_joint_dof,left_wrist_pitch_joint_dof,left_wrist_yaw_joint_dof,right_shoulder_pitch_joint_dof,right_shoulder_roll_joint_dof,right_shoulder_yaw_joint_dof,right_elbow_joint_dof,right_wrist_roll_joint_dof,right_wrist_pitch_joint_dof,right_wrist_yaw_joint_dof
0.000000,-1723.559326,1417.458008,78.598991,-0.171265,-1.735115,-145.686059,-1.101986,2.259774,9.960007,13.635724,-10.614810,0.123051,2.169861,-3.882834,-15.536907,10.853949,-10.452423,1.446110,1.009784,0.609126,0.254947,-1.464711,16.644705,-40.453815,62.795650,14.278200,11.341969,3.014397,0.219096,-15.367563,41.352798,66.729630,-12.377516,11.077265,-10.083243
1.000000,-1723.552856,1417.457520,78.599159,-0.177262,-1.736106,-145.691875,-1.107903,2.261119,9.945182,13.650007,-10.622224,0.124967,2.167185,-3.883126,-15.551957,10.845777,-10.438204,1.448210,1.006066,0.602349,0.255120,-1.468315,16.647858,-40.447598,62.796211,14.284647,11.335182,3.017039,0.221043,-15.360196,41.348808,66.733376,-12.384225,11.077209,-10.088470
2.000000,-1723.546021,1417.458008,78.599342,-0.184371,-1.735182,-145.688198,-1.123949,2.262501,9.918330,13.672782,-10.630142,0.126484,2.166410,-3.883048,-15.580176,10.831886,-10.421517,1.450820,1.000789,0.595897,0.255942,-1.476844,16.651762,-40.442234,62.795654,14.295316,11.329230,3.015298,0.221859,-15.352815,41.345501,66.738258,-12.385996,11.077865,-10.092230
3.000000,-1723.538818,1417.459106,78.599686,-0.191662,-1.733910,-145.680805,-1.141418,2.263204,9.887048,13.693668,-10.636475,0.128241,2.166705,-3.883096,-15.613604,10.815551,-10.403774,1.453432,0.996860,0.589283,0.257193,-1.488394,16.655954,-40.436733,62.795048,14.306663,11.323277,3.011558,0.222177,-15.345349,41.342552,66.743980,-12.386492,11.079142,-10.094263
4.000000,-1723.531860,1417.460205,78.600174,-0.197989,-1.733955,-145.675531,-1.153652,2.263261,9.859179,13.707865,-10.640462,0.130062,2.167825,-3.883523,-15.643994,10.800121,-10.386687,1.455676,0.993993,0.582553,0.258827,-1.498316,16.659733,-40.431107,62.794399,14.316722,11.316731,3.007602,0.222212,-15.337934,41.339798,66.749893,-12.387417,11.080710,-10.095189
5.000000,-1723.525635,1417.461548,78.600754,-0.203251,-1.735696,-145.674083,-1.160541,2.262998,9.834713,13.717055,-10.642817,0.131898,2.169802,-3.884273,-15.671356,10.785207,-10.369390,1.457720,0.991423,0.575294,0.260999,-1.506610,16.663406,-40.425037,62.793812,14.326160,11.309151,3.003592,0.222141,-15.330029,41.336933,66.756271,-12.388933,11.082523,-10.095450
6.000000,-1723.519531,1417.462769,78.601349,-0.207804,-1.738308,-145.675088,-1.163397,2.262792,9.819018,13.722048,-10.643915,0.133163,2.171454,-3.884903,-15.689238,10.774899,-10.357070,1.459027,0.989551,0.570040,0.262868,-1.512127,16.666042,-40.420574,62.793526,14.332602,11.303337,3.000720,0.222073,-15.324261,41.334827,66.761002,-12.390229,11.083883,-10.095293
7.000000,-1723.513428,1417.464478,78.601952,-0.212113,-1.741410,-145.677382,-1.166214,2.262604,9.799428,13.728046,-10.644994,0.134735,2.173525,-3.885762,-15.711763,10.761709,-10.340898,1.460528,0.986992,0.563293,0.265898,-1.519492,16.669552,-40.414631,62.793293,14.340796,11.295345,2.996830,0.221934,-15.316689,41.331959,66.767342,-12.392079,11.085674,-10.094700
8.000000,-1723.507080,1417.466309,78.602531,-0.216258,-1.744901,-145.680475,-1.168308,2.262556,9.780877,13.733582,-10.645844,0.136120,2.175278,-3.886610,-15.733159,10.749503,-10.325186,1.461724,0.984432,0.556854,0.269664,-1.527014,16.673059,-40.408760,62.793114,14.348567,11.287191,2.992857,0.221698,-15.309289,41.328995,66.773643,-12.394018,11.087396,-10.093750
9.000000,-1723.500854,1417.468384,78.603104,-0.220274,-1.748705,-145.684186,-1.169790,2.262636,9.763916,13.738581,-10.646601,0.137278,2.176622,-3.887415,-15.752748,10.738813,-10.310682,1.462530,0.982029,0.550933,0.273949,-1.534396,16.676437,-40.403206,62.792946,14.355676,11.279192,2.988975,0.221378,-15.302359,41.326077,66.779602,-12.395939,11.088980,-10.092557
10.000000,-1723.494507,1417.470581,78.603653,-0.224179,-1.752722,-145.688339,-1.171016,2.262796,9.745886,13.743815,-10.647506,0.138420,2.177795,-3.888328,-15.773603,10.727904,-10.295312,1.463118,0.979476,0.544754,0.279448,-1.542730,16.680212,-40.397141,62.792786,14.363238,11.269585,2.984649,0.220905,-15.294924,41.322754,66.786095,-12.398162,11.090681,-10.090904
11.000000,-1723.487793,1417.472900,78.604179,-0.228060,-1.757050,-145.693079,-1.171779,2.263005,9.729358,13.748623,-10.648411,0.139414,2.178569,-3.889240,-15.792642,10.718459,-10.281229,1.463461,0.977153,0.539348,0.285833,-1.551041,16.683825,-40.391445,62.792652,14.370121,11.259705,2.980551,0.220230,-15.288155,41.319477,66.792084,-12.400270,11.092195,-10.089081
12.000000,-1723.481323,1417.475098,78.604683,-0.231841,-1.761484,-145.698389,-1.172247,2.263257,9.713561,13.753316,-10.649408,0.140344,2.178954,-3.890189,-15.810728,10.709880,-10.267704,1.463641,0.974961,0.534536,0.293423,-1.559753,16.687370,-40.385841,62.792522,14.376661,11.249267,2.976522,0.219308,-15.281818,41.316116,66.797783,-12.402285,11.093561,-10.087050
13.000000,-1723.474854,1417.477295,78.605148,-0.235470,-1.765759,-145.704229,-1.172587,2.263550,9.698394,13.758001,-10.650601,0.141218,2.178855,-3.891183,-15.828005,10.701980,-10.254616,1.463694,0.972918,0.530281,0.302066,-1.568811,16.690865,-40.380245,62.792385,14.382995,11.238173,2.972570,0.218182,-15.275850,41.312664,66.803276,-12.404240,11.094824,-10.084794
14.000000,-1723.468750,1417.479370,78.605576,-0.238981,-1.769718,-145.710557,-1.172832,2.263784,9.687936,13.761354,-10.651622,0.141802,2.178432,-3.891917,-15.839858,10.696732,-10.245566,1.463668,0.971544,0.527547,0.308735,-1.575414,16.693319,-40.376247,62.792282,14.387427,11.229919,2.969803,0.217283,-15.271789,41.310139,66.807076,-12.405619,11.095683,-10.083046
15.000000,-1723.462891,1417.481201,78.605965,-0.242417,-1.773264,-145.717319,-1.173264,2.264130,9.673350,13.766147,-10.653347,0.142569,2.177328,-3.892996,-15.856229,10.689773,-10.233103,1.463571,0.969677,0.523968,0.318765,-1.584956,16.696768,-40.370525,62.792091,14.393658,11.217914,2.965916,0.215901,-15.266205,41.306480,66.812347,-12.407596,11.096881,-10.080388
16.000000,-1723.457275,1417.482910,78.606346,-0.245806,-1.776245,-145.724528,-1.173828,2.264473,9.659650,13.770730,-10.655344,0.143221,2.175664,-3.894063,-15.871415,10.683648,-10.221650,1.463446,0.967974,0.520768,0.328801,-1.594221,16.700018,-40.365005,62.791840,14.399552,11.206383,2.962220,0.214492,-15.260998,41.302895,66.817291,-12.409525,11.098024,-10.077663
17.000000,-1723.452393,1417.484253,78.606674,-0.249077,-1.778336,-145.731987,-1.174650,2.264830,9.646328,13.775212,-10.657694,0.143765,2.173398,-3.895118,-15.886032,10.677852,-10.210706,1.463338,0.966329,0.517800,0.338601,-1.603289,16.703157,-40.359493,62.791496,14.405324,11.195144,2.958579,0.213114,-15.255920,41.299316,66.822182,-12.411502,11.099219,-10.074759
18.000000,-1723.448364,1417.485107,78.606972,-0.252123,-1.779354,-145.739301,-1.175828,2.265205,9.633293,13.779562,-10.660471,0.144189,2.170516,-3.896153,-15.900278,10.672166,-10.200193,1.463298,0.964667,0.515117,0.347514,-1.611892,16.706156,-40.353992,62.791054,14.410994,11.184260,2.954986,0.211880,-15.250934,41.295776,66.827156,-12.413561,11.100543,-10.071603
19.000000,-1723.444946,1417.485474,78.607246,-0.255227,-1.779188,-145.747068,-1.177434,2.265576,9.620968,13.783602,-10.663685,0.144469,2.167036,-3.897140,-15.913746,10.666761,-10.190566,1.463364,0.962988,0.512901,0.354371,-1.619315,16.708872,-40.348694,62.790512,14.416377,11.174026,2.951582,0.210978,-15.246196,41.292458,66.832169,-12.415681,11.102055,-10.068199
20.000000,-1723.443604,1417.486694,78.607506,-0.256020,-1.776742,-145.745978,-1.179353,2.263785,9.607027,13.783741,-10.664129,0.143995,2.164167,-3.900256,-15.931482,10.663668,-10.186053,1.463119,0.960853,0.506452,0.358560,-1.623067,16.712599,-40.337612,62.791386,14.419507,11.162646,2.948687,0.210767,-15.239943,41.289169,66.836533,-12.418366,11.103475,-10.065591
21.000000,-1723.445312,1417.490356,78.607872,-0.254358,-1.770581,-145.727310,-1.185335,2.256584,9.573430,13.776831,-10.658368,0.142103,2.161228,-3.908944,-15.975117,10.662085,-10.186722,1.461878,0.958028,0.482872,0.363301,-1.624037,16.723803,-40.307606,62.794876,14.420755,11.139127,2.943470,0.211146,-15.224226,41.283794,66.843018,-12.424415,11.105814,-10.063137
22.000000,-1723.447998,1417.494019,78.608231,-0.254501,-1.762487,-145.706112,-1.195864,2.249724,9.532773,13.770669,-10.651675,0.140207,2.158176,-3.916485,-16.024462,10.659714,-10.187378,1.460632,0.957533,0.454010,0.367769,-1.624946,16.738741,-40.282303,62.796757,14.421971,11.114221,2.937791,0.211054,-15.206374,41.278931,66.849792,-12.431636,11.108309,-10.060220
23.000000,-1723.450073,1417.494629,78.608437,-0.256496,-1.756028,-145.701206,-1.204610,2.249088,9.508505,13.773214,-10.652859,0.139015,2.153419,-3.918117,-16.051771,10.654961,-10.181797,1.460662,0.958556,0.440054,0.371343,-1.628587,16.746519,-40.274647,62.795135,14.426428,11.103507,2.934320,0.209949,-15.195850,41.275383,66.855988,-12.437111,11.110329,-10.055461
24.000000,-1723.451660,1417.492920,78.608597,-0.258929,-1.748653,-145.706658,-1.209498,2.249566,9.498654,13.776761,-10.656354,0.138174,2.147979,-3.918731,-16.062471,10.651356,-10.175981,1.461284,0.958090,0.437265,0.372842,-1.631992,16.748859,-40.270836,62.793621,14.430635,11.098546,2.931851,0.209246,-15.191846,41.272861,66.860168,-12.439746,11.111454,-10.051317
25.000000,-1723.453491,1417.490234,78.608696,-0.261543,-1.740766,-145.717149,-1.214948,2.250466,9.488534,13.781814,-10.662826,0.136957,2.139609,-3.919503,-16.073456,10.646277,-10.167944,1.462366,0.956019,0.436180,0.374235,-1.637586,16.751116,-40.266071,62.791748,14.436769,11.092187,2.927968,0.208710,-15.187381,41.269306,66.866013,-12.442684,11.113003,-10.045662
26.000000,-1723.455566,1417.487061,78.608757,-0.264337,-1.733148,-145.728468,-1.219170,2.251645,9.479566,13.786281,-10.670175,0.135956,2.131434,-3.919975,-16.083208,10.641418,-10.160541,1.463720,0.953535,0.435355,0.375283,-1.643447,16.753052,-40.261356,62.790340,14.442810,11.085928,2.924072,0.208543,-15.183080,41.265915,66.871742,-12.445336,11.114614,-10.040347
27.000000,-1723.458130,1417.483521,78.608803,-0.267508,-1.725132,-145.740240,-1.222958,2.253001,9.470478,13.790251,-10.677861,0.135124,2.123360,-3.920237,-16.093092,10.636725,-10.153371,1.465411,0.951267,0.434219,0.376142,-1.649156,16.754864,-40.256443,62.789284,14.448549,11.079435,2.920495,0.208510,-15.178720,41.262680,66.877426,-12.448009,11.116366,-10.035156
28.000000,-1723.460571,1417.479858,78.608879,-0.270847,-1.717115,-145.751652,-1.226556,2.254389,9.461158,13.793848,-10.685406,0.134409,2.115386,-3.920437,-16.103228,10.632231,-10.146091,1.467268,0.949300,0.432975,0.376490,-1.654207,16.756557,-40.251392,62.788483,14.453750,11.072678,2.917497,0.208522,-15.174334,41.259624,66.883125,-12.450747,11.118356,-10.029975
29.000000,-1723.463013,1417.475952,78.608932,-0.274222,-1.709306,-145.762815,-1.229802,2.255663,9.452005,13.797230,-10.692883,0.133674,2.107908,-3.920696,-16.113222,10.627891,-10.139154,1.469218,0.947539,0.431898,0.376224,-1.658451,16.758108,-40.246418,62.787712,14.458405,11.065991,2.915031,0.208589,-15.170078,41.256805,66.888756,-12.453485,11.120503,-10.024920
30.000000,-1723.465210,1417.472168,78.608986,-0.277469,-1.702112,-145.773561,-1.232863,2.256907,9.442446,13.800810,-10.700939,0.132857,2.100439,-3.921074,-16.123775,10.623298,-10.132036,1.471314,0.945790,0.431042,0.375465,-1.662431,16.759647,-40.241180,62.786812,14.463050,11.058916,2.912782,0.208749,-15.165630,41.253925,66.894737,-12.456541,11.122979,-10.019627
31.000000,-1723.467407,1417.468384,78.609016,-0.280782,-1.695102,-145.784829,-1.234836,2.257762,9.435576,13.803412,-10.706905,0.132335,2.095164,-3.921412,-16.131420,10.619959,-10.126897,1.472780,0.944550,0.430643,0.374704,-1.665182,16.760695,-40.237362,62.786102,14.466358,11.053744,2.911302,0.208905,-15.162395,41.251816,66.899170,-12.458926,11.124925,-10.015783
32.000000,-1723.469116,1417.464722,78.609055,-0.283976,-1.688610,-145.796254,-1.237073,2.258817,9.426742,13.806666,-10.714738,0.131815,2.088282,-3.921930,-16.141266,10.615673,-10.120157,1.474616,0.942906,0.430416,0.373424,-1.668717,16.761929,-40.232334,62.785152,14.470650,11.046968,2.909504,0.209128,-15.158159,41.249043,66.905159,-12.462206,11.127612,-10.010713
33.000000,-1723.471436,1417.462158,78.609123,-0.285854,-1.681677,-145.802301,-1.239070,2.258611,9.415685,13.806944,-10.720419,0.130848,2.081535,-3.924001,-16.156054,10.612434,-10.115696,1.476019,0.940834,0.427408,0.371540,-1.671353,16.763557,-40.223362,62.785549,14.473555,11.039907,2.907896,0.209633,-15.152504,41.245712,66.911362,-12.466345,11.130290,-10.005632
34.000000,-1723.475220,1417.461914,78.609322,-0.285433,-1.673717,-145.795574,-1.241745,2.254410,9.393682,13.799466,-10.719672,0.128826,2.076678,-3.930056,-16.187439,10.611008,-10.116733,1.476459,0.938831,0.413696,0.369635,-1.671681,16.767195,-40.201061,62.789200,14.473804,11.032633,2.906031,0.210662,-15.141733,41.241188,66.917976,-12.472735,11.132937,-10.000936
35.000000,-1723.479126,1417.461426,78.609489,-0.286268,-1.666539,-145.790894,-1.245187,2.251137,9.370452,13.794080,-10.719719,0.127545,2.072643,-3.934597,-16.217339,10.608369,-10.115967,1.477241,0.939046,0.400489,0.367711,-1.672503,16.771332,-40.184292,62.791195,14.475878,11.025651,2.904559,0.211043,-15.131286,41.237297,66.925148,-12.479887,11.135517,-9.994997
36.000000,-1723.481934,1417.459351,78.609543,-0.288167,-1.660600,-145.796875,-1.247607,2.251443,9.358592,13.796424,-10.725212,0.126717,2.067600,-3.935725,-16.230946,10.604536,-10.110761,1.478739,0.938876,0.398386,0.364643,-1.674810,16.772930,-40.178932,62.790104,14.480407,11.019652,2.903466,0.210971,-15.126369,41.234379,66.931908,-12.484944,11.137622,-9.988167
37.000000,-1723.484253,1417.456909,78.609558,-0.290152,-1.654933,-145.807947,-1.249181,2.252305,9.350533,13.799977,-10.732122,0.125526,2.061362,-3.936507,-16.239790,10.600977,-10.104687,1.480259,0.936793,0.398877,0.360235,-1.677752,16.773764,-40.174782,62.788479,14.485736,11.014383,2.901686,0.211314,-15.122388,41.231491,66.938789,-12.488677,11.139698,-9.981771
38.000000,-1723.486328,1417.454468,78.609573,-0.292465,-1.649831,-145.820646,-1.249824,2.253224,9.345088,13.802472,-10.737571,0.124629,2.056482,-3.936847,-16.245680,10.598532,-10.100039,1.481331,0.934699,0.399416,0.356596,-1.680140,16.774242,-40.171711,62.787376,14.489779,11.010528,2.900201,0.211817,-15.119446,41.229340,66.943954,-12.491131,11.141255,-9.977251
39.000000,-1723.488647,1417.453003,78.609642,-0.294071,-1.644426,-145.828193,-1.250161,2.253751,9.335732,13.802870,-10.742912,0.122990,2.050455,-3.938207,-16.258091,10.596170,-10.095837,1.482283,0.931682,0.397151,0.351657,-1.682623,16.775419,-40.165035,62.787453,14.493579,11.004873,2.898597,0.212877,-15.114203,41.225986,66.950691,-12.495090,11.143279,-9.971540
40.000000,-1723.492188,1417.453857,78.609856,-0.293929,-1.638242,-145.823892,-1.251066,2.251428,9.315859,13.795847,-10.742473,0.119995,2.045924,-3.942641,-16.287035,10.595164,-10.096189,1.482144,0.929229,0.383720,0.347053,-1.683066,16.778893,-40.145885,62.791107,14.494417,10.998130,2.897081,0.214456,-15.103407,41.221287,66.957985,-12.501816,11.145534,-9.966010
41.000000,-1723.497192,1417.456421,78.610191,-0.292351,-1.631329,-145.810658,-1.253015,2.246335,9.287478,13.784051,-10.737084,0.116734,2.042993,-3.949237,-16.326044,10.594755,-10.098826,1.481405,0.928487,0.361519,0.343017,-1.682158,16.784819,-40.119118,62.795876,14.494590,10.991395,2.895155,0.215892,-15.088517,41.216450,66.965599,-12.510355,11.148000,-9.960727
42.000000,-1723.500977,1417.457520,78.610428,-0.292905,-1.625932,-145.804934,-1.255738,2.244157,9.264374,13.779565,-10.735719,0.114208,2.040384,-3.952735,-16.355227,10.592923,-10.097455,1.481363,0.929457,0.346742,0.338821,-1.682403,16.789581,-40.104561,62.797752,14.496840,10.985501,2.894018,0.216441,-15.077604,41.212688,66.972969,-12.518036,11.150194,-9.954050
43.000000,-1723.503540,1417.456543,78.610504,-0.294647,-1.622214,-145.811707,-1.256837,2.245098,9.253606,13.783045,-10.740569,0.112258,2.036847,-3.953386,-16.367403,10.589499,-10.091488,1.482195,0.929225,0.345262,0.333172,-1.684068,16.790800,-40.100014,62.796810,14.501662,10.980686,2.893045,0.216821,-15.072995,41.209778,66.979980,-12.523335,11.152141,-9.946464
44.000000,-1723.505005,1417.454590,78.610519,-0.296714,-1.619348,-145.823395,-1.256585,2.246518,9.246890,13.787607,-10.747094,0.110418,2.032891,-3.953661,-16.374653,10.586135,-10.084951,1.483007,0.927015,0.346464,0.325817,-1.686175,16.791138,-40.096745,62.795582,14.507024,10.976710,2.891348,0.217897,-15.069335,41.207069,66.986961,-12.527203,11.154292,-9.939726
45.000000,-1723.505981,1417.452759,78.610535,-0.299341,-1.617522,-145.836668,-1.255005,2.248461,9.240467,13.792059,-10.754621,0.108905,2.028714,-3.953555,-16.381374,10.582960,-10.077694,1.483928,0.924067,0.347904,0.317797,-1.688761,16.791237,-40.093121,62.794537,14.512636,10.972372,2.889471,0.219363,-15.065447,41.204262,66.994423,-12.530890,11.156746,-9.933074
46.000000,-1723.506714,1417.451904,78.610626,-0.301514,-1.615527,-145.845261,-1.253350,2.249183,9.233749,13.792253,-10.758204,0.107602,2.025854,-3.954333,-16.390516,10.581507,-10.074098,1.484209,0.921781,0.346311,0.312193,-1.690146,16.791866,-40.089165,62.795212,14.514938,10.968435,2.888739,0.220661,-15.061468,41.201710,66.999725,-12.534286,11.158472,-9.928402
47.000000,-1723.508301,1417.453369,78.610878,-0.302264,-1.612955,-145.843871,-1.251703,2.248204,9.217450,13.786547,-10.757951,0.105004,2.022926,-3.957528,-16.414858,10.580956,-10.072715,1.483602,0.919683,0.335277,0.306320,-1.690460,16.794655,-40.075081,62.798946,14.515070,10.962166,2.888335,0.222420,-15.052016,41.197277,67.006805,-12.540956,11.160720,-9.922499
48.000000,-1723.510498,1417.456543,78.611221,-0.301823,-1.610263,-145.835488,-1.251211,2.245507,9.194454,13.777713,-10.753702,0.101977,2.021290,-3.962213,-16.447744,10.580874,-10.073042,1.482497,0.919302,0.316088,0.302022,-1.689523,16.799282,-40.051651,62.803982,14.514651,10.955963,2.887701,0.223900,-15.038655,41.192642,67.014191,-12.549324,11.163090,-9.916809
49.000000,-1723.511719,1417.458374,78.611465,-0.302995,-1.609267,-145.834360,-1.251265,2.244742,9.176277,13.775191,-10.752739,0.099882,2.020073,-3.964607,-16.471251,10.579409,-10.069694,1.482125,0.920274,0.304086,0.298241,-1.689652,16.802826,-40.038803,62.806038,14.516289,10.950585,2.887654,0.224528,-15.029252,41.189030,67.021103,-12.556596,11.165111,-9.910132
50.000000,-1723.511353,1417.458496,78.611603,-0.304897,-1.609911,-145.842767,-1.249876,2.245999,9.167303,13.779297,-10.756805,0.098364,2.018163,-3.965104,-16.481323,10.576409,-10.061955,1.482414,0.919886,0.303520,0.293657,-1.691327,16.803644,-40.034359,62.805157,14.520486,10.945927,2.887536,0.224941,-15.024918,41.185986,67.028008,-12.561892,11.167097,-9.902710
51.000000,-1723.510376,1417.458618,78.611748,-0.306478,-1.610224,-145.850448,-1.247633,2.246342,9.158259,13.780313,-10.759719,0.096277,2.015711,-3.966906,-16.494202,10.574450,-10.056453,1.482085,0.917232,0.303352,0.288118,-1.692679,16.804295,-40.029575,62.805435,14.522646,10.940833,2.887553,0.226109,-15.020615,41.182045,67.034645,-12.567118,11.168930,-9.895655
52.000000,-1723.510132,1417.460205,78.611961,-0.307194,-1.609885,-145.851542,-1.246135,2.245565,9.147830,13.777555,-10.759533,0.094460,2.014112,-3.969512,-16.510550,10.573860,-10.054625,1.481307,0.915377,0.299530,0.284370,-1.693017,16.805662,-40.023376,62.807102,14.522412,10.936240,2.888001,0.227205,-15.015738,41.178413,67.039581,-12.572248,11.170160,-9.890297
53.000000,-1723.510986,1417.463379,78.612228,-0.307009,-1.609381,-145.847391,-1.244696,2.243749,9.129861,13.771946,-10.757051,0.092016,2.012874,-3.973695,-16.537781,10.573627,-10.053796,1.479895,0.914221,0.288313,0.280376,-1.692751,16.808756,-40.009262,62.810394,14.521847,10.930066,2.888452,0.228525,-15.006331,41.173477,67.046387,-12.580429,11.171881,-9.883405
54.000000,-1723.512207,1417.467529,78.612518,-0.306353,-1.608725,-145.840512,-1.243854,2.241720,9.109773,13.765844,-10.753200,0.089358,2.012233,-3.977916,-16.567066,10.573739,-10.053574,1.478303,0.913971,0.273124,0.277012,-1.692110,16.812744,-39.992184,62.814075,14.521613,10.924434,2.888677,0.229579,-14.995194,41.168640,67.053215,-12.588975,11.173535,-9.876766
55.000000,-1723.514160,1417.471802,78.612808,-0.305560,-1.607904,-145.833019,-1.243444,2.239810,9.088091,13.759947,-10.748914,0.086058,2.011702,-3.982123,-16.598179,10.573977,-10.053414,1.476506,0.913834,0.255874,0.273362,-1.691552,16.817646,-39.976059,62.817764,14.521546,10.918937,2.888916,0.230534,-14.982979,41.163494,67.060432,-12.597975,11.175099,-9.869596
56.000000,-1723.514771,1417.474365,78.613007,-0.306370,-1.608493,-145.834358,-1.242592,2.240053,9.073102,13.759686,-10.748800,0.083632,2.010979,-3.983751,-16.617598,10.572705,-10.049394,1.475547,0.914024,0.247204,0.269903,-1.692213,16.820728,-39.968018,62.818661,14.523842,10.914417,2.889041,0.230966,-14.975326,41.159393,67.067078,-12.605106,11.176278,-9.861897
57.000000,-1723.514160,1417.475098,78.613113,-0.308128,-1.610481,-145.844972,-1.240088,2.242055,9.066511,13.764794,-10.753308,0.081761,2.009634,-3.983594,-16.624519,10.570120,-10.041589,1.475344,0.912848,0.247685,0.266292,-1.694317,16.821436,-39.964417,62.817150,14.528626,10.910703,2.888540,0.231326,-14.971641,41.155998,67.073563,-12.610040,11.177614,-9.854414
58.000000,-1723.513428,1417.475708,78.613243,-0.309920,-1.611877,-145.854428,-1.236685,2.243409,9.059143,13.766460,-10.756692,0.079364,2.007682,-3.984324,-16.634483,10.568435,-10.035711,1.474589,0.909993,0.247669,0.262447,-1.696143,16.822168,-39.959702,62.817177,14.530981,10.906039,2.888397,0.232339,-14.967670,41.151699,67.079674,-12.615078,11.178875,-9.847332
59.000000,-1723.513062,1417.477539,78.613464,-0.310953,-1.612300,-145.857409,-1.233761,2.243318,9.047023,13.762937,-10.756510,0.076840,2.006047,-3.986527,-16.652813,10.567739,-10.032973,1.473076,0.907991,0.241596,0.259585,-1.696820,16.824282,-39.950882,62.819519,14.530378,10.900296,2.888998,0.233523,-14.961221,41.146770,67.085411,-12.621655,11.179979,-9.840515
60.000000,-1723.513794,1417.480469,78.613731,-0.311291,-1.612415,-145.855698,-1.231897,2.242799,9.034913,13.759006,-10.754981,0.074794,2.005322,-3.988751,-16.671009,10.567431,-10.031701,1.471712,0.907479,0.232514,0.258054,-1.696791,16.826851,-39.939758,62.822193,14.529548,10.895597,2.889467,0.234312,-14.954048,41.142822,67.090134,-12.627835,11.180994,-9.835221
61.000000,-1723.514893,1417.484009,78.614014,-0.311283,-1.612291,-145.851519,-1.230124,2.241868,9.017440,13.753825,-10.752182,0.071903,2.004914,-3.991859,-16.696646,10.567183,-10.030459,1.470000,0.907612,0.217991,0.256616,-1.696443,16.830868,-39.923576,62.825901,14.528543,10.889763,2.890083,0.235107,-14.943505,41.137768,67.096268,-12.636276,11.182343,-9.828425
62.000000,-1723.516479,1417.487305,78.614281,-0.311191,-1.611867,-145.846881,-1.228885,2.240896,8.999546,13.749148,-10.749357,0.068693,2.004604,-3.995055,-16.722763,10.566886,-10.029227,1.468311,0.907847,0.203314,0.255225,-1.696230,16.835278,-39.909771,62.829254,14.527639,10.884207,2.890919,0.235730,-14.932942,41.132584,67.102371,-12.644850,11.183596,-9.821357
63.000000,-1723.517944,1417.490234,78.614517,-0.311135,-1.611154,-145.843076,-1.227875,2.240024,8.982622,13.745206,-10.747211,0.065421,2.004172,-3.998181,-16.747734,10.566329,-10.027920,1.466601,0.907781,0.190676,0.253606,-1.696325,16.839602,-39.900257,62.831909,14.526855,10.878850,2.892062,0.236274,-14.923431,41.127300,67.108322,-12.653342,11.184636,-9.813867
64.000000,-1723.519531,1417.492676,78.614708,-0.311103,-1.610212,-145.840741,-1.226813,2.239303,8.967531,13.741870,-10.745955,0.062263,2.003552,-4.001141,-16.770510,10.565492,-10.026606,1.465037,0.907407,0.180625,0.251980,-1.696620,16.843460,-39.893307,62.833939,14.526244,10.873667,2.893297,0.236778,-14.915305,41.122051,67.113953,-12.661591,11.185424,-9.806157
65.000000,-1723.521484,1417.494629,78.614868,-0.311069,-1.608940,-145.839416,-1.225602,2.238658,8.952939,13.738634,-10.745322,0.059113,2.002673,-4.004108,-16.792866,10.564370,-10.025281,1.463510,0.906801,0.171640,0.250565,-1.697075,16.847132,-39.886314,62.835735,14.525776,10.868232,2.894506,0.237268,-14.907609,41.116440,67.119652,-12.670192,11.186031,-9.797828
66.000000,-1723.522583,1417.495361,78.614960,-0.312150,-1.608708,-145.844642,-1.223853,2.239584,8.943167,13.739775,-10.748079,0.057150,2.001615,-4.005064,-16.805927,10.562191,-10.020700,1.462950,0.906459,0.168078,0.249842,-1.698525,16.849199,-39.881153,62.835510,14.527741,10.863748,2.895006,0.237278,-14.902482,41.111889,67.125237,-12.677054,11.186732,-9.789795
67.000000,-1723.523560,1417.495239,78.615036,-0.313526,-1.608316,-145.852624,-1.221026,2.240721,8.935861,13.740971,-10.751909,0.055142,1.999898,-4.005806,-16.815624,10.560194,-10.015924,1.462764,0.904723,0.167264,0.248664,-1.700271,16.850321,-39.876232,62.835293,14.529409,10.859153,2.895340,0.237532,-14.898626,41.107296,67.130676,-12.682831,11.187347,-9.781995
68.000000,-1723.525269,1417.495605,78.615158,-0.314524,-1.606900,-145.856861,-1.218385,2.240968,8.925290,13.738340,-10.753596,0.052512,1.998027,-4.007549,-16.831188,10.559007,-10.013558,1.462169,0.902914,0.162352,0.247716,-1.701455,16.852488,-39.869564,62.836830,14.528529,10.853636,2.896224,0.238157,-14.893129,41.102016,67.135834,-12.689404,11.187709,-9.774332
69.000000,-1723.527588,1417.496704,78.615295,-0.315148,-1.605086,-145.858139,-1.216751,2.241023,8.916075,13.735622,-10.754120,0.050497,1.996966,-4.008977,-16.844959,10.558205,-10.012547,1.461538,0.902331,0.155635,0.247587,-1.702038,16.854855,-39.862747,62.838493,14.527523,10.849400,2.896971,0.238576,-14.887645,41.098045,67.139626,-12.694962,11.188043,-9.768880
70.000000,-1723.530151,1417.498047,78.615433,-0.315650,-1.602936,-145.858098,-1.214913,2.241090,8.902566,13.731890,-10.754587,0.047609,1.995815,-4.010965,-16.865133,10.557014,-10.011417,1.460591,0.902250,0.144695,0.247980,-1.702543,16.858521,-39.851574,62.840996,14.526119,10.843565,2.898062,0.238980,-14.879320,41.092567,67.144783,-12.703131,11.188588,-9.761434
71.000000,-1723.533203,1417.499023,78.615562,-0.316161,-1.600398,-145.857851,-1.213459,2.241097,8.889251,13.728511,-10.755212,0.044622,1.994711,-4.012993,-16.885042,10.555668,-10.010260,1.459748,0.902348,0.134570,0.248575,-1.703042,16.862123,-39.841770,62.843216,14.524680,10.837865,2.899379,0.239205,-14.871486,41.087139,67.149719,-12.711301,11.189090,-9.753889
72.000000,-1723.536255,1417.499390,78.615662,-0.316706,-1.597479,-145.858042,-1.212244,2.241014,8.876516,13.725587,-10.756363,0.041657,1.993467,-4.015104,-16.904175,10.554119,-10.009052,1.459024,0.902256,0.126541,0.249063,-1.703689,16.865402,-39.834572,62.844963,14.523166,10.832200,2.900958,0.239330,-14.864713,41.081684,67.154495,-12.719364,11.189470,-9.745994
73.000000,-1723.539551,1417.499390,78.615730,-0.317223,-1.594320,-145.858793,-1.211064,2.240847,8.864372,13.722949,-10.758114,0.038798,1.992092,-4.017285,-16.922483,10.552432,-10.007954,1.458479,0.901843,0.120361,0.249602,-1.704350,16.868235,-39.827881,62.846321,14.521687,10.826559,2.902524,0.239566,-14.858603,41.076244,67.159302,-12.727348,11.189768,-9.737573
74.000000,-1723.542725,1417.499146,78.615776,-0.317668,-1.590921,-145.860092,-1.209876,2.240675,8.853175,13.720434,-10.760230,0.036129,1.990562,-4.019383,-16.939436,10.550726,-10.007073,1.458141,0.901317,0.115317,0.250313,-1.705053,16.870707,-39.821465,62.847424,14.520254,10.821083,2.904010,0.239828,-14.853065,41.070957,67.163887,-12.735024,11.189957,-9.729234
75.000000,-1723.546631,1417.498901,78.615814,-0.318070,-1.587085,-145.861867,-1.208572,2.240563,8.841682,13.717639,-10.762725,0.033416,1.988693,-4.021487,-16.956766,10.548927,-10.006329,1.457868,0.900683,0.110111,0.251234,-1.705853,16.873247,-39.814651,62.848522,14.518749,10.815292,2.905551,0.240075,-14.847277,41.065296,67.168732,-12.743101,11.190063,-9.720365
76.000000,-1723.550659,1417.498413,78.615829,-0.318432,-1.582926,-145.863902,-1.207599,2.240547,8.833493,13.715489,-10.764666,0.031449,1.987188,-4.022919,-16.969028,10.547667,-10.005941,1.457770,0.900193,0.106162,0.251927,-1.706462,16.875092,-39.809696,62.849350,14.517655,10.811139,2.906637,0.240238,-14.843037,41.061192,67.172226,-12.748890,11.190070,-9.713930
77.000000,-1723.555176,1417.497681,78.615837,-0.318776,-1.578352,-145.866067,-1.206298,2.240601,8.822617,13.712520,-10.767445,0.028706,1.985068,-4.024745,-16.985254,10.546034,-10.005645,1.457790,0.899551,0.100545,0.252827,-1.707310,16.877604,-39.803070,62.850529,14.516187,10.805661,2.908053,0.240464,-14.837274,41.055744,67.176880,-12.756554,11.189998,-9.705345
78.000000,-1723.559937,1417.496948,78.615829,-0.319138,-1.573503,-145.868224,-1.205086,2.240763,8.811817,13.709586,-10.770448,0.025814,1.982879,-4.026466,-17.001369,10.544429,-10.005550,1.457891,0.898917,0.094543,0.253760,-1.708250,16.880217,-39.796421,62.851669,14.514723,10.800225,2.909550,0.240698,-14.831364,41.050297,67.181465,-12.764173,11.189902,-9.696890
79.000000,-1723.565063,1417.495972,78.615814,-0.319622,-1.568169,-145.870562,-1.204020,2.241016,8.801346,13.706862,-10.773700,0.022890,1.980677,-4.028062,-17.017025,10.542770,-10.005480,1.458052,0.898345,0.088975,0.254760,-1.709176,16.882698,-39.789936,62.852730,14.513224,10.794853,2.911090,0.240908,-14.825758,41.044922,67.185844,-12.771688,11.189805,-9.688573
80.000000,-1723.570312,1417.494629,78.615776,-0.320175,-1.562796,-145.873026,-1.202986,2.241305,8.790718,13.704146,-10.777443,0.019836,1.978298,-4.029684,-17.032953,10.540934,-10.005431,1.458296,0.897795,0.083978,0.255858,-1.710097,16.885057,-39.783245,62.853752,14.511549,10.789207,2.912761,0.241095,-14.820338,41.039333,67.190285,-12.779499,11.189697,-9.679836
81.000000,-1723.575562,1417.492920,78.615730,-0.320800,-1.557019,-145.875846,-1.201999,2.241575,8.780645,13.701553,-10.781432,0.016898,1.975860,-4.031268,-17.048090,10.539044,-10.005411,1.458650,0.897277,0.079933,0.256957,-1.710952,16.887112,-39.776752,62.854675,14.509776,10.783625,2.914456,0.241249,-14.815465,41.033875,67.194557,-12.787117,11.189590,-9.671191
82.000000,-1723.580933,1417.491089,78.615677,-0.321439,-1.551067,-145.878944,-1.200999,2.241825,8.770927,13.698969,-10.785671,0.014045,1.973312,-4.032849,-17.062733,10.537119,-10.005457,1.459134,0.896767,0.076488,0.258053,-1.711771,16.888956,-39.770325,62.855537,14.507907,10.778032,2.916184,0.241376,-14.810860,41.028442,67.198792,-12.794698,11.189521,-9.662540
83.000000,-1723.586670,1417.489014,78.615608,-0.322085,-1.544882,-145.882290,-1.200228,2.242009,8.763793,13.697001,-10.788990,0.011950,1.971328,-4.034037,-17.073515,10.535671,-10.005552,1.459581,0.896378,0.074108,0.258868,-1.712373,16.890253,-39.765518,62.856159,14.506454,10.773835,2.917497,0.241458,-14.807468,41.024361,67.201981,-12.800389,11.189505,-9.656054
84.000000,-1723.592407,1417.486816,78.615532,-0.322725,-1.538600,-145.885767,-1.199203,2.242256,8.754726,13.694402,-10.793427,0.009286,1.968681,-4.035565,-17.087280,10.533815,-10.005764,1.460255,0.895867,0.071152,0.259907,-1.713143,16.891855,-39.759323,62.856945,14.504531,10.768429,2.919211,0.241556,-14.803129,41.019085,67.206131,-12.807741,11.189509,-9.647691
85.000000,-1723.598267,1417.484375,78.615440,-0.323389,-1.531967,-145.889519,-1.198091,2.242537,8.745359,13.691608,-10.798242,0.006514,1.965812,-4.037151,-17.101559,10.531885,-10.006085,1.461062,0.895324,0.068133,0.260972,-1.713938,16.893469,-39.752834,62.857758,14.502470,10.762782,2.921036,0.241656,-14.798614,41.013542,67.210510,-12.815452,11.189530,-9.638935
86.000000,-1723.604248,1417.481934,78.615349,-0.324043,-1.525443,-145.893293,-1.196982,2.242837,8.736397,13.688855,-10.803074,0.003827,1.962947,-4.038672,-17.115282,10.530008,-10.006469,1.461929,0.894790,0.065348,0.261962,-1.714690,16.894960,-39.746548,62.858543,14.500431,10.757316,2.922848,0.241749,-14.794274,41.008144,67.214798,-12.822956,11.189576,-9.630439
87.000000,-1723.610107,1417.479492,78.615250,-0.324710,-1.518843,-145.897201,-1.195858,2.243155,8.727624,13.686109,-10.808022,0.001160,1.960035,-4.040169,-17.128773,10.528127,-10.006891,1.462856,0.894254,0.062836,0.262889,-1.715409,16.896341,-39.740322,62.859306,14.498362,10.751887,2.924695,0.241838,-14.790036,41.002766,67.219093,-12.830446,11.189669,-9.622002
88.000000,-1723.615967,1417.476807,78.615150,-0.325417,-1.512096,-145.901272,-1.194724,2.243482,8.719002,13.683357,-10.813037,-0.001481,1.957078,-4.041656,-17.142092,10.526243,-10.007263,1.463848,0.893713,0.060746,0.263731,-1.716080,16.897568,-39.734154,62.860043,14.496227,10.746460,2.926604,0.241919,-14.785936,40.997375,67.223434,-12.837983,11.189837,-9.613573
89.000000,-1723.621948,1417.474121,78.615044,-0.326097,-1.505427,-145.905397,-1.193585,2.243793,8.710714,13.680645,-10.818028,-0.004053,1.954134,-4.043124,-17.154963,10.524393,-10.007670,1.464862,0.893187,0.058990,0.264479,-1.716699,16.898655,-39.728138,62.860756,14.494081,10.741153,2.928520,0.241997,-14.782009,40.992104,67.227730,-12.845397,11.190067,-9.605335
90.000000,-1723.627808,1417.471558,78.614944,-0.326756,-1.498712,-145.909652,-1.192666,2.244034,8.704337,13.678495,-10.821955,-0.006055,1.951803,-4.044274,-17.164904,10.522964,-10.008024,1.465671,0.892780,0.057692,0.265008,-1.717163,16.899462,-39.723461,62.861309,14.492380,10.737029,2.930037,0.242063,-14.778970,40.987988,67.231102,-12.851195,11.190273,-9.598917
91.000000,-1723.633911,1417.468872,78.614830,-0.327407,-1.491922,-145.914074,-1.191425,2.244354,8.696182,13.675659,-10.827064,-0.008641,1.948741,-4.045760,-17.177660,10.521148,-10.008522,1.466738,0.892252,0.056068,0.265619,-1.717741,16.900454,-39.717407,62.862030,14.490155,10.731719,2.932030,0.242156,-14.775058,40.982662,67.235504,-12.858713,11.190567,-9.590622
92.000000,-1723.640015,1417.466064,78.614716,-0.328051,-1.485141,-145.918616,-1.190111,2.244693,8.688114,13.672754,-10.832201,-0.011226,1.945627,-4.047236,-17.190317,10.519375,-10.009048,1.467822,0.891720,0.054489,0.266147,-1.718294,16.901402,-39.711357,62.862762,14.487913,10.726437,2.934060,0.242260,-14.771152,40.977325,67.239952,-12.866249,11.190882,-9.582325
93.000000,-1723.645996,1417.463379,78.614609,-0.328679,-1.478524,-145.923187,-1.188738,2.245048,8.680206,13.669822,-10.837306,-0.013793,1.942495,-4.048691,-17.202759,10.517658,-10.009573,1.468904,0.891187,0.052973,0.266582,-1.718819,16.902292,-39.705357,62.863495,14.485675,10.721232,2.936110,0.242374,-14.767293,40.972023,67.244392,-12.873732,11.191213,-9.574101
94.000000,-1723.651855,1417.460693,78.614502,-0.329319,-1.471894,-145.927886,-1.187339,2.245408,8.672610,13.666922,-10.842207,-0.016281,1.939425,-4.050096,-17.214733,10.516051,-10.010012,1.469961,0.890663,0.051579,0.266891,-1.719293,16.903105,-39.699543,62.864216,14.483482,10.716216,2.938146,0.242499,-14.763569,40.966877,67.248734,-12.881024,11.191555,-9.566113
95.000000,-1723.657593,1417.458130,78.614403,-0.329953,-1.465403,-145.932644,-1.185798,2.245798,8.664717,13.663842,-10.847346,-0.018900,1.936175,-4.051569,-17.227209,10.514399,-10.010457,1.471066,0.890115,0.050190,0.267113,-1.719762,16.903908,-39.693443,62.864998,14.481158,10.710979,2.940328,0.242643,-14.759669,40.961464,67.253334,-12.888710,11.191940,-9.557719
96.000000,-1723.663574,1417.455444,78.614304,-0.330592,-1.458962,-145.937545,-1.184239,2.246186,8.657200,13.660841,-10.852281,-0.021425,1.933017,-4.052988,-17.239132,10.512840,-10.010855,1.472121,0.889586,0.048928,0.267228,-1.720185,16.904634,-39.687561,62.865753,14.478895,10.705959,2.942472,0.242796,-14.755923,40.956238,67.257820,-12.896143,11.192341,-9.549628
97.000000,-1723.669067,1417.453003,78.614197,-0.331230,-1.452677,-145.942516,-1.183012,2.246486,8.651591,13.658559,-10.855976,-0.023323,1.930622,-4.054057,-17.248051,10.511692,-10.011118,1.472907,0.889186,0.048028,0.267253,-1.720485,16.905149,-39.683128,62.866329,14.477176,10.702197,2.944116,0.242920,-14.753107,40.952293,67.261223,-12.901761,11.192660,-9.543530
98.000000,-1723.674561,1417.450439,78.614105,-0.331869,-1.446545,-145.947574,-1.181320,2.246891,8.644266,13.655522,-10.860814,-0.025815,1.927448,-4.055469,-17.259727,10.510214,-10.011412,1.473930,0.888656,0.046902,0.267206,-1.720856,16.905787,-39.677280,62.867100,14.474890,10.697259,2.946320,0.243094,-14.749402,40.947083,67.265732,-12.909188,11.193105,-9.535484
99.000000,-1723.679932,1417.447998,78.614014,-0.332509,-1.440600,-145.952692,-1.179589,2.247298,8.637232,13.652542,-10.865464,-0.028219,1.924350,-4.056840,-17.270969,10.508823,-10.011626,1.474907,0.888136,0.045873,0.267078,-1.721191,16.906359,-39.671597,62.867859,14.472652,10.692495,2.948500,0.243277,-14.745811,40.942005,67.270157,-12.916414,11.193560,-9.527669
100.000000,-1723.685059,1417.445679,78.613937,-0.333145,-1.434891,-145.957837,-1.177697,2.247734,8.629993,13.649416,-10.870245,-0.030703,1.921116,-4.058267,-17.282570,10.507423,-10.011765,1.475906,0.887589,0.044867,0.266861,-1.721512,16.906908,-39.665684,62.868656,14.470308,10.687572,2.950810,0.243481,-14.742082,40.936718,67.274803,-12.923949,11.194056,-9.519536
101.000000,-1723.690186,1417.443359,78.613861,-0.333813,-1.429197,-145.963199,-1.175755,2.248167,8.623017,13.646336,-10.874785,-0.033094,1.917967,-4.059659,-17.293770,10.506126,-10.011759,1.476862,0.887048,0.043974,0.266553,-1.721791,16.907389,-39.659924,62.869450,14.467999,10.682814,2.953111,0.243692,-14.738470,40.931561,67.279373,-12.931316,11.194565,-9.511605
102.000000,-1723.695190,1417.441040,78.613785,-0.334483,-1.423700,-145.968645,-1.173729,2.248606,8.616152,13.643252,-10.879231,-0.035454,1.914836,-4.061049,-17.304821,10.504881,-10.011669,1.477792,0.886511,0.043159,0.266167,-1.722041,16.907822,-39.654198,62.870243,14.465677,10.678108,2.955445,0.243914,-14.734887,40.926418,67.283958,-12.938672,11.195101,-9.503711
103.000000,-1723.699951,1417.438843,78.613724,-0.335140,-1.418516,-145.974056,-1.172157,2.248937,8.611087,13.640945,-10.882489,-0.037198,1.912503,-4.062089,-17.312994,10.503982,-10.011539,1.478466,0.886109,0.042599,0.265833,-1.722210,16.908113,-39.649921,62.870834,14.463929,10.674622,2.957211,0.244086,-14.732222,40.922577,67.287392,-12.944170,11.195517,-9.497826
104.000000,-1723.704590,1417.436890,78.613670,-0.335809,-1.413474,-145.979622,-1.170042,2.249373,8.604602,13.637947,-10.886629,-0.039433,1.909487,-4.063439,-17.323484,10.502858,-10.011284,1.479312,0.885588,0.041935,0.265348,-1.722408,16.908453,-39.644394,62.871616,14.461651,10.670135,2.959531,0.244318,-14.728783,40.917599,67.291870,-12.951298,11.196075,-9.490212
105.000000,-1723.708740,1417.434937,78.613625,-0.336471,-1.408714,-145.985188,-1.167732,2.249837,8.597908,13.634800,-10.890855,-0.041736,1.906341,-4.064852,-17.334337,10.501736,-10.010905,1.480162,0.885036,0.041312,0.264784,-1.722592,16.908762,-39.638615,62.872429,14.459250,10.665483,2.961991,0.244570,-14.725203,40.912388,67.296585,-12.958751,11.196682,-9.482268
106.000000,-1723.712891,1417.432983,78.613571,-0.337151,-1.404059,-145.990968,-1.165381,2.250299,8.591472,13.631724,-10.894863,-0.043948,1.903286,-4.066231,-17.344797,10.500694,-10.010415,1.480953,0.884494,0.040775,0.264182,-1.722748,16.909019,-39.632988,62.873234,14.456892,10.660988,2.964425,0.244825,-14.721729,40.907303,67.301201,-12.966017,11.197295,-9.474541
107.000000,-1723.716919,1417.431152,78.613541,-0.337830,-1.399693,-145.996720,-1.162930,2.250764,8.585130,13.628627,-10.898715,-0.046119,1.900263,-4.067610,-17.355120,10.499725,-10.009778,1.481707,0.883949,0.040325,0.263535,-1.722876,16.909225,-39.627384,62.874031,14.454515,10.656545,2.966899,0.245085,-14.718288,40.902225,67.305832,-12.973276,11.197931,-9.466841
108.000000,-1723.720947,1417.429443,78.613518,-0.338519,-1.395485,-146.002635,-1.160400,2.251228,8.578917,13.625542,-10.902419,-0.048241,1.897283,-4.068983,-17.365253,10.498816,-10.009039,1.482417,0.883409,0.039950,0.262858,-1.722983,16.909386,-39.621838,62.874832,14.452129,10.652170,2.969389,0.245348,-14.714894,40.897190,67.310455,-12.980484,11.198585,-9.459215
109.000000,-1723.724609,1417.427856,78.613503,-0.339206,-1.391512,-146.008610,-1.158484,2.251571,8.574417,13.623276,-10.905056,-0.049777,1.895109,-4.069992,-17.372608,10.498183,-10.008424,1.482910,0.883014,0.039720,0.262346,-1.723049,16.909477,-39.617767,62.875420,14.450364,10.648986,2.971236,0.245543,-14.712417,40.893494,67.313850,-12.985771,11.199077,-9.453638
110.000000,-1723.728027,1417.426270,78.613487,-0.339882,-1.387818,-146.014565,-1.155751,2.252051,8.568267,13.620133,-10.908591,-0.051871,1.892118,-4.071390,-17.382675,10.497353,-10.007472,1.483555,0.882467,0.039462,0.261621,-1.723125,16.909573,-39.612148,62.876225,14.447904,10.644613,2.973817,0.245816,-14.709008,40.888378,67.318565,-12.993077,11.199776,-9.445946
111.000000,-1723.731201,1417.424927,78.613487,-0.340558,-1.384342,-146.020586,-1.152983,2.252527,8.562334,13.617050,-10.911923,-0.053886,1.889208,-4.072759,-17.392406,10.496593,-10.006419,1.484141,0.881926,0.039275,0.260899,-1.723183,16.909624,-39.606655,62.877003,14.445478,10.640373,2.976372,0.246086,-14.705690,40.883369,67.323189,-13.000216,11.200476,-9.438445
112.000000,-1723.734253,1417.423584,78.613503,-0.341253,-1.380989,-146.026842,-1.150123,2.253010,8.556485,13.613960,-10.915130,-0.055866,1.886315,-4.074127,-17.402018,10.495886,-10.005246,1.484683,0.881384,0.039155,0.260171,-1.723226,16.909639,-39.601173,62.877781,14.443039,10.636170,2.978954,0.246358,-14.702394,40.878361,67.327835,-13.007344,11.201191,-9.430974
113.000000,-1723.737305,1417.422241,78.613510,-0.341952,-1.377856,-146.033152,-1.147167,2.253493,8.550724,13.610845,-10.918184,-0.057810,1.883458,-4.075495,-17.411493,10.495244,-10.003945,1.485180,0.880839,0.039114,0.259452,-1.723253,16.909616,-39.595718,62.878559,14.440571,10.632011,2.981568,0.246626,-14.699133,40.873360,67.332474,-13.014460,11.201923,-9.423536
114.000000,-1723.740234,1417.421143,78.613541,-0.342654,-1.374906,-146.039584,-1.144216,2.253962,8.545215,13.607811,-10.921019,-0.059665,1.880708,-4.076825,-17.420568,10.494671,-10.002584,1.485620,0.880315,0.039138,0.258767,-1.723267,16.909557,-39.590431,62.879311,14.438151,10.628011,2.984130,0.246883,-14.695994,40.868511,67.336983,-13.021351,11.202648,-9.416351
115.000000,-1723.742676,1417.420044,78.613571,-0.343327,-1.372259,-146.045846,-1.141019,2.254459,8.539488,13.604600,-10.923882,-0.061590,1.877824,-4.078230,-17.430019,10.494114,-10.001042,1.486039,0.879765,0.039227,0.258064,-1.723272,16.909466,-39.584862,62.880096,14.435578,10.623825,2.986857,0.247151,-14.692704,40.863396,67.341736,-13.028611,11.203429,-9.408805
116.000000,-1723.744995,1417.419189,78.613609,-0.344008,-1.369759,-146.052263,-1.138627,2.254824,8.535357,13.602242,-10.925888,-0.062977,1.875727,-4.079257,-17.436848,10.493738,-9.999846,1.486315,0.879364,0.039333,0.257568,-1.723269,16.909378,-39.580799,62.880672,14.433676,10.620787,2.988866,0.247343,-14.690317,40.859653,67.345207,-13.033908,11.204008,-9.403312
117.000000,-1723.747314,1417.418213,78.613655,-0.344695,-1.367412,-146.058826,-1.135388,2.255311,8.529950,13.599105,-10.928445,-0.064789,1.872959,-4.080619,-17.445795,10.493281,-9.998172,1.486644,0.878834,0.039526,0.256936,-1.723259,16.909235,-39.575420,62.881409,14.431141,10.616788,2.991548,0.247594,-14.687168,40.854691,67.349823,-13.040916,11.204785,-9.396062
118.000000,-1723.749512,1417.417480,78.613708,-0.345372,-1.365266,-146.065363,-1.132082,2.255803,8.524634,13.595963,-10.930881,-0.066567,1.870209,-4.081975,-17.454603,10.492870,-9.996402,1.486933,0.878302,0.039776,0.256339,-1.723242,16.909065,-39.570065,62.882145,14.428593,10.612833,2.994241,0.247839,-14.684052,40.849743,67.354408,-13.047886,11.205570,-9.388863
119.000000,-1723.751465,1417.416626,78.613777,-0.346051,-1.363279,-146.071966,-1.128754,2.256284,8.519484,13.592838,-10.933154,-0.068288,1.867526,-4.083308,-17.463142,10.492520,-9.994570,1.487179,0.877778,0.040086,0.255801,-1.723220,16.908869,-39.564816,62.882851,14.426063,10.608976,2.996915,0.248070,-14.681022,40.844879,67.358917,-13.054725,11.206349,-9.381817
120.000000,-1723.753418,1417.416138,78.613838,-0.346728,-1.361432,-146.078658,-1.125227,2.256785,8.514206,13.589572,-10.935408,-0.070050,1.864746,-4.084693,-17.471907,10.492196,-9.992583,1.487397,0.877237,0.040465,0.255288,-1.723192,16.908640,-39.559368,62.883579,14.423407,10.604997,2.999714,0.248301,-14.677893,40.839825,67.363609,-13.061816,11.207169,-9.374526
121.000000,-1723.755127,1417.415405,78.613922,-0.347398,-1.359729,-146.085398,-1.121714,2.257275,8.509126,13.586360,-10.937506,-0.071748,1.862033,-4.086048,-17.480354,10.491917,-9.990564,1.487574,0.876712,0.040889,0.254837,-1.723162,16.908392,-39.554050,62.884277,14.420790,10.601136,3.002466,0.248518,-14.674860,40.834877,67.368172,-13.068729,11.207976,-9.367435
122.000000,-1723.756592,1417.414917,78.613998,-0.348070,-1.358137,-146.092258,-1.118151,2.257766,8.504135,13.583134,-10.939506,-0.073420,1.859329,-4.087399,-17.488668,10.491673,-9.988477,1.487716,0.876192,0.041363,0.254439,-1.723131,16.908125,-39.548748,62.884960,14.418153,10.597311,3.005228,0.248725,-14.671855,40.829945,67.372734,-13.075611,11.208790,-9.360397
123.000000,-1723.758179,1417.414429,78.614082,-0.348726,-1.356687,-146.099065,-1.115443,2.258134,8.500444,13.580700,-10.940944,-0.074659,1.857303,-4.088409,-17.494822,10.491515,-9.986868,1.487801,0.875805,0.041750,0.254176,-1.723106,16.907911,-39.544781,62.885471,14.416163,10.594463,3.007306,0.248873,-14.669620,40.826248,67.376137,-13.080755,11.209404,-9.355147
124.000000,-1723.759521,1417.413940,78.614166,-0.349386,-1.355327,-146.105989,-1.111899,2.258612,8.495735,13.577536,-10.942734,-0.076242,1.854681,-4.089714,-17.502686,10.491337,-9.984736,1.487888,0.875306,0.042290,0.253883,-1.723074,16.907618,-39.539661,62.886116,14.413575,10.590804,3.010003,0.249057,-14.666751,40.821472,67.380531,-13.087385,11.210201,-9.348392
125.000000,-1723.760742,1417.413574,78.614265,-0.350037,-1.354071,-146.112905,-1.108081,2.259125,8.490795,13.574149,-10.944563,-0.077906,1.851886,-4.091096,-17.510941,10.491178,-9.982405,1.487954,0.874776,0.042911,0.253629,-1.723041,16.907288,-39.534225,62.886784,14.410804,10.586941,3.012882,0.249242,-14.663718,40.816383,67.385193,-13.094413,11.211052,-9.341242
126.000000,-1723.762085,1417.413330,78.614357,-0.350680,-1.352906,-146.119809,-1.104694,2.259577,8.486534,13.571161,-10.946102,-0.079347,1.849431,-4.092304,-17.518072,10.491064,-9.980313,1.487991,0.874312,0.043495,0.253459,-1.723014,16.906982,-39.529469,62.887360,14.408361,10.583580,3.015414,0.249396,-14.661086,40.811932,67.389267,-13.100544,11.211800,-9.335013
127.000000,-1723.763306,1417.413086,78.614464,-0.351335,-1.351782,-146.126941,-1.101745,2.260087,8.481363,13.567651,-10.947868,-0.081027,1.845299,-4.093830,-17.526697,10.491129,-9.977769,1.488014,0.873789,0.044363,0.252337,-1.722849,16.906504,-39.523754,62.888268,14.405134,10.579568,3.018474,0.249558,-14.657944,40.806564,67.394592,-13.107837,11.212796,-9.327129
128.000000,-1723.761719,1417.408813,78.615036,-0.352738,-1.199413,-146.119741,-1.268098,2.255058,8.462883,13.582069,-10.944115,-0.076260,1.676749,-4.105484,-17.551420,10.516124,-9.979673,1.487921,0.878459,0.062854,0.112842,-1.703678,16.892366,-39.522160,62.921352,14.365293,10.578923,3.020343,0.247258,-14.657413,40.802349,67.459961,-13.101450,11.227188,-9.263421
129.000000,-1723.742432,1417.406982,78.618454,-0.344634,-1.028338,-146.094965,-1.468137,2.223635,8.429279,13.545931,-10.898829,-0.061167,1.466664,-4.136795,-17.593662,10.529394,-9.968842,1.490767,0.893153,0.116701,0.039819,-1.702204,16.871561,-39.521618,62.940189,14.257384,10.582565,3.047117,0.147151,-14.659545,40.789455,67.579399,-13.051538,11.290372,-9.180929
130.000000,-1723.709839,1417.402222,78.623299,-0.332756,-0.828683,-146.068957,-1.707610,2.174625,8.399741,13.487897,-10.825818,-0.031723,1.201403,-4.185533,-17.629446,10.558040,-9.947202,1.493721,0.900064,0.218548,0.018784,-1.705031,16.826269,-39.523193,62.943810,14.138311,10.619369,3.119394,-0.060730,-14.664798,40.743622,67.750267,-13.004717,11.424757,-9.089796
131.000000,-1723.670898,1417.389160,78.627213,-0.331639,-0.646572,-146.024510,-1.873185,2.143620,8.371914,13.471625,-10.785238,-0.004757,1.035692,-4.215402,-17.658243,10.569366,-9.922431,1.495303,0.872028,0.324282,0.039237,-1.711818,16.781189,-39.542522,62.940701,14.038113,10.686537,3.184053,-0.238549,-14.684360,40.695980,67.856567,-12.980208,11.524086,-9.051593
132.000000,-1723.633911,1417.365601,78.627571,-0.341978,-0.491512,-146.007973,-2.125111,2.108785,8.341848,13.510963,-10.762457,0.043474,0.791214,-4.258303,-17.685743,10.620689,-9.896675,1.500720,0.816642,0.551447,0.104715,-1.719781,16.713497,-39.602596,62.875065,13.843302,10.852053,3.254663,-0.508571,-14.750235,40.595840,67.960754,-12.940629,11.655968,-9.031874
133.000000,-1723.604370,1417.326660,78.624832,-0.345542,-0.349214,-145.958659,-2.363672,2.074359,8.322833,13.626111,-10.787815,0.114721,0.608185,-4.306948,-17.716789,10.650997,-9.880010,1.541393,0.739271,0.815941,0.168092,-1.715126,16.686272,-39.783417,62.703552,13.605752,10.981853,3.259186,-0.711809,-14.856159,40.487244,67.969460,-12.954932,11.795691,-9.011367
134.000000,-1723.582642,1417.260986,78.619438,-0.349070,-0.201186,-145.909647,-2.601434,2.017457,8.297565,13.779158,-10.848327,0.210401,0.469968,-4.378216,-17.766426,10.653213,-9.880064,1.624308,0.578195,1.095254,0.175078,-1.710146,16.691788,-40.145241,62.652828,13.185317,11.037133,3.241650,-0.869820,-14.952204,40.366592,67.958595,-13.025736,11.951408,-9.011104
135.000000,-1723.562378,1417.173340,78.611832,-0.371705,-0.042936,-145.824812,-2.881729,1.958623,8.238440,13.994386,-10.960361,0.304888,0.336829,-4.445005,-17.828049,10.633325,-9.879902,1.717275,0.404069,1.441856,0.158531,-1.679655,16.699921,-40.522949,62.565556,12.716142,11.048605,3.114854,-0.987923,-15.066756,40.189739,67.900406,-13.156554,12.110958,-9.014535
136.000000,-1723.540527,1417.064209,78.599968,-0.410253,0.129284,-145.695527,-3.177405,1.898396,8.131228,14.257108,-11.101150,0.395097,0.226023,-4.512396,-17.930264,10.621554,-9.891905,1.809341,0.231602,1.771077,0.139177,-1.650587,16.702112,-40.786877,62.476059,12.388700,11.052925,2.906469,-1.065214,-15.214263,40.029800,67.805115,-13.311696,12.262457,-9.012774
137.000000,-1723.521484,1416.936890,78.587433,-0.438046,0.234931,-145.604757,-3.426544,1.808499,8.043549,14.533884,-11.283724,0.521591,0.151139,-4.614782,-18.016777,10.637097,-9.932054,1.945784,0.107827,2.164552,0.185033,-1.626119,16.687456,-40.998508,62.368347,12.045650,11.054253,2.591332,-1.157221,-15.391923,39.793575,67.711647,-13.394107,12.391249,-9.013804
138.000000,-1723.494507,1416.777466,78.562378,-0.418115,0.334939,-145.550062,-3.604588,1.699213,8.044717,14.778722,-11.446469,0.676972,0.005515,-4.781871,-18.048471,10.877680,-10.085357,2.099271,0.097630,2.394854,0.211182,-1.617722,16.693598,-41.182716,62.293644,11.754057,11.052405,2.391521,-1.218541,-15.525761,39.704029,67.652740,-13.399747,12.475530,-9.026834
139.000000,-1723.442993,1416.565674,78.520851,-0.400581,0.432771,-145.480416,-3.912569,1.536270,8.122183,15.341975,-11.781013,0.941742,-0.279200,-5.099944,-18.079548,11.478891,-10.423105,2.354235,0.139383,2.732812,0.291857,-1.585074,16.776003,-41.528351,62.046856,11.252749,11.045353,2.129766,-1.317104,-15.765803,39.628841,67.468758,-13.369925,12.565843,-9.063210
140.000000,-1723.372437,1416.276245,78.471283,-0.373167,0.505868,-145.421548,-4.249191,1.321642,8.307632,16.036402,-12.183458,1.265267,-0.596122,-5.523324,-18.104977,12.234367,-10.838587,2.672687,0.137779,3.167604,0.368316,-1.444023,16.853018,-41.818764,61.713474,10.793388,11.025468,1.702026,-1.467162,-16.114414,39.475758,67.214867,-13.359848,12.677264,-9.117047
141.000000,-1723.299072,1415.921387,78.415001,-0.330576,0.571728,-145.426541,-4.386562,1.130591,9.044987,16.488585,-12.627249,1.631078,-0.876050,-5.980347,-18.041784,12.977425,-11.255185,3.037151,0.201980,3.619274,0.385958,-1.245016,16.889481,-42.018242,61.418137,10.292368,11.018368,1.246443,-1.573482,-16.495358,39.364906,66.903992,-13.294593,12.717175,-9.236393
142.000000,-1723.219849,1415.478516,78.348236,-0.199708,0.637835,-145.411897,-4.347818,0.749427,10.198456,16.705982,-13.002024,2.122133,-1.267559,-6.718538,-17.919115,14.064926,-11.886263,3.559496,0.359507,4.103827,0.352210,-0.938687,17.017195,-42.219009,60.943214,9.565682,11.011596,0.731067,-1.650450,-16.993443,39.341808,66.392235,-13.121636,12.760158,-9.465529
143.000000,-1723.134766,1414.983154,78.259438,0.022334,0.689798,-145.075451,-4.192497,0.184728,11.411675,16.695320,-13.273774,2.764103,-1.664369,-7.687698,-18.046692,15.434722,-12.714208,4.111794,0.348938,4.429008,0.304227,-0.715639,17.309858,-42.336548,60.383774,8.826018,11.005239,0.219068,-1.662271,-17.537258,39.337631,65.602753,-12.916562,12.781916,-9.693741
144.000000,-1723.056396,1414.429321,78.146866,0.281864,0.714287,-144.563012,-3.843972,-0.457191,12.971160,16.435511,-13.569737,3.454473,-1.978518,-8.797017,-18.320944,16.912508,-13.631240,4.719125,0.301294,4.666729,0.211141,-0.651770,17.733042,-42.397343,59.916008,7.895999,10.998633,-0.297646,-1.668244,-18.096992,39.303688,64.819336,-12.656754,12.734744,-9.944069
145.000000,-1722.990479,1413.818481,78.016296,0.641181,0.663118,-144.232359,-3.195047,-1.393230,13.967071,15.773946,-13.698081,3.937934,-2.332989,-10.094903,-18.369246,18.660797,-14.672296,5.367825,0.428441,4.754235,0.098999,-0.645115,18.336977,-42.595585,59.528374,6.969430,10.993785,-0.753876,-1.780714,-18.589209,39.274899,64.205116,-12.381809,12.594916,-10.276100
146.000000,-1722.925781,1413.160889,77.870331,0.997348,0.513746,-144.038580,-2.593943,-2.333107,14.130269,15.364814,-13.916934,4.449797,-2.527764,-11.243653,-18.236315,20.134375,-15.532810,5.950104,0.637306,4.781411,0.067255,-0.642210,18.952930,-42.802959,59.259140,6.268124,10.996181,-1.091629,-2.026288,-18.937094,39.276180,63.851418,-12.055461,12.435400,-10.639471
147.000000,-1722.857422,1412.448608,77.683624,1.421173,0.401703,-143.849481,-1.979969,-3.568454,14.246473,15.062194,-14.290434,5.134915,-2.891814,-12.781832,-18.016773,22.153997,-16.681755,6.710667,0.814632,4.732773,-0.056698,-0.593852,19.730492,-42.918747,59.004524,5.558808,11.020095,-1.466609,-2.360186,-19.317938,39.276569,63.440235,-11.703455,12.260417,-11.139956
148.000000,-1722.778076,1411.735229,77.447441,1.916988,0.355306,-143.582165,-1.694212,-4.501608,14.276185,14.992469,-14.638399,5.585150,-3.346880,-13.989900,-17.839466,23.870346,-17.607315,7.224089,0.748756,4.615645,-0.199815,-0.515059,20.324976,-42.970478,58.774551,5.179865,11.147849,-1.699599,-2.609595,-19.544821,39.186970,63.091923,-11.589752,12.112296,-11.511673
149.000000,-1722.653931,1411.009766,77.193436,2.316813,0.237155,-143.271289,-1.396815,-5.696248,14.253441,15.148190,-15.230017,6.130109,-4.192697,-15.671667,-17.593973,26.726484,-18.740997,7.783442,0.388125,4.517668,-0.224377,-0.411371,21.164249,-43.116283,58.191097,4.780086,11.477763,-2.010469,-3.015798,-19.863764,38.884010,62.556175,-11.520986,11.816331,-12.034876
150.000000,-1722.480591,1410.259766,76.989296,2.420750,-0.080352,-142.779481,-1.029275,-6.647824,13.968127,15.592711,-15.923166,6.740331,-5.464990,-17.318682,-17.290113,30.908663,-19.031227,8.138680,-0.203609,4.834132,0.072745,-0.504874,21.906168,-43.320854,57.375233,4.489003,11.866138,-2.431816,-3.470561,-20.333584,38.526768,62.116619,-11.495885,11.413506,-12.621161
151.000000,-1722.297607,1409.497925,76.830452,2.328300,-0.450639,-141.893262,-0.671467,-7.339251,13.284940,16.060129,-16.473248,7.320467,-7.127012,-18.536573,-16.301176,35.777428,-18.404070,7.453303,-0.895366,5.345863,0.435074,-0.910217,22.485483,-43.406956,56.424206,4.405787,12.240695,-2.958087,-3.693466,-20.802412,38.119698,62.009151,-11.482944,10.977872,-13.200644
152.000000,-1722.166992,1408.723755,76.706375,2.139643,-0.776502,-140.527096,-0.227606,-8.131537,11.912500,16.547638,-17.020685,8.021613,-9.098154,-19.603601,-14.593957,41.470078,-16.629166,6.071623,-1.880251,5.998674,0.691876,-1.788505,23.182001,-43.481361,55.045647,4.397978,12.600646,-3.561913,-3.503154,-21.453138,37.749249,61.990227,-11.323816,10.598064,-13.817647
153.000000,-1722.104858,1408.000122,76.566772,2.136112,-0.915396,-139.252179,0.151090,-9.007137,10.635539,16.687885,-17.358267,8.690328,-11.244205,-20.382198,-12.791178,46.470795,-14.657123,4.237581,-2.660968,6.223074,0.644131,-2.902772,23.956450,-43.696728,53.673775,4.402296,12.707274,-3.950968,-3.026575,-21.975258,37.411896,61.990520,-10.749019,10.356769,-14.199487
154.000000,-1722.084839,1407.315552,76.418022,2.125218,-0.954082,-138.300370,0.452338,-9.751705,9.686674,16.833712,-17.749071,9.328440,-13.614773,-20.485466,-11.224414,50.417591,-14.973495,2.936853,-3.303531,6.255447,0.601883,-4.212647,24.615213,-43.809734,52.637836,4.405975,12.712693,-4.197495,-2.545665,-22.402245,36.950283,61.993763,-10.266292,10.096104,-14.444504
155.000000,-1722.085815,1406.652222,76.286163,1.946779,-1.058706,-137.415901,0.757068,-10.258535,8.765623,17.248112,-18.321457,9.934628,-16.125065,-19.951759,-10.642247,53.424030,-16.767834,1.967803,-4.084593,6.365544,0.844391,-5.955561,25.109842,-43.968288,51.869118,4.397993,12.740628,-4.368768,-2.083454,-22.947432,36.557487,61.974846,-9.904920,9.744948,-14.657218
156.000000,-1722.136475,1405.989380,76.185295,1.668826,-1.203580,-136.648153,1.172418,-10.522230,8.018745,17.533875,-18.812868,10.312968,-18.240314,-18.979059,-10.782301,55.102783,-18.030340,1.284903,-4.843863,6.517679,1.197657,-7.620507,25.389856,-44.197826,51.277298,4.296834,12.759822,-4.467353,-1.582993,-23.509533,36.297737,61.950939,-9.504301,9.385530,-14.837500
157.000000,-1722.257080,1405.291504,76.111580,1.260950,-1.297910,-135.911510,1.599523,-10.628716,7.333172,17.772263,-19.290466,10.590803,-20.068472,-17.732500,-11.261739,55.926430,-18.811302,0.780684,-5.520420,6.738410,1.477458,-9.197039,25.488134,-44.346794,50.739880,4.078912,12.817786,-4.574058,-0.894750,-24.098524,36.075951,61.863411,-8.983521,9.076770,-15.011911
158.000000,-1722.445068,1404.559082,76.051178,0.740497,-1.266662,-135.263018,2.040104,-10.560599,6.576191,18.116711,-19.927118,10.811023,-21.997053,-15.952956,-12.360917,55.927292,-19.278297,0.283128,-6.131493,7.092562,1.651973,-11.118135,25.474274,-44.456367,49.966869,3.688640,12.906560,-4.761812,0.343680,-24.903460,35.815815,61.492332,-8.294447,8.811664,-15.189567
159.000000,-1722.684692,1403.773682,76.010162,0.064216,-1.205218,-134.779633,2.489214,-10.232368,6.025454,18.468182,-20.636137,10.884301,-23.498829,-14.098726,-14.178138,54.878826,-19.305859,-0.128606,-6.473728,7.665873,1.727235,-13.069897,25.387438,-44.657383,49.190067,3.190169,12.903382,-4.923029,1.816259,-25.781010,35.591736,60.880260,-7.722051,8.728235,-15.317060
160.000000,-1722.983398,1402.937500,75.972275,-0.623996,-1.083238,-134.384145,3.051604,-9.812454,5.523330,18.643641,-21.325323,10.891501,-24.545498,-12.144382,-16.369547,52.636700,-19.032526,-0.534076,-6.735381,8.352900,1.705505,-15.157813,25.236076,-44.912472,48.633099,2.448609,12.831399,-5.008579,3.333183,-26.635536,35.496563,60.330914,-6.948742,8.665174,-15.409684
161.000000,-1723.338135,1402.091431,75.917923,-1.207251,-0.866982,-134.145343,3.663482,-9.442943,5.181040,18.565805,-21.906523,10.815486,-25.192638,-10.231632,-18.454391,49.526752,-18.291098,-1.015641,-7.044842,8.953384,1.521265,-16.940380,25.233486,-45.172699,48.033161,1.756660,12.762829,-5.013496,4.555063,-27.183563,35.283604,60.135052,-6.141672,8.641396,-15.442251
162.000000,-1723.726685,1401.239502,75.817978,-1.584228,-0.765124,-133.747258,4.241589,-9.238079,5.070811,18.778418,-22.472145,10.614326,-25.353086,-8.624611,-20.479219,46.106468,-17.231583,-1.693333,-7.628336,9.298757,1.450430,-18.599297,25.387886,-45.406105,47.318474,0.942518,12.758307,-4.994722,5.420987,-27.534019,35.148701,60.110157,-5.460584,8.642900,-15.449093
163.000000,-1724.144775,1400.373169,75.678459,-1.668515,-0.757303,-133.390816,4.731010,-9.259233,5.505186,19.444490,-22.891966,10.353525,-25.186802,-7.293491,-21.941223,42.787586,-15.814008,-2.679027,-8.311380,9.339928,1.461069,-20.194635,25.472336,-45.634537,46.767841,-0.000883,12.758526,-4.912611,6.067406,-27.803135,35.139977,60.100887,-4.888295,8.666781,-15.451438
164.000000,-1724.581543,1399.505249,75.521683,-1.503859,-0.872354,-133.148038,4.994415,-9.495346,6.229383,20.851395,-23.093540,10.113041,-24.800522,-6.275478,-22.931753,39.949501,-14.162826,-3.910583,-8.857583,9.162395,1.510983,-21.481216,25.415413,-45.728851,46.164658,-0.639424,12.755241,-4.744389,6.586572,-28.042774,35.258785,60.097164,-4.282665,8.705564,-15.452693
165.000000,-1725.085815,1398.569458,75.340691,-1.149550,-1.116360,-133.097741,5.104397,-9.830991,7.400038,23.086123,-23.083162,9.751392,-24.211119,-5.428730,-23.446785,37.788223,-12.664373,-5.474615,-9.157458,8.821259,1.525278,-22.372759,25.179482,-45.677719,45.376484,-0.907953,12.677333,-4.456475,7.123694,-28.278204,35.593678,60.097580,-3.672910,8.809025,-15.450341
166.000000,-1725.650757,1397.580933,75.137688,-0.725885,-1.356263,-133.157806,4.997445,-9.987385,9.296145,25.862276,-22.964832,8.975132,-23.491753,-4.898400,-23.761320,36.516842,-11.657898,-6.963040,-9.265293,8.494653,1.322170,-22.693979,24.643490,-45.383831,44.802765,-0.947452,12.350236,-4.163738,7.682991,-28.484610,35.984715,60.097069,-3.175199,8.966370,-15.419566
167.000000,-1726.254028,1396.542603,74.907852,-0.241997,-1.681597,-132.888499,4.697235,-10.008999,10.770246,28.608383,-22.900591,7.715090,-22.620359,-4.925462,-23.977266,35.807693,-10.545537,-8.330861,-9.501709,8.233929,1.106915,-22.729904,24.052685,-45.147030,44.661564,-0.909615,11.993195,-3.979887,8.098402,-28.632524,36.284634,60.051403,-2.792256,9.141294,-15.383918
168.000000,-1726.746582,1395.463867,74.794762,-0.389261,-1.924285,-132.946450,3.888339,-9.512830,12.293771,33.062302,-22.703249,5.082287,-21.381008,-5.039978,-23.594900,36.127220,-13.113960,-8.769652,-9.661523,8.619839,0.888493,-22.621214,22.813932,-44.983280,44.903728,-0.766442,11.518655,-3.701093,8.434791,-29.068682,36.690125,59.933193,-2.258320,9.460829,-15.347978
169.000000,-1727.156860,1394.395020,74.864647,-0.799990,-2.276859,-133.405898,2.883448,-8.673018,12.716811,37.682480,-21.536045,2.298702,-20.343277,-4.652236,-23.148836,36.645687,-14.395752,-8.297092,-9.377291,9.746717,1.174471,-22.340288,21.331245,-44.818199,45.427994,-0.641413,11.045845,-3.473066,8.193381,-29.546616,36.992207,59.868763,-1.746793,9.820832,-15.335054
170.000000,-1727.557983,1393.479736,75.063965,-0.785817,-2.538574,-133.776928,1.671683,-8.146334,12.826292,42.053993,-19.980305,0.241076,-19.167620,-4.531860,-22.517618,36.618328,-15.153988,-7.772442,-9.065179,10.270944,1.472481,-21.772385,20.014410,-44.648418,46.091038,-0.522610,10.519945,-3.362597,7.593131,-29.577425,37.215244,59.860889,-1.358150,10.108183,-15.334538
171.000000,-1728.004639,1392.682129,75.394989,-0.359736,-2.592506,-133.873830,0.322181,-7.375043,12.795287,44.912731,-20.583048,-0.405326,-18.052916,-4.905739,-21.991156,36.092701,-15.574145,-7.247561,-9.002968,9.970401,1.445231,-20.869169,18.944460,-44.300938,47.063557,-0.183149,9.932487,-3.317438,6.901291,-29.134686,37.298901,59.855171,-1.393468,10.178229,-15.332223
172.000000,-1728.463135,1392.007690,75.840027,0.206498,-2.616538,-133.986777,-1.074460,-5.983096,12.782843,46.527637,-22.282976,-0.433173,-16.757341,-5.301393,-21.450415,34.823795,-15.543235,-6.760864,-8.959804,9.168208,1.396838,-19.693033,18.199720,-43.804996,48.093185,0.367458,9.410558,-3.226892,6.135789,-28.373817,37.237789,59.845615,-1.681164,10.136449,-15.328569
173.000000,-1728.913696,1391.418701,76.355286,0.838088,-2.624713,-134.286337,-2.454189,-4.101716,12.727406,47.140614,-23.574774,-0.417021,-15.327367,-5.576201,-20.768986,32.970730,-15.114576,-6.292984,-8.688108,8.041509,1.421457,-18.489086,17.846762,-43.541122,49.126266,0.758101,9.011711,-3.093795,5.326947,-27.478321,37.186394,59.842564,-1.939257,10.028609,-15.306729
174.000000,-1729.320923,1390.880615,76.881851,1.272938,-2.502502,-134.762364,-3.736815,-1.761433,12.558868,46.249336,-24.049942,-0.454817,-13.815132,-5.469201,-20.122360,30.412092,-14.209713,-5.856775,-8.164412,7.071445,1.387098,-17.361427,17.664749,-43.495483,50.234806,1.065207,8.734858,-2.896226,4.442667,-26.651665,37.185875,59.905613,-2.054731,9.955481,-15.198067
175.000000,-1729.694702,1390.335083,77.409279,1.540615,-2.264422,-135.146023,-5.106698,0.837585,12.082599,44.244019,-23.866322,-0.748081,-12.196030,-5.195109,-19.655523,27.299616,-12.959248,-5.407136,-7.781756,6.215024,1.335273,-16.192415,17.620720,-43.423309,51.396435,1.216299,8.552674,-2.582973,3.326337,-25.857521,37.186802,60.011547,-2.090718,9.869521,-15.052158
176.000000,-1730.001099,1389.782471,77.868317,1.689936,-2.012997,-135.513375,-6.261996,3.233196,11.528043,41.420258,-22.854460,-1.261475,-10.617003,-4.863852,-19.304800,24.145639,-11.626293,-4.978685,-7.577193,5.540060,1.327101,-15.153653,17.619858,-43.372353,52.651775,1.221308,8.414525,-2.198759,2.159128,-25.228260,37.184513,60.053486,-2.098301,9.713398,-14.987042
177.000000,-1730.241821,1389.202637,78.236877,1.794610,-1.780023,-135.927989,-7.058066,5.117366,10.899628,37.735355,-21.148153,-1.858940,-9.139710,-4.573392,-18.913643,21.186279,-10.361283,-4.559074,-7.384174,4.995422,1.282305,-14.179427,17.572552,-43.369598,54.036308,1.208851,8.258909,-1.747971,1.065730,-24.766460,37.186104,60.056156,-2.097105,9.482409,-14.980039
178.000000,-1730.429077,1388.556030,78.515244,1.818986,-1.514758,-136.377299,-7.470881,6.231381,10.569076,34.675861,-19.426702,-2.290587,-8.186574,-4.402516,-18.613314,19.260138,-9.543013,-4.250067,-7.245309,4.704067,1.171880,-13.443604,17.513969,-43.372677,54.997299,1.209831,8.196006,-1.402691,0.321986,-24.504475,37.189983,60.052551,-2.161004,9.317000,-14.987440
179.000000,-1730.554199,1387.855835,78.691856,1.743624,-1.346364,-136.967561,-7.683579,7.295641,10.356510,30.479164,-16.473188,-2.790801,-7.111795,-4.203749,-18.158590,17.228649,-8.705797,-3.835826,-6.945982,4.514674,1.004554,-12.443272,17.426483,-43.375046,55.952881,1.227464,8.136521,-0.970770,-0.513584,-24.251387,37.195534,60.027004,-2.426815,9.175288,-15.014155
180.000000,-1730.625122,1387.084229,78.770561,1.494676,-1.254164,-137.598035,-7.536028,7.937470,10.146214,26.233225,-13.012959,-3.181963,-6.213411,-3.974566,-17.636837,15.779601,-8.167352,-3.388200,-6.479038,4.574284,0.796603,-11.382823,17.318110,-43.375877,56.712677,1.234941,8.003579,-0.554130,-1.175917,-24.125338,37.275726,59.915134,-2.765586,9.129254,-15.026881
181.000000,-1730.629517,1386.300049,78.752045,1.059358,-1.276831,-137.995085,-7.283705,8.287251,10.036554,22.536711,-9.504571,-3.508762,-5.487624,-3.767128,-17.321226,15.036145,-8.030226,-2.882293,-6.138486,4.868473,0.650752,-10.438888,17.230204,-43.429237,57.274139,1.180271,7.869252,-0.197512,-1.708409,-24.124428,37.551483,59.746864,-2.891466,9.120099,-15.032981
182.000000,-1730.568481,1385.498901,78.657440,0.553868,-1.399518,-138.330817,-7.014009,8.440614,10.027072,19.660215,-5.799225,-4.150890,-5.001184,-3.614622,-17.131578,15.070810,-8.311949,-2.300147,-5.901626,5.287392,0.635558,-9.733130,17.200058,-43.633915,57.756924,0.985451,7.717274,0.099572,-2.165779,-24.190300,37.922344,59.541790,-2.898616,9.117740,-15.032095
183.000000,-1730.534790,1384.748535,78.619034,0.447932,-1.468070,-138.744503,-5.961731,8.166128,10.375451,18.469618,-6.435052,-4.504447,-4.772297,-3.903579,-16.633301,15.596159,-8.816381,-1.662723,-5.471834,5.160995,0.573652,-9.103663,17.263931,-43.834568,58.355106,0.664887,7.544827,0.425640,-2.496399,-24.017263,38.248497,59.332531,-2.889822,9.121819,-15.015342
184.000000,-1730.501709,1384.050415,78.621147,0.423343,-1.327105,-138.921201,-4.907526,7.679867,10.804131,17.046316,-7.094030,-4.431089,-4.680508,-4.327259,-16.339394,15.808877,-9.136816,-1.046980,-5.215345,4.810869,0.228167,-8.509352,17.386623,-44.052971,58.936626,0.301205,7.356227,0.759280,-2.638339,-23.677780,38.361893,59.077316,-2.819189,9.120539,-14.993646
185.000000,-1730.430420,1383.451172,78.638878,0.489324,-1.223237,-139.118846,-3.995263,7.159259,11.433293,15.791892,-7.433704,-4.281774,-4.591854,-4.805399,-16.026749,15.901775,-9.347132,-0.450775,-4.830612,4.281424,0.071233,-8.076164,17.603552,-44.212044,59.397999,-0.186470,7.091241,1.093445,-2.825150,-23.257339,38.372238,58.811504,-2.611969,9.095559,-14.987027
186.000000,-1730.337158,1382.924194,78.666695,0.540567,-1.147898,-139.191357,-3.306106,6.672511,12.002953,14.835381,-7.537506,-4.094503,-4.391042,-5.246120,-15.833209,15.752316,-9.399848,0.078088,-4.501780,3.707164,0.108820,-7.747766,17.863636,-44.240944,59.725174,-0.785072,6.738831,1.411759,-3.065780,-22.836607,38.370117,58.570210,-2.315034,9.025080,-14.985666
187.000000,-1730.234009,1382.440796,78.687332,0.491948,-1.037461,-139.157996,-2.803359,6.285437,12.389553,14.019917,-7.668171,-3.875584,-4.118822,-5.553355,-15.795983,15.347805,-9.299004,0.549877,-4.270349,3.250537,0.157578,-7.445209,18.113459,-44.264881,59.978306,-1.360077,6.366528,1.696143,-3.289583,-22.468891,38.365025,58.335876,-1.999418,8.887568,-14.990561
188.000000,-1730.119873,1381.991333,78.685783,0.340704,-0.904848,-139.100328,-2.396996,6.023867,12.630404,13.281848,-7.966704,-3.658646,-3.867484,-5.714764,-15.819870,14.887259,-9.141479,0.967577,-4.045002,2.968173,0.198061,-7.237931,18.265270,-44.283821,60.358494,-1.788794,5.955432,1.884069,-3.492078,-22.150223,38.349838,58.193897,-1.856174,8.683244,-15.038428
189.000000,-1729.993042,1381.560913,78.656296,0.089429,-0.787951,-139.019820,-2.013767,5.881687,12.732990,12.587055,-8.464681,-3.475603,-3.639115,-5.752592,-15.893774,14.486233,-9.001794,1.339905,-3.794308,2.872321,0.257913,-7.180829,18.288925,-44.286228,60.948330,-1.978413,5.575872,1.950359,-3.641249,-21.888626,38.294865,58.156982,-1.848894,8.436496,-15.141507
190.000000,-1729.881348,1381.184204,78.657303,0.034051,-0.726061,-138.898599,-1.821811,5.645441,12.734294,12.268376,-8.635182,-3.203338,-3.458380,-5.926222,-15.945064,14.242703,-8.924652,1.625361,-3.589749,2.657582,0.339726,-7.178620,18.324583,-44.280491,61.447269,-2.009267,5.333043,1.977260,-3.704521,-21.627647,38.222260,58.156689,-1.859001,8.272196,-15.239954
191.000000,-1729.794312,1380.834351,78.680870,0.024449,-0.688628,-138.713763,-1.645136,5.286620,12.663798,12.037941,-8.660014,-2.904247,-3.120596,-6.209313,-16.048880,13.822299,-8.761002,1.962000,-3.361593,2.313310,0.456879,-7.155844,18.406490,-44.275772,62.066463,-2.026035,5.117792,1.997486,-3.730606,-21.261723,38.185745,58.188385,-1.901675,8.061136,-15.331339
192.000000,-1729.733276,1380.514282,78.703072,-0.021873,-0.626159,-138.502911,-1.532510,4.997116,12.519870,11.849577,-8.706708,-2.637323,-2.735781,-6.409665,-16.237270,13.263948,-8.524512,2.262079,-3.232583,2.078745,0.477925,-7.022501,18.550508,-44.275658,62.532490,-2.074155,5.007932,2.034609,-3.746675,-20.898659,38.181385,58.303558,-2.048445,7.838202,-15.354527
193.000000,-1729.685181,1380.214233,78.719803,-0.083118,-0.597842,-138.326259,-1.394946,4.769956,12.389876,11.693686,-8.807276,-2.379925,-2.365039,-6.562107,-16.442595,12.785232,-8.297186,2.529812,-3.145997,1.946094,0.503169,-6.794393,18.775080,-44.278099,62.766376,-2.145418,4.965908,2.097625,-3.810000,-20.532795,38.178814,58.556458,-2.338986,7.554562,-15.366178
194.000000,-1729.649536,1379.931030,78.734085,-0.148786,-0.609952,-138.138807,-1.219897,4.577947,12.253599,11.559397,-8.920789,-2.151535,-2.014512,-6.706757,-16.702898,12.448745,-8.109245,2.776005,-3.104220,1.901007,0.540017,-6.537102,19.011442,-44.282879,62.870316,-2.196501,4.944532,2.169588,-3.891760,-20.195719,38.177410,58.923149,-2.612180,7.248320,-15.373684
195.000000,-1729.626221,1379.663086,78.749199,-0.229137,-0.685836,-137.920241,-0.977018,4.403263,12.070371,11.432815,-9.044153,-1.938061,-1.562519,-6.829689,-17.004538,12.090317,-7.902085,3.025994,-3.094959,1.933622,0.610518,-6.285681,19.197725,-44.287506,62.937702,-2.334138,4.937743,2.281687,-3.976184,-19.846411,38.175739,59.508430,-2.765709,6.871943,-15.413465
196.000000,-1729.618896,1379.403076,78.765694,-0.310573,-0.757471,-137.755364,-0.702530,4.264477,11.938031,11.274215,-9.153273,-1.752674,-1.160662,-6.924800,-17.257444,11.813802,-7.702142,3.249305,-3.036990,2.026311,0.626460,-6.047646,19.262978,-44.290146,63.024441,-2.543953,4.932995,2.428106,-4.006990,-19.497152,38.174763,60.264389,-2.801617,6.555549,-15.453782
197.000000,-1729.625366,1379.161011,78.783951,-0.404637,-0.840170,-137.691971,-0.377981,4.182896,11.899199,11.086292,-9.258204,-1.602585,-0.806378,-6.976335,-17.495705,11.596397,-7.489259,3.428181,-2.877347,2.151057,0.639848,-5.805265,19.265837,-44.290947,63.094791,-2.752844,4.923697,2.571956,-3.967021,-19.166460,38.178226,60.998348,-2.808594,6.384086,-15.464365
198.000000,-1729.645752,1378.942627,78.801903,-0.507285,-0.909577,-137.678334,-0.142715,4.158021,11.898140,10.962977,-9.343587,-1.512723,-0.575777,-6.987874,-17.676941,11.464476,-7.326581,3.539129,-2.704137,2.255601,0.640157,-5.603309,19.261930,-44.290512,63.109379,-2.883649,4.905809,2.667961,-3.876382,-18.946173,38.198120,61.477028,-2.803141,6.330073,-15.467048
199.000000,-1729.675659,1378.748291,78.816658,-0.598891,-0.958657,-137.662552,0.124334,4.138427,11.891363,10.828706,-9.450344,-1.417773,-0.331405,-7.001308,-17.906063,11.359280,-7.154141,3.664129,-2.503849,2.375760,0.637143,-5.319721,19.258469,-44.289982,63.117043,-2.969369,4.879842,2.771075,-3.729975,-18.692968,38.264660,61.999180,-2.792493,6.311610,-15.466708
200.000000,-1729.710571,1378.580811,78.826920,-0.670965,-0.982352,-137.632828,0.343604,4.116293,11.867686,10.715756,-9.551218,-1.339823,-0.144989,-7.027092,-18.130867,11.319603,-7.034971,3.776611,-2.349755,2.470077,0.632465,-5.019751,19.256107,-44.289433,63.124203,-2.993904,4.871855,2.844294,-3.576114,-18.463842,38.359821,62.444618,-2.783788,6.305586,-15.462431
201.000000,-1729.749878,1378.432983,78.832695,-0.723229,-0.981304,-137.584942,0.495956,4.084702,11.822389,10.633547,-9.641556,-1.278693,-0.014407,-7.067557,-18.344616,11.318231,-6.976223,3.873902,-2.245536,2.528042,0.624547,-4.741942,19.254265,-44.288956,63.130909,-3.005270,4.871055,2.876089,-3.440464,-18.264187,38.447300,62.812508,-2.780314,6.303020,-15.448176
202.000000,-1729.796753,1378.303711,78.834679,-0.741181,-0.925176,-137.529399,0.592266,4.024230,11.765205,10.520212,-9.694736,-1.232410,0.037257,-7.130276,-18.504040,11.352255,-6.982066,3.963711,-2.118730,2.534753,0.572135,-4.509061,19.236570,-44.285976,63.164227,-3.013003,4.874048,2.885265,-3.264486,-18.115673,38.564678,63.069164,-2.777155,6.302348,-15.434335
203.000000,-1729.852295,1378.195679,78.832733,-0.725717,-0.861554,-137.440559,0.671293,3.929508,11.674599,10.365517,-9.705518,-1.199024,0.060679,-7.218884,-18.626848,11.415077,-7.057509,4.050378,-1.962116,2.469012,0.520238,-4.341343,19.218798,-44.280926,63.193295,-3.018400,4.884325,2.891141,-3.021372,-18.044096,38.759583,63.163101,-2.764029,6.302521,-15.426425
204.000000,-1729.914429,1378.110840,78.827545,-0.697049,-0.804109,-137.331089,0.731076,3.835648,11.563169,10.238205,-9.710749,-1.177416,0.085371,-7.307570,-18.733042,11.491364,-7.176521,4.122016,-1.816570,2.350502,0.488193,-4.213872,19.216248,-44.276299,63.196419,-3.021404,4.902610,2.896238,-2.773104,-18.013641,38.989868,63.175373,-2.730220,6.302552,-15.418514
205.000000,-1729.988892,1378.040405,78.819046,-0.654376,-0.767608,-137.218137,0.789486,3.762151,11.470802,10.143510,-9.715528,-1.165995,0.115156,-7.376546,-18.798388,11.565402,-7.300933,4.169601,-1.707064,2.220259,0.473792,-4.117764,19.217113,-44.272442,63.197586,-2.997991,4.926180,2.904637,-2.579981,-17.990318,39.180695,63.180435,-2.706675,6.302825,-15.412313
206.000000,-1730.077026,1377.984253,78.806969,-0.605677,-0.745108,-137.100636,0.868276,3.675863,11.343267,10.055689,-9.735804,-1.162467,0.173022,-7.458110,-18.864023,11.669999,-7.501992,4.216144,-1.603613,2.002789,0.449040,-3.977046,19.222000,-44.267258,63.200291,-2.892561,4.966932,2.929694,-2.332148,-17.945965,39.416840,63.186554,-2.696706,6.303666,-15.405532
207.000000,-1730.180786,1377.938477,78.793625,-0.563298,-0.710804,-137.002831,0.923984,3.620517,11.224012,10.017687,-9.781151,-1.174289,0.242738,-7.510318,-18.947067,11.736596,-7.704595,4.246163,-1.506764,1.755051,0.393540,-3.806783,19.225946,-44.236988,63.203773,-2.658707,5.010590,2.966357,-2.084645,-17.880283,39.648281,63.235554,-2.700096,6.305330,-15.392880
208.000000,-1730.281616,1377.908936,78.782402,-0.533996,-0.673708,-136.942491,0.959908,3.603150,11.136325,10.000875,-9.835325,-1.206921,0.312787,-7.525533,-19.073893,11.742949,-7.876598,4.260370,-1.369933,1.491286,0.327919,-3.614820,19.226843,-44.142658,63.208191,-2.261976,5.053990,3.016109,-1.874218,-17.777695,39.884533,63.429790,-2.739111,6.309666,-15.340377
209.000000,-1730.387085,1377.887573,78.773430,-0.519933,-0.676197,-136.867591,1.022130,3.612607,11.037007,10.000978,-9.891821,-1.257702,0.460998,-7.501173,-19.218996,11.657277,-7.994634,4.265893,-1.255725,1.247607,0.332049,-3.436523,19.227596,-44.091480,63.225861,-1.863862,5.106180,3.089094,-1.716136,-17.671503,40.138809,63.712807,-2.843638,6.324142,-15.250466
210.000000,-1730.485718,1377.871460,78.767517,-0.522639,-0.674610,-136.796562,1.075064,3.647664,10.926960,10.018980,-9.955133,-1.320204,0.637881,-7.439801,-19.359518,11.507030,-8.068622,4.264569,-1.155636,1.028901,0.344506,-3.239206,19.226282,-44.084370,63.259651,-1.534019,5.163788,3.156333,-1.556087,-17.573902,40.439434,64.034210,-2.981815,6.365220,-15.154651
211.000000,-1730.584473,1377.857544,78.763046,-0.546150,-0.666550,-136.726231,1.088121,3.712981,10.812528,10.094189,-10.042500,-1.381873,0.812858,-7.343738,-19.478096,11.320159,-8.094593,4.259180,-1.056995,0.868172,0.360059,-3.036101,19.218182,-44.082104,63.281372,-1.211694,5.240746,3.198717,-1.373917,-17.500095,40.711617,64.314766,-3.136611,6.448860,-15.064577
212.000000,-1730.676270,1377.848022,78.758331,-0.581747,-0.640897,-136.631623,1.047809,3.774718,10.705786,10.211597,-10.131186,-1.425878,0.939138,-7.260159,-19.583069,11.159904,-8.096481,4.254111,-0.990385,0.781210,0.369361,-2.884969,19.208014,-44.079369,63.285484,-0.946640,5.307251,3.215429,-1.216257,-17.451626,40.869339,64.491295,-3.267426,6.539442,-15.005649
213.000000,-1730.756348,1377.848633,78.754730,-0.620319,-0.594331,-136.479626,0.933035,3.852010,10.509230,10.397450,-10.244467,-1.479367,1.083546,-7.156686,-19.769089,10.957819,-8.093724,4.244557,-0.915165,0.698784,0.375481,-2.771508,19.203039,-43.918175,63.283463,-0.705698,5.361182,3.221807,-0.973577,-17.382046,40.996323,64.687119,-3.448071,6.683049,-14.946959
214.000000,-1730.826904,1377.854492,78.752502,-0.638315,-0.543018,-136.386314,0.841293,3.908210,10.349946,10.505769,-10.309129,-1.527689,1.157146,-7.082291,-19.914465,10.847005,-8.105320,4.231013,-0.801046,0.645518,0.377843,-2.764331,19.209499,-43.667244,63.278202,-0.436846,5.396680,3.238652,-0.744147,-17.301962,41.070118,64.863487,-3.612566,6.849207,-14.876678
215.000000,-1730.881104,1377.864502,78.749931,-0.639891,-0.491610,-136.334471,0.774489,3.940524,10.255853,10.549014,-10.337371,-1.571531,1.155145,-7.044395,-20.038816,10.820614,-8.148021,4.209023,-0.693043,0.606737,0.382163,-2.746596,19.209410,-43.437798,63.243336,-0.006344,5.484726,3.273181,-0.665487,-17.226774,41.080696,65.071144,-3.739446,7.037937,-14.825997
216.000000,-1730.930176,1377.876709,78.747597,-0.639031,-0.445351,-136.251247,0.716939,3.954485,10.154103,10.580266,-10.350572,-1.600458,1.152739,-7.027765,-20.155455,10.820347,-8.188272,4.188014,-0.667643,0.593133,0.384473,-2.700861,19.202959,-43.274250,63.148041,0.445975,5.593375,3.278405,-0.658646,-17.127264,41.084061,65.296028,-3.916989,7.174913,-14.752386
217.000000,-1730.979126,1377.891846,78.744461,-0.631186,-0.403800,-136.171334,0.653276,3.964701,10.018555,10.603918,-10.359660,-1.636391,1.149094,-7.012136,-20.291609,10.832451,-8.253810,4.160385,-0.633502,0.583890,0.386307,-2.618258,19.175303,-43.058937,62.973297,1.052194,5.721685,3.280524,-0.654935,-16.951221,41.088329,65.626724,-4.160361,7.357015,-14.632843
218.000000,-1731.023071,1377.910889,78.739342,-0.620178,-0.370877,-136.137657,0.602508,3.978384,9.936761,10.636095,-10.379549,-1.672870,1.136155,-6.990235,-20.352428,10.838328,-8.329002,4.129964,-0.534857,0.578714,0.387432,-2.567914,19.138075,-42.863686,62.805183,1.546150,5.800028,3.279755,-0.670524,-16.841597,41.089531,65.875793,-4.350138,7.526281,-14.585118
219.000000,-1731.057495,1377.929321,78.735199,-0.610559,-0.350786,-136.101544,0.577076,3.988428,9.893868,10.660233,-10.392062,-1.692419,1.136121,-6.976577,-20.388424,10.837532,-8.366896,4.115009,-0.482038,0.576308,0.387553,-2.559882,19.127829,-42.780472,62.726933,1.779699,5.821536,3.278363,-0.671828,-16.788700,41.091919,65.984566,-4.466084,7.599581,-14.534930
220.000000,-1731.105835,1377.956665,78.729492,-0.591125,-0.334720,-136.050341,0.540130,3.995704,9.793109,10.684818,-10.401647,-1.732383,1.161475,-6.959296,-20.513302,10.810987,-8.445933,4.085631,-0.403805,0.567671,0.386080,-2.542361,19.095058,-42.587795,62.585690,2.398943,5.837197,3.275905,-0.668471,-16.676907,41.094460,66.180191,-4.805742,7.733498,-14.448998
221.000000,-1731.158691,1377.984985,78.724274,-0.574013,-0.346152,-136.000754,0.552117,4.006377,9.713382,10.687113,-10.406520,-1.773960,1.242247,-6.922913,-20.587954,10.723021,-8.497772,4.058800,-0.330951,0.564704,0.387080,-2.539986,19.035038,-42.398540,62.535557,2.927717,5.837844,3.277187,-0.646592,-16.604025,41.097347,66.310547,-5.154457,7.805231,-14.397902
222.000000,-1731.212280,1378.017700,78.717461,-0.550827,-0.363169,-135.988571,0.581605,4.023831,9.646714,10.691262,-10.415524,-1.826185,1.328046,-6.877803,-20.635790,10.643461,-8.577172,4.023331,-0.233238,0.555670,0.382725,-2.527036,18.955595,-42.136215,62.512505,3.428829,5.837527,3.281762,-0.603980,-16.522118,41.098976,66.424240,-5.530010,7.872821,-14.350429
223.000000,-1731.260864,1378.057129,78.706062,-0.514794,-0.282684,-136.015185,0.482572,4.038925,9.633013,10.747544,-10.443846,-1.868448,1.262547,-6.848469,-20.635065,10.613388,-8.689997,3.969648,-0.135321,0.547456,0.293589,-2.475405,18.876106,-41.808323,62.518837,3.677608,5.858821,3.285668,-0.578367,-16.476404,41.044758,66.456718,-5.892673,7.962829,-14.218851
224.000000,-1731.294678,1378.108643,78.691208,-0.462201,-0.165461,-136.071085,0.354860,4.039519,9.641382,10.804178,-10.464843,-1.897807,1.148140,-6.843759,-20.633541,10.615352,-8.799525,3.913061,-0.049522,0.547809,0.247060,-2.456566,18.811811,-41.554428,62.531075,3.789991,5.899549,3.285454,-0.576519,-16.456398,40.928684,66.463013,-6.188606,8.034552,-14.035167
225.000000,-1731.326904,1378.173096,78.673492,-0.391544,-0.038782,-136.193450,0.182521,4.037647,9.709847,10.867267,-10.487331,-1.943234,0.963586,-6.844198,-20.638914,10.612002,-8.968607,3.817611,0.147765,0.554037,0.237303,-2.449210,18.689554,-41.112110,62.577759,3.911813,5.950820,3.284871,-0.575963,-16.426626,40.647335,66.467491,-6.566316,8.138528,-13.758699
226.000000,-1731.364624,1378.239624,78.655106,-0.310129,0.060092,-136.324557,0.074220,4.027023,9.810766,10.887607,-10.493326,-1.984536,0.835923,-6.846479,-20.649439,10.558421,-9.126068,3.734762,0.359497,0.561682,0.261847,-2.439270,18.561266,-40.623222,62.690731,4.045280,5.960379,3.293251,-0.575711,-16.387714,40.308258,66.470833,-6.861695,8.263296,-13.536345
227.000000,-1731.406372,1378.300659,78.648239,-0.274097,0.130414,-136.396163,-0.025289,4.049851,9.872108,10.899243,-10.483354,-2.036240,0.697678,-6.813087,-20.614643,10.564997,-9.250283,3.584026,0.532639,0.644809,0.317092,-2.401760,18.385689,-40.097546,62.863617,4.372186,5.970705,3.359684,-0.586317,-16.348253,39.824165,66.476692,-7.272196,8.435797,-13.291069
228.000000,-1731.459839,1378.350708,78.649254,-0.254996,0.159625,-136.465403,-0.018173,4.095203,9.912006,10.832314,-10.436134,-2.088869,0.624227,-6.756576,-20.547831,10.599879,-9.296251,3.510979,0.668339,0.764738,0.362937,-2.357033,18.219942,-39.810349,63.085228,4.735835,6.006529,3.481849,-0.628091,-16.299856,39.507835,66.548271,-7.575533,8.601342,-13.149056
229.000000,-1731.525391,1378.390747,78.651482,-0.237240,0.176552,-136.533102,0.042354,4.137630,9.947762,10.717153,-10.374482,-2.145843,0.608105,-6.689388,-20.478949,10.583493,-9.322956,3.464757,0.789106,0.863953,0.359590,-2.267792,18.099016,-39.674175,63.314819,5.083674,6.108953,3.626531,-0.706340,-16.246017,39.358555,66.716049,-7.780672,8.769804,-13.035335
230.000000,-1731.587769,1378.419067,78.652351,-0.234629,0.186526,-136.643217,0.110939,4.189334,10.010741,10.635032,-10.348324,-2.201286,0.608001,-6.613869,-20.383936,10.548376,-9.335336,3.422367,0.898280,0.943861,0.344225,-2.117951,18.014524,-39.661770,63.494713,5.368013,6.245680,3.691692,-0.783145,-16.189754,39.305984,66.860626,-7.882183,8.892075,-12.972365
231.000000,-1731.653809,1378.446777,78.651688,-0.247856,0.212361,-136.738966,0.147066,4.274175,10.075815,10.605764,-10.355490,-2.276132,0.613588,-6.495806,-20.268089,10.465569,-9.336642,3.355939,0.992756,1.046001,0.327017,-1.842739,17.942034,-39.662800,63.641281,5.567806,6.462893,3.757573,-0.881212,-16.160181,39.301346,67.010262,-7.966329,9.031536,-12.875062
232.000000,-1731.718262,1378.474976,78.649391,-0.268198,0.248101,-136.799544,0.132459,4.364192,10.106153,10.639168,-10.388941,-2.346441,0.616745,-6.378941,-20.191442,10.384605,-9.341254,3.282822,1.021353,1.141327,0.322113,-1.532809,17.919104,-39.722645,63.740162,5.644345,6.673315,3.811544,-0.946188,-16.154251,39.305824,67.083946,-7.978876,9.116644,-12.798091
233.000000,-1731.784668,1378.504028,78.644821,-0.312209,0.293038,-136.859199,0.048938,4.509182,10.129561,10.789745,-10.490368,-2.445039,0.617920,-6.214183,-20.131985,10.278249,-9.341996,3.172266,1.024688,1.272127,0.323069,-1.184389,17.919266,-40.008106,63.886333,5.658695,6.978379,3.848348,-0.986221,-16.195215,39.310062,67.096832,-7.949231,9.195290,-12.719184
234.000000,-1731.857666,1378.538574,78.637497,-0.368779,0.377710,-136.926811,-0.068660,4.633924,10.149029,10.964416,-10.596663,-2.516801,0.581944,-6.085764,-20.092583,10.217645,-9.345067,3.089389,1.013709,1.385599,0.309747,-0.936174,17.920897,-40.313538,63.985565,5.659866,7.241034,3.853160,-1.027691,-16.244186,39.309044,67.098228,-7.921500,9.249148,-12.668731
235.000000,-1731.926758,1378.580200,78.628143,-0.421143,0.469271,-136.961413,-0.290448,4.805100,10.140357,11.266244,-10.758661,-2.608153,0.498678,-5.921291,-20.068218,10.175460,-9.369308,2.981978,0.971926,1.559177,0.312670,-0.613258,17.926119,-40.803509,64.049561,5.637152,7.631517,3.850072,-1.130472,-16.312672,39.305538,67.073380,-7.889609,9.297057,-12.633734
236.000000,-1731.990479,1378.627075,78.615608,-0.480263,0.554934,-137.111764,-0.493805,4.981295,10.195006,11.581825,-10.929747,-2.697641,0.364679,-5.772694,-19.980885,10.229434,-9.418152,2.874007,1.031325,1.739670,0.347795,-0.382647,17.924255,-41.236961,64.056465,5.601378,7.936122,3.789092,-1.256021,-16.398169,39.321064,66.992722,-7.872252,9.353817,-12.610015
237.000000,-1732.052368,1378.683716,78.599159,-0.559556,0.702931,-137.412806,-0.796073,5.270576,10.438465,12.058724,-11.200271,-2.827701,0.045741,-5.551204,-19.710222,10.397007,-9.478131,2.713065,1.346869,2.015824,0.357811,-0.180461,17.936024,-41.668320,63.968338,5.659689,8.256462,3.567795,-1.434310,-16.614449,39.429398,66.845177,-7.890083,9.480812,-12.510241
238.000000,-1732.116455,1378.775879,78.575531,-0.653544,0.945762,-137.672530,-1.311705,5.606687,10.649204,12.676247,-11.504828,-2.993295,-0.497064,-5.337315,-19.495411,10.767768,-9.614335,2.500019,1.512294,2.293067,0.293549,0.029512,18.186197,-42.038246,63.414860,5.726163,8.623402,3.137774,-1.805108,-16.836914,39.585587,66.600952,-7.884237,9.544062,-12.312536
239.000000,-1732.197754,1378.916870,78.543800,-0.765017,1.174874,-137.976589,-1.869406,6.017915,10.858856,13.403751,-11.851840,-3.203407,-1.121045,-5.088035,-19.280651,11.317845,-9.833050,2.209834,1.576314,2.555016,0.306819,0.174509,18.710958,-42.257488,62.515312,5.706290,8.906485,2.605238,-2.328777,-17.076521,39.674870,66.260162,-7.730029,9.544410,-12.172852
240.000000,-1732.305908,1379.090088,78.508408,-0.889454,1.346652,-138.259780,-2.297803,6.394008,11.008051,14.038565,-12.147044,-3.386952,-1.564065,-4.847188,-19.150215,11.734895,-9.998940,1.966699,1.605649,2.761880,0.358809,0.187756,19.238159,-42.326042,61.713966,5.671035,9.067610,2.219999,-2.760337,-17.343550,39.743301,65.866280,-7.439998,9.511068,-12.122007
241.000000,-1732.461548,1379.282593,78.471664,-1.016783,1.420931,-138.574065,-2.663853,6.859497,11.172994,14.717829,-12.468946,-3.630902,-1.899842,-4.527802,-19.137238,12.072423,-10.172892,1.683545,1.630285,3.003784,0.444248,0.108034,19.945513,-42.335808,60.713993,5.627799,9.179256,1.873764,-3.272092,-17.765444,39.809177,65.347664,-6.928666,9.427620,-12.067162
242.000000,-1732.674072,1379.485840,78.432793,-1.211717,1.437718,-138.953460,-2.961047,7.549304,11.416072,15.509424,-12.888789,-3.997978,-2.093577,-3.989115,-19.202234,12.233357,-10.290754,1.273452,1.646654,3.372168,0.468074,-0.005459,20.845970,-42.362961,59.561447,5.595907,9.218886,1.607832,-3.884540,-18.393774,39.884995,64.632683,-6.191048,9.362653,-11.996269
243.000000,-1732.924438,1379.701538,78.376709,-1.395566,1.440615,-139.397452,-3.205757,8.287450,11.704659,16.384529,-13.380309,-4.378565,-2.163990,-3.410202,-19.383259,12.268044,-10.450377,0.854824,1.657263,3.730230,0.405545,-0.159292,21.675034,-42.477436,58.672413,5.541574,9.222938,1.509713,-4.423736,-19.146589,40.138912,63.691223,-5.533496,9.344254,-11.955354
244.000000,-1733.184448,1379.929199,78.309456,-1.592168,1.394456,-139.792192,-3.465901,9.042109,11.927803,17.381363,-13.921861,-4.737149,-2.212127,-2.799150,-19.201385,12.373171,-10.641263,0.485202,1.622148,4.114414,0.375601,-0.459890,22.362537,-42.659706,58.067463,5.487669,9.220789,1.437445,-4.907928,-20.119133,40.569473,62.348900,-5.063974,9.338069,-11.918394
245.000000,-1733.459839,1380.180786,78.218948,-1.857295,1.301914,-140.198017,-3.832932,9.971935,12.115188,18.743053,-14.642272,-5.139723,-2.232285,-2.071733,-18.996302,12.553827,-10.902528,0.090086,1.643128,4.603945,0.396004,-0.913842,22.950460,-42.713245,57.629280,5.471404,9.178363,1.350845,-5.430261,-21.257828,41.071842,60.851383,-4.358980,9.225236,-11.889700
246.000000,-1733.741943,1380.439331,78.115349,-2.110083,1.205070,-140.618683,-4.169120,10.822536,12.303209,20.017664,-15.291580,-5.494245,-2.315059,-1.442324,-18.782291,12.887130,-11.233830,-0.257286,1.686050,5.034686,0.431647,-1.289721,23.475351,-42.714764,57.212505,5.463253,9.049352,1.298880,-5.941750,-22.249983,41.435799,59.647636,-3.697203,8.986220,-11.819509
247.000000,-1734.023682,1380.704956,78.018913,-2.286602,1.172061,-140.870681,-4.633434,11.576811,12.461380,21.313683,-15.790191,-5.803327,-2.480043,-0.937997,-18.669355,13.314092,-11.602189,-0.581407,1.611598,5.375250,0.424153,-1.616727,23.984625,-42.713428,56.804958,5.453421,8.883607,1.268605,-6.446273,-23.103516,41.659679,58.651371,-3.164522,8.701383,-11.734217
248.000000,-1734.326538,1381.007324,77.945099,-2.330845,1.069928,-141.074661,-5.288791,12.363277,12.713628,23.055754,-16.052252,-6.149068,-2.642264,-0.513698,-18.606321,13.898653,-12.072098,-0.969666,1.404817,5.594835,0.520120,-2.071023,24.563845,-42.714203,56.402336,5.445049,8.703880,1.251445,-7.129864,-23.912144,41.742786,57.784435,-2.625499,8.309974,-11.661142
249.000000,-1734.636475,1381.326538,77.893738,-2.285708,0.942375,-141.271153,-6.084108,13.093596,12.948379,25.142303,-15.968928,-6.503195,-2.747739,-0.187428,-18.500937,14.444452,-12.500789,-1.373891,1.257872,5.637300,0.662855,-2.645918,25.051498,-42.757065,56.112396,5.485703,8.650189,1.205314,-7.887650,-24.450310,41.857311,57.381577,-2.125342,7.975949,-11.610792
250.000000,-1734.967407,1381.660889,77.854179,-2.178221,0.792130,-141.586647,-7.109078,13.920742,13.281619,27.810143,-15.558018,-6.859886,-2.817015,0.130341,-18.303560,14.975179,-12.927808,-1.820129,1.187459,5.560737,0.809587,-3.340594,25.560352,-42.898987,55.550369,5.705545,8.752107,1.078829,-8.575928,-24.911976,42.011063,56.870964,-1.655139,7.795022,-11.525335
251.000000,-1735.311157,1381.992554,77.817444,-2.085517,0.746670,-142.007510,-8.235242,14.738164,13.563863,30.458763,-14.931908,-7.142798,-2.926306,0.472012,-18.015148,15.294649,-13.210556,-2.203448,1.224169,5.505362,0.790125,-3.934805,26.025583,-42.979939,54.602844,6.120616,8.920319,0.891359,-8.918597,-25.501822,42.141323,55.686375,-1.267073,7.793508,-11.344521
252.000000,-1735.658203,1382.313599,77.794022,-1.950186,0.652771,-142.532600,-9.397695,15.640753,13.791306,33.347420,-13.872374,-7.512578,-2.973224,0.879766,-17.562365,15.560792,-13.485130,-2.652471,1.293804,5.437808,0.782306,-4.731341,26.565727,-42.994675,53.249233,6.511997,8.993494,0.726462,-9.254470,-26.379753,42.307362,53.798435,-0.797055,7.708651,-11.102987
253.000000,-1736.002197,1382.629639,77.776108,-1.791788,0.430835,-143.060671,-10.139457,16.344007,13.887203,35.601559,-12.792318,-7.664433,-2.836616,1.218161,-17.142094,15.730070,-13.674367,-3.006262,1.343040,5.400309,0.909037,-5.623546,27.005983,-42.959728,51.937531,6.629094,8.874318,0.696870,-9.782480,-27.171167,42.647152,52.569004,-0.563030,7.235925,-10.924054
254.000000,-1736.335571,1382.910278,77.756989,-1.595264,0.177447,-143.510755,-10.606564,16.863708,13.955454,37.380970,-11.839331,-7.520462,-2.670057,1.433066,-16.803637,16.017670,-13.916100,-3.303066,1.319279,5.378050,1.029397,-6.513401,27.403360,-42.892311,50.628250,6.689198,8.575508,0.687899,-10.515133,-27.806231,43.029499,52.159927,-0.631536,6.637875,-10.761141
255.000000,-1736.660400,1383.146362,77.741661,-1.332025,-0.139970,-143.935021,-10.716778,17.108984,13.988460,38.421169,-11.223235,-7.153576,-2.499475,1.508981,-16.534937,16.343775,-14.173265,-3.509044,1.287779,5.345604,1.134034,-7.235960,27.660633,-42.803555,49.733990,6.683998,8.159352,0.682601,-11.143321,-28.292778,43.322666,52.097610,-0.699568,6.234188,-10.646849
256.000000,-1736.989258,1383.337646,77.730934,-1.045955,-0.506744,-144.240899,-10.692154,17.169498,13.750710,39.454773,-10.584191,-6.387012,-2.180152,1.518165,-16.241827,16.740616,-14.528785,-3.709215,1.205050,5.318762,1.217561,-8.230759,27.739651,-42.681797,49.208061,6.562788,7.469624,0.677531,-11.873421,-28.992853,43.753475,52.127377,-0.711149,5.863147,-10.505907
257.000000,-1737.310181,1383.470825,77.727417,-0.758347,-0.833281,-144.593155,-10.593440,16.960052,13.137685,40.288067,-10.187288,-5.503579,-1.789235,1.492177,-15.924824,17.038471,-14.850941,-3.836506,1.088984,5.320224,1.211047,-9.167818,27.633770,-42.675510,49.119637,6.294717,6.913802,0.654229,-12.489300,-29.681122,44.198368,52.248219,-0.693438,5.659718,-10.351434
258.000000,-1737.611816,1383.553223,77.738373,-0.451923,-0.933918,-144.958682,-10.452397,16.363777,12.368361,40.456486,-10.700726,-4.918660,-1.615987,1.413523,-15.516451,17.284449,-15.107061,-3.900451,1.013059,5.297606,0.954371,-9.837799,27.524227,-42.732212,48.922531,5.992512,6.648746,0.591703,-12.968126,-30.323092,44.753513,52.304058,-0.673111,5.633890,-10.176661
259.000000,-1737.873291,1383.620117,77.753021,-0.153438,-1.006671,-145.310134,-10.341404,15.536765,11.733502,40.019699,-11.628428,-4.712169,-1.538767,1.294274,-15.154408,17.532047,-15.333234,-3.963046,0.924035,5.255071,0.774422,-10.386321,27.450306,-42.783321,48.523125,5.646464,6.581088,0.497219,-13.315361,-30.871555,45.141083,52.251869,-0.680766,5.657318,-10.025020
260.000000,-1738.092773,1383.681274,77.768120,0.131859,-1.158537,-145.534740,-10.271496,14.474542,10.947470,39.315575,-12.789845,-4.659985,-1.358439,1.136516,-14.885790,17.756119,-15.569653,-4.034389,0.797747,5.170094,0.826857,-11.013023,27.362600,-42.788925,48.089672,5.258671,6.564948,0.384825,-13.571003,-31.326300,45.288971,52.184910,-0.739363,5.699164,-9.895159
261.000000,-1738.288452,1383.725830,77.788078,0.406655,-1.346474,-145.785404,-10.188623,13.700301,10.558292,38.641430,-13.697330,-4.654935,-1.165337,1.013129,-14.672335,17.878857,-15.732187,-4.085388,0.771821,5.058490,0.938123,-11.547043,27.236265,-42.790524,47.923576,5.130948,6.551723,0.301682,-13.664800,-31.563652,45.300694,52.175667,-0.786075,5.744801,-9.834035
262.000000,-1738.474243,1383.740723,77.822487,0.712816,-1.524433,-146.163833,-9.988178,12.595968,10.100860,37.316132,-14.811445,-4.679979,-0.912937,0.844142,-14.262872,17.989235,-15.899576,-4.123265,0.918553,4.858630,1.067670,-12.292377,26.956373,-42.793064,47.892326,5.117067,6.543429,0.244120,-13.681003,-31.807503,45.346638,52.169125,-0.804538,5.839192,-9.755201
263.000000,-1738.642822,1383.719238,77.866013,0.968325,-1.590005,-146.504683,-9.781532,11.346957,9.425816,35.435585,-15.558863,-4.728968,-0.716574,0.671328,-13.861073,17.979681,-15.978454,-4.106130,1.013968,4.648522,1.075533,-12.892826,26.622478,-42.857620,47.882149,5.021572,6.541097,0.245117,-13.676620,-31.938885,45.558121,52.156551,-0.741331,5.960857,-9.665267
264.000000,-1738.809814,1383.669678,77.915062,1.153979,-1.558693,-146.888293,-9.549130,10.245223,8.864599,33.152420,-15.710245,-4.765285,-0.553010,0.578710,-13.519518,17.774797,-15.938722,-4.061248,1.100645,4.474606,0.978948,-13.421806,26.266232,-43.085972,47.879272,4.674400,6.526511,0.251024,-13.626409,-31.983685,45.920792,52.140675,-0.452914,6.058930,-9.636745
265.000000,-1738.954590,1383.604126,77.958694,1.241677,-1.475922,-147.272165,-9.305277,9.374091,8.552614,30.792086,-15.432708,-4.789453,-0.389930,0.590468,-13.188430,17.401854,-15.795187,-3.994359,1.225723,4.333501,0.871953,-13.916860,25.849907,-43.248863,47.904079,4.385881,6.431543,0.255149,-13.497174,-31.985556,46.263126,52.034039,-0.210966,6.112476,-9.625470
266.000000,-1739.075806,1383.524658,77.995544,1.257458,-1.324639,-147.581906,-9.172704,8.784267,8.470218,28.777668,-14.672844,-4.805895,-0.270591,0.656903,-12.961540,16.942314,-15.597196,-3.932402,1.265767,4.214593,0.770120,-14.353680,25.451452,-43.379181,47.970879,4.306708,6.270094,0.278694,-13.336842,-31.951349,46.475327,51.839954,-0.148776,6.122609,-9.618334
267.000000,-1739.173828,1383.424438,78.026512,1.232703,-1.208540,-147.867513,-9.010201,8.431684,8.454678,27.352682,-13.740087,-4.812494,-0.140715,0.722752,-12.813958,16.558788,-15.434095,-3.898326,1.245078,4.139117,0.755382,-14.658348,25.188662,-43.558571,48.053879,4.292315,6.123266,0.329213,-13.243000,-31.890350,46.555748,51.684887,-0.137309,6.125462,-9.617129
268.000000,-1739.280884,1383.268311,78.056442,1.203710,-1.117711,-148.249137,-8.611427,7.951392,8.334488,25.480879,-12.061561,-4.812850,0.068552,0.804001,-12.551174,16.057400,-15.231661,-3.840903,1.208575,4.054108,0.726526,-14.851118,24.871542,-43.805073,48.149799,4.281906,5.892177,0.459702,-13.110471,-31.731485,46.596313,51.541111,-0.143074,6.122324,-9.632716
269.000000,-1739.397217,1383.067871,78.074181,1.115649,-1.141252,-148.655992,-7.907573,7.631849,8.494243,23.723446,-9.736935,-4.777490,0.404813,0.904909,-12.245872,15.576338,-15.062054,-3.743929,1.169691,4.019385,0.711466,-14.781239,24.549740,-43.970783,48.281288,4.276527,5.653800,0.668432,-12.914138,-31.476324,46.600147,51.530212,-0.148491,6.108196,-9.725332
270.000000,-1739.549072,1382.841919,78.104630,1.129347,-1.179879,-148.979569,-6.838235,7.570136,9.169287,22.276066,-9.411902,-4.815747,0.873475,0.914445,-11.989417,15.066606,-14.940768,-3.607405,1.063098,3.875619,0.629965,-14.497139,24.177217,-44.089352,48.510098,4.249712,5.455527,1.034657,-12.467925,-31.085964,46.617504,51.533390,-0.139960,6.057468,-9.951468
271.000000,-1739.700562,1382.611450,78.156174,1.244550,-1.199104,-149.127755,-5.710154,7.287942,9.630047,20.701496,-9.591901,-4.855402,1.331721,0.712733,-11.892481,14.573503,-14.847629,-3.412203,0.846407,3.549038,0.468803,-14.074975,23.834949,-44.256939,48.667473,4.166388,5.290269,1.530938,-11.772610,-30.672701,46.661964,51.535427,-0.130198,5.868554,-10.184224
272.000000,-1739.822388,1382.370605,78.216347,1.382506,-1.296146,-149.273256,-4.664424,6.967636,10.102916,19.371473,-9.545388,-4.852072,1.851050,0.450353,-11.829395,14.092924,-14.734792,-3.188868,0.670704,3.208835,0.466574,-13.682211,23.451700,-44.441544,48.899414,4.056048,5.042885,2.087031,-11.007522,-30.303116,46.684258,51.618774,-0.121902,5.605878,-10.351105
273.000000,-1739.909790,1382.125000,78.278740,1.506480,-1.391366,-149.536263,-3.929482,6.752206,10.539570,18.499857,-9.408352,-4.833343,2.220913,0.258303,-11.723505,13.741509,-14.621745,-3.021726,0.626865,2.989751,0.518908,-13.419646,23.109819,-44.621471,49.243450,4.008457,4.811215,2.508149,-10.460066,-30.032692,46.693428,51.762024,-0.118585,5.450747,-10.423773
274.000000,-1739.967896,1381.867432,78.341187,1.583965,-1.383177,-149.908655,-3.132396,6.531287,11.187542,17.494421,-9.191400,-4.761134,2.567639,0.051003,-11.540465,13.268656,-14.408104,-2.812106,0.633336,2.792507,0.526528,-13.044133,22.617514,-44.883446,49.854370,3.988375,4.547600,3.016385,-9.789093,-29.690182,46.705456,51.949154,-0.197554,5.361343,-10.464931
275.000000,-1739.996338,1381.611450,78.399406,1.661634,-1.279361,-150.388019,-2.470786,6.312669,11.861135,16.548271,-8.950783,-4.640640,2.768776,-0.143910,-11.257092,12.766953,-14.159621,-2.615202,0.697863,2.647332,0.504185,-12.568564,22.093508,-45.108475,50.505325,3.979360,4.362117,3.481171,-9.146810,-29.327604,46.709621,52.042595,-0.440765,5.353515,-10.516118
276.000000,-1740.002808,1381.360962,78.449593,1.715566,-1.117901,-150.740767,-2.050650,6.029206,12.083395,15.770841,-8.721677,-4.522947,2.914334,-0.325015,-11.001785,12.167946,-13.910014,-2.455697,0.707490,2.528004,0.472612,-12.083793,21.588625,-45.252079,51.183907,3.987352,4.189110,3.818453,-8.546538,-28.931707,46.699951,52.090000,-0.573410,5.353555,-10.665214
277.000000,-1739.992310,1381.118530,78.489738,1.760650,-0.934084,-151.067542,-1.755757,5.735034,12.094450,15.105967,-8.545398,-4.416450,2.978189,-0.502838,-10.776496,11.662944,-13.700493,-2.310431,0.674474,2.434784,0.459488,-11.586299,21.113110,-45.307728,51.878624,4.002068,4.043335,4.072537,-7.964482,-28.464968,46.581642,52.168396,-0.680541,5.350290,-10.860818
278.000000,-1739.971924,1380.879639,78.523544,1.787783,-0.775008,-151.409398,-1.468146,5.461195,12.069164,14.492652,-8.412097,-4.310086,2.973027,-0.672679,-10.506422,11.324613,-13.531994,-2.150229,0.649690,2.354896,0.473947,-11.065127,20.699211,-45.315773,52.570675,4.019145,3.944709,4.275352,-7.412161,-27.947723,46.429893,52.274559,-0.920234,5.347177,-11.084756
279.000000,-1739.945557,1380.649414,78.554169,1.815499,-0.638643,-151.718610,-1.194828,5.188848,11.979765,13.929218,-8.286995,-4.194927,2.909461,-0.857841,-10.260670,11.168115,-13.413615,-1.947376,0.602307,2.265101,0.482821,-10.575856,20.358385,-45.321194,53.287048,4.061587,3.875764,4.404485,-6.963129,-27.373547,46.352890,52.559826,-1.244318,5.318422,-11.289117
280.000000,-1739.911255,1380.428345,78.583115,1.855878,-0.560216,-151.992769,-0.944194,4.967889,11.960435,13.477158,-8.168983,-4.097505,2.869354,-1.028101,-10.113549,11.112424,-13.348681,-1.787342,0.560524,2.176383,0.515383,-10.229274,20.120068,-45.323128,53.895428,4.088752,3.804097,4.502236,-6.712389,-26.839046,46.325710,53.065777,-1.461963,5.240888,-11.455208
281.000000,-1739.868408,1380.204346,78.608368,1.863965,-0.518088,-152.284680,-0.594812,4.724996,12.078951,12.936496,-8.051105,-3.963116,2.838701,-1.240940,-10.004596,11.075188,-13.268404,-1.610599,0.581883,2.086907,0.557906,-9.830940,19.805712,-45.322140,54.761688,4.092590,3.674362,4.678458,-6.457475,-26.086224,46.320541,54.062798,-1.598737,5.119632,-11.709882
282.000000,-1739.814331,1379.983154,78.627518,1.831887,-0.458203,-152.563114,-0.315391,4.566425,12.286103,12.522603,-8.031841,-3.827166,2.778856,-1.402609,-9.967637,11.053331,-13.162807,-1.436829,0.682780,2.075136,0.560230,-9.467977,19.499725,-45.321671,55.632729,4.095890,3.549156,4.920697,-6.210641,-25.367399,46.323826,55.115185,-1.620843,5.092374,-11.970980
283.000000,-1739.747803,1379.775635,78.641487,1.803515,-0.386914,-152.789581,-0.153166,4.420473,12.537497,12.248456,-8.049122,-3.676405,2.715912,-1.565654,-9.957562,10.974914,-13.063388,-1.262833,0.717939,2.075786,0.555247,-9.090006,19.291336,-45.324112,56.352440,4.093103,3.457996,5.218059,-5.983174,-24.704195,46.328407,56.024845,-1.630960,5.092312,-12.238802
284.000000,-1739.672241,1379.565186,78.652779,1.781881,-0.308233,-152.977826,-0.027687,4.256768,12.749809,11.983994,-8.066329,-3.518859,2.711399,-1.724975,-9.944402,10.758720,-12.949622,-1.098060,0.714966,2.083635,0.536727,-8.733721,19.123001,-45.324852,57.017670,4.076205,3.358469,5.572029,-5.729763,-24.124050,46.329567,56.748249,-1.634086,5.092927,-12.544314
285.000000,-1739.591064,1379.355103,78.662445,1.759858,-0.242504,-153.097889,0.072937,4.107850,12.852314,11.753472,-8.073636,-3.389788,2.736235,-1.855337,-9.944588,10.557095,-12.859817,-0.966025,0.686941,2.097091,0.517173,-8.452343,19.015385,-45.325108,57.467079,4.060108,3.296268,5.874516,-5.496665,-23.727337,46.331390,57.208721,-1.645184,5.090930,-12.783207
286.000000,-1739.502319,1379.143677,78.673729,1.727546,-0.202104,-153.164527,0.222070,3.903064,12.897098,11.422749,-8.066742,-3.222019,2.783123,-2.025840,-9.954446,10.338112,-12.734339,-0.744353,0.615604,2.133179,0.503438,-8.087060,18.907307,-45.327106,57.931877,4.040162,3.199095,6.288094,-5.154953,-23.298750,46.336769,57.705788,-1.728701,5.064806,-13.090933
287.000000,-1739.405640,1378.942261,78.684280,1.694582,-0.163483,-153.201717,0.359521,3.697771,12.919821,11.096345,-8.049309,-3.052561,2.810416,-2.198267,-9.978841,10.168480,-12.613945,-0.535491,0.578943,2.164292,0.491390,-7.794483,18.793772,-45.329357,58.402348,4.021813,3.056130,6.690511,-4.801772,-22.929871,46.342648,58.191250,-1.920056,5.017473,-13.408057
288.000000,-1739.299072,1378.752808,78.693649,1.667577,-0.096252,-153.188842,0.415789,3.490496,12.925960,10.809652,-8.016482,-2.876686,2.772492,-2.383042,-10.051291,10.059650,-12.518247,-0.347336,0.557441,2.158622,0.458941,-7.568093,18.694178,-45.329781,58.856995,4.001850,2.902619,7.075286,-4.467721,-22.601377,46.348286,58.635777,-2.103299,5.001066,-13.696504
289.000000,-1739.182251,1378.573486,78.701057,1.626790,-0.020219,-153.145439,0.429704,3.308892,12.931076,10.547705,-7.994616,-2.704011,2.719581,-2.545028,-10.152948,9.948673,-12.415553,-0.175663,0.545036,2.129478,0.432871,-7.369304,18.636906,-45.326614,59.215305,3.981098,2.778243,7.422444,-4.181356,-22.318727,46.352047,59.010017,-2.247262,4.994267,-13.915566
290.000000,-1739.061401,1378.408569,78.706223,1.573245,0.042352,-153.071889,0.427785,3.185591,12.936502,10.364780,-7.991639,-2.569228,2.691184,-2.654629,-10.250137,9.844460,-12.322414,-0.046175,0.529181,2.094389,0.425791,-7.212553,18.623714,-45.322994,59.412132,3.966296,2.714386,7.656754,-3.989562,-22.123001,46.353203,59.259209,-2.332529,4.989288,-14.054083
291.000000,-1738.935303,1378.250488,78.708527,1.510572,0.091174,-152.970537,0.406871,3.042345,12.944851,10.176776,-8.011298,-2.393544,2.663935,-2.788928,-10.407291,9.726379,-12.207516,0.117457,0.495256,2.029757,0.420171,-7.016449,18.619938,-45.318668,59.597870,3.950191,2.680188,7.892920,-3.761840,-21.903488,46.352116,59.518566,-2.416269,4.983171,-14.220118
292.000000,-1738.808838,1378.104126,78.706841,1.435471,0.128124,-152.869907,0.365382,2.926035,12.954279,10.048396,-8.075543,-2.221948,2.630944,-2.905365,-10.571138,9.639499,-12.101609,0.275281,0.474671,1.961096,0.409639,-6.835758,18.616617,-45.315079,59.714870,3.936888,2.672941,8.056519,-3.557618,-21.726379,46.350212,59.708649,-2.488172,4.978111,-14.368916
293.000000,-1738.672974,1377.959595,78.699669,1.335203,0.156623,-152.768920,0.309658,2.847053,12.963854,9.969299,-8.201919,-2.056464,2.590003,-2.991165,-10.733095,9.579763,-12.003520,0.427302,0.468647,1.912030,0.395378,-6.676906,18.606640,-45.312237,59.770981,3.926637,2.670235,8.162296,-3.391642,-21.587154,46.347805,59.843369,-2.545882,4.974596,-14.497817
294.000000,-1738.528687,1377.817139,78.686592,1.207515,0.182890,-152.688975,0.264596,2.806609,12.993531,9.887106,-8.378233,-1.903660,2.531532,-3.039693,-10.870966,9.548101,-11.912369,0.568078,0.468698,1.886922,0.370953,-6.550273,18.572035,-45.308735,59.840527,3.920519,2.667253,8.221195,-3.291377,-21.461395,46.344131,59.962399,-2.578820,4.971583,-14.583992
295.000000,-1738.376221,1377.680420,78.668068,1.053776,0.202161,-152.626485,0.238416,2.798894,13.019447,9.812882,-8.550343,-1.787235,2.477210,-3.051955,-10.966316,9.531468,-11.838466,0.673029,0.469128,1.877545,0.348697,-6.479840,18.521830,-45.305527,59.945194,3.918662,2.665388,8.239830,-3.257098,-21.355194,46.340111,60.060753,-2.595117,4.969246,-14.624939
296.000000,-1738.214355,1377.547485,78.644867,0.878821,0.209133,-152.556912,0.213530,2.807933,13.034697,9.713836,-8.802990,-1.638928,2.408143,-3.047490,-11.095056,9.522600,-11.744699,0.803672,0.468310,1.869213,0.328987,-6.430673,18.434992,-45.301342,60.116352,3.919309,2.665046,8.247326,-3.247667,-21.218203,46.333961,60.170700,-2.613776,4.965746,-14.653457
297.000000,-1738.047852,1377.418701,78.613647,0.663285,0.199993,-152.467269,0.199305,2.855169,13.039680,9.616576,-9.113828,-1.495273,2.354826,-3.004901,-11.248778,9.513856,-11.648789,0.921778,0.466453,1.883037,0.316398,-6.406229,18.343630,-45.296509,60.275433,3.922135,2.665287,8.251540,-3.235533,-21.102882,46.319923,60.227314,-2.629358,4.960640,-14.667125
298.000000,-1737.896729,1377.311523,78.608948,0.582180,0.163435,-152.403554,0.172865,2.834736,13.030912,9.584995,-9.288283,-1.325928,2.321701,-3.038928,-11.390684,9.520360,-11.560122,1.029916,0.466715,1.784028,0.310099,-6.354208,18.308819,-45.289764,60.423847,3.927895,2.663536,8.256758,-3.207983,-20.953470,46.298775,60.257416,-2.640462,4.955322,-14.675689
299.000000,-1737.755005,1377.212524,78.620567,0.547861,0.106506,-152.417787,0.155300,2.740718,13.061749,9.615506,-9.272368,-1.163973,2.309391,-3.157266,-11.457537,9.521505,-11.444703,1.136490,0.490680,1.576874,0.302120,-6.240516,18.310167,-45.260624,60.600952,3.968260,2.665057,8.262888,-3.177595,-20.765728,46.272038,60.266880,-2.668481,4.945478,-14.682908
300.000000,-1737.624512,1377.115845,78.635063,0.483172,0.047999,-152.488471,0.171599,2.694438,13.146674,9.634373,-9.276016,-1.020666,2.312139,-3.228907,-11.507192,9.467377,-11.253156,1.255255,0.551112,1.428305,0.262989,-6.007249,18.335384,-45.166447,60.675327,4.096226,2.684632,8.268254,-3.121000,-20.583721,46.192596,60.289925,-2.758063,4.908692,-14.690382
301.000000,-1737.495850,1377.024048,78.650406,0.401469,-0.016653,-152.535782,0.182416,2.676783,13.196181,9.672339,-9.298978,-0.890749,2.331909,-3.274971,-11.647737,9.397468,-11.030297,1.360854,0.592337,1.354613,0.219071,-5.730680,18.368881,-45.067520,60.684528,4.261684,2.712357,8.269808,-3.050943,-20.450855,46.121407,60.321743,-2.871265,4.883868,-14.697351
302.000000,-1737.363647,1376.945068,78.659088,0.348669,-0.084568,-152.609364,0.184656,2.641655,13.258680,9.728595,-9.327277,-0.766961,2.342340,-3.369233,-12.059136,9.340888,-10.872609,1.472770,0.668305,1.281738,0.196837,-5.469996,18.414040,-44.978794,60.687546,4.467497,2.767001,8.266700,-2.988071,-20.355091,46.078869,60.353596,-2.979989,4.877366,-14.702772
303.000000,-1737.229370,1376.876343,78.665665,0.300496,-0.153148,-152.712456,0.179101,2.615753,13.346566,9.807617,-9.365827,-0.653654,2.330947,-3.445676,-12.345870,9.304996,-10.720036,1.527715,0.771119,1.242681,0.199050,-5.219584,18.449675,-44.892799,60.689621,4.715790,2.871957,8.260597,-2.954275,-20.296848,46.062351,60.397194,-3.091793,4.875442,-14.704582
304.000000,-1737.094849,1376.817261,78.671242,0.260917,-0.211819,-152.773123,0.141307,2.580389,13.394761,9.899789,-9.396033,-0.544216,2.313184,-3.524814,-12.610960,9.269435,-10.585759,1.574729,0.827007,1.224435,0.205304,-4.989875,18.490849,-44.853794,60.691044,4.921368,3.003813,8.234118,-2.924290,-20.264612,46.034824,60.421604,-3.233074,4.876355,-14.705961
305.000000,-1736.969604,1376.771118,78.673920,0.240916,-0.263680,-152.784040,0.095275,2.536908,13.396936,9.976758,-9.410981,-0.456729,2.296959,-3.601645,-12.833635,9.257752,-10.510154,1.620372,0.830325,1.205180,0.209578,-4.819209,18.537252,-44.842140,60.691994,5.002011,3.123224,8.173923,-2.881954,-20.235228,45.977386,60.425800,-3.348577,4.878214,-14.709542
306.000000,-1736.846680,1376.733276,78.675476,0.222951,-0.317988,-152.779352,0.024795,2.483804,13.386005,10.094174,-9.433101,-0.350950,2.272835,-3.685965,-12.994803,9.257069,-10.429996,1.650566,0.830031,1.185023,0.215830,-4.620486,18.592512,-44.821491,60.693462,5.029693,3.305631,8.050268,-2.804796,-20.179707,45.864296,60.427063,-3.468233,4.883341,-14.718700
307.000000,-1736.727905,1376.704712,78.677528,0.200898,-0.413539,-152.747539,-0.022532,2.441624,13.349714,10.221719,-9.454287,-0.258003,2.284583,-3.756495,-13.106012,9.267015,-10.352623,1.722192,0.828984,1.179422,0.254998,-4.462310,18.622532,-44.791843,60.709404,5.083256,3.500526,7.891971,-2.732596,-20.099527,45.768158,60.478165,-3.581156,4.888905,-14.729830
308.000000,-1736.616089,1376.685059,78.678467,0.180375,-0.555001,-152.685576,-0.017446,2.402702,13.280423,10.360399,-9.477782,-0.176877,2.358603,-3.825401,-13.237141,9.301320,-10.295994,1.787862,0.827642,1.177064,0.347045,-4.353544,18.615852,-44.750912,60.779160,5.202660,3.665115,7.719726,-2.711432,-19.946920,45.705135,60.735058,-3.689395,4.891964,-14.740780
309.000000,-1736.522827,1376.668823,78.679428,0.169258,-0.659319,-152.630572,-0.006848,2.358002,13.209615,10.453457,-9.485580,-0.107381,2.417483,-3.892406,-13.356295,9.337090,-10.253031,1.840270,0.827271,1.170982,0.382306,-4.218822,18.602068,-44.729939,60.872185,5.304527,3.791262,7.551007,-2.673993,-19.749260,45.659904,61.105389,-3.793017,4.901061,-14.763130
310.000000,-1736.436646,1376.655151,78.681183,0.162803,-0.779029,-152.551776,0.037083,2.300488,13.119061,10.491099,-9.468066,-0.045312,2.503152,-3.961375,-13.490936,9.349505,-10.209419,1.888519,0.794453,1.163572,0.407864,-4.029577,18.599136,-44.725494,60.962940,5.349530,3.895932,7.370475,-2.586584,-19.536062,45.643131,61.495296,-3.958030,4.908397,-14.818079
311.000000,-1736.359741,1376.645508,78.681183,0.158280,-0.882721,-152.482690,0.060792,2.251998,13.033468,10.556657,-9.463727,0.011686,2.566069,-4.026599,-13.611611,9.391931,-10.189531,1.927840,0.769308,1.159147,0.412058,-3.822103,18.596458,-44.721622,61.058987,5.370098,4.021876,7.178658,-2.437111,-19.314909,45.604355,61.907719,-4.109466,4.924251,-14.885635
312.000000,-1736.284058,1376.643188,78.679108,0.155966,-0.973580,-152.427035,0.052809,2.224599,12.979925,10.638798,-9.475353,0.052159,2.584065,-4.073671,-13.687664,9.453902,-10.192578,1.949259,0.766176,1.153470,0.414589,-3.666383,18.591221,-44.697140,61.131084,5.385313,4.143620,7.036961,-2.301307,-19.139362,45.544632,62.235764,-4.239244,4.949537,-14.923306
313.000000,-1736.211060,1376.651245,78.676384,0.154293,-1.046199,-152.355427,0.009792,2.194733,12.895557,10.772154,-9.496320,0.098229,2.588393,-4.133216,-13.802077,9.545686,-10.207396,1.972564,0.759138,1.129217,0.427211,-3.455036,18.571527,-44.586166,61.223694,5.425375,4.338044,6.857364,-2.133895,-18.837734,45.427536,62.787235,-4.485211,5.038830,-14.951651
314.000000,-1736.139648,1376.668701,78.674255,0.159565,-1.101573,-152.267899,-0.054705,2.163177,12.795403,10.884048,-9.499884,0.131132,2.573581,-4.190208,-13.929765,9.628669,-10.224751,1.991056,0.760803,1.074529,0.443649,-3.250871,18.531553,-44.401375,61.269348,5.524122,4.572226,6.690294,-1.972546,-18.490311,45.326118,63.365368,-4.755367,5.215256,-14.962570
315.000000,-1736.069702,1376.695068,78.673050,0.168831,-1.134505,-152.153135,-0.132286,2.116807,12.652908,10.957055,-9.473541,0.158431,2.530670,-4.258895,-14.095495,9.744144,-10.257423,2.000810,0.776615,0.983731,0.458555,-3.122657,18.460716,-44.157211,61.326878,5.638302,4.838299,6.505512,-1.783483,-18.103647,45.310173,63.968979,-5.079820,5.458299,-14.966740
316.000000,-1735.990967,1376.723145,78.674538,0.178879,-1.133063,-152.125101,-0.221282,2.081197,12.595222,10.974083,-9.416003,0.184348,2.405292,-4.315103,-14.170390,9.869418,-10.268898,2.001886,0.849657,0.895872,0.444485,-3.108279,18.428690,-43.793316,61.329174,5.667528,5.051529,6.342330,-1.725954,-17.862448,45.048603,64.349777,-5.199726,5.705000,-15.015839
317.000000,-1735.918945,1376.747314,78.676361,0.175900,-1.139344,-152.096716,-0.313928,2.065447,12.542461,11.026840,-9.379632,0.209669,2.313695,-4.348987,-14.241198,9.939261,-10.250530,2.000816,0.889818,0.829287,0.417409,-3.108745,18.405737,-43.507164,61.326187,5.688192,5.243168,6.205972,-1.754674,-17.712009,44.849335,64.626503,-5.321658,5.911547,-15.028386
318.000000,-1735.858887,1376.770630,78.676620,0.164205,-1.157748,-152.015351,-0.424547,2.060742,12.434775,11.153771,-9.379232,0.232523,2.284403,-4.371895,-14.369291,9.964092,-10.226740,1.999705,0.900129,0.767376,0.379625,-3.111844,18.373968,-43.231785,61.326286,5.739848,5.425108,6.073889,-1.774448,-17.523357,44.797638,65.001297,-5.498416,6.078320,-15.028133
319.000000,-1735.806030,1376.792725,78.675995,0.151002,-1.180758,-151.927111,-0.505661,2.059659,12.345733,11.259768,-9.387418,0.247330,2.278006,-4.385942,-14.473761,9.973120,-10.210175,1.998107,0.904910,0.718053,0.351466,-3.111720,18.343378,-43.024937,61.327263,5.780282,5.542494,5.982567,-1.782453,-17.353498,44.710705,65.308846,-5.599472,6.193887,-15.033286
320.000000,-1735.758789,1376.812500,78.675293,0.133728,-1.206574,-151.843834,-0.607813,2.062018,12.226509,11.402852,-9.404039,0.265140,2.277959,-4.399186,-14.610124,9.978764,-10.183755,1.995102,0.910878,0.655552,0.320235,-3.105991,18.276426,-42.736923,61.329960,5.833571,5.678671,5.862957,-1.790890,-17.130360,44.560337,65.693130,-5.756543,6.363196,-15.037688
321.000000,-1735.715454,1376.826904,78.675865,0.119523,-1.239283,-151.820748,-0.655289,2.068024,12.166621,11.485487,-9.411250,0.276952,2.277954,-4.402377,-14.676808,9.982012,-10.153242,1.990784,0.935133,0.612798,0.309257,-3.075389,18.213951,-42.421700,61.332924,5.879526,5.774084,5.794327,-1.788235,-16.957373,44.324615,65.945984,-5.950204,6.521221,-15.040248
322.000000,-1735.679077,1376.835938,78.677597,0.109666,-1.272715,-151.826139,-0.659065,2.068353,12.130664,11.511567,-9.399955,0.287744,2.279601,-4.405875,-14.716491,9.985328,-10.114471,1.984669,0.960449,0.576753,0.297147,-2.995526,18.156025,-42.068794,61.336010,5.899385,5.825017,5.770013,-1.758522,-16.787798,44.106487,66.156502,-6.286137,6.681254,-15.039472
323.000000,-1735.643066,1376.840210,78.679909,0.099299,-1.297778,-151.848216,-0.651883,2.067125,12.120912,11.512415,-9.384706,0.298650,2.272016,-4.407587,-14.725220,9.983263,-10.072895,1.979686,1.001207,0.574753,0.285050,-2.960192,18.072769,-41.804695,61.418709,5.906734,5.840477,5.770889,-1.716737,-16.679262,43.901344,66.292450,-6.707386,6.794285,-15.036528
324.000000,-1735.610596,1376.841431,78.682579,0.094105,-1.305327,-151.875890,-0.651986,2.061897,12.117895,11.501723,-9.368018,0.308151,2.255654,-4.411708,-14.726872,9.979380,-10.041764,1.978630,1.035588,0.586388,0.269456,-2.942202,18.000019,-41.620754,61.486000,5.909793,5.875341,5.778837,-1.653913,-16.608118,43.741512,66.350914,-7.022630,6.881296,-15.032096
325.000000,-1735.581543,1376.844116,78.685295,0.090451,-1.313737,-151.885533,-0.654386,2.048892,12.104358,11.479506,-9.338428,0.322071,2.233806,-4.421664,-14.739230,9.970826,-10.000266,1.980004,1.061112,0.604217,0.252678,-2.904279,17.933285,-41.421856,61.502071,5.913743,5.958805,5.797936,-1.570153,-16.552794,43.535202,66.361855,-7.330784,6.997468,-15.025348
326.000000,-1735.554077,1376.849609,78.687927,0.086886,-1.326475,-151.888989,-0.654642,2.038206,12.079083,11.465161,-9.312481,0.333270,2.228245,-4.428885,-14.764440,9.956616,-9.964422,1.981486,1.065070,0.618127,0.250136,-2.893512,17.891626,-41.323349,61.507668,5.920085,6.038960,5.804553,-1.529575,-16.517666,43.417435,66.368111,-7.514032,7.103942,-15.019686
327.000000,-1735.531250,1376.858154,78.690323,0.084016,-1.339125,-151.888509,-0.652688,2.027957,12.044539,11.447023,-9.282214,0.344722,2.221929,-4.435538,-14.798839,9.946636,-9.928121,1.981712,1.066793,0.629552,0.247239,-2.889316,17.847658,-41.233143,61.513577,5.929672,6.133641,5.809952,-1.507461,-16.474308,43.324501,66.387756,-7.701488,7.230081,-15.002260
328.000000,-1735.512573,1376.865234,78.692802,0.089331,-1.318165,-151.895462,-0.673832,2.011703,12.024526,11.416237,-9.251346,0.363431,2.182626,-4.451295,-14.835474,9.941833,-9.902493,1.985014,1.104576,0.632481,0.211629,-2.890036,17.786289,-41.111313,61.553921,5.941766,6.201472,5.812674,-1.491432,-16.428135,43.284908,66.439697,-7.863182,7.348850,-14.990215
329.000000,-1735.498779,1376.868774,78.695213,0.096219,-1.273730,-151.906756,-0.710444,1.991928,12.014598,11.370023,-9.221111,0.383352,2.122050,-4.470717,-14.873546,9.931424,-9.883606,1.986558,1.200814,0.633307,0.156812,-2.893321,17.688828,-40.896660,61.648636,5.956483,6.243088,5.814203,-1.449328,-16.356825,43.203388,66.503281,-8.121172,7.509515,-14.977267
330.000000,-1735.492310,1376.867554,78.695282,0.092242,-1.225644,-151.837009,-0.777399,1.977858,11.956075,11.387559,-9.220496,0.400179,2.094995,-4.483166,-14.949919,9.900031,-9.871636,1.985654,1.248238,0.641394,0.105798,-2.893122,17.608612,-40.727371,61.738972,5.966094,6.282368,5.813803,-1.401007,-16.298712,43.115852,66.531593,-8.423987,7.665455,-14.962726
331.000000,-1735.491577,1376.859253,78.692963,0.089897,-1.206056,-151.709399,-0.860561,1.948479,11.824125,11.455703,-9.239258,0.420939,2.108433,-4.511094,-15.094069,9.870611,-9.878371,1.988352,1.250526,0.659600,0.070658,-2.891506,17.544512,-40.612526,61.801876,5.970437,6.356088,5.811726,-1.319574,-16.249121,43.050343,66.536499,-8.775383,7.826523,-14.938962
332.000000,-1735.498291,1376.844727,78.688499,0.088850,-1.197082,-151.557834,-0.947050,1.902549,11.638018,11.560656,-9.277329,0.443534,2.147612,-4.558697,-15.286830,9.867513,-9.913348,1.999007,1.251656,0.673434,0.045209,-2.879657,17.492941,-40.490086,61.812370,6.009763,6.469677,5.807959,-1.194243,-16.216957,43.014286,66.533745,-9.051085,7.996640,-14.885143
333.000000,-1735.506958,1376.829834,78.682274,0.098239,-1.174339,-151.356464,-1.057510,1.839364,11.416145,11.689301,-9.316538,0.470097,2.169194,-4.631755,-15.515242,9.921224,-9.985957,2.025826,1.278008,0.655063,0.030597,-2.874799,17.466074,-40.369476,61.785511,6.141722,6.540830,5.801357,-1.071816,-16.204294,43.011921,66.529015,-9.123748,8.172576,-14.789477
334.000000,-1735.509521,1376.812134,78.673294,0.101608,-1.113032,-150.999352,-1.288845,1.747771,11.058117,11.905358,-9.368102,0.517171,2.167259,-4.739857,-15.894049,9.999043,-10.077566,2.075741,1.284620,0.627347,0.013094,-2.919378,17.460489,-40.328384,61.762325,6.312460,6.575209,5.764541,-0.980085,-16.219479,43.016869,66.525459,-9.032971,8.368525,-14.628422
335.000000,-1735.511963,1376.785278,78.664062,0.130149,-1.109908,-150.565530,-1.417994,1.625917,10.708546,12.016308,-9.378520,0.564591,2.211427,-4.868807,-16.262243,10.096488,-10.185789,2.133545,1.267178,0.592366,0.055873,-2.963226,17.454763,-40.307407,61.767281,6.471305,6.591400,5.729815,-0.947440,-16.245543,43.017784,66.524147,-8.917773,8.530232,-14.449714
336.000000,-1735.529663,1376.742188,78.653755,0.175526,-1.175462,-150.032402,-1.454536,1.427776,10.239128,12.050767,-9.360726,0.628021,2.361482,-5.060560,-16.750235,10.222671,-10.354592,2.225154,1.176248,0.522178,0.134127,-2.971027,17.454760,-40.217823,61.793304,6.622500,6.612290,5.703315,-0.935432,-16.262127,42.970692,66.523705,-8.806951,8.699417,-14.227441
337.000000,-1735.560059,1376.682617,78.640114,0.236548,-1.265553,-149.564190,-1.412730,1.154655,9.680276,12.059926,-9.348150,0.716535,2.583937,-5.330313,-17.323683,10.445090,-10.619533,2.361699,1.085708,0.407832,0.193694,-2.967213,17.442936,-40.000370,61.899406,6.718338,6.639694,5.631297,-0.890631,-16.267698,42.775318,66.512558,-8.686908,8.856774,-13.964706
338.000000,-1735.605225,1376.610229,78.624954,0.352644,-1.396488,-149.342120,-1.147581,0.888528,9.446256,11.861813,-9.292382,0.785730,2.678055,-5.633721,-17.556244,10.909172,-10.980197,2.491643,1.349496,0.195050,0.238665,-2.969422,17.362715,-39.399414,62.065372,6.972015,6.654549,5.593054,-0.848005,-16.269377,42.586185,66.464973,-8.660389,9.010142,-13.741413
339.000000,-1735.670654,1376.531616,78.605682,0.498093,-1.533853,-149.171701,-0.797397,0.617348,9.312388,11.560588,-9.216727,0.840140,2.703105,-5.959872,-17.672693,11.504869,-11.411220,2.608572,1.800954,-0.136654,0.243684,-2.964337,17.265308,-38.705517,62.259594,7.696311,6.724394,5.591760,-0.827425,-16.255440,42.484791,66.405548,-8.640777,9.157566,-13.565466
340.000000,-1735.742554,1376.456787,78.579086,0.643795,-1.665307,-148.877223,-0.514528,0.308840,9.043302,11.368969,-9.182616,0.913163,2.731015,-6.341424,-17.919479,12.212187,-11.930179,2.738935,2.226418,-0.579579,0.245085,-2.948212,17.221203,-37.971699,62.364281,8.813131,6.837914,5.597115,-0.887591,-16.240400,42.398499,66.371811,-8.570846,9.249252,-13.393236
341.000000,-1735.815674,1376.376099,78.545525,0.787370,-1.776488,-148.509523,-0.395579,0.097825,8.811600,11.338400,-9.200125,0.971443,2.744265,-6.612134,-18.140852,12.708282,-12.296723,2.835344,2.495376,-0.907140,0.241582,-2.934964,17.223116,-37.494267,62.383701,9.585365,6.921649,5.607470,-0.987483,-16.246635,42.349003,66.372841,-8.515447,9.290498,-13.274124
342.000000,-1735.890381,1376.283813,78.504486,0.962252,-1.943417,-148.186917,-0.159321,-0.250776,8.504348,11.287974,-9.255191,1.069751,2.750463,-7.075724,-18.431036,13.580827,-12.922152,2.999943,2.956279,-1.473004,0.292421,-2.864632,17.266840,-36.882980,62.399914,10.727502,7.099656,5.674876,-1.265293,-16.285034,42.285007,66.379509,-8.421570,9.335565,-13.080096
343.000000,-1735.985596,1376.170776,78.456337,1.156151,-2.182423,-147.735919,0.187312,-0.641475,8.150627,11.227357,-9.331518,1.173029,2.888233,-7.584262,-18.775610,14.455121,-13.581392,3.189159,3.320411,-2.064082,0.409150,-2.869710,17.341261,-36.412609,62.650017,11.518000,7.218560,5.754748,-1.563143,-16.347464,42.262711,66.392578,-8.236239,9.349227,-12.941028
344.000000,-1736.115845,1376.018066,78.402008,1.368915,-2.443640,-147.218171,0.585195,-1.080596,7.714229,11.166139,-9.436496,1.293899,3.172818,-8.131229,-19.232697,15.231713,-14.246753,3.427288,3.621891,-2.703225,0.454971,-2.818692,17.356974,-36.181953,63.248650,12.145678,7.413782,5.781436,-1.748986,-16.410543,42.208603,66.399979,-8.067188,9.362814,-12.860187
345.000000,-1736.243286,1375.843628,78.345596,1.573710,-2.673107,-146.768264,1.021625,-1.576523,7.293454,11.120962,-9.606836,1.470610,3.488669,-8.755876,-19.702986,16.066635,-14.969675,3.728759,3.925636,-3.374938,0.452163,-2.609919,17.471630,-35.993443,63.669594,12.682380,7.799385,5.831763,-1.879590,-16.517462,42.032421,66.404724,-8.009720,9.370717,-12.834609
346.000000,-1736.374878,1375.627686,78.276756,1.803791,-2.871249,-146.347955,1.285046,-1.930937,7.063133,11.139206,-9.763382,1.605854,3.635617,-9.221616,-19.966976,16.717867,-15.491323,3.945229,4.117732,-3.822013,0.427260,-2.318684,17.575157,-35.941048,63.792049,12.965308,8.081402,5.831577,-1.967507,-16.630249,41.896431,66.406174,-7.969515,9.374472,-12.828638
347.000000,-1736.502075,1375.391357,78.191162,2.066732,-3.011231,-145.882081,1.565284,-2.542377,6.688054,11.318044,-10.080214,1.838098,3.725568,-10.062797,-20.395100,17.965904,-16.412975,4.305316,4.319175,-4.591638,0.380001,-1.754635,17.778400,-35.839966,63.800186,13.157495,8.511380,5.808371,-2.157839,-16.812395,41.648727,66.399940,-7.804970,9.416490,-12.824091
348.000000,-1736.614380,1375.162109,78.091209,2.352514,-3.217985,-145.482301,1.770848,-2.993831,6.442905,11.490180,-10.318524,1.969995,3.711858,-10.719480,-20.640425,19.064699,-17.131353,4.544895,4.470094,-5.190262,0.460857,-1.505408,18.024529,-35.788536,63.760975,13.178519,8.800655,5.776094,-2.385122,-16.897137,41.459137,66.395851,-7.593137,9.478953,-12.825806
349.000000,-1736.720825,1374.929443,78.001923,2.578716,-3.427152,-145.116176,2.089143,-3.521063,6.166754,11.708709,-10.623188,2.100041,3.656338,-11.519316,-20.808578,20.574160,-17.945147,4.834745,4.640251,-5.919850,0.608528,-1.200154,18.313372,-35.783112,63.772312,13.191569,9.049803,5.695067,-2.751275,-16.973228,41.166695,66.395805,-7.362238,9.506927,-12.827548
350.000000,-1736.823242,1374.666626,77.951515,2.633239,-3.641679,-144.406010,2.322364,-3.921883,5.525321,11.967509,-10.867315,2.247583,3.508093,-12.228050,-21.169752,22.410627,-18.319365,5.135685,4.439468,-6.465556,0.729699,-0.954908,18.496429,-35.785229,63.894825,13.196601,9.227412,5.591272,-3.130378,-17.039215,40.713535,66.390656,-7.312080,9.510633,-12.837882
351.000000,-1736.921143,1374.394897,77.954735,2.491828,-3.795448,-143.507447,2.428096,-4.070993,4.945284,12.120628,-10.983512,2.348912,3.347440,-12.588411,-21.471424,23.727774,-18.234549,5.315878,4.221900,-6.695999,0.763677,-0.868907,18.540981,-35.786045,63.986546,13.194729,9.343832,5.513414,-3.292583,-17.103695,40.365265,66.358391,-7.302058,9.508821,-12.859745
352.000000,-1737.016113,1374.112915,77.996643,2.186514,-3.891135,-142.608892,2.548705,-4.134112,3.996497,12.326443,-11.142103,2.507293,3.023161,-12.956921,-21.850288,25.744982,-17.682230,5.556830,3.967709,-6.896685,0.752855,-0.814787,18.577890,-35.818001,64.033737,13.179776,9.502281,5.385055,-3.395244,-17.268944,39.847416,66.228745,-7.283286,9.503530,-12.905717
353.000000,-1737.102173,1373.844604,78.055534,1.799549,-3.933666,-141.825806,2.608437,-4.005334,3.163637,12.559157,-11.324767,2.631477,2.679268,-13.052747,-21.989695,27.442385,-16.787889,5.724171,3.842952,-6.897098,0.717942,-0.803765,18.660814,-35.982044,64.003067,13.031393,9.554035,5.294955,-3.419014,-17.469540,39.410469,66.118958,-7.226781,9.464841,-12.949181
354.000000,-1737.189697,1373.573242,78.119102,1.379252,-3.929634,-141.045893,2.592694,-3.820162,2.408300,12.814167,-11.505186,2.706911,2.458896,-12.916956,-21.858562,28.545422,-15.887099,5.761390,3.719095,-6.845186,0.699425,-0.800081,18.849844,-36.257561,63.829762,12.638774,9.555229,5.184698,-3.511895,-17.641802,38.860374,66.104149,-7.098234,9.366415,-12.978701
355.000000,-1737.274780,1373.330933,78.166626,1.026161,-3.869354,-140.175860,2.455598,-3.701873,1.502890,13.152814,-11.683656,2.772655,2.581643,-12.521644,-21.437962,28.740664,-15.293623,5.484445,3.372733,-6.808050,0.696621,-0.804725,19.109293,-36.618340,63.529766,12.219851,9.526374,5.019306,-3.688788,-17.827593,38.087479,66.105293,-6.873482,9.169274,-13.019354
356.000000,-1737.353271,1373.120728,78.207359,0.716777,-3.660464,-139.354677,2.162119,-3.637225,0.697832,13.446709,-11.807939,2.817347,2.710406,-11.915380,-20.711662,28.050964,-15.517004,5.185018,2.983956,-6.749331,0.640225,-0.889294,19.352352,-37.028980,63.271446,11.809886,9.468169,4.842402,-3.884502,-18.030575,37.433132,66.131805,-6.508433,8.894596,-13.166836
357.000000,-1737.409546,1372.957642,78.242287,0.472637,-3.409638,-138.769287,1.864426,-3.583606,0.092287,13.642258,-11.880323,2.851526,2.632313,-11.277273,-20.056751,26.753036,-15.708729,4.752538,2.746134,-6.660347,0.645285,-1.092193,19.547514,-37.414059,63.090801,11.402904,9.393044,4.697502,-4.101038,-18.257029,36.964970,66.190392,-6.112838,8.594895,-13.388885
358.000000,-1737.442749,1372.833740,78.276695,0.220538,-3.297352,-138.311376,1.628807,-3.481406,-0.474598,13.860685,-11.964449,2.882542,2.276916,-10.495619,-19.368605,24.816402,-15.956896,4.317146,2.566324,-6.416376,0.911818,-1.512205,19.676947,-37.809734,63.010685,10.950143,9.276126,4.590211,-4.424198,-18.559433,36.607143,66.335503,-5.726261,8.223048,-13.763815
359.000000,-1737.482422,1372.726929,78.306091,-0.020672,-3.282540,-137.814082,1.492208,-3.360862,-1.018625,14.162554,-12.089554,2.895864,1.798891,-9.807734,-18.926891,22.812891,-15.521750,3.999708,2.358085,-6.037997,1.303600,-2.001652,19.737339,-38.211090,62.999222,10.513024,9.159799,4.498767,-4.643081,-18.886292,36.518940,66.519333,-5.512189,7.872604,-14.205709
360.000000,-1737.547363,1372.619385,78.319084,-0.196953,-3.248822,-137.166653,1.308742,-3.324569,-1.693061,14.556804,-12.249050,2.898396,1.205638,-9.322901,-18.807016,20.780926,-13.930353,3.803379,1.937627,-5.579095,1.562304,-2.461059,19.777227,-38.730534,62.993320,10.210413,9.053171,4.348571,-4.676625,-19.195261,36.468525,66.789581,-5.358153,7.548815,-14.666016
361.000000,-1737.648438,1372.478638,78.332100,-0.357931,-3.186249,-136.406914,1.137089,-3.370515,-2.419425,14.903749,-12.409524,2.902966,0.724775,-9.081546,-18.927582,19.444244,-12.562255,3.762509,1.372972,-5.036854,1.580123,-2.794694,19.725069,-39.093334,62.983303,10.170791,9.002562,4.072094,-4.484589,-19.427462,36.364098,67.157654,-5.438065,7.343464,-15.146019
362.000000,-1737.796997,1372.284302,78.368774,-0.522040,-2.948638,-135.766522,1.008242,-3.347064,-3.068525,14.920690,-12.471228,2.915168,0.689968,-8.917725,-19.104540,18.776056,-10.694163,4.151139,0.903279,-4.306216,1.154189,-2.944634,19.566170,-39.398151,62.916134,10.278675,8.993094,3.710451,-3.969294,-19.593134,36.294182,67.583931,-5.693619,7.287690,-15.608282
363.000000,-1737.947632,1372.092773,78.418579,-0.657404,-2.692826,-135.426288,1.045217,-3.268900,-3.422935,14.549133,-12.406443,2.925829,0.971603,-8.751737,-19.393349,18.159548,-10.592690,4.409289,0.681011,-3.523972,0.598595,-3.017114,19.412224,-39.611454,62.797508,10.514581,8.951992,3.317392,-3.412759,-19.667862,36.246456,68.029419,-5.928709,7.284929,-15.968077
364.000000,-1738.076782,1371.937744,78.461395,-0.720492,-2.499013,-135.226813,1.157399,-3.230839,-3.547470,14.172018,-12.305181,2.928069,1.257816,-8.636753,-19.559580,17.574671,-10.650080,4.568408,0.581347,-2.995459,0.333930,-3.134781,19.351671,-39.721703,62.704987,10.674745,8.890660,3.037418,-3.136007,-19.671570,36.233498,68.341629,-6.016275,7.285832,-16.147804
365.000000,-1738.171387,1371.838989,78.489235,-0.709997,-2.462713,-135.028666,1.434566,-3.245044,-3.692574,13.638396,-12.128619,2.923850,1.720497,-8.559152,-19.755892,16.871481,-10.712812,4.743350,0.359250,-2.360670,0.316665,-3.464039,19.322390,-39.878342,62.650433,10.778737,8.794113,2.718323,-2.960638,-19.635519,36.238899,68.752335,-6.063455,7.283003,-16.316067
366.000000,-1738.259888,1371.769287,78.510727,-0.651006,-2.452955,-134.833761,1.781225,-3.309747,-3.831499,13.029786,-11.887722,2.916732,2.132259,-8.554724,-19.880287,16.346428,-10.751472,4.884982,0.050574,-1.846346,0.459762,-3.832880,19.319544,-40.053944,62.647209,10.753623,8.716197,2.512357,-2.866231,-19.546120,36.268955,69.150017,-6.063047,7.278008,-16.447817
367.000000,-1738.357910,1371.718750,78.527817,-0.571453,-2.379264,-134.701325,2.078012,-3.370429,-3.905958,12.400233,-11.625479,2.906341,2.392121,-8.568330,-19.911093,15.961016,-10.779829,4.997924,-0.198992,-1.434625,0.565313,-4.155495,19.312410,-40.163921,62.650078,10.686000,8.634643,2.372440,-2.693821,-19.438890,36.334789,69.483627,-6.055505,7.275372,-16.528572
368.000000,-1738.475464,1371.689453,78.542328,-0.486388,-2.251786,-134.682330,2.318732,-3.385691,-3.862976,11.746656,-11.362221,2.874115,2.542057,-8.536315,-19.840765,15.557929,-10.797593,5.054260,-0.262148,-1.146109,0.578275,-4.400330,19.298168,-40.174656,62.652325,10.652673,8.535454,2.314472,-2.374617,-19.332861,36.482307,69.667313,-6.046407,7.292220,-16.542879
369.000000,-1738.607056,1371.683960,78.553322,-0.427978,-2.121852,-134.682504,2.486894,-3.344355,-3.796428,11.228171,-11.173866,2.825154,2.677987,-8.445813,-19.795477,15.137204,-10.803688,5.068909,-0.263024,-0.961032,0.578351,-4.569156,19.280409,-40.175201,62.620026,10.644606,8.468689,2.305947,-2.007018,-19.194469,36.674232,69.719910,-5.986089,7.351072,-16.542042
370.000000,-1738.751953,1371.699951,78.562256,-0.413381,-2.003837,-134.645237,2.554524,-3.238087,-3.767936,10.937016,-11.098603,2.750278,2.875938,-8.265511,-19.786776,14.623356,-10.769622,5.062272,-0.284398,-0.829073,0.579680,-4.698642,19.218674,-40.173637,62.584110,10.645077,8.408517,2.301515,-1.638551,-18.961483,36.889915,69.741669,-5.909190,7.473862,-16.537073
371.000000,-1738.904541,1371.737549,78.572823,-0.431260,-1.879909,-134.459262,2.516995,-3.144778,-3.855447,10.869462,-11.093341,2.679756,3.080556,-8.092971,-19.859306,14.166418,-10.710181,5.048097,-0.384646,-0.771216,0.575713,-4.789994,19.133362,-40.173424,62.579754,10.648171,8.350765,2.296293,-1.413221,-18.712324,37.022972,69.779045,-5.857184,7.591356,-16.511715
372.000000,-1739.049927,1371.796875,78.588280,-0.467046,-1.719368,-133.995573,2.318284,-3.040962,-4.214447,10.924154,-11.097732,2.575207,3.388845,-7.871722,-20.227419,13.524304,-10.582870,5.016686,-0.741842,-0.721500,0.561083,-4.920795,18.967394,-40.175404,62.578976,10.650949,8.238255,2.280021,-1.204146,-18.312256,37.108456,69.837296,-5.790114,7.757751,-16.423107
373.000000,-1739.182251,1371.868652,78.608665,-0.497473,-1.544761,-133.453614,2.046206,-2.976274,-4.740920,10.984435,-11.050844,2.468077,3.664365,-7.705805,-20.840664,12.962632,-10.439951,4.964227,-1.195049,-0.691452,0.558921,-5.113592,18.737379,-40.178551,62.581966,10.640116,8.059315,2.254811,-1.084867,-17.897533,37.178604,69.898399,-5.803880,7.904753,-16.279575
374.000000,-1739.296509,1371.936768,78.629402,-0.526187,-1.377679,-133.082746,1.832456,-2.890207,-5.102067,10.960071,-10.978953,2.368829,3.822306,-7.544509,-21.262957,12.539264,-10.292801,4.905493,-1.499799,-0.630515,0.560081,-5.289341,18.465729,-40.182499,62.584297,10.592483,7.803867,2.247710,-1.060734,-17.499868,37.187393,69.990456,-5.883895,7.980822,-16.117331
375.000000,-1739.395386,1371.995605,78.646545,-0.552158,-1.224430,-132.878469,1.654191,-2.772039,-5.265097,10.901691,-10.916132,2.270019,3.894265,-7.380667,-21.562141,12.184277,-10.152323,4.837765,-1.666404,-0.519594,0.558214,-5.442755,18.144430,-40.184235,62.587788,10.445528,7.485323,2.245011,-1.064004,-17.139420,37.186424,70.033897,-6.050439,7.995323,-15.939160
376.000000,-1739.486084,1372.040405,78.660149,-0.565403,-1.109338,-132.779521,1.567865,-2.658432,-5.297880,10.788420,-10.851885,2.178848,3.946002,-7.240113,-21.730667,11.898523,-10.047060,4.775778,-1.759622,-0.377570,0.555775,-5.536016,17.807135,-40.182175,62.597008,10.261227,7.146096,2.248631,-1.068479,-16.842920,37.181530,70.041214,-6.250316,7.997991,-15.727782
377.000000,-1739.569336,1372.074707,78.671921,-0.577440,-1.022456,-132.733864,1.547092,-2.548298,-5.273960,10.638653,-10.785614,2.095582,3.988165,-7.127211,-21.899410,11.688070,-9.966706,4.718481,-1.820934,-0.210184,0.548197,-5.572663,17.466389,-40.179340,62.604286,10.106559,6.806262,2.256427,-1.067592,-16.590261,37.172924,70.045280,-6.358694,8.001114,-15.510483
378.000000,-1739.646118,1372.101196,78.684235,-0.600707,-0.956991,-132.699839,1.553987,-2.434695,-5.248620,10.495927,-10.730390,2.023250,4.051827,-7.008756,-22.066471,11.476116,-9.866033,4.674863,-1.843634,-0.009714,0.539620,-5.576716,17.122427,-40.178463,62.613979,9.999766,6.482231,2.296370,-1.054690,-16.381435,37.167458,70.049500,-6.458787,8.021229,-15.330593
379.000000,-1739.715820,1372.123535,78.695480,-0.618541,-0.909655,-132.665962,1.573563,-2.362644,-5.239419,10.388727,-10.688944,1.980357,4.096171,-6.932042,-22.153011,11.351303,-9.801764,4.648383,-1.837583,0.143521,0.535466,-5.574529,16.870506,-40.194885,62.639587,9.966505,6.265914,2.353198,-1.048960,-16.250935,37.166618,70.052261,-6.577079,8.066074,-15.247640
380.000000,-1739.784180,1372.142212,78.704315,-0.628413,-0.887862,-132.628205,1.633401,-2.276787,-5.230799,10.229595,-10.631374,1.928342,4.159322,-6.851462,-22.280886,11.240322,-9.747441,4.608057,-1.821758,0.351678,0.530889,-5.548606,16.537577,-40.240417,62.721561,9.943415,5.983168,2.457196,-1.051739,-16.078270,37.166271,70.053398,-6.718935,8.162104,-15.205191
381.000000,-1739.853638,1372.157471,78.710556,-0.633319,-0.882824,-132.588131,1.713173,-2.202392,-5.222103,10.088091,-10.587952,1.880235,4.234153,-6.794760,-22.459736,11.171378,-9.724328,4.566185,-1.801072,0.544671,0.516497,-5.454158,16.261185,-40.256783,62.817814,9.924118,5.734009,2.584146,-1.059246,-15.926208,37.165821,70.051872,-6.750424,8.262172,-15.198032
382.000000,-1739.922119,1372.172363,78.714790,-0.634811,-0.884606,-132.542410,1.790246,-2.135240,-5.217254,9.973234,-10.557569,1.830566,4.308660,-6.750813,-22.654293,11.132335,-9.722541,4.525732,-1.791054,0.722995,0.491986,-5.296993,16.060835,-40.284573,62.906040,9.907376,5.535752,2.711775,-1.075391,-15.791106,37.165890,70.049675,-6.766813,8.352077,-15.195877
383.000000,-1739.987549,1372.190308,78.717285,-0.631644,-0.889262,-132.489958,1.854455,-2.074755,-5.218139,9.886487,-10.536734,1.778082,4.377313,-6.716383,-22.852503,11.116988,-9.739876,4.487833,-1.787891,0.879830,0.470625,-5.106534,15.942389,-40.337051,62.979893,9.893311,5.402047,2.822211,-1.099653,-15.672087,37.166496,70.047401,-6.779871,8.425345,-15.196052
384.000000,-1740.050171,1372.214600,78.717300,-0.617525,-0.891808,-132.427145,1.895329,-2.029981,-5.226369,9.827867,-10.521111,1.724924,4.435560,-6.696793,-23.047537,11.113983,-9.783842,4.452224,-1.786921,0.991852,0.459981,-4.918143,15.906337,-40.409485,63.029461,9.883033,5.344534,2.908994,-1.126652,-15.567853,37.167377,70.045830,-6.790185,8.485799,-15.197872
385.000000,-1740.114014,1372.244385,78.714134,-0.586278,-0.903096,-132.372360,1.943658,-1.999883,-5.226250,9.766367,-10.502202,1.668830,4.493435,-6.690063,-23.197187,11.124485,-9.866835,4.415921,-1.758052,1.055827,0.457632,-4.740796,15.901564,-40.442913,63.132385,9.876814,5.328500,2.972773,-1.141749,-15.465853,37.169323,70.044075,-6.804789,8.547818,-15.198728
386.000000,-1740.176147,1372.276367,78.708061,-0.547683,-0.930467,-132.345366,1.991743,-1.982455,-5.208461,9.725067,-10.493969,1.630084,4.527474,-6.690560,-23.242218,11.162844,-9.953367,4.388553,-1.703317,1.070763,0.458372,-4.637025,15.899226,-40.447243,63.284664,9.872257,5.324681,3.008034,-1.143780,-15.394576,37.171371,70.041969,-6.818505,8.608741,-15.196897
387.000000,-1740.238037,1372.312500,78.701370,-0.510822,-0.965902,-132.261375,2.043630,-1.964470,-5.217733,9.708949,-10.494975,1.577744,4.588279,-6.689052,-23.290386,11.218822,-10.073388,4.358421,-1.640291,1.070446,0.459353,-4.531145,15.891722,-40.451218,63.594959,9.866809,5.323014,3.044900,-1.145596,-15.307059,37.174408,70.021759,-6.846765,8.734025,-15.191727
388.000000,-1740.295166,1372.354370,78.696266,-0.476374,-0.994980,-132.107445,2.052364,-1.962333,-5.314649,9.726582,-10.489173,1.519566,4.681282,-6.683290,-23.388697,11.224713,-10.174886,4.335768,-1.597657,1.051251,0.458776,-4.469873,15.885703,-40.454441,64.006058,9.871521,5.326624,3.071061,-1.147257,-15.241196,37.177876,69.954422,-6.888121,8.909957,-15.185287
389.000000,-1740.344849,1372.397217,78.692719,-0.445834,-1.017880,-131.968592,2.051592,-1.958329,-5.413054,9.737520,-10.476668,1.467189,4.763438,-6.671714,-23.457878,11.225379,-10.256142,4.315189,-1.518803,1.030280,0.459177,-4.409447,15.885097,-40.457291,64.405014,9.883451,5.381590,3.089963,-1.158191,-15.206449,37.179466,69.860985,-6.916309,9.072681,-15.179032
390.000000,-1740.383545,1372.436890,78.688866,-0.414545,-1.035968,-131.876963,2.050554,-1.949642,-5.449548,9.739366,-10.464657,1.422974,4.820336,-6.660030,-23.472628,11.224755,-10.331946,4.295436,-1.398201,1.020340,0.460108,-4.294375,15.885670,-40.460510,64.735786,9.897272,5.540044,3.098886,-1.215362,-15.196521,37.178268,69.782448,-6.937611,9.202454,-15.172740
391.000000,-1740.414185,1372.472900,78.683968,-0.383264,-1.056631,-131.795240,2.044269,-1.947893,-5.466252,9.754042,-10.458712,1.383594,4.872843,-6.655029,-23.474394,11.218976,-10.407247,4.277526,-1.304453,1.017715,0.462911,-4.125651,15.887504,-40.464844,64.970444,9.914361,5.750414,3.103487,-1.310172,-15.194180,37.175690,69.737633,-6.954499,9.296975,-15.167432
392.000000,-1740.434448,1372.515137,78.679970,-0.356927,-1.051550,-131.635219,1.971007,-1.959105,-5.546377,9.818218,-10.455788,1.340578,4.908944,-6.652020,-23.492588,11.214685,-10.477483,4.260993,-1.255896,1.016972,0.449724,-4.021893,15.914230,-40.426216,65.055122,9.921729,5.912580,3.123217,-1.384764,-15.207955,37.172512,69.668724,-6.967144,9.373343,-15.161103
393.000000,-1740.445557,1372.562012,78.678528,-0.330700,-1.042807,-131.488461,1.889947,-1.971984,-5.627534,9.854997,-10.426137,1.301371,4.922537,-6.651717,-23.501328,11.214040,-10.530843,4.244711,-1.204292,1.014788,0.442058,-4.044200,15.959972,-40.418179,65.055450,9.941998,5.985126,3.148231,-1.454419,-15.237061,37.169323,69.558632,-6.981283,9.432974,-15.139021
394.000000,-1740.453003,1372.607666,78.676071,-0.298458,-1.049225,-131.438633,1.860289,-1.974162,-5.625829,9.854490,-10.399858,1.278780,4.923167,-6.651745,-23.470114,11.215685,-10.571154,4.230346,-1.150675,1.010783,0.441360,-4.065712,15.987136,-40.418514,65.051888,9.962814,6.028860,3.161289,-1.524105,-15.253869,37.168060,69.484993,-6.989415,9.452511,-15.122327
395.000000,-1740.459229,1372.650635,78.668304,-0.252756,-1.068623,-131.492035,1.859349,-1.969712,-5.504539,9.848042,-10.384382,1.253846,4.910747,-6.658359,-23.355671,11.230636,-10.661139,4.205376,-1.033232,0.996095,0.441148,-4.069151,16.023752,-40.452473,65.045959,9.970572,6.105165,3.190336,-1.643682,-15.261438,37.168682,69.409515,-6.996167,9.459264,-15.111589
396.000000,-1740.465698,1372.694824,78.655716,-0.191675,-1.077071,-131.616701,1.857490,-1.971357,-5.310533,9.847519,-10.383978,1.231595,4.869915,-6.683683,-23.241259,11.257144,-10.794259,4.170287,-0.902395,0.953309,0.426041,-4.071169,16.063686,-40.458736,65.031845,9.959989,6.136225,3.251878,-1.749926,-15.263621,37.177498,69.314362,-7.004045,9.461755,-15.099155
397.000000,-1740.473145,1372.743530,78.639656,-0.119274,-1.089851,-131.748433,1.850264,-1.978351,-5.082593,9.863122,-10.395680,1.205839,4.829681,-6.717952,-23.166943,11.262567,-10.951863,4.128913,-0.769648,0.881828,0.418661,-4.068631,16.113977,-40.470119,65.022018,9.953145,6.192229,3.314842,-1.847188,-15.263645,37.199703,69.203178,-7.015873,9.462570,-15.077242
398.000000,-1740.482178,1372.793823,78.620697,-0.039869,-1.095582,-131.756301,1.777222,-2.026485,-4.986658,9.975956,-10.431139,1.180803,4.838152,-6.764680,-23.158083,11.230113,-11.129125,4.106702,-0.760125,0.787262,0.412208,-4.058712,16.162138,-40.481709,65.021255,9.948707,6.292065,3.343298,-1.901924,-15.264845,37.202911,69.054321,-7.023323,9.465075,-15.061950
399.000000,-1740.491333,1372.847412,78.601479,0.043605,-1.096853,-131.704369,1.671229,-2.097083,-4.980722,10.112986,-10.460998,1.157539,4.858763,-6.817493,-23.160936,11.195425,-11.312506,4.090343,-0.770283,0.680504,0.409649,-4.060841,16.210524,-40.482430,65.022232,9.929733,6.389215,3.348821,-1.909857,-15.265890,37.202343,68.890587,-7.025143,9.469994,-15.026043
400.000000,-1740.500122,1372.905151,78.583252,0.126723,-1.095209,-131.624098,1.551444,-2.172962,-5.003343,10.250969,-10.481297,1.132642,4.879162,-6.869742,-23.155233,11.161678,-11.497625,4.072367,-0.772623,0.570619,0.409503,-4.062688,16.266405,-40.482616,65.023842,9.885801,6.492762,3.350787,-1.919605,-15.265432,37.201759,68.752922,-7.020712,9.476404,-14.947292
401.000000,-1740.508301,1372.960571,78.568039,0.199642,-1.110786,-131.521405,1.489927,-2.218375,-5.031470,10.329052,-10.487930,1.114644,4.922063,-6.892096,-23.151968,11.107477,-11.594497,4.060949,-0.774029,0.511755,0.418186,-4.060462,16.300600,-40.489304,65.024925,9.855497,6.567437,3.350642,-1.933404,-15.263577,37.202465,68.710014,-7.016487,9.479535,-14.885314
402.000000,-1740.514526,1373.012085,78.555725,0.257779,-1.135422,-131.420739,1.401250,-2.280639,-5.084309,10.449104,-10.496518,1.086329,5.012213,-6.911283,-23.146841,10.992687,-11.715245,4.043026,-0.761961,0.450429,0.421893,-4.063945,16.343353,-40.493317,65.023857,9.818764,6.679062,3.352291,-1.939915,-15.262632,37.206394,68.700485,-7.004478,9.503540,-14.785120
403.000000,-1740.517578,1373.066284,78.537994,0.348746,-1.138625,-131.334140,1.301262,-2.348771,-5.099075,10.587064,-10.513062,1.070348,5.104756,-6.938087,-23.168896,10.838441,-11.823976,4.037875,-0.690889,0.397829,0.411172,-4.069886,16.371424,-40.494728,65.024689,9.805703,6.790279,3.348999,-1.938668,-15.263034,37.294041,68.701424,-6.996668,9.589707,-14.683200
404.000000,-1740.509644,1373.127441,78.503647,0.521070,-1.099080,-131.264382,1.115541,-2.519904,-5.066961,10.760192,-10.525826,1.069558,5.210219,-7.048956,-23.265556,10.530528,-12.041739,4.053813,-0.565877,0.249294,0.391647,-4.103589,16.439791,-40.512001,65.023270,9.886489,6.848592,3.341930,-1.956057,-15.264991,37.545040,68.695770,-7.023519,9.674355,-14.564269
405.000000,-1740.471802,1373.180664,78.484688,0.598100,-1.046053,-131.166305,0.843428,-2.652067,-5.030548,11.018221,-10.565315,1.071688,5.279490,-7.117171,-23.396570,10.210915,-12.165866,3.995535,-0.454310,0.203399,0.407345,-4.132595,16.483696,-40.529926,65.024879,10.190934,6.901807,3.313253,-2.006282,-15.316266,37.740772,68.689659,-7.105170,9.704343,-14.368362
406.000000,-1740.412842,1373.215576,78.489975,0.576258,-1.014150,-131.005355,0.616301,-2.667469,-5.065726,11.234918,-10.576688,1.077061,5.291377,-7.107176,-23.555876,10.082453,-12.079997,3.976974,-0.386901,0.320874,0.461938,-4.176533,16.454203,-40.527039,65.028603,10.392711,6.933875,3.299710,-2.023406,-15.427919,37.878311,68.686356,-7.164880,9.705265,-14.194236
407.000000,-1740.348877,1373.237305,78.496620,0.555995,-0.991367,-130.841202,0.376868,-2.693256,-5.082763,11.470813,-10.576138,1.096805,5.299744,-7.119519,-23.741385,9.991381,-11.986526,3.975207,-0.258453,0.444543,0.530386,-4.215813,16.401854,-40.471954,65.046822,10.629861,6.988514,3.250271,-2.005829,-15.567882,38.045918,68.685883,-7.196385,9.705613,-14.003195
408.000000,-1740.296143,1373.245239,78.501007,0.569998,-0.968943,-130.606691,0.184147,-2.746981,-5.076456,11.677362,-10.569159,1.126078,5.322724,-7.169000,-23.925840,9.940273,-11.958847,3.988335,-0.182507,0.468363,0.541549,-4.230741,16.376364,-40.393284,65.096207,10.821071,7.027457,3.196296,-1.948984,-15.639896,38.132381,68.686401,-7.207602,9.706546,-13.881106
409.000000,-1740.255981,1373.241821,78.502052,0.603188,-0.970424,-130.350480,-0.020150,-2.840708,-5.025635,11.919369,-10.539997,1.171010,5.391850,-7.270381,-24.197258,9.910190,-11.974580,4.014081,-0.041879,0.401659,0.542884,-4.246212,16.363579,-40.244446,65.235931,11.159160,7.098469,3.110594,-1.814041,-15.700813,38.295296,68.685997,-7.220755,9.708158,-13.717217
410.000000,-1740.226929,1373.222412,78.487381,0.594774,-0.977859,-130.100099,-0.168053,-2.849708,-4.636572,12.086631,-10.635859,1.150180,5.454588,-7.349789,-24.455719,9.974829,-12.066074,4.046030,0.207430,0.283290,0.523944,-4.210586,16.362125,-40.114254,65.390648,11.652857,7.276902,2.980500,-1.606066,-15.741973,38.428963,68.675468,-7.223990,9.709979,-13.518705
411.000000,-1740.206543,1373.198730,78.469948,0.616612,-1.023067,-129.939059,-0.260444,-2.905413,-4.544512,12.288762,-10.703015,1.251477,5.453076,-7.463091,-24.588186,10.210967,-12.237696,4.078341,0.549100,0.074681,0.536661,-4.107417,16.377142,-39.750065,65.458672,12.136563,7.496046,2.884610,-1.412923,-15.742660,38.467190,68.655037,-7.218215,9.710629,-13.301184
412.000000,-1740.188232,1373.159912,78.445641,0.651902,-1.094698,-129.780033,-0.342246,-3.005088,-4.460425,12.607382,-10.841067,1.356351,5.421953,-7.668520,-24.716478,10.690849,-12.545527,4.147806,1.013699,-0.264974,0.583916,-3.905426,16.382404,-39.241230,65.503075,12.882319,7.770491,2.743009,-1.250045,-15.744869,38.540329,68.672256,-7.156002,9.712822,-12.925840
413.000000,-1740.177124,1373.110596,78.420601,0.712479,-1.116236,-129.463304,-0.466548,-3.163634,-4.534914,12.863809,-10.935082,1.438737,5.388314,-7.921573,-24.998152,11.156892,-12.864049,4.256577,1.341325,-0.682794,0.566598,-3.694589,16.419373,-38.714493,65.514557,13.696162,8.001480,2.582839,-1.188132,-15.747433,38.606804,68.704086,-7.078610,9.722705,-12.485866
414.000000,-1740.174316,1373.048340,78.398308,0.820964,-1.124237,-128.990149,-0.568108,-3.335722,-4.647405,13.013398,-10.950544,1.513273,5.399214,-8.156956,-25.319668,11.473101,-13.108635,4.368059,1.572527,-1.071426,0.543921,-3.566030,16.471119,-38.157833,65.516830,14.327143,8.127353,2.480319,-1.159239,-15.749194,38.619537,68.710564,-7.065551,9.738447,-12.180007
415.000000,-1740.170898,1372.949951,78.367523,0.916842,-1.121233,-128.490731,-0.706727,-3.523664,-4.289972,13.183938,-11.075680,1.446836,5.451144,-8.522886,-25.847240,11.934394,-13.486205,4.562544,1.979302,-1.662827,0.493952,-3.330715,16.502884,-37.357040,65.521400,15.136173,8.270375,2.402232,-1.141203,-15.780664,38.630569,68.725426,-7.055046,9.792212,-11.814223
416.000000,-1740.168213,1372.809814,78.334435,1.000903,-1.145586,-128.141220,-0.788279,-3.701085,-3.855052,13.393055,-11.124329,1.844498,5.497037,-8.855403,-26.155781,12.346858,-13.805573,4.735854,2.585357,-2.219701,0.469708,-3.078528,16.526344,-36.796291,65.523369,15.568601,8.410061,2.389350,-1.163703,-15.837729,38.647736,68.730690,-7.023598,9.844211,-11.571622
417.000000,-1740.166626,1372.647339,78.290131,1.055848,-1.194925,-127.716054,-0.928784,-3.785958,-2.852525,13.789104,-11.403333,1.996138,5.635963,-9.205282,-26.588369,12.804369,-14.181994,4.954890,3.300178,-2.854299,0.443499,-2.762641,16.624525,-36.052170,65.525864,15.756225,8.621200,2.388241,-1.253618,-15.930679,38.682457,68.731621,-6.906818,9.899638,-11.332253
418.000000,-1740.153564,1372.458496,78.224739,1.117345,-1.260982,-127.178573,-1.118634,-3.887688,-1.840158,14.349861,-11.780975,2.283268,5.765413,-9.617054,-27.109074,13.470179,-14.667379,5.195677,3.760111,-3.451743,0.441664,-2.475339,16.752007,-35.577736,65.531700,15.768427,8.905852,2.386467,-1.486393,-16.003353,38.701508,68.706367,-6.793966,9.981421,-11.151452
419.000000,-1740.120117,1372.244751,78.130997,1.243920,-1.399728,-126.670699,-1.226615,-4.199965,-1.670080,14.967792,-12.138723,2.522098,5.730134,-10.243827,-27.526365,14.656199,-15.400063,5.478395,4.136738,-4.091852,0.514431,-2.238307,16.879723,-35.446842,65.532417,15.753602,9.221102,2.388696,-1.933326,-16.064011,38.707134,68.673424,-6.775098,10.031320,-11.005955
420.000000,-1740.077148,1372.010376,78.017319,1.400702,-1.466561,-126.191091,-1.426324,-4.640624,-1.695906,15.744007,-12.671974,2.840826,5.515590,-11.069816,-27.929018,16.246449,-16.340511,5.829016,4.488544,-4.824552,0.486144,-2.036832,17.067425,-35.435368,65.527359,15.742916,9.547506,2.389778,-2.544379,-16.147396,38.756313,68.637543,-6.767993,10.036823,-10.899611
421.000000,-1740.015625,1371.751465,77.884201,1.566793,-1.504305,-125.783144,-1.611541,-4.952463,-1.714243,16.328154,-13.085011,3.034392,5.279936,-11.664891,-28.124699,17.415775,-16.995657,6.068386,4.785932,-5.318632,0.437862,-1.981725,17.188290,-35.432308,65.522865,15.734408,9.693536,2.386659,-2.988649,-16.249170,38.788094,68.529251,-6.768689,10.035569,-10.854704
422.000000,-1739.938965,1371.474854,77.740074,1.731056,-1.562715,-125.335984,-1.914027,-5.471526,-1.797770,17.323395,-13.769908,3.311951,4.823591,-12.669956,-28.358349,19.487930,-18.026457,6.429008,5.263033,-6.105967,0.396228,-1.960702,17.393925,-35.416950,65.450043,15.665757,9.808618,2.382395,-3.744577,-16.478380,38.799236,68.129265,-6.725612,10.032099,-10.823933
423.000000,-1739.856567,1371.175903,77.620430,1.748913,-1.762877,-124.646226,-2.105434,-5.930480,-2.188951,18.341045,-14.417142,3.571022,4.452574,-13.605123,-28.627655,21.793999,-18.720089,6.746344,5.420127,-6.741472,0.457411,-1.977300,17.596212,-35.427265,65.306686,15.540148,9.840510,2.383182,-4.500543,-16.747755,38.801319,67.493217,-6.582559,10.019814,-10.823117
424.000000,-1739.764771,1370.835449,77.553864,1.493773,-2.053166,-123.689059,-2.172948,-6.180142,-2.919026,19.368553,-15.061326,3.828836,3.912177,-14.451209,-28.921448,24.862421,-18.760086,6.984313,5.354169,-7.034081,0.528696,-2.019770,17.733469,-35.480206,65.292503,15.501399,9.840737,2.378428,-5.175958,-17.029541,38.717178,66.847641,-6.331702,9.919338,-10.854834
425.000000,-1739.696167,1370.461182,77.539566,1.109385,-2.370615,-122.430840,-2.063566,-6.371489,-4.144709,20.253508,-15.608057,4.096055,3.063575,-15.410356,-29.133165,29.074678,-17.994944,7.167949,5.031149,-7.208914,0.546602,-2.063514,17.904436,-35.584991,65.295349,15.260894,9.778269,2.376342,-5.746375,-17.291069,38.431271,66.086601,-6.163116,9.750682,-10.891162
426.000000,-1739.650879,1370.083130,77.554413,0.663414,-2.748445,-121.038821,-1.770421,-6.510155,-5.459753,20.795073,-15.966695,4.290392,2.033638,-16.084723,-28.451880,33.200596,-16.736616,6.636848,4.626247,-7.322389,0.618869,-2.200589,18.150480,-36.002289,65.300980,14.896147,9.681755,2.375366,-6.234629,-17.469107,37.999119,65.369392,-6.149452,9.605895,-10.900842
427.000000,-1739.645752,1369.691040,77.591896,0.194460,-3.132438,-119.573047,-1.232895,-6.654943,-7.194993,21.203480,-16.303959,4.542384,0.562488,-16.501865,-26.629871,38.052547,-14.625393,5.118854,4.122832,-7.426581,0.770153,-2.476130,18.468143,-36.599022,65.314331,14.363747,9.558649,2.378422,-6.798549,-17.599373,37.083263,64.427200,-6.141987,9.391412,-10.983193
428.000000,-1739.710083,1369.282593,77.663834,-0.233578,-3.413008,-118.341754,-0.713564,-6.685905,-8.310075,21.143211,-16.385103,4.654991,-0.483656,-16.390123,-25.037189,40.671459,-13.927006,4.020343,3.973696,-7.508541,0.820895,-2.688756,18.672338,-36.964214,65.321945,13.985637,9.468415,2.407308,-7.088390,-17.623692,36.384251,63.827568,-6.061847,9.103374,-11.144719
429.000000,-1739.823486,1368.881104,77.768913,-0.683285,-3.510011,-117.369980,-0.055395,-6.550263,-9.488680,20.776865,-16.340078,4.678175,-1.937452,-15.773408,-23.391443,42.547710,-14.525717,3.125302,4.079191,-7.574798,0.784303,-2.970815,18.934952,-37.467728,65.322113,13.555798,9.288845,2.481300,-7.473568,-17.617699,35.677086,63.294388,-5.776227,8.571094,-11.337607
430.000000,-1739.947876,1368.514404,77.888992,-1.176591,-3.564064,-116.414188,0.528204,-6.248573,-10.654181,20.395021,-16.255623,4.644371,-3.524070,-14.873073,-22.496712,43.241669,-15.720097,2.666867,4.066347,-7.489844,0.841878,-3.236413,19.244038,-37.927605,65.257698,13.160923,9.020047,2.531385,-8.097013,-17.613516,34.775406,62.859650,-5.199444,7.932313,-11.442527
431.000000,-1740.082031,1368.149414,78.012909,-1.693561,-3.574436,-115.367609,0.980354,-5.915950,-11.792532,20.121929,-16.180710,4.575424,-4.999753,-14.024142,-22.341267,43.135693,-16.487074,2.467695,3.766119,-7.251726,1.006669,-3.446468,19.594772,-38.481941,65.027290,12.885166,8.830382,2.539928,-8.875921,-17.672472,34.066666,62.556927,-4.452435,7.303731,-11.608420
432.000000,-1740.233643,1367.780273,78.129509,-2.141843,-3.585495,-114.504478,1.517782,-5.558206,-12.749608,19.707676,-16.085409,4.529477,-6.349914,-13.030967,-22.111038,42.006336,-16.880894,2.383833,3.534621,-6.926689,1.216479,-3.563313,19.975939,-38.871590,64.601318,12.466077,8.696589,2.536566,-9.605080,-17.835920,33.564789,62.274151,-3.772287,6.675957,-11.821811
433.000000,-1740.411987,1367.395020,78.227242,-2.470506,-3.536075,-113.843698,2.100756,-5.233849,-13.470091,19.101192,-15.964178,4.509707,-7.589257,-11.933110,-21.685684,39.960243,-16.914345,2.287455,3.465562,-6.610363,1.330015,-3.534125,20.417021,-39.048767,63.944214,11.918002,8.601364,2.517345,-10.209682,-18.028133,33.254185,62.104538,-3.376088,6.098399,-12.066076
434.000000,-1740.597168,1367.017334,78.295486,-2.752928,-3.485732,-113.154651,2.479914,-5.019480,-13.966599,18.760036,-15.935472,4.478485,-8.271703,-11.034690,-21.318766,37.883511,-16.561722,2.171586,3.341266,-6.329722,1.413663,-3.499103,20.726326,-39.121792,63.440281,11.686160,8.566240,2.494382,-10.624451,-18.124453,33.020641,62.062969,-3.298372,5.736310,-12.235686
435.000000,-1740.786987,1366.635010,78.329178,-2.929449,-3.418192,-112.347845,2.896059,-4.853348,-14.715878,18.482414,-15.966744,4.410511,-8.971437,-9.793712,-20.767393,34.494308,-15.668542,1.934311,2.901106,-5.908370,1.517613,-3.481284,21.073563,-39.213531,62.834724,11.634680,8.557460,2.459404,-11.180490,-18.173807,32.508987,62.102398,-3.277400,5.226798,-12.482916
436.000000,-1741.001465,1366.222534,78.337532,-2.938661,-3.317890,-111.621322,3.294210,-4.843789,-15.337977,18.153555,-15.974463,4.327735,-9.475573,-8.781902,-20.303673,31.116772,-14.305338,1.643065,2.421808,-5.551151,1.537490,-3.499750,21.304281,-39.298374,62.340466,11.633863,8.557703,2.414585,-11.579513,-18.175838,32.076675,62.231201,-3.273843,4.751531,-12.765332
437.000000,-1741.236450,1365.809570,78.324974,-2.805378,-3.224225,-111.137757,3.749531,-4.918971,-15.530254,17.716621,-15.919116,4.239461,-9.901084,-7.896990,-19.699667,27.980610,-12.536285,1.315791,2.217234,-5.300837,1.490047,-3.604817,21.388708,-39.317207,62.073513,11.640041,8.536579,2.379037,-11.745629,-18.180872,31.878582,62.336750,-3.235617,4.402009,-13.042367
438.000000,-1741.511719,1365.371582,78.296257,-2.673588,-3.139354,-110.718812,4.241269,-4.885251,-15.217355,17.281754,-15.940953,4.016348,-10.126286,-6.956639,-19.003639,25.225950,-10.474048,0.921854,2.195747,-5.023235,1.396500,-3.731342,21.370132,-39.337528,62.023045,11.715195,8.465377,2.375275,-11.666923,-18.172089,31.921427,62.348934,-3.178777,4.221797,-13.263255
439.000000,-1741.826782,1364.914062,78.234734,-2.588975,-2.960746,-110.036013,4.550716,-4.728256,-14.668797,16.977806,-16.210077,3.716446,-10.154120,-6.113627,-18.510752,23.081970,-8.617524,0.519726,2.016863,-4.672987,1.190086,-3.843445,21.314220,-39.415886,62.016460,11.779512,8.410131,2.378848,-11.416904,-18.167435,32.154896,62.349377,-3.072100,4.128083,-13.442828
440.000000,-1742.183472,1364.467285,78.160492,-2.384198,-2.806435,-109.239389,4.763266,-4.689802,-13.997545,16.903048,-16.512815,3.378946,-9.869246,-5.430323,-18.029142,21.175741,-6.313592,0.044767,1.812636,-4.438693,1.035736,-4.011504,21.306799,-39.597881,61.978336,11.796448,8.371180,2.396865,-11.070835,-18.137304,32.676670,62.379929,-2.807818,4.068058,-13.603433
441.000000,-1742.559570,1364.031860,78.066521,-2.098947,-2.637839,-108.186879,4.835673,-4.660075,-13.058784,16.878954,-16.786911,2.991416,-9.416088,-5.166654,-17.944872,20.092045,-3.426598,-0.259897,1.536950,-4.358915,0.928334,-4.130090,21.311684,-39.701782,61.943966,11.801053,8.329764,2.411760,-10.772982,-18.108761,33.145596,62.430916,-2.587591,4.010549,-13.652311
442.000000,-1742.906250,1363.585205,78.024467,-2.099048,-2.359114,-107.141493,4.840042,-4.337397,-11.467356,16.779022,-17.130888,2.696891,-8.378702,-5.150416,-18.608078,19.051630,-4.099871,-0.372437,1.114434,-3.955913,0.721310,-4.274525,21.154331,-39.800198,61.937622,11.808338,8.265117,2.458633,-10.310287,-18.114712,33.684437,62.649006,-2.295635,3.886137,-13.664156
443.000000,-1743.234863,1363.192627,78.072151,-2.185607,-2.024299,-106.249460,4.707889,-3.751494,-9.660822,16.591516,-17.152216,2.544087,-7.374489,-4.894773,-19.143534,17.737144,-5.354101,-0.270977,0.918168,-3.316751,0.558986,-4.479414,20.911556,-39.906483,61.928070,11.917622,8.169887,2.507563,-9.908764,-18.092764,34.156498,63.035656,-2.040510,3.783569,-13.664645
444.000000,-1743.546509,1362.885010,78.198715,-2.217682,-1.769780,-105.267447,4.586750,-3.231188,-7.935166,16.344631,-16.710335,2.390990,-6.531322,-4.771451,-19.778204,16.668709,-5.759522,-0.211160,0.570707,-2.822105,0.686780,-4.730414,20.731760,-39.914124,61.895641,12.135731,8.035422,2.539118,-9.625505,-17.984871,34.518860,63.360962,-2.008147,3.715971,-13.659404
445.000000,-1743.862671,1362.611450,78.392059,-2.224202,-1.500618,-104.186832,4.476202,-2.687657,-6.149114,15.879271,-15.815118,2.194870,-5.778608,-4.743185,-20.584738,15.746204,-5.532688,-0.172872,0.029981,-2.397955,0.931121,-5.035567,20.580198,-39.910122,61.882324,12.198067,7.871772,2.602705,-9.272169,-17.877712,34.963955,63.658215,-1.998652,3.605211,-13.652103
446.000000,-1744.196655,1362.330811,78.620735,-2.215232,-1.099122,-103.096645,4.399272,-2.125248,-4.093266,14.973777,-14.555842,2.395051,-5.240552,-4.680513,-21.195471,14.839666,-4.909200,-0.093819,-0.489812,-2.078027,0.985633,-5.209689,20.508198,-39.913746,61.763737,12.196757,7.716831,2.691600,-8.764343,-17.818987,35.438141,63.787632,-1.993239,3.543620,-13.647458
447.000000,-1744.531860,1362.060303,78.835953,-2.197091,-0.659520,-102.249664,4.396391,-1.593908,-2.255639,13.910829,-13.430279,2.135625,-4.873827,-4.552667,-21.589163,13.996579,-4.189610,-0.012084,-0.764647,-1.825443,0.933329,-5.348110,20.499903,-40.056313,61.571495,12.191091,7.550962,2.828066,-8.170392,-17.795494,35.901356,63.865135,-1.907473,3.521708,-13.649061
448.000000,-1744.848999,1361.801392,79.012558,-2.236171,-0.262723,-101.727521,4.512743,-1.078747,-0.787906,12.829762,-12.410691,2.039886,-4.579955,-4.255111,-21.724028,13.132735,-3.432821,0.045169,-0.730560,-1.542250,0.832025,-5.408296,20.476353,-40.258369,61.389545,12.202010,7.413621,2.995275,-7.644428,-17.718199,36.297436,64.172585,-1.738775,3.472853,-13.665093
449.000000,-1745.155884,1361.553589,79.148582,-2.293737,0.075476,-101.334664,4.622382,-0.732709,0.015629,12.151834,-11.790997,2.020954,-4.358260,-3.981559,-21.740095,12.506976,-2.948258,0.076233,-0.684493,-1.323959,0.764837,-5.406263,20.418772,-40.351990,61.321243,12.209773,7.352742,3.120769,-7.336933,-17.588768,36.442551,64.535805,-1.586582,3.452806,-13.693128
450.000000,-1745.455322,1361.319580,79.245224,-2.307954,0.359925,-101.055057,4.779705,-0.345329,0.817426,11.377032,-11.081883,1.954938,-4.060272,-3.632112,-21.701260,11.740273,-2.479997,0.098984,-0.658454,-1.069567,0.698296,-5.369346,20.280209,-40.393044,61.306103,12.207899,7.322080,3.312398,-6.944534,-17.370312,36.497173,65.033226,-1.344519,3.443905,-13.742442
451.000000,-1745.746948,1361.096069,79.313431,-2.331439,0.613110,-100.878531,4.885347,-0.030407,1.323618,10.879920,-10.595441,1.797950,-3.806746,-3.294305,-21.559072,11.086778,-2.184116,0.096157,-0.621804,-0.842947,0.656328,-5.289465,20.143328,-40.399601,61.278618,12.197314,7.291992,3.476305,-6.593317,-17.221313,36.591801,65.430603,-1.181992,3.438334,-13.769091
452.000000,-1746.019165,1360.885376,79.360596,-2.358630,0.808904,-100.868692,4.971523,0.286845,1.765543,10.601347,-10.320678,1.575237,-3.610193,-2.932804,-21.268984,10.579736,-1.964893,0.070332,-0.536654,-0.544917,0.666668,-5.214832,20.012087,-40.402290,61.211906,12.183093,7.203589,3.577879,-6.302691,-17.206421,36.841770,65.724106,-1.171944,3.428712,-13.802202
453.000000,-1746.272827,1360.684448,79.399277,-2.353717,0.943837,-100.949060,5.091580,0.547000,2.231457,10.429214,-10.093544,1.332363,-3.451098,-2.639636,-20.950499,10.241153,-1.837903,-0.000644,-0.419873,-0.259430,0.696334,-5.156383,19.841536,-40.399048,61.265324,12.248023,7.029099,3.696395,-6.073053,-17.208378,37.134056,66.036400,-1.299290,3.423406,-13.837523
454.000000,-1746.508789,1360.492554,79.437660,-2.321744,0.987322,-100.993405,5.236558,0.751350,2.644994,10.384062,-9.879210,1.101384,-3.223362,-2.437649,-20.813101,9.988757,-1.766342,-0.099182,-0.397510,0.004724,0.766704,-5.125093,19.586367,-40.368179,61.489491,12.382203,6.840386,3.844607,-5.873182,-17.209385,37.452995,66.344772,-1.583417,3.417653,-13.900698
455.000000,-1746.731567,1360.292969,79.480095,-2.293112,0.966411,-101.013948,5.431021,0.957453,3.089160,10.421536,-9.646977,0.855294,-2.903811,-2.262954,-20.767426,9.764861,-1.688172,-0.211335,-0.415051,0.310682,0.841571,-5.081293,19.200748,-40.296471,61.865753,12.545655,6.650804,4.036804,-5.641490,-17.210373,37.855923,66.798752,-1.921279,3.408085,-14.027228
456.000000,-1746.939697,1360.085815,79.525261,-2.261908,0.901862,-101.050616,5.594599,1.104203,3.443983,10.491379,-9.477382,0.677176,-2.657942,-2.155678,-20.738504,9.659633,-1.630149,-0.285584,-0.422425,0.544104,0.866045,-4.979404,18.900583,-40.243385,62.148720,12.746298,6.506523,4.194964,-5.439931,-17.212130,38.206081,67.216515,-2.185195,3.405292,-14.143248
457.000000,-1747.143311,1359.875854,79.572388,-2.206643,0.805809,-101.097598,5.811492,1.276570,3.964419,10.665126,-9.239747,0.436696,-2.335091,-2.057570,-20.667719,9.609056,-1.588404,-0.371688,-0.430385,0.812533,0.871805,-4.755644,18.534147,-40.220131,62.547699,13.166165,6.319159,4.401223,-5.110558,-17.214846,38.744869,67.813431,-2.614348,3.421023,-14.277888
458.000000,-1747.343994,1359.673828,79.621628,-2.126812,0.698935,-101.140381,5.969385,1.430789,4.537621,10.969907,-9.000078,0.173506,-2.027061,-2.002502,-20.563477,9.615538,-1.568084,-0.446279,-0.459622,1.013805,0.871139,-4.444077,18.244932,-40.212467,62.914871,13.636266,6.203155,4.563282,-4.711690,-17.217678,39.297207,68.326416,-3.059557,3.524719,-14.356678
459.000000,-1747.534180,1359.495239,79.670387,-2.037276,0.597675,-101.070924,5.988248,1.600739,5.211018,11.447248,-8.834552,-0.219185,-1.735218,-1.991601,-20.512972,9.627827,-1.550143,-0.505645,-0.619060,1.148060,0.893389,-4.087444,18.056723,-40.208691,63.205387,14.034328,6.180303,4.663762,-4.286109,-17.217602,39.769535,68.600571,-3.414462,3.800213,-14.379699
460.000000,-1747.716187,1359.329956,79.715714,-1.943456,0.517226,-101.037592,5.981915,1.759212,5.828413,11.920639,-8.655188,-0.552732,-1.507375,-1.993832,-20.344078,9.715264,-1.547326,-0.559321,-0.749289,1.246000,0.918522,-3.710405,17.923098,-40.207153,63.487247,14.272540,6.182007,4.700307,-3.760019,-17.220335,40.208103,68.675507,-3.658950,4.189322,-14.409407
461.000000,-1747.869507,1359.183960,79.744980,-1.910938,0.473048,-101.034278,6.071154,1.925999,6.215783,12.097747,-8.565980,-0.866390,-1.403960,-1.945638,-20.048090,9.887689,-1.553933,-0.599586,-0.771692,1.366907,0.917275,-3.321907,17.861998,-40.208393,63.659866,14.363012,6.221942,4.703326,-3.232441,-17.220474,40.653225,68.678352,-3.807420,4.576722,-14.418384
462.000000,-1747.989136,1359.057129,79.750740,-1.940448,0.480610,-101.001047,6.246918,2.082406,6.539850,11.911065,-8.592944,-1.156497,-1.423313,-1.883304,-19.753830,10.112155,-1.597415,-0.620260,-0.785730,1.491894,0.908643,-3.013552,17.850340,-40.210922,63.702850,14.395847,6.289981,4.701512,-2.862833,-17.207470,40.945747,68.675011,-3.941269,4.867990,-14.417408
463.000000,-1748.077637,1358.962158,79.731819,-1.969718,0.596427,-100.781112,6.571512,2.357235,7.124342,11.133834,-9.110297,-1.460204,-1.600522,-1.842701,-19.334764,10.529946,-1.775000,-0.632192,-0.864559,1.616692,0.853809,-2.637654,17.858568,-40.213608,63.711777,14.419809,6.428247,4.697458,-2.402929,-17.123890,41.241131,68.668343,-4.217443,5.282421,-14.395716
464.000000,-1748.140137,1358.929810,79.676445,-2.039451,0.801479,-100.094163,6.729911,3.101977,7.773324,9.384627,-8.883339,-1.738845,-1.911155,-1.877652,-19.147329,11.076548,-2.129564,-0.617617,-1.224337,1.672946,0.799704,-2.444798,17.873875,-40.215733,63.711720,14.440906,6.607620,4.692433,-1.991264,-16.945410,41.392025,68.645317,-4.515919,5.681919,-14.318756
465.000000,-1748.151978,1358.973633,79.593040,-2.115650,0.951313,-99.320096,6.609264,4.261599,8.080180,7.339655,-8.347124,-1.907757,-2.320657,-1.968439,-18.953316,11.871812,-2.686404,-0.526999,-1.553660,1.678321,0.958630,-2.508782,17.876888,-40.258331,63.695404,14.461200,6.777533,4.688435,-1.650140,-16.717686,41.445625,68.596191,-4.757463,6.086227,-14.119424
466.000000,-1748.093994,1359.042358,79.504166,-2.136513,1.082952,-99.004197,6.316286,4.955070,7.614435,6.682576,-8.458965,-2.321938,-2.828218,-2.112924,-18.464043,12.678028,-3.287034,-0.341836,-1.382875,1.590324,1.173240,-2.590048,17.861969,-40.436291,63.674252,14.481582,6.865531,4.686586,-1.481098,-16.507200,41.453526,68.576302,-4.883670,6.427677,-13.774265
467.000000,-1747.957397,1359.098633,79.413101,-2.274716,1.260854,-99.025476,5.967435,5.288035,7.483891,7.014002,-7.139655,-2.629004,-3.205450,-2.095766,-18.113338,13.014504,-3.564675,-0.180214,-1.108500,1.654218,1.192927,-2.500658,17.804451,-40.653885,63.671555,14.492188,6.919600,4.661868,-1.435196,-16.412220,41.456902,68.575432,-4.944412,6.630517,-13.456686
468.000000,-1747.787109,1359.139404,79.343262,-2.347992,1.386121,-99.186128,5.571558,5.379414,7.570881,7.711379,-8.054060,-2.763085,-3.522332,-2.106421,-17.785824,13.169015,-3.858099,0.030634,-0.799606,1.692626,1.159460,-2.209905,17.753923,-40.984344,63.673969,14.490076,7.030768,4.557905,-1.447284,-16.291508,41.461769,68.576057,-5.035457,6.819711,-13.039394
469.000000,-1747.610107,1359.175049,79.305939,-2.367538,1.453835,-99.328115,5.269077,5.331196,7.834562,8.271926,-9.097547,-2.780744,-3.656857,-2.191927,-17.686676,13.085180,-4.021342,0.173732,-0.696065,1.633225,1.059969,-1.834905,17.747829,-41.308575,63.681286,14.466325,7.206285,4.360830,-1.486810,-16.223322,41.527275,68.581017,-5.300742,7.038049,-12.789432
470.000000,-1747.434570,1359.221191,79.307709,-2.335486,1.437286,-99.436503,5.058556,5.200842,8.099895,8.722668,-9.620232,-2.765375,-3.622712,-2.346936,-17.715576,12.832710,-4.009242,0.323848,-0.675797,1.475942,1.007416,-1.507687,17.744892,-41.549435,63.688934,14.355097,7.443738,4.069890,-1.496131,-16.194702,41.547085,68.590111,-5.530856,7.186234,-12.537511
471.000000,-1747.267334,1359.283203,79.334930,-2.271366,1.376612,-99.526517,4.923564,5.029661,8.333374,9.040061,-9.708158,-2.691774,-3.526372,-2.540863,-17.831255,12.555745,-3.856980,0.458065,-0.691478,1.262763,0.990132,-1.335002,17.742842,-41.742779,63.693981,14.278652,7.647105,3.775317,-1.477139,-16.174898,41.550140,68.595078,-5.700860,7.273169,-12.210752
472.000000,-1747.106934,1359.357788,79.367577,-2.227969,1.278251,-99.620376,4.872254,4.912768,8.497047,9.211828,-9.679811,-2.605562,-3.430785,-2.671592,-17.943613,12.346350,-3.688942,0.551902,-0.704353,1.118276,0.993151,-1.299386,17.738964,-41.912121,63.698006,14.239371,7.745812,3.570345,-1.448749,-16.154913,41.551346,68.594154,-5.824750,7.333406,-11.945262
473.000000,-1746.950317,1359.443115,79.393402,-2.210168,1.168358,-99.738772,4.859196,4.789988,8.688535,9.356430,-9.631409,-2.474146,-3.303546,-2.797604,-18.068794,12.071547,-3.436616,0.672309,-0.708772,0.977684,0.986478,-1.312845,17.725033,-42.138439,63.701679,14.162815,7.785697,3.365005,-1.409246,-16.116707,41.555988,68.590897,-5.985337,7.453783,-11.601146
474.000000,-1746.807251,1359.533813,79.406181,-2.194316,1.072313,-99.870181,4.872787,4.681492,8.861830,9.424972,-9.604562,-2.341156,-3.186435,-2.889223,-18.150915,11.783661,-3.219840,0.782403,-0.711073,0.867148,0.946951,-1.356361,17.697212,-42.284630,63.705902,14.109310,7.790149,3.208424,-1.372609,-16.052975,41.561550,68.587807,-6.127458,7.596842,-11.289543
475.000000,-1746.670898,1359.638062,79.403076,-2.174626,0.984810,-100.021481,4.900461,4.562840,9.056634,9.433175,-9.621495,-2.196127,-3.064083,-2.963850,-18.185223,11.421358,-3.042990,0.894228,-0.712872,0.749186,0.870851,-1.411198,17.660183,-42.313667,63.712173,14.086224,7.788370,3.066881,-1.331776,-15.949841,41.567158,68.587143,-6.301157,7.740562,-10.951631
476.000000,-1746.539307,1359.758179,79.379906,-2.160080,0.901775,-100.185974,4.923607,4.466186,9.280190,9.434822,-9.743743,-2.073539,-2.996276,-3.024802,-18.198584,11.145937,-2.981636,0.970418,-0.716436,0.662471,0.804326,-1.486476,17.630894,-42.315575,63.718498,14.078502,7.783419,2.945639,-1.303342,-15.839849,41.569035,68.586258,-6.502216,7.837199,-10.631045
477.000000,-1746.401733,1359.898560,79.334045,-2.164398,0.817643,-100.348224,4.935141,4.394637,9.508043,9.447205,-10.003015,-1.960939,-2.975126,-3.072439,-18.213821,10.952359,-3.024472,1.027217,-0.721812,0.637936,0.759215,-1.588895,17.592110,-42.312157,63.724766,14.081524,7.776814,2.793014,-1.293862,-15.785888,41.566589,68.583443,-6.763218,7.913389,-10.371354
478.000000,-1746.267456,1360.054443,79.265572,-2.174254,0.731219,-100.481538,4.936070,4.345668,9.659224,9.460250,-10.284858,-1.884753,-2.986794,-3.111123,-18.225483,10.868780,-3.149821,1.061984,-0.722219,0.639660,0.740504,-1.685592,17.566374,-42.308094,63.729568,14.087201,7.771289,2.649647,-1.303112,-15.785376,41.562828,68.582077,-6.965486,7.976673,-10.197945
479.000000,-1746.138550,1360.224365,79.172310,-2.211959,0.641201,-100.576764,4.937173,4.310367,9.816924,9.474225,-10.780730,-1.798907,-3.022369,-3.141160,-18.242521,10.827621,-3.422479,1.096956,-0.721911,0.675474,0.732808,-1.823482,17.544844,-42.303566,63.736462,14.093662,7.764106,2.451950,-1.316923,-15.789888,41.559898,68.581963,-7.179940,8.063573,-9.929241
480.000000,-1746.006348,1360.414062,79.043205,-2.286559,0.556382,-100.649180,4.938719,4.315672,9.934805,9.464306,-11.519524,-1.719203,-3.108616,-3.136344,-18.253021,10.877383,-3.870201,1.132441,-0.720872,0.770979,0.723164,-1.966429,17.533239,-42.302116,63.744320,14.091966,7.757455,2.254006,-1.344465,-15.806189,41.561111,68.585373,-7.363067,8.194596,-9.614694
481.000000,-1745.871338,1360.622925,78.874268,-2.420321,0.479064,-100.659617,4.938190,4.377568,9.949777,9.415102,-12.473073,-1.658774,-3.216214,-3.077209,-18.301332,10.978691,-4.463981,1.155128,-0.728980,0.935034,0.716591,-2.111270,17.528902,-42.302151,63.751171,14.087831,7.752804,2.082948,-1.382694,-15.849835,41.564190,68.591278,-7.514050,8.349250,-9.327419
482.000000,-1745.729858,1360.855347,78.659126,-2.643559,0.434210,-100.571618,4.925058,4.522323,9.857165,9.271979,-13.673240,-1.610322,-3.363490,-2.943908,-18.439154,11.125632,-5.195744,1.166823,-0.770714,1.196171,0.693724,-2.272881,17.525301,-42.300396,63.754799,14.089106,7.749807,1.913293,-1.414324,-15.929610,41.565441,68.596397,-7.646854,8.483041,-9.048781
483.000000,-1745.636353,1361.106445,78.502495,-2.477541,0.355154,-100.602100,4.847537,4.302475,9.892351,9.257788,-14.348159,-1.343541,-3.542302,-3.150950,-18.365793,11.323931,-6.048713,1.173417,-0.698538,0.999789,0.733104,-2.426453,17.624453,-42.236626,63.777409,14.093663,7.751219,1.769060,-1.466426,-15.854544,41.563366,68.623604,-7.780280,8.594838,-8.766955
484.000000,-1745.577759,1361.342163,78.471786,-2.171201,0.206899,-100.757134,4.749171,4.011485,10.033267,9.444062,-14.312224,-1.237546,-3.573852,-3.422473,-18.244642,11.296222,-6.328365,1.164603,-0.589617,0.653657,0.799514,-2.457097,17.709908,-42.184559,63.834949,14.098410,7.767759,1.690285,-1.498614,-15.694478,41.562527,68.634239,-7.883841,8.662327,-8.567050
485.000000,-1745.506348,1361.552979,78.499466,-2.103387,0.036641,-100.871442,4.661525,3.865656,10.174601,9.663304,-14.178889,-1.114411,-3.559171,-3.560204,-18.231777,11.175599,-6.162936,1.138076,-0.530261,0.503810,0.860831,-2.401651,17.721256,-42.176666,63.906021,14.103403,7.817663,1.521052,-1.522792,-15.613062,41.563572,68.642799,-8.050858,8.755427,-8.409308
486.000000,-1745.438965,1361.744629,78.542770,-2.129526,-0.128297,-100.892049,4.636153,3.868553,10.210191,9.750046,-14.016119,-0.988225,-3.521875,-3.559806,-18.315212,11.059538,-5.732861,1.116244,-0.538883,0.554181,0.860133,-2.297229,17.690260,-42.181084,63.919529,14.097858,7.874707,1.311798,-1.512644,-15.626366,41.566395,68.655273,-8.119864,8.816223,-8.273965
487.000000,-1745.381958,1361.921509,78.581047,-2.161150,-0.270647,-100.861624,4.625484,3.883038,10.171211,9.756206,-13.851316,-0.869064,-3.489277,-3.557500,-18.455683,10.978107,-5.315422,1.095324,-0.541470,0.631092,0.805522,-2.233649,17.636251,-42.184040,63.926430,14.087970,7.951140,1.080828,-1.408710,-15.630336,41.569973,68.658707,-8.142377,8.835494,-8.107274
488.000000,-1745.328369,1362.103760,78.608818,-2.170015,-0.408714,-100.860173,4.626225,3.876643,10.171924,9.735667,-13.719376,-0.775151,-3.485277,-3.568880,-18.529350,10.924194,-4.993389,1.076528,-0.514261,0.683500,0.723494,-2.190861,17.572874,-42.183792,63.928593,14.080480,8.052634,0.839422,-1.288019,-15.635530,41.569969,68.660492,-8.200479,8.874705,-7.995337
489.000000,-1745.285645,1362.285400,78.625954,-2.150287,-0.549477,-100.876251,4.628471,3.857581,10.183941,9.731496,-13.638367,-0.727415,-3.484796,-3.591008,-18.564777,10.898891,-4.824032,1.060655,-0.488267,0.693037,0.675300,-2.179686,17.531677,-42.181503,63.927670,14.078265,8.127188,0.665633,-1.187949,-15.611597,41.569118,68.658882,-8.261432,8.885247,-7.878481
490.000000,-1745.248169,1362.469604,78.634140,-2.096572,-0.693895,-100.908274,4.630185,3.804004,10.217105,9.746099,-13.532464,-0.675981,-3.486229,-3.647884,-18.600388,10.876588,-4.657423,1.031272,-0.459722,0.677416,0.631407,-2.176191,17.476843,-42.173546,63.924530,14.080190,8.210817,0.431334,-1.083186,-15.574621,41.560181,68.654778,-8.371083,8.928912,-7.781036
491.000000,-1745.222900,1362.651123,78.635201,-2.012614,-0.826345,-100.920590,4.606102,3.718859,10.232618,9.796507,-13.438547,-0.639147,-3.489073,-3.741659,-18.661840,10.868217,-4.584194,0.992765,-0.458255,0.620893,0.605740,-2.175503,17.442682,-42.132950,63.921246,14.087408,8.245131,0.221716,-1.066122,-15.556750,41.548618,68.649254,-8.459150,8.997023,-7.737052
492.000000,-1745.214111,1362.827148,78.631905,-1.913932,-0.929302,-100.920369,4.540321,3.624946,10.230565,9.870945,-13.353971,-0.614332,-3.512761,-3.849972,-18.736519,10.870346,-4.574011,0.945387,-0.456688,0.528108,0.554214,-2.155583,17.440254,-41.978130,63.923218,14.098941,8.293330,0.039682,-1.059309,-15.524696,41.506187,68.642357,-8.623833,9.081393,-7.641669
493.000000,-1745.219238,1362.987671,78.624344,-1.810748,-1.014768,-100.918667,4.448279,3.539085,10.231150,9.980052,-13.296881,-0.597207,-3.548724,-3.947528,-18.749294,10.878304,-4.608348,0.904153,-0.453578,0.428816,0.481853,-2.084040,17.452242,-41.656029,63.927834,14.105241,8.381501,-0.101541,-1.045167,-15.470886,41.370377,68.627312,-8.893427,9.195894,-7.485248
494.000000,-1745.235107,1363.135010,78.611130,-1.692705,-1.114597,-100.989018,4.410887,3.458264,10.301708,10.063034,-13.255468,-0.589915,-3.574779,-4.032104,-18.698971,10.898193,-4.691186,0.864328,-0.386321,0.330367,0.421798,-1.993241,17.460667,-41.302601,63.929810,14.101625,8.489510,-0.150782,-1.009280,-15.407265,41.188606,68.617844,-9.192088,9.307339,-7.338200
495.000000,-1745.257324,1363.257690,78.591835,-1.566375,-1.212024,-101.113831,4.406895,3.391010,10.417486,10.134583,-13.240414,-0.590294,-3.591397,-4.097024,-18.625736,10.914322,-4.797356,0.825322,-0.296560,0.247664,0.371343,-1.886398,17.454323,-41.044163,63.928230,14.092165,8.572201,-0.160475,-0.960550,-15.348679,41.017174,68.612785,-9.440011,9.395436,-7.237417
496.000000,-1745.282593,1363.382935,78.581909,-1.495089,-1.331712,-101.224191,4.405539,3.356010,10.552710,10.259347,-13.240932,-0.599666,-3.618134,-4.137043,-18.524443,10.979827,-4.881027,0.727474,-0.218011,0.196025,0.334054,-1.748536,17.418903,-40.723301,63.925152,14.076301,8.694561,-0.163427,-0.897553,-15.288739,40.768524,68.592743,-9.714900,9.484078,-7.145748
497.000000,-1745.310425,1363.500732,78.579781,-1.457737,-1.454259,-101.303124,4.405806,3.379488,10.630762,10.396070,-13.237615,-0.615247,-3.656979,-4.136431,-18.442257,11.116308,-4.882596,0.644556,-0.186073,0.193930,0.328772,-1.659628,17.370411,-40.420506,63.926086,14.024519,8.833461,-0.166615,-0.850792,-15.248961,40.525005,68.553864,-9.974061,9.556926,-7.087495
498.000000,-1745.340576,1363.611572,78.578789,-1.430438,-1.561091,-101.364547,4.389319,3.414324,10.683578,10.541865,-13.238050,-0.634204,-3.679757,-4.118309,-18.373999,11.206707,-4.862204,0.576280,-0.147324,0.196659,0.318144,-1.626056,17.324183,-40.239616,63.938442,13.959158,8.980534,-0.167864,-0.836614,-15.206444,40.380894,68.540894,-10.334943,9.647218,-7.055173
499.000000,-1745.367676,1363.711304,78.576851,-1.414725,-1.644422,-101.404287,4.327471,3.456499,10.702638,10.729218,-13.265539,-0.653337,-3.682204,-4.086471,-18.333841,11.224078,-4.826535,0.519392,-0.086259,0.215079,0.289840,-1.619037,17.263037,-40.098026,63.952969,13.950788,9.124959,-0.163476,-0.804987,-15.176512,40.265743,68.501877,-10.744951,9.764158,-7.047241
500.000000,-1745.390503,1363.800293,78.574188,-1.403363,-1.720076,-101.434871,4.254093,3.501410,10.709806,10.936947,-13.304441,-0.676012,-3.680238,-4.051978,-18.300819,11.235704,-4.793738,0.455743,-0.005993,0.251445,0.257218,-1.609375,17.193527,-39.956226,63.963985,13.944899,9.268206,-0.136940,-0.753678,-15.168547,40.159687,68.434830,-11.112408,9.892540,-7.042219
501.000000,-1745.410156,1363.879883,78.571587,-1.392750,-1.791937,-101.458062,4.203835,3.533358,10.709260,11.091420,-13.331010,-0.696192,-3.676329,-4.027970,-18.278458,11.252030,-4.772571,0.400509,0.056437,0.290499,0.233920,-1.589727,17.136187,-39.840794,63.970482,13.938780,9.377284,-0.090220,-0.709562,-15.166943,40.069077,68.378464,-11.372733,9.999422,-7.040008
502.000000,-1745.427124,1363.951904,78.569374,-1.382523,-1.859586,-101.475436,4.166143,3.558098,10.705358,11.215752,-13.349002,-0.714444,-3.672497,-4.009795,-18.261196,11.271160,-4.755731,0.351134,0.105876,0.329388,0.217478,-1.565910,17.084230,-39.737240,63.975857,13.932608,9.475025,-0.037676,-0.671741,-15.166298,39.984493,68.327484,-11.588386,10.096292,-7.039084
503.000000,-1745.442017,1364.018677,78.568298,-1.368113,-1.890246,-101.496588,4.104197,3.577220,10.698846,11.340064,-13.361825,-0.729016,-3.688893,-3.993152,-18.238495,11.280165,-4.731231,0.311209,0.191798,0.369603,0.182845,-1.554331,17.010910,-39.601387,64.025818,13.933369,9.566294,0.020285,-0.624566,-15.166055,39.917732,68.287018,-11.746958,10.215353,-7.041487
504.000000,-1745.452148,1364.082886,78.570198,-1.355524,-1.843594,-101.508117,3.964962,3.585618,10.681283,11.443551,-13.360776,-0.730997,-3.758555,-3.973867,-18.217657,11.225060,-4.671611,0.295925,0.376537,0.392663,0.117161,-1.605762,16.909899,-39.463352,64.182289,13.946827,9.607575,0.068093,-0.566803,-15.165741,39.913101,68.280037,-11.767074,10.366870,-7.049301
505.000000,-1745.456299,1364.148926,78.575668,-1.341720,-1.754419,-101.521815,3.774570,3.582171,10.656852,11.493651,-13.322886,-0.729989,-3.877650,-3.948840,-18.191113,11.114149,-4.566781,0.274778,0.595618,0.410987,0.076269,-1.656861,16.788557,-39.363415,64.382088,13.957710,9.642509,0.152801,-0.536102,-15.163825,39.916851,68.275970,-11.778289,10.542511,-7.083835
506.000000,-1745.455933,1364.210205,78.582718,-1.322946,-1.626541,-101.509802,3.581298,3.561559,10.620191,11.497132,-13.259227,-0.725332,-4.023322,-3.944014,-18.181818,11.028580,-4.472733,0.247301,0.759498,0.416522,0.066866,-1.670355,16.685184,-39.293388,64.544632,13.969141,9.698594,0.232197,-0.531773,-15.155351,39.920074,68.273041,-11.787053,10.655539,-7.138181
507.000000,-1745.454224,1364.262329,78.590637,-1.302012,-1.475829,-101.450717,3.324992,3.520524,10.529492,11.481370,-13.164314,-0.715328,-4.210754,-3.961272,-18.217722,10.936449,-4.371943,0.213932,0.890503,0.419333,0.068620,-1.663461,16.591108,-39.221737,64.697853,13.987499,9.827870,0.344525,-0.528826,-15.142419,39.922821,68.269241,-11.793325,10.751627,-7.225543
508.000000,-1745.448853,1364.301025,78.595375,-1.268639,-1.337285,-101.418302,3.164002,3.478678,10.485486,11.461063,-13.098043,-0.703650,-4.365896,-3.995345,-18.226839,10.941318,-4.337203,0.195064,1.006605,0.408204,0.082640,-1.636656,16.511023,-39.206898,64.766922,14.047052,9.957644,0.376152,-0.528488,-15.133821,39.923573,68.269768,-11.791859,10.829654,-7.293679
509.000000,-1745.449585,1364.330078,78.597855,-1.235040,-1.214494,-101.383014,2.988095,3.425534,10.431701,11.442714,-13.025847,-0.688129,-4.563035,-4.048878,-18.232031,11.015735,-4.334826,0.174754,1.224432,0.364287,0.108939,-1.618942,16.428604,-39.132408,64.790161,14.253623,10.200574,0.437929,-0.533038,-15.094121,39.924545,68.279633,-11.785029,10.999985,-7.366495
510.000000,-1745.451904,1364.340454,78.599304,-1.213990,-1.121827,-101.359293,2.864325,3.382744,10.382343,11.408126,-12.965976,-0.678124,-4.720222,-4.086997,-18.225082,11.089738,-4.346143,0.159392,1.495071,0.303274,0.126158,-1.588351,16.339489,-39.048931,64.792343,14.498005,10.480362,0.465122,-0.566019,-15.027703,39.928032,68.319748,-11.784193,11.256748,-7.405440
511.000000,-1745.456665,1364.336060,78.600365,-1.203038,-1.093253,-101.304094,2.828258,3.355806,10.324278,11.376348,-12.932243,-0.672370,-4.766019,-4.111062,-18.245264,11.130905,-4.369226,0.151430,1.703164,0.247051,0.165537,-1.549242,16.241440,-39.008377,64.824417,14.667532,10.724830,0.506973,-0.626554,-14.938859,39.936401,68.351265,-11.759917,11.484941,-7.439245
512.000000,-1745.463745,1364.315552,78.597366,-1.175721,-1.111493,-101.300972,2.888412,3.309884,10.294760,11.292103,-12.898317,-0.664577,-4.802563,-4.162317,-18.233170,11.289040,-4.476597,0.148824,2.009459,0.147779,0.218218,-1.536078,16.127884,-38.898090,64.977234,14.768111,10.975085,0.589683,-0.682834,-14.833620,39.945736,68.387085,-11.713974,11.750775,-7.506732
513.000000,-1745.468750,1364.279175,78.586395,-1.141465,-1.199204,-101.344859,3.061182,3.259910,10.332497,11.233733,-12.916346,-0.656980,-4.838206,-4.237736,-18.143335,11.643303,-4.700377,0.155623,2.362117,0.027802,0.301165,-1.507944,15.919676,-38.687729,65.346054,14.767932,11.166030,0.669441,-0.730242,-14.729391,39.947647,68.391510,-11.670094,11.992146,-7.595440
514.000000,-1745.474854,1364.223389,78.570869,-1.117309,-1.290124,-101.393671,3.227622,3.226154,10.364682,11.229915,-12.985408,-0.654597,-4.870134,-4.304989,-18.055792,12.027214,-4.953995,0.170880,2.660022,-0.094113,0.340457,-1.369032,15.647721,-38.420025,65.756767,14.760406,11.417892,0.705733,-0.804825,-14.592977,39.902176,68.393394,-11.672720,12.219456,-7.703297
515.000000,-1745.482056,1364.149048,78.549858,-1.070089,-1.445905,-101.582702,3.492139,3.187125,10.492311,11.127637,-13.031660,-0.657527,-4.906492,-4.366690,-17.889450,12.448516,-5.221046,0.186226,2.998358,-0.222873,0.407791,-1.199390,15.421895,-38.174561,66.019394,14.753850,11.655560,0.712780,-0.834545,-14.492229,39.893551,68.445641,-11.806866,12.463209,-7.798275
516.000000,-1745.499023,1364.060059,78.522758,-1.028803,-1.593970,-101.785821,3.828816,3.159368,10.712691,11.033796,-13.129670,-0.667468,-4.978714,-4.423803,-17.628820,13.015371,-5.576749,0.201620,3.395316,-0.392310,0.474472,-0.910252,15.235402,-37.878849,66.169167,14.676622,11.889574,0.749040,-0.871048,-14.366632,39.867058,68.568459,-11.891880,12.671874,-7.945507
517.000000,-1745.528198,1363.973511,78.495773,-0.974318,-1.686210,-101.831597,4.104434,3.110173,10.810736,11.003371,-13.256441,-0.679463,-5.080619,-4.537241,-17.466476,13.705750,-6.040074,0.223197,3.674474,-0.636720,0.495605,-0.700827,15.192258,-37.241055,66.199455,14.381310,12.041737,0.887376,-0.928578,-14.192461,39.785702,68.684143,-12.038473,12.834069,-8.129334
518.000000,-1745.560669,1363.888794,78.466156,-0.899386,-1.723023,-101.851752,4.247775,3.029586,10.832455,11.009968,-13.362813,-0.688950,-5.272605,-4.699162,-17.365923,14.425369,-6.515154,0.245894,3.705276,-0.904338,0.477767,-0.598070,15.314296,-36.920013,66.202774,14.235650,12.103531,0.878163,-1.082515,-14.037827,39.517704,68.745369,-12.236015,12.909456,-8.194978
519.000000,-1745.583496,1363.806641,78.426781,-0.788233,-1.751970,-102.028878,4.381689,2.927411,10.978824,11.031744,-13.484288,-0.694063,-5.592901,-4.878898,-17.124992,15.284696,-7.024842,0.270123,3.792114,-1.176525,0.507454,-0.551346,15.460131,-36.692654,66.208443,14.097720,12.125312,0.780116,-1.318458,-13.996208,39.254433,68.717499,-12.597279,12.964303,-8.208851
520.000000,-1745.597656,1363.728149,78.381027,-0.656472,-1.784315,-102.312248,4.560569,2.798164,11.271687,11.050998,-13.630045,-0.699394,-6.027934,-5.075592,-16.718719,16.322262,-7.597541,0.292062,3.941782,-1.470778,0.590107,-0.510885,15.587801,-36.539474,66.214127,14.047388,12.132402,0.625413,-1.697601,-14.068267,38.911884,68.396561,-12.778809,12.988479,-8.215577
521.000000,-1745.608887,1363.640381,78.335022,-0.547081,-1.825474,-102.581835,4.673957,2.724431,11.449592,11.089478,-13.736893,-0.704989,-6.271273,-5.186986,-16.471947,16.938057,-7.939025,0.303391,3.983134,-1.641978,0.652529,-0.494108,15.668974,-36.522541,66.217064,13.966125,12.133854,0.546678,-2.013063,-14.191091,38.760288,67.972000,-12.816526,12.993037,-8.223145
522.000000,-1745.617310,1363.547974,78.292557,-0.494240,-1.802614,-102.843737,4.733380,2.677243,11.713855,11.291790,-13.971510,-0.715497,-6.612750,-5.279686,-16.116278,17.703161,-8.366078,0.315901,4.011528,-1.841480,0.672681,-0.494463,15.806148,-36.514957,66.221764,13.767906,12.132957,0.414773,-2.603076,-14.416594,38.586334,67.137878,-12.888991,12.995583,-8.302529
523.000000,-1745.622437,1363.457642,78.259071,-0.485158,-1.784245,-103.159065,4.732089,2.710975,11.990743,11.566598,-14.224058,-0.740798,-6.853464,-5.256982,-15.778105,18.167320,-8.618288,0.321878,4.030786,-1.952232,0.685544,-0.501092,15.911178,-36.513229,66.218163,13.591105,12.129103,0.214192,-3.310036,-14.561437,38.334084,66.286797,-12.971958,12.975562,-8.540657
524.000000,-1745.630981,1363.367432,78.240112,-0.506101,-1.763520,-103.464066,4.804028,2.775354,12.273367,11.678225,-14.379057,-0.794767,-6.985514,-5.156064,-15.459612,18.383883,-8.728376,0.317925,4.023156,-2.023775,0.702147,-0.499503,16.020319,-36.524918,66.208359,13.397701,12.115215,0.009458,-4.109712,-14.633403,38.003155,65.474648,-12.844215,12.844179,-8.914532
525.000000,-1745.647827,1363.271606,78.236977,-0.576749,-1.727473,-103.682208,4.902719,2.876126,12.481283,11.691174,-14.478151,-0.860023,-6.984533,-4.991150,-15.234395,18.345726,-8.726097,0.309278,3.962394,-2.068115,0.702601,-0.477063,16.182384,-36.549873,66.117226,13.163963,12.091269,-0.236541,-4.918491,-14.705345,37.692883,64.547333,-12.410031,12.523297,-9.422887
526.000000,-1745.672974,1363.162964,78.252998,-0.733066,-1.706746,-103.825129,5.022867,3.074421,12.593237,11.664109,-14.555762,-0.938692,-6.729778,-4.690567,-15.142974,17.856365,-8.519426,0.297708,3.939854,-2.020338,0.684638,-0.424223,16.415554,-36.555744,65.875069,12.827233,12.040579,-0.481456,-5.500539,-14.838200,37.572853,63.552105,-11.571645,11.990346,-9.991391
527.000000,-1745.701416,1363.052124,78.281265,-0.946202,-1.696577,-103.942996,5.164459,3.342777,12.663512,11.609243,-14.619638,-1.028654,-6.299249,-4.286055,-15.110959,17.040810,-8.153249,0.279234,3.939385,-1.900616,0.663155,-0.375778,16.709581,-36.559509,65.587318,12.501013,11.961960,-0.695523,-5.966156,-14.977325,37.529209,62.605362,-10.383436,11.338492,-10.474321
528.000000,-1745.729004,1362.947021,78.313789,-1.170664,-1.695194,-104.066309,5.328890,3.631918,12.743423,11.521203,-14.664934,-1.118393,-5.791973,-3.836746,-15.076218,16.063583,-7.696807,0.251583,3.937825,-1.734499,0.656379,-0.339013,17.061922,-36.561634,65.252594,12.301269,11.879693,-0.879647,-6.388232,-15.078764,37.481487,61.774120,-9.098138,10.624381,-10.851151
529.000000,-1745.755981,1362.852295,78.342094,-1.356060,-1.668606,-104.146764,5.427496,3.811135,12.782202,11.441538,-14.680737,-1.177315,-5.462013,-3.552074,-15.067405,15.403918,-7.389095,0.226639,3.904267,-1.624549,0.638085,-0.333979,17.337923,-36.560978,65.019699,12.215552,11.825464,-0.992121,-6.639838,-15.118188,37.421074,61.254719,-8.215989,10.081455,-11.066392
530.000000,-1745.783569,1362.757812,78.368912,-1.526983,-1.625239,-104.166368,5.537566,4.028617,12.789840,11.316418,-14.687129,-1.253823,-5.029095,-3.206592,-15.104057,14.530783,-6.989772,0.194898,3.753028,-1.478869,0.590038,-0.333656,17.753439,-36.557594,64.699959,12.160964,11.760504,-1.149589,-6.896205,-15.143003,37.296234,60.611042,-7.115894,9.256553,-11.301723
531.000000,-1745.809692,1362.661499,78.393867,-1.674001,-1.591190,-104.197883,5.669964,4.203945,12.800221,11.131557,-14.665223,-1.316565,-4.638350,-2.911258,-15.141226,13.744961,-6.626863,0.176178,3.583722,-1.334593,0.520002,-0.341127,18.163416,-36.555931,64.402931,12.141287,11.699479,-1.286925,-7.039332,-15.160980,37.267315,60.195457,-6.281841,8.432399,-11.468825
532.000000,-1745.828979,1362.568604,78.417709,-1.829943,-1.572558,-104.200433,5.815882,4.376058,12.795571,10.965389,-14.657473,-1.362272,-4.267358,-2.633501,-15.165044,13.056206,-6.274693,0.164322,3.415176,-1.160069,0.457250,-0.347773,18.540695,-36.552639,64.096504,12.134621,11.665340,-1.365864,-7.073400,-15.199426,37.255966,59.966331,-5.601496,7.659344,-11.582318
533.000000,-1745.842529,1362.484497,78.438858,-1.969869,-1.572891,-104.197287,5.953397,4.533952,12.783719,10.833106,-14.662683,-1.389884,-3.945367,-2.390857,-15.177151,12.496410,-5.954435,0.158583,3.236841,-0.973590,0.426537,-0.344743,18.892265,-36.548004,63.694530,12.234853,11.655078,-1.445625,-7.049766,-15.255939,37.251766,59.908787,-5.145572,6.990719,-11.655073
534.000000,-1745.856689,1362.410889,78.455009,-2.079866,-1.576016,-104.183632,6.077740,4.650443,12.765650,10.713174,-14.665677,-1.411969,-3.696657,-2.212601,-15.190077,12.094227,-5.723371,0.157792,3.075045,-0.839940,0.420192,-0.343234,19.212433,-36.543835,63.227802,12.497276,11.635380,-1.544486,-6.943700,-15.334785,37.251335,59.904095,-4.781229,6.478855,-11.693680
535.000000,-1745.871582,1362.345337,78.465897,-2.154792,-1.574664,-104.177441,6.177950,4.717680,12.754266,10.602655,-14.660838,-1.429170,-3.539514,-2.099614,-15.173088,11.847554,-5.588342,0.161927,2.956459,-0.770535,0.416723,-0.354056,19.442894,-36.540138,62.862976,12.757287,11.592600,-1.616343,-6.799356,-15.421625,37.253807,59.902264,-4.495270,6.133992,-11.704025
536.000000,-1745.879395,1362.280029,78.475609,-2.231403,-1.558635,-104.126134,6.272014,4.782773,12.710627,10.488215,-14.663396,-1.447336,-3.355514,-1.979955,-15.133584,11.549590,-5.445780,0.177203,2.769795,-0.697566,0.400142,-0.400531,19.635645,-36.538776,62.503254,13.060519,11.544751,-1.665978,-6.539423,-15.599734,37.289604,59.899525,-4.065573,5.739172,-11.725170
537.000000,-1745.872314,1362.220825,78.487541,-2.317354,-1.509250,-104.091777,6.296894,4.859612,12.657424,10.414828,-14.676556,-1.459413,-3.202386,-1.851804,-15.098460,11.216714,-5.251451,0.200452,2.540904,-0.569257,0.354920,-0.460833,19.708624,-36.543015,62.169144,13.336850,11.537333,-1.685487,-6.210683,-15.881360,37.360596,59.899567,-3.431416,5.378505,-11.778639
538.000000,-1745.856445,1362.172363,78.502365,-2.410261,-1.442107,-104.071957,6.280414,4.941964,12.626670,10.362903,-14.689270,-1.460733,-3.089545,-1.717945,-15.066097,10.873489,-5.009290,0.225203,2.363187,-0.407949,0.332769,-0.582546,19.715437,-36.545696,61.781822,13.700286,11.536380,-1.720538,-5.829845,-16.216490,37.419022,59.906704,-2.935465,5.112210,-11.889440
539.000000,-1745.838135,1362.140747,78.518257,-2.488095,-1.311525,-104.058671,6.166470,5.008171,12.593751,10.338506,-14.690544,-1.451970,-3.065419,-1.605479,-15.049903,10.540229,-4.753158,0.248429,2.222827,-0.266070,0.300161,-0.774609,19.710445,-36.533573,61.328430,14.165655,11.538083,-1.748027,-5.449817,-16.528061,37.453415,59.987888,-2.729927,4.921244,-12.036203
540.000000,-1745.816650,1362.124756,78.536972,-2.556363,-1.170308,-104.027897,6.016409,5.060177,12.542135,10.293045,-14.657614,-1.440010,-3.074067,-1.504166,-15.033464,10.196238,-4.467220,0.268924,2.061196,-0.127010,0.307502,-1.066213,19.687618,-36.453182,60.820488,14.741289,11.537509,-1.753117,-5.079028,-16.825403,37.458092,60.238121,-2.679059,4.729970,-12.252265
541.000000,-1745.793579,1362.115234,78.558640,-2.614358,-1.053169,-103.974690,5.942479,5.082039,12.491747,10.204095,-14.595921,-1.430196,-3.079380,-1.447726,-15.028818,9.982634,-4.264848,0.283426,1.913829,-0.029086,0.339428,-1.359307,19.644676,-36.400284,60.546139,15.119955,11.534355,-1.729152,-4.835143,-17.021992,37.459782,60.524025,-2.674596,4.609244,-12.445253
542.000000,-1745.767578,1362.107422,78.582031,-2.669096,-0.958073,-103.934927,5.892712,5.099494,12.441265,10.020759,-14.479068,-1.415191,-3.105135,-1.394108,-15.059241,9.775730,-4.009756,0.301625,1.667751,0.111539,0.385077,-1.825826,19.557602,-36.390881,60.347832,15.406122,11.506232,-1.607847,-4.535475,-17.286274,37.463982,60.974911,-2.681205,4.488642,-12.710534
543.000000,-1745.739380,1362.098389,78.605164,-2.726578,-0.913014,-103.933244,5.922715,5.122766,12.447740,9.806700,-14.354704,-1.401412,-3.145651,-1.362097,-15.195909,9.704242,-3.789920,0.305074,1.364250,0.267720,0.457005,-2.307063,19.456455,-36.390362,60.305622,15.446781,11.449744,-1.351132,-4.306874,-17.529060,37.482098,61.529823,-2.757214,4.395913,-12.972508
544.000000,-1745.711914,1362.075928,78.621864,-2.768650,-0.922216,-103.949036,6.039982,5.130940,12.484567,9.578780,-14.245070,-1.383146,-3.148221,-1.352919,-15.362939,9.706397,-3.646322,0.301995,1.045155,0.417575,0.526137,-2.711359,19.334175,-36.392727,60.306305,15.465858,11.414253,-0.978625,-4.128911,-17.711985,37.525810,62.330444,-3.047292,4.291930,-13.273177
545.000000,-1745.684082,1362.033203,78.629318,-2.788637,-0.959837,-104.010752,6.243178,5.105403,12.559735,9.305740,-14.144324,-1.359228,-3.134617,-1.366756,-15.435504,9.785089,-3.603086,0.307372,0.693112,0.563176,0.548859,-3.007413,19.169031,-36.397545,60.321815,15.496922,11.366825,-0.481552,-3.895304,-17.892574,37.603695,63.402546,-3.589575,4.224013,-13.665191
546.000000,-1745.661011,1361.985596,78.629059,-2.797773,-1.001753,-104.072212,6.446372,5.071189,12.650053,9.094968,-14.093554,-1.335102,-3.132747,-1.388691,-15.413684,9.930235,-3.646124,0.324925,0.430284,0.679816,0.548355,-3.215410,18.971012,-36.402546,60.351486,15.584341,11.307237,0.010037,-3.507051,-18.116302,37.711853,64.381744,-4.147569,4.257345,-14.080280
547.000000,-1745.647827,1361.938110,78.622620,-2.789968,-1.034246,-104.094654,6.585469,5.027050,12.678335,8.979373,-14.088097,-1.310382,-3.132041,-1.434458,-15.415207,10.091462,-3.760807,0.356161,0.157469,0.744990,0.546395,-3.334301,18.773657,-36.427879,60.377518,15.852872,11.223512,0.479212,-2.942913,-18.341063,37.754467,65.069221,-4.848894,4.490082,-14.427977
548.000000,-1745.646118,1361.894775,78.612625,-2.781379,-1.061942,-104.133308,6.685349,4.999368,12.715101,8.936906,-14.121754,-1.295181,-3.137623,-1.479042,-15.488488,10.250996,-3.900407,0.376867,-0.096514,0.774583,0.549956,-3.356928,18.601265,-36.524628,60.408936,16.134253,11.121078,0.910588,-2.276936,-18.517338,37.769779,65.480560,-5.678859,4.887626,-14.644791
549.000000,-1745.654907,1361.860352,78.600273,-2.771895,-1.077741,-104.260356,6.747295,4.997145,12.794932,8.932620,-14.162971,-1.292004,-3.176967,-1.494874,-15.530528,10.392142,-4.002517,0.380109,-0.208098,0.781136,0.556290,-3.354963,18.486479,-36.645359,60.472832,16.307076,11.050321,1.166847,-1.766995,-18.588778,37.773891,65.642639,-6.233016,5.240129,-14.715504
550.000000,-1745.670288,1361.838867,78.587769,-2.761784,-1.092070,-104.410428,6.812782,5.006061,12.944227,8.951389,-14.230127,-1.296872,-3.252686,-1.498897,-15.563198,10.571593,-4.134350,0.373502,-0.293044,0.772413,0.576739,-3.343703,18.333302,-36.856133,60.618153,16.555712,10.964096,1.459871,-1.068786,-18.589516,37.780872,65.756607,-6.876590,5.736778,-14.734324
551.000000,-1745.687866,1361.827271,78.574417,-2.747667,-1.110291,-104.576753,6.856389,5.021801,13.082920,9.001045,-14.299880,-1.308770,-3.320081,-1.503075,-15.639606,10.727350,-4.242881,0.349511,-0.383232,0.767089,0.620899,-3.304068,18.201248,-37.068562,60.823486,16.733751,10.883547,1.658643,-0.567367,-18.467554,37.792538,65.893608,-7.455845,6.113533,-14.686067
552.000000,-1745.704834,1361.823608,78.560379,-2.725229,-1.118512,-104.758098,6.891671,5.034768,13.264152,9.072995,-14.383483,-1.326279,-3.433729,-1.518034,-15.734972,10.945024,-4.381413,0.298354,-0.512307,0.765578,0.672240,-3.179516,18.047098,-37.258938,61.060261,17.007608,10.793073,1.801784,-0.096780,-18.208998,37.794907,66.091255,-8.153992,6.489353,-14.486924
553.000000,-1745.720703,1361.827271,78.547310,-2.696184,-1.115107,-104.983987,6.920025,5.036861,13.466152,9.108224,-14.437564,-1.348893,-3.598161,-1.530139,-15.747591,11.187837,-4.505499,0.233414,-0.585141,0.766246,0.694899,-3.017620,17.933523,-37.421162,61.236439,17.137228,10.702334,1.842758,0.208946,-17.888348,37.794186,66.299843,-8.640842,6.738802,-14.141265
554.000000,-1745.738403,1361.835938,78.537704,-2.671670,-1.165077,-105.165202,7.015766,5.034683,13.623469,9.088257,-14.455873,-1.373058,-3.681072,-1.531483,-15.734735,11.377327,-4.597825,0.174444,-0.656937,0.766717,0.753259,-2.863978,17.860521,-37.648415,61.422234,17.146608,10.577153,1.856501,0.392249,-17.521515,37.794933,66.554764,-8.900581,6.894086,-13.746198
555.000000,-1745.758789,1361.841797,78.530281,-2.652156,-1.224155,-105.308928,7.142195,5.033324,13.746872,9.043591,-14.461294,-1.398422,-3.711543,-1.522407,-15.707969,11.520459,-4.675951,0.123494,-0.758890,0.767029,0.777002,-2.685723,17.796425,-37.981827,61.724285,17.139194,10.432287,1.867710,0.539881,-17.097345,37.795712,66.829689,-9.079521,7.024566,-13.305836
556.000000,-1745.777100,1361.852783,78.523926,-2.633991,-1.282979,-105.434720,7.217506,5.032612,13.812922,9.019277,-14.463500,-1.413055,-3.718314,-1.513552,-15.684304,11.586280,-4.714044,0.096696,-0.823649,0.767228,0.775888,-2.565534,17.760942,-38.204723,61.948856,17.129623,10.369022,1.873256,0.610922,-16.837427,37.795612,66.959534,-9.170571,7.095400,-13.029958
557.000000,-1745.788330,1361.875488,78.517616,-2.609528,-1.313762,-105.577751,7.294029,5.026190,13.918421,8.999832,-14.468684,-1.432343,-3.763546,-1.501708,-15.615252,11.684387,-4.761462,0.060731,-0.896237,0.767225,0.751773,-2.374279,17.716990,-38.529930,62.276241,17.112968,10.326908,1.881064,0.673545,-16.472960,37.796234,67.101456,-9.315270,7.183335,-12.603954
558.000000,-1745.787598,1361.910767,78.505280,-2.537232,-1.195571,-105.791011,7.199022,4.979486,14.061184,9.027085,-14.484116,-1.428749,-3.979305,-1.509950,-15.391623,11.782463,-4.821192,0.049300,-0.859576,0.746458,0.611090,-2.187876,17.693148,-38.789555,62.477901,17.113043,10.322539,1.888563,0.689955,-16.211828,37.820393,67.149261,-9.508617,7.261970,-12.222415
559.000000,-1745.767822,1361.964111,78.480896,-2.400783,-1.003192,-106.039192,6.935575,4.843614,14.253442,9.125751,-14.525414,-1.385406,-4.315169,-1.570428,-14.973365,11.807737,-4.957747,0.073153,-0.710801,0.674883,0.414777,-2.026602,17.686560,-39.008190,62.512222,17.141352,10.327667,1.897173,0.660549,-16.060196,37.863514,67.093498,-9.717702,7.363101,-11.926557
560.000000,-1745.729858,1362.030029,78.445183,-2.234514,-0.884698,-106.356709,6.708100,4.650625,14.516658,9.265547,-14.602650,-1.329707,-4.563952,-1.648788,-14.430145,11.705263,-5.155676,0.108107,-0.489694,0.594471,0.334862,-1.903664,17.660173,-39.170315,62.510674,17.163717,10.339237,1.907831,0.552650,-16.022324,37.919685,66.884354,-9.860814,7.532662,-11.667158
561.000000,-1745.684082,1362.090332,78.410439,-2.088812,-0.816829,-106.627566,6.555903,4.486473,14.730772,9.423014,-14.690655,-1.279329,-4.670176,-1.724489,-14.087063,11.538391,-5.322668,0.106384,-0.366504,0.554269,0.318155,-1.761646,17.622341,-39.246872,62.506809,17.178911,10.363367,1.917747,0.358113,-16.015772,37.947285,66.750977,-10.054125,7.701477,-11.464640
562.000000,-1745.621094,1362.135010,78.405312,-2.077388,-0.796052,-106.813822,6.434582,4.430719,14.893510,9.580114,-14.766986,-1.220264,-4.770969,-1.721848,-13.858782,11.430052,-5.258803,0.090381,-0.346776,0.695951,0.312938,-1.526001,17.505413,-39.286331,62.504219,17.195980,10.431590,1.928570,0.061122,-16.022388,37.953289,66.712105,-10.340263,7.914289,-11.261607
563.000000,-1745.559082,1362.170166,78.407944,-2.075494,-0.784625,-106.994416,6.390710,4.393600,15.019163,9.623197,-14.778481,-1.157794,-4.863238,-1.706951,-13.674682,11.389380,-5.137064,0.093018,-0.228664,0.830886,0.280796,-1.334777,17.377956,-39.290569,62.473934,17.399916,10.515430,1.929611,-0.135914,-16.040936,38.022217,66.707596,-10.469574,8.107858,-11.100266
564.000000,-1745.501953,1362.214111,78.409462,-2.056679,-0.772403,-107.147642,6.362245,4.351666,15.097318,9.632123,-14.770660,-1.113963,-4.954495,-1.712416,-13.537646,11.408652,-5.076721,0.096981,-0.106574,0.865303,0.263969,-1.223701,17.317984,-39.293091,62.410469,17.681831,10.578291,1.927863,-0.267503,-16.043491,38.111671,66.707321,-10.486881,8.226293,-10.968028
565.000000,-1745.444824,1362.265625,78.411156,-2.032446,-0.756336,-107.248583,6.304231,4.279847,15.148018,9.636467,-14.745076,-1.053971,-5.083705,-1.741705,-13.388774,11.446978,-5.006086,0.106786,-0.026627,0.849322,0.257447,-1.067926,17.276785,-39.297497,62.289238,18.102329,10.652644,1.922148,-0.478860,-16.038815,38.219604,66.706696,-10.503353,8.337042,-10.767417
566.000000,-1745.392212,1362.317627,78.412766,-2.009701,-0.754457,-107.358423,6.268805,4.216054,15.189964,9.616752,-14.710521,-1.009898,-5.190160,-1.765938,-13.262208,11.478929,-4.944543,0.112620,0.011772,0.781090,0.264176,-0.951124,17.263508,-39.300678,62.219749,18.407429,10.687367,1.915666,-0.659434,-16.016401,38.271008,66.706650,-10.515863,8.400146,-10.627432
567.000000,-1745.349121,1362.367310,78.410217,-1.985504,-0.759792,-107.537833,6.264837,4.154476,15.312368,9.584895,-14.681115,-0.968806,-5.352416,-1.777161,-13.056805,11.597863,-4.903182,0.107460,0.091148,0.636038,0.271955,-0.812558,17.260725,-39.302456,62.216156,18.696959,10.717438,1.912060,-0.853484,-15.932891,38.284409,66.698814,-10.528138,8.499032,-10.530074
568.000000,-1745.307129,1362.427002,78.402618,-1.955333,-0.787690,-107.775355,6.270747,4.114671,15.512047,9.611123,-14.691797,-0.938568,-5.566985,-1.783708,-12.814224,11.845077,-4.918095,0.092291,0.223523,0.454734,0.317762,-0.727572,17.258911,-39.305748,62.290043,18.809271,10.752921,1.911974,-1.088860,-15.809944,38.289356,66.691391,-10.529269,8.651327,-10.504436
569.000000,-1745.269043,1362.489136,78.392052,-1.919816,-0.845713,-108.033497,6.298125,4.084010,15.727491,9.674677,-14.724406,-0.917353,-5.764946,-1.791593,-12.573400,12.132028,-4.958220,0.073077,0.388014,0.250934,0.406181,-0.698990,17.243834,-39.308678,62.441689,18.827583,10.786822,1.912419,-1.352550,-15.672059,38.326168,66.693832,-10.520388,8.800904,-10.504398
570.000000,-1745.232910,1362.551636,78.377495,-1.862360,-0.867538,-108.362181,6.319327,4.035862,16.035376,9.717562,-14.755306,-0.900616,-6.083604,-1.811937,-12.252493,12.560779,-5.047968,0.051445,0.635871,-0.002843,0.464330,-0.694223,17.211843,-39.306858,62.649067,18.831673,10.845331,1.912386,-1.650039,-15.514559,38.392086,66.698975,-10.521992,8.934603,-10.506734
571.000000,-1745.197876,1362.608765,78.363510,-1.799751,-0.876160,-108.609954,6.319506,3.992691,16.213345,9.729193,-14.765924,-0.890551,-6.308819,-1.843853,-12.074355,12.860323,-5.121534,0.039102,0.733142,-0.173416,0.495042,-0.687632,17.171543,-39.259312,62.778820,18.858385,10.901674,1.911013,-1.862491,-15.404342,38.413185,66.702377,-10.577683,8.985998,-10.506835
572.000000,-1745.164307,1362.653687,78.347809,-1.730744,-0.890699,-108.800666,6.322748,3.906199,16.427074,9.740798,-14.781392,-0.872853,-6.687145,-1.945337,-11.897452,13.453578,-5.299797,0.019038,0.770986,-0.424910,0.542742,-0.677157,17.055758,-39.117935,62.969418,18.972755,10.995927,1.906219,-2.151561,-15.232065,38.390900,66.705994,-10.821943,9.022928,-10.507284
573.000000,-1745.132812,1362.683960,78.327568,-1.654329,-0.911549,-109.120470,6.376507,3.828017,16.693766,9.738707,-14.803073,-0.860223,-7.100792,-2.057130,-11.807787,14.166867,-5.497970,-0.020362,0.890193,-0.640226,0.573822,-0.675545,16.916361,-39.012009,63.070522,19.178274,11.086995,1.892258,-2.305418,-15.111960,38.371922,66.699097,-11.176311,9.104954,-10.508473
574.000000,-1745.097900,1362.711060,78.298050,-1.561289,-0.904901,-109.628345,6.432981,3.750885,17.168421,9.778438,-14.864281,-0.850239,-7.514527,-2.131856,-11.737858,14.731580,-5.662441,-0.089965,1.279444,-0.852939,0.548870,-0.676750,16.745834,-38.915928,63.076286,19.448982,11.184176,1.881777,-2.440717,-15.039408,38.368023,66.642113,-11.403955,9.195969,-10.504812
575.000000,-1745.053101,1362.741333,78.276192,-1.513831,-0.907529,-110.098330,6.458783,3.709486,17.671394,9.884368,-14.963253,-0.837622,-7.878684,-2.139692,-11.591741,15.132912,-5.723372,-0.179961,1.608051,-1.009134,0.532619,-0.678019,16.532139,-38.899670,63.104027,19.595236,11.267499,1.866505,-2.687344,-15.017838,38.365513,66.435699,-11.595786,9.324433,-10.502715
576.000000,-1745.003662,1362.774170,78.266441,-1.512063,-0.934178,-110.510878,6.513897,3.716681,18.057117,9.939721,-15.029887,-0.824084,-8.056854,-2.075929,-11.472703,15.244559,-5.623455,-0.231824,1.770502,-1.065535,0.540803,-0.720515,16.400526,-38.896301,63.155621,19.675976,11.370781,1.839294,-2.998749,-15.024779,38.361778,66.175690,-11.661358,9.380025,-10.512281
577.000000,-1744.950684,1362.808716,78.264275,-1.538064,-0.946304,-110.891558,6.541276,3.738947,18.314362,9.973589,-15.072742,-0.813504,-8.110707,-1.999784,-11.438206,15.148108,-5.479137,-0.274593,1.844005,-1.070310,0.530224,-0.755805,16.389748,-38.894047,63.175587,19.699930,11.443751,1.818025,-3.255889,-15.030993,38.358418,65.992172,-11.666061,9.384381,-10.545656
578.000000,-1744.889038,1362.842285,78.271294,-1.603205,-0.958175,-111.213438,6.556066,3.799329,18.585436,10.023729,-15.123425,-0.795597,-8.077119,-1.857715,-11.416598,14.812819,-5.180250,-0.331973,1.841461,-1.010650,0.521021,-0.766256,16.380423,-38.901352,63.184608,19.703466,11.534203,1.795605,-3.620328,-15.040250,38.354729,65.779564,-11.611671,9.380915,-10.674546
579.000000,-1744.821899,1362.875610,78.282280,-1.682818,-0.966665,-111.520465,6.564981,3.875225,18.826756,10.064974,-15.166974,-0.773121,-7.976527,-1.687909,-11.397963,14.339512,-4.814628,-0.383096,1.829905,-0.907692,0.516320,-0.783509,16.362234,-38.939781,63.192715,19.663263,11.624714,1.777002,-3.938424,-15.061419,38.354580,65.554947,-11.427293,9.357789,-10.895805
580.000000,-1744.753296,1362.909668,78.293228,-1.754811,-0.976141,-111.816663,6.582613,3.942178,19.068544,10.081171,-15.195806,-0.741831,-7.856246,-1.517973,-11.398502,13.815758,-4.419065,-0.438067,1.825841,-0.795972,0.515506,-0.824731,16.332962,-39.032879,63.200394,19.561584,11.738633,1.769614,-4.225200,-15.078695,38.356743,65.316414,-11.092031,9.268608,-11.206005
581.000000,-1744.684448,1362.946533,78.303322,-1.817381,-0.979723,-112.102684,6.592915,3.991384,19.293919,10.086135,-15.212731,-0.708800,-7.769854,-1.372237,-11.401844,13.355888,-4.048873,-0.495713,1.824636,-0.702068,0.513220,-0.878625,16.297104,-39.129402,63.203270,19.454100,11.840794,1.764559,-4.445616,-15.094196,38.360401,65.027771,-10.696807,9.149207,-11.510650
582.000000,-1744.616333,1362.981445,78.317795,-1.907467,-1.019711,-112.368608,6.641897,4.067623,19.496113,10.085793,-15.229574,-0.681845,-7.592824,-1.192196,-11.398067,12.797151,-3.620791,-0.543666,1.821579,-0.585785,0.538274,-0.949446,16.254190,-39.222477,63.204472,19.322088,11.916072,1.756907,-4.611027,-15.112365,38.365887,64.689705,-10.298805,8.993259,-11.777019
583.000000,-1744.553589,1363.011475,78.335350,-2.011014,-1.063719,-112.616538,6.705667,4.165639,19.684444,10.074202,-15.242388,-0.659823,-7.369555,-0.984906,-11.384654,12.173323,-3.145638,-0.583676,1.821147,-0.456697,0.543458,-1.026217,16.211773,-39.312733,63.207333,19.180040,11.953261,1.733730,-4.745698,-15.115402,38.375900,64.370598,-9.883525,8.777588,-11.998287
584.000000,-1744.496582,1363.042847,78.353821,-2.111713,-1.094013,-112.829053,6.737679,4.236568,19.796913,10.070151,-15.248492,-0.645057,-7.217640,-0.841130,-11.378317,11.738485,-2.803936,-0.613713,1.813923,-0.374916,0.534546,-1.093110,16.185198,-39.349548,63.207443,19.122032,11.961752,1.688503,-4.836529,-15.106317,38.385307,64.174767,-9.534680,8.576755,-12.134286
585.000000,-1744.448486,1363.079590,78.373169,-2.202249,-1.121797,-112.962710,6.753292,4.329965,19.892496,10.068865,-15.245138,-0.624900,-7.006382,-0.663087,-11.429189,11.134481,-2.330880,-0.658869,1.779486,-0.296058,0.515621,-1.236544,16.162458,-39.358971,63.203629,19.097338,11.968515,1.588578,-4.965151,-15.050459,38.391273,63.979839,-8.962160,8.243694,-12.312580
586.000000,-1744.409546,1363.124146,78.390785,-2.266633,-1.127946,-113.055917,6.740209,4.396081,19.927750,10.064062,-15.223567,-0.605279,-6.861395,-0.544111,-11.534524,10.678579,-1.943495,-0.709858,1.721750,-0.285137,0.494249,-1.440584,16.159355,-39.359192,63.200237,19.089994,11.974154,1.503744,-5.077398,-14.934305,38.394505,63.871349,-8.395634,7.892766,-12.484226
587.000000,-1744.373291,1363.178589,78.408409,-2.317186,-1.107307,-113.139319,6.682413,4.447002,19.964401,10.056321,-15.184156,-0.584216,-6.830374,-0.454084,-11.618196,10.367062,-1.591095,-0.763640,1.636588,-0.318303,0.479849,-1.692611,16.159355,-39.360226,63.196491,19.097612,11.978716,1.467321,-5.213548,-14.760451,38.397274,63.820335,-7.831621,7.525735,-12.654617
588.000000,-1744.337402,1363.230347,78.427818,-2.383313,-1.086707,-113.288572,6.642254,4.519130,20.066313,10.024566,-15.142470,-0.569423,-6.822670,-0.333366,-11.671133,10.062084,-1.201249,-0.821662,1.571258,-0.337160,0.478546,-1.958862,16.156551,-39.362667,63.191315,19.106560,11.976555,1.458340,-5.306115,-14.587779,38.400974,63.742901,-7.244137,7.098964,-12.819980
589.000000,-1744.302368,1363.267944,78.449806,-2.477644,-1.084044,-113.440774,6.641613,4.623614,20.188223,9.992537,-15.115264,-0.564599,-6.750324,-0.172971,-11.727215,9.683167,-0.763879,-0.878736,1.483546,-0.305559,0.480783,-2.190237,16.154654,-39.361526,63.178688,19.128803,11.954239,1.454200,-5.326303,-14.434790,38.402977,63.677555,-6.816741,6.603766,-12.983040
590.000000,-1744.265503,1363.292847,78.472496,-2.577621,-1.091049,-113.599860,6.667970,4.707243,20.288921,9.942513,-15.087031,-0.563884,-6.679135,-0.041011,-11.770988,9.384583,-0.411584,-0.920508,1.401413,-0.252575,0.479938,-2.358777,16.154402,-39.357990,63.160233,19.171612,11.911415,1.452967,-5.310525,-14.327028,38.403778,63.667774,-6.548263,6.195422,-13.118252
591.000000,-1744.223999,1363.308350,78.494682,-2.686410,-1.100158,-113.750225,6.711949,4.816257,20.421511,9.881420,-15.058850,-0.563227,-6.602149,0.118195,-11.859914,9.058251,0.022347,-0.975208,1.290010,-0.147476,0.479042,-2.574968,16.154297,-39.352852,63.121880,19.293638,11.833941,1.452723,-5.244298,-14.234015,38.405392,63.661949,-6.272157,5.696881,-13.299442
592.000000,-1744.171875,1363.317261,78.518333,-2.799337,-1.102212,-113.888086,6.748790,4.924799,20.551435,9.824464,-15.034265,-0.559245,-6.568004,0.251747,-12.042366,8.823704,0.438074,-1.036686,1.148544,0.013871,0.480302,-2.820174,16.153994,-39.349224,63.048645,19.522554,11.765938,1.453268,-5.148925,-14.207133,38.408878,63.657265,-6.112194,5.243466,-13.487757
593.000000,-1744.114502,1363.319580,78.539467,-2.883122,-1.096431,-114.011638,6.805401,4.980256,20.672636,9.691463,-14.969722,-0.545456,-6.582030,0.327181,-12.277029,8.688644,0.786813,-1.090955,0.970373,0.192690,0.485195,-3.109999,16.154724,-39.345928,62.956699,19.779213,11.693354,1.462101,-5.029612,-14.247003,38.412151,63.654339,-6.037936,4.830418,-13.674160
594.000000,-1744.052734,1363.318115,78.556412,-2.940393,-1.104899,-114.179372,6.917624,4.983516,20.837433,9.483697,-14.878810,-0.522625,-6.627550,0.365099,-12.464528,8.648612,1.042511,-1.131353,0.845960,0.355244,0.514804,-3.442651,16.152121,-39.342091,62.913784,19.943211,11.564664,1.540078,-4.893878,-14.343158,38.415340,63.654758,-5.986740,4.471273,-13.860037
595.000000,-1743.994385,1363.310669,78.567497,-2.981107,-1.127570,-114.368965,7.071063,4.965571,21.044170,9.251194,-14.790399,-0.494008,-6.670942,0.393585,-12.621559,8.638876,1.251861,-1.167381,0.740532,0.513105,0.568343,-3.802823,16.146408,-39.337166,62.907753,20.015051,11.404621,1.715854,-4.747956,-14.465462,38.419071,63.704479,-5.951880,4.141076,-14.077487
596.000000,-1743.941162,1363.293213,78.572876,-3.006075,-1.143223,-114.592036,7.233765,4.931224,21.285921,9.022209,-14.715184,-0.469309,-6.726767,0.413251,-12.737075,8.659781,1.391982,-1.208331,0.644805,0.646253,0.599744,-4.106730,16.141472,-39.332726,62.909092,20.032566,11.250910,1.946305,-4.602686,-14.579673,38.424278,63.847893,-5.932730,3.870506,-14.303475
597.000000,-1743.895752,1363.269409,78.572502,-3.020336,-1.150760,-114.825017,7.379306,4.894997,21.546616,8.836465,-14.668705,-0.449612,-6.810098,0.425973,-12.816736,8.736274,1.459318,-1.256348,0.530597,0.753301,0.610559,-4.335963,16.140917,-39.329563,62.913361,20.035393,11.107112,2.183315,-4.457560,-14.692568,38.436684,64.036674,-5.925250,3.666389,-14.513412
598.000000,-1743.855225,1363.237427,78.568176,-3.035631,-1.182931,-115.065397,7.503347,4.873437,21.747715,8.724407,-14.655954,-0.437643,-6.854581,0.439849,-12.847905,8.809451,1.478309,-1.288140,0.431275,0.829793,0.632894,-4.464808,16.140474,-39.327480,62.919754,20.029861,10.996679,2.360656,-4.342513,-14.785479,38.444286,64.214134,-5.926118,3.533850,-14.675765
599.000000,-1743.822510,1363.196533,78.560883,-3.047774,-1.208846,-115.300972,7.657109,4.850997,22.000519,8.610315,-14.661104,-0.425921,-6.908015,0.457893,-12.879645,8.918099,1.470473,-1.323799,0.299899,0.920888,0.645133,-4.562581,16.138296,-39.324116,62.941288,20.015053,10.841433,2.600304,-4.168375,-14.906459,38.450153,64.513176,-5.932659,3.402865,-14.898808
600.000000,-1743.799561,1363.156738,78.551262,-3.042273,-1.210586,-115.436227,7.762002,4.816504,22.172453,8.539256,-14.682913,-0.412424,-6.965372,0.437237,-12.992472,9.047380,1.400188,-1.358539,0.073520,0.971814,0.644663,-4.599813,16.137554,-39.319374,63.011913,19.998800,10.674396,2.873419,-3.945920,-15.031644,38.451847,64.846260,-5.996100,3.347329,-15.112594
601.000000,-1743.778076,1363.128174,78.538635,-3.014109,-1.205853,-115.523628,7.795940,4.758691,22.256342,8.517533,-14.709879,-0.395675,-7.037997,0.379780,-13.085694,9.178978,1.284266,-1.378101,-0.246089,0.971193,0.661415,-4.596782,16.135115,-39.316833,63.153065,19.988531,10.553229,3.076695,-3.855009,-15.140088,38.286377,65.020317,-6.126265,3.296050,-15.365233
602.000000,-1743.762939,1363.097412,78.526207,-2.986708,-1.207961,-115.562933,7.834714,4.689284,22.287966,8.506297,-14.743661,-0.376754,-7.109340,0.294310,-13.210889,9.371004,1.110985,-1.399101,-0.665757,0.950384,0.697936,-4.593330,16.112627,-39.314228,63.390854,19.973692,10.435977,3.269516,-3.764626,-15.278376,38.240150,65.310379,-6.498565,3.284678,-15.523274
603.000000,-1743.752441,1363.062500,78.506020,-2.912220,-1.123953,-115.661075,7.790225,4.584032,22.344950,8.503692,-14.786494,-0.328359,-7.274225,0.201889,-13.160323,9.561573,0.904907,-1.361481,-0.883885,0.872077,0.634535,-4.549694,16.069553,-39.255665,63.537121,19.973911,10.384764,3.479278,-3.545454,-15.424608,38.234207,65.547562,-6.988055,3.289118,-15.584505
604.000000,-1743.738159,1363.029053,78.475098,-2.797553,-0.992424,-115.794705,7.677324,4.429338,22.426586,8.534268,-14.855618,-0.266507,-7.456226,0.097261,-12.941050,9.652716,0.646637,-1.284096,-0.964240,0.731330,0.544237,-4.446275,16.020802,-39.128677,63.557549,19.990845,10.338654,3.766892,-3.205009,-15.609521,38.231529,65.654388,-7.550869,3.320848,-15.600095
605.000000,-1743.716187,1362.997803,78.437538,-2.683069,-0.862714,-116.064862,7.562068,4.267917,22.632935,8.592924,-14.964421,-0.220557,-7.643561,0.041217,-12.524525,9.652413,0.391303,-1.207930,-0.975397,0.572578,0.470788,-4.244231,15.991307,-39.014771,63.560120,20.066494,10.248661,4.107580,-2.874382,-15.796660,38.150993,65.698891,-8.042765,3.394166,-15.632335
606.000000,-1743.690063,1362.962402,78.398064,-2.585542,-0.746296,-116.383644,7.463805,4.155988,22.864044,8.703082,-15.097840,-0.189876,-7.777813,0.034294,-12.110868,9.593843,0.200635,-1.158884,-0.975042,0.453894,0.425390,-3.991531,15.987194,-38.964016,63.558559,20.243465,10.204131,4.353202,-2.635164,-15.915909,38.140377,65.753304,-8.492292,3.576699,-15.632350
607.000000,-1743.657471,1362.920044,78.358353,-2.501325,-0.637064,-116.705449,7.338883,4.037261,23.140800,8.879244,-15.279674,-0.152867,-7.916244,0.033569,-11.651694,9.497490,-0.010432,-1.120962,-0.983302,0.345777,0.374896,-3.647268,15.983189,-38.916912,63.553669,20.513660,10.192662,4.572365,-2.342023,-16.004257,38.137051,65.840141,-8.984011,3.896010,-15.606910
608.000000,-1743.620483,1362.878906,78.317413,-2.408338,-0.531556,-116.904728,7.161880,3.921403,23.265701,9.133979,-15.472856,-0.080307,-7.972982,-0.017214,-11.364114,9.333965,-0.223414,-1.042465,-1.021115,0.250369,0.343303,-3.374958,15.995146,-38.895775,63.555214,20.620085,10.189288,4.689164,-2.047784,-16.048037,38.157570,65.914192,-9.173122,4.234909,-15.540530
609.000000,-1743.575439,1362.838501,78.281929,-2.333922,-0.437729,-116.984989,7.014449,3.822575,23.266174,9.332853,-15.609994,-0.012829,-7.973511,-0.089153,-11.219586,9.186802,-0.395567,-0.972543,-1.035069,0.174567,0.336702,-3.225702,16.023973,-38.892220,63.565704,20.592861,10.174233,4.735426,-1.825365,-16.076277,38.197071,65.966812,-9.187243,4.482560,-15.456757
610.000000,-1743.515381,1362.793335,78.273399,-2.372104,-0.359761,-116.993907,6.817209,3.806345,23.199274,9.588620,-15.782585,0.078396,-7.996442,-0.104532,-11.160886,9.042594,-0.387488,-0.894997,-1.056867,0.224315,0.339195,-3.015065,16.067642,-38.890469,63.598751,20.436646,10.142859,4.771160,-1.538878,-16.135881,38.265465,66.032303,-9.190955,4.838179,-15.289154
611.000000,-1743.443848,1362.741333,78.269791,-2.415994,-0.306679,-116.983200,6.691124,3.792499,23.114843,9.735886,-15.892117,0.163724,-8.010747,-0.120515,-11.159384,8.953171,-0.329961,-0.819572,-1.072626,0.305328,0.341365,-2.818216,16.154427,-38.891617,63.615456,20.176723,10.124371,4.782094,-1.347191,-16.185034,38.300266,66.052399,-9.187067,5.152988,-15.089466
612.000000,-1743.363037,1362.683594,78.264008,-2.440240,-0.257154,-116.962048,6.608010,3.716804,23.010706,9.792733,-15.965200,0.262240,-8.083063,-0.193419,-11.167799,9.009774,-0.347930,-0.749824,-1.070307,0.380151,0.314567,-2.545073,16.303375,-38.896645,63.652859,19.911869,10.112933,4.791385,-1.205222,-16.232510,38.320877,66.051918,-9.169385,5.507771,-14.792803
613.000000,-1743.285400,1362.621704,78.252052,-2.446060,-0.254683,-117.198806,6.738780,3.602556,23.185440,9.601777,-15.951401,0.310429,-8.265125,-0.228895,-10.955289,9.308467,-0.457442,-0.706029,-0.830287,0.390143,0.292019,-2.242988,16.493553,-38.901970,63.660263,19.885590,10.114284,4.794557,-1.197139,-16.249571,38.326500,65.974937,-9.178684,5.798308,-14.500477
614.000000,-1743.223389,1362.557373,78.234772,-2.451742,-0.242564,-117.550833,6.901198,3.523650,23.521893,9.414124,-15.960979,0.332984,-8.506801,-0.206448,-10.620108,9.678577,-0.592731,-0.652237,-0.511523,0.334050,0.224963,-1.897286,16.701019,-38.903351,63.663364,19.886742,10.160223,4.792569,-1.285503,-16.239168,38.329952,65.819687,-9.251670,5.969077,-14.229357
615.000000,-1743.175659,1362.494995,78.216377,-2.469006,-0.274013,-117.890598,7.053685,3.483772,23.822031,9.301303,-15.995448,0.345176,-8.710185,-0.182671,-10.376068,10.063529,-0.737935,-0.619045,-0.291354,0.251968,0.201429,-1.601655,16.867348,-38.901649,63.665985,19.882938,10.253892,4.787057,-1.455531,-16.225126,38.329941,65.666916,-9.312335,6.030061,-14.032182
616.000000,-1743.145752,1362.416748,78.194794,-2.499014,-0.412792,-118.253965,7.337089,3.471426,24.186987,9.179482,-16.059658,0.342473,-8.902717,-0.149610,-10.190587,10.652951,-0.966652,-0.609712,-0.039753,0.140319,0.239600,-1.261830,17.013330,-38.872284,63.674004,19.882013,10.399273,4.758846,-1.695227,-16.220091,38.327652,65.481682,-9.374649,6.040646,-13.870594
617.000000,-1743.133301,1362.318604,78.158447,-2.518346,-0.643557,-118.656558,7.800199,3.471467,24.691740,9.102944,-16.217047,0.323626,-9.173635,-0.152919,-10.135069,11.741223,-1.459141,-0.624430,0.345869,-0.026054,0.313463,-0.850866,17.127737,-38.812931,63.702351,19.887770,10.590772,4.657005,-2.017283,-16.197006,38.325687,65.342865,-9.496352,6.066975,-13.757763
618.000000,-1743.134888,1362.200562,78.106598,-2.499129,-0.850340,-118.921724,8.193444,3.470579,25.091761,9.219327,-16.485859,0.307871,-9.618626,-0.329832,-10.520352,13.362603,-2.260692,-0.652541,0.580142,-0.187128,0.348205,-0.474213,17.187771,-38.799927,63.713326,19.892780,10.782582,4.484346,-2.422719,-16.148432,38.321953,65.298553,-9.523708,6.145182,-13.746015
619.000000,-1743.141602,1362.074585,78.036705,-2.391491,-1.010297,-119.001903,8.455878,3.353977,25.296114,9.364301,-16.765593,0.314455,-10.369605,-0.823807,-11.388109,15.716541,-3.565932,-0.680516,0.612552,-0.403469,0.355705,-0.214728,17.218960,-38.703907,63.803936,19.891865,10.849871,4.289387,-2.866279,-16.077721,38.166767,65.298889,-9.526940,6.218378,-13.760853
620.000000,-1743.149902,1361.917358,77.946106,-2.240153,-1.236009,-119.172704,8.874692,3.166958,25.656069,9.479224,-17.109196,0.309199,-11.303711,-1.545333,-12.301794,19.199631,-4.622124,-0.597758,0.740934,-0.600967,0.515217,-0.136658,17.178602,-38.592346,64.021179,19.892456,10.898755,4.085448,-3.422336,-16.003716,37.831562,65.415474,-9.519114,6.255952,-13.881518
621.000000,-1743.175537,1361.706421,77.839951,-2.052762,-1.458292,-119.464791,9.365632,2.956370,26.144567,9.471993,-17.410282,0.277822,-12.091060,-2.217259,-13.064295,22.609869,-6.320513,-0.738621,0.973735,-0.712448,0.642763,-0.153694,17.079992,-38.533997,64.252678,19.894167,10.961926,3.929260,-3.930937,-15.958061,37.633701,65.682289,-9.483208,6.265928,-14.103715
622.000000,-1743.225830,1361.442017,77.699104,-1.736073,-1.578018,-119.765958,9.796318,2.651501,26.611923,9.441689,-17.695951,0.241362,-12.813671,-2.971615,-13.840056,25.722559,-8.133549,-0.995703,1.193250,-0.864404,0.672779,-0.172352,17.015640,-38.501652,64.377861,19.895397,11.009129,3.775307,-4.343977,-15.939160,37.566513,65.887474,-9.455905,6.331486,-14.360679
623.000000,-1743.294312,1361.144531,77.518173,-1.277755,-1.648485,-120.114595,10.289175,2.062427,27.175655,9.370429,-18.044329,0.175857,-13.661667,-4.123316,-14.663832,28.907616,-8.750243,-1.151749,1.364813,-1.182611,0.677860,-0.217406,17.013006,-38.498398,64.392654,19.895781,11.023179,3.582796,-4.784920,-15.921605,37.483974,65.934853,-9.450948,6.470151,-14.698191
624.000000,-1743.363525,1360.809082,77.347878,-0.955633,-1.661754,-120.607372,10.742146,1.573152,27.797457,9.336312,-18.424278,0.037910,-14.446862,-4.851723,-14.644379,31.197365,-10.074649,-1.095044,1.395540,-1.370046,0.671599,-0.235988,17.012339,-38.501225,64.386757,19.895130,11.023582,3.402118,-5.194836,-15.898796,37.259300,65.846603,-9.457402,6.569508,-15.002655
625.000000,-1743.418335,1360.462524,77.221565,-0.847161,-1.585169,-121.197309,11.135004,1.298442,28.515953,9.327394,-18.844007,-0.112837,-15.244512,-5.231746,-14.429307,33.089447,-10.894673,-0.954000,1.349354,-1.298789,0.678996,-0.325745,17.004080,-38.471279,64.357048,19.900030,11.010374,3.178780,-5.663212,-15.877301,37.012577,65.650490,-9.505680,6.740712,-15.339026
626.000000,-1743.459351,1360.131958,77.128448,-0.878537,-1.474200,-121.745443,11.359475,1.231475,29.055883,9.397155,-19.201902,-0.229479,-16.006084,-5.408779,-14.311275,34.629379,-11.052698,-0.889672,1.231706,-1.129613,0.784290,-0.613277,17.013487,-38.295784,64.346375,19.900921,10.970779,2.967202,-6.084240,-15.838899,36.875008,65.459312,-9.552710,6.887389,-15.645431
627.000000,-1743.499512,1359.824829,77.060501,-0.994645,-1.330273,-122.233937,11.573483,1.277879,29.640991,9.487246,-19.606400,-0.381634,-17.022205,-5.560445,-14.300215,36.548626,-10.822104,-0.881825,1.092380,-0.900422,0.994593,-1.202048,17.100277,-38.031315,64.260742,19.899796,10.919132,2.729696,-6.509138,-15.805007,36.834305,65.192184,-9.572243,7.045899,-15.943773
628.000000,-1743.565186,1359.496582,76.994865,-1.128960,-1.113386,-122.685960,11.661040,1.347529,30.029219,9.532478,-19.837852,-0.515715,-17.808861,-5.797776,-14.668143,37.945263,-10.545532,-0.832229,0.952423,-0.791452,1.116845,-1.661903,17.279861,-37.947895,64.034294,19.891232,10.885672,2.591432,-6.717082,-15.739924,36.767162,65.011185,-9.580359,7.126885,-16.136829
629.000000,-1743.672974,1359.133545,76.921661,-1.273377,-0.834102,-123.068932,11.736539,1.456966,30.458895,9.613161,-20.138821,-0.702978,-18.708103,-6.312756,-15.672811,39.588200,-10.284230,-0.747045,0.609215,-0.707523,1.220665,-2.203961,17.612707,-37.916111,63.570049,19.872433,10.835996,2.401032,-6.876223,-15.572994,36.534130,64.916367,-9.581774,7.156336,-16.410112
630.000000,-1743.817749,1358.735718,76.824883,-1.387576,-0.476661,-123.584150,11.762476,1.599775,31.018677,9.766134,-20.534473,-0.949577,-19.611128,-6.952676,-17.049509,40.720165,-10.912965,-1.192632,0.299216,-0.616051,1.180703,-2.738503,17.965355,-37.853161,62.959137,19.788208,10.758780,2.162173,-6.855841,-15.438931,36.212242,64.920250,-9.550063,7.163307,-16.620459
631.000000,-1743.973022,1358.336304,76.692352,-1.473755,-0.252343,-124.301195,11.873408,1.705730,31.752066,10.050817,-21.015751,-1.234064,-20.544144,-7.584435,-18.001373,40.578457,-12.549270,-1.650910,0.114169,-0.525190,1.239187,-3.264609,18.215204,-37.831348,62.520706,19.524090,10.602870,1.984924,-6.839418,-15.437854,35.885674,64.979385,-9.433086,7.165238,-16.743793
632.000000,-1744.165771,1357.893677,76.535896,-1.652715,-0.247423,-125.292192,12.324004,2.011343,32.908348,10.623932,-21.796743,-1.677111,-21.774357,-8.133322,-18.747110,39.729256,-14.384209,-2.181059,0.092562,-0.209792,1.544570,-3.981448,18.418921,-37.822018,62.133545,18.994032,10.331665,1.795201,-6.788924,-15.585589,35.592026,65.165222,-9.270332,7.186995,-16.935574
633.000000,-1744.440674,1357.395508,76.377548,-1.798736,-0.167570,-126.503082,12.802269,2.292505,34.044842,11.191506,-22.430401,-2.105709,-23.218811,-8.413507,-18.979149,38.346222,-14.492814,-2.660896,0.245188,0.119150,1.584888,-4.414614,18.582914,-37.816685,61.827797,18.366545,10.050033,1.679023,-6.557424,-15.787052,35.482105,65.376717,-9.254759,7.284057,-17.129042
634.000000,-1744.812012,1356.874146,76.239853,-1.766218,-0.032601,-127.670776,13.049729,2.435589,34.734165,11.793631,-22.742880,-2.413769,-24.326170,-8.709527,-19.211710,36.958809,-13.470262,-2.999980,0.266254,0.224427,1.482869,-4.544603,18.770910,-37.795605,61.504032,17.911089,9.933994,1.571374,-6.280344,-15.903446,35.361980,65.458221,-9.257705,7.387295,-17.265139
635.000000,-1745.285400,1356.328369,76.135773,-1.600434,0.022192,-128.626666,13.381997,2.590026,35.524158,12.948770,-22.912369,-2.862089,-25.618805,-9.181633,-19.603495,34.499279,-11.044349,-3.424445,-0.019483,0.182436,1.354096,-4.550165,19.162977,-37.772114,60.820126,17.280207,9.917995,1.320722,-5.764331,-16.025324,35.175549,65.471718,-9.263982,7.477891,-17.515703
636.000000,-1745.838745,1355.747070,76.062897,-1.503175,-0.005854,-129.506189,13.843104,2.810866,36.284546,13.939850,-22.840351,-3.360000,-26.286367,-9.312619,-20.106207,31.769934,-8.561449,-3.771508,-0.445429,0.200951,1.241993,-4.532613,19.506760,-37.771538,60.153454,16.526087,9.923937,1.046938,-5.237085,-16.235775,35.045906,65.367195,-9.240768,7.495570,-17.965071
637.000000,-1746.496582,1355.113770,76.002304,-1.424682,-0.034912,-130.279399,14.509104,3.166323,37.227959,15.075276,-22.569080,-4.034751,-26.773018,-9.266757,-20.918863,28.761181,-6.183232,-4.103709,-0.949826,0.301585,1.021944,-4.592861,19.826384,-37.769688,59.385185,15.516747,9.925998,0.790745,-4.397292,-16.561113,35.023129,65.185898,-9.132230,7.527809,-18.363083
638.000000,-1747.243530,1354.448486,75.930031,-1.299426,-0.065805,-130.884474,15.202642,3.424957,37.679787,15.959901,-22.177986,-4.628032,-26.762501,-8.945513,-21.278166,25.893347,-4.240401,-4.526124,-1.482541,0.393959,0.820354,-4.746152,20.067429,-37.769829,58.711674,14.614377,9.863838,0.678916,-3.558891,-16.859751,35.020111,65.030365,-8.945657,7.645065,-18.641977
639.000000,-1748.069824,1353.754272,75.810089,-1.144381,-0.048558,-131.305083,15.671624,3.552500,37.641506,16.559893,-21.909826,-5.061632,-26.639187,-8.635702,-21.392441,24.086531,-3.238694,-4.988891,-1.969821,0.457942,0.674729,-4.884230,20.207098,-37.723808,58.290642,14.072062,9.729148,0.623117,-2.982913,-17.028721,34.905464,64.974632,-8.887333,7.748049,-18.832541
640.000000,-1748.949463,1353.032227,75.618057,-1.047521,-0.003783,-131.723807,16.371866,3.771877,37.330814,17.396261,-21.726685,-5.723106,-26.323795,-7.938566,-21.463837,22.193323,-2.455897,-5.713577,-2.691279,0.690864,0.481465,-5.093676,20.343449,-37.547585,57.791252,13.455901,9.425641,0.469629,-2.170916,-17.243807,34.487099,64.940681,-8.830408,7.915462,-19.090118
641.000000,-1749.841309,1352.254883,75.369667,-1.173614,0.086652,-132.339193,17.051704,4.019414,37.106274,18.039442,-21.791641,-6.329724,-26.169428,-7.033414,-21.022987,21.642338,-1.313192,-6.318946,-3.083591,1.165201,0.286335,-5.300496,20.321003,-37.303345,57.468784,13.030714,9.106039,0.291337,-1.474402,-17.519726,34.117455,64.924103,-8.686135,8.137021,-19.313807
642.000000,-1750.693481,1351.413574,75.153748,-1.808055,0.242999,-133.077366,17.868290,4.847751,36.816212,18.878551,-22.124517,-6.971313,-26.138941,-5.951964,-20.617817,22.548548,0.583953,-6.558156,-3.362028,2.615452,0.200311,-5.575804,19.952597,-37.040024,57.203876,12.407696,8.700592,0.127402,-0.778274,-18.123661,33.830002,64.919456,-8.219415,8.496985,-19.536551
643.000000,-1751.581787,1350.591797,74.994598,-2.322000,0.436175,-133.985533,18.217644,5.667799,35.806698,20.193352,-22.094452,-7.256986,-26.249756,-5.061938,-20.403431,24.023687,0.678779,-6.661603,-3.561232,4.024616,0.190410,-5.679502,19.735802,-37.014950,56.884785,11.826121,8.280720,-0.067213,-0.309175,-18.574917,33.687904,64.917374,-7.826962,8.861397,-19.706171
644.000000,-1752.498291,1349.838867,74.906929,-2.455482,0.535592,-135.007182,18.158707,6.136249,34.283092,22.274086,-21.193295,-7.319167,-26.307104,-4.504401,-19.924995,25.510965,0.425037,-6.765940,-3.728783,4.762604,0.304523,-5.691457,19.770269,-37.013241,56.640205,11.379971,7.924075,-0.339786,0.049883,-18.698313,33.646889,64.934975,-7.695110,9.141835,-19.891018
645.000000,-1753.462402,1349.059937,74.931526,-2.598612,0.490835,-136.352146,17.948441,6.565197,32.368736,24.867123,-19.260035,-7.201299,-26.142563,-3.595125,-18.970078,27.014931,-1.259264,-6.705860,-3.782416,5.455613,0.617104,-5.668490,19.757193,-37.013477,56.578140,11.017437,7.680701,-0.653628,0.344012,-18.732525,33.705372,64.982803,-7.671719,9.368211,-20.061203
646.000000,-1754.404419,1348.281250,75.040535,-2.787105,0.383647,-137.768551,17.715616,6.749806,30.595213,26.638123,-17.242537,-7.177732,-25.694843,-2.768008,-18.229362,27.540730,-2.337286,-6.681583,-3.789159,5.967752,0.850639,-5.573198,19.687733,-37.013763,56.576370,10.693628,7.559305,-0.875414,0.544804,-18.774502,33.859779,65.021805,-7.561791,9.511748,-20.193192
647.000000,-1755.343628,1347.493408,75.190079,-2.978871,0.395357,-138.978058,17.099237,6.883573,28.094656,29.031639,-14.338047,-6.369596,-24.929871,-1.714578,-17.368851,27.750706,-3.455883,-6.615631,-3.854291,6.625927,0.910156,-5.365090,19.521343,-37.011368,56.589584,10.255434,7.373110,-1.152770,0.896016,-18.857864,34.117466,65.089577,-7.310541,9.702933,-20.390131
648.000000,-1756.207642,1346.772827,75.345787,-3.109203,0.450104,-139.890580,16.080029,6.826792,25.366678,31.439140,-12.958659,-5.124535,-24.094156,-0.883682,-16.672369,27.718016,-4.371034,-6.470626,-3.948817,7.134948,0.815977,-5.310324,19.323427,-37.003620,56.634167,10.077077,7.130007,-1.451825,1.301529,-18.914192,34.249104,65.195549,-7.216255,9.914622,-20.594051
649.000000,-1757.027222,1346.106934,75.543800,-3.244290,0.305013,-140.273916,14.458931,7.051521,23.118299,34.348858,-14.372270,-4.132613,-22.977985,-0.359440,-16.317181,27.386986,-5.087766,-6.309636,-4.287729,7.428590,0.929686,-5.604345,19.157719,-37.017799,56.817188,9.898156,6.796832,-1.673445,1.504434,-18.886311,34.506741,65.484917,-7.113810,10.082294,-20.821255
650.000000,-1757.758301,1345.512451,75.759995,-3.190871,0.040506,-140.575992,12.331713,7.314473,21.303331,37.827599,-15.869959,-3.352008,-21.615562,-0.058406,-15.904390,26.967922,-5.755665,-6.070205,-4.560749,7.405986,1.153325,-6.191932,19.017220,-37.229191,57.195587,9.410767,6.411465,-1.803060,1.621582,-18.811005,34.872139,65.883408,-6.773582,10.190431,-20.999414
651.000000,-1758.422119,1344.942139,75.990143,-3.119218,-0.231692,-140.935842,10.048113,7.575343,20.041330,41.113102,-17.006077,-2.918314,-20.213629,0.210434,-15.388436,26.308809,-6.191638,-5.766894,-4.657482,7.250246,1.218690,-6.712143,18.898506,-37.556980,57.630783,8.683908,6.019972,-1.839042,1.741822,-18.770622,35.172012,66.219147,-6.229110,10.230352,-21.059729
652.000000,-1759.049805,1344.358765,76.240746,-3.038559,-0.474418,-141.430185,7.685766,7.831162,19.052366,43.954750,-18.142302,-2.703156,-18.774015,0.527482,-14.763495,25.330570,-6.376861,-5.412683,-4.567917,7.069998,1.086834,-7.017168,18.786797,-37.862946,57.940319,8.041060,5.661497,-1.847219,1.947095,-18.796600,35.449680,66.398857,-5.728302,10.262957,-21.070677
653.000000,-1759.630005,1343.773315,76.506630,-2.933263,-0.688175,-141.942806,5.855940,8.048656,18.389318,45.783615,-18.882454,-2.620738,-17.693668,0.733151,-14.286115,24.443436,-6.389728,-5.155979,-4.436157,6.904611,0.918251,-7.134804,18.712585,-38.014416,58.082512,7.714061,5.391763,-1.851702,2.130155,-18.821123,35.586288,66.421989,-5.491893,10.282521,-21.074003
654.000000,-1760.145752,1343.203369,76.774696,-2.826345,-0.940469,-142.423892,3.666415,8.416662,17.644459,47.461182,-19.777063,-2.542235,-16.226810,0.941580,-13.688164,23.156582,-6.301132,-4.849343,-4.272735,6.657824,0.758088,-7.171885,18.634731,-38.053970,58.235294,7.357854,5.029543,-1.853374,2.306399,-18.824957,35.695160,66.432182,-5.370656,10.286389,-21.070683
655.000000,-1760.608276,1342.623413,77.050682,-2.686276,-1.148770,-142.873018,1.422063,8.746298,16.606123,48.195423,-21.008423,-2.478437,-14.624017,1.098526,-13.035472,21.558891,-6.057487,-4.491927,-4.137243,6.368052,0.569203,-7.089394,18.600302,-38.071522,58.372570,6.918950,4.676127,-1.851547,2.442275,-18.821886,35.810112,66.441765,-5.347075,10.269450,-21.009480
656.000000,-1760.987427,1342.054688,77.311859,-2.471581,-1.273680,-143.418030,-0.655452,8.865087,15.287868,47.928307,-22.196823,-2.460310,-13.217463,1.127789,-12.324143,19.980061,-5.712292,-4.109581,-3.909071,6.040837,0.386438,-6.972208,18.595783,-38.080585,58.482807,6.471382,4.388260,-1.849625,2.535132,-18.835306,35.822109,66.432373,-5.333074,10.215816,-20.832817
657.000000,-1761.280396,1341.484253,77.559616,-2.209567,-1.411770,-144.100043,-2.510937,8.975245,14.169315,46.796894,-23.029818,-2.469570,-11.940667,1.068437,-11.446509,18.438898,-5.279806,-3.716685,-3.450289,5.682405,0.349478,-6.900602,18.599604,-38.082973,58.529007,6.101963,4.157830,-1.845967,2.565083,-18.897844,35.827515,66.364494,-5.328734,10.135568,-20.578478
658.000000,-1761.498291,1340.919922,77.770149,-2.023663,-1.390716,-144.725273,-4.226397,9.259203,13.256323,44.584450,-23.360006,-2.557084,-10.860430,0.980395,-10.623695,16.877649,-4.743735,-3.326197,-2.989859,5.437719,0.275605,-6.793959,18.590622,-38.068066,58.484371,5.954066,3.965408,-1.846963,2.563514,-18.983622,35.830399,66.265968,-5.421048,10.032598,-20.261890
659.000000,-1761.644409,1340.329590,77.942162,-1.885624,-1.306527,-145.278268,-5.712999,9.672784,12.572963,41.526562,-23.158274,-2.769921,-10.044186,0.824858,-9.960769,15.571307,-4.265567,-2.940351,-2.635803,5.300115,0.248807,-6.733335,18.537500,-37.969681,58.370186,5.929036,3.822122,-1.844198,2.520848,-19.095224,35.833843,66.119713,-5.492444,9.896109,-19.911171
660.000000,-1761.705811,1339.745850,78.063248,-1.787797,-1.174476,-145.690024,-7.150743,10.082196,11.883301,37.556709,-22.191467,-2.998086,-9.431897,0.545789,-9.397413,14.518278,-3.887024,-2.480144,-2.421970,5.222153,0.285636,-6.716144,18.425880,-37.848213,58.170616,5.911506,3.670265,-1.756632,2.374214,-19.234449,35.838829,66.024620,-5.505856,9.703547,-19.480705
661.000000,-1761.691650,1339.128662,78.146347,-1.655921,-1.020135,-146.156632,-8.024852,10.189778,11.334733,34.289555,-20.694017,-3.154652,-9.217379,0.246648,-8.949464,14.119122,-3.760133,-2.095880,-2.290072,5.145761,0.354130,-6.724498,18.311640,-37.776779,58.022877,5.900794,3.508971,-1.622412,2.220207,-19.347033,35.841297,65.976219,-5.516076,9.554134,-19.172756
662.000000,-1761.615967,1338.489380,78.179680,-1.594921,-0.915667,-146.756517,-8.948401,10.207638,10.600966,29.919052,-17.700239,-3.359124,-9.153608,-0.145857,-8.253257,13.985165,-3.746569,-1.536830,-2.055548,5.083814,0.486199,-6.735373,18.085581,-37.599709,57.928875,5.868699,3.203069,-1.382553,2.027550,-19.543970,35.842865,65.878242,-5.544014,9.345282,-18.789228
663.000000,-1761.495728,1337.819458,78.143684,-1.731097,-0.872747,-147.391040,-9.603594,10.356384,10.095200,25.855730,-13.111670,-3.677212,-9.238080,-0.385565,-7.553300,14.227392,-3.907923,-0.935245,-1.861138,5.176456,0.659670,-6.715858,17.840322,-37.442581,57.927010,5.775351,2.868010,-1.104978,1.788029,-19.744089,35.844761,65.848633,-5.576167,9.154452,-18.387577
664.000000,-1761.397217,1337.148315,78.107834,-1.780070,-0.954892,-148.341623,-9.555552,10.414527,10.174033,24.257145,-11.605208,-4.076056,-9.337042,-0.527391,-6.676248,14.743320,-4.205914,-0.335830,-1.546019,5.197923,0.871346,-6.619001,17.674818,-37.421429,57.984764,5.593614,2.587623,-0.797059,1.596979,-19.867550,35.854263,65.812447,-5.592563,9.014829,-17.958246
665.000000,-1761.385132,1336.498779,78.118668,-1.830365,-0.719506,-149.176233,-8.706942,10.189476,10.945973,23.022305,-12.126616,-4.157120,-9.605566,-0.701730,-5.833523,14.969131,-4.302605,0.204234,-1.327437,4.999474,0.443158,-6.163671,17.611679,-37.448814,58.195095,5.363705,2.348990,-0.481433,1.630110,-19.811426,36.021812,65.728813,-5.733475,8.965080,-17.443529
666.000000,-1761.392456,1335.976562,78.185524,-1.737272,-0.660415,-149.740023,-7.915194,9.850788,11.753551,22.155224,-12.222816,-4.047378,-9.643991,-1.092984,-5.791055,15.112337,-4.317717,0.512201,-1.320482,4.463585,0.221761,-5.926365,17.716385,-37.509426,58.534733,5.187513,2.233115,-0.218846,1.697658,-19.537380,36.180176,65.563377,-6.013553,8.963554,-16.965818
667.000000,-1761.437378,1335.538940,78.272316,-1.554684,-0.727493,-150.401889,-6.884533,9.492028,12.695066,21.133436,-12.078290,-3.933362,-9.417235,-1.627808,-6.803271,14.992647,-4.339430,0.659382,-1.219257,3.775051,0.128037,-5.696025,17.908634,-37.550743,58.885735,5.020060,2.184446,0.052812,1.744681,-19.197746,36.230865,65.289963,-6.430285,9.029779,-16.464663
668.000000,-1761.508179,1335.154907,78.356583,-1.407515,-0.847302,-151.053007,-6.024187,9.252189,13.394254,20.277706,-11.949891,-3.833374,-9.050754,-1.950315,-7.571560,14.597381,-4.112810,0.872617,-1.176432,3.325715,0.071494,-5.472373,18.026293,-37.555264,59.175484,4.874957,2.175803,0.262098,1.745420,-18.992147,36.185993,64.975914,-6.852304,9.125909,-16.106749
669.000000,-1761.592651,1334.814575,78.419975,-1.239156,-0.998901,-151.585287,-4.952238,8.922587,14.172197,19.214960,-11.804289,-3.676194,-8.452432,-2.272468,-8.239620,13.869336,-3.856771,0.825833,-1.181371,2.846072,0.008111,-5.181114,18.112078,-37.556328,59.542717,4.659477,2.172636,0.509795,1.728444,-18.826790,36.017719,64.480698,-7.435828,9.220132,-15.742979
670.000000,-1761.688232,1334.514038,78.461578,-1.023621,-1.148645,-151.929639,-3.870591,8.448972,14.815062,18.094826,-11.634305,-3.477566,-7.753053,-2.681458,-8.849475,13.102658,-3.848976,0.854970,-1.258319,2.345151,-0.054437,-4.903803,18.136698,-37.554386,59.947968,4.374026,2.167897,0.766260,1.640736,-18.670017,35.777023,64.106392,-7.923974,9.241414,-15.514019
671.000000,-1761.771240,1334.246582,78.509377,-0.926411,-1.301466,-151.985498,-3.003721,8.037385,15.080857,17.123676,-11.460057,-3.279890,-7.115427,-2.953398,-8.949258,12.496758,-3.727942,0.971633,-1.502186,2.060260,-0.040158,-4.722713,18.072689,-37.557499,60.334042,4.111986,2.163633,0.982446,1.388269,-18.549715,35.641891,64.043800,-8.178798,9.246436,-15.434458
672.000000,-1761.851318,1334.000488,78.557915,-0.841905,-1.474500,-151.921944,-2.189040,7.635073,15.168852,16.172964,-11.256245,-3.090586,-6.495929,-3.212047,-9.008900,12.013075,-3.608155,1.161814,-1.747195,1.890023,0.074832,-4.664160,17.943228,-37.571819,60.786713,3.803468,2.147039,1.139884,1.075945,-18.454470,35.545406,64.114235,-8.425153,9.251805,-15.421454
673.000000,-1761.934082,1333.775757,78.597061,-0.756345,-1.592478,-151.857113,-1.472847,7.244572,15.229667,15.284996,-11.049803,-2.927432,-5.990747,-3.471971,-9.068853,11.646740,-3.571840,1.358267,-1.903725,1.774974,0.173049,-4.641695,17.807970,-37.592495,61.256905,3.472008,2.135393,1.226830,0.730430,-18.348019,35.487640,64.308769,-8.653442,9.251904,-15.413440
674.000000,-1762.026611,1333.559448,78.628799,-0.683198,-1.669725,-151.832313,-1.003081,6.993323,15.288070,14.694173,-10.913085,-2.831083,-5.681587,-3.634154,-9.089011,11.421063,-3.569611,1.487598,-1.954850,1.735223,0.227161,-4.606089,17.729639,-37.600185,61.558601,3.273260,2.130367,1.250473,0.474601,-18.259354,35.451035,64.503601,-8.806033,9.243885,-15.403821
675.000000,-1762.135498,1333.344482,78.656258,-0.620316,-1.727851,-151.807698,-0.384421,6.674318,15.368328,13.912723,-10.734420,-2.720523,-5.288368,-3.834092,-9.112949,11.139043,-3.590958,1.651220,-1.971174,1.722786,0.286632,-4.527746,17.652700,-37.605038,61.927151,3.085969,2.126787,1.259842,0.131095,-18.111506,35.415749,64.817253,-9.030612,9.215569,-15.373666
676.000000,-1762.250732,1333.152588,78.679466,-0.572723,-1.782264,-151.763138,0.194529,6.385956,15.398972,13.176874,-10.561027,-2.636861,-4.907442,-4.011870,-9.175200,10.883027,-3.636202,1.797120,-1.960882,1.736377,0.352045,-4.449737,17.594404,-37.607067,62.245449,2.918743,2.127866,1.266095,-0.153931,-17.946712,35.401730,65.131035,-9.257613,9.146182,-15.327060
677.000000,-1762.379639,1332.971924,78.699829,-0.530076,-1.822228,-151.745372,0.781690,6.122456,15.434507,12.424633,-10.383935,-2.581325,-4.554149,-4.159382,-9.216722,10.663769,-3.703202,1.930564,-1.904238,1.759733,0.396101,-4.317350,17.559319,-37.611523,62.523624,2.625239,2.130238,1.300005,-0.402762,-17.759296,35.400089,65.468613,-9.375536,9.045355,-15.247544
678.000000,-1762.530273,1332.788940,78.715919,-0.496902,-1.828700,-151.716725,1.294570,5.896720,15.449930,11.751881,-10.241805,-2.542576,-4.272232,-4.285188,-9.267530,10.521930,-3.808748,2.050509,-1.865166,1.792782,0.409333,-4.135122,17.545172,-37.633636,62.793915,2.336026,2.136567,1.368531,-0.637316,-17.560190,35.400936,65.802475,-9.446205,8.938601,-15.135434
679.000000,-1762.685791,1332.622192,78.725983,-0.476684,-1.807564,-151.674139,1.701090,5.719990,15.439381,11.215191,-10.149802,-2.516611,-4.060834,-4.388518,-9.338516,10.452855,-3.943171,2.152067,-1.853319,1.826091,0.415433,-3.942066,17.542034,-37.672283,63.034950,2.114649,2.184014,1.448573,-0.840124,-17.370750,35.402225,66.097229,-9.507584,8.831494,-15.017992
680.000000,-1762.846558,1332.469971,78.732033,-0.473878,-1.771011,-151.603906,1.980030,5.605159,15.404009,10.853833,-10.107058,-2.500265,-3.902159,-4.458050,-9.425392,10.410095,-4.061690,2.223913,-1.851357,1.854385,0.424141,-3.792187,17.539658,-37.726547,63.210358,2.019559,2.272614,1.515876,-0.965177,-17.224794,35.403870,66.297729,-9.572171,8.756799,-14.923421
681.000000,-1763.013062,1332.331787,78.735199,-0.483099,-1.716219,-151.504897,2.262265,5.495191,15.317983,10.489038,-10.089726,-2.485791,-3.718759,-4.529372,-9.580812,10.369571,-4.223093,2.301023,-1.850645,1.885049,0.429018,-3.620467,17.536167,-37.829952,63.402477,1.997195,2.444778,1.603815,-1.039732,-17.050087,35.407158,66.483192,-9.673985,8.692510,-14.803049
682.000000,-1763.189453,1332.202515,78.736153,-0.498936,-1.642644,-151.386491,2.478666,5.414723,15.201717,10.204394,-10.099585,-2.479426,-3.564311,-4.587142,-9.765708,10.354399,-4.397927,2.366352,-1.850991,1.901987,0.432561,-3.467859,17.532600,-37.939644,63.564686,1.990988,2.656797,1.688066,-1.051706,-16.878819,35.411133,66.634018,-9.771649,8.655114,-14.663944
683.000000,-1763.366455,1332.085938,78.735291,-0.521040,-1.556398,-151.265863,2.638954,5.362755,15.072388,9.992489,-10.135523,-2.481654,-3.435469,-4.627570,-9.961287,10.350307,-4.571914,2.420554,-1.852713,1.909453,0.441241,-3.336837,17.528633,-38.054768,63.705643,1.991334,2.898837,1.767270,-1.051926,-16.707836,35.415955,66.794861,-9.861532,8.643906,-14.480478
684.000000,-1763.544312,1331.979004,78.732941,-0.553592,-1.467217,-151.178274,2.763623,5.346586,14.970521,9.847298,-10.198783,-2.494748,-3.330944,-4.638908,-10.135807,10.347827,-4.725260,2.455695,-1.820235,1.917439,0.462824,-3.237904,17.515472,-38.140518,63.840511,1.996975,3.128091,1.828337,-1.050165,-16.565340,35.461433,66.946167,-9.905358,8.640043,-14.283018
685.000000,-1763.710205,1331.886353,78.729515,-0.590132,-1.376333,-151.110344,2.867341,5.355401,14.873349,9.743028,-10.293261,-2.519206,-3.235605,-4.631007,-10.322120,10.344368,-4.881628,2.481866,-1.755437,1.929824,0.486943,-3.151110,17.490953,-38.207767,63.993034,2.009264,3.368167,1.886022,-1.047455,-16.439636,35.564014,67.098480,-9.923850,8.638923,-14.048518
686.000000,-1763.881714,1331.796631,78.724960,-0.631662,-1.274693,-151.039735,2.919356,5.373183,14.800465,9.697432,-10.373042,-2.544008,-3.175816,-4.618157,-10.462502,10.340384,-4.990459,2.496864,-1.715708,1.942480,0.499208,-3.094696,17.471962,-38.257362,64.101479,2.022052,3.538924,1.921515,-1.045678,-16.365648,35.643944,67.191055,-9.933468,8.639390,-13.873145
687.000000,-1764.055786,1331.710693,78.720512,-0.667822,-1.189094,-150.963689,3.006808,5.394461,14.701202,9.620786,-10.467388,-2.584188,-3.083329,-4.601326,-10.652169,10.332568,-5.135007,2.514164,-1.683117,1.956660,0.525936,-3.010149,17.455801,-38.334343,64.199577,2.039839,3.774167,1.969177,-1.040344,-16.293997,35.769089,67.269966,-9.940855,8.640732,-13.645195
688.000000,-1764.226929,1331.630371,78.716484,-0.696924,-1.132705,-150.886798,3.146211,5.401060,14.595207,9.483797,-10.528920,-2.628924,-2.962848,-4.591223,-10.844035,10.325405,-5.285176,2.530459,-1.677695,1.958081,0.559212,-2.887650,17.456627,-38.442276,64.211182,2.055365,3.974460,2.030763,-1.018494,-16.258198,35.961250,67.288879,-9.940271,8.640452,-13.433094
689.000000,-1764.393555,1331.555420,78.710930,-0.725331,-1.075101,-150.784787,3.277132,5.406607,14.469533,9.367162,-10.596090,-2.668163,-2.838914,-4.584803,-11.042335,10.329505,-5.444792,2.544507,-1.682570,1.956900,0.569463,-2.756106,17.458426,-38.609020,64.212944,2.095947,4.086784,2.099774,-0.981876,-16.236685,36.221409,67.310295,-9.939261,8.638437,-13.243890
690.000000,-1764.553467,1331.488159,78.703354,-0.748943,-1.020753,-150.660244,3.370349,5.414218,14.301111,9.305570,-10.683022,-2.707904,-2.734539,-4.592190,-11.278658,10.391046,-5.637739,2.552269,-1.686395,1.945800,0.571825,-2.645868,17.465307,-38.871418,64.214066,2.177736,4.130478,2.191254,-0.916588,-16.230766,36.601566,67.319252,-9.933270,8.633832,-13.053860
691.000000,-1764.706665,1331.429443,78.694572,-0.764697,-0.973281,-150.568851,3.463161,5.420377,14.178490,9.242660,-10.752810,-2.753188,-2.694250,-4.608316,-11.473001,10.543419,-5.839566,2.553507,-1.668559,1.918002,0.575305,-2.560000,17.477896,-39.132603,64.217743,2.218314,4.139720,2.282691,-0.858006,-16.218903,36.980152,67.326477,-9.921494,8.627736,-12.843442
692.000000,-1764.850098,1331.378418,78.686104,-0.782871,-0.921186,-150.513969,3.564043,5.441590,14.075665,9.176657,-10.835693,-2.810979,-2.685046,-4.615292,-11.675788,10.745518,-6.061132,2.554214,-1.633584,1.884313,0.578829,-2.466743,17.486788,-39.376217,64.223900,2.237674,4.147273,2.378101,-0.815702,-16.173456,37.345364,67.337708,-9.904608,8.621109,-12.565225
693.000000,-1764.977295,1331.335327,78.676918,-0.805512,-0.821957,-150.547755,3.585336,5.472580,14.064912,9.161408,-10.908469,-2.844600,-2.738410,-4.604193,-11.801588,10.870063,-6.184563,2.532703,-1.565569,1.870253,0.552450,-2.426588,17.488731,-39.515209,64.248466,2.305554,4.151860,2.424088,-0.811510,-16.126644,37.517014,67.343056,-9.896491,8.618153,-12.362708
694.000000,-1765.089233,1331.300293,78.667358,-0.837518,-0.716254,-150.614216,3.567843,5.538868,14.102014,9.200791,-11.034245,-2.884727,-2.816220,-4.557484,-11.933450,10.948607,-6.295717,2.485077,-1.424307,1.864929,0.517835,-2.418802,17.491615,-39.669998,64.338036,2.469340,4.162472,2.475852,-0.821323,-16.061499,37.678978,67.344902,-9.892561,8.614324,-12.104095
695.000000,-1765.198120,1331.268311,78.657654,-0.874681,-0.618849,-150.657994,3.524699,5.618132,14.104655,9.291302,-11.183646,-2.933002,-2.857032,-4.497070,-12.073044,10.969939,-6.393757,2.445410,-1.320932,1.863816,0.502614,-2.418212,17.495770,-39.776844,64.484970,2.590847,4.217905,2.531060,-0.845139,-15.989933,37.784771,67.348564,-9.888744,8.610773,-11.828739
696.000000,-1765.304199,1331.234497,78.647842,-0.909602,-0.537194,-150.701171,3.502363,5.681500,14.100062,9.366056,-11.308803,-2.973200,-2.874478,-4.445026,-12.150260,10.987222,-6.478069,2.437150,-1.242944,1.863245,0.497171,-2.416775,17.498398,-39.874470,64.636322,2.702775,4.343107,2.580841,-0.857274,-15.966724,37.841999,67.371742,-9.895478,8.614270,-11.669272
697.000000,-1765.407593,1331.200317,78.636650,-0.934382,-0.463273,-150.759495,3.495971,5.743247,14.105097,9.438725,-11.450817,-3.018096,-2.911950,-4.394091,-12.210851,11.055017,-6.601633,2.426951,-1.138677,1.852506,0.484946,-2.391531,17.505270,-39.990662,64.822128,2.900874,4.536194,2.650143,-0.871705,-15.976276,37.893879,67.436935,-9.909532,8.620458,-11.512744
698.000000,-1765.506348,1331.163696,78.627762,-0.952801,-0.375796,-150.729587,3.472650,5.769372,14.036414,9.475056,-11.550274,-3.059449,-2.930665,-4.376937,-12.317904,11.098249,-6.720409,2.426418,-1.115540,1.840434,0.452405,-2.321752,17.493752,-40.037117,64.957047,3.299667,4.750832,2.690271,-0.886708,-15.988538,37.914055,67.566536,-10.004092,8.624134,-11.317325
699.000000,-1765.598145,1331.129395,78.621658,-0.966881,-0.304173,-150.583997,3.438257,5.767973,13.895125,9.479400,-11.591207,-3.087030,-2.906176,-4.387377,-12.474764,11.096743,-6.801831,2.428611,-1.183059,1.839833,0.434258,-2.303116,17.488411,-40.020012,65.036385,3.492869,4.887381,2.702244,-0.880669,-15.988687,37.904602,67.725212,-10.107769,8.625024,-11.142444
700.000000,-1765.697998,1331.095337,78.612541,-0.972017,-0.260161,-150.465052,3.436527,5.757945,13.699720,9.480583,-11.650031,-3.122642,-2.863858,-4.410337,-12.663800,11.166502,-6.961675,2.425916,-1.299883,1.833495,0.435289,-2.257369,17.492638,-40.019882,65.159790,3.812059,5.066740,2.703364,-0.846020,-15.968928,37.870537,68.043716,-10.269994,8.627504,-10.872968
701.000000,-1765.803101,1331.066284,78.600189,-0.969998,-0.232381,-150.401073,3.471609,5.754379,13.578143,9.487705,-11.717879,-3.149548,-2.852242,-4.422559,-12.754747,11.304013,-7.143063,2.416823,-1.396740,1.809936,0.436882,-2.142510,17.508833,-40.024277,65.293030,4.153908,5.221293,2.694483,-0.757582,-15.920750,37.775692,68.320114,-10.451781,8.676471,-10.638590
702.000000,-1765.910400,1331.043701,78.581635,-0.956474,-0.169172,-150.584576,3.537976,5.770037,13.622204,9.485057,-11.817770,-3.194673,-2.994816,-4.409688,-12.656158,11.632339,-7.411873,2.393286,-1.361621,1.751658,0.405180,-1.956718,17.533623,-40.028595,65.499748,4.566447,5.443746,2.642918,-0.572294,-15.860804,37.623367,68.493813,-10.604463,8.852115,-10.350101
703.000000,-1766.006226,1331.035767,78.558067,-0.953192,-0.019381,-151.026634,3.558289,5.859138,14.010261,9.524101,-11.966674,-3.274060,-3.402305,-4.307142,-12.229620,12.088834,-7.656645,2.331109,-1.094370,1.693141,0.324376,-1.735615,17.567135,-40.030792,65.682289,5.022913,5.738428,2.504313,-0.443792,-15.801494,37.523483,68.547546,-10.624949,9.079501,-10.044585
704.000000,-1766.089966,1331.049561,78.529625,-0.941180,0.155940,-151.479843,3.474613,5.971154,14.426795,9.663001,-12.150819,-3.372603,-3.939577,-4.207761,-11.810434,12.666984,-7.929566,2.232740,-0.912021,1.622909,0.293450,-1.489264,17.679989,-40.032452,65.720978,5.338407,6.115018,2.259484,-0.418517,-15.774255,37.453373,68.551773,-10.535227,9.247404,-9.671346
705.000000,-1766.176270,1331.072754,78.499756,-0.931839,0.320425,-151.873355,3.341578,6.096958,14.789086,9.896779,-12.372467,-3.476390,-4.474521,-4.110323,-11.442928,13.273184,-8.222573,2.133280,-0.872102,1.563348,0.319234,-1.229207,17.823248,-40.034302,65.724426,5.540745,6.555467,1.936466,-0.410433,-15.780051,37.302250,68.550194,-10.270351,9.391347,-9.296289
706.000000,-1766.275757,1331.095459,78.471664,-0.974266,0.447527,-152.245995,3.224746,6.276849,15.075316,10.196627,-12.625668,-3.585278,-4.804948,-3.955061,-11.180882,13.623624,-8.400411,2.033144,-0.873652,1.597899,0.354253,-1.020914,17.918701,-40.034115,65.720177,5.796800,6.950048,1.627155,-0.371189,-15.809018,37.046444,68.550217,-9.994562,9.561141,-8.991438
707.000000,-1766.395752,1331.118042,78.444550,-1.076309,0.527100,-152.621958,3.125099,6.522689,15.343900,10.576095,-12.930782,-3.703902,-4.989972,-3.733693,-10.965310,13.794763,-8.505120,1.921971,-0.872329,1.704532,0.377192,-0.839012,17.995163,-40.032669,65.718178,6.014212,7.299708,1.324833,-0.307185,-15.855786,36.788311,68.544716,-9.815633,9.748097,-8.724101
708.000000,-1766.540894,1331.150879,78.411011,-1.213311,0.698771,-153.135698,2.933408,6.908068,15.745317,11.143599,-13.374323,-3.876435,-5.275273,-3.385307,-10.668083,13.989621,-8.607572,1.746620,-0.814172,1.906347,0.293023,-0.637837,18.103241,-40.030243,65.720901,6.203334,7.649336,0.942180,-0.226877,-15.935213,36.567314,68.531059,-9.776052,9.960077,-8.449332
709.000000,-1766.691772,1331.200562,78.374153,-1.373481,0.855115,-153.739378,2.740477,7.361546,16.232956,11.734458,-13.844934,-4.096523,-5.662604,-3.008355,-10.522408,14.314209,-8.726596,1.541200,-0.773243,2.191576,0.241349,-0.502475,18.209270,-40.028900,65.723167,6.468026,7.976087,0.566870,-0.221671,-16.020212,36.245972,68.454163,-9.842321,10.127595,-8.263044
710.000000,-1766.866333,1331.256348,78.324074,-1.565665,0.992726,-154.376908,2.512473,7.958031,16.826817,12.580889,-14.496531,-4.380986,-6.043624,-2.592100,-10.961476,14.655529,-8.962749,1.158219,-0.939077,2.631062,0.217828,-0.308625,18.337843,-40.030987,65.685242,6.596795,8.352159,0.171045,-0.285360,-16.101387,35.548828,68.262833,-9.901938,10.261697,-8.165529
711.000000,-1767.103394,1331.301880,78.262573,-1.870099,0.963966,-155.042748,2.445522,8.639638,17.318686,13.536816,-15.230743,-4.672572,-6.053504,-2.057821,-11.163486,14.737451,-9.076721,0.812457,-1.298037,3.235890,0.294431,-0.071636,18.412117,-40.007679,65.657417,6.629314,8.629684,-0.136362,-0.330805,-16.197329,34.773289,68.128769,-9.914207,10.300645,-8.155760
712.000000,-1767.423584,1331.332153,78.186386,-2.212208,0.856727,-155.711396,2.502108,9.336657,17.796354,14.452826,-15.971842,-4.973967,-5.899523,-1.498253,-11.320556,14.712530,-9.218792,0.565293,-1.625401,3.902802,0.299527,0.188079,18.441238,-39.983955,65.633896,6.644012,8.874521,-0.388510,-0.256506,-16.320534,34.239822,68.093216,-9.922691,10.318543,-8.158058
713.000000,-1767.805298,1331.360962,78.095993,-2.554166,0.779757,-156.285928,2.630718,10.208135,18.240059,15.547794,-16.881456,-5.362222,-5.610273,-0.753780,-11.146486,14.711291,-9.463226,0.213717,-2.025855,4.804962,0.182483,0.452769,18.446121,-39.978104,65.486404,6.653676,9.246135,-0.716115,0.085159,-16.583542,33.989025,67.977798,-9.922461,10.418236,-8.158461
714.000000,-1768.228760,1331.412842,77.985558,-2.902427,0.661301,-156.872461,2.781698,11.079504,18.680283,16.624964,-17.774445,-5.777680,-5.388688,-0.037509,-10.936689,14.902329,-9.872913,-0.078333,-2.345985,5.707391,0.063991,0.552993,18.478109,-39.971668,65.228745,6.658676,9.599012,-1.045769,0.523015,-16.895117,33.702988,67.765594,-9.857200,10.563114,-8.153073
715.000000,-1768.668213,1331.498291,77.842117,-3.225441,0.483050,-157.575602,2.997459,12.073737,19.245110,17.949551,-18.807777,-6.240337,-5.251401,0.755382,-10.519378,15.467287,-10.528535,-0.420262,-2.698103,6.678970,0.100493,0.565965,18.636192,-39.965164,64.728699,6.670268,9.860167,-1.376788,0.828889,-17.228029,33.308510,67.605797,-9.759899,10.680479,-8.140143
716.000000,-1769.102539,1331.609375,77.674088,-3.521078,0.322296,-158.277771,3.032331,12.970167,19.606527,19.431116,-19.771633,-6.618551,-5.303249,1.422441,-10.087367,16.300747,-11.285178,-0.670307,-3.015007,7.507927,0.195891,0.450976,18.833755,-39.954666,64.213791,6.673557,9.956093,-1.578061,0.963989,-17.551014,33.061832,67.495239,-9.747923,10.735028,-8.131092
717.000000,-1769.537964,1331.753296,77.510201,-3.718799,0.239769,-158.996512,2.528297,14.079588,19.681971,22.107491,-20.810318,-7.020407,-5.554839,2.145745,-9.527312,17.487268,-12.252892,-0.957235,-3.263122,8.403561,0.240648,0.102978,19.022545,-39.880287,63.691463,6.673845,9.999832,-1.695018,1.082271,-17.928955,32.838017,67.416214,-9.744376,10.760721,-8.122049
718.000000,-1769.956543,1331.963257,77.417923,-3.521466,0.102732,-160.043440,0.964402,15.070593,19.550095,26.977104,-20.813995,-7.327966,-5.918264,2.491091,-8.572412,18.767479,-13.136368,-1.247528,-2.981416,8.695672,0.370782,-0.446090,19.250731,-39.780025,63.245766,6.683885,10.005445,-1.693648,1.105756,-18.186337,32.723133,67.265030,-9.747649,10.764862,-8.067000
719.000000,-1770.401367,1332.182739,77.411583,-3.112299,-0.170773,-161.251054,-0.443509,15.705562,19.241762,31.219761,-19.855598,-7.534729,-5.962293,2.640171,-7.685045,19.433210,-13.614501,-1.469236,-2.661013,8.714232,0.516724,-0.811188,19.401423,-39.773827,62.955154,6.710060,10.017519,-1.664017,1.057026,-18.376545,32.737606,67.073051,-9.755062,10.755984,-8.022582
720.000000,-1770.921387,1332.389893,77.460007,-2.641607,-0.517490,-162.494482,-2.465143,16.430037,18.392691,37.198597,-17.076143,-7.865386,-5.633423,2.825483,-6.351744,19.900976,-14.085127,-1.794490,-2.216435,8.648781,0.649850,-1.195148,19.502287,-39.781361,62.662796,6.767216,10.071401,-1.596867,0.978398,-18.695093,33.001457,66.763649,-9.732240,10.683129,-8.010431
721.000000,-1771.505371,1332.578613,77.525558,-2.197121,-0.838217,-163.676304,-4.265873,16.736347,16.987591,41.924191,-13.765800,-7.422158,-5.087049,3.004866,-5.250124,19.919527,-14.352820,-2.079478,-1.918444,8.621549,0.610142,-1.364637,19.511600,-39.782291,62.338505,6.965344,10.179594,-1.549894,0.925336,-19.097345,33.456814,66.398323,-9.684218,10.574046,-8.012536
722.000000,-1772.091675,1332.738892,77.572411,-1.836407,-1.118635,-164.818123,-6.499313,16.703150,14.782144,47.088974,-9.507024,-5.348430,-4.346189,3.269891,-3.942712,19.802813,-14.641354,-2.418321,-1.531989,8.663671,0.551367,-1.548669,19.498262,-39.656437,61.706673,7.631773,10.301629,-1.536565,0.802249,-19.715931,33.937576,65.785583,-9.635190,10.452152,-8.051049
723.000000,-1772.659302,1332.858887,77.594177,-1.495957,-1.289448,-165.805243,-8.576936,16.098234,12.556770,50.948517,-7.409395,-3.080692,-3.804615,3.492629,-2.838087,19.810074,-14.980847,-2.678041,-1.238078,8.748590,0.525321,-1.808294,19.478079,-39.412670,61.135441,8.272601,10.252838,-1.533990,0.427860,-20.331638,34.254967,65.330994,-9.402928,10.296319,-8.172998
724.000000,-1773.168335,1332.932129,77.614090,-1.097915,-1.415010,-166.644656,-10.648207,14.848767,11.137906,53.425869,-8.595819,-1.711112,-3.428245,3.505193,-1.889049,20.018602,-15.406997,-2.825895,-1.158920,8.718993,0.659769,-2.238679,19.472923,-39.212605,60.739796,8.611545,10.095452,-1.546848,-0.291955,-20.884037,34.333157,65.049889,-8.953556,10.115391,-8.389898
725.000000,-1773.656982,1332.968506,77.632782,-0.718171,-1.406940,-167.431995,-13.055675,13.260032,10.487017,55.026077,-10.692624,-0.767568,-3.205314,3.458005,-0.879354,20.324415,-15.869148,-2.957643,-1.083524,8.621303,0.815889,-2.778522,19.485697,-38.769611,60.309975,8.996496,9.971663,-1.608627,-1.287000,-21.387629,34.339787,64.791183,-8.730849,9.945245,-8.822958
726.000000,-1774.152588,1332.982422,77.648689,-0.363400,-1.355639,-168.254226,-15.194369,11.887430,10.515319,55.446747,-12.085904,-0.309470,-3.053179,3.417284,-0.013670,20.574520,-16.259449,-3.028394,-0.922273,8.461446,0.970982,-3.319018,19.512310,-38.092789,59.937939,9.393464,9.876363,-1.684361,-2.155858,-21.769674,34.276054,64.367149,-8.623425,9.773308,-9.296211
727.000000,-1774.669067,1332.975952,77.662346,-0.063855,-1.403560,-169.023455,-17.077782,10.658277,10.699931,55.272629,-13.103741,-0.035837,-2.772446,3.402798,0.764212,20.721754,-16.603800,-3.084234,-0.699875,8.260984,1.230098,-3.915335,19.542709,-37.414856,59.666916,9.732381,9.785463,-1.721348,-2.952186,-22.079670,34.183903,63.864998,-8.466803,9.580712,-9.710269
728.000000,-1775.263184,1332.946777,77.680717,0.189043,-1.306464,-169.816347,-19.114632,9.118105,10.821148,53.606407,-13.829501,0.097508,-2.354459,3.382155,1.608371,20.674297,-16.951065,-3.178123,-0.485028,7.926316,1.345462,-4.552840,19.700516,-37.244869,59.450115,9.978620,9.646653,-1.729821,-3.803739,-22.325335,34.176842,63.146633,-8.157329,9.339334,-10.142292
729.000000,-1775.921265,1332.902100,77.691475,0.319657,-1.157187,-170.617915,-20.897440,7.909340,10.978350,51.009953,-14.094527,0.117243,-1.907162,3.484093,2.438686,20.396408,-17.185696,-3.301147,-0.121380,7.579925,1.262900,-5.007422,19.892700,-37.199738,59.276611,10.214474,9.466946,-1.770970,-4.455324,-22.443859,34.199886,62.386173,-7.827813,9.010186,-10.538722
730.000000,-1776.630737,1332.840698,77.685478,0.403726,-1.005933,-171.462010,-22.539248,6.731923,10.967532,47.379505,-13.805881,0.124107,-1.322071,3.655035,3.319148,19.984621,-17.431892,-3.445682,0.300000,7.144019,1.127966,-5.352726,20.080513,-37.093182,59.120201,10.671643,9.319882,-1.885255,-5.097119,-22.415161,34.203430,61.717758,-7.311372,8.581709,-10.882023
731.000000,-1777.390625,1332.748901,77.660889,0.515413,-0.857543,-172.442598,-23.517765,5.676845,10.765377,43.115005,-12.982025,0.113804,-0.856769,3.765445,4.210344,19.802673,-17.755087,-3.508140,0.747577,6.653474,1.053183,-5.625154,20.192194,-37.036198,59.103550,10.982279,9.238509,-2.032584,-5.656393,-22.325451,34.217976,61.154709,-6.756566,8.245707,-11.072412
732.000000,-1778.172729,1332.620483,77.601418,0.508963,-0.715980,-173.497923,-24.494482,4.722043,10.494269,37.951298,-11.776433,0.060287,-0.285031,3.991985,5.337709,19.642637,-18.205284,-3.546921,1.286278,6.124496,1.032377,-5.896992,20.293337,-37.026470,59.105461,11.217884,9.134646,-2.232949,-6.316001,-22.226313,34.278309,60.430374,-6.120218,7.859416,-11.247091
733.000000,-1779.032471,1332.433472,77.527603,0.490316,-0.509180,-174.687573,-24.988941,3.852311,9.790186,32.689137,-9.741941,-0.040442,0.198323,4.184873,6.482950,19.541914,-18.642517,-3.524448,1.853582,5.654974,0.954727,-5.985573,20.354202,-37.027744,59.121952,11.295085,8.944427,-2.468337,-6.816933,-22.164442,34.327335,59.886925,-5.364876,7.440058,-11.397350
734.000000,-1779.925781,1332.203247,77.413406,0.297602,-0.267000,-175.798174,-25.330696,3.266132,8.812582,28.186485,-7.576872,-0.069686,0.656849,4.445529,7.459994,19.429424,-19.061790,-3.440638,2.276248,5.340640,0.842028,-5.969689,20.442076,-37.027023,59.140030,11.297633,8.698525,-2.788682,-7.188738,-22.150196,34.332718,59.473721,-4.750702,7.018538,-11.571639
735.000000,-1780.842773,1331.950439,77.255737,-0.031298,-0.058005,-176.710442,-25.442970,3.087080,8.005027,24.108639,-5.362597,0.061251,1.163349,4.786577,8.127142,19.434765,-19.578426,-3.298202,2.517099,5.110447,0.738304,-5.930723,20.618860,-37.023865,59.175655,11.113701,8.440057,-3.180457,-7.407209,-22.152792,34.357742,59.105618,-4.313613,6.586493,-11.843261
736.000000,-1781.802612,1331.663818,77.050453,-0.333574,0.118847,-177.646566,-25.238749,3.097295,7.260479,21.180103,-3.777909,0.306694,1.562944,4.967008,8.181816,19.771175,-20.325645,-3.071214,2.707114,4.851080,0.649822,-5.905035,20.827576,-37.024433,59.318214,10.764237,8.195103,-3.512657,-7.419639,-22.161007,34.378502,58.809402,-3.901806,6.266696,-12.140147
737.000000,-1782.805420,1331.325684,76.783958,-0.512779,0.276849,-178.963225,-24.711199,3.119959,6.310055,19.624069,-3.112071,0.529545,1.781103,4.899102,7.980320,20.522472,-21.527716,-2.751395,3.127767,4.476841,0.529794,-5.771661,21.034456,-37.025398,59.644909,10.469149,7.926000,-3.736225,-7.390049,-22.173672,34.382252,58.564484,-3.575392,6.035783,-12.371690
738.000000,-1783.824585,1330.963867,76.551399,-0.385547,0.354720,-179.941631,-24.219254,2.849386,6.134371,19.800243,-0.595976,1.210128,2.044169,4.431074,7.781163,21.510210,-22.848726,-2.446111,3.100118,3.813183,0.492442,-5.556894,21.214819,-37.026035,60.124969,10.315162,7.742247,-3.878903,-7.358695,-22.120636,34.378452,58.490555,-3.479221,5.809498,-12.604698
739.000000,-1784.840820,1330.591919,76.429688,-0.048690,0.343597,179.186396,-23.867100,2.619799,6.561453,20.388290,0.614895,1.461918,2.249608,3.760058,7.217921,22.272785,-23.631392,-1.987933,3.020149,3.143070,0.560399,-5.427547,21.320316,-37.028790,60.469151,10.180820,7.700558,-3.954519,-7.265445,-22.056051,34.376026,58.482903,-3.476088,5.679365,-12.821076
740.000000,-1785.889282,1330.176392,76.421600,0.100489,0.283721,178.221329,-23.080814,2.623674,7.476950,21.058357,1.691236,1.816139,2.456381,2.858513,5.940947,23.494780,-24.037718,-1.118247,3.025100,2.462556,0.699530,-5.142876,21.355042,-37.084618,60.843731,9.921104,7.694181,-4.001535,-7.015117,-22.000408,34.352844,58.439621,-3.486523,5.544363,-13.195505
741.000000,-1786.907959,1329.790161,76.551834,0.416432,0.325537,177.531916,-22.273941,2.431694,8.366887,21.686205,0.686333,2.129976,2.513289,1.741582,4.255770,24.658922,-23.741270,-0.327789,2.846331,1.694542,0.716101,-4.746786,21.367071,-37.223766,61.031391,9.826003,7.715647,-4.005786,-6.573253,-21.849148,34.243195,58.381462,-3.503988,5.355074,-13.609445
742.000000,-1787.930054,1329.391113,76.759705,0.622181,0.505118,176.952096,-21.343977,2.124621,9.158394,21.704111,-0.599477,2.413761,2.512646,0.636597,2.710063,25.500967,-22.856644,0.357343,2.654134,0.950466,0.569843,-4.332292,21.333290,-37.413834,61.052544,9.807967,7.728990,-3.993479,-5.929011,-21.754086,34.164524,58.328747,-3.534915,5.055751,-13.972777
743.000000,-1788.892578,1328.986938,76.979187,0.642586,0.731919,176.354293,-20.438189,1.961860,9.806595,21.436399,-1.594357,2.681490,2.349514,-0.251692,1.206994,26.293633,-21.573645,0.905993,2.584182,0.454937,0.419677,-4.067894,21.200384,-37.609608,61.050953,9.802370,7.727958,-3.945031,-5.256340,-21.743359,34.032639,58.328575,-3.558482,4.743119,-14.268299
744.000000,-1789.786011,1328.597900,77.180779,0.553491,0.919602,175.758362,-19.596766,1.921919,10.340378,21.165133,-2.402503,2.893545,2.046370,-0.978911,-0.216591,27.250456,-20.259739,1.411871,2.582840,0.116030,0.412248,-3.982955,21.069574,-37.805828,61.038513,9.800446,7.722763,-3.824607,-4.733291,-21.761787,33.953251,58.355370,-3.573840,4.510673,-14.463538
745.000000,-1790.608643,1328.259521,77.370773,0.478186,1.099971,175.093687,-18.628727,1.911032,10.902697,20.654633,-3.083963,3.043031,1.611233,-1.700917,-1.688093,28.309240,-19.157534,1.932877,2.620842,-0.275610,0.443425,-4.001357,21.035061,-38.153355,60.991013,9.842010,7.711790,-3.586882,-4.315916,-21.687412,33.949406,58.514378,-3.567307,4.289454,-14.621710
746.000000,-1791.371948,1327.985229,77.559761,0.470554,1.297559,174.220822,-17.601633,1.920581,11.592246,19.837587,-3.511475,3.095573,0.980202,-2.177567,-2.497205,28.709042,-19.206068,2.566831,2.734082,-0.794336,0.463683,-4.025097,21.092552,-38.316700,60.983463,9.981246,7.692413,-3.245081,-4.101529,-21.414261,33.964645,58.858040,-3.485669,4.034215,-14.776104
747.000000,-1792.045044,1327.762573,77.750008,0.450494,1.343787,173.290795,-16.389128,1.983407,12.359257,18.793921,-3.765638,3.093842,-0.032078,-2.561541,-3.139698,28.782995,-20.359154,2.904278,2.842085,-1.326210,0.640507,-4.044957,21.196440,-38.335594,60.983334,10.227088,7.651025,-2.819881,-3.991333,-21.080500,34.009575,59.153294,-3.210956,3.730239,-14.954693
748.000000,-1792.679199,1327.565430,77.929169,0.378752,1.286820,172.545215,-15.111520,2.031625,12.974237,17.753294,-3.945025,3.087327,-1.129423,-3.091412,-4.084929,28.771210,-21.311850,3.014246,2.858878,-1.726578,0.857251,-4.060498,21.236643,-38.341846,60.989742,10.434934,7.629170,-2.391192,-3.786302,-20.885284,34.254379,59.325066,-2.851573,3.449211,-15.121683
749.000000,-1793.300293,1327.400269,78.083817,0.308882,1.171206,172.047734,-13.918571,1.999614,13.364371,16.829117,-4.111109,3.085464,-2.075222,-3.732185,-5.013327,28.520792,-21.627752,3.066788,2.816886,-2.020144,0.941310,-4.045863,21.220484,-38.347023,60.991047,10.603042,7.609485,-2.046577,-3.387777,-20.816034,34.553711,59.498505,-2.672321,3.213034,-15.227822
750.000000,-1793.911133,1327.267578,78.208443,0.253009,1.034291,171.770848,-12.731404,1.882754,13.598436,15.962324,-4.313057,3.089421,-2.952745,-4.609620,-6.071086,28.022999,-21.379179,3.122020,2.694980,-2.288865,0.890376,-4.015752,21.168703,-38.352600,60.991127,10.919046,7.599725,-1.738237,-2.821641,-20.798075,34.846169,59.783665,-2.654544,3.032968,-15.314445
751.000000,-1794.464355,1327.175659,78.304588,0.208636,0.826048,171.575422,-11.600485,1.768773,13.761300,15.265747,-4.561745,3.084857,-3.578420,-5.517510,-6.928452,27.178835,-20.460453,3.170270,2.616858,-2.497163,0.811594,-4.012339,21.076420,-38.354450,61.030693,11.381241,7.594328,-1.470483,-2.232363,-20.769934,35.037067,60.222233,-2.908453,2.966069,-15.423036
752.000000,-1795.020508,1327.112305,78.382797,0.179923,0.587109,171.379652,-10.777257,1.706289,13.894490,14.849839,-4.792348,3.066613,-3.918459,-6.185985,-7.426924,26.230341,-19.306309,3.241424,2.615005,-2.620021,0.734177,-4.016432,20.977650,-38.352879,61.101517,11.808393,7.590395,-1.276882,-1.777778,-20.732931,35.100185,60.628307,-3.239287,2.959346,-15.531598
753.000000,-1795.527588,1327.088257,78.434364,0.200211,0.354057,171.212275,-9.786298,1.618397,14.085544,14.419374,-5.117939,3.011425,-4.274854,-6.998439,-7.855701,24.672794,-17.180243,3.371566,2.634420,-2.773198,0.623991,-4.017523,20.851784,-38.349674,61.204166,12.389129,7.586016,-1.029909,-1.195347,-20.683750,35.131580,61.102692,-3.705376,2.985700,-15.702507
754.000000,-1795.974976,1327.108154,78.458160,0.291308,0.106687,171.141573,-8.895275,1.476637,14.217674,14.079529,-5.420622,2.921050,-4.522717,-7.705003,-8.199160,22.966894,-14.256948,3.538682,2.575677,-2.951882,0.595689,-4.018431,20.776007,-38.346466,61.272804,12.877451,7.582392,-0.802722,-0.689317,-20.613243,35.138474,61.400200,-4.221393,3.057735,-15.900396
755.000000,-1796.405396,1327.165283,78.473663,0.364986,-0.220976,171.304659,-7.987988,1.271896,14.150069,13.840047,-5.744885,2.789919,-4.481316,-8.336576,-8.586730,21.761744,-11.829134,4.236632,2.316437,-3.118907,0.691084,-4.025409,20.699606,-38.340286,61.328075,13.329143,7.582385,-0.591580,-0.217260,-20.486616,35.140038,61.637234,-4.799565,3.154077,-16.105190
756.000000,-1796.874023,1327.236450,78.538582,0.219899,-0.342837,171.589710,-7.312681,1.294760,13.804412,13.584807,-6.002857,2.642238,-3.706824,-8.323647,-8.903005,21.204306,-11.591564,4.912995,1.997122,-2.932619,0.476843,-3.955902,20.449490,-38.338154,61.385208,13.703001,7.619655,-0.466050,0.388760,-20.325504,35.141144,61.955620,-5.280354,3.266970,-16.264021
757.000000,-1797.321167,1327.306763,78.608635,0.097723,-0.255637,171.568965,-6.795824,1.392812,13.746124,13.158315,-6.171545,2.501290,-2.870601,-8.142214,-9.219080,20.046118,-11.187086,5.250256,2.008420,-2.680871,0.023721,-3.862491,20.145842,-38.333263,61.378269,13.996128,7.636097,-0.379815,0.961148,-20.137146,35.143002,62.271488,-5.608251,3.464446,-16.323257
758.000000,-1797.685791,1327.373047,78.657127,0.039188,-0.240882,171.390405,-6.386237,1.461259,13.822994,12.850672,-6.288742,2.401224,-2.221106,-8.011509,-9.406744,19.091803,-10.943345,5.370847,2.064013,-2.492574,-0.123461,-3.842906,19.944668,-38.269928,61.306458,14.146690,7.638725,-0.300391,1.195171,-19.986027,35.142582,62.448875,-5.849599,3.644733,-16.330614
759.000000,-1797.970337,1327.440186,78.681915,0.039167,-0.258006,171.181109,-5.893224,1.515236,13.966839,12.541819,-6.439527,2.281331,-1.474684,-7.894297,-9.588782,18.039904,-10.770366,5.439044,2.045287,-2.280442,-0.087078,-3.843305,19.743887,-38.084263,61.148521,14.238372,7.638222,-0.171741,1.266852,-19.761456,35.138733,62.616009,-6.266038,3.853044,-16.334871
760.000000,-1798.226562,1327.520508,78.694740,0.078194,-0.286410,170.976007,-5.415876,1.528477,14.121907,12.242277,-6.575857,2.158746,-0.803573,-7.834232,-9.803360,17.127365,-10.709428,5.470062,1.939020,-2.092315,0.070881,-3.866682,19.568306,-37.862209,60.983784,14.260783,7.634712,-0.002030,1.240907,-19.487272,35.133518,62.726830,-6.714541,4.023358,-16.339428
761.000000,-1798.459961,1327.612305,78.705635,0.086432,-0.291591,170.946945,-5.075716,1.538833,14.101899,12.055839,-6.702072,2.045161,-0.180441,-7.788762,-10.233592,16.327534,-10.654199,5.485967,1.617072,-1.887601,0.246189,-3.901783,19.399908,-37.788284,60.940044,14.261741,7.630907,0.226691,1.157781,-19.143869,35.130005,62.943447,-7.051293,4.141626,-16.356499
762.000000,-1798.682617,1327.715332,78.718033,0.091311,-0.223211,170.933878,-4.850074,1.559996,14.044086,11.872341,-6.793050,1.932703,0.308613,-7.730520,-10.687533,15.609684,-10.581328,5.490784,1.270059,-1.672737,0.334816,-3.907608,19.212290,-37.782093,60.933571,14.257681,7.630409,0.452439,1.126004,-18.757675,35.127403,63.228424,-7.267075,4.276595,-16.377220
763.000000,-1798.876709,1327.821777,78.729057,0.109153,-0.121381,170.884637,-4.711393,1.579037,14.030405,11.714447,-6.837327,1.848020,0.573560,-7.687938,-10.976784,15.168717,-10.539416,5.488457,1.066145,-1.526334,0.378567,-3.907693,19.062784,-37.781433,60.930782,14.252853,7.630140,0.607187,1.124880,-18.462852,35.126678,63.458569,-7.384922,4.412226,-16.382933
764.000000,-1799.059082,1327.939941,78.737953,0.140193,0.014019,170.819065,-4.571541,1.601448,14.030915,11.503130,-6.873357,1.738908,0.802898,-7.646089,-11.323913,14.728622,-10.519513,5.479634,0.852912,-1.365864,0.417562,-3.907993,18.867861,-37.780663,60.927544,14.245297,7.627826,0.790554,1.131396,-18.099419,35.127697,63.749054,-7.469840,4.626977,-16.384144
765.000000,-1799.221802,1328.060547,78.744957,0.177681,0.166860,170.737507,-4.460483,1.626913,14.046620,11.272184,-6.894029,1.621803,0.940286,-7.614121,-11.692966,14.381420,-10.527541,5.462828,0.678403,-1.218367,0.441801,-3.912414,18.652313,-37.778320,60.925549,14.235788,7.621972,0.971394,1.149082,-17.770367,35.131271,64.006317,-7.481972,4.879194,-16.372557
766.000000,-1799.371948,1328.185791,78.751480,0.208711,0.296262,170.604524,-4.348320,1.678514,14.106645,11.077288,-6.923334,1.501470,1.039173,-7.561718,-11.961860,14.095716,-10.536708,5.436183,0.591064,-1.097298,0.480885,-3.920318,18.444544,-37.779594,60.929695,14.230378,7.602508,1.159694,1.157980,-17.547808,35.225891,64.149765,-7.484428,5.157673,-16.353933
767.000000,-1799.510742,1328.314819,78.757683,0.207961,0.334833,170.503791,-4.234928,1.753707,14.133975,11.010374,-6.985345,1.399209,1.217155,-7.485713,-12.187284,13.810497,-10.514990,5.401734,0.529076,-1.004626,0.560606,-3.931380,18.287840,-37.799114,60.982918,14.225707,7.545175,1.337530,1.152078,-17.426012,35.332558,64.195419,-7.570701,5.366422,-16.338934
768.000000,-1799.655151,1328.455688,78.762138,0.193749,0.351897,170.445515,-4.095648,1.881120,14.116911,11.019550,-7.114841,1.251699,1.527937,-7.365156,-12.591156,13.400555,-10.480449,5.337409,0.415793,-0.888846,0.621040,-3.933070,18.067951,-37.891239,61.219616,14.197056,7.410711,1.598970,1.149366,-17.274023,35.440098,64.238052,-7.845822,5.611841,-16.311760
769.000000,-1799.798828,1328.605835,78.765198,0.171333,0.351798,170.418537,-3.971639,2.014621,14.064578,11.074781,-7.259253,1.105022,1.854186,-7.247536,-13.084603,13.016076,-10.450439,5.261422,0.320607,-0.796513,0.624421,-3.927079,17.860378,-38.040844,61.576305,14.147153,7.276832,1.815951,1.141178,-17.138773,35.552299,64.316185,-8.182922,5.781706,-16.281858
770.000000,-1799.938721,1328.762939,78.766991,0.147110,0.341932,170.403585,-3.843141,2.170303,13.989261,11.165208,-7.430696,0.942157,2.204905,-7.112326,-13.638429,12.639054,-10.425274,5.173279,0.249746,-0.708951,0.593700,-3.887692,17.679440,-38.262974,61.973240,14.123196,7.178087,1.981227,1.108311,-16.978943,35.689816,64.498314,-8.597071,5.914687,-16.253864
771.000000,-1800.062134,1328.914062,78.767891,0.125808,0.326943,170.423599,-3.727385,2.312083,13.890066,11.252334,-7.584239,0.787814,2.514347,-6.987821,-14.156122,12.347691,-10.416268,5.089826,0.179197,-0.635697,0.555654,-3.811182,17.568298,-38.467148,62.286972,14.107673,7.146073,2.078351,1.045124,-16.809891,35.793980,64.750984,-8.970457,6.021738,-16.207407
772.000000,-1800.170898,1329.066895,78.768944,0.109802,0.312738,170.487647,-3.631173,2.431982,13.746925,11.312980,-7.698358,0.642882,2.778670,-6.877022,-14.653436,12.137298,-10.423687,5.009188,0.108057,-0.571229,0.528363,-3.789352,17.526230,-38.521748,62.475498,14.090572,7.137889,2.183429,0.981896,-16.647526,35.857738,65.013023,-9.290959,6.129257,-16.142424
773.000000,-1800.266479,1329.209717,78.770180,0.089385,0.329257,170.525760,-3.589408,2.525062,13.658002,11.361551,-7.775501,0.541203,2.912431,-6.797923,-14.991891,12.035275,-10.433248,4.950072,0.084759,-0.511137,0.494285,-3.776715,17.527035,-38.583633,62.546169,14.084608,7.137417,2.235733,0.943634,-16.568386,35.944874,65.149597,-9.539437,6.241543,-16.075495
774.000000,-1800.350586,1329.340820,78.771889,0.072909,0.359851,170.513246,-3.552432,2.645409,13.588397,11.412526,-7.862282,0.420217,3.024956,-6.703236,-15.379887,11.938839,-10.442956,4.876016,0.083331,-0.412004,0.451432,-3.724157,17.538223,-38.697739,62.560665,14.082160,7.140523,2.262888,0.892833,-16.548594,36.132061,65.202744,-9.892224,6.407941,-15.959685
775.000000,-1800.425903,1329.464722,78.773163,0.077173,0.383881,170.463930,-3.472622,2.753249,13.569029,11.387800,-7.917178,0.291799,3.125306,-6.618045,-15.733449,11.832683,-10.463955,4.797681,0.083428,-0.316975,0.413683,-3.616115,17.547436,-38.820194,62.568195,14.082311,7.145445,2.273630,0.807618,-16.543690,36.291496,65.221817,-10.239588,6.562779,-15.809377
776.000000,-1800.492065,1329.589966,78.771507,0.104723,0.407416,170.444674,-3.378942,2.814414,13.539349,11.306701,-7.931557,0.174827,3.229120,-6.566370,-16.074587,11.720292,-10.518292,4.726278,0.069160,-0.264957,0.378274,-3.518113,17.556852,-38.888985,62.571327,14.076769,7.150834,2.312998,0.735615,-16.539948,36.427681,65.227371,-10.541340,6.666810,-15.666410
777.000000,-1800.546631,1329.714233,78.766617,0.145570,0.420027,170.465100,-3.295452,2.847564,13.473904,11.232520,-7.932541,0.066723,3.348737,-6.538560,-16.448889,11.611732,-10.604635,4.663576,0.036137,-0.251700,0.357743,-3.469148,17.577076,-38.901478,62.570206,14.072715,7.156190,2.331547,0.683925,-16.523760,36.530006,65.231804,-10.817057,6.745086,-15.522839
778.000000,-1800.595825,1329.835205,78.761559,0.181071,0.408765,170.490927,-3.204967,2.883240,13.399105,11.178003,-7.937934,-0.038400,3.507672,-6.506104,-16.850576,11.467755,-10.680641,4.606347,0.007893,-0.246054,0.348936,-3.417573,17.591057,-38.906311,62.566853,14.078460,7.159872,2.335776,0.666225,-16.491774,36.577866,65.235825,-11.000686,6.806693,-15.413047
779.000000,-1800.638550,1329.951904,78.755859,0.222679,0.410502,170.506668,-3.124500,2.913185,13.340920,11.114662,-7.935578,-0.134202,3.616447,-6.492516,-17.261896,11.392625,-10.774423,4.549953,-0.003665,-0.246886,0.317781,-3.353221,17.609304,-38.905266,62.548553,14.089935,7.161120,2.352620,0.665690,-16.448187,36.595703,65.240150,-11.101046,6.883170,-15.310036
780.000000,-1800.674438,1330.063965,78.749077,0.274116,0.413440,170.518338,-3.038723,2.927546,13.289489,11.025191,-7.918502,-0.228350,3.691273,-6.503695,-17.696733,11.376787,-10.902073,4.490932,-0.020489,-0.255316,0.276383,-3.262640,17.641407,-38.901592,62.501003,14.106441,7.161635,2.373180,0.665440,-16.393295,36.601318,65.243355,-11.202477,6.988143,-15.182463
781.000000,-1800.700439,1330.169434,78.740364,0.330094,0.403889,170.537066,-2.983544,2.931714,13.251224,10.976177,-7.907753,-0.291532,3.742446,-6.521688,-18.012716,11.378652,-11.004853,4.452114,-0.026900,-0.261482,0.257438,-3.207885,17.660940,-38.889000,62.463783,14.141238,7.162466,2.387536,0.663500,-16.361237,36.605232,65.245491,-11.245251,7.066603,-15.065627
782.000000,-1800.716187,1330.264282,78.730652,0.385393,0.379497,170.525519,-2.909868,2.938499,13.221625,10.937240,-7.901274,-0.367790,3.806041,-6.549769,-18.386389,11.399935,-11.149099,4.400395,-0.017972,-0.263562,0.253837,-3.139954,17.679214,-38.861561,62.394890,14.287814,7.164457,2.401633,0.637021,-16.340378,36.609879,65.251183,-11.255381,7.182810,-14.856766
783.000000,-1800.723511,1330.354858,78.720627,0.428585,0.346832,170.472389,-2.841931,2.970035,13.241775,10.941965,-7.916612,-0.441390,3.850826,-6.560737,-18.655376,11.434895,-11.284669,4.348433,-0.005664,-0.254710,0.254204,-3.013350,17.723555,-38.833187,62.234085,14.544862,7.165583,2.418182,0.554499,-16.312727,36.612293,65.263283,-11.268728,7.332137,-14.615617
784.000000,-1800.723633,1330.437134,78.712051,0.452048,0.290227,170.409154,-2.787000,3.030269,13.272722,11.006367,-7.960657,-0.515220,3.900920,-6.553534,-18.918455,11.471218,-11.389087,4.298932,0.035494,-0.224143,0.260808,-2.897531,17.764954,-38.777924,62.074844,14.732007,7.163278,2.432209,0.461871,-16.289562,36.621502,65.294250,-11.278234,7.464397,-14.375879
785.000000,-1800.721313,1330.513062,78.704994,0.466869,0.199101,170.353329,-2.689822,3.103475,13.294760,11.085585,-8.018323,-0.596844,4.004378,-6.532947,-19.194956,11.495112,-11.476907,4.242744,0.073114,-0.175807,0.280899,-2.771285,17.778065,-38.753231,62.004803,14.924874,7.157914,2.438623,0.336210,-16.244329,36.655548,65.420837,-11.289165,7.579931,-14.110554
786.000000,-1800.715576,1330.586304,78.697845,0.490461,0.083538,170.343524,-2.563802,3.145154,13.263955,11.125184,-8.052144,-0.673445,4.151556,-6.522452,-19.465612,11.500861,-11.562883,4.191630,0.112093,-0.141629,0.303048,-2.706856,17.787371,-38.725658,61.986233,14.981130,7.155893,2.446216,0.241659,-16.187735,36.756374,65.631790,-11.300035,7.663957,-13.882570
787.000000,-1800.705566,1330.658569,78.688705,0.513970,-0.025035,170.389602,-2.468976,3.171066,13.182163,11.182546,-8.088347,-0.742968,4.305376,-6.522245,-19.794289,11.501663,-11.660832,4.138197,0.143169,-0.114640,0.306929,-2.646151,17.787228,-38.722252,61.988049,15.007909,7.156639,2.447459,0.210931,-16.136385,36.960629,65.871574,-11.304486,7.746696,-13.692223
788.000000,-1800.684570,1330.723022,78.677956,0.535304,-0.108470,170.447335,-2.438636,3.195908,13.079296,11.288022,-8.135583,-0.799551,4.428931,-6.521323,-20.116886,11.500085,-11.765215,4.085859,0.171608,-0.084394,0.309842,-2.608891,17.784512,-38.721428,61.989906,15.025997,7.159937,2.449238,0.212738,-16.087118,37.223339,66.109871,-11.303143,7.865876,-13.504010
789.000000,-1800.652710,1330.780640,78.665817,0.569841,-0.166673,170.449750,-2.433499,3.209822,13.040938,11.361439,-8.164191,-0.833497,4.491959,-6.520706,-20.281506,11.476376,-11.843315,4.056584,0.239121,-0.066665,0.315317,-2.592655,17.777803,-38.718712,61.991386,15.036889,7.164220,2.454009,0.233223,-16.044434,37.376762,66.241364,-11.301957,8.005998,-13.371911
790.000000,-1800.607544,1330.834351,78.651855,0.619681,-0.203828,170.411326,-2.444796,3.216602,13.030915,11.442889,-8.185283,-0.876431,4.561717,-6.519961,-20.445501,11.375206,-11.953566,4.021595,0.381532,-0.051386,0.328831,-2.576733,17.765139,-38.698879,61.994057,15.048134,7.183228,2.482844,0.273292,-15.961784,37.503521,66.335098,-11.300959,8.274451,-13.206735
791.000000,-1800.548584,1330.882812,78.634766,0.670885,-0.218357,170.403789,-2.521292,3.216249,13.005788,11.568816,-8.212636,-0.910393,4.610340,-6.520447,-20.612473,11.241817,-12.068575,3.976352,0.476672,-0.030850,0.354726,-2.551625,17.748468,-38.681622,61.996674,15.059643,7.236729,2.506031,0.282344,-15.866237,37.564701,66.359055,-11.303871,8.528474,-13.072146
792.000000,-1800.482178,1330.927368,78.614159,0.742930,-0.229687,170.389989,-2.624273,3.190619,12.973971,11.709743,-8.236566,-0.935203,4.639960,-6.544027,-20.752953,11.123231,-12.222741,3.931000,0.545492,-0.019765,0.386611,-2.520440,17.734581,-38.658104,61.997658,15.074751,7.335752,2.511729,0.281911,-15.770522,37.575333,66.363945,-11.320198,8.723409,-12.950719
793.000000,-1800.410645,1330.970337,78.590797,0.839239,-0.234395,170.337330,-2.705341,3.136852,12.984076,11.801929,-8.237627,-0.959328,4.644735,-6.591771,-20.815220,11.010659,-12.408495,3.889882,0.678821,-0.029287,0.403023,-2.468675,17.693682,-38.535412,61.995239,15.110785,7.465399,2.513696,0.280326,-15.673917,37.577652,66.374214,-11.392232,8.905972,-12.848778
794.000000,-1800.333252,1331.013184,78.564194,0.956687,-0.233472,170.276971,-2.785443,3.062033,13.005338,11.873411,-8.225522,-0.979896,4.641691,-6.655681,-20.853182,10.890026,-12.615355,3.846033,0.837667,-0.060665,0.405245,-2.418576,17.647863,-38.328876,61.982735,15.182815,7.600549,2.516099,0.271193,-15.570266,37.577450,66.392693,-11.508545,9.069199,-12.779663
795.000000,-1800.251587,1331.055054,78.533058,1.097334,-0.230202,170.218926,-2.855013,2.978832,13.029754,11.931524,-8.211350,-0.993323,4.640654,-6.727504,-20.877455,10.779450,-12.816977,3.808056,0.960983,-0.105961,0.403715,-2.360548,17.616043,-38.178020,61.963123,15.264451,7.709165,2.516266,0.245293,-15.478742,37.576660,66.416466,-11.605330,9.183143,-12.735281
796.000000,-1800.159058,1331.094482,78.503349,1.227545,-0.234767,170.181876,-2.950791,2.872900,13.044741,12.012024,-8.192613,-1.004385,4.642160,-6.815292,-20.904892,10.643424,-13.058882,3.739201,1.071412,-0.159103,0.403370,-2.298415,17.594469,-37.999573,61.930401,15.359691,7.836000,2.517359,0.191254,-15.375208,37.575352,66.454613,-11.704101,9.285191,-12.696602
797.000000,-1800.077393,1331.117676,78.500954,1.230671,-0.272182,170.206016,-3.049138,2.866919,12.970903,12.119821,-8.163148,-1.016266,4.652889,-6.793593,-20.942007,10.549180,-13.112770,3.579846,1.135954,-0.059942,0.411417,-2.233402,17.502222,-37.801319,61.916782,15.436370,8.003764,2.527409,0.135281,-15.292651,37.574783,66.532562,-11.789903,9.367553,-12.667380
798.000000,-1800.000977,1331.135986,78.506889,1.215855,-0.321034,170.247918,-3.093395,2.900349,12.875304,12.174186,-8.111791,-1.024232,4.670682,-6.736596,-20.977589,10.508681,-13.065064,3.492950,1.192302,0.081495,0.404908,-2.167202,17.398113,-37.713497,61.908020,15.481374,8.137551,2.533062,0.119834,-15.233002,37.575615,66.624260,-11.821235,9.413963,-12.658886
799.000000,-1799.926392,1331.151611,78.513000,1.204075,-0.375739,170.292260,-3.112990,2.914543,12.772830,12.181850,-8.041419,-1.031865,4.689260,-6.696042,-21.020433,10.487560,-13.025753,3.422847,1.226198,0.180661,0.392531,-2.112676,17.332697,-37.666512,61.901333,15.517508,8.233130,2.535360,0.108973,-15.207375,37.576725,66.696213,-11.863097,9.469126,-12.651503
800.000000,-1799.855957,1331.167480,78.518585,1.187380,-0.443463,170.334182,-3.114402,2.931591,12.691164,12.186201,-7.990027,-1.041433,4.730617,-6.650907,-21.050537,10.436461,-12.982068,3.368418,1.259501,0.236670,0.384145,-2.076083,17.298807,-37.642963,61.898182,15.530879,8.286400,2.537019,0.101360,-15.207416,37.577732,66.755806,-11.889869,9.503865,-12.647402
801.000000,-1799.785645,1331.183716,78.523956,1.178320,-0.524320,170.370806,-3.083062,2.945277,12.606713,12.163251,-7.925251,-1.054856,4.791318,-6.604323,-21.075804,10.383334,-12.939579,3.311565,1.295339,0.267601,0.379694,-2.018380,17.273037,-37.611942,61.896713,15.554391,8.315310,2.537339,0.099968,-15.206053,37.578918,66.822151,-11.908616,9.514444,-12.641595
802.000000,-1799.713745,1331.198975,78.528633,1.167104,-0.607605,170.425051,-3.044797,2.949943,12.484566,12.125863,-7.840183,-1.070333,4.861213,-6.560642,-21.127277,10.344442,-12.902624,3.247626,1.310523,0.275369,0.375672,-1.951293,17.256750,-37.524158,61.894749,15.589689,8.347578,2.542358,0.102478,-15.197775,37.580563,66.904030,-11.929953,9.523132,-12.623776
803.000000,-1799.643188,1331.209717,78.532532,1.151099,-0.685170,170.452915,-3.018059,2.967038,12.390906,12.118811,-7.783604,-1.085206,4.915117,-6.512501,-21.146334,10.311419,-12.864643,3.186076,1.332921,0.276255,0.375228,-1.894213,17.252457,-37.486217,61.895763,15.599055,8.375138,2.544579,0.107608,-15.193924,37.584473,66.949738,-11.958282,9.533718,-12.593571
804.000000,-1799.573730,1331.216309,78.535767,1.134981,-0.750272,170.478529,-3.008802,2.981688,12.300576,12.118510,-7.736428,-1.099110,4.939745,-6.471810,-21.155506,10.303941,-12.838291,3.125080,1.334962,0.277417,0.373606,-1.841308,17.253435,-37.482563,61.901447,15.589471,8.413439,2.546994,0.122041,-15.192478,37.588978,66.955963,-12.008832,9.539937,-12.567776
805.000000,-1799.505615,1331.219971,78.536407,1.104206,-0.801985,170.632134,-3.091235,2.985499,12.073634,12.221386,-7.715847,-1.108981,5.007629,-6.421084,-21.284689,10.237336,-12.794780,3.075026,1.216895,0.297794,0.368281,-1.764751,17.251423,-37.485775,61.907787,15.579563,8.458242,2.535942,0.154271,-15.191815,37.591129,66.956062,-12.140192,9.543418,-12.509118
806.000000,-1799.434814,1331.220825,78.535133,1.073872,-0.842617,170.822353,-3.211523,2.974824,11.817324,12.352472,-7.708712,-1.112812,5.053843,-6.388619,-21.442213,10.203794,-12.772420,3.038610,1.089374,0.323424,0.366922,-1.726456,17.252136,-37.488579,61.913750,15.558351,8.522288,2.507736,0.204270,-15.193129,37.589912,66.956055,-12.243451,9.546221,-12.406402
807.000000,-1799.369263,1331.219116,78.536079,1.054051,-0.885906,170.918657,-3.283328,2.965596,11.635769,12.424504,-7.688406,-1.116155,5.074524,-6.363953,-21.527550,10.194162,-12.752879,3.007957,1.040454,0.345086,0.370170,-1.705117,17.253487,-37.508175,61.936192,15.529853,8.573915,2.471214,0.256702,-15.198750,37.589821,66.957695,-12.279082,9.549687,-12.253751
808.000000,-1799.312012,1331.209717,78.540375,1.038103,-0.926390,170.888599,-3.286002,2.967531,11.554317,12.422590,-7.649422,-1.119191,5.067674,-6.335175,-21.496078,10.189801,-12.710336,2.979670,1.070253,0.382542,0.371624,-1.633687,17.252979,-37.634766,61.975925,15.510669,8.624942,2.354469,0.291573,-15.217884,37.591225,66.963661,-12.288296,9.555305,-12.019795
809.000000,-1799.259521,1331.193726,78.546288,1.025548,-0.964019,170.809630,-3.254851,2.978071,11.550223,12.380812,-7.607604,-1.118770,5.036828,-6.306324,-21.391657,10.183142,-12.651583,2.953188,1.106655,0.438951,0.370606,-1.536453,17.249508,-37.767517,61.981033,15.500466,8.727771,2.209300,0.289887,-15.251950,37.590492,66.970428,-12.298228,9.560497,-11.830143
810.000000,-1799.212280,1331.175659,78.552902,1.021375,-1.015917,170.723479,-3.173716,2.972852,11.559896,12.284182,-7.543798,-1.116415,5.015195,-6.293725,-21.276463,10.192783,-12.598744,2.927858,1.112412,0.493125,0.370581,-1.461347,17.247189,-37.945366,62.000881,15.488454,8.856982,2.011719,0.281596,-15.305208,37.590588,66.976990,-12.305563,9.563940,-11.638934
811.000000,-1799.168457,1331.152344,78.559059,1.015063,-1.082268,170.619657,-3.081947,2.968521,11.584065,12.204784,-7.496145,-1.110199,5.014481,-6.285414,-21.165905,10.196801,-12.550327,2.912518,1.112688,0.548933,0.372089,-1.450634,17.245123,-38.154362,62.070713,15.418741,8.943714,1.809593,0.282827,-15.364242,37.593536,66.980286,-12.303439,9.566337,-11.410379
812.000000,-1799.130981,1331.124390,78.565414,1.015203,-1.167331,170.443886,-2.917756,2.970736,11.684840,12.088534,-7.447162,-1.100641,5.013328,-6.280556,-20.965046,10.223267,-12.499512,2.896395,1.156503,0.628139,0.388893,-1.429124,17.230814,-38.443100,62.166897,15.272070,9.007509,1.546226,0.289775,-15.448190,37.617245,66.985062,-12.296291,9.569947,-11.146579
813.000000,-1799.103027,1331.102905,78.572685,1.030047,-1.272959,170.178002,-2.717192,2.976774,11.845689,11.927470,-7.396696,-1.097853,5.007380,-6.281520,-20.738113,10.268239,-12.477150,2.882366,1.246281,0.662281,0.409771,-1.403626,17.230797,-38.603184,62.218384,15.192691,9.065439,1.408519,0.286965,-15.479342,37.684303,67.027481,-12.299386,9.572414,-11.004654
814.000000,-1799.082153,1331.084106,78.577263,1.040333,-1.393217,169.936884,-2.457834,2.989938,12.038808,11.768847,-7.366386,-1.099436,5.025742,-6.277159,-20.446751,10.323342,-12.459815,2.865118,1.340600,0.688477,0.418511,-1.367867,17.230974,-38.838985,62.292194,15.167488,9.147668,1.178482,0.284642,-15.478651,37.800392,67.161552,-12.346029,9.574590,-10.835466
815.000000,-1799.065796,1331.065186,78.579445,1.047416,-1.531891,169.727185,-2.201617,2.997294,12.175445,11.665625,-7.364453,-1.103504,5.087945,-6.275198,-20.202568,10.379261,-12.451097,2.850483,1.353894,0.706967,0.433677,-1.314792,17.226452,-39.104885,62.356468,15.106991,9.218061,0.895009,0.280177,-15.455336,37.871052,67.353172,-12.488063,9.576616,-10.630337
816.000000,-1799.051147,1331.044067,78.580490,1.050996,-1.684386,169.490822,-1.965507,3.016806,12.324213,11.598160,-7.382987,-1.108313,5.143433,-6.273688,-19.979271,10.450071,-12.449574,2.839429,1.353875,0.725482,0.450968,-1.291705,17.236315,-39.269886,62.410202,14.936446,9.284746,0.766915,0.277340,-15.426936,37.911530,67.560158,-12.682643,9.576952,-10.448949
817.000000,-1799.038452,1331.019653,78.580833,1.050549,-1.814731,169.245726,-1.758763,3.041291,12.475635,11.558767,-7.414401,-1.112431,5.183342,-6.271415,-19.761387,10.520841,-12.448574,2.831646,1.347252,0.749559,0.457921,-1.279426,17.248634,-39.416111,62.456120,14.755216,9.331872,0.649876,0.276983,-15.408901,37.958099,67.762497,-12.847185,9.578493,-10.286556
818.000000,-1799.020630,1330.989624,78.581337,1.043461,-1.912062,168.988973,-1.570508,3.081847,12.669084,11.543903,-7.464328,-1.116271,5.178960,-6.263225,-19.492357,10.605406,-12.439995,2.823180,1.344328,0.786527,0.453079,-1.288229,17.272345,-39.627407,62.493195,14.563599,9.362862,0.504356,0.276116,-15.410528,38.057285,67.960052,-12.955334,9.584020,-10.088258
819.000000,-1798.997070,1330.957153,78.582382,1.033590,-1.973886,168.774162,-1.456459,3.112570,12.810064,11.542730,-7.503641,-1.117200,5.139181,-6.258989,-19.284803,10.678413,-12.424901,2.814349,1.341621,0.821805,0.450830,-1.365139,17.279881,-39.873543,62.585865,14.399835,9.369620,0.358001,0.267059,-15.422927,38.205944,68.156197,-12.974366,9.588819,-9.890317
820.000000,-1798.968140,1330.921509,78.583923,1.019573,-1.994503,168.552489,-1.394175,3.147950,12.955456,11.552382,-7.540294,-1.116148,5.034864,-6.254210,-19.064051,10.772459,-12.404678,2.802306,1.354396,0.856024,0.447423,-1.479777,17.280056,-40.122887,62.704895,14.242450,9.371587,0.166753,0.228570,-15.439778,38.391880,68.379738,-12.985211,9.594785,-9.646938
821.000000,-1798.936035,1330.879517,78.587646,0.997007,-1.981592,168.199355,-1.359908,3.214889,13.190413,11.558963,-7.580853,-1.116176,4.860788,-6.226765,-18.759056,10.865077,-12.364953,2.785692,1.425358,0.898797,0.448323,-1.550018,17.273991,-40.286919,62.787270,14.149678,9.370984,-0.002719,0.120163,-15.449479,38.517574,68.592400,-13.059972,9.601609,-9.386642
822.000000,-1798.905762,1330.831665,78.592888,0.970550,-1.939859,167.758388,-1.322645,3.324280,13.578143,11.562644,-7.638459,-1.114812,4.589488,-6.174498,-18.286596,10.974173,-12.289665,2.762688,1.518149,0.964735,0.444863,-1.568023,17.263069,-40.484676,62.841980,14.028998,9.371793,-0.199294,-0.060799,-15.458887,38.575222,68.789093,-13.192127,9.630051,-9.096289
823.000000,-1798.876709,1330.782837,78.598068,0.946711,-1.891203,167.299719,-1.303255,3.402956,13.868609,11.562310,-7.678204,-1.113775,4.369798,-6.136408,-17.925455,11.067338,-12.237028,2.743502,1.585538,1.006100,0.443688,-1.589748,17.274902,-40.617439,62.849739,13.903544,9.384448,-0.281052,-0.203873,-15.479127,38.613499,68.845367,-13.262249,9.668200,-8.908793
824.000000,-1798.854492,1330.728882,78.602890,0.923634,-1.858330,166.872125,-1.257715,3.484695,14.198711,11.553900,-7.729621,-1.112479,4.132536,-6.092004,-17.491669,11.159089,-12.165215,2.722519,1.652421,1.058676,0.445674,-1.651324,17.289486,-40.837124,62.876965,13.696598,9.406343,-0.383972,-0.400131,-15.536244,38.733582,68.891891,-13.309066,9.695080,-8.676011
825.000000,-1798.842041,1330.673828,78.607094,0.903677,-1.847906,166.495649,-1.185333,3.545141,14.492126,11.535083,-7.783552,-1.108447,3.935282,-6.056977,-17.082621,11.232619,-12.089101,2.706833,1.688822,1.113216,0.450776,-1.745041,17.298466,-41.101456,62.929588,13.471316,9.433674,-0.511651,-0.622524,-15.628515,38.909946,68.946701,-13.319203,9.704095,-8.434129
826.000000,-1798.841797,1330.619263,78.612427,0.901245,-1.865638,166.005007,-0.999212,3.592371,14.864333,11.414510,-7.812762,-1.107780,3.756498,-6.030177,-16.598013,11.333118,-12.030580,2.693006,1.797886,1.146811,0.455641,-1.835568,17.298698,-41.315224,63.045887,13.290857,9.451367,-0.673578,-0.830538,-15.694674,39.011551,68.996834,-13.414757,9.723913,-8.215381
827.000000,-1798.853149,1330.566650,78.617043,0.898824,-1.903376,165.512769,-0.762214,3.637159,15.256986,11.279629,-7.849372,-1.109987,3.614543,-6.000092,-16.091606,11.421233,-11.974072,2.683845,1.898566,1.167909,0.454493,-1.901320,17.256117,-41.493408,63.258457,13.114934,9.455619,-0.929434,-1.026879,-15.728023,39.051334,69.020561,-13.607590,9.748712,-8.009281
828.000000,-1798.865479,1330.515503,78.619156,0.899340,-1.898611,165.051969,-0.591177,3.673157,15.614412,11.180567,-7.896990,-1.112499,3.412481,-5.985236,-15.617579,11.567261,-11.948518,2.680154,1.952566,1.171504,0.410327,-1.938787,17.200848,-41.657463,63.474796,13.018375,9.466999,-1.212588,-1.227887,-15.741573,39.076012,69.023193,-13.914042,9.760099,-7.782398
829.000000,-1798.864990,1330.462036,78.619583,0.894769,-1.858829,164.658041,-0.525862,3.700452,15.876284,11.140107,-7.945943,-1.113092,3.168491,-5.982738,-15.246199,11.742283,-11.939692,2.679577,1.945747,1.166968,0.378442,-2.016680,17.190456,-41.825188,63.583408,12.986904,9.522589,-1.473878,-1.483610,-15.750446,39.090164,69.020561,-14.218055,9.764997,-7.546242
830.000000,-1798.858276,1330.409668,78.622833,0.888073,-1.806999,164.321848,-0.488445,3.712809,16.053995,11.084719,-7.964612,-1.111595,2.981525,-5.978946,-14.986068,11.843143,-11.912092,2.681129,1.918490,1.165049,0.373117,-2.099015,17.192657,-42.013779,63.635689,12.949536,9.584729,-1.650107,-1.736377,-15.756846,39.093410,69.019348,-14.416911,9.766773,-7.372883
831.000000,-1798.846802,1330.356201,78.628349,0.885320,-1.707974,163.920148,-0.455892,3.727112,16.320101,10.961493,-7.956635,-1.107435,2.687015,-5.967361,-14.615567,11.964249,-11.854003,2.680063,1.925107,1.163049,0.354342,-2.204608,17.198767,-42.249134,63.714233,12.851827,9.647007,-1.831172,-2.099134,-15.763852,39.096485,69.013451,-14.681795,9.764009,-7.190196
832.000000,-1798.829590,1330.301514,78.634987,0.873807,-1.592538,163.458326,-0.451481,3.770374,16.657482,10.860426,-7.954257,-1.103203,2.326830,-5.931448,-14.164300,12.099214,-11.774165,2.670832,1.973372,1.166892,0.350686,-2.302943,17.198132,-42.397522,63.809448,12.703436,9.672291,-2.045879,-2.510817,-15.777303,39.099899,68.971542,-15.012738,9.752878,-7.028380
833.000000,-1798.813965,1330.252808,78.641922,0.850172,-1.478541,163.056232,-0.475203,3.830682,16.960712,10.801789,-7.966681,-1.100494,2.008362,-5.871842,-13.755922,12.157763,-11.660075,2.661476,1.949881,1.175337,0.353137,-2.361617,17.199255,-42.480938,63.880611,12.603287,9.712152,-2.251053,-2.902744,-15.801889,39.100491,68.841972,-15.293550,9.709224,-6.910863
834.000000,-1798.801758,1330.214355,78.648781,0.816236,-1.375288,162.749710,-0.529520,3.893678,17.165363,10.787584,-7.989021,-1.094332,1.779497,-5.807659,-13.490952,12.135303,-11.532015,2.654212,1.796682,1.173127,0.354325,-2.378721,17.234264,-42.627026,63.885174,12.576435,9.752360,-2.409894,-3.229867,-15.818864,39.100250,68.675674,-15.375273,9.596033,-6.859914
835.000000,-1798.793213,1330.187866,78.654686,0.789329,-1.290797,162.445025,-0.553754,3.959258,17.372349,10.763327,-8.013658,-1.093046,1.572122,-5.740189,-13.231994,12.115891,-11.415360,2.642614,1.608294,1.134333,0.355671,-2.381017,17.320105,-42.705513,63.875591,12.570710,9.764688,-2.519059,-3.503924,-15.816433,39.098873,68.491760,-15.420877,9.413681,-6.838666
836.000000,-1798.787842,1330.172607,78.659187,0.767927,-1.223095,162.149469,-0.553984,4.006485,17.517153,10.746785,-8.034955,-1.098745,1.437624,-5.692006,-13.049525,12.112478,-11.346700,2.631242,1.474325,1.077289,0.355365,-2.380619,17.393251,-42.725613,63.865776,12.572509,9.765642,-2.579555,-3.645953,-15.803686,39.097237,68.357536,-15.464509,9.264789,-6.831824
837.000000,-1798.785156,1330.163452,78.662834,0.746437,-1.167451,161.862095,-0.544939,4.072366,17.697989,10.736127,-8.072119,-1.112822,1.278219,-5.625352,-12.818822,12.107656,-11.263648,2.614007,1.303106,0.979172,0.354313,-2.379839,17.468258,-42.745316,63.850552,12.576424,9.760359,-2.644131,-3.774959,-15.777473,39.095078,68.192528,-15.533641,9.074115,-6.824410
838.000000,-1798.788818,1330.157227,78.666626,0.726570,-1.150653,161.593202,-0.485606,4.132792,17.867350,10.705210,-8.109313,-1.133855,1.176230,-5.556967,-12.600978,12.077522,-11.179525,2.597727,1.140752,0.871207,0.370299,-2.372003,17.510178,-42.757591,63.822590,12.582028,9.748059,-2.672523,-3.841311,-15.753810,39.091869,68.030701,-15.593005,8.908826,-6.818098
839.000000,-1798.801758,1330.152466,78.670616,0.712340,-1.160170,161.257324,-0.346143,4.180843,18.059816,10.621707,-8.139156,-1.166159,1.121516,-5.487692,-12.344799,12.038626,-11.104875,2.582900,1.026886,0.768536,0.382300,-2.356366,17.567881,-42.761879,63.773590,12.627712,9.729553,-2.674156,-3.845835,-15.744070,39.088268,67.851547,-15.617723,8.772508,-6.814513
840.000000,-1798.820557,1330.147949,78.673500,0.707322,-1.186015,160.882960,-0.138062,4.227038,18.318895,10.498339,-8.171365,-1.212631,1.055038,-5.414204,-11.999227,12.035784,-11.045331,2.564466,0.958473,0.658458,0.387881,-2.325319,17.645298,-42.768570,63.692448,12.828030,9.674144,-2.675483,-3.824649,-15.739203,39.084717,67.651436,-15.624232,8.643806,-6.813922
841.000000,-1798.841797,1330.142456,78.674469,0.704626,-1.220076,160.514435,0.066524,4.263340,18.554256,10.397461,-8.213619,-1.257887,0.989573,-5.355445,-11.673618,12.073650,-11.014037,2.547019,0.900946,0.555125,0.388148,-2.303226,17.705847,-42.770267,63.605949,13.056287,9.603802,-2.663783,-3.777308,-15.738345,39.080753,67.453209,-15.623394,8.537830,-6.816961
842.000000,-1798.861694,1330.136475,78.674400,0.689843,-1.246344,160.181277,0.193162,4.300750,18.708660,10.364860,-8.265508,-1.286406,0.945939,-5.304185,-11.446531,12.091619,-10.985589,2.533939,0.845954,0.489466,0.385563,-2.290424,17.751989,-42.772633,63.553288,13.239929,9.553296,-2.651014,-3.739957,-15.737078,39.078659,67.308601,-15.624173,8.463773,-6.820604
843.000000,-1798.880981,1330.128662,78.675491,0.661030,-1.266800,159.864416,0.319529,4.363374,18.880508,10.362507,-8.347835,-1.316461,0.906049,-5.221652,-11.176689,12.059524,-10.918031,2.517456,0.755655,0.423508,0.382856,-2.286031,17.813654,-42.775280,63.472206,13.374618,9.477633,-2.615538,-3.712436,-15.723074,39.077457,67.174217,-15.627889,8.354016,-6.833031
844.000000,-1798.903320,1330.120239,78.675964,0.635777,-1.295175,159.566575,0.444762,4.422409,19.033228,10.364181,-8.430924,-1.346413,0.890622,-5.141935,-10.935508,12.005882,-10.845161,2.503416,0.676203,0.372530,0.381660,-2.282374,17.865046,-42.777634,63.380253,13.540330,9.426532,-2.563373,-3.692549,-15.680619,39.077332,67.154068,-15.631602,8.240939,-6.866016
845.000000,-1798.934204,1330.112305,78.674576,0.614758,-1.343367,159.257579,0.613640,4.472822,19.198135,10.363381,-8.530582,-1.383724,0.882339,-5.074422,-10.680225,12.000641,-10.800137,2.494100,0.642503,0.315273,0.381241,-2.258894,17.893257,-42.777950,63.203720,13.964923,9.409018,-2.475994,-3.597261,-15.640428,39.076946,67.146698,-15.637689,8.131150,-6.920089
846.000000,-1798.975952,1330.105225,78.672684,0.584573,-1.411867,158.975318,0.795509,4.524734,19.331022,10.382524,-8.646585,-1.415428,0.928297,-5.003499,-10.458138,11.959637,-10.748739,2.491247,0.620789,0.281369,0.376532,-2.178557,17.929180,-42.777145,62.983139,14.408985,9.401397,-2.367724,-3.425004,-15.618682,39.076313,67.142708,-15.639377,8.039686,-6.988738
847.000000,-1799.031250,1330.099243,78.671692,0.548836,-1.500660,158.733468,1.005348,4.568644,19.420027,10.397650,-8.768115,-1.440802,1.061430,-4.931755,-10.285748,11.837757,-10.678261,2.496303,0.591102,0.273872,0.363138,-2.047501,17.971041,-42.773716,62.757332,14.677903,9.386325,-2.193249,-3.162534,-15.613608,39.074154,67.138321,-15.634823,7.990708,-7.100173
848.000000,-1799.089844,1330.092529,78.670471,0.513025,-1.576345,158.503886,1.205220,4.609227,19.504580,10.410974,-8.890953,-1.462332,1.197836,-4.862485,-10.125846,11.699238,-10.605111,2.506044,0.581865,0.280564,0.321709,-1.907164,18.003475,-42.750195,62.579247,14.809909,9.369246,-1.983152,-2.844331,-15.611567,39.070053,67.133163,-15.626118,7.982519,-7.229433
849.000000,-1799.144043,1330.081909,78.669312,0.457004,-1.628307,158.320954,1.296063,4.656331,19.539261,10.479637,-9.001624,-1.474571,1.299276,-4.802844,-10.043594,11.564969,-10.532402,2.514119,0.553737,0.305100,0.286977,-1.826758,18.022097,-42.732315,62.482525,14.877589,9.364210,-1.854986,-2.617555,-15.610165,39.067501,67.129715,-15.623630,7.983418,-7.314540
850.000000,-1799.184570,1330.064819,78.669304,0.398481,-1.656204,158.170955,1.356910,4.729924,19.551771,10.613617,-9.157251,-1.486372,1.427657,-4.716194,-9.969696,11.340799,-10.402794,2.526262,0.494860,0.359829,0.250908,-1.778017,18.051556,-42.688873,62.329128,14.911429,9.359827,-1.710980,-2.325306,-15.606836,39.065205,67.124313,-15.629239,7.988868,-7.417672
851.000000,-1799.217041,1330.042358,78.670380,0.350199,-1.660800,158.013487,1.389770,4.776650,19.564232,10.696244,-9.263378,-1.493461,1.489191,-4.655106,-9.902102,11.176249,-10.292010,2.536774,0.458164,0.409772,0.234688,-1.781968,18.077755,-42.616070,62.156883,14.936011,9.357352,-1.587327,-2.104619,-15.601572,39.064281,67.110535,-15.637086,8.000553,-7.491738
852.000000,-1799.243774,1330.015259,78.672020,0.315022,-1.654468,157.848314,1.427248,4.804272,19.581549,10.740881,-9.355506,-1.499179,1.511656,-4.603896,-9.811007,11.026571,-10.174924,2.550059,0.443514,0.462675,0.213093,-1.821212,18.089088,-42.500015,61.987316,14.957779,9.355622,-1.419073,-1.881422,-15.607932,39.063381,67.086662,-15.646465,8.044495,-7.632844
853.000000,-1799.266846,1329.992554,78.672745,0.295015,-1.670815,157.670045,1.517679,4.805665,19.618687,10.713590,-9.408425,-1.507602,1.508515,-4.575424,-9.700504,10.972814,-10.109051,2.557307,0.448128,0.484662,0.216994,-1.871107,18.080561,-42.374573,61.941158,14.985811,9.355787,-1.254524,-1.754120,-15.610016,39.061413,67.107193,-15.649209,8.096213,-7.734290
854.000000,-1799.288208,1329.978271,78.671783,0.277459,-1.690944,157.520289,1.600322,4.805702,19.626289,10.700920,-9.462661,-1.514910,1.501513,-4.554431,-9.619752,10.964952,-10.076969,2.558970,0.449092,0.476418,0.219623,-1.915406,18.057714,-42.221100,61.942005,14.996422,9.358697,-1.136616,-1.654625,-15.564200,39.061344,67.245384,-15.649836,8.120488,-7.754679
855.000000,-1799.308960,1329.970703,78.669662,0.261703,-1.709289,157.384300,1.661134,4.808611,19.624895,10.701424,-9.512330,-1.520937,1.490947,-4.538370,-9.566668,10.974417,-10.062673,2.558092,0.449405,0.455118,0.219554,-1.943847,18.041842,-42.139473,61.944771,15.006773,9.368351,-1.070916,-1.582016,-15.489724,39.063000,67.437271,-15.644925,8.157685,-7.758813
856.000000,-1799.334351,1329.968994,78.667366,0.246973,-1.733184,157.249460,1.741063,4.812023,19.625265,10.691839,-9.567654,-1.531118,1.483550,-4.521048,-9.516211,10.992908,-10.056094,2.555850,0.450485,0.423277,0.218737,-1.953213,18.014702,-42.106472,61.955078,15.025505,9.401773,-1.017823,-1.466213,-15.393489,39.065731,67.659843,-15.629248,8.232951,-7.757621
857.000000,-1799.363281,1329.973267,78.665092,0.233310,-1.758831,157.110614,1.854691,4.816840,19.630043,10.665281,-9.629557,-1.547142,1.487860,-4.496501,-9.454860,11.007393,-10.049971,2.552269,0.455461,0.385182,0.217037,-1.953099,17.987782,-42.085293,61.994167,15.062890,9.487271,-0.976884,-1.260664,-15.285906,39.068661,67.880981,-15.608348,8.352337,-7.738835
858.000000,-1799.386963,1329.978760,78.663200,0.207013,-1.716594,156.966210,1.878718,4.845460,19.644367,10.691806,-9.700551,-1.564707,1.407470,-4.467076,-9.413774,11.069096,-10.046007,2.539773,0.459971,0.363415,0.178441,-1.927077,17.946386,-42.018681,62.038654,15.087013,9.606956,-0.951295,-1.007764,-15.221310,39.068848,67.990517,-15.556132,8.472876,-7.674546
859.000000,-1799.391724,1329.982422,78.664612,0.151134,-1.651492,156.798674,1.805815,4.939146,19.690720,10.801553,-9.794366,-1.595286,1.213237,-4.407331,-9.428123,11.209843,-10.009285,2.502658,0.469728,0.381525,0.177659,-1.894634,17.892731,-41.815289,62.044228,15.094434,9.754587,-0.947198,-0.757557,-15.222046,39.054173,68.004921,-15.285203,8.537766,-7.573053
860.000000,-1799.385620,1329.989014,78.668060,0.070595,-1.607262,156.493839,1.757423,5.116901,19.853348,10.966204,-9.929828,-1.658767,0.991979,-4.320909,-9.680979,11.352715,-9.934092,2.505356,0.556965,0.445575,0.256937,-1.877309,17.817633,-41.493217,62.043030,15.040036,9.907940,-0.947528,-0.555239,-15.289171,39.017357,68.008125,-14.610424,8.596644,-7.427707
861.000000,-1799.374634,1330.006836,78.667740,-0.012688,-1.532630,156.056855,1.694697,5.328088,20.132906,11.176678,-10.095853,-1.733495,0.739235,-4.232778,-10.081825,11.453627,-9.860272,2.404495,0.726254,0.508105,0.290211,-1.862342,17.758787,-41.224709,62.037472,14.876129,10.043574,-0.948431,-0.438168,-15.394692,39.010082,68.004036,-14.042542,8.664826,-7.194790
862.000000,-1799.358765,1330.043213,78.665535,-0.108982,-1.485989,155.555733,1.645297,5.574348,20.426149,11.427811,-10.282851,-1.820862,0.528606,-4.095098,-10.368887,11.514967,-9.729251,2.176996,0.868170,0.576104,0.326582,-1.855545,17.732397,-41.063946,62.002075,14.649044,10.186698,-0.949591,-0.386774,-15.500927,39.010792,67.998466,-13.612585,8.749403,-6.898350
863.000000,-1799.348877,1330.097778,78.660187,-0.189520,-1.473327,155.103108,1.629749,5.873321,20.799913,11.746361,-10.523009,-1.937794,0.393163,-3.931407,-10.777431,11.430434,-9.597065,2.013627,0.998661,0.610854,0.346183,-1.854440,17.742283,-41.037815,61.929520,14.399901,10.359458,-0.955557,-0.388928,-15.623063,39.086250,67.989670,-13.259764,8.854656,-6.535327
864.000000,-1799.350220,1330.169556,78.649368,-0.263526,-1.504446,154.664534,1.659827,6.140411,21.082932,12.068090,-10.766364,-2.036041,0.398006,-3.714706,-10.649961,11.284526,-9.470642,1.848704,1.007562,0.634652,0.348535,-1.856209,17.744400,-41.037666,61.910961,14.167787,10.528365,-0.972907,-0.389376,-15.752663,39.184837,68.015388,-12.931685,8.899607,-6.285561
865.000000,-1799.354980,1330.247314,78.634903,-0.346706,-1.539331,154.226639,1.692474,6.454688,21.396809,12.472869,-11.066961,-2.155969,0.410419,-3.458893,-10.374231,11.167730,-9.393861,1.768461,0.980058,0.681156,0.333220,-1.855930,17.748795,-41.040787,61.906769,13.831718,10.726555,-1.016180,-0.390198,-15.908564,39.196316,68.064980,-12.504211,8.919844,-6.111436
866.000000,-1799.341797,1330.321777,78.612183,-0.469137,-1.478186,153.741440,1.517087,6.826813,21.691446,13.070903,-11.432617,-2.270354,0.223955,-3.201573,-10.118853,11.245197,-9.368810,1.646040,0.958529,0.767492,0.266253,-1.877964,17.749559,-41.043949,61.883930,13.631954,10.882854,-1.087095,-0.412637,-16.098284,39.197945,68.060547,-12.168706,8.934280,-6.024389
867.000000,-1799.302124,1330.391846,78.585670,-0.606250,-1.422676,153.242155,1.237750,7.336361,22.063843,13.915212,-11.913240,-2.419664,-0.091134,-2.871525,-9.819982,11.467509,-9.362103,1.469901,0.949322,0.887664,0.275219,-1.997973,17.742744,-41.089161,61.827122,13.543436,11.023655,-1.172593,-0.500533,-16.417931,39.274174,67.906784,-11.940185,8.978552,-5.946285
868.000000,-1799.222534,1330.471558,78.558533,-0.816913,-1.347053,152.888715,0.779800,7.942386,22.231155,14.923592,-12.413163,-2.613788,-0.499150,-2.521051,-9.898789,11.859635,-9.349174,1.205917,0.847774,1.028708,0.363824,-2.260736,17.742048,-41.177456,61.757767,13.414425,11.081992,-1.227025,-0.694658,-16.787710,39.502285,67.576744,-11.814777,9.052145,-5.908484
869.000000,-1799.115601,1330.596436,78.511971,-0.960643,-1.263634,152.422601,0.365459,8.512521,22.473270,15.883079,-12.889219,-2.824753,-0.895814,-2.305844,-10.733008,12.184832,-9.530235,1.076115,0.797979,1.028350,0.447723,-2.530513,17.851484,-41.367188,61.669407,13.306848,11.120463,-1.301297,-1.056325,-17.044966,39.676220,67.335716,-11.681543,9.104545,-5.901606
870.000000,-1799.002686,1330.743042,78.462692,-1.150293,-1.172638,152.048931,-0.163081,9.202988,22.617395,17.027176,-13.436389,-3.058345,-1.342396,-1.908536,-10.849651,12.614637,-9.586195,0.641939,0.657433,1.057606,0.500702,-2.845385,17.895889,-41.542053,61.638252,13.193492,11.166591,-1.329189,-1.522735,-17.331991,39.830620,67.060158,-11.583951,9.138610,-5.901528
871.000000,-1798.886841,1330.922974,78.401878,-1.303251,-1.103409,151.587162,-0.550802,9.816968,22.820358,17.997053,-13.909186,-3.283650,-1.665463,-1.579874,-11.071667,12.904099,-9.745542,0.462064,0.632190,1.035344,0.534972,-3.119774,17.950668,-41.741413,61.634525,13.192962,11.233001,-1.346714,-1.944302,-17.597132,39.938206,66.733498,-11.530050,9.147131,-5.920536
872.000000,-1798.769897,1331.115845,78.338051,-1.504818,-1.030256,150.951495,-0.891081,10.470679,23.117714,18.924973,-14.373968,-3.528845,-2.020321,-1.167596,-10.963628,13.209702,-9.836095,0.131824,0.704842,1.058248,0.542478,-3.350908,17.961544,-41.897182,61.630352,13.190963,11.247513,-1.343952,-2.373514,-17.865225,40.045910,66.402687,-11.478333,9.148077,-5.988337
873.000000,-1798.652100,1331.331299,78.276024,-1.666420,-1.057160,150.366109,-1.149325,11.258750,23.477331,19.954250,-14.882244,-3.830063,-2.352776,-0.628749,-10.645388,13.580240,-9.917703,-0.244636,0.777175,1.108879,0.629476,-3.600017,17.971270,-42.122623,61.633533,13.200705,11.241145,-1.317020,-2.994159,-18.159481,40.186069,66.058937,-11.430861,9.137922,-6.169789
874.000000,-1798.551758,1331.559448,78.212799,-1.814114,-1.050669,149.973149,-1.406128,11.875553,23.521696,20.870022,-15.289849,-4.081075,-2.564524,-0.200421,-10.449360,13.888312,-10.071486,-0.488594,0.752667,1.123035,0.636384,-3.792809,18.005959,-42.268681,61.686333,13.268936,11.238963,-1.318934,-3.511643,-18.387337,40.201374,65.794975,-11.421864,9.125712,-6.428644
875.000000,-1798.446655,1331.785522,78.148064,-1.966930,-1.081169,149.541279,-1.753669,12.531703,23.336002,21.967249,-15.710500,-4.381817,-2.765508,0.272941,-10.251845,14.204113,-10.240993,-0.764928,0.750670,1.157490,0.629549,-4.002025,18.027531,-42.292622,61.605968,13.265548,11.205029,-1.316642,-4.062199,-18.630548,40.202133,65.485306,-11.387605,9.097763,-6.778768
876.000000,-1798.364502,1331.987671,78.075165,-2.180006,-1.129943,148.762340,-1.889272,12.995930,22.128090,22.780813,-16.273083,-4.774253,-2.983961,0.883559,-9.730895,14.526869,-10.358062,-1.041322,1.101398,1.297891,0.610114,-4.160773,18.046267,-42.264351,61.408997,13.250169,11.129478,-1.314835,-4.611906,-18.879883,40.203171,65.194115,-11.328691,9.019897,-7.152225
877.000000,-1798.292358,1332.178223,78.019485,-2.365430,-1.170853,147.887792,-1.899452,13.328868,20.651703,23.327532,-16.721594,-5.207210,-3.175660,1.538202,-9.045202,14.662436,-10.346036,-1.283908,1.572779,1.465655,0.522150,-4.222865,18.048847,-42.216343,61.076763,13.244530,10.939116,-1.313460,-5.192015,-19.072531,40.226192,64.980705,-11.230894,8.881829,-7.550654
878.000000,-1798.217407,1332.352417,78.007843,-2.379395,-1.242051,147.129663,-1.929772,13.428194,19.243498,23.874187,-16.757385,-5.508609,-3.236941,1.959158,-8.436818,14.675577,-10.275322,-1.477286,1.869534,1.455887,0.524892,-4.303471,18.079025,-42.190208,60.846497,13.230237,10.626894,-1.331045,-5.822079,-19.123142,40.286545,64.941032,-10.955603,8.632980,-7.990223
879.000000,-1798.149292,1332.506348,78.033836,-2.226960,-1.281471,146.389014,-1.956441,13.283862,18.037067,24.276741,-16.472797,-5.657371,-3.332024,2.145139,-7.813028,14.722991,-10.203386,-1.627856,2.057724,1.294917,0.540302,-4.365984,18.185713,-42.113064,60.800346,13.223700,10.368569,-1.445303,-6.419388,-19.114073,40.318272,64.917328,-10.608531,8.321739,-8.354257
880.000000,-1798.104614,1332.626099,78.083321,-2.016633,-1.326916,145.811582,-1.971846,12.833190,16.363798,24.493557,-16.029774,-5.659787,-3.344418,2.185044,-7.228615,14.653946,-10.087467,-1.738748,2.071636,1.097165,0.582347,-4.393531,18.287580,-41.901367,60.816452,13.219003,10.177414,-1.607337,-7.004048,-19.109980,40.281265,64.893867,-10.223879,7.951001,-8.685750
881.000000,-1798.099731,1332.718506,78.144165,-1.813825,-1.416549,145.236781,-1.760041,12.284796,14.701923,24.309303,-15.466082,-5.853559,-3.190467,2.191377,-6.660832,14.397336,-9.899953,-1.798321,2.057366,1.000002,0.638346,-4.406938,18.309210,-41.729675,60.878075,13.212075,10.003905,-1.685710,-7.403460,-19.177410,40.237576,64.753975,-9.854782,7.626509,-8.965099
882.000000,-1798.136353,1332.783569,78.205093,-1.639815,-1.437506,144.682778,-1.516813,11.899048,13.744029,23.970833,-15.065067,-6.007788,-3.079443,2.187742,-6.242956,14.144607,-9.729702,-1.818342,2.039971,1.003650,0.599686,-4.405418,18.268597,-41.711285,60.921547,13.203243,9.836755,-1.704525,-7.501352,-19.334490,40.233246,64.389221,-9.610604,7.436821,-9.160815
883.000000,-1798.191895,1332.819092,78.258141,-1.489634,-1.417688,144.188041,-1.155133,11.456197,12.906299,23.428846,-14.694798,-6.001225,-2.990304,2.162130,-5.743227,13.844231,-9.521401,-1.830417,1.977164,1.080225,0.513453,-4.407513,18.206795,-41.706284,60.973545,13.139065,9.618108,-1.686250,-7.460847,-19.644957,40.233208,63.623264,-9.304729,7.215557,-9.404083
884.000000,-1798.255127,1332.827026,78.299683,-1.383964,-1.407814,143.828917,-0.774598,11.101812,12.381458,22.823225,-14.401096,-6.029600,-2.915234,2.118060,-5.377476,13.601768,-9.359086,-1.825519,1.842987,1.227187,0.468365,-4.442400,18.101067,-41.702221,60.979748,12.964187,9.365436,-1.680902,-7.382310,-19.960907,40.247215,62.938953,-8.948368,6.942490,-9.630091
885.000000,-1798.318115,1332.815430,78.328415,-1.306051,-1.399479,143.598339,-0.341966,10.805562,12.120370,22.103279,-14.154189,-6.117109,-2.841775,2.044582,-5.147805,13.416812,-9.244389,-1.797537,1.605332,1.419274,0.467634,-4.577985,17.951069,-41.700119,60.980835,12.784501,9.116553,-1.670866,-7.322179,-20.203505,40.290508,62.522900,-8.612350,6.619949,-9.861822
886.000000,-1798.375000,1332.793823,78.353485,-1.163522,-1.335379,143.401139,0.111589,10.466999,12.075814,21.204124,-13.914264,-6.157770,-2.957573,1.882222,-4.960478,13.510188,-9.264531,-1.739116,1.384180,1.501104,0.450963,-4.769332,17.835888,-41.697262,60.957829,12.569490,8.881698,-1.620948,-7.263383,-20.304213,40.334751,62.396130,-8.356817,6.354192,-10.019269
887.000000,-1798.426392,1332.763184,78.380394,-0.993588,-1.257587,143.235500,0.610211,10.075778,12.147787,20.123209,-13.618121,-6.167372,-3.152162,1.654288,-4.800404,13.708620,-9.333590,-1.661133,1.136486,1.481582,0.456987,-4.975910,17.775696,-41.692272,60.913754,12.351255,8.631326,-1.504199,-7.169909,-20.325369,40.352825,62.382622,-8.245615,6.172213,-10.089424
888.000000,-1798.477173,1332.719116,78.408394,-0.825853,-1.133077,143.023247,1.081408,9.693285,12.302262,19.008488,-13.300812,-6.159031,-3.411263,1.435700,-4.595900,13.901185,-9.378226,-1.576214,0.968813,1.428487,0.450544,-5.176727,17.738293,-41.685566,60.886360,12.113529,8.357670,-1.326751,-6.999098,-20.351973,40.360252,62.379425,-8.220139,6.057476,-10.107257
889.000000,-1798.527954,1332.664673,78.437714,-0.682603,-0.995861,142.798501,1.397973,9.435095,12.445201,18.224937,-13.063460,-6.139668,-3.593129,1.294580,-4.433821,13.981518,-9.374038,-1.512832,0.891759,1.384211,0.453760,-5.308800,17.722382,-41.662712,60.877834,11.903134,8.154586,-1.179795,-6.840357,-20.381186,40.365978,62.378735,-8.206497,6.014015,-10.112296
890.000000,-1798.581665,1332.603027,78.466522,-0.566855,-0.848122,142.581737,1.800737,9.096362,12.655632,17.168711,-12.729671,-6.086302,-3.825746,1.115052,-4.221539,14.010453,-9.322903,-1.422763,0.804238,1.321803,0.450550,-5.446767,17.715860,-41.585781,60.855240,11.542654,7.883893,-0.964709,-6.567521,-20.430824,40.373661,62.378693,-8.187956,5.993608,-10.117458
891.000000,-1798.640625,1332.532349,78.493515,-0.481215,-0.718433,142.368633,2.175029,8.805124,12.854938,16.204594,-12.431742,-6.024884,-4.010330,0.972082,-4.031216,13.981693,-9.238729,-1.337904,0.746430,1.273569,0.457429,-5.538396,17.715160,-41.519474,60.831444,11.202058,7.665969,-0.765248,-6.280087,-20.489681,40.391506,62.380478,-8.175282,5.988176,-10.121874
892.000000,-1798.700562,1332.457397,78.517265,-0.412703,-0.593381,142.154032,2.558609,8.531925,13.035626,15.234323,-12.147642,-5.961433,-4.171156,0.850669,-3.854956,13.920053,-9.133272,-1.251986,0.699334,1.232770,0.455547,-5.598167,17.716433,-41.481281,60.825531,10.954973,7.479526,-0.588292,-5.982031,-20.546373,40.417290,62.385956,-8.172755,5.984686,-10.128936
893.000000,-1798.756348,1332.381104,78.537354,-0.356031,-0.483621,141.947419,2.922141,8.271742,13.178433,14.324173,-11.880118,-5.895194,-4.330421,0.741971,-3.681394,13.873853,-9.034591,-1.172181,0.654398,1.163900,0.451276,-5.614131,17.724552,-41.415081,60.823441,10.846149,7.319923,-0.399806,-5.687326,-20.565508,40.424171,62.393059,-8.177572,5.980661,-10.149786
894.000000,-1798.810181,1332.303345,78.552284,-0.334228,-0.412389,141.736671,3.250996,8.069245,13.287324,13.578911,-11.681697,-5.832628,-4.428686,0.674901,-3.521288,13.794783,-8.922951,-1.098733,0.630967,1.098790,0.457904,-5.617296,17.735331,-41.399651,60.821602,10.823290,7.182668,-0.202119,-5.390323,-20.577490,40.473160,62.409599,-8.186253,5.973705,-10.207229
895.000000,-1798.869507,1332.217407,78.563217,-0.353887,-0.397070,141.526327,3.620184,7.908525,13.363189,12.889350,-11.547525,-5.767637,-4.430596,0.650516,-3.369366,13.632303,-8.771833,-1.020942,0.618594,1.064845,0.486465,-5.618712,17.736113,-41.396645,60.819107,10.817714,7.050469,-0.001029,-5.059721,-20.594627,40.574482,62.442024,-8.196619,5.967705,-10.288985
896.000000,-1798.934204,1332.131592,78.571686,-0.396280,-0.454876,141.382698,4.026889,7.778402,13.378536,12.273643,-11.459449,-5.702815,-4.296429,0.636445,-3.293652,13.405824,-8.620134,-0.941392,0.557447,1.052868,0.531580,-5.615555,17.733042,-41.395969,60.818619,10.821574,6.943476,0.186270,-4.713197,-20.584599,40.649029,62.522926,-8.204514,5.960765,-10.371595
897.000000,-1799.003418,1332.043579,78.577362,-0.443250,-0.535362,141.271433,4.333832,7.684103,13.380322,11.845187,-11.409717,-5.648967,-4.169163,0.619017,-3.262626,13.243623,-8.520105,-0.877828,0.487349,1.046596,0.541506,-5.612726,17.730034,-41.395851,60.820221,10.822667,6.880152,0.319030,-4.428447,-20.553244,40.669331,62.634846,-8.207844,5.956883,-10.432360
898.000000,-1799.072266,1331.949341,78.580887,-0.496127,-0.646311,141.153464,4.738912,7.568984,13.384321,11.342552,-11.371615,-5.573997,-3.982101,0.598584,-3.216701,13.044769,-8.394169,-0.792676,0.403386,1.043418,0.550575,-5.611340,17.726814,-41.394394,60.823944,10.818529,6.794513,0.519283,-4.040654,-20.487753,40.680958,62.839191,-8.209771,5.954646,-10.510480
899.000000,-1799.138428,1331.845093,78.582802,-0.551384,-0.766185,141.009409,5.105972,7.469574,13.390824,10.942868,-11.362705,-5.498683,-3.802016,0.585100,-3.151388,12.867570,-8.271514,-0.710049,0.349788,1.043753,0.551875,-5.609122,17.724140,-41.392136,60.834362,10.807531,6.711310,0.738875,-3.668775,-20.394571,40.686665,63.110931,-8.207493,5.956129,-10.584855
900.000000,-1799.198730,1331.731812,78.582138,-0.614515,-0.831061,140.897317,5.400126,7.371001,13.361691,10.599943,-11.389999,-5.410160,-3.674007,0.567638,-3.096070,12.699409,-8.137760,-0.617647,0.268493,1.054151,0.504156,-5.590580,17.722448,-41.388062,60.856533,10.798223,6.624380,0.997563,-3.269561,-20.274273,40.690239,63.428677,-8.243530,5.966944,-10.655352
901.000000,-1799.252319,1331.600342,78.575554,-0.698306,-0.851503,140.819258,5.583464,7.289900,13.293415,10.280704,-11.467216,-5.314703,-3.635814,0.551573,-3.099807,12.558287,-8.009871,-0.522386,0.119301,1.103514,0.418040,-5.559867,17.722219,-41.367432,60.882923,10.802160,6.561254,1.242000,-2.895590,-20.134583,40.688969,63.746536,-8.398092,6.026462,-10.734257
902.000000,-1799.294678,1331.452515,78.557144,-0.828745,-0.830153,140.735982,5.710869,7.261899,13.273383,9.961021,-11.646194,-5.219567,-3.688827,0.580034,-3.115866,12.463532,-7.881070,-0.428148,0.017748,1.218787,0.342373,-5.553864,17.723064,-41.321682,60.888748,10.811815,6.514524,1.492740,-2.498293,-20.013458,40.691502,63.970051,-8.520028,6.189476,-10.775078
903.000000,-1799.329590,1331.274902,78.522522,-1.040498,-0.811160,140.711074,5.793547,7.321355,13.270545,9.684623,-11.980863,-5.123483,-3.752039,0.669113,-3.213509,12.362140,-7.736757,-0.339409,-0.083501,1.440482,0.322842,-5.576885,17.716269,-41.291286,60.902527,10.813781,6.462885,1.755421,-2.135361,-19.905888,40.779675,64.223129,-8.541895,6.375364,-10.782066
904.000000,-1799.355103,1331.078247,78.473694,-1.295228,-0.796295,140.803932,5.838233,7.422096,13.229711,9.417503,-12.417100,-5.021197,-3.836688,0.767500,-3.432619,12.331590,-7.631312,-0.252098,-0.284187,1.733614,0.354589,-5.618118,17.688189,-41.287766,60.968403,10.801397,6.421650,2.004756,-1.879638,-19.750721,40.869789,64.645882,-8.558566,6.547424,-10.777014
905.000000,-1799.368896,1330.862061,78.418213,-1.541362,-0.784566,140.888315,5.888215,7.516426,13.195912,9.095243,-12.899059,-4.899915,-4.017339,0.857666,-3.671172,12.455688,-7.573627,-0.157699,-0.484756,2.046535,0.426327,-5.687480,17.626135,-41.285526,61.126099,10.762301,6.399041,2.262343,-1.660443,-19.529007,40.927402,65.185562,-8.574666,6.772020,-10.733579
906.000000,-1799.358398,1330.681763,78.423401,-1.517974,-0.826613,140.815869,5.898488,7.393864,13.225451,9.023429,-12.900372,-4.766671,-4.137072,0.744708,-3.699781,12.580961,-7.520976,-0.086582,-0.498937,2.002194,0.519511,-5.724350,17.617365,-41.282936,61.318237,10.734570,6.393179,2.457090,-1.512133,-19.241018,41.001785,65.602623,-8.582510,6.980109,-10.638931
907.000000,-1799.347290,1330.535522,78.447380,-1.511156,-0.853595,140.679235,5.895127,7.250898,13.333850,8.979150,-12.800569,-4.614697,-4.306359,0.603679,-3.801613,12.712024,-7.335560,-0.021014,-0.471563,1.903113,0.581275,-5.708785,17.607199,-41.283138,61.643757,10.700884,6.390615,2.679552,-1.296025,-18.844009,41.148067,66.030807,-8.586227,7.279907,-10.401911
908.000000,-1799.329712,1330.396851,78.466644,-1.521532,-0.867717,140.427353,5.903380,7.181056,13.533678,8.944308,-12.744068,-4.488748,-4.503033,0.451214,-4.499701,12.806352,-7.140687,0.149781,-0.400801,1.826284,0.584159,-5.642283,17.601948,-41.287285,62.000008,10.658147,6.391461,2.862868,-1.102181,-18.483410,41.328976,66.293167,-8.581289,7.555637,-10.079016
909.000000,-1799.302490,1330.262695,78.471771,-1.513499,-0.881528,140.055660,5.919305,7.133451,13.839419,8.958973,-12.759137,-4.386988,-4.701912,0.307548,-5.413625,12.833647,-6.939520,0.069589,-0.296653,1.739477,0.574855,-5.547062,17.601063,-41.293430,62.349434,10.637821,6.395775,3.029549,-1.020765,-18.163673,41.503834,66.472656,-8.574325,7.765373,-9.718032
910.000000,-1799.274658,1330.136719,78.471581,-1.505787,-0.906436,139.703151,5.925119,7.080483,14.175880,9.039871,-12.821061,-4.287704,-4.878186,0.167556,-6.306528,12.809490,-6.711371,-0.138537,-0.225881,1.649527,0.574532,-5.449382,17.573000,-41.316956,62.737011,10.623881,6.407743,3.178387,-1.009188,-17.863972,41.657997,66.616837,-8.567133,7.927263,-9.350176
911.000000,-1799.245117,1330.010986,78.467506,-1.478645,-0.917101,139.425939,5.861159,7.006638,14.402657,9.184751,-12.901293,-4.188900,-5.003637,0.015347,-7.053400,12.729030,-6.550145,-0.291564,-0.232145,1.554494,0.551044,-5.383902,17.521671,-41.338886,63.095596,10.608434,6.422373,3.272415,-1.009406,-17.620077,41.757179,66.727364,-8.566093,8.026916,-9.030443
912.000000,-1799.215332,1329.892822,78.471748,-1.477486,-0.934103,139.362664,5.762071,6.965147,14.420470,9.329019,-12.954516,-4.111558,-5.052180,-0.054136,-7.295298,12.668344,-6.394700,-0.402990,-0.334402,1.510928,0.547118,-5.369291,17.466936,-41.345261,63.352673,10.596799,6.425484,3.322803,-1.010077,-17.466177,41.822243,66.813576,-8.570295,8.083236,-8.806473
913.000000,-1799.184082,1329.786255,78.477219,-1.464846,-0.957675,139.367094,5.632959,6.894948,14.356091,9.478081,-12.986080,-4.014173,-5.075099,-0.157316,-7.527260,12.577774,-6.241572,-0.395939,-0.484171,1.439069,0.545095,-5.364413,17.422857,-41.359367,63.639526,10.588737,6.425630,3.382979,-1.010341,-17.266157,41.911983,66.954247,-8.620002,8.161626,-8.514158
914.000000,-1799.152710,1329.691895,78.479736,-1.439809,-0.984910,139.350279,5.551329,6.815149,14.322964,9.569699,-12.996145,-3.934453,-5.080212,-0.248363,-7.645166,12.484867,-6.146218,-0.366538,-0.557190,1.347353,0.538952,-5.348844,17.417620,-41.372593,63.877140,10.589059,6.424616,3.438371,-1.011336,-17.055349,41.935383,67.106369,-8.760225,8.247901,-8.257135
915.000000,-1799.128906,1329.609619,78.483124,-1.420443,-1.016558,139.331446,5.504229,6.734779,14.302855,9.621661,-12.994009,-3.856686,-5.060113,-0.329098,-7.736173,12.363095,-6.044786,-0.330977,-0.597709,1.260421,0.517462,-5.291686,17.418858,-41.378918,64.127190,10.589898,6.425147,3.492921,-1.012831,-16.825609,41.942902,67.290756,-8.917138,8.338138,-7.999735
916.000000,-1799.114014,1329.534668,78.488197,-1.411384,-1.022925,139.295743,5.462053,6.669930,14.297015,9.641650,-12.984019,-3.788652,-5.048780,-0.384992,-7.799430,12.225974,-5.927655,-0.297725,-0.612522,1.205677,0.450055,-5.146878,17.451979,-41.383995,64.253601,10.593262,6.449275,3.514775,-1.009137,-16.640186,41.961979,67.407860,-9.003025,8.467360,-7.740460
917.000000,-1799.105103,1329.461914,78.493744,-1.405926,-1.037830,139.247250,5.441539,6.608910,14.304549,9.645930,-12.971444,-3.723382,-5.033390,-0.428881,-7.832932,12.094613,-5.806447,-0.264291,-0.613179,1.174869,0.389136,-4.939148,17.523106,-41.390656,64.265450,10.605944,6.464150,3.517816,-1.011425,-16.514114,41.978146,67.423546,-9.085373,8.593178,-7.479548
918.000000,-1799.103149,1329.392578,78.498474,-1.401980,-1.103011,139.211350,5.495255,6.540998,14.296023,9.625335,-12.954820,-3.662568,-4.965710,-0.475953,-7.862359,11.996755,-5.710931,-0.233033,-0.614493,1.160849,0.375952,-4.715541,17.587845,-41.399929,64.267784,10.618727,6.477131,3.515888,-1.028934,-16.410149,41.985615,67.458008,-9.191192,8.667825,-7.245742
919.000000,-1799.108887,1329.328491,78.502266,-1.395931,-1.184327,139.189957,5.563460,6.484473,14.276219,9.592333,-12.937930,-3.620342,-4.904211,-0.516574,-7.886203,11.954612,-5.661388,-0.207984,-0.615367,1.157159,0.372112,-4.539733,17.627373,-41.434620,64.266907,10.625960,6.489097,3.511992,-1.038375,-16.348539,41.997231,67.486290,-9.261122,8.713693,-7.087174
920.000000,-1799.116333,1329.265747,78.505867,-1.385907,-1.256950,139.205428,5.647443,6.395306,14.222378,9.539690,-12.908566,-3.558094,-4.832862,-0.588914,-7.942711,11.921505,-5.607317,-0.167088,-0.634255,1.150975,0.356468,-4.277467,17.677893,-41.535450,64.260635,10.635223,6.516178,3.487519,-1.042698,-16.283804,42.036049,67.496468,-9.351620,8.765219,-6.872962
921.000000,-1799.120117,1329.201660,78.509209,-1.372215,-1.324529,139.263923,5.692995,6.302248,14.121119,9.516128,-12.882741,-3.490489,-4.774132,-0.683817,-8.053653,11.917676,-5.575557,-0.123810,-0.675783,1.133349,0.354438,-4.057699,17.694359,-41.615997,64.256149,10.642889,6.577754,3.412812,-1.045189,-16.221388,42.076969,67.518753,-9.447586,8.787520,-6.688207
922.000000,-1799.121826,1329.137939,78.512329,-1.359475,-1.385103,139.302737,5.728778,6.214345,14.033173,9.497456,-12.860471,-3.424139,-4.731618,-0.772442,-8.152098,11.918264,-5.539881,-0.081005,-0.685883,1.107026,0.358112,-3.872891,17.696199,-41.714535,64.255852,10.658774,6.639657,3.308388,-1.060601,-16.137753,42.085728,67.601143,-9.515985,8.802196,-6.530610
923.000000,-1799.119629,1329.072266,78.514702,-1.341119,-1.433349,139.333102,5.746560,6.124291,13.960252,9.486501,-12.840062,-3.354966,-4.720069,-0.862686,-8.237679,11.938763,-5.509952,-0.042750,-0.702521,1.063723,0.365048,-3.684066,17.697769,-41.815716,64.254997,10.669373,6.680001,3.204502,-1.119972,-16.086702,42.089638,67.688423,-9.556111,8.845972,-6.435711
924.000000,-1799.113647,1329.008911,78.516808,-1.323500,-1.473538,139.354529,5.749467,6.062132,13.909897,9.484906,-12.827025,-3.305852,-4.720799,-0.925815,-8.298024,11.956146,-5.489553,-0.017505,-0.711788,1.017271,0.375168,-3.552320,17.699831,-41.875393,64.254166,10.673394,6.704102,3.130438,-1.167015,-16.064777,42.093048,67.732361,-9.594013,8.877224,-6.349154
925.000000,-1799.104736,1328.948242,78.518829,-1.307171,-1.511801,139.376083,5.749357,5.982385,13.846779,9.487020,-12.811848,-3.241187,-4.722921,-1.004727,-8.375191,11.968349,-5.453374,0.015038,-0.719385,0.936415,0.394331,-3.363139,17.706591,-41.956856,64.252960,10.680105,6.742826,3.024409,-1.230362,-16.042471,42.098381,67.780968,-9.651663,8.917828,-6.198110
926.000000,-1799.091919,1328.891602,78.520866,-1.291181,-1.546094,139.426805,5.731345,5.907639,13.757169,9.505497,-12.798022,-3.182749,-4.722677,-1.088551,-8.484467,11.984869,-5.425933,0.040527,-0.737567,0.830290,0.426692,-3.212845,17.710186,-42.019207,64.252098,10.684804,6.806250,2.908188,-1.265347,-16.019342,42.104210,67.795059,-9.739539,8.939607,-6.037225
927.000000,-1799.076050,1328.837769,78.523048,-1.278191,-1.559769,139.488620,5.675520,5.841306,13.650241,9.550515,-12.790886,-3.126308,-4.735862,-1.169683,-8.609355,11.992279,-5.393136,0.062811,-0.754688,0.709909,0.452273,-3.097248,17.711977,-42.060856,64.239601,10.690297,6.877187,2.784469,-1.289704,-15.985762,42.108021,67.807190,-9.837913,8.967090,-5.917504
928.000000,-1799.056763,1328.780518,78.526131,-1.268244,-1.536839,139.570694,5.551575,5.782785,13.523124,9.629836,-12.791176,-3.068200,-4.785317,-1.249871,-8.754542,11.983912,-5.344800,0.082654,-0.780046,0.587803,0.457862,-3.004666,17.714144,-42.064072,64.159645,10.704675,6.963356,2.629656,-1.314435,-15.942446,42.105675,67.821518,-10.025291,8.992576,-5.798581
929.000000,-1799.038696,1328.723145,78.530403,-1.262635,-1.497033,139.643028,5.410502,5.731231,13.409988,9.705387,-12.788469,-3.013805,-4.842771,-1.320587,-8.893521,11.943047,-5.274035,0.100507,-0.796327,0.483816,0.462350,-2.943167,17.715202,-42.061623,64.016159,10.742233,7.024877,2.441531,-1.335855,-15.905793,42.086361,67.826851,-10.247006,9.007777,-5.680640
930.000000,-1799.022339,1328.667603,78.535553,-1.263229,-1.451882,139.692176,5.268561,5.686348,13.315518,9.770023,-12.781794,-2.960400,-4.896869,-1.378391,-9.024515,11.861897,-5.174924,0.117716,-0.801725,0.398389,0.465268,-2.921357,17.760059,-42.057121,63.850075,10.863179,7.064470,2.241237,-1.362533,-15.871341,42.041847,67.831696,-10.493297,9.025033,-5.562446
931.000000,-1799.012695,1328.615723,78.540565,-1.265572,-1.413984,139.689680,5.194537,5.658112,13.285645,9.792314,-12.773889,-2.925367,-4.930596,-1.407793,-9.090341,11.793365,-5.095750,0.129692,-0.801587,0.356856,0.465625,-2.920963,17.822842,-42.052715,63.751690,10.936537,7.084278,2.117823,-1.387730,-15.852972,41.998211,67.835487,-10.676382,9.035905,-5.458708
932.000000,-1799.010254,1328.562988,78.544327,-1.262211,-1.331880,139.643108,5.083706,5.618837,13.293797,9.814349,-12.765985,-2.878176,-5.026606,-1.442061,-9.136223,11.728899,-4.994061,0.145161,-0.802084,0.327117,0.427954,-2.921484,17.886074,-42.043037,63.665291,10.964326,7.115179,1.966021,-1.411601,-15.839860,41.904156,67.839417,-10.902099,9.043803,-5.288027
933.000000,-1799.008179,1328.506592,78.547615,-1.253310,-1.255865,139.595101,4.960220,5.568300,13.314754,9.833730,-12.752648,-2.828692,-5.164004,-1.488910,-9.174133,11.709238,-4.905145,0.157601,-0.819055,0.321290,0.405711,-2.936952,17.926897,-42.002148,63.607826,10.967393,7.139948,1.811208,-1.444163,-15.834764,41.755611,67.842072,-11.092596,9.049750,-5.107184
934.000000,-1799.007446,1328.454102,78.551186,-1.243981,-1.190473,139.596526,4.848276,5.512282,13.292445,9.853338,-12.736598,-2.777937,-5.267760,-1.548536,-9.256186,11.687265,-4.831311,0.169498,-0.860289,0.325810,0.406040,-2.968686,17.935658,-41.924522,63.569988,10.960738,7.148098,1.677977,-1.471870,-15.830904,41.641197,67.845055,-11.218077,9.054283,-5.005053
935.000000,-1799.008545,1328.408813,78.555618,-1.239113,-1.138653,139.639508,4.731076,5.449082,13.206626,9.875944,-12.718373,-2.718089,-5.327499,-1.620239,-9.401506,11.619880,-4.752095,0.187921,-0.864450,0.325275,0.406775,-3.026891,17.920866,-41.840599,63.471668,10.983537,7.159674,1.605731,-1.477595,-15.830550,41.625126,67.846535,-11.301088,9.064992,-4.988297
936.000000,-1799.015625,1328.372681,78.561661,-1.252050,-1.107643,139.686807,4.661321,5.409878,13.116907,9.878982,-12.701718,-2.675477,-5.338842,-1.669644,-9.576590,11.537415,-4.665043,0.199216,-0.855647,0.337285,0.404386,-3.036580,17.886873,-41.677734,63.385620,11.077610,7.165943,1.600045,-1.468773,-15.827975,41.594147,67.842422,-11.400954,9.086651,-4.985939
937.000000,-1799.027588,1328.341675,78.568459,-1.276260,-1.089970,139.682801,4.640866,5.393707,13.078011,9.855408,-12.686941,-2.646638,-5.348728,-1.694128,-9.751428,11.481594,-4.567770,0.203310,-0.811813,0.369008,0.398837,-3.007623,17.803425,-41.342709,63.329182,11.081343,7.169139,1.611492,-1.441818,-15.825564,41.497948,67.841591,-11.454140,9.127195,-4.981526
938.000000,-1799.039795,1328.313110,78.574547,-1.298872,-1.072448,139.642450,4.642085,5.386095,13.084922,9.819275,-12.675129,-2.619886,-5.375523,-1.707485,-9.930631,11.448177,-4.469015,0.192097,-0.764946,0.415113,0.397468,-2.985269,17.737318,-41.029678,63.322132,11.010659,7.174660,1.625703,-1.417853,-15.823360,41.364704,67.846489,-11.480430,9.177699,-4.972248
939.000000,-1799.054321,1328.283691,78.575661,-1.295862,-1.052424,139.553354,4.658422,5.350201,13.135348,9.766692,-12.663052,-2.582759,-5.420575,-1.742089,-10.108994,11.432912,-4.415564,0.134093,-0.699497,0.452662,0.396643,-2.972802,17.623598,-40.681519,63.318302,10.852198,7.182498,1.686072,-1.386654,-15.819899,41.196056,67.847397,-11.621728,9.213208,-4.965707
940.000000,-1799.070312,1328.255127,78.573631,-1.285099,-1.031438,139.442924,4.678002,5.303019,13.220293,9.723220,-12.663380,-2.540310,-5.480390,-1.779319,-10.234978,11.428518,-4.386640,0.094402,-0.624646,0.502469,0.394313,-2.945665,17.509951,-40.330894,63.317284,10.754645,7.191043,1.832309,-1.348268,-15.813256,40.976429,67.843224,-11.905442,9.241112,-4.963965
941.000000,-1799.088501,1328.224976,78.571922,-1.274722,-1.006218,139.317313,4.698567,5.257507,13.310971,9.675024,-12.662568,-2.499719,-5.559639,-1.806679,-10.263054,11.457182,-4.362823,0.108552,-0.557484,0.565741,0.388649,-2.914485,17.386461,-40.008007,63.316383,10.632268,7.194842,2.023467,-1.312917,-15.809080,40.745029,67.837654,-12.168958,9.266179,-4.967372
942.000000,-1799.104492,1328.195801,78.569672,-1.259661,-0.976184,139.196589,4.708013,5.218255,13.377376,9.638130,-12.660155,-2.469163,-5.631486,-1.830515,-10.265743,11.492425,-4.353390,0.121937,-0.508590,0.609818,0.382092,-2.896554,17.278423,-39.759327,63.314354,10.480399,7.194084,2.188248,-1.289195,-15.803633,40.579758,67.832993,-12.329632,9.281351,-4.972183
943.000000,-1799.118286,1328.165283,78.567139,-1.239086,-0.946053,139.125757,4.704190,5.158304,13.427012,9.601298,-12.655023,-2.428457,-5.715542,-1.872930,-10.281457,11.530029,-4.350082,0.137253,-0.471546,0.658608,0.377627,-2.889504,17.106667,-39.422867,63.309826,10.233546,7.169356,2.419465,-1.267643,-15.796338,40.406544,67.826408,-12.510857,9.294918,-4.993593
944.000000,-1799.129150,1328.140869,78.564850,-1.219806,-0.917239,139.074038,4.691025,5.097079,13.438613,9.568500,-12.645924,-2.389717,-5.788726,-1.921509,-10.312702,11.569020,-4.357893,0.149147,-0.462909,0.691467,0.365962,-2.888462,16.941875,-39.126118,63.293678,10.006659,7.129100,2.670712,-1.244477,-15.787702,40.259270,67.801346,-12.652181,9.311784,-5.054926
945.000000,-1799.144897,1328.119507,78.564194,-1.212947,-0.907995,139.068579,4.689528,5.044384,13.423470,9.542294,-12.643073,-2.349457,-5.827138,-1.974046,-10.404091,11.597489,-4.361654,0.158047,-0.481877,0.733104,0.347680,-2.881823,16.747828,-38.826958,63.218124,9.579313,7.051974,2.889895,-1.158176,-15.766766,40.074337,67.714378,-12.736677,9.319027,-5.214600
946.000000,-1799.166260,1328.103760,78.564056,-1.214121,-0.914108,139.070863,4.713144,5.004893,13.393398,9.517971,-12.646781,-2.317412,-5.819993,-2.019636,-10.527509,11.605526,-4.363149,0.162997,-0.501196,0.772320,0.308751,-2.883017,16.520472,-38.641331,63.132618,9.185732,6.934755,3.066236,-1.048860,-15.749034,39.948292,67.660652,-12.785974,9.320059,-5.448204
947.000000,-1799.184570,1328.097900,78.563591,-1.219254,-0.935426,139.051136,4.769546,4.983140,13.385100,9.482873,-12.652319,-2.297077,-5.802529,-2.044516,-10.641876,11.625228,-4.366930,0.162459,-0.512408,0.795931,0.256262,-2.891919,16.415417,-38.522812,63.097927,8.892456,6.828536,3.254453,-0.950316,-15.716021,39.845867,67.643486,-12.818493,9.322006,-5.668165
948.000000,-1799.201538,1328.088623,78.562424,-1.219652,-0.973497,139.033957,4.824648,4.961789,13.378627,9.456618,-12.655946,-2.282340,-5.780642,-2.069324,-10.726177,11.650368,-4.377348,0.162935,-0.517448,0.805784,0.233675,-2.892745,16.305588,-38.375072,63.056435,8.515776,6.691843,3.336201,-0.881818,-15.698496,39.767422,67.623924,-12.835283,9.323033,-5.805165
949.000000,-1799.216064,1328.074707,78.560814,-1.216308,-1.012619,139.016580,4.895886,4.928720,13.371368,9.424834,-12.659754,-2.262455,-5.754572,-2.106895,-10.827806,11.689550,-4.394234,0.164597,-0.521151,0.811704,0.222846,-2.892677,16.119905,-38.190269,62.976662,7.996625,6.486416,3.413801,-0.808817,-15.683110,39.669971,67.593887,-12.859664,9.324951,-5.940007
950.000000,-1799.225830,1328.061157,78.559219,-1.214002,-1.047263,138.984873,4.966174,4.894264,13.371125,9.387287,-12.661269,-2.240844,-5.738242,-2.143030,-10.925918,11.729615,-4.407542,0.165382,-0.525384,0.812957,0.218013,-2.904684,15.942514,-38.062267,62.894714,7.546426,6.279776,3.516607,-0.750381,-15.664557,39.570614,67.568825,-12.902943,9.329059,-6.047326
951.000000,-1799.232056,1328.048462,78.557625,-1.208208,-1.074446,138.951590,5.023926,4.865314,13.376450,9.352345,-12.660515,-2.221691,-5.730979,-2.170785,-11.010009,11.759151,-4.415397,0.163745,-0.541913,0.812185,0.214819,-2.918248,15.880446,-37.933327,62.849178,7.113239,6.086638,3.606500,-0.710053,-15.643666,39.474289,67.550621,-12.963795,9.333804,-6.123809
952.000000,-1799.239136,1328.032349,78.555885,-1.198382,-1.095478,138.924036,5.070583,4.825922,13.378579,9.318410,-12.657256,-2.200386,-5.726261,-2.207737,-11.083447,11.778605,-4.425134,0.164128,-0.549616,0.812269,0.214247,-2.918778,15.762935,-37.748180,62.779659,6.526220,5.840935,3.637207,-0.659591,-15.633121,39.360714,67.515900,-13.037563,9.337135,-6.182029
953.000000,-1799.244873,1328.017456,78.554367,-1.190796,-1.114274,138.892149,5.115261,4.789783,13.384097,9.282553,-12.653090,-2.179574,-5.723627,-2.239373,-11.147352,11.792871,-4.430203,0.163862,-0.554157,0.813008,0.214726,-2.923927,15.657737,-37.631062,62.712749,6.047331,5.614529,3.688010,-0.615573,-15.619289,39.246624,67.488525,-13.121948,9.340970,-6.229313
954.000000,-1799.248657,1328.004883,78.552994,-1.184326,-1.133177,138.856301,5.147034,4.769469,13.390397,9.258698,-12.650909,-2.166224,-5.722264,-2.255788,-11.189236,11.802079,-4.431583,0.162180,-0.562169,0.813483,0.214907,-2.929253,15.636875,-37.556419,62.693928,5.738621,5.472109,3.736813,-0.590632,-15.605699,39.168266,67.475914,-13.185142,9.343965,-6.260238
955.000000,-1799.252686,1327.990112,78.552261,-1.177715,-1.147571,138.860747,5.175242,4.735084,13.371821,9.237270,-12.647429,-2.145355,-5.717691,-2.290726,-11.271091,11.814432,-4.435595,0.160748,-0.583305,0.813889,0.217357,-2.929301,15.563779,-37.413143,62.648827,5.186176,5.224367,3.755433,-0.551946,-15.596422,39.072014,67.442879,-13.264631,9.347401,-6.305656
956.000000,-1799.253418,1327.978760,78.551971,-1.173390,-1.158532,138.885725,5.179594,4.703542,13.314119,9.233954,-12.644364,-2.125102,-5.710573,-2.330613,-11.381463,11.826482,-4.441550,0.158108,-0.617269,0.812641,0.219625,-2.932716,15.515565,-37.332844,62.615017,4.860008,4.995568,3.804238,-0.534846,-15.588596,39.031067,67.419914,-13.344515,9.352323,-6.351326
957.000000,-1799.255127,1327.967651,78.551704,-1.167041,-1.172682,138.898250,5.194342,4.670093,13.263330,9.216322,-12.637060,-2.105064,-5.704559,-2.371195,-11.483881,11.846062,-4.450076,0.156747,-0.636486,0.810896,0.225991,-2.930252,15.472441,-37.254410,62.591305,4.463877,4.768427,3.837840,-0.528191,-15.582494,38.996620,67.408714,-13.419404,9.357386,-6.376840
958.000000,-1799.258057,1327.958618,78.551033,-1.161468,-1.186602,138.877336,5.231346,4.643210,13.259487,9.180431,-12.630489,-2.087683,-5.705802,-2.395691,-11.543983,11.865968,-4.453667,0.154999,-0.637968,0.811777,0.232471,-2.926307,15.463988,-37.206516,62.583538,4.081714,4.614806,3.886304,-0.517759,-15.573729,38.932716,67.401894,-13.491169,9.361853,-6.386532
959.000000,-1799.261719,1327.949951,78.550247,-1.157231,-1.196498,138.846753,5.264426,4.620406,13.265649,9.149010,-12.626774,-2.072215,-5.710748,-2.413583,-11.590440,11.879762,-4.453411,0.151986,-0.639580,0.814103,0.238750,-2.923501,15.462608,-37.168186,62.577747,3.665368,4.472512,3.916346,-0.499049,-15.563584,38.848587,67.392387,-13.555340,9.363997,-6.397852
960.000000,-1799.264526,1327.941284,78.549751,-1.154906,-1.201239,138.838682,5.279819,4.596610,13.247146,9.133703,-12.625243,-2.055528,-5.715110,-2.436928,-11.663033,11.888851,-4.451936,0.146786,-0.656682,0.815567,0.247664,-2.922401,15.460762,-37.122593,62.570942,3.255990,4.290571,3.941349,-0.478613,-15.554767,38.776047,67.373878,-13.616959,9.366216,-6.426404
961.000000,-1799.266846,1327.932739,78.549614,-1.153057,-1.204327,138.853774,5.279252,4.577834,13.211091,9.131722,-12.623735,-2.043267,-5.715473,-2.460186,-11.733567,11.896167,-4.453133,0.143145,-0.672093,0.814680,0.258592,-2.921980,15.446711,-37.080090,62.561676,2.987249,4.130502,3.953045,-0.470460,-15.551413,38.748920,67.360207,-13.658181,9.368301,-6.452118
962.000000,-1799.270630,1327.924683,78.549423,-1.149900,-1.202634,138.859149,5.280214,4.553833,13.172781,9.121928,-12.621354,-2.027319,-5.722230,-2.488934,-11.819128,11.909069,-4.455034,0.139194,-0.678626,0.813290,0.268358,-2.917414,15.430753,-37.027180,62.551258,2.660084,3.930881,3.971956,-0.464981,-15.547340,38.719704,67.351562,-13.715166,9.371611,-6.473390
963.000000,-1799.277710,1327.915039,78.548988,-1.146203,-1.195125,138.841859,5.287480,4.527688,13.166630,9.098157,-12.618563,-2.010501,-5.743001,-2.514225,-11.876295,11.924146,-4.453835,0.137497,-0.678829,0.813518,0.273773,-2.902628,15.360498,-36.977821,62.526096,2.206551,3.726848,3.977278,-0.455716,-15.542284,38.661583,67.344276,-13.767367,9.373051,-6.481199
964.000000,-1799.284546,1327.908325,78.548325,-1.145042,-1.184726,138.803947,5.300051,4.509478,13.178196,9.069715,-12.616825,-1.996493,-5.768856,-2.526085,-11.913713,11.935510,-4.448002,0.133816,-0.680417,0.814014,0.276424,-2.900884,15.337774,-36.946388,62.509689,1.891390,3.560324,4.003744,-0.442575,-15.531574,38.587200,67.336670,-13.821587,9.374275,-6.488450
965.000000,-1799.291992,1327.901245,78.547897,-1.144865,-1.179078,138.791332,5.305193,4.488591,13.167196,9.056163,-12.617577,-1.981351,-5.784548,-2.545237,-11.974996,11.942966,-4.443958,0.129288,-0.696127,0.813760,0.287720,-2.900254,15.287004,-36.897118,62.497040,1.477317,3.341630,4.010191,-0.427625,-15.525159,38.522137,67.319450,-13.867941,9.374591,-6.505138
966.000000,-1799.300781,1327.894653,78.547699,-1.146055,-1.174684,138.799679,5.302588,4.467647,13.129043,9.053714,-12.619902,-1.966455,-5.788275,-2.570267,-12.057653,11.947945,-4.443754,0.125472,-0.707914,0.812057,0.300353,-2.899443,15.198151,-36.855568,62.484535,1.139687,3.109917,4.011381,-0.420071,-15.521897,38.493011,67.308716,-13.910408,9.376133,-6.524497
967.000000,-1799.310547,1327.889404,78.547600,-1.147513,-1.168347,138.819317,5.298224,4.451429,13.092690,9.051819,-12.621983,-1.954838,-5.789867,-2.591122,-12.125868,11.952415,-4.445849,0.123851,-0.710807,0.809256,0.305968,-2.897858,15.113683,-36.836918,62.477718,0.913890,2.939147,4.011700,-0.416385,-15.520035,38.480888,67.303993,-13.943549,9.378593,-6.534494
968.000000,-1799.320435,1327.886108,78.547455,-1.149020,-1.161102,138.842533,5.291621,4.429550,13.040293,9.048420,-12.625189,-1.939049,-5.791580,-2.620197,-12.219534,11.960196,-4.451540,0.123181,-0.712423,0.803381,0.311294,-2.892800,14.988248,-36.827118,62.470833,0.630885,2.725847,4.011284,-0.413053,-15.517555,38.468906,67.298592,-13.989606,9.382346,-6.544387
969.000000,-1799.328003,1327.886719,78.547150,-1.151011,-1.153554,138.859943,5.287419,4.414839,12.995521,9.044269,-12.629377,-1.926356,-5.794120,-2.640786,-12.304301,11.967713,-4.458045,0.121554,-0.713808,0.794516,0.314116,-2.891615,14.941481,-36.816639,62.457516,0.443848,2.539762,4.014332,-0.410668,-15.512858,38.460716,67.293556,-14.034277,9.385895,-6.554372
970.000000,-1799.338501,1327.887085,78.546455,-1.151904,-1.143216,138.847601,5.294372,4.399259,12.977193,9.026914,-12.634026,-1.913751,-5.806586,-2.657187,-12.368337,11.981038,-4.464350,0.120731,-0.712565,0.788927,0.316112,-2.877068,14.887964,-36.809757,62.449715,0.117364,2.360235,4.012559,-0.406639,-15.508478,38.434738,67.288704,-14.075871,9.387590,-6.561690
971.000000,-1799.349731,1327.886963,78.545532,-1.154163,-1.130970,138.828602,5.299492,4.386621,12.973515,9.015171,-12.642475,-1.902870,-5.823122,-2.667410,-12.416552,11.989171,-4.466871,0.118422,-0.713754,0.787793,0.318822,-2.856411,14.818493,-36.804394,62.443432,-0.200458,2.214932,4.008360,-0.398413,-15.503996,38.396214,67.283264,-14.107516,9.387535,-6.568900
972.000000,-1799.361084,1327.887695,78.544724,-1.157723,-1.119638,138.820609,5.298699,4.375350,12.954427,9.012550,-12.652225,-1.892903,-5.832841,-2.679217,-12.478237,11.993566,-4.470355,0.114600,-0.716023,0.785215,0.323441,-2.840739,14.741635,-36.799435,62.437851,-0.455737,2.078334,4.002698,-0.391080,-15.500451,38.372044,67.277916,-14.137703,9.388339,-6.577470
973.000000,-1799.372070,1327.889771,78.544029,-1.161791,-1.108835,138.821055,5.297258,4.367410,12.933530,9.011331,-12.659483,-1.885872,-5.837464,-2.688792,-12.529992,11.996774,-4.474116,0.111538,-0.717504,0.781006,0.326802,-2.828904,14.684546,-36.795776,62.433784,-0.624843,1.977335,3.997797,-0.387239,-15.497844,38.362103,67.274384,-14.158792,9.389663,-6.583916
974.000000,-1799.382202,1327.893433,78.543396,-1.165914,-1.098315,138.824867,5.295199,4.358186,12.903410,9.009734,-12.668955,-1.877512,-5.841968,-2.700807,-12.598751,12.001161,-4.480163,0.107584,-0.718910,0.772769,0.330308,-2.810496,14.616558,-36.791225,62.428661,-0.823248,1.850980,3.990719,-0.383641,-15.494157,38.354832,67.270119,-14.185075,9.391743,-6.591750
975.000000,-1799.392456,1327.898193,78.542709,-1.170333,-1.087262,138.828654,5.293242,4.349626,12.870722,9.007825,-12.679797,-1.869346,-5.846510,-2.712449,-12.672773,12.006040,-4.487706,0.103226,-0.720022,0.761817,0.333113,-2.785084,14.551799,-36.786579,62.423275,-1.022364,1.721205,3.981279,-0.379942,-15.489581,38.347893,67.265549,-14.212198,9.393949,-6.599556
976.000000,-1799.402954,1327.904053,78.541954,-1.175100,-1.075610,138.830726,5.291727,4.342880,12.841260,9.006226,-12.691094,-1.862486,-5.851061,-2.721769,-12.741434,12.010422,-4.495347,0.098608,-0.721062,0.751219,0.334931,-2.755191,14.501722,-36.782505,62.418427,-1.210345,1.602723,3.963903,-0.376348,-15.484962,38.341297,67.261330,-14.236788,9.395944,-6.606583
977.000000,-1799.413452,1327.910522,78.541122,-1.180148,-1.063582,138.830358,5.290543,4.337424,12.814417,9.005006,-12.703275,-1.856532,-5.856136,-2.729253,-12.807144,12.014445,-4.503025,0.093426,-0.722016,0.741781,0.336218,-2.721865,14.463774,-36.778637,62.413799,-1.387378,1.494832,3.936425,-0.372705,-15.480432,38.334606,67.257309,-14.260340,9.397949,-6.613372
978.000000,-1799.422852,1327.917236,78.540306,-1.185243,-1.051682,138.829400,5.289063,4.333363,12.788576,9.004064,-12.715590,-1.851560,-5.861641,-2.735107,-12.871453,12.018065,-4.510409,0.087445,-0.722719,0.733266,0.337299,-2.696198,14.447065,-36.774506,62.409752,-1.545347,1.400812,3.910178,-0.368887,-15.475804,38.327442,67.253448,-14.282867,9.400074,-6.620056
979.000000,-1799.432007,1327.924194,78.539490,-1.190138,-1.040205,138.826000,5.288361,4.330835,12.771623,9.003645,-12.724745,-1.848353,-5.865871,-2.738544,-12.915912,12.020560,-4.515604,0.082754,-0.723303,0.728086,0.337809,-2.678262,14.443206,-36.771679,62.406937,-1.656335,1.339378,3.885481,-0.366126,-15.472693,38.321747,67.250755,-14.299356,9.401620,-6.624682
980.000000,-1799.441895,1327.931519,78.538567,-1.195582,-1.027759,138.820813,5.287723,4.327520,12.749416,9.003417,-12.738351,-1.844039,-5.872207,-2.742695,-12.976795,12.023963,-4.522763,0.075869,-0.724248,0.722554,0.338105,-2.650970,14.439438,-36.767578,62.403412,-1.803506,1.262059,3.849177,-0.361900,-15.468590,38.311920,67.247147,-14.322295,9.403911,-6.631024
981.000000,-1799.451660,1327.938232,78.537712,-1.200843,-1.016039,138.816871,5.286695,4.324309,12.726786,9.003273,-12.751386,-1.840007,-5.878060,-2.746858,-13.036341,12.027006,-4.529334,0.069132,-0.724804,0.719141,0.338042,-2.636023,14.438864,-36.762669,62.401466,-1.925147,1.204142,3.827757,-0.356773,-15.464931,38.299244,67.243835,-14.343907,9.406211,-6.637002
982.000000,-1799.461548,1327.944702,78.536819,-1.205910,-1.004419,138.811119,5.286245,4.320698,12.706042,9.003211,-12.764643,-1.835976,-5.884242,-2.750988,-13.093588,12.030256,-4.535861,0.062311,-0.725824,0.716511,0.337288,-2.618586,14.436425,-36.758522,62.398918,-2.049967,1.142343,3.791403,-0.351808,-15.461440,38.286179,67.240685,-14.365414,9.408647,-6.642620
983.000000,-1799.471802,1327.951294,78.535858,-1.211330,-0.992365,138.803118,5.286246,4.317458,12.687573,9.003269,-12.778378,-1.831999,-5.890934,-2.754259,-13.148218,12.033483,-4.542097,0.055457,-0.726982,0.713923,0.336040,-2.597692,14.433021,-36.754757,62.396091,-2.166332,1.078509,3.748752,-0.347034,-15.457934,38.273678,67.237610,-14.386734,9.411144,-6.647969
984.000000,-1799.482300,1327.957764,78.534843,-1.217051,-0.980281,138.793406,5.286646,4.314804,12.671505,9.003489,-12.791959,-1.828236,-5.897614,-2.756580,-13.198887,12.036445,-4.547688,0.048820,-0.728093,0.711162,0.334588,-2.575324,14.429348,-36.751308,62.393456,-2.268952,1.019019,3.706475,-0.342570,-15.454510,38.262379,67.234695,-14.407097,9.413573,-6.652896
985.000000,-1799.492065,1327.963989,78.533897,-1.222781,-0.969170,138.785053,5.286985,4.312232,12.653265,9.003865,-12.806296,-1.824225,-5.904153,-2.758968,-13.253988,12.039268,-4.553063,0.041712,-0.728824,0.708635,0.332939,-2.561120,14.427780,-36.746780,62.391876,-2.363873,0.966398,3.679223,-0.337157,-15.450892,38.249104,67.231667,-14.428731,9.416214,-6.658031
986.000000,-1799.501831,1327.969727,78.532944,-1.228257,-0.958564,138.774681,5.287790,4.310184,12.641561,9.004312,-12.816792,-1.821272,-5.908898,-2.760585,-13.292126,12.041356,-4.556747,0.036605,-0.729458,0.707118,0.331477,-2.549919,14.425694,-36.743866,62.390530,-2.431663,0.928408,3.651039,-0.333541,-15.448403,38.240059,67.229607,-14.444337,9.418233,-6.661540
987.000000,-1799.511353,1327.975220,78.531975,-1.233569,-0.948460,138.763071,5.289262,4.307431,12.627529,9.005062,-12.830976,-1.817273,-5.915467,-2.762416,-13.340972,12.044163,-4.561320,0.029900,-0.730488,0.705290,0.329324,-2.532169,14.422205,-36.740273,62.388626,-2.516147,0.877476,3.609130,-0.328820,-15.445101,38.228039,67.226936,-14.464934,9.420936,-6.666016
988.000000,-1799.520508,1327.980225,78.531029,-1.239017,-0.938749,138.752023,5.290683,4.304795,12.613266,9.005855,-12.845022,-1.813195,-5.921913,-2.764168,-13.390018,12.046845,-4.565353,0.023211,-0.731188,0.703612,0.327132,-2.519980,14.420425,-36.736057,62.387558,-2.587275,0.834226,3.582178,-0.323658,-15.441770,38.215149,67.224289,-14.485394,9.423654,-6.670372
989.000000,-1799.529663,1327.984863,78.530083,-1.244211,-0.929789,138.740056,5.292606,4.301947,12.600256,9.006754,-12.858252,-1.809099,-5.927740,-2.765957,-13.435825,12.049427,-4.568777,0.016821,-0.731880,0.702137,0.324829,-2.511227,14.418453,-36.732155,62.386665,-2.654738,0.795216,3.551360,-0.318740,-15.438663,38.202896,67.221878,-14.504898,9.426332,-6.674291
990.000000,-1799.538452,1327.989258,78.529129,-1.249301,-0.921314,138.726929,5.295188,4.298723,12.587519,9.007896,-12.872614,-1.804561,-5.934050,-2.767696,-13.483325,12.052228,-4.572124,0.010101,-0.732941,0.700494,0.322191,-2.497668,14.415055,-36.728443,62.385269,-2.723176,0.751179,3.509974,-0.313637,-15.435324,38.190224,67.219322,-14.525691,9.429237,-6.678328
991.000000,-1799.546631,1327.992920,78.528229,-1.254034,-0.913866,138.714096,5.297089,4.296602,12.579679,9.008722,-12.882010,-1.801519,-5.938103,-2.768723,-13.513634,12.053997,-4.574057,0.005786,-0.733696,0.699398,0.320499,-2.486859,14.412528,-36.726166,62.384293,-2.764299,0.723403,3.482556,-0.310355,-15.433146,38.182114,67.217690,-14.539123,9.431152,-6.680874
992.000000,-1799.554443,1327.996338,78.527344,-1.258970,-0.906726,138.701612,5.300024,4.293354,12.566915,9.010069,-12.896576,-1.796627,-5.944212,-2.770350,-13.561891,12.056575,-4.576532,-0.001036,-0.734497,0.697758,0.317958,-2.474748,14.410235,-36.721943,62.383522,-2.820365,0.687300,3.455002,-0.304953,-15.429719,38.169010,67.215172,-14.560177,9.434249,-6.684823
993.000000,-1799.563354,1327.997070,78.524910,-1.257353,-0.826898,138.599209,5.234478,4.291785,12.639209,9.021470,-12.922183,-1.785074,-6.059795,-2.752128,-13.509472,12.070191,-4.565950,0.000372,-0.619286,0.694619,0.243253,-2.471787,14.379591,-36.655346,62.388065,-2.808983,0.672000,3.437617,-0.270183,-15.431678,38.161011,67.213417,-14.631204,9.470163,-6.685569
994.000000,-1799.567993,1327.988892,78.522385,-1.255982,-0.731078,138.447097,5.160774,4.294134,12.743715,9.040904,-12.949201,-1.772766,-6.180914,-2.720736,-13.411192,12.059479,-4.534858,0.004238,-0.473266,0.694528,0.201045,-2.475071,14.325705,-36.520691,62.391159,-2.714665,0.666834,3.432100,-0.253755,-15.436033,38.157333,67.212280,-14.711757,9.522814,-6.684331
995.000000,-1799.571411,1327.974243,78.521225,-1.261160,-0.618160,138.282199,5.041380,4.302357,12.887056,9.072859,-12.984965,-1.755561,-6.339046,-2.665196,-13.273162,11.992210,-4.458242,0.004075,-0.287792,0.699652,0.180948,-2.485732,14.229830,-36.247765,62.396603,-2.490873,0.661032,3.427038,-0.250783,-15.440420,38.151237,67.207901,-14.833256,9.589266,-6.684757
996.000000,-1799.577759,1327.960083,78.520897,-1.268676,-0.523495,138.123668,4.961745,4.308298,13.007638,9.079687,-13.004718,-1.743137,-6.453259,-2.614543,-13.158071,11.920331,-4.383708,-0.002813,-0.148099,0.701592,0.194520,-2.495163,14.149485,-35.988979,62.403008,-2.307167,0.655683,3.424409,-0.250671,-15.442960,38.146648,67.203415,-14.886912,9.620866,-6.687323
997.000000,-1799.588257,1327.950195,78.520233,-1.277014,-0.466517,137.988044,4.924101,4.311714,13.105237,9.077063,-13.021395,-1.732858,-6.525077,-2.572278,-13.065641,11.864050,-4.327443,-0.010768,-0.033093,0.696289,0.229481,-2.518937,14.100708,-35.825199,62.416183,-2.212169,0.640923,3.424869,-0.250292,-15.443924,38.147045,67.201721,-14.899340,9.634330,-6.692017
998.000000,-1799.603271,1327.944702,78.519424,-1.279182,-0.405241,137.895001,4.895418,4.302576,13.174557,9.059805,-13.033106,-1.719766,-6.597541,-2.543471,-12.993100,11.832869,-4.291318,-0.019048,0.096179,0.669042,0.264890,-2.594362,14.076329,-35.793434,62.475414,-2.197861,0.606731,3.430024,-0.250618,-15.441925,38.175861,67.213737,-14.892151,9.642216,-6.702240
999.000000,-1799.623657,1327.945190,78.519730,-1.275904,-0.349283,137.850849,4.879333,4.269957,13.183382,8.990061,-13.014788,-1.705163,-6.666884,-2.544368,-12.968442,11.830191,-4.283939,-0.022112,0.227539,0.623803,0.275051,-2.686979,14.037352,-35.787060,62.595314,-2.206965,0.592908,3.457510,-0.253366,-15.434540,38.256901,67.250740,-14.808324,9.662572,-6.737600
1000.000000,-1799.650391,1327.956055,78.520638,-1.270752,-0.310101,137.814855,4.925504,4.224731,13.178227,8.844028,-12.968047,-1.691247,-6.704756,-2.549464,-12.950565,11.831701,-4.294438,-0.021152,0.387693,0.545063,0.281126,-2.726901,14.026006,-35.753593,62.624561,-2.224969,0.587107,3.542467,-0.256487,-15.379230,38.366661,67.333221,-14.582824,9.744688,-6.869737
1001.000000,-1799.678833,1327.974365,78.519569,-1.264479,-0.294231,137.758941,5.009364,4.188164,13.187737,8.704342,-12.931293,-1.683236,-6.727761,-2.547584,-12.910118,11.873080,-4.330110,-0.020920,0.567962,0.439097,0.289301,-2.739860,14.022178,-35.633110,62.626064,-2.238935,0.582356,3.638781,-0.258805,-15.274539,38.448700,67.437729,-14.445272,9.879037,-7.044877
1002.000000,-1799.705933,1327.998657,78.515617,-1.249389,-0.275583,137.731455,5.072309,4.152597,13.179461,8.605954,-12.910541,-1.675634,-6.768877,-2.560213,-12.886402,11.968866,-4.398540,-0.022114,0.725991,0.308203,0.291705,-2.742918,14.020014,-35.441433,62.638405,-2.245070,0.582102,3.742489,-0.261987,-15.146618,38.499508,67.534142,-14.391186,10.032998,-7.215667
1003.000000,-1799.725586,1328.022339,78.510277,-1.213717,-0.257436,137.828743,5.089829,4.084518,13.068083,8.539520,-12.891215,-1.650086,-6.843335,-2.638543,-12.956676,12.172365,-4.548961,-0.018819,0.823012,0.082471,0.306241,-2.753610,14.017759,-35.164082,62.765835,-2.298342,0.588074,3.912374,-0.285565,-14.944484,38.508228,67.640450,-14.377022,10.242119,-7.438803
1004.000000,-1799.740356,1328.045776,78.504524,-1.164406,-0.254048,138.034637,5.074836,3.984684,12.825319,8.514126,-12.871482,-1.607183,-6.894081,-2.792417,-13.155369,12.443013,-4.766240,0.003840,0.839840,-0.202829,0.368281,-2.786282,14.012451,-34.766022,62.998348,-2.403358,0.589683,4.039254,-0.352761,-14.712748,38.510059,67.771446,-14.371460,10.437586,-7.660707
1005.000000,-1799.758667,1328.084839,78.499207,-1.111893,-0.269040,138.260099,5.120824,3.869006,12.537195,8.402328,-12.818088,-1.576308,-6.917825,-2.965378,-13.388278,12.753246,-5.034716,0.042225,0.947642,-0.608572,0.419013,-2.775646,14.011396,-33.907139,63.314629,-2.395912,0.596366,4.119740,-0.453070,-14.360748,38.426003,68.075974,-14.445917,10.690529,-7.837650
1006.000000,-1799.780884,1328.137939,78.492447,-1.060791,-0.298697,138.497950,5.179423,3.798912,12.346616,8.313336,-12.782839,-1.563486,-6.919170,-3.072767,-13.537339,12.973328,-5.226313,0.065162,1.089135,-0.934105,0.434537,-2.764988,14.053832,-33.284897,63.540283,-2.362295,0.608609,4.207605,-0.510154,-14.090179,38.367455,68.307724,-14.497595,10.850050,-7.874935
1007.000000,-1799.809692,1328.197021,78.479538,-0.997076,-0.408411,138.676909,5.370592,3.680510,12.087856,8.143557,-12.734331,-1.547368,-6.905614,-3.253207,-13.730062,13.434722,-5.592869,0.100243,1.400526,-1.525908,0.497166,-2.760243,14.231298,-32.364929,63.821030,-2.331057,0.636716,4.403112,-0.635107,-13.676042,38.322609,68.691833,-14.522279,11.118511,-7.921469
1008.000000,-1799.857666,1328.266968,78.463028,-0.953258,-0.606922,138.854386,5.701849,3.584129,11.892216,7.988118,-12.727651,-1.540479,-6.786142,-3.408412,-13.864841,13.929286,-5.992551,0.139078,1.735934,-2.142991,0.604074,-2.743439,14.522067,-31.613768,64.011971,-2.346886,0.682278,4.683667,-0.730483,-13.323524,38.319714,68.930229,-14.525082,11.292807,-7.919301
1009.000000,-1799.932251,1328.337646,78.441475,-0.918000,-0.794919,139.037885,5.992563,3.505227,11.680285,7.950218,-12.796458,-1.528142,-6.636884,-3.555982,-14.002716,14.398012,-6.392678,0.196679,2.030143,-2.748145,0.623034,-2.697667,14.898662,-31.065031,64.215263,-2.397194,0.797135,5.073932,-0.739035,-13.066798,38.320721,68.951157,-14.515418,11.423484,-7.916871
1010.000000,-1800.038330,1328.398315,78.417191,-0.906432,-1.035238,139.321947,6.282209,3.420441,11.351878,8.054707,-12.968961,-1.481160,-6.369533,-3.741835,-14.236979,14.858505,-6.840920,0.308816,2.310555,-3.358894,0.654276,-2.627285,15.315752,-30.407043,64.530762,-2.472987,0.981730,5.539911,-0.702212,-12.924281,38.319950,68.850548,-14.411603,11.490007,-7.918517
1011.000000,-1800.182129,1328.451660,78.386703,-0.877500,-1.277056,139.621504,6.554166,3.299088,11.031272,8.152477,-13.151143,-1.398118,-6.133266,-3.968434,-14.465556,15.346063,-7.306248,0.451124,2.626306,-3.898816,0.651414,-2.470215,15.713323,-29.707998,64.804718,-2.606915,1.163332,6.031814,-0.619846,-12.906904,38.314980,68.688179,-14.155139,11.526642,-7.925923
1012.000000,-1800.350586,1328.491211,78.346489,-0.821256,-1.476851,139.913448,6.830339,3.099523,10.667445,8.313527,-13.397525,-1.281492,-5.981063,-4.319859,-14.706062,16.138380,-7.954751,0.623713,3.136737,-4.580894,0.619050,-2.203103,16.315073,-28.905355,65.040154,-2.429876,1.441127,6.714583,-0.525548,-12.950074,38.307934,68.411003,-13.957590,11.650137,-7.939126
1013.000000,-1800.547852,1328.519287,78.305138,-0.811292,-1.710902,140.150209,7.054044,2.984594,10.461636,8.455745,-13.599336,-1.219894,-5.825595,-4.531320,-14.840233,16.633167,-8.361238,0.731998,3.576553,-5.000243,0.637099,-1.964385,16.828741,-28.579145,65.192612,-1.804921,1.736067,7.193190,-0.497366,-13.034262,38.304596,68.143547,-13.942687,11.762362,-7.955207
1014.000000,-1800.776489,1328.535889,78.260635,-0.807904,-1.905757,140.316747,7.313007,2.853144,10.262723,8.673362,-13.897406,-1.126251,-5.629303,-4.767023,-14.957183,17.182631,-8.827150,0.895583,4.174370,-5.476421,0.611569,-1.512464,17.562172,-28.355349,65.458954,-0.520430,2.220540,7.820104,-0.498613,-13.198990,38.264473,67.722908,-13.940657,11.858369,-8.018085
1015.000000,-1801.044434,1328.530029,78.206863,-0.792638,-2.176493,140.473900,7.664304,2.650741,10.078582,8.940354,-14.275138,-0.961833,-5.386782,-5.084476,-15.029953,17.867962,-9.393554,1.150908,4.779720,-5.960503,0.651925,-0.821145,18.392635,-28.223173,65.790390,1.360890,2.891041,8.575269,-0.578662,-13.463590,38.074272,67.155830,-13.936960,11.883677,-8.159715
1016.000000,-1801.364380,1328.506836,78.139259,-0.756598,-2.491088,140.653126,8.059887,2.406479,9.903994,9.163009,-14.643274,-0.777747,-5.149071,-5.442063,-15.074403,18.605062,-9.981992,1.431479,5.114255,-6.347412,0.677069,0.085273,19.085678,-28.211981,65.998245,3.068385,3.709315,9.249486,-0.721247,-13.688838,37.697895,66.701355,-13.846578,11.879854,-8.410465
1017.000000,-1801.736694,1328.461792,78.056229,-0.702467,-2.775560,140.845708,8.516622,2.044914,9.678848,9.477835,-15.141485,-0.526946,-4.927685,-5.963426,-15.114062,19.648981,-10.775275,1.798358,5.373051,-6.769900,0.619978,1.457880,19.800560,-28.252476,66.147049,4.705764,4.812818,9.914438,-0.890826,-13.961747,37.213783,66.163956,-13.687588,11.873567,-8.812157
1018.000000,-1802.118896,1328.371582,77.947250,-0.525697,-3.032275,141.086106,8.845792,1.528163,9.455493,9.823853,-15.604218,-0.234483,-4.988004,-6.705480,-15.127449,21.085665,-11.712753,2.183263,5.548939,-7.200131,0.614322,2.693829,20.257765,-28.502062,66.112129,5.787385,6.040017,10.233712,-1.099335,-14.298471,36.931393,65.557594,-13.638579,11.868765,-9.181598
1019.000000,-1802.498291,1328.235962,77.823242,-0.260530,-3.341735,141.268185,9.276206,0.873317,9.317664,10.013994,-15.971375,0.100122,-5.191828,-7.629230,-15.124442,22.842251,-12.688308,2.589876,5.787249,-7.634440,0.776960,3.674877,20.441837,-28.821133,65.970390,6.626129,7.278131,10.290375,-1.474405,-14.722019,36.663609,64.874557,-13.696655,11.861813,-9.487111
1020.000000,-1802.886353,1328.064697,77.696022,-0.006044,-3.669387,141.436983,9.625449,0.320595,9.240597,10.172714,-16.271812,0.397169,-5.471222,-8.450727,-15.189798,24.472738,-13.395591,2.902953,5.982400,-7.939331,0.924075,4.353683,20.425770,-29.035233,65.764641,7.176989,8.180027,10.193460,-1.911381,-15.084381,36.411045,64.342453,-13.815020,11.810080,-9.780827
1021.000000,-1803.299683,1327.864014,77.587112,0.104374,-4.078923,141.694489,10.042908,-0.203297,9.076282,10.462463,-16.667055,0.752863,-5.810962,-9.357073,-15.353549,26.540926,-13.889682,3.255165,6.129510,-8.118505,1.124986,4.917171,20.212957,-29.179230,65.551750,7.698873,8.964426,9.868995,-2.534506,-15.476254,36.092144,63.907810,-14.029553,11.620352,-10.226571
1022.000000,-1803.725586,1327.657227,77.506653,0.041760,-4.421784,142.147838,10.402913,-0.641318,8.708654,11.042821,-17.239300,1.177205,-6.352249,-10.369971,-15.617583,29.318790,-13.990626,3.690686,6.122649,-8.138305,1.226532,5.365155,19.820555,-29.366524,65.336189,8.355233,9.630591,9.272911,-3.369363,-15.849332,35.587765,63.651089,-14.319625,11.288850,-10.833746
1023.000000,-1804.130981,1327.476685,77.453064,-0.120334,-4.680250,142.726814,10.554805,-0.854610,8.178801,11.686885,-17.770294,1.510368,-6.967619,-11.168845,-15.850476,31.945822,-13.584630,4.063342,5.899813,-8.079139,1.189133,5.507332,19.580940,-29.702066,64.993813,8.721224,9.922686,8.563150,-4.014536,-16.178946,35.067230,63.247772,-14.462674,10.956810,-11.351961
1024.000000,-1804.525513,1327.319702,77.404846,-0.262179,-4.859698,143.394391,10.635605,-1.061082,7.590943,12.183783,-18.178684,1.808117,-7.673581,-11.918321,-15.963591,34.456886,-12.967640,4.386719,5.607814,-8.162266,1.114634,5.405704,19.592901,-30.058752,64.619019,8.819086,9.931921,7.758105,-4.550410,-16.507475,34.528934,62.706795,-14.463767,10.525067,-11.811391
1025.000000,-1804.898315,1327.185547,77.363937,-0.395835,-5.036462,144.121567,10.728146,-1.231253,7.064168,12.509224,-18.452345,2.039161,-8.211820,-12.557137,-16.149832,36.434559,-12.334835,4.597117,5.286274,-8.299579,1.120867,5.156077,19.699059,-30.225935,64.363861,8.835721,9.853140,7.099254,-5.025703,-16.722874,33.826168,62.301758,-14.453383,10.132216,-12.146217
1026.000000,-1805.259155,1327.069336,77.321663,-0.489174,-5.177455,144.772034,10.884038,-1.445035,6.479371,12.736123,-18.694660,2.290463,-8.876386,-13.323991,-16.390993,38.703590,-11.471332,4.731071,4.845118,-8.501504,1.161595,4.720255,19.893927,-30.285801,64.168251,8.931035,9.676538,6.390096,-5.611152,-16.903797,32.674572,61.859627,-14.497381,9.722030,-12.551006
1027.000000,-1805.612549,1326.970581,77.267677,-0.546972,-5.255276,145.275561,11.077009,-1.731337,5.882656,12.942513,-18.975866,2.564754,-9.885880,-14.264420,-16.556509,41.602718,-10.361308,4.468783,4.369470,-8.751176,1.233533,4.004872,20.183790,-30.461594,64.079201,9.206993,9.404833,5.682762,-6.326272,-17.202477,31.415777,61.206318,-14.662959,9.371788,-13.060314
1028.000000,-1805.978760,1326.903320,77.226357,-0.739402,-5.355626,145.926124,11.154379,-1.831327,5.271803,13.402351,-19.319506,2.706752,-10.443261,-14.809680,-16.700949,43.479858,-9.933088,3.713215,3.861969,-8.817378,1.391041,3.156630,20.534725,-31.087837,64.051414,9.305918,9.165995,5.214739,-6.881951,-17.667170,30.699314,60.379246,-14.723354,9.061666,-13.645961
1029.000000,-1806.346680,1326.884033,77.189766,-0.933229,-5.202578,146.280197,11.007831,-1.821802,4.895826,13.861471,-19.620975,2.735695,-10.955201,-14.833463,-16.855505,43.911812,-10.647190,3.079101,3.609946,-8.819203,1.323398,2.334918,20.986122,-31.899963,63.869629,9.241414,8.956707,4.834652,-7.266013,-18.145002,30.294769,59.810406,-14.559028,8.524297,-14.223941
1030.000000,-1806.664795,1326.891602,77.157181,-1.117734,-5.048457,146.345863,10.887623,-1.742233,4.793569,14.258417,-19.916035,2.684944,-11.702481,-14.487151,-17.223425,43.649979,-12.378760,2.630060,3.579386,-8.747522,1.348098,1.519204,21.564634,-32.600609,63.458439,9.016481,8.674941,4.489550,-7.695012,-18.674913,29.871714,59.412445,-14.257336,7.836433,-14.716716
1031.000000,-1806.982788,1326.937988,77.141632,-1.306181,-4.894393,146.322813,10.832083,-1.645953,4.727260,14.526374,-20.082880,2.606411,-12.263930,-13.971986,-17.508635,42.961739,-13.531176,2.351847,3.578018,-8.647902,1.444196,0.979460,22.049349,-33.072285,63.073322,8.819239,8.474196,4.262578,-7.934319,-19.121943,29.694242,59.076515,-14.022094,7.388980,-15.022988
1032.000000,-1807.292969,1327.027588,77.161560,-1.419437,-4.787274,146.309950,10.768888,-1.574451,4.496318,14.920306,-20.115765,2.468741,-12.926626,-13.128955,-17.892128,41.378532,-14.571779,1.996179,3.530900,-8.530058,1.647299,0.338464,22.758913,-33.733837,62.474236,8.620001,8.273041,3.989540,-8.080493,-19.761196,29.557470,58.510841,-13.559368,6.855021,-15.428019
1033.000000,-1807.626343,1327.163452,77.221794,-1.436617,-4.702931,146.324274,10.733377,-1.584135,4.333348,15.373333,-19.867004,2.323370,-13.421782,-12.300741,-18.432459,39.295769,-14.906632,1.612865,3.347671,-8.420343,1.836416,-0.122032,23.476837,-34.526562,61.840523,8.483111,8.178743,3.745246,-8.076085,-20.316519,29.389093,58.033321,-12.890376,6.368904,-15.876910
1034.000000,-1807.993896,1327.349243,77.317780,-1.348891,-4.513479,146.346806,10.650350,-1.663316,4.305983,15.761100,-19.362453,2.232498,-13.924151,-11.495786,-18.845657,37.155003,-14.351015,1.170086,3.008942,-8.290627,1.787843,-0.300055,24.098925,-35.301003,61.198383,8.409422,8.180788,3.512738,-7.945913,-20.749498,29.332006,57.747585,-12.360310,6.013748,-16.342768
1035.000000,-1808.382935,1327.577881,77.439240,-1.147776,-4.326937,146.414840,10.565196,-1.873932,4.418515,16.127668,-18.518141,2.171748,-14.486194,-10.539484,-18.784826,34.841293,-12.940596,0.595728,2.496365,-8.197364,1.663380,-0.332849,24.655281,-35.930676,60.480305,8.391402,8.218881,3.281262,-7.645867,-21.183632,29.281965,57.359482,-12.039781,5.767026,-16.839220
1036.000000,-1808.814453,1327.843872,77.568115,-1.009884,-4.217399,146.400807,10.768059,-1.975402,4.848586,16.181162,-17.612566,2.071246,-14.791592,-9.402404,-18.480455,32.619095,-10.973144,-0.100145,2.114495,-7.915524,1.536816,-0.332505,24.858431,-36.170155,60.001957,8.397938,8.258241,3.074641,-7.080719,-21.669411,29.182882,56.726585,-11.944578,5.703360,-17.319548
1037.000000,-1809.301147,1328.158569,77.687630,-0.941629,-4.175094,146.289376,11.188850,-1.936746,5.564900,16.118401,-16.776869,1.913099,-14.817664,-8.184635,-18.287674,30.646132,-8.765722,-0.931968,1.978353,-7.419502,1.387529,-0.352259,24.774664,-36.219460,59.732399,8.502906,8.262767,2.906753,-6.362036,-22.227177,29.166565,56.069870,-11.931041,5.698990,-17.727776
1038.000000,-1809.817871,1328.525391,77.783524,-0.970586,-4.212249,146.309347,11.692340,-1.742659,6.255027,16.191582,-16.149290,1.692673,-14.349977,-6.895467,-18.272776,28.648493,-5.814003,-1.876334,1.793011,-6.747169,1.242995,-0.364267,24.516268,-36.260330,59.640388,8.725231,8.248133,2.788213,-5.767364,-22.697535,29.246159,55.654026,-11.877971,5.741566,-17.961674
1039.000000,-1810.339111,1328.949707,77.837723,-0.912111,-4.189432,146.571624,12.021517,-1.621592,6.678327,16.470020,-15.698680,1.458997,-13.622576,-5.963223,-18.394428,27.106741,-3.018513,-2.772876,1.374749,-6.209977,1.021895,-0.360532,24.275995,-36.315887,59.590603,9.066809,8.207813,2.621016,-5.392383,-22.939737,29.417049,55.534592,-11.835883,5.804519,-18.072542
1040.000000,-1810.872681,1329.353760,77.904251,-1.010898,-4.098721,146.733000,12.248610,-1.388131,7.062941,16.743340,-15.399132,1.217957,-12.726985,-5.574872,-18.653471,26.161497,-3.501573,-3.186997,1.074984,-5.584031,0.804075,-0.333686,23.962578,-36.327873,59.574642,9.451583,8.127490,2.487901,-5.176952,-23.091949,29.650509,55.629894,-11.827435,5.858341,-18.112825
1041.000000,-1811.366699,1329.758789,78.001114,-1.023010,-3.981258,146.778322,12.315563,-1.072269,7.703098,17.323202,-14.871682,0.887074,-11.633295,-5.183827,-18.709040,24.919811,-4.380604,-3.243968,0.787727,-4.823150,0.552503,-0.259404,23.623846,-36.340668,59.543175,10.013701,7.919588,2.291804,-5.078309,-23.103670,30.108343,55.958431,-11.817469,5.916155,-18.121630
1042.000000,-1811.794312,1330.159302,78.126472,-0.812091,-3.996801,147.015145,12.079003,-0.928868,8.371542,18.576714,-14.045571,0.451435,-10.504179,-5.162596,-18.736694,23.849936,-5.083687,-3.260207,0.299631,-4.424066,0.624453,-0.236281,23.470907,-36.345646,59.491230,10.540977,7.632590,2.066818,-5.055106,-22.944738,30.696880,56.321819,-11.803549,5.928529,-18.120497
1043.000000,-1812.183228,1330.554565,78.277168,-0.443335,-4.007506,147.384792,11.406006,-0.867227,9.040203,20.551651,-13.001586,-0.203525,-9.387931,-5.303460,-18.370468,22.744411,-5.603713,-3.285985,-0.268206,-4.309808,0.782477,-0.233096,23.433670,-36.372814,59.456608,10.913027,7.334622,1.838857,-4.976963,-22.658377,31.387884,56.821465,-11.794813,5.960745,-18.110201
1044.000000,-1812.583130,1330.926147,78.410110,-0.143586,-3.765074,147.911906,10.781042,-0.854584,9.434393,21.690231,-13.046460,-1.080038,-8.533154,-5.368217,-17.652376,21.532106,-5.946750,-3.176601,-0.698867,-4.203759,0.612321,-0.200860,23.357513,-36.395863,59.436256,11.313060,7.086583,1.614084,-4.593126,-22.448484,32.088837,57.260517,-11.798578,6.032428,-18.078533
1045.000000,-1812.952637,1331.256104,78.485184,-0.003564,-3.190231,149.005478,9.930490,-0.583744,9.048346,20.733173,-15.308489,-1.640136,-7.910980,-5.330487,-16.685787,20.053667,-6.355113,-2.924765,-1.306416,-3.985065,0.120076,-0.324992,23.210026,-36.400356,59.416534,11.782922,6.807106,1.476857,-3.826647,-22.344252,32.670891,57.603291,-11.795925,6.146657,-18.020967
1046.000000,-1813.189331,1331.495239,78.493271,0.139020,-2.692910,150.374661,9.066321,-0.154809,8.648365,19.384710,-17.195896,-1.696064,-7.523823,-5.350595,-15.688954,19.010052,-6.558419,-2.063373,-1.646297,-3.927654,0.057464,-0.735185,23.132957,-36.431355,59.340816,12.055407,6.637186,1.455737,-3.259916,-22.268000,32.865124,57.772980,-11.683828,6.285901,-17.954056
1047.000000,-1813.327637,1331.630371,78.451958,0.276427,-2.315898,151.402528,7.789018,0.497219,8.243099,17.436596,-18.430086,-1.690832,-7.089356,-5.435503,-14.656914,17.915339,-7.159029,-1.730595,-1.576053,-3.937158,0.400342,-1.527112,23.035934,-36.460892,59.118393,12.358841,6.445945,1.466707,-2.693175,-22.141436,32.958405,57.949673,-11.384606,6.550363,-17.753847
1048.000000,-1813.429199,1331.629150,78.430893,0.093527,-1.974845,151.591367,6.552679,1.289250,7.750723,15.294293,-18.113400,-1.703354,-7.054264,-5.343749,-14.567813,17.304386,-7.093745,-1.186021,-0.780607,-3.583957,0.941838,-2.210035,22.745651,-36.465862,58.933464,12.778317,6.254297,1.605110,-2.553033,-21.973017,32.965191,58.221340,-11.209331,6.825824,-17.432196
1049.000000,-1813.544312,1331.531250,78.422455,-0.332959,-1.585580,151.426434,5.282482,2.200364,7.137749,13.321276,-16.134472,-1.882605,-7.186714,-4.858344,-14.406747,16.576042,-6.512220,-0.874125,0.057982,-2.879296,1.292926,-2.456125,22.316696,-36.523834,58.888515,13.476926,6.111410,1.793567,-2.765826,-21.718502,33.003170,58.650543,-11.209109,6.949704,-17.181032
1050.000000,-1813.722168,1331.385498,78.402382,-0.817693,-1.228747,151.141864,3.984421,3.138664,6.676836,12.533689,-13.287426,-2.101655,-7.242509,-4.238847,-14.158538,15.688616,-5.877104,-0.465489,0.580858,-2.029071,1.350819,-2.278372,21.862770,-36.754978,58.922783,14.297294,6.089709,1.892276,-3.098647,-21.335409,33.197521,59.336842,-11.398512,6.897401,-17.052010
1051.000000,-1813.986816,1331.276489,78.417641,-1.207146,-0.797252,150.854628,3.585233,3.483991,6.680478,12.626866,-13.763639,-2.067312,-7.231564,-3.797992,-14.073698,14.706563,-5.307837,-0.125483,0.851384,-1.451096,0.799638,-1.652119,21.509212,-37.176945,59.122375,14.778833,6.186113,1.907224,-3.182387,-20.773245,33.612743,60.283943,-11.759693,6.765737,-16.970829
1052.000000,-1814.230347,1331.181885,78.459084,-1.596627,-0.507513,150.961155,3.348078,3.813280,6.782619,12.687286,-14.221980,-2.030807,-6.992382,-3.501226,-14.591186,13.776710,-4.715858,0.107693,0.676089,-1.004322,0.260594,-1.136968,21.308371,-37.831142,59.299309,14.905123,6.448301,1.887210,-3.083073,-20.198400,34.206806,61.292477,-12.118862,6.653026,-16.902685
1053.000000,-1814.404053,1331.092163,78.530281,-1.892600,-0.534845,151.247906,3.324548,4.009075,6.889337,12.817302,-14.317537,-2.000845,-6.593855,-3.377072,-15.043637,13.187973,-4.259768,0.244445,0.510404,-0.811179,0.182174,-0.980924,21.223799,-38.313808,59.366203,14.959944,6.685006,1.857748,-2.914457,-19.792181,34.603424,62.004795,-12.324622,6.610557,-16.838181
1054.000000,-1814.546753,1330.998657,78.630089,-2.118165,-0.729803,151.484288,3.484335,4.209479,7.211603,12.902334,-14.166499,-1.924416,-5.961313,-3.261523,-15.500731,12.476608,-3.573802,0.409444,0.405970,-0.650117,0.288300,-0.945115,21.078318,-38.778248,59.421268,15.095967,6.969955,1.842510,-2.559353,-19.329905,34.892544,62.851437,-12.503503,6.598449,-16.737556
1055.000000,-1814.679688,1330.898438,78.742256,-2.295800,-0.958577,151.672344,3.854961,4.358334,7.724414,12.720187,-13.775823,-1.773565,-5.225171,-3.171397,-15.940093,11.668337,-2.709399,0.588803,0.331366,-0.485062,0.439354,-0.934497,20.837334,-39.181694,59.480694,15.347719,7.218551,1.842268,-2.045906,-18.913895,35.087639,63.775345,-12.672639,6.598411,-16.646818
1056.000000,-1814.806152,1330.787598,78.841576,-2.442588,-1.108758,151.783358,4.268710,4.426367,8.202436,12.273706,-13.334027,-1.600630,-4.640296,-3.111231,-16.278854,10.935969,-1.890911,0.747771,0.245636,-0.284730,0.469391,-0.902421,20.487980,-39.460464,59.615696,15.701814,7.379338,1.846486,-1.479820,-18.623543,35.321762,64.706581,-12.855037,6.663887,-16.549091
1057.000000,-1814.907837,1330.652954,78.900970,-2.587384,-1.163466,151.796483,4.651502,4.470283,8.735087,11.668925,-13.040821,-1.418826,-4.325164,-3.060649,-16.530882,10.428355,-1.245402,0.889968,0.230389,-0.010238,0.434327,-0.861565,20.046186,-39.529316,59.782196,16.079060,7.463009,1.860288,-0.843620,-18.503695,35.576469,65.317719,-12.900281,6.952302,-16.329067
1058.000000,-1814.969482,1330.495483,78.902885,-2.761662,-1.129224,151.792870,4.927645,4.535563,9.271557,11.033630,-13.038396,-1.248019,-4.250772,-2.999189,-16.756741,10.139588,-0.851042,1.009785,0.157895,0.360534,0.400521,-0.844344,19.588837,-39.538998,59.954517,16.533209,7.506067,1.887646,-0.258371,-18.478304,35.738091,65.689850,-13.088996,7.339060,-16.000931
1059.000000,-1814.996338,1330.314697,78.836494,-3.033342,-1.020083,151.815476,5.123139,4.686087,9.733655,10.351064,-13.426330,-1.121420,-4.353347,-2.855157,-16.966408,10.011240,-0.724303,1.103257,-0.032775,0.872770,0.371458,-0.837221,19.157898,-39.540730,60.126392,17.091257,7.533163,1.903947,0.180094,-18.484665,35.776817,65.968193,-13.479856,7.692943,-15.624681
1060.000000,-1814.983154,1330.144287,78.739029,-3.192819,-0.890878,151.764081,5.222663,4.803968,10.036738,9.805201,-13.919400,-1.003360,-4.548515,-2.733509,-17.101772,10.012834,-0.821135,1.154633,-0.197480,1.294851,0.349194,-0.836384,18.851269,-39.524193,60.249165,17.578747,7.560163,1.908816,0.463515,-18.464121,35.777073,66.174690,-13.835743,7.934843,-15.278857
1061.000000,-1814.943359,1330.022583,78.711357,-3.002240,-0.887936,151.361017,5.318891,4.515372,10.483991,9.527857,-13.882491,-0.801999,-4.744048,-2.950500,-16.914927,10.042336,-1.031314,1.174006,-0.133214,1.232875,0.461748,-0.789840,18.646606,-39.437523,60.464569,18.103302,7.621443,1.912377,0.718558,-18.159668,35.773193,66.473373,-14.190067,8.187924,-14.727609
1062.000000,-1814.916626,1329.928223,78.710495,-2.920628,-0.905509,150.886910,5.407408,4.376566,11.022576,9.448007,-13.811979,-0.683824,-4.927522,-3.010220,-16.616270,10.049694,-0.971036,1.165952,-0.014475,1.259780,0.521919,-0.566721,18.497629,-39.359570,60.617142,18.393354,7.738276,1.909894,0.937556,-17.823641,35.769218,66.672531,-14.352695,8.374513,-14.105436
1063.000000,-1814.903320,1329.855957,78.717125,-2.919069,-0.952915,150.586219,5.478112,4.358216,11.374116,9.445800,-13.808777,-0.576179,-5.014667,-2.990856,-16.516354,10.043329,-0.813637,1.152215,-0.097712,1.407214,0.526444,-0.237630,18.390659,-39.346527,60.655731,18.490225,7.913164,1.864347,1.158339,-17.513680,35.765732,66.767250,-14.408378,8.470806,-13.477407
1064.000000,-1814.895264,1329.804077,78.719177,-2.925114,-1.034827,150.346986,5.594005,4.358279,11.625481,9.431505,-13.824849,-0.487388,-5.065970,-2.983335,-16.491438,10.145266,-0.733757,1.132537,-0.195723,1.567591,0.513521,0.047011,18.300016,-39.422886,60.663387,18.492359,8.088055,1.771242,1.399314,-17.242239,35.798931,66.789452,-14.411506,8.503615,-12.936030
1065.000000,-1814.882446,1329.765625,78.713707,-2.909170,-1.138489,150.146613,5.743277,4.343526,11.867616,9.425938,-13.859004,-0.418694,-5.134610,-3.023056,-16.549639,10.388101,-0.763257,1.094871,-0.219127,1.708740,0.494864,0.237432,18.178352,-39.560394,60.718166,18.484098,8.267669,1.630152,1.636280,-16.954624,35.848244,66.803894,-14.403309,8.525061,-12.386086
1066.000000,-1814.859619,1329.735596,78.701820,-2.860901,-1.253590,149.990524,5.851112,4.309363,12.009361,9.425195,-13.881587,-0.386500,-5.189469,-3.093697,-16.649921,10.622318,-0.857055,1.057720,-0.222469,1.773069,0.489316,0.288505,18.054676,-39.643661,60.818577,18.479158,8.387122,1.497465,1.754283,-16.745790,35.861713,66.807472,-14.394553,8.533150,-12.002941
1067.000000,-1814.828491,1329.712891,78.684875,-2.785621,-1.369520,149.843886,5.987601,4.240651,12.181800,9.423865,-13.906231,-0.360873,-5.264901,-3.214052,-16.788420,10.946560,-1.037697,1.006176,-0.225869,1.813708,0.485955,0.298095,17.867121,-39.728661,60.986988,18.473682,8.512124,1.298882,1.815828,-16.476681,35.869186,66.810417,-14.382541,8.538507,-11.526525
1068.000000,-1814.795532,1329.697266,78.665573,-2.699707,-1.480610,149.698074,6.121871,4.159017,12.353330,9.422156,-13.929024,-0.345650,-5.327338,-3.339944,-16.912426,11.240841,-1.246894,0.954382,-0.228396,1.822477,0.479920,0.297322,17.669149,-39.775963,61.157539,18.469246,8.578423,1.080763,1.803939,-16.227686,35.874817,66.809074,-14.371501,8.537670,-11.112316
1069.000000,-1814.764160,1329.687378,78.646767,-2.619112,-1.570442,149.573463,6.227097,4.085575,12.503429,9.437786,-13.956398,-0.337785,-5.367635,-3.450454,-17.043222,11.460735,-1.439439,0.900636,-0.246422,1.825081,0.460829,0.295638,17.478247,-39.825443,61.331593,18.464378,8.596642,0.858364,1.753495,-16.025438,35.898094,66.807312,-14.346388,8.532687,-10.767647
1070.000000,-1814.728882,1329.682373,78.628105,-2.540644,-1.646784,149.495734,6.283330,4.018279,12.608006,9.501510,-13.997391,-0.335506,-5.387793,-3.561825,-17.222769,11.627791,-1.632697,0.838570,-0.324189,1.827302,0.435749,0.275963,17.303459,-39.930477,61.522057,18.419186,8.604015,0.570324,1.669912,-15.856688,36.007412,66.809540,-14.151818,8.525204,-10.400687
1071.000000,-1814.692871,1329.681396,78.610718,-2.463799,-1.714865,149.432979,6.322536,3.957439,12.686001,9.566921,-14.031208,-0.338303,-5.402780,-3.662267,-17.370800,11.771099,-1.814658,0.782781,-0.420999,1.827160,0.431212,0.227446,17.179234,-40.040031,61.694096,18.319593,8.609674,0.245336,1.564564,-15.744800,36.142071,66.830109,-13.836266,8.524346,-10.037883
1072.000000,-1814.658691,1329.682373,78.592735,-2.379271,-1.774544,149.399065,6.349347,3.882752,12.738745,9.631294,-14.058863,-0.341757,-5.421436,-3.783750,-17.535648,11.927560,-2.022691,0.729331,-0.553682,1.815519,0.430897,0.160587,17.076954,-40.116634,61.872105,18.203363,8.616437,-0.081152,1.430210,-15.730861,36.175701,66.936951,-13.554420,8.534904,-9.764604
1073.000000,-1814.624756,1329.691772,78.574104,-2.293224,-1.840264,149.359939,6.379053,3.829711,12.781043,9.673689,-14.077849,-0.347799,-5.436989,-3.875734,-17.666656,12.063201,-2.190763,0.683314,-0.650718,1.797762,0.433260,0.093492,17.008501,-40.145866,62.019775,18.127237,8.624772,-0.313490,1.329669,-15.738795,36.181877,67.015152,-13.392620,8.543145,-9.547423
1074.000000,-1814.592041,1329.712524,78.554520,-2.208220,-1.908706,149.283028,6.436389,3.775278,12.861589,9.720018,-14.106978,-0.359834,-5.446196,-3.970714,-17.803797,12.218104,-2.400723,0.626363,-0.734018,1.765103,0.435931,0.002978,16.939144,-40.160183,62.190331,18.010418,8.644702,-0.575151,1.226609,-15.751510,36.187973,67.086891,-13.230363,8.566772,-9.260821
1075.000000,-1814.558228,1329.744385,78.531990,-2.116214,-1.963835,149.163565,6.498467,3.724639,12.997662,9.775708,-14.152791,-0.378901,-5.446667,-4.043501,-17.902256,12.320011,-2.631361,0.564442,-0.758512,1.696167,0.435156,-0.067188,16.913622,-40.162170,62.300583,17.803980,8.662443,-0.803138,1.153066,-15.761383,36.194122,67.129112,-13.082214,8.624089,-8.936657
1076.000000,-1814.523926,1329.787354,78.505814,-2.009014,-2.017842,149.035552,6.559752,3.668635,13.141370,9.830829,-14.202091,-0.411081,-5.424767,-4.106288,-17.983473,12.364136,-2.883734,0.492893,-0.771244,1.582975,0.441955,-0.098925,16.941637,-40.161766,62.337788,17.624168,8.698285,-0.991609,1.104121,-15.768524,36.215309,67.141190,-12.896103,8.703167,-8.606621
1077.000000,-1814.489380,1329.840820,78.477180,-1.899058,-2.075446,148.910631,6.620814,3.615765,13.273947,9.909658,-14.265047,-0.456828,-5.362669,-4.151554,-18.025417,12.349691,-3.156926,0.421486,-0.784797,1.433649,0.453611,-0.120161,17.045450,-40.160126,62.342335,17.452852,8.725329,-1.197983,1.085178,-15.769041,36.287045,67.142288,-12.766235,8.745875,-8.225415
1078.000000,-1814.452759,1329.902466,78.444252,-1.769068,-2.124230,148.793656,6.661723,3.548875,13.388988,10.005565,-14.332246,-0.503644,-5.301068,-4.205779,-18.039083,12.325851,-3.466471,0.352748,-0.814369,1.253631,0.457377,-0.130067,17.178419,-40.155708,62.341675,17.319323,8.732746,-1.407301,1.073146,-15.757314,36.318821,67.142662,-12.734809,8.778570,-7.823044
1079.000000,-1814.417603,1329.960449,78.416916,-1.673577,-2.177305,148.690974,6.685060,3.512086,13.458056,10.088030,-14.386568,-0.539379,-5.242023,-4.229836,-18.036095,12.283613,-3.668523,0.286485,-0.847784,1.135899,0.469017,-0.134226,17.263079,-40.151943,62.341305,17.241955,8.737297,-1.538612,1.062450,-15.741720,36.338074,67.142578,-12.723800,8.808341,-7.550961
1080.000000,-1814.386719,1330.003906,78.411415,-1.674235,-2.241101,148.626439,6.721324,3.568177,13.522079,10.210385,-14.457240,-0.592167,-5.163405,-4.164428,-18.005869,12.236516,-3.733206,0.189462,-0.915161,1.101414,0.519027,-0.146730,17.304090,-40.147552,62.342098,17.104925,8.744144,-1.694188,1.016175,-15.743638,36.351093,67.142761,-12.708332,8.870608,-7.265363
1081.000000,-1814.358154,1330.043945,78.411850,-1.687076,-2.289050,148.583001,6.756386,3.645087,13.549913,10.287562,-14.493261,-0.640378,-5.093287,-4.082260,-17.994539,12.187630,-3.720971,0.138148,-0.994152,1.095809,0.563930,-0.156404,17.330126,-40.145866,62.344433,17.037289,8.751665,-1.832817,0.954519,-15.746852,36.356495,67.142319,-12.693050,8.931986,-7.049125
1082.000000,-1814.331055,1330.083984,78.412994,-1.696345,-2.319594,148.545036,6.784419,3.710308,13.569723,10.325501,-14.508357,-0.687125,-5.039888,-4.006676,-17.987213,12.129717,-3.703320,0.088607,-1.046653,1.076523,0.581719,-0.165334,17.362984,-40.144627,62.347301,16.973354,8.757791,-1.976739,0.912745,-15.747824,36.373352,67.140976,-12.679112,8.972713,-6.825476
1083.000000,-1814.301270,1330.118408,78.412926,-1.697007,-2.334580,148.513758,6.784501,3.760903,13.581923,10.368270,-14.519475,-0.727750,-5.023072,-3.950977,-17.982038,12.102883,-3.696907,0.034797,-1.080315,1.042966,0.594004,-0.181252,17.403847,-40.143974,62.350315,16.889606,8.761654,-2.124202,0.873420,-15.749347,36.382332,67.138611,-12.662410,9.009724,-6.633323
1084.000000,-1814.267334,1330.144165,78.413391,-1.683646,-2.288960,148.485251,6.720557,3.784878,13.584968,10.395721,-14.510493,-0.754139,-5.096373,-3.927273,-17.978268,12.124385,-3.694456,-0.018657,-1.090087,1.000777,0.581639,-0.206244,17.426987,-40.101490,62.380722,16.842239,8.766386,-2.267042,0.839258,-15.741683,36.390141,67.137009,-12.660643,9.044280,-6.476794
1085.000000,-1814.229370,1330.160767,78.416267,-1.669667,-2.215607,148.458244,6.610123,3.798845,13.585485,10.399527,-14.477688,-0.775867,-5.213761,-3.905477,-17.973776,12.114337,-3.656382,-0.068861,-1.076628,0.959624,0.578874,-0.257483,17.429670,-40.024776,62.445377,16.830347,8.773915,-2.401266,0.799029,-15.722791,36.396015,67.137291,-12.676411,9.095778,-6.352697
1086.000000,-1814.189331,1330.172607,78.420761,-1.658395,-2.125217,148.404163,6.522312,3.809919,13.601554,10.391611,-14.448356,-0.789867,-5.304360,-3.878974,-17.955513,12.073072,-3.602408,-0.101584,-1.044198,0.935802,0.582831,-0.303563,17.423437,-39.968872,62.501221,16.821075,8.779400,-2.465321,0.775904,-15.711473,36.399811,67.137589,-12.715528,9.127285,-6.287753
1087.000000,-1814.153809,1330.181885,78.425285,-1.650689,-2.037383,148.330050,6.417023,3.826692,13.646698,10.371681,-14.410162,-0.807080,-5.420337,-3.832364,-17.909979,11.997775,-3.516280,-0.144177,-0.987782,0.913475,0.588547,-0.349596,17.404531,-39.882599,62.573231,16.803947,8.786361,-2.500275,0.759445,-15.705558,36.403519,67.137001,-12.807326,9.140788,-6.230996
1088.000000,-1814.123291,1330.190430,78.429047,-1.645777,-1.960264,148.259038,6.321855,3.845054,13.694416,10.356333,-14.377766,-0.824167,-5.525124,-3.784105,-17.864223,11.921598,-3.431826,-0.186910,-0.948420,0.896678,0.591324,-0.379816,17.375460,-39.799625,62.647278,16.784342,8.800240,-2.508217,0.750274,-15.700997,36.406429,67.135376,-12.896317,9.145417,-6.199745
1089.000000,-1814.095825,1330.199585,78.432526,-1.642205,-1.892275,148.205694,6.238384,3.863101,13.725987,10.351668,-14.352955,-0.839413,-5.607741,-3.742533,-17.837074,11.852314,-3.359254,-0.224707,-0.931012,0.882593,0.590778,-0.405239,17.349981,-39.740303,62.714676,16.772289,8.834210,-2.513218,0.746851,-15.695979,36.409241,67.132423,-13.000646,9.148590,-6.186237
1090.000000,-1814.070312,1330.209595,78.436729,-1.643929,-1.832325,148.169396,6.151878,3.885009,13.738574,10.353744,-14.329089,-0.852986,-5.665237,-3.697905,-17.835239,11.749611,-3.274758,-0.258195,-0.907965,0.867872,0.587037,-0.425282,17.315434,-39.658909,62.765282,16.775826,8.912395,-2.517336,0.746987,-15.685375,36.413330,67.129791,-13.182601,9.158456,-6.179034
1091.000000,-1814.044434,1330.222656,78.440651,-1.641354,-1.766305,148.146662,6.062101,3.904509,13.740972,10.356448,-14.305512,-0.865748,-5.723712,-3.661913,-17.848782,11.660388,-3.205101,-0.289978,-0.871230,0.837849,0.570445,-0.431247,17.283039,-39.529228,62.814980,16.781836,8.990891,-2.520470,0.748208,-15.658515,36.416534,67.130310,-13.358207,9.191901,-6.174397
1092.000000,-1814.016724,1330.239258,78.444252,-1.638268,-1.701267,148.130158,5.970909,3.926133,13.737500,10.358529,-14.279219,-0.882938,-5.788887,-3.628133,-17.864340,11.592070,-3.150040,-0.326573,-0.825151,0.785798,0.552296,-0.430407,17.234911,-39.300930,62.925701,16.776886,9.057120,-2.522981,0.748604,-15.615673,36.416451,67.131813,-13.498191,9.253411,-6.169393
1093.000000,-1813.988647,1330.258789,78.447647,-1.636487,-1.637703,148.114789,5.902565,3.946526,13.735305,10.363825,-14.261811,-0.898091,-5.837157,-3.598680,-17.871128,11.543161,-3.110732,-0.354718,-0.787912,0.740971,0.538515,-0.426495,17.186625,-39.085827,63.033409,16.766279,9.123065,-2.524509,0.748723,-15.579170,36.414898,67.133293,-13.577293,9.312439,-6.161784
1094.000000,-1813.962036,1330.279175,78.450035,-1.633106,-1.579298,148.101695,5.814636,3.972620,13.730973,10.379124,-14.244678,-0.917022,-5.900223,-3.563774,-17.877535,11.493467,-3.069315,-0.388555,-0.739260,0.681459,0.520055,-0.422205,17.123966,-38.814770,63.167171,16.749105,9.232121,-2.527038,0.748482,-15.531531,36.411987,67.134254,-13.673692,9.396561,-6.147504
1095.000000,-1813.935791,1330.301025,78.451256,-1.628294,-1.526622,148.091893,5.721797,3.999894,13.722808,10.415099,-14.237765,-0.936624,-5.969359,-3.533238,-17.881189,11.469707,-3.044273,-0.422455,-0.680183,0.616777,0.498727,-0.419227,17.047199,-38.496086,63.309551,16.707632,9.368539,-2.528976,0.747465,-15.478239,36.407368,67.133667,-13.783161,9.504740,-6.126035
1096.000000,-1813.915649,1330.322021,78.451729,-1.627735,-1.493764,148.082513,5.657092,4.028130,13.714698,10.450929,-14.241626,-0.956424,-6.014626,-3.503011,-17.882786,11.454536,-3.028560,-0.451978,-0.637822,0.571173,0.473094,-0.415965,16.982752,-38.241840,63.415482,16.672350,9.518347,-2.529936,0.745700,-15.432257,36.401638,67.133224,-13.890660,9.608103,-6.101937
1097.000000,-1813.901001,1330.342285,78.451660,-1.627954,-1.458237,148.075477,5.596236,4.054438,13.704125,10.492002,-14.252319,-0.975366,-6.056714,-3.476360,-17.884668,11.447106,-3.020085,-0.476890,-0.621433,0.543418,0.421044,-0.410307,16.921232,-38.045506,63.515034,16.644148,9.652340,-2.530156,0.745299,-15.394680,36.396133,67.133965,-14.004416,9.701750,-6.064765
1098.000000,-1813.888550,1330.361206,78.451469,-1.628413,-1.431488,148.073288,5.544288,4.077468,13.687683,10.531992,-14.263214,-0.993012,-6.088423,-3.453770,-17.890133,11.441689,-3.016439,-0.498721,-0.610103,0.523321,0.363758,-0.407725,16.857960,-37.872517,63.617043,16.624020,9.768097,-2.529340,0.744981,-15.363442,36.391090,67.134743,-14.126660,9.789450,-6.016263
1099.000000,-1813.877319,1330.376465,78.451035,-1.632562,-1.421104,148.067833,5.517063,4.095918,13.676713,10.564928,-14.275486,-1.005052,-6.097664,-3.434434,-17.890991,11.432174,-3.011189,-0.513198,-0.599998,0.515981,0.330460,-0.407162,16.816957,-37.773781,63.669857,16.611458,9.854285,-2.527634,0.744387,-15.345957,36.388184,67.135254,-14.201463,9.848028,-5.981830
1100.000000,-1813.866455,1330.389771,78.450302,-1.636654,-1.423488,148.053041,5.497970,4.120740,13.669902,10.607633,-14.295807,-1.020943,-6.098502,-3.405447,-17.882687,11.419139,-3.002170,-0.532753,-0.587787,0.514930,0.295642,-0.407204,16.769094,-37.680038,63.713936,16.595695,9.969932,-2.522832,0.743573,-15.327490,36.384277,67.136429,-14.278430,9.919177,-5.942370
1101.000000,-1813.856079,1330.400391,78.449654,-1.638067,-1.433538,148.034880,5.502128,4.137069,13.668573,10.625090,-14.307543,-1.035703,-6.094637,-3.382920,-17.874025,11.415413,-2.997481,-0.552534,-0.587993,0.514203,0.269112,-0.406541,16.723219,-37.592331,63.776020,16.584503,10.044408,-2.504274,0.744823,-15.307469,36.372673,67.137604,-14.381604,9.969595,-5.924817
1102.000000,-1813.845215,1330.408203,78.449066,-1.638343,-1.451516,148.016092,5.516903,4.148315,13.667508,10.635975,-14.315557,-1.048346,-6.083511,-3.364830,-17.869162,11.411489,-2.992203,-0.571924,-0.589790,0.513781,0.251865,-0.405391,16.677572,-37.516247,63.842758,16.586931,10.094955,-2.453650,0.747709,-15.285942,36.347462,67.136414,-14.578686,10.001111,-5.918401
1103.000000,-1813.831909,1330.413086,78.448753,-1.637213,-1.469109,148.005727,5.526962,4.155803,13.658464,10.650986,-14.319282,-1.058139,-6.070830,-3.352396,-17.871712,11.407355,-2.985542,-0.589612,-0.588827,0.511905,0.245964,-0.404272,16.630867,-37.416531,63.920460,16.594307,10.121531,-2.387020,0.749776,-15.265737,36.313488,67.132927,-14.806211,10.023977,-5.913563
1104.000000,-1813.816040,1330.415649,78.449013,-1.634064,-1.482315,148.005556,5.526074,4.158145,13.640309,10.662286,-14.315654,-1.064797,-6.063956,-3.347027,-17.882063,11.401960,-2.977375,-0.603962,-0.581426,0.506178,0.243697,-0.402886,16.586340,-37.294628,64.000511,16.601650,10.140381,-2.329720,0.750406,-15.248214,36.286694,67.128075,-15.016508,10.049088,-5.908134
1105.000000,-1813.798706,1330.416748,78.449699,-1.630360,-1.494034,148.011067,5.521767,4.158862,13.617601,10.670289,-14.307963,-1.070033,-6.056595,-3.343246,-17.896511,11.391111,-2.965434,-0.617514,-0.564639,0.497693,0.243456,-0.400806,16.542568,-37.160656,64.073715,16.608658,10.169420,-2.277472,0.750867,-15.228555,36.259838,67.122749,-15.222035,10.086748,-5.901114
1106.000000,-1813.781006,1330.416870,78.450554,-1.626533,-1.504381,148.019791,5.516200,4.158844,13.600079,10.676337,-14.301777,-1.072710,-6.051010,-3.341350,-17.908409,11.380408,-2.955177,-0.626222,-0.549381,0.491071,0.243706,-0.398910,16.514622,-37.070972,64.113319,16.613472,10.199812,-2.247364,0.751232,-15.213842,36.240997,67.119041,-15.358036,10.119103,-5.895534
1107.000000,-1813.762817,1330.416016,78.451424,-1.622521,-1.514395,148.029674,5.506617,4.158478,13.577186,10.686285,-14.294047,-1.075256,-6.043705,-3.339518,-17.924301,11.364665,-2.940514,-0.636725,-0.527658,0.482777,0.244206,-0.396065,16.481909,-36.965218,64.149193,16.619852,10.251776,-2.216162,0.751900,-15.194328,36.215805,67.114296,-15.525803,10.164841,-5.887673
1108.000000,-1813.745850,1330.414185,78.452072,-1.618825,-1.526568,148.035138,5.499725,4.158034,13.559033,10.696325,-14.288376,-1.077052,-6.035860,-3.337458,-17.936754,11.349680,-2.925506,-0.646763,-0.511683,0.477288,0.245377,-0.391020,16.455063,-36.887707,64.167007,16.625166,10.311431,-2.184971,0.752934,-15.174789,36.182236,67.110222,-15.674884,10.207103,-5.879722
1109.000000,-1813.730591,1330.411133,78.452148,-1.615197,-1.541769,148.029471,5.500800,4.157400,13.552887,10.706672,-14.287686,-1.078598,-6.029669,-3.334520,-17.939543,11.341946,-2.912347,-0.657031,-0.509156,0.476856,0.247229,-0.386340,16.433531,-36.858101,64.174507,16.628490,10.368909,-2.140016,0.755396,-15.156241,36.133270,67.107803,-15.798341,10.234917,-5.872835
1110.000000,-1813.715942,1330.407227,78.451920,-1.611690,-1.557883,148.016793,5.503531,4.156598,13.551844,10.721486,-14.288938,-1.079875,-6.025331,-3.330603,-17.937477,11.337187,-2.898369,-0.668710,-0.509604,0.477346,0.249704,-0.383579,16.413393,-36.846348,64.181664,16.632046,10.419628,-2.083488,0.759745,-15.139574,36.082409,67.105721,-15.916535,10.253872,-5.866099
1111.000000,-1813.700439,1330.402710,78.451744,-1.608172,-1.573182,148.005993,5.502899,4.155895,13.549439,10.734686,-14.289136,-1.080149,-6.023174,-3.328338,-17.937466,11.334129,-2.888286,-0.676849,-0.509372,0.477026,0.252089,-0.382055,16.400000,-36.832748,64.187950,16.635359,10.448745,-2.046284,0.762857,-15.130405,36.053787,67.103539,-15.998467,10.264302,-5.861161
1112.000000,-1813.684082,1330.398682,78.451935,-1.604543,-1.584394,148.003872,5.494658,4.154717,13.538815,10.753812,-14.286721,-1.079538,-6.021568,-3.327303,-17.944099,11.328313,-2.874741,-0.686672,-0.505651,0.473972,0.255932,-0.379900,16.382624,-36.793121,64.200279,16.640516,10.482100,-2.009323,0.764872,-15.120727,36.032307,67.099182,-16.111448,10.281778,-5.853634
1113.000000,-1813.667236,1330.395264,78.452446,-1.600594,-1.591690,148.006951,5.480323,4.153576,13.524257,10.771601,-14.282300,-1.078296,-6.021229,-3.326820,-17.954565,11.317743,-2.859931,-0.695604,-0.496940,0.467190,0.259887,-0.377503,16.367390,-36.741142,64.211922,16.645889,10.515462,-1.983194,0.766156,-15.109016,36.014309,67.094337,-16.220318,10.308500,-5.843888
1114.000000,-1813.650513,1330.392334,78.453133,-1.596520,-1.596509,148.013105,5.463983,4.152406,13.508646,10.786204,-14.276917,-1.077023,-6.021168,-3.326417,-17.966396,11.303828,-2.844977,-0.703563,-0.485841,0.459548,0.263506,-0.375102,16.354374,-36.689857,64.219711,16.651020,10.549669,-1.965473,0.767219,-15.096138,35.994507,67.089676,-16.317450,10.340360,-5.831203
1115.000000,-1813.634644,1330.389893,78.453873,-1.592586,-1.600064,148.020657,5.445502,4.151059,13.491048,10.800707,-14.270661,-1.075786,-6.020955,-3.326091,-17.980038,11.287336,-2.828879,-0.712129,-0.473688,0.452681,0.267112,-0.372556,16.339443,-36.634762,64.227455,16.656691,10.589475,-1.950300,0.768409,-15.082003,35.969486,67.084648,-16.417854,10.377405,-5.813897
1116.000000,-1813.620361,1330.387817,78.454529,-1.588837,-1.603090,148.028442,5.428478,4.149750,13.474748,10.814020,-14.265266,-1.074915,-6.020634,-3.326032,-17.992844,11.272657,-2.815162,-0.720318,-0.464330,0.449000,0.270098,-0.370299,16.323528,-36.585419,64.234268,16.662376,10.632965,-1.938267,0.769649,-15.069162,35.941475,67.079994,-16.509735,10.412295,-5.795010
1117.000000,-1813.607788,1330.386108,78.454880,-1.584983,-1.609599,148.029415,5.420976,4.148169,13.465648,10.822153,-14.261481,-1.075007,-6.019499,-3.325353,-17.999874,11.263711,-2.804083,-0.729132,-0.460057,0.448184,0.273962,-0.368015,16.308044,-36.555592,64.240158,16.667065,10.675365,-1.916953,0.771858,-15.056222,35.904877,67.076721,-16.585588,10.441388,-5.778921
1118.000000,-1813.596924,1330.384399,78.454849,-1.581202,-1.618725,148.021272,5.422018,4.146414,13.464678,10.828019,-14.259901,-1.075860,-6.018286,-3.323189,-17.999826,11.259563,-2.794805,-0.738985,-0.460627,0.449068,0.277705,-0.366224,16.293955,-36.546665,64.245445,16.671499,10.710955,-1.883096,0.778008,-15.043539,35.859859,67.074860,-16.645226,10.459633,-5.768825
1119.000000,-1813.587524,1330.382812,78.454636,-1.578041,-1.628108,148.008510,5.424125,4.145286,13.465662,10.832811,-14.259318,-1.076525,-6.017911,-3.320823,-17.997911,11.257620,-2.788262,-0.746524,-0.461647,0.449976,0.280494,-0.364970,16.284372,-36.541950,64.249588,16.674892,10.731152,-1.854626,0.784975,-15.036003,35.826523,67.073448,-16.683092,10.466108,-5.763066
1120.000000,-1813.577881,1330.380859,78.454544,-1.575273,-1.636038,147.998314,5.424963,4.143658,13.464570,10.840863,-14.257348,-1.077038,-6.018384,-3.317747,-17.996996,11.255319,-2.778940,-0.756823,-0.462162,0.450479,0.285300,-0.363232,16.272215,-36.530678,64.256302,16.680315,10.751261,-1.814998,0.793375,-15.028037,35.790382,67.070938,-16.737047,10.474330,-5.754111
1121.000000,-1813.567749,1330.379272,78.454773,-1.572733,-1.640482,147.996802,5.417942,4.141924,13.454582,10.850319,-14.252589,-1.076620,-6.020232,-3.316895,-18.003702,11.251980,-2.770045,-0.765263,-0.459166,0.448970,0.290895,-0.361380,16.262033,-36.504894,64.263847,16.686422,10.764421,-1.787447,0.796213,-15.023686,35.775333,67.067345,-16.800541,10.485552,-5.741591
1122.000000,-1813.557007,1330.378174,78.455246,-1.570171,-1.641255,148.001393,5.404201,4.140426,13.439822,10.860239,-14.247264,-1.075360,-6.023563,-3.316910,-18.014563,11.245536,-2.760983,-0.772105,-0.453313,0.446381,0.295107,-0.359084,16.251989,-36.469467,64.271500,16.692982,10.780043,-1.770220,0.797428,-15.019341,35.759243,67.062622,-16.865953,10.503461,-5.719136
1123.000000,-1813.546753,1330.377441,78.455826,-1.567545,-1.640091,148.008753,5.388568,4.138833,13.423539,10.868673,-14.242013,-1.074022,-6.026857,-3.317176,-18.026848,11.236665,-2.752125,-0.778090,-0.445307,0.444190,0.298327,-0.356786,16.241184,-36.430695,64.278702,16.699474,10.799857,-1.758465,0.798350,-15.014910,35.742664,67.057724,-16.927212,10.525619,-5.693040
1124.000000,-1813.537354,1330.377441,78.456375,-1.564856,-1.638101,148.017110,5.377167,4.137617,13.411550,10.874133,-14.238376,-1.073231,-6.029040,-3.317495,-18.035971,11.229866,-2.746361,-0.782230,-0.439631,0.443098,0.300165,-0.355186,16.232895,-36.403301,64.283546,16.704117,10.816999,-1.751657,0.799041,-15.011553,35.730812,67.054276,-16.968357,10.542842,-5.674498
1125.000000,-1813.528687,1330.377930,78.456886,-1.561953,-1.635866,148.025938,5.361662,4.135838,13.394591,10.881154,-14.233334,-1.072526,-6.032027,-3.318098,-18.048912,11.221142,-2.739558,-0.788251,-0.432911,0.441865,0.302370,-0.353002,16.220678,-36.366966,64.290077,16.710814,10.844930,-1.742941,0.800153,-15.006504,35.714481,67.049454,-17.022804,10.567702,-5.649892
1126.000000,-1813.520996,1330.379028,78.457108,-1.559016,-1.636419,148.028990,5.352870,4.134403,13.383475,10.885444,-14.230322,-1.072667,-6.033871,-3.318071,-18.057236,11.216157,-2.735267,-0.794014,-0.429655,0.441478,0.304544,-0.351231,16.210537,-36.345303,64.295036,16.716146,10.869925,-1.732573,0.801738,-15.001368,35.697014,67.046089,-17.061098,10.587181,-5.631993
1127.000000,-1813.515503,1330.379639,78.456947,-1.556561,-1.639828,148.022540,5.351562,4.132957,13.379760,10.889097,-14.230153,-1.073727,-6.034934,-3.315814,-18.059034,11.213340,-2.730879,-0.802107,-0.429890,0.442627,0.307338,-0.349372,16.199095,-36.335400,64.300194,16.722010,10.896764,-1.711436,0.806841,-14.993827,35.665691,67.043884,-17.091270,10.603521,-5.617327
1128.000000,-1813.511475,1330.379395,78.457527,-1.557580,-1.639827,148.011702,5.349887,4.132252,13.373675,10.891870,-14.230974,-1.072050,-6.022234,-3.303558,-18.054420,11.173444,-2.710541,-0.803731,-0.414826,0.449164,0.306980,-0.348473,16.182631,-36.329060,64.311127,16.719303,10.911072,-1.653880,0.815595,-14.988761,35.649021,67.041039,-17.141628,10.629381,-5.609013
1129.000000,-1813.506836,1330.376953,78.459076,-1.560884,-1.624143,148.005819,5.327419,4.131758,13.359010,10.895296,-14.228337,-1.068287,-6.013489,-3.285733,-18.049007,11.103695,-2.674147,-0.802321,-0.378641,0.459389,0.303643,-0.347695,16.158966,-36.282738,64.327438,16.705387,10.925324,-1.586301,0.821312,-14.985209,35.642254,67.037788,-17.184721,10.678079,-5.594016
1130.000000,-1813.501709,1330.374146,78.461197,-1.564653,-1.599881,148.005365,5.299117,4.131170,13.342410,10.896853,-14.223166,-1.065004,-6.011801,-3.270617,-18.044977,11.040699,-2.639606,-0.801767,-0.345036,0.466573,0.302999,-0.347213,16.144133,-36.239239,64.340569,16.649586,10.947821,-1.530779,0.823005,-14.981763,35.636730,67.035629,-17.199209,10.725366,-5.577713
1131.000000,-1813.499878,1330.373413,78.464577,-1.573782,-1.585101,148.046236,5.267818,4.130309,13.294478,10.899071,-14.215042,-1.060043,-5.985623,-3.254082,-18.064995,10.945850,-2.594736,-0.801459,-0.313380,0.475471,0.304222,-0.346719,16.130346,-36.226921,64.353203,16.563753,10.992302,-1.439466,0.824538,-14.972092,35.635849,67.031708,-17.218691,10.800873,-5.564730
1132.000000,-1813.501587,1330.375366,78.468742,-1.585675,-1.581219,148.133871,5.236961,4.125113,13.173546,10.902787,-14.201921,-1.052707,-5.911822,-3.247075,-18.147421,10.818995,-2.549867,-0.802601,-0.294526,0.487601,0.302980,-0.343233,16.093035,-36.223083,64.380997,16.552805,11.085201,-1.297819,0.826950,-14.944619,35.637897,67.014969,-17.291136,10.947272,-5.562535
1133.000000,-1813.505371,1330.378296,78.471169,-1.593794,-1.571433,148.235433,5.198641,4.116007,13.039810,10.925370,-14.198018,-1.046506,-5.862234,-3.257274,-18.231642,10.760217,-2.541783,-0.803150,-0.269202,0.493184,0.290624,-0.324543,16.045340,-36.222267,64.410027,16.504858,11.189499,-1.160369,0.828934,-14.916199,35.640995,66.994125,-17.376179,11.101936,-5.561224
1134.000000,-1813.505981,1330.379639,78.473259,-1.596671,-1.553026,148.381804,5.124468,4.096306,12.865523,10.972682,-14.194899,-1.040017,-5.844682,-3.294817,-18.341425,10.757547,-2.559959,-0.799873,-0.261582,0.496305,0.283984,-0.317316,16.029896,-36.223000,64.416534,16.359354,11.283305,-1.089019,0.828361,-14.911263,35.644691,66.983398,-17.379623,11.176966,-5.557256
1135.000000,-1813.507324,1330.380615,78.475830,-1.596272,-1.535272,148.514087,5.058290,4.066748,12.679373,10.994210,-14.179301,-1.030800,-5.827917,-3.339023,-18.451820,10.756992,-2.578973,-0.792239,-0.229120,0.504891,0.282115,-0.317913,16.029470,-36.226486,64.419334,16.181751,11.365581,-1.032430,0.827081,-14.914301,35.650684,66.982864,-17.366966,11.239554,-5.552434
1136.000000,-1813.510498,1330.380737,78.478989,-1.596746,-1.514317,148.635615,5.023015,4.047199,12.570677,10.995125,-14.165543,-1.023561,-5.816623,-3.362160,-18.510719,10.745723,-2.583947,-0.784606,-0.194499,0.518273,0.281237,-0.318197,16.031624,-36.238552,64.419640,16.093279,11.409529,-1.006149,0.826222,-14.923747,35.664898,66.985176,-17.354122,11.274452,-5.548975
1137.000000,-1813.515869,1330.379639,78.482582,-1.596911,-1.491457,148.746244,4.974058,4.014842,12.410679,10.984235,-14.139427,-1.010624,-5.796501,-3.395319,-18.596567,10.714223,-2.583867,-0.770132,-0.143782,0.551623,0.281259,-0.313167,16.033083,-36.326645,64.419167,16.005297,11.467050,-0.994750,0.824300,-14.955334,35.712952,66.989113,-17.327219,11.298553,-5.544423
1138.000000,-1813.526489,1330.379639,78.487381,-1.601038,-1.507352,148.831952,4.994809,3.983916,12.287169,10.921467,-14.098302,-0.999683,-5.730299,-3.412669,-18.658739,10.650078,-2.571189,-0.753416,-0.090099,0.597552,0.309914,-0.297908,16.031860,-36.481293,64.420204,15.926105,11.504501,-0.993151,0.818049,-15.000424,35.792568,66.991478,-17.268969,11.306875,-5.541169
1139.000000,-1813.545044,1330.384155,78.492325,-1.610985,-1.547183,148.904369,5.080491,3.961951,12.193886,10.822530,-14.054250,-0.993987,-5.615355,-3.410679,-18.702774,10.559262,-2.554199,-0.734018,-0.021033,0.658981,0.333462,-0.274429,16.029087,-36.715599,64.434898,15.822037,11.531857,-0.995667,0.816456,-15.064852,35.940331,66.992950,-17.164333,11.313169,-5.536412
1140.000000,-1813.568481,1330.394165,78.498146,-1.626141,-1.622967,149.013429,5.226586,3.939755,12.061896,10.694931,-14.002967,-0.987656,-5.421949,-3.408553,-18.784859,10.440810,-2.542262,-0.704975,0.028128,0.734855,0.367758,-0.242205,16.024220,-36.948986,64.466721,15.660541,11.545133,-1.002852,0.817156,-15.133633,36.092907,66.996010,-17.004818,11.322493,-5.532943
1141.000000,-1813.593994,1330.408936,78.502815,-1.634099,-1.690877,149.124294,5.355752,3.915916,11.941606,10.578220,-13.959557,-0.978869,-5.267389,-3.418612,-18.862328,10.376025,-2.556513,-0.675379,0.066143,0.791055,0.373265,-0.190117,16.022226,-37.062515,64.484604,15.447609,11.551737,-1.010364,0.820430,-15.183730,36.221992,67.001205,-16.865429,11.344623,-5.529118
1142.000000,-1813.614624,1330.423340,78.504631,-1.631986,-1.728159,149.208180,5.466928,3.883816,11.821116,10.466863,-13.919205,-0.968728,-5.163116,-3.445479,-18.925314,10.384534,-2.609277,-0.647029,0.146171,0.839341,0.358930,-0.127042,16.021906,-37.183640,64.500969,15.193470,11.559358,-1.018640,0.819722,-15.245955,36.402287,67.005844,-16.761433,11.371815,-5.515563
1143.000000,-1813.626465,1330.435791,78.505745,-1.611637,-1.739843,149.339360,5.507898,3.827217,11.666583,10.377204,-13.867461,-0.955806,-5.146321,-3.517665,-19.008963,10.487686,-2.706085,-0.623455,0.202061,0.853064,0.353131,-0.094509,16.021021,-37.344223,64.514893,15.052670,11.566184,-1.035937,0.804102,-15.293036,36.526871,67.007393,-16.740173,11.381018,-5.483195
1144.000000,-1813.635620,1330.451172,78.507446,-1.577525,-1.751676,149.580447,5.521135,3.764394,11.475594,10.305878,-13.811776,-0.943049,-5.136051,-3.613555,-19.141571,10.611798,-2.816203,-0.603780,0.187358,0.844952,0.354327,-0.064045,16.020714,-37.462879,64.519470,14.983018,11.573813,-1.083068,0.794019,-15.303120,36.539738,67.010300,-16.713037,11.387203,-5.457305
1145.000000,-1813.644165,1330.471802,78.508278,-1.539734,-1.782643,149.916239,5.529084,3.663591,11.120789,10.233253,-13.735468,-0.924484,-5.109979,-3.792390,-19.405872,10.861132,-3.027483,-0.572887,0.118773,0.815099,0.364742,-0.011857,16.022665,-37.676125,64.523018,14.935085,11.585485,-1.227080,0.768804,-15.308366,36.549431,67.016396,-16.653126,11.398862,-5.407869
1146.000000,-1813.656860,1330.498169,78.509315,-1.506388,-1.824059,150.252501,5.548913,3.570362,10.743848,10.172276,-13.666512,-0.908721,-5.050689,-3.969604,-19.689499,11.102770,-3.243625,-0.534076,0.071730,0.778583,0.372469,0.054111,16.024841,-37.875000,64.524811,14.890777,11.596654,-1.430264,0.743244,-15.311405,36.567596,67.022301,-16.608685,11.436648,-5.323639
1147.000000,-1813.672485,1330.524536,78.509453,-1.477542,-1.846756,150.506639,5.580331,3.496313,10.456877,10.097338,-13.609017,-0.897336,-5.006922,-4.105347,-19.890072,11.299212,-3.424392,-0.490940,0.089642,0.755764,0.357208,0.167848,16.026035,-38.055958,64.524834,14.817541,11.612161,-1.657692,0.714176,-15.321506,36.597553,67.032753,-16.588177,11.512531,-5.172215
1148.000000,-1813.680298,1330.545288,78.506699,-1.443009,-1.845506,150.651114,5.587150,3.432587,10.279435,10.045379,-13.569612,-0.891650,-5.051389,-4.217341,-19.975477,11.537257,-3.596672,-0.462144,0.208875,0.730375,0.347823,0.259763,16.029337,-38.215736,64.518845,14.766648,11.641938,-1.871583,0.649934,-15.359691,36.729908,67.062996,-16.574490,11.598478,-4.937917
1149.000000,-1813.677734,1330.564941,78.504494,-1.409248,-1.827298,150.788589,5.556506,3.381606,10.129171,10.018578,-13.533689,-0.889869,-5.118330,-4.307619,-20.038185,11.735106,-3.729716,-0.445757,0.343145,0.699744,0.347674,0.247441,16.065149,-38.235195,64.479324,14.683292,11.657346,-1.898917,0.568487,-15.398630,36.892384,67.110191,-16.563013,11.673755,-4.692380
1150.000000,-1813.673218,1330.583618,78.503181,-1.381465,-1.804200,150.914391,5.519308,3.345412,10.007545,10.007751,-13.507405,-0.889445,-5.170590,-4.371837,-20.087727,11.871764,-3.822750,-0.434314,0.424394,0.676871,0.349052,0.213073,16.098406,-38.240395,64.457169,14.658210,11.663767,-1.945948,0.482455,-15.425826,37.029984,67.158859,-16.554111,11.733442,-4.489751
1151.000000,-1813.669922,1330.603149,78.502403,-1.360368,-1.784003,151.033495,5.472517,3.309115,9.857317,10.002444,-13.480916,-0.890034,-5.218220,-4.436957,-20.149746,12.006380,-3.921504,-0.422192,0.478328,0.655253,0.351037,0.166645,16.133488,-38.246090,64.449165,14.637669,11.671206,-2.040327,0.371057,-15.452443,37.191242,67.216637,-16.543812,11.798726,-4.260386
1152.000000,-1813.669556,1330.625000,78.501869,-1.344537,-1.769672,151.149621,5.437834,3.281979,9.712418,9.998565,-13.460525,-0.892237,-5.242038,-4.486335,-20.209335,12.108963,-4.007624,-0.411957,0.503212,0.640363,0.352920,0.132795,16.160376,-38.252174,64.445450,14.617589,11.678861,-2.130675,0.277641,-15.474813,37.332699,67.257591,-16.533590,11.853819,-4.071378
1153.000000,-1813.671631,1330.648804,78.501305,-1.332113,-1.761235,151.262198,5.414412,3.260906,9.571625,9.995779,-13.444724,-0.896530,-5.248464,-4.525940,-20.267118,12.194119,-4.088569,-0.403078,0.518996,0.628771,0.354539,0.108098,16.180498,-38.258633,64.443527,14.597198,11.685540,-2.205461,0.206275,-15.497179,37.456532,67.280136,-16.522848,11.902075,-3.913287
1154.000000,-1813.674683,1330.673950,78.499916,-1.317435,-1.759622,151.350657,5.407782,3.241241,9.454688,9.987013,-13.431131,-0.902493,-5.257210,-4.559526,-20.298790,12.287919,-4.171289,-0.396376,0.560345,0.612709,0.356087,0.084197,16.196060,-38.263317,64.441956,14.579184,11.690362,-2.264283,0.155657,-15.512438,37.531662,67.302689,-16.520094,11.944372,-3.765008
1155.000000,-1813.677979,1330.700439,78.498932,-1.302410,-1.763799,151.423599,5.424111,3.220452,9.343349,9.953180,-13.407355,-0.911182,-5.260862,-4.588240,-20.314251,12.384167,-4.255465,-0.391142,0.624434,0.585248,0.357556,0.058394,16.212624,-38.266575,64.440491,14.567965,11.694637,-2.322843,0.104671,-15.515293,37.579678,67.348740,-16.529835,11.981753,-3.601950
1156.000000,-1813.678955,1330.727295,78.499001,-1.289617,-1.764494,151.493860,5.438365,3.207450,9.264635,9.917540,-13.383892,-0.918735,-5.260575,-4.602892,-20.323603,12.437824,-4.305500,-0.388975,0.665625,0.559300,0.358104,0.039800,16.227329,-38.268410,64.439766,14.564854,11.697422,-2.370166,0.064278,-15.513377,37.616810,67.388428,-16.542274,11.999353,-3.489536
1157.000000,-1813.678711,1330.753174,78.500648,-1.288161,-1.771901,151.598539,5.447685,3.197237,9.130757,9.886101,-13.359596,-0.927656,-5.229031,-4.611916,-20.363621,12.459029,-4.349313,-0.386395,0.686241,0.530489,0.368152,0.014004,16.250547,-38.278084,64.440178,14.564283,11.701324,-2.440436,0.009949,-15.506262,37.650852,67.438530,-16.558214,12.012254,-3.365028
1158.000000,-1813.680786,1330.775879,78.502876,-1.294117,-1.784274,151.721226,5.446605,3.192505,8.955950,9.885188,-13.353011,-0.932537,-5.156028,-4.613339,-20.440311,12.428100,-4.372488,-0.382165,0.659386,0.524305,0.385339,-0.007358,16.270622,-38.308243,64.443222,14.566757,11.705739,-2.503543,-0.033120,-15.491034,37.658482,67.480209,-16.569035,12.023670,-3.285300
1159.000000,-1813.684082,1330.796387,78.504959,-1.300302,-1.796942,151.842259,5.444901,3.185252,8.784016,9.888216,-13.349544,-0.935971,-5.082369,-4.615325,-20.514919,12.391740,-4.391945,-0.378004,0.631437,0.524810,0.400272,-0.028475,16.287966,-38.355301,64.447495,14.567193,11.708709,-2.552588,-0.063282,-15.477064,37.663151,67.511803,-16.577257,12.039326,-3.222685
1160.000000,-1813.688232,1330.814575,78.506416,-1.304797,-1.807729,151.950510,5.443287,3.174773,8.612813,9.891639,-13.346469,-0.939001,-5.016982,-4.619763,-20.580666,12.368009,-4.417050,-0.372895,0.617511,0.525627,0.413548,-0.051295,16.302910,-38.406822,64.452438,14.566059,11.710299,-2.591888,-0.088291,-15.469581,37.667736,67.535255,-16.585627,12.063095,-3.142019
1161.000000,-1813.695923,1330.834351,78.510315,-1.320278,-1.858482,152.140351,5.473785,3.166463,8.379525,9.894798,-13.339062,-0.939896,-4.855761,-4.628837,-20.732037,12.281257,-4.431519,-0.362879,0.523258,0.530732,0.456875,-0.063908,16.319836,-38.456696,64.469849,14.568576,11.713733,-2.630728,-0.108408,-15.463068,37.669060,67.545113,-16.584324,12.094465,-3.099377
1162.000000,-1813.709961,1330.858887,78.515274,-1.340287,-1.910931,152.377199,5.505743,3.161270,8.111286,9.896779,-13.328166,-0.941631,-4.662860,-4.648624,-20.947447,12.183808,-4.451675,-0.350060,0.381576,0.531182,0.467871,-0.064632,16.336271,-38.505020,64.517921,14.576633,11.720053,-2.697017,-0.108369,-15.444196,37.668789,67.545525,-16.575571,12.152038,-3.084701
1163.000000,-1813.725342,1330.883789,78.519012,-1.357947,-1.964486,152.586729,5.536016,3.160317,7.933641,9.898309,-13.322600,-0.944518,-4.527867,-4.663377,-21.097212,12.129685,-4.473451,-0.339694,0.296987,0.528171,0.469676,-0.064842,16.346968,-38.532196,64.549583,14.584787,11.734118,-2.749669,-0.103335,-15.417549,37.669067,67.543137,-16.569464,12.214460,-3.049876
1164.000000,-1813.737915,1330.903442,78.520386,-1.367085,-2.003101,152.686445,5.583134,3.162153,7.790840,9.888131,-13.316915,-0.951438,-4.405529,-4.672563,-21.212029,12.095635,-4.503095,-0.328108,0.270630,0.521182,0.468737,-0.065988,16.356928,-38.553631,64.565689,14.592075,11.761125,-2.791002,-0.098041,-15.377701,37.670891,67.539772,-16.561790,12.336135,-2.998837
1165.000000,-1813.746582,1330.917236,78.520454,-1.373626,-2.020109,152.708603,5.623143,3.173812,7.755640,9.876096,-13.317526,-0.963309,-4.347777,-4.659651,-21.228731,12.079817,-4.520337,-0.320562,0.332319,0.514150,0.466525,-0.069408,16.363691,-38.559597,64.566368,14.591851,11.777441,-2.799415,-0.096604,-15.356221,37.676311,67.536552,-16.552769,12.470759,-2.913501
1166.000000,-1813.755615,1330.929810,78.521736,-1.383397,-2.040676,152.733194,5.663157,3.187935,7.735519,9.855148,-13.315674,-0.973969,-4.281540,-4.635744,-21.239290,12.024179,-4.517548,-0.311493,0.373092,0.509809,0.473928,-0.069539,16.366970,-38.574333,64.565689,14.585989,11.814796,-2.817450,-0.095814,-15.338128,37.681477,67.532753,-16.538881,12.585071,-2.851448
1167.000000,-1813.764160,1330.942017,78.523651,-1.395468,-2.050202,152.768198,5.688936,3.202903,7.702734,9.838497,-13.313761,-0.982118,-4.212250,-4.609570,-21.262476,11.948703,-4.505446,-0.302577,0.386865,0.503968,0.473871,-0.065620,16.369072,-38.576801,64.561668,14.579391,11.870532,-2.834449,-0.094096,-15.305893,37.684994,67.530121,-16.527390,12.710130,-2.825469
1168.000000,-1813.771484,1330.953613,78.525726,-1.407147,-2.050232,152.806240,5.695650,3.217682,7.664046,9.830136,-13.312319,-0.989205,-4.156600,-4.584807,-21.289625,11.875131,-4.489997,-0.296661,0.392701,0.492253,0.469957,-0.059611,16.371439,-38.576286,64.542458,14.576590,11.948449,-2.852958,-0.093131,-15.262605,37.686848,67.527588,-16.522163,12.848187,-2.816798
1169.000000,-1813.777710,1330.963257,78.527359,-1.412260,-2.020586,152.851616,5.658397,3.223589,7.619796,9.840314,-13.313177,-0.992538,-4.147573,-4.577209,-21.324190,11.833327,-4.482359,-0.293847,0.394003,0.471644,0.443651,-0.040854,16.381998,-38.575905,64.471100,14.588689,12.058427,-2.862232,-0.087866,-15.217538,37.687572,67.523605,-16.524862,12.982714,-2.811668
1170.000000,-1813.782104,1330.968994,78.528717,-1.413610,-1.969190,152.905371,5.576279,3.221881,7.563353,9.871464,-13.317224,-0.992445,-4.175430,-4.584817,-21.373262,11.810369,-4.479127,-0.291345,0.391341,0.444750,0.403347,-0.005836,16.403765,-38.576195,64.342232,14.642818,12.186087,-2.868312,-0.078864,-15.172336,37.687313,67.517311,-16.534058,13.115343,-2.809187
1171.000000,-1813.785767,1330.971924,78.530060,-1.414728,-1.914214,152.961296,5.506603,3.218524,7.519805,9.898304,-13.320637,-0.991133,-4.203560,-4.593929,-21.412340,11.796725,-4.476808,-0.288756,0.389563,0.423777,0.375243,0.021916,16.423962,-38.576038,64.239265,14.700636,12.270123,-2.870888,-0.072619,-15.141058,37.686939,67.512291,-16.542028,13.207070,-2.808181
1172.000000,-1813.790527,1330.972046,78.531631,-1.416524,-1.838919,153.003906,5.400815,3.214088,7.471512,9.933082,-13.323522,-0.989512,-4.259041,-4.603934,-21.453142,11.778345,-4.468700,-0.286654,0.389766,0.397180,0.326084,0.054176,16.451664,-38.575798,64.130363,14.766923,12.354985,-2.872091,-0.058255,-15.105335,37.686703,67.492874,-16.556084,13.329113,-2.805418
1173.000000,-1813.793945,1330.967163,78.533630,-1.418946,-1.761806,153.023413,5.289453,3.210710,7.450601,9.961223,-13.321712,-0.988160,-4.330470,-4.604936,-21.465826,11.745797,-4.442800,-0.287349,0.391669,0.379905,0.281361,0.064684,16.461220,-38.576775,64.085602,14.805339,12.416050,-2.870853,-0.034923,-15.090206,37.686649,67.431046,-16.579542,13.447949,-2.799953
1174.000000,-1813.796631,1330.959473,78.535286,-1.420126,-1.701162,153.034460,5.198582,3.205097,7.440722,9.984262,-13.317880,-0.985167,-4.390648,-4.607073,-21.470890,11.716756,-4.415159,-0.288099,0.390723,0.366454,0.265971,0.065632,16.465059,-38.579247,64.057259,14.829074,12.469165,-2.866170,-0.015896,-15.087111,37.687092,67.359131,-16.601183,13.542578,-2.795601
1175.000000,-1813.801758,1330.951538,78.535912,-1.421850,-1.665704,153.044763,5.134974,3.198560,7.433695,10.010363,-13.319135,-0.981049,-4.433237,-4.615000,-21.476349,11.712109,-4.402409,-0.288393,0.388112,0.352450,0.262023,0.063376,16.469860,-38.597000,64.041382,14.850314,12.521720,-2.856810,-0.000960,-15.085627,37.690323,67.304024,-16.609190,13.614219,-2.791242
1176.000000,-1813.808594,1330.944336,78.536018,-1.425230,-1.647366,153.055875,5.101611,3.194597,7.427823,10.034478,-13.325365,-0.976199,-4.449911,-4.621619,-21.482185,11.713724,-4.397867,-0.286326,0.386573,0.341391,0.258361,0.061979,16.472511,-38.618683,64.035461,14.866121,12.565617,-2.849030,0.012862,-15.084277,37.694088,67.268852,-16.611338,13.661727,-2.787634
1177.000000,-1813.816040,1330.936890,78.535927,-1.429168,-1.638023,153.067455,5.074377,3.190261,7.421049,10.062304,-13.335630,-0.968866,-4.458146,-4.629449,-21.489384,11.716998,-4.395367,-0.281097,0.385709,0.328947,0.252059,0.061126,16.475164,-38.649765,64.029610,14.883383,12.614379,-2.839644,0.030229,-15.082335,37.699070,67.233299,-16.612528,13.711522,-2.783259
1178.000000,-1813.824829,1330.929810,78.536270,-1.436281,-1.644759,153.077200,5.074203,3.188994,7.418157,10.070787,-13.340868,-0.963910,-4.445234,-4.630149,-21.493542,11.706903,-4.390385,-0.274110,0.387878,0.323937,0.248544,0.061019,16.475941,-38.677856,64.027100,14.894560,12.644446,-2.833681,0.043845,-15.080869,37.703178,67.210861,-16.613573,13.747540,-2.779486
1179.000000,-1813.835693,1330.924194,78.537018,-1.446750,-1.672715,153.086830,5.107195,3.191114,7.416852,10.065215,-13.344822,-0.959396,-4.395540,-4.622766,-21.497774,11.675361,-4.380252,-0.262480,0.396624,0.322755,0.246353,0.061472,16.474876,-38.718086,64.026123,14.908103,12.675328,-2.826745,0.062980,-15.078475,37.709240,67.190300,-16.616446,13.790343,-2.773220
1180.000000,-1813.846558,1330.919556,78.537712,-1.458058,-1.715168,153.097266,5.165488,3.196080,7.415691,10.056151,-13.349583,-0.955196,-4.317270,-4.610729,-21.502590,11.634356,-4.368720,-0.250401,0.406074,0.323277,0.246015,0.061900,16.473450,-38.759487,64.026306,14.922917,12.708388,-2.819747,0.082058,-15.075031,37.716183,67.179359,-16.620298,13.824587,-2.765065
1181.000000,-1813.855713,1330.914551,78.538246,-1.468456,-1.764440,153.107898,5.223670,3.200161,7.414962,10.049181,-13.354300,-0.951067,-4.243304,-4.601416,-21.506399,11.603200,-4.360357,-0.240262,0.410768,0.324420,0.246952,0.063130,16.472109,-38.808384,64.027733,14.936340,12.739392,-2.816020,0.096354,-15.072628,37.722149,67.173340,-16.624083,13.846561,-2.756888
1182.000000,-1813.861694,1330.908569,78.538376,-1.475845,-1.809197,153.091427,5.297201,3.204066,7.431660,10.031265,-13.358395,-0.945389,-4.169442,-4.587945,-21.489151,11.574769,-4.349663,-0.228326,0.440140,0.325644,0.246977,0.063789,16.470512,-38.845608,64.028793,14.952888,12.766727,-2.810236,0.108692,-15.071967,37.755070,67.169151,-16.632723,13.884145,-2.738903
1183.000000,-1813.866821,1330.900513,78.538666,-1.483138,-1.855132,153.107959,5.355206,3.201163,7.422230,10.020068,-13.365086,-0.936044,-4.097874,-4.579441,-21.478754,11.540886,-4.342549,-0.210204,0.461748,0.336435,0.250785,0.065144,16.471657,-38.902073,64.031387,14.947616,12.778529,-2.804745,0.112355,-15.078361,37.791927,67.167816,-16.638208,13.918262,-2.710520
1184.000000,-1813.873901,1330.892578,78.539047,-1.486185,-1.935545,153.220094,5.424789,3.176232,7.307685,10.020767,-13.366325,-0.921997,-3.970974,-4.610662,-21.550495,11.532442,-4.374007,-0.176066,0.411971,0.356262,0.277861,0.066639,16.476694,-38.969402,64.035210,14.863182,12.795418,-2.809152,0.113139,-15.094410,37.794254,67.165901,-16.627785,13.922513,-2.687080
1185.000000,-1813.883545,1330.890137,78.539169,-1.482595,-2.030598,153.446268,5.475231,3.139544,7.127804,10.035067,-13.362624,-0.908147,-3.843749,-4.671010,-21.677549,11.565193,-4.438990,-0.139367,0.344293,0.364924,0.293781,0.068089,16.488995,-39.023502,64.038513,14.772187,12.813545,-2.830623,0.114445,-15.107116,37.796234,67.166885,-16.613125,13.924539,-2.660747
1186.000000,-1813.893066,1330.892822,78.539810,-1.477451,-2.122910,153.765608,5.510284,3.083714,6.824882,10.073349,-13.356717,-0.889249,-3.678238,-4.770691,-21.896463,11.630288,-4.544078,-0.088476,0.257991,0.366780,0.299270,0.068556,16.509228,-39.074348,64.039742,14.712212,12.819492,-2.902926,0.114961,-15.120148,37.799965,67.169151,-16.598724,13.928640,-2.610129
1187.000000,-1813.901123,1330.896606,78.541367,-1.469737,-2.198956,154.116106,5.516005,3.006840,6.403368,10.130336,-13.346579,-0.862022,-3.483593,-4.901505,-22.191936,11.700128,-4.668853,-0.019310,0.190621,0.370065,0.297401,0.067042,16.521212,-39.097210,64.038940,14.694014,12.822723,-2.985880,0.110792,-15.141848,37.804344,67.171288,-16.592190,13.935180,-2.496351
1188.000000,-1813.909912,1330.901001,78.545288,-1.466677,-2.265616,154.432352,5.525962,2.941941,6.042499,10.153915,-13.325073,-0.839011,-3.290944,-4.995421,-22.438190,11.688390,-4.743057,0.045782,0.213341,0.384593,0.301464,0.067914,16.546995,-39.120621,63.994934,14.684649,12.822112,-3.078173,0.108113,-15.181196,37.880455,67.175423,-16.593599,13.943945,-2.382545
1189.000000,-1813.922852,1330.904785,78.552544,-1.487645,-2.406685,154.800239,5.605565,2.900632,5.673193,10.175179,-13.308870,-0.820681,-2.935453,-5.033858,-22.722635,11.482540,-4.743006,0.114502,0.256535,0.431775,0.389834,0.108019,16.669756,-39.208099,63.735203,14.672414,12.818305,-3.247320,0.105585,-15.239068,38.040421,67.177979,-16.590967,13.950979,-2.352817
1190.000000,-1813.946777,1330.911133,78.558624,-1.507231,-2.523075,155.250843,5.643343,2.839490,5.165040,10.253474,-13.309326,-0.793912,-2.538686,-5.108022,-23.121655,11.291352,-4.778913,0.190752,0.214763,0.495216,0.435430,0.277898,16.912977,-39.284306,63.201328,14.735757,12.813786,-3.479615,0.116774,-15.269816,38.113789,67.198074,-16.595558,13.961406,-2.346735
1191.000000,-1813.969482,1330.912598,78.560081,-1.523022,-2.617728,155.734403,5.590682,2.775414,4.689838,10.429640,-13.351848,-0.761996,-2.266766,-5.208050,-23.484297,11.241267,-4.861936,0.253307,0.185300,0.545216,0.448080,0.419288,17.150005,-39.306198,62.658371,14.828031,12.779680,-3.820875,0.125735,-15.283953,38.119595,67.213448,-16.609415,14.005051,-2.318504
1192.000000,-1813.980713,1330.904907,78.553871,-1.522952,-2.665964,156.216551,5.439647,2.704101,4.244626,10.707946,-13.436768,-0.722491,-2.122942,-5.343477,-23.818380,11.338253,-4.998241,0.312641,0.180688,0.572273,0.440431,0.466032,17.340397,-39.310223,62.248516,14.876507,12.749058,-4.137091,0.123002,-15.309656,38.120972,67.213013,-16.617607,14.049169,-2.260264
1193.000000,-1813.983887,1330.893188,78.549713,-1.527981,-2.738841,156.811010,5.227095,2.601671,3.650975,11.090652,-13.538944,-0.681375,-1.946532,-5.541982,-24.287144,11.503933,-5.187068,0.391143,0.133875,0.577365,0.487237,0.389723,17.523293,-39.322601,61.901760,14.878730,12.659315,-4.460896,0.086231,-15.364754,38.121311,67.176331,-16.611105,14.062311,-2.188250
1194.000000,-1813.989624,1330.889404,78.551704,-1.515490,-2.789629,157.445739,5.054608,2.477002,2.997281,11.319979,-13.543621,-0.655965,-1.721565,-5.745009,-24.833874,11.573751,-5.341774,0.476751,0.094586,0.549836,0.501006,0.226819,17.627966,-39.352196,61.794502,14.880152,12.523294,-4.690850,0.074190,-15.438798,38.120266,66.975403,-16.596752,14.078602,-2.160784
1195.000000,-1813.993408,1330.892334,78.554405,-1.494319,-2.816598,158.096678,4.883708,2.318502,2.280650,11.483358,-13.506903,-0.617281,-1.514293,-5.988014,-25.426067,11.695191,-5.534121,0.573400,0.080485,0.464069,0.489230,0.078175,17.723349,-39.386555,61.677849,14.915565,12.453442,-4.861099,0.054066,-15.571777,38.116276,66.513191,-16.605036,14.135440,-2.155281
1196.000000,-1813.979126,1330.894775,78.552330,-1.465314,-2.821645,158.618962,4.683752,2.199199,1.765449,11.690016,-13.504124,-0.580524,-1.437447,-6.179260,-25.829620,11.870590,-5.705989,0.630260,0.158174,0.357663,0.493055,-0.034272,17.791971,-39.445633,61.589287,14.949941,12.419252,-4.958203,-0.044707,-15.785412,38.111240,65.769730,-16.621561,14.144019,-2.158410
1197.000000,-1813.948608,1330.898438,78.548317,-1.444432,-2.830688,159.065212,4.420253,2.082170,1.232700,11.998094,-13.530100,-0.547551,-1.383585,-6.373787,-26.233580,12.087627,-5.891367,0.682572,0.319070,0.198990,0.541804,-0.147979,17.832853,-39.481781,61.553005,14.958442,12.382809,-5.046181,-0.389824,-16.074770,38.090607,64.730011,-16.639524,14.102108,-2.204887
1198.000000,-1813.906128,1330.898926,78.544006,-1.395701,-2.805338,159.385855,4.201215,1.973908,0.892911,12.183329,-13.518060,-0.527613,-1.455618,-6.556108,-26.465326,12.364094,-6.065593,0.723425,0.495571,0.012223,0.586592,-0.185127,17.858322,-39.497601,61.546047,14.955753,12.308700,-5.139819,-1.057607,-16.270332,37.915119,64.151436,-16.639847,13.769693,-2.383587
1199.000000,-1813.857788,1330.894897,78.544395,-1.354851,-2.776591,159.604655,4.055624,1.893537,0.686251,12.233927,-13.465304,-0.515172,-1.533058,-6.672985,-26.580940,12.523276,-6.150072,0.750891,0.710632,-0.150676,0.634713,-0.261824,17.953545,-39.513374,61.532848,14.914806,12.168623,-5.161207,-1.978469,-16.447634,37.745022,64.013077,-16.550520,13.260761,-2.690421
1200.000000,-1813.813965,1330.890625,78.547913,-1.330617,-2.734148,159.742864,3.948142,1.851552,0.571113,12.256431,-13.421008,-0.509359,-1.585065,-6.718072,-26.621881,12.564619,-6.166152,0.765762,0.921668,-0.270554,0.662537,-0.350660,18.075781,-39.584286,61.529781,14.868911,11.998358,-5.165916,-2.833118,-16.641361,37.703236,63.988342,-16.417271,12.820076,-3.028376
1201.000000,-1813.776978,1330.890137,78.553993,-1.317792,-2.669908,159.873096,3.822502,1.820807,0.458436,12.268922,-13.369249,-0.506753,-1.633913,-6.732507,-26.651348,12.538108,-6.148209,0.776483,1.134224,-0.403128,0.670106,-0.427342,18.246670,-39.714779,61.527740,14.800666,11.755278,-5.169598,-3.811623,-16.926975,37.665344,63.861603,-16.234835,12.349393,-3.478542
1202.000000,-1813.748169,1330.894531,78.563438,-1.323767,-2.612829,160.033305,3.672788,1.798994,0.289147,12.278872,-13.301899,-0.508988,-1.629826,-6.712683,-26.728489,12.393196,-6.077229,0.782937,1.301783,-0.558165,0.691972,-0.467389,18.448235,-39.834431,61.527565,14.735656,11.463681,-5.175965,-4.964436,-17.323215,37.536095,63.504726,-15.918825,11.802792,-4.089415
1203.000000,-1813.728760,1330.910522,78.574303,-1.324274,-2.544135,160.270191,3.535736,1.777688,0.069008,12.271656,-13.225886,-0.516033,-1.577950,-6.692827,-26.877234,12.212730,-6.007618,0.784120,1.394699,-0.717126,0.698611,-0.473654,18.615658,-39.886677,61.528767,14.702094,11.215054,-5.199056,-5.987195,-17.644171,37.434837,63.262726,-15.444245,11.230948,-4.711281
1204.000000,-1813.715210,1330.948364,78.588287,-1.291436,-2.466988,160.643750,3.431357,1.703167,-0.285625,12.135647,-13.060900,-0.527742,-1.520711,-6.764911,-27.171665,12.136007,-6.021485,0.786889,1.404224,-0.968747,0.696640,-0.476025,18.850145,-39.905235,61.493999,14.664813,10.952064,-5.273833,-6.905980,-17.858080,37.410229,63.203075,-14.888391,10.657791,-5.278522
1205.000000,-1813.711914,1331.006592,78.605339,-1.258602,-2.394938,161.108330,3.359047,1.618507,-0.748206,11.910085,-12.842314,-0.548878,-1.395993,-6.850278,-27.579342,12.025153,-6.054476,0.797063,1.424349,-1.292869,0.694329,-0.465268,19.175961,-39.910568,61.367573,14.645298,10.703914,-5.356138,-7.751333,-18.049467,37.400684,63.118225,-14.272979,10.115355,-5.803857
1206.000000,-1813.718262,1331.072144,78.620499,-1.233389,-2.322853,161.582272,3.304437,1.566604,-1.098904,11.762063,-12.697514,-0.569737,-1.286382,-6.901061,-27.890360,11.933536,-6.086486,0.809536,1.449129,-1.531020,0.688583,-0.433408,19.452515,-39.913361,61.203213,14.607629,10.556540,-5.414810,-8.268627,-18.168276,37.387718,63.061138,-13.858217,9.747811,-6.113734
1207.000000,-1813.737549,1331.142700,78.635887,-1.221936,-2.257004,162.145584,3.214939,1.501802,-1.614126,11.613536,-12.530466,-0.603249,-1.091657,-6.960262,-28.359346,11.775463,-6.129477,0.839524,1.404039,-1.827714,0.686598,-0.332839,19.884373,-39.925404,60.879440,14.481412,10.368864,-5.499450,-8.893178,-18.339451,37.350285,63.010117,-13.462020,9.240301,-6.425428
1208.000000,-1813.770630,1331.200073,78.647774,-1.223560,-2.197431,162.661600,3.113524,1.445077,-2.127546,11.530817,-12.408294,-0.634546,-0.859521,-7.005298,-28.846294,11.583245,-6.160683,0.886337,1.323766,-2.058743,0.674626,-0.182151,20.344692,-39.953575,60.494068,14.251969,10.175058,-5.575184,-9.419861,-18.574469,37.298904,63.007500,-13.284255,8.719885,-6.666268
1209.000000,-1813.818604,1331.240967,78.655693,-1.241813,-2.151429,163.162220,2.993543,1.398708,-2.579489,11.565646,-12.364987,-0.654239,-0.632596,-7.037020,-29.274759,11.413356,-6.189888,0.952070,1.302405,-2.184810,0.665942,-0.028538,20.797424,-40.008087,60.093933,13.845754,9.955650,-5.627448,-9.812245,-18.939125,37.267040,63.023922,-12.927784,8.216529,-6.888380
1210.000000,-1813.885132,1331.265503,78.662956,-1.265238,-2.152958,163.684837,2.926581,1.332295,-3.075260,11.609925,-12.338719,-0.663750,-0.306579,-7.078418,-29.745592,11.204691,-6.218355,1.062279,1.305174,-2.227051,0.678257,0.096405,21.225737,-40.082207,59.738377,13.395693,9.719464,-5.662347,-10.121405,-19.448933,37.262436,63.112003,-12.364602,7.743126,-7.114415
1211.000000,-1813.970947,1331.282227,78.670074,-1.272889,-2.157295,164.215939,2.918866,1.263108,-3.436775,11.597326,-12.305533,-0.663348,-0.056910,-7.134180,-30.086931,11.079268,-6.259850,1.156729,1.306447,-2.227685,0.659816,0.176630,21.486008,-40.108620,59.544430,13.211914,9.555690,-5.672396,-10.256697,-19.837082,37.260601,63.240486,-12.014666,7.462423,-7.270754
1212.000000,-1814.070923,1331.297607,78.677574,-1.273633,-2.146058,164.717813,2.937909,1.160227,-3.895575,11.510632,-12.237612,-0.656536,0.257969,-7.222756,-30.522205,10.931151,-6.329121,1.285170,1.306979,-2.216623,0.575766,0.280503,21.793285,-40.112965,59.343037,13.165151,9.362910,-5.677948,-10.310579,-20.334358,37.257233,63.460358,-11.765709,7.162297,-7.469887
1213.000000,-1814.174683,1331.309204,78.684441,-1.265466,-2.114508,165.231852,2.946052,1.054143,-4.327854,11.409626,-12.165633,-0.642023,0.536635,-7.317875,-30.939075,10.802763,-6.402958,1.413683,1.292938,-2.186937,0.458138,0.369843,22.060421,-40.111786,59.157681,13.171236,9.231000,-5.677227,-10.247137,-20.781147,37.255386,63.671566,-11.728346,6.989521,-7.655886
1214.000000,-1814.272095,1331.311523,78.691414,-1.258710,-2.103971,165.787728,2.937898,0.930936,-4.787151,11.341180,-12.092612,-0.614137,0.827009,-7.432867,-31.394928,10.684487,-6.474208,1.544359,1.237285,-2.136525,0.407723,0.372004,22.229084,-40.107384,59.031582,13.181972,9.144483,-5.653384,-10.069264,-21.192266,37.252563,63.796150,-11.715122,6.887389,-7.853928
1215.000000,-1814.373047,1331.305298,78.699409,-1.265012,-2.137855,166.382632,2.969620,0.797137,-5.328957,11.294065,-12.031168,-0.565938,1.262192,-7.521991,-31.926390,10.438015,-6.499174,1.710351,1.096280,-2.021275,0.415249,0.360604,22.282202,-40.101994,58.993031,13.195243,9.052824,-5.574450,-9.786658,-21.528339,37.179314,64.026703,-11.701819,6.777666,-8.103367
1216.000000,-1814.481201,1331.293945,78.705627,-1.268649,-2.172151,166.912066,3.031375,0.672628,-5.797329,11.228699,-11.978603,-0.516820,1.660146,-7.601114,-32.362972,10.226048,-6.526065,1.874741,1.016015,-1.874509,0.422109,0.358765,22.264292,-40.088093,58.994759,13.273814,8.928401,-5.516076,-9.355042,-21.771034,37.018627,64.212936,-11.751936,6.717782,-8.313635
1217.000000,-1814.589722,1331.282471,78.708153,-1.267002,-2.209650,167.326705,3.119607,0.567864,-6.145984,11.163299,-11.948695,-0.469771,1.986492,-7.675159,-32.665054,10.099456,-6.581577,2.029904,1.084203,-1.711624,0.433310,0.361942,22.207617,-39.991528,59.001144,13.450409,8.777287,-5.468444,-8.797928,-21.943663,36.893982,64.369667,-11.947245,6.674957,-8.514290
1218.000000,-1814.699585,1331.277710,78.708351,-1.260783,-2.259423,167.659218,3.214443,0.503596,-6.346436,11.099318,-11.931556,-0.439071,2.209379,-7.722585,-32.822639,10.036742,-6.638504,2.144302,1.193715,-1.593711,0.448743,0.398717,22.141134,-39.789463,59.002525,13.621965,8.654844,-5.411653,-8.320701,-21.989922,36.785313,64.476158,-12.239972,6.658544,-8.646288
1219.000000,-1814.814941,1331.282715,78.708824,-1.239159,-2.272201,167.930135,3.360651,0.428995,-6.553755,10.950388,-11.890457,-0.404486,2.445588,-7.783582,-32.950714,9.994980,-6.734460,2.287493,1.338915,-1.454216,0.426865,0.539523,22.039671,-39.432156,59.000175,13.855459,8.509787,-5.304745,-7.610721,-21.966364,36.634892,64.490685,-12.756112,6.651625,-8.817165
1220.000000,-1814.928101,1331.302979,78.712624,-1.203238,-2.262163,168.276110,3.524025,0.334068,-6.841701,10.670252,-11.779120,-0.376452,2.662747,-7.866958,-33.105446,9.969539,-6.858537,2.438363,1.440632,-1.352164,0.355742,0.717833,21.943148,-39.162296,58.998718,14.169577,8.427178,-5.185526,-6.737446,-21.865860,36.611580,64.401077,-13.344082,6.643467,-9.062591
1221.000000,-1815.028198,1331.341309,78.721085,-1.185533,-2.279120,168.778175,3.667354,0.241300,-7.302638,10.412562,-11.645358,-0.362506,2.957344,-7.927464,-33.345215,9.905803,-6.958072,2.596028,1.412670,-1.296296,0.362182,0.801607,21.865063,-39.088478,59.039921,14.480940,8.414882,-5.084766,-5.896052,-21.607134,36.612942,64.407860,-13.953826,6.638175,-9.352681
1222.000000,-1815.117676,1331.390991,78.728386,-1.169639,-2.255490,169.266270,3.732218,0.172904,-7.765206,10.225554,-11.536378,-0.355937,3.210160,-7.943323,-33.465801,9.831407,-7.039074,2.705149,1.397124,-1.262360,0.372715,0.834996,21.798166,-39.084660,59.103775,14.580981,8.413871,-5.029107,-5.105544,-21.201828,36.629807,64.587288,-14.403700,6.629970,-9.614143
1223.000000,-1815.197144,1331.438965,78.729218,-1.143368,-2.232745,169.674982,3.757003,0.108065,-8.125559,10.108973,-11.471287,-0.350184,3.427859,-7.934129,-33.426796,9.723198,-7.129613,2.736176,1.398880,-1.233503,0.409661,0.875940,21.738476,-39.104492,59.123024,14.592893,8.417318,-5.009106,-4.408260,-20.731138,36.648750,64.873756,-14.571827,6.619432,-9.814065
1224.000000,-1815.278076,1331.474976,78.723549,-1.111908,-2.208635,169.982247,3.762443,0.048549,-8.352167,10.074034,-11.462744,-0.343364,3.628510,-7.921225,-33.376747,9.579350,-7.220320,2.801189,1.406649,-1.160400,0.447407,0.951622,21.640528,-39.123859,59.127361,14.614659,8.422606,-4.970189,-3.754896,-20.292353,36.653095,65.144119,-14.621827,6.611673,-10.012531
1225.000000,-1815.362793,1331.494385,78.716133,-1.088306,-2.170554,170.166375,3.757109,0.001223,-8.461356,10.070065,-11.488060,-0.334204,3.788134,-7.916759,-33.376942,9.442189,-7.306055,2.965940,1.450859,-1.006864,0.453641,1.085301,21.464790,-39.129318,59.130749,14.770830,8.447459,-4.889443,-3.011869,-19.891087,36.657173,65.358818,-14.725767,6.608831,-10.235576
1226.000000,-1815.442261,1331.502197,78.709740,-1.067227,-2.119713,170.324140,3.735538,-0.033164,-8.513559,10.082322,-11.509747,-0.326003,3.862936,-7.928483,-33.391308,9.387614,-7.367768,3.064406,1.460214,-0.864352,0.453414,1.176920,21.302189,-39.132889,59.133747,14.940647,8.502151,-4.825483,-2.458803,-19.651625,36.661682,65.435944,-14.828707,6.623201,-10.373709
1227.000000,-1815.515137,1331.505737,78.704826,-1.045703,-2.059290,170.479364,3.686497,-0.082602,-8.577357,10.099008,-11.527042,-0.314176,3.924742,-7.961730,-33.421803,9.361615,-7.453451,3.161767,1.460807,-0.668200,0.455042,1.240012,21.054022,-39.135933,59.138657,15.100327,8.622659,-4.730554,-1.708350,-19.373945,36.679119,65.456795,-14.924234,6.675142,-10.517557
1228.000000,-1815.580811,1331.510498,78.700928,-1.027063,-2.006721,170.603467,3.641539,-0.119766,-8.603724,10.107263,-11.538420,-0.303587,3.967978,-7.991542,-33.436890,9.353970,-7.532865,3.237053,1.464446,-0.480978,0.459114,1.268221,20.790585,-39.135956,59.141354,15.179941,8.734776,-4.591025,-1.004107,-19.084158,36.705547,65.462639,-14.969438,6.795956,-10.609943
1229.000000,-1815.642212,1331.520020,78.697189,-1.011059,-1.971433,170.698313,3.623605,-0.138969,-8.584121,10.109159,-11.550927,-0.297254,4.021081,-8.007030,-33.432465,9.342515,-7.605642,3.295917,1.463861,-0.325106,0.461611,1.323319,20.543882,-39.135529,59.142475,15.209729,8.796364,-4.378824,-0.387141,-18.762030,36.711918,65.459633,-15.006455,6.969366,-10.655534
1230.000000,-1815.701538,1331.534180,78.693230,-0.995401,-1.938772,170.784428,3.608788,-0.148315,-8.537604,10.112529,-11.565761,-0.294434,4.073890,-8.016102,-33.415749,9.337687,-7.684142,3.347686,1.458832,-0.188440,0.460917,1.393256,20.288242,-39.136829,59.145100,15.215878,8.837071,-4.122159,0.202230,-18.390566,36.717529,65.441490,-15.019387,7.158308,-10.669035
1231.000000,-1815.746460,1331.549438,78.689644,-0.978828,-1.880326,170.887276,3.552375,-0.157695,-8.511920,10.143829,-11.579293,-0.294562,4.075188,-8.029364,-33.409286,9.360480,-7.746853,3.376951,1.426874,-0.114413,0.442503,1.437858,20.116587,-39.139626,59.146320,15.215078,8.862496,-3.948113,0.561677,-18.113684,36.722321,65.431374,-15.026475,7.275633,-10.671866
1232.000000,-1815.780029,1331.564941,78.686295,-0.963441,-1.804484,170.983180,3.443827,-0.170206,-8.484183,10.193817,-11.591340,-0.296716,4.035598,-8.053205,-33.396145,9.422650,-7.831832,3.404978,1.358369,-0.041146,0.426566,1.457164,19.910707,-39.145241,59.145706,15.209623,8.903034,-3.747225,0.940837,-17.749483,36.769245,65.434135,-15.033884,7.414619,-10.673290
1233.000000,-1815.803711,1331.577881,78.683365,-0.955539,-1.727122,171.038363,3.329606,-0.166945,-8.429400,10.233061,-11.604644,-0.300943,3.958684,-8.063539,-33.341629,9.494413,-7.905148,3.422656,1.349072,0.021298,0.410845,1.446494,19.724802,-39.147770,59.142162,15.200923,8.925858,-3.542859,1.247723,-17.418896,36.875225,65.438782,-15.034513,7.549854,-10.669981
1234.000000,-1815.822998,1331.589111,78.680435,-0.946010,-1.651594,171.075055,3.226071,-0.160684,-8.360234,10.264937,-11.615971,-0.305077,3.872219,-8.070703,-33.259499,9.568845,-7.971524,3.436763,1.346071,0.073601,0.392927,1.442378,19.562597,-39.149639,59.138847,15.191436,8.945253,-3.337959,1.473122,-17.123714,36.954239,65.441673,-15.031659,7.690727,-10.639637
1235.000000,-1815.838379,1331.598145,78.677879,-0.937912,-1.586602,171.102965,3.123716,-0.153985,-8.282655,10.298477,-11.626207,-0.309581,3.786318,-8.075143,-33.158707,9.641995,-8.036797,3.450115,1.341936,0.121604,0.371054,1.438400,19.405901,-39.151592,59.136780,15.180098,8.972305,-3.133547,1.655832,-16.837572,37.015423,65.442978,-15.027924,7.843359,-10.551882
1236.000000,-1815.852783,1331.605347,78.675385,-0.930804,-1.535287,171.130497,3.042454,-0.147990,-8.211498,10.333030,-11.637071,-0.313833,3.723612,-8.074833,-33.052589,9.701797,-8.092479,3.463585,1.331186,0.165037,0.347119,1.437716,19.266243,-39.151764,59.136909,15.169926,9.015238,-2.952983,1.780899,-16.598154,37.024239,65.440979,-15.026522,7.988697,-10.427617
1237.000000,-1815.864746,1331.610718,78.672997,-0.923750,-1.500088,171.164337,2.991255,-0.146026,-8.165832,10.360665,-11.645339,-0.316209,3.691976,-8.074191,-32.975819,9.739757,-8.131561,3.474485,1.318555,0.194565,0.327280,1.437511,19.168173,-39.151592,59.137489,15.162881,9.052172,-2.828441,1.848704,-16.444513,37.028332,65.438560,-15.026872,8.095901,-10.319358
1238.000000,-1815.875000,1331.615112,78.670631,-0.916524,-1.478353,171.203200,2.935659,-0.145222,-8.111362,10.397439,-11.656050,-0.318800,3.667192,-8.072774,-32.875801,9.784058,-8.181432,3.489760,1.301858,0.229362,0.299532,1.437398,19.047138,-39.151222,59.138481,15.153862,9.101036,-2.675661,1.911455,-16.271482,37.033340,65.434845,-15.028188,8.235695,-10.161593
1239.000000,-1815.883057,1331.619019,78.668335,-0.909234,-1.467366,171.247069,2.893832,-0.145619,-8.064744,10.432688,-11.665680,-0.320632,3.658660,-8.070578,-32.781578,9.821004,-8.226433,3.504197,1.287167,0.257242,0.273637,1.437807,18.944542,-39.150890,59.139778,15.145384,9.145774,-2.546126,1.944333,-16.139454,37.037865,65.430923,-15.029574,8.364721,-10.004690
1240.000000,-1815.888062,1331.622559,78.666321,-0.902172,-1.462551,171.292203,2.853894,-0.146614,-8.018826,10.471211,-11.674788,-0.321898,3.656200,-8.067520,-32.677158,9.859260,-8.272164,3.519037,1.274062,0.281903,0.244634,1.438927,18.848444,-39.150589,59.141491,15.136127,9.193092,-2.424613,1.957798,-16.028305,37.042515,65.426208,-15.031328,8.499080,-9.836540
1241.000000,-1815.890259,1331.625366,78.664467,-0.894720,-1.460951,171.337641,2.821496,-0.148549,-7.982166,10.504007,-11.681095,-0.322367,3.657127,-8.064808,-32.584347,9.890498,-8.310094,3.531567,1.268404,0.297936,0.218227,1.440362,18.777597,-39.150398,59.143158,15.127691,9.236204,-2.332398,1.959772,-15.961134,37.046162,65.420624,-15.034081,8.617444,-9.700368
1242.000000,-1815.890869,1331.626953,78.662666,-0.885333,-1.461139,171.389453,2.782609,-0.155070,-7.943354,10.541125,-11.684666,-0.322069,3.663069,-8.063107,-32.477509,9.919291,-8.353110,3.546412,1.265030,0.311274,0.181460,1.442823,18.703381,-39.150337,59.145809,15.117223,9.288832,-2.241037,1.958273,-15.940415,37.049252,65.412132,-15.039675,8.762498,-9.589739
1243.000000,-1815.891846,1331.628052,78.661880,-0.887604,-1.484766,171.436236,2.776046,-0.148163,-7.908027,10.572608,-11.693728,-0.323015,3.700687,-8.040903,-32.356548,9.924231,-8.374831,3.561300,1.265042,0.335437,0.161787,1.443712,18.624968,-39.149231,59.200867,15.109937,9.330363,-2.168291,1.951591,-15.940023,37.049995,65.407295,-15.055364,8.914619,-9.476526
1244.000000,-1815.895508,1331.628662,78.661201,-0.896319,-1.531234,171.483937,2.796051,-0.134246,-7.877810,10.610590,-11.712647,-0.324640,3.768960,-8.000643,-32.176987,9.914956,-8.385183,3.565903,1.264991,0.380017,0.151371,1.443284,18.510534,-39.147514,59.343632,15.105832,9.376555,-2.124542,1.949203,-15.938069,37.050289,65.405373,-15.098764,9.058749,-9.316716
1245.000000,-1815.898560,1331.629883,78.658699,-0.896742,-1.585964,171.544370,2.816530,-0.132046,-7.862644,10.648373,-11.730498,-0.325912,3.837220,-7.968863,-31.986433,9.903378,-8.404125,3.556796,1.262976,0.418692,0.148272,1.443046,18.401917,-39.146225,59.491833,15.103052,9.425419,-2.110425,1.949719,-15.932679,37.050659,65.404953,-15.148821,9.164227,-9.161997
1246.000000,-1815.898682,1331.631226,78.654381,-0.892774,-1.640079,171.621125,2.825203,-0.136683,-7.854066,10.713026,-11.757811,-0.327500,3.923735,-7.935649,-31.783348,9.876127,-8.431844,3.555322,1.261367,0.469464,0.147632,1.443435,18.268120,-39.145885,59.673981,15.096573,9.496894,-2.105233,1.949067,-15.924519,37.050968,65.405403,-15.209818,9.284409,-9.000717
1247.000000,-1815.895630,1331.630859,78.648361,-0.882261,-1.690561,171.709552,2.809901,-0.154978,-7.852660,10.827519,-11.802517,-0.327563,4.036879,-7.906138,-31.591497,9.826439,-8.474083,3.565140,1.262753,0.546904,0.150953,1.444375,18.100958,-39.147980,59.880348,15.080557,9.594759,-2.104966,1.944093,-15.929346,37.052242,65.407227,-15.258736,9.434169,-8.826184
1248.000000,-1815.881714,1331.633423,78.645500,-0.877345,-1.757898,171.862814,2.788774,-0.180977,-7.905551,10.933631,-11.824785,-0.334209,4.133101,-7.902027,-31.467606,9.839461,-8.527113,3.585665,1.250765,0.631425,0.180533,1.399021,17.975863,-39.153839,60.043427,15.058907,9.678120,-2.088774,1.908434,-15.943646,37.089672,65.455925,-15.281596,9.557739,-8.649811
