Frame,root_translateX,root_translateY,root_translateZ,root_rotateX,root_rotateY,root_rotateZ,left_hip_pitch_joint_dof,left_hip_roll_joint_dof,left_hip_yaw_joint_dof,left_knee_joint_dof,left_ankle_pitch_joint_dof,left_ankle_roll_joint_dof,right_hip_pitch_joint_dof,right_hip_roll_joint_dof,right_hip_yaw_joint_dof,right_knee_joint_dof,right_ankle_pitch_joint_dof,right_ankle_roll_joint_dof,waist_yaw_joint_dof,waist_roll_joint_dof,waist_pitch_joint_dof,left_shoulder_pitch_joint_dof,left_shoulder_roll_joint_dof,left_shoulder_yaw_joint_dof,left_elbow_joint_dof,left_wrist_roll_joint_dof,left_wrist_pitch_joint_dof,left_wrist_yaw_joint_dof,right_shoulder_pitch_joint_dof,right_shoulder_roll_joint_dof,right_shoulder_yaw_joint_dof,right_elbow_joint_dof,right_wrist_roll_joint_dof,right_wrist_pitch_joint_dof,right_wrist_yaw_joint_dof
0.000000,-2373.851562,-1199.635742,78.681839,-0.453644,-0.347081,-51.595018,1.228052,2.500874,11.158606,10.224388,-10.842684,-0.288645,0.130803,-4.169344,-19.732092,10.407411,-9.101838,0.989360,0.620997,0.557212,0.171869,-0.357622,17.603291,-36.156570,60.396629,2.910685,6.618287,6.701746,1.571830,-15.612211,38.476990,65.010956,-14.353930,12.053771,-7.768945
1.000000,-2373.848633,-1199.635498,78.681870,-0.454967,-0.343714,-51.598339,1.227410,2.496629,11.139297,10.222279,-10.844545,-0.286763,0.127142,-4.168929,-19.723450,10.403951,-9.097808,0.991932,0.622435,0.556293,0.172744,-0.356800,17.596872,-36.143227,60.397713,2.914218,6.613584,6.711112,1.572292,-15.607149,38.461296,65.012245,-14.371477,12.049258,-7.773935
2.000000,-2373.845947,-1199.635254,78.681877,-0.456300,-0.340164,-51.601728,1.226744,2.492329,11.119572,10.220079,-10.846574,-0.284904,0.123323,-4.168474,-19.714602,10.400426,-9.093819,0.994583,0.623894,0.555381,0.173661,-0.356002,17.590408,-36.129810,60.398758,2.917699,6.608641,6.720439,1.572720,-15.602095,38.445621,65.013519,-14.389413,12.044550,-7.779056
3.000000,-2373.842773,-1199.635376,78.681885,-0.457661,-0.336395,-51.605237,1.226098,2.488212,11.100513,10.217916,-10.848665,-0.283169,0.119556,-4.168000,-19.706020,10.397028,-9.090082,0.997169,0.625291,0.554529,0.174554,-0.355272,17.584248,-36.117134,60.399723,2.920937,6.603729,6.729388,1.573090,-15.597330,38.430843,65.014717,-14.406765,12.039903,-7.784030
4.000000,-2373.839844,-1199.635498,78.681877,-0.459019,-0.332500,-51.608774,1.225463,2.484206,11.081771,10.215753,-10.850851,-0.281524,0.115780,-4.167497,-19.697561,10.393699,-9.086521,0.999737,0.626647,0.553717,0.175428,-0.354590,17.578266,-36.104992,60.400623,2.923996,6.598773,6.738210,1.573420,-15.592710,38.416542,65.015869,-14.423855,12.035267,-7.788948
5.000000,-2373.836426,-1199.635864,78.681862,-0.460386,-0.328455,-51.612366,1.224981,2.481182,11.067479,10.214079,-10.852603,-0.280311,0.112856,-4.167089,-19.691101,10.391171,-9.083884,1.001712,0.627664,0.553113,0.176085,-0.354094,17.573757,-36.095955,60.401272,2.926240,6.594911,6.744955,1.573653,-15.589201,38.405727,65.016762,-14.436902,12.031703,-7.792717
6.000000,-2373.833252,-1199.636353,78.681831,-0.461723,-0.324370,-51.615923,1.224361,2.477306,11.048978,10.211881,-10.854980,-0.278790,0.109013,-4.166528,-19.682726,10.387917,-9.080565,1.004291,0.628963,0.552349,0.176923,-0.353478,17.567987,-36.084534,60.402084,2.929035,6.589809,6.753707,1.573932,-15.584665,38.391796,65.017929,-14.453814,12.027060,-7.797623
7.000000,-2373.830078,-1199.637085,78.681793,-0.463081,-0.320102,-51.619581,1.223755,2.473515,11.030695,10.209674,-10.857454,-0.277338,0.105147,-4.165941,-19.674423,10.384716,-9.077390,1.006864,0.630224,0.551611,0.177732,-0.352900,17.562349,-36.073540,60.402836,2.931674,6.584652,6.762383,1.574181,-15.580192,38.378105,65.019081,-14.470549,12.022433,-7.802503
8.000000,-2373.826904,-1199.637817,78.681747,-0.464427,-0.315765,-51.623245,1.223154,2.469751,11.012343,10.207427,-10.860058,-0.275935,0.101199,-4.165318,-19.666069,10.381524,-9.074305,1.009472,0.631467,0.550889,0.178520,-0.352347,17.556755,-36.062790,60.403545,2.934200,6.579363,6.771114,1.574406,-15.575709,38.364429,65.020271,-14.487371,12.017756,-7.807431
9.000000,-2373.823242,-1199.638672,78.681694,-0.465782,-0.311324,-51.626898,1.222559,2.466086,10.994247,10.205173,-10.862700,-0.274596,0.097255,-4.164670,-19.657871,10.378422,-9.071342,1.012062,0.632656,0.550214,0.179270,-0.351812,17.551273,-36.052349,60.404236,2.936560,6.574052,6.779717,1.574627,-15.571294,38.350883,65.021454,-14.503972,12.013108,-7.812289
10.000000,-2373.820068,-1199.639648,78.681633,-0.467148,-0.306748,-51.630609,1.221969,2.462463,10.976165,10.202887,-10.865438,-0.273313,0.093260,-4.163994,-19.649687,10.375342,-9.068480,1.014668,0.633825,0.549562,0.179982,-0.351295,17.545847,-36.042168,60.404900,2.938792,6.568647,6.788322,1.574825,-15.566895,38.337433,65.022652,-14.520575,12.008438,-7.817163
11.000000,-2373.816406,-1199.640747,78.681564,-0.468508,-0.302105,-51.634342,1.221411,2.458995,10.958675,10.200644,-10.868183,-0.272122,0.089342,-4.163312,-19.641754,10.372385,-9.065804,1.017205,0.634938,0.548950,0.180628,-0.350812,17.540640,-36.032551,60.405514,2.940832,6.563325,6.796658,1.574996,-15.562647,38.324512,65.023834,-14.536656,12.003898,-7.821904
12.000000,-2373.812988,-1199.641968,78.681496,-0.469867,-0.297382,-51.638122,1.220993,2.456353,10.945227,10.198899,-10.870355,-0.271238,0.086292,-4.162768,-19.635647,10.370126,-9.063798,1.019166,0.635779,0.548494,0.181093,-0.350450,17.536663,-36.025307,60.405964,2.942320,6.559170,6.803076,1.575113,-15.559387,38.314636,65.024750,-14.549042,12.000390,-7.825566
13.000000,-2373.809570,-1199.643311,78.681412,-0.471234,-0.292559,-51.641978,1.220461,2.452916,10.927567,10.196584,-10.873285,-0.270118,0.082240,-4.162029,-19.627605,10.367183,-9.061233,1.021753,0.636867,0.547910,0.181659,-0.349989,17.531475,-36.015999,60.406540,2.944168,6.553630,6.811514,1.575248,-15.555115,38.301746,65.025986,-14.565321,11.995763,-7.830396
14.000000,-2373.806152,-1199.644775,78.681320,-0.472567,-0.287800,-51.645798,1.219967,2.449612,10.910419,10.194308,-10.876216,-0.269070,0.078252,-4.161285,-19.619770,10.364347,-9.058806,1.024277,0.637905,0.547359,0.182156,-0.349556,17.526474,-36.007179,60.407078,2.945852,6.548158,6.819724,1.575358,-15.550970,38.289322,65.027191,-14.581152,11.991245,-7.835113
15.000000,-2373.802490,-1199.646240,78.681221,-0.473898,-0.283002,-51.649660,1.219491,2.446291,10.892996,10.191970,-10.879277,-0.268048,0.074147,-4.160501,-19.611778,10.361495,-9.056402,1.026852,0.638937,0.546814,0.182601,-0.349131,17.521425,-35.998444,60.407604,2.947448,6.542503,6.828083,1.575448,-15.546770,38.276798,65.028458,-14.597260,11.986630,-7.839934
16.000000,-2373.799072,-1199.647705,78.681129,-0.475254,-0.278122,-51.653569,1.219045,2.443076,10.875904,10.189652,-10.882310,-0.267078,0.070091,-4.159705,-19.603979,10.358748,-9.054072,1.029382,0.639914,0.546310,0.182976,-0.348713,17.516491,-35.990013,60.408115,2.948886,6.536877,6.836271,1.575537,-15.542658,38.264511,65.029716,-14.613063,11.982080,-7.844660
17.000000,-2373.795654,-1199.649292,78.681030,-0.476591,-0.273275,-51.657466,1.218628,2.439916,10.858933,10.187327,-10.885381,-0.266157,0.066030,-4.158894,-19.596230,10.356049,-9.051815,1.031894,0.640868,0.545827,0.183288,-0.348304,17.511618,-35.981819,60.408615,2.950194,6.531209,6.844406,1.575607,-15.538582,38.252419,65.030991,-14.628763,11.977547,-7.849371
18.000000,-2373.792480,-1199.650879,78.680939,-0.477835,-0.268748,-51.661142,1.218337,2.437575,10.846251,10.185578,-10.887711,-0.265495,0.062971,-4.158272,-19.590427,10.354046,-9.050160,1.033770,0.641570,0.545477,0.183481,-0.348004,17.507988,-35.975822,60.408985,2.951094,6.526918,6.850490,1.575646,-15.535542,38.243450,65.031960,-14.640513,11.974147,-7.852906
19.000000,-2373.788818,-1199.652466,78.680824,-0.479193,-0.263787,-51.665228,1.217990,2.434552,10.829740,10.183283,-10.890787,-0.264664,0.058958,-4.157445,-19.582848,10.351462,-9.048038,1.036207,0.642469,0.545035,0.183679,-0.347618,17.503284,-35.968170,60.409439,2.952166,6.521258,6.858423,1.575680,-15.531591,38.231869,65.033241,-14.655828,11.969707,-7.857530
20.000000,-2373.785889,-1199.654053,78.680733,-0.480343,-0.259579,-51.668750,1.217678,2.431529,10.813072,10.180950,-10.893941,-0.263856,0.054868,-4.156590,-19.575161,10.348883,-9.045922,1.038662,0.643359,0.544603,0.183817,-0.347237,17.498549,-35.960621,60.409904,2.953135,6.515458,6.866446,1.575695,-15.527606,38.220280,65.034561,-14.671307,11.965204,-7.862224
21.000000,-2373.782715,-1199.655518,78.680634,-0.481548,-0.255199,-51.672441,1.217472,2.429330,10.800816,10.179221,-10.896257,-0.263276,0.051849,-4.155946,-19.569525,10.347022,-9.044360,1.040461,0.643991,0.544302,0.183879,-0.346954,17.495068,-35.955124,60.410240,2.953766,6.511144,6.872342,1.575706,-15.524681,38.211750,65.035538,-14.682692,11.961881,-7.865672
22.000000,-2373.779541,-1199.657104,78.680534,-0.482815,-0.250634,-51.676306,1.217227,2.426419,10.784440,10.176893,-10.899340,-0.262519,0.047811,-4.155076,-19.562040,10.344590,-9.042274,1.042850,0.644811,0.543923,0.183909,-0.346566,17.490416,-35.947849,60.410709,2.954497,6.505322,6.880208,1.575724,-15.520778,38.200348,65.036880,-14.697892,11.957424,-7.870270
23.000000,-2373.776367,-1199.658813,78.680428,-0.484107,-0.245971,-51.680334,1.217026,2.423529,10.768073,10.174552,-10.902448,-0.261794,0.043751,-4.154191,-19.554531,10.342184,-9.040223,1.045220,0.645622,0.543557,0.183881,-0.346180,17.485748,-35.940662,60.411182,2.955117,6.499431,6.888087,1.575720,-15.516883,38.189083,65.038246,-14.713094,11.952954,-7.874890
24.000000,-2373.772949,-1199.660522,78.680321,-0.485399,-0.241317,-51.684466,1.216910,2.421426,10.756081,10.172832,-10.904742,-0.261283,0.040758,-4.153534,-19.548998,10.340435,-9.038732,1.046944,0.646210,0.543298,0.183825,-0.345898,17.482311,-35.935448,60.411530,2.955503,6.495067,6.893874,1.575704,-15.514032,38.180908,65.039253,-14.724251,11.949668,-7.878293
25.000000,-2373.769775,-1199.662231,78.680206,-0.486667,-0.236771,-51.688628,1.216801,2.418612,10.739920,10.170503,-10.907851,-0.260620,0.036700,-4.152632,-19.541496,10.338097,-9.036723,1.049246,0.646994,0.542962,0.183706,-0.345513,17.477650,-35.928417,60.412014,2.955931,6.489121,6.901690,1.575662,-15.510193,38.169975,65.040649,-14.739313,11.945223,-7.882907
26.000000,-2373.766602,-1199.663818,78.680099,-0.487893,-0.232411,-51.692744,1.216748,2.415902,10.724211,10.168232,-10.910891,-0.260001,0.032727,-4.151736,-19.534149,10.335851,-9.034762,1.051461,0.647747,0.542646,0.183548,-0.345129,17.473078,-35.921543,60.412502,2.956248,6.483271,6.909296,1.575602,-15.506463,38.159439,65.042023,-14.753978,11.940885,-7.887423
27.000000,-2373.763428,-1199.665405,78.679993,-0.489166,-0.227952,-51.697040,1.216746,2.413221,10.708492,10.165946,-10.913903,-0.259401,0.028746,-4.150822,-19.526808,10.333652,-9.032768,1.053649,0.648475,0.542351,0.183353,-0.344729,17.468479,-35.914635,60.412994,2.956439,6.477347,6.916895,1.575536,-15.502736,38.148899,65.043427,-14.768658,11.936526,-7.891943
28.000000,-2373.760498,-1199.667114,78.679886,-0.490420,-0.223603,-51.701355,1.216797,2.410606,10.693008,10.163686,-10.916865,-0.258838,0.024815,-4.149908,-19.519560,10.331515,-9.030799,1.055774,0.649185,0.542071,0.183129,-0.344322,17.463917,-35.907784,60.413506,2.956511,6.471446,6.924378,1.575452,-15.499068,38.138615,65.044823,-14.783128,11.932222,-7.896419
29.000000,-2373.757568,-1199.668579,78.679779,-0.491634,-0.219435,-51.705616,1.216871,2.408691,10.681585,10.162012,-10.919044,-0.258441,0.021908,-4.149222,-19.514191,10.329955,-9.029340,1.057321,0.649704,0.541871,0.182946,-0.344013,17.460526,-35.902691,60.413879,2.956486,6.467048,6.929898,1.575376,-15.496367,38.131084,65.045868,-14.793810,11.929039,-7.899736
30.000000,-2373.754639,-1199.670166,78.679680,-0.492840,-0.215338,-51.709945,1.217021,2.406128,10.666167,10.159746,-10.921976,-0.257927,0.017971,-4.148284,-19.506916,10.327873,-9.027353,1.059378,0.650398,0.541610,0.182679,-0.343585,17.455921,-35.895782,60.414406,2.956347,6.461053,6.937350,1.575255,-15.492721,38.120991,65.047302,-14.808244,11.924733,-7.904234
31.000000,-2373.751953,-1199.671631,78.679581,-0.494050,-0.211272,-51.714384,1.217225,2.403636,10.651040,10.157515,-10.924842,-0.257444,0.014091,-4.147349,-19.499741,10.325861,-9.025381,1.061362,0.651069,0.541362,0.182396,-0.343154,17.451365,-35.888939,60.414932,2.956096,6.455100,6.944664,1.575116,-15.489149,38.111153,65.048729,-14.822416,11.920495,-7.908672
32.000000,-2373.749268,-1199.673218,78.679482,-0.495252,-0.207306,-51.718825,1.217480,2.401182,10.635982,10.155277,-10.927649,-0.256977,0.010233,-4.146405,-19.492617,10.323906,-9.023376,1.063300,0.651710,0.541132,0.182104,-0.342713,17.446810,-35.882107,60.415470,2.955707,6.449103,6.951931,1.574973,-15.485592,38.101334,65.050163,-14.836517,11.916262,-7.913087
33.000000,-2373.746582,-1199.674561,78.679390,-0.496444,-0.203416,-51.723321,1.217786,2.398782,10.621134,10.153061,-10.930387,-0.256540,0.006424,-4.145463,-19.485577,10.322005,-9.021385,1.065171,0.652334,0.540915,0.181807,-0.342268,17.442293,-35.875328,60.416012,2.955200,6.443120,6.959093,1.574814,-15.482090,38.091709,65.051598,-14.850424,11.912077,-7.917458
34.000000,-2373.743896,-1199.675903,78.679298,-0.497560,-0.199820,-51.727621,1.218047,2.397025,10.610185,10.151420,-10.932392,-0.256233,0.003610,-4.144760,-19.480366,10.320619,-9.019904,1.066525,0.652788,0.540760,0.181585,-0.341935,17.438946,-35.870293,60.416416,2.954745,6.438664,6.964375,1.574683,-15.479509,38.084648,65.052681,-14.860686,11.908984,-7.920692
35.000000,-2373.741455,-1199.677246,78.679207,-0.498717,-0.196134,-51.732181,1.218450,2.394666,10.595364,10.149187,-10.935082,-0.255838,-0.000211,-4.143796,-19.473286,10.318764,-9.017874,1.068323,0.653395,0.540558,0.181281,-0.341476,17.434381,-35.863438,60.416969,2.954020,6.432565,6.971524,1.574489,-15.476016,38.075127,65.054138,-14.874583,11.904786,-7.925088
36.000000,-2373.739014,-1199.678467,78.679123,-0.499823,-0.192654,-51.736632,1.218893,2.392390,10.580944,10.147009,-10.937675,-0.255473,-0.003941,-4.142846,-19.466373,10.316986,-9.015870,1.070030,0.653972,0.540369,0.180986,-0.341024,17.429916,-35.856712,60.417522,2.953202,6.426563,6.978478,1.574281,-15.472618,38.065907,65.055580,-14.888104,11.900690,-7.929380
37.000000,-2373.736816,-1199.679810,78.679047,-0.500904,-0.189300,-51.741053,1.219386,2.390126,10.566463,10.144815,-10.940248,-0.255126,-0.007688,-4.141882,-19.459427,10.315229,-9.013835,1.071702,0.654535,0.540186,0.180695,-0.340567,17.425411,-35.849930,60.418068,2.952262,6.420475,6.985444,1.574053,-15.469216,38.056698,65.057045,-14.901655,11.896572,-7.933700
38.000000,-2373.734375,-1199.681030,78.678963,-0.502022,-0.185891,-51.745640,1.219916,2.387904,10.552134,10.142626,-10.942735,-0.254797,-0.011379,-4.140921,-19.452600,10.313533,-9.011791,1.073312,0.655068,0.540020,0.180425,-0.340110,17.420954,-35.843197,60.418629,2.951191,6.414382,6.992312,1.573824,-15.465853,38.047543,65.058495,-14.915032,11.892489,-7.937959
39.000000,-2373.732422,-1199.682251,78.678886,-0.503111,-0.182608,-51.750161,1.220331,2.386277,10.541568,10.141005,-10.944540,-0.254569,-0.014093,-4.140210,-19.447584,10.312301,-9.010279,1.074471,0.655452,0.539902,0.180237,-0.339772,17.417662,-35.838223,60.419037,2.950320,6.409855,6.997357,1.573645,-15.463384,38.040821,65.059578,-14.924866,11.889481,-7.941098
40.000000,-2373.729980,-1199.683350,78.678810,-0.504176,-0.179424,-51.754658,1.220926,2.384089,10.527280,10.138807,-10.946941,-0.254280,-0.017756,-4.139244,-19.440821,10.310657,-9.008223,1.075997,0.655961,0.539749,0.179997,-0.339313,17.413206,-35.831474,60.419598,2.949034,6.403685,7.004158,1.573385,-15.460053,38.031796,65.061043,-14.938122,11.885414,-7.945342
41.000000,-2373.728271,-1199.684570,78.678741,-0.505215,-0.176345,-51.759115,1.221553,2.381936,10.513108,10.136621,-10.949286,-0.254013,-0.021387,-4.138280,-19.434132,10.309052,-9.006171,1.077466,0.656453,0.539603,0.179775,-0.338858,17.408777,-35.824749,60.420158,2.947645,6.397510,7.010876,1.573109,-15.456761,38.022900,65.062508,-14.951221,11.881381,-7.949550
42.000000,-2373.726074,-1199.685547,78.678673,-0.506263,-0.173273,-51.763642,1.222211,2.379806,10.498994,10.134424,-10.951568,-0.253759,-0.024994,-4.137316,-19.427505,10.307488,-9.004107,1.078889,0.656921,0.539468,0.179586,-0.338404,17.404367,-35.818031,60.420719,2.946119,6.391288,7.017545,1.572827,-15.453490,38.013988,65.063980,-14.964235,11.877354,-7.953728
43.000000,-2373.724121,-1199.686768,78.678604,-0.507293,-0.170273,-51.768159,1.222895,2.377708,10.484998,10.132232,-10.953787,-0.253530,-0.028568,-4.136355,-19.420956,10.305959,-9.002055,1.080259,0.657373,0.539342,0.179423,-0.337956,17.399990,-35.811352,60.421272,2.944481,6.385060,7.024132,1.572530,-15.450256,38.005196,65.065445,-14.977097,11.873359,-7.957867
44.000000,-2373.722168,-1199.687744,78.678543,-0.508305,-0.167340,-51.772664,1.223425,2.376159,10.474596,10.130593,-10.955415,-0.253375,-0.031224,-4.135637,-19.416100,10.304833,-9.000525,1.081250,0.657702,0.539252,0.179318,-0.337623,17.396734,-35.806366,60.421688,2.943182,6.380392,7.029013,1.572297,-15.447859,37.998692,65.066536,-14.986629,11.870389,-7.960945
45.000000,-2373.720459,-1199.688721,78.678474,-0.509298,-0.164475,-51.777157,1.224168,2.374080,10.460546,10.128369,-10.957582,-0.253186,-0.034812,-4.134660,-19.409555,10.303330,-8.998456,1.082554,0.658135,0.539135,0.179199,-0.337175,17.392330,-35.799606,60.422249,2.941318,6.374036,7.035583,1.571965,-15.444633,37.989948,65.068016,-14.999467,11.866378,-7.965101
46.000000,-2373.718750,-1199.689819,78.678421,-0.510267,-0.161688,-51.781600,1.224913,2.372086,10.446948,10.126208,-10.959655,-0.253022,-0.038289,-4.133707,-19.403236,10.301895,-8.996445,1.083780,0.658542,0.539027,0.179108,-0.336746,17.388063,-35.793037,60.422787,2.939404,6.367830,7.041918,1.571624,-15.441522,37.981533,65.069458,-15.011845,11.862494,-7.969121
47.000000,-2373.717041,-1199.690796,78.678360,-0.511229,-0.158937,-51.786035,1.225703,2.370053,10.432988,10.123960,-10.961740,-0.252868,-0.041860,-4.132721,-19.396788,10.300449,-8.994370,1.085004,0.658939,0.538924,0.179054,-0.336307,17.383686,-35.786274,60.423340,2.937291,6.361381,7.048398,1.571267,-15.438333,37.972832,65.070946,-15.024522,11.858493,-7.973236
48.000000,-2373.715332,-1199.691772,78.678307,-0.512164,-0.156260,-51.790404,1.226494,2.368087,10.419394,10.121754,-10.963743,-0.252742,-0.045344,-4.131755,-19.390528,10.299056,-8.992351,1.086161,0.659315,0.538830,0.179031,-0.335883,17.379423,-35.779659,60.423885,2.935110,6.355040,7.054685,1.570901,-15.435240,37.964394,65.072395,-15.036824,11.854593,-7.977239
49.000000,-2373.713623,-1199.692749,78.678246,-0.513106,-0.153558,-51.794863,1.227095,2.366638,10.409310,10.120107,-10.965212,-0.252662,-0.047931,-4.131033,-19.385895,10.298030,-8.990855,1.086999,0.659587,0.538763,0.179031,-0.335570,17.376261,-35.774738,60.424290,2.933411,6.350298,7.059333,1.570617,-15.432952,37.958168,65.073479,-15.045924,11.851700,-7.980206
50.000000,-2373.712158,-1199.693726,78.678192,-0.514013,-0.150946,-51.799218,1.227932,2.364673,10.395579,10.117844,-10.967193,-0.252571,-0.051462,-4.130048,-19.379606,10.296645,-8.988822,1.088112,0.659947,0.538675,0.179057,-0.335149,17.371948,-35.768017,60.424828,2.930990,6.343792,7.065638,1.570214,-15.429849,37.949726,65.074951,-15.058270,11.847761,-7.984247
51.000000,-2373.710693,-1199.694702,78.678139,-0.514934,-0.148280,-51.803664,1.228768,2.362748,10.382082,10.115588,-10.969106,-0.252489,-0.054941,-4.129078,-19.373461,10.295306,-8.986822,1.089178,0.660281,0.538597,0.179117,-0.334737,17.367718,-35.761387,60.425369,2.928472,6.337325,7.071810,1.569811,-15.426805,37.941383,65.076416,-15.070371,11.843876,-7.988200
52.000000,-2373.708984,-1199.695679,78.678085,-0.515850,-0.145612,-51.808135,1.229617,2.360830,10.368598,10.113311,-10.970995,-0.252423,-0.058428,-4.128109,-19.367348,10.293980,-8.984833,1.090217,0.660603,0.538522,0.179207,-0.334331,17.363493,-35.754745,60.425896,2.925834,6.330805,7.077949,1.569389,-15.423779,37.933086,65.077866,-15.082408,11.839993,-7.992145
53.000000,-2373.707275,-1199.696777,78.678032,-0.516759,-0.142942,-51.812624,1.230470,2.358942,10.355277,10.111038,-10.972847,-0.252374,-0.061886,-4.127149,-19.361326,10.292678,-8.982877,1.091220,0.660912,0.538453,0.179319,-0.333934,17.359318,-35.748161,60.426422,2.923109,6.324310,7.083987,1.568953,-15.420802,37.924946,65.079308,-15.094253,11.836157,-7.996038
54.000000,-2373.705811,-1199.697632,78.677979,-0.517646,-0.140322,-51.817033,1.231111,2.357548,10.345409,10.109339,-10.974211,-0.252349,-0.064455,-4.126437,-19.356880,10.291718,-8.981434,1.091951,0.661134,0.538404,0.179417,-0.333642,17.356226,-35.743271,60.426804,2.921011,6.319464,7.088442,1.568618,-15.418607,37.918949,65.080391,-15.102997,11.833315,-7.998919
55.000000,-2373.704346,-1199.698730,78.677925,-0.518565,-0.137588,-51.821639,1.231995,2.355655,10.331979,10.107004,-10.976061,-0.252326,-0.067964,-4.125465,-19.350849,10.290421,-8.979475,1.092929,0.661426,0.538340,0.179569,-0.333248,17.352015,-35.736588,60.427330,2.918049,6.312818,7.094481,1.568145,-15.415633,37.910831,65.081841,-15.114858,11.829448,-8.002836
56.000000,-2373.702881,-1199.699829,78.677872,-0.519452,-0.134932,-51.826104,1.232868,2.353815,10.318864,10.104704,-10.977864,-0.252313,-0.071408,-4.124516,-19.344976,10.289164,-8.977570,1.093871,0.661699,0.538280,0.179737,-0.332867,17.347900,-35.730042,60.427841,2.915046,6.306276,7.100352,1.567665,-15.412743,37.902950,65.083282,-15.126389,11.825668,-8.006657
57.000000,-2373.701172,-1199.700806,78.677818,-0.520336,-0.132268,-51.830578,1.233754,2.351973,10.305691,10.102370,-10.979677,-0.252312,-0.074885,-4.123559,-19.339100,10.287908,-8.975662,1.094806,0.661962,0.538221,0.179923,-0.332490,17.343769,-35.723450,60.428349,2.911914,6.299651,7.106222,1.567164,-15.409855,37.895088,65.084724,-15.137921,11.821872,-8.010489
58.000000,-2373.699707,-1199.701904,78.677765,-0.521203,-0.129642,-51.834945,1.234633,2.350159,10.292684,10.100031,-10.981451,-0.252317,-0.078335,-4.122612,-19.333332,10.286682,-8.973781,1.095721,0.662205,0.538168,0.180129,-0.332118,17.339695,-35.716919,60.428852,2.908675,6.293036,7.111994,1.566663,-15.407009,37.887287,65.086159,-15.149283,11.818110,-8.014256
59.000000,-2373.698242,-1199.702881,78.677711,-0.522095,-0.126920,-51.839444,1.235512,2.348361,10.279761,10.097679,-10.983212,-0.252334,-0.081780,-4.121672,-19.327629,10.285467,-8.971922,1.096624,0.662439,0.538118,0.180350,-0.331750,17.335648,-35.710411,60.429344,2.905331,6.286409,7.117704,1.566148,-15.404195,37.879581,65.087593,-15.160531,11.814373,-8.017991
60.000000,-2373.696777,-1199.704102,78.677658,-0.522985,-0.124176,-51.843952,1.236407,2.346548,10.266695,10.095277,-10.984997,-0.252363,-0.085281,-4.120720,-19.321882,10.284242,-8.970051,1.097531,0.662665,0.538069,0.180586,-0.331379,17.331554,-35.703812,60.429848,2.901821,6.279652,7.123452,1.565611,-15.401361,37.871845,65.089035,-15.171861,11.810594,-8.021763
61.000000,-2373.695068,-1199.705078,78.677597,-0.523853,-0.121475,-51.848372,1.237071,2.345213,10.257057,10.093488,-10.986316,-0.252390,-0.087877,-4.120017,-19.317654,10.283339,-8.968678,1.098198,0.662826,0.538035,0.180765,-0.331107,17.328533,-35.698933,60.430225,2.899149,6.274631,7.127676,1.565202,-15.399279,37.866173,65.090118,-15.180194,11.807803,-8.024542
62.000000,-2373.693848,-1199.706299,78.677544,-0.524718,-0.118756,-51.852812,1.237960,2.343442,10.244242,10.091083,-10.988079,-0.252432,-0.091365,-4.119076,-19.312025,10.282135,-8.966851,1.099086,0.663063,0.538003,0.180986,-0.330743,17.324503,-35.692410,60.430717,2.895482,6.267895,7.133281,1.564575,-15.396422,37.858334,65.091415,-15.191202,11.803949,-8.028257
63.000000,-2373.692139,-1199.707397,78.677490,-0.525596,-0.115976,-51.857303,1.238853,2.341677,10.231427,10.088662,-10.989851,-0.252479,-0.094863,-4.118138,-19.306429,10.280938,-8.965037,1.099971,0.663308,0.537978,0.181188,-0.330381,17.320467,-35.685879,60.431210,2.891708,6.261115,7.138857,1.563895,-15.393548,37.850563,65.092667,-15.202151,11.800056,-8.031973
64.000000,-2373.690674,-1199.708496,78.677429,-0.526490,-0.113128,-51.861866,1.239733,2.339949,10.218857,10.086268,-10.991604,-0.252532,-0.098307,-4.117218,-19.300974,10.279772,-8.963274,1.100839,0.663543,0.537954,0.181381,-0.330025,17.316505,-35.679459,60.431679,2.887896,6.254416,7.144298,1.563206,-15.390742,37.843060,65.093903,-15.212838,11.796234,-8.035612
65.000000,-2373.688965,-1199.709717,78.677376,-0.527374,-0.110300,-51.866338,1.240633,2.338190,10.206019,10.083791,-10.993383,-0.252587,-0.101836,-4.116281,-19.295448,10.278589,-8.961472,1.101727,0.663766,0.537933,0.181583,-0.329658,17.312468,-35.672894,60.432178,2.883851,6.247506,7.149830,1.562496,-15.387884,37.835407,65.095169,-15.223721,11.792315,-8.039313
66.000000,-2373.687500,-1199.710938,78.677315,-0.528260,-0.107440,-51.870829,1.241504,2.336496,10.193642,10.081378,-10.995106,-0.252649,-0.105254,-4.115377,-19.290150,10.277449,-8.959745,1.102586,0.663970,0.537913,0.181781,-0.329303,17.308571,-35.666550,60.432655,2.879826,6.240789,7.155140,1.561798,-15.385137,37.828091,65.096405,-15.234173,11.788533,-8.042876
67.000000,-2373.685791,-1199.712158,78.677254,-0.529147,-0.104558,-51.875323,1.242412,2.334747,10.180846,10.078858,-10.996894,-0.252719,-0.108806,-4.114443,-19.284689,10.276269,-8.957969,1.103475,0.664172,0.537892,0.181988,-0.328934,17.304541,-35.659969,60.433140,2.875534,6.233788,7.160607,1.561060,-15.382311,37.820602,65.097679,-15.244941,11.784618,-8.046557
68.000000,-2373.684326,-1199.713379,78.677193,-0.530034,-0.101654,-51.879829,1.243302,2.333045,10.168367,10.076379,-10.998646,-0.252795,-0.112287,-4.113533,-19.279387,10.275118,-8.956244,1.104344,0.664357,0.537871,0.182188,-0.328573,17.300608,-35.653530,60.433628,2.871221,6.226905,7.165915,1.560325,-15.379565,37.813374,65.098938,-15.255401,11.780799,-8.050142
69.000000,-2373.682861,-1199.714600,78.677139,-0.530902,-0.098795,-51.884240,1.244181,2.331381,10.156139,10.073927,-11.000369,-0.252875,-0.115714,-4.112640,-19.274212,10.273992,-8.954560,1.105198,0.664528,0.537851,0.182380,-0.328217,17.296749,-35.647202,60.434105,2.866871,6.220108,7.171094,1.559590,-15.376889,37.806351,65.100182,-15.265614,11.777055,-8.053653
70.000000,-2373.681152,-1199.715942,78.677078,-0.531772,-0.095915,-51.888661,1.245084,2.329687,10.143662,10.071401,-11.002135,-0.252961,-0.119227,-4.111730,-19.268959,10.272844,-8.952848,1.106071,0.664691,0.537831,0.182570,-0.327851,17.292814,-35.640732,60.434589,2.862303,6.213119,7.176356,1.558825,-15.374169,37.799248,65.101456,-15.275995,11.773233,-8.057228
71.000000,-2373.679443,-1199.717163,78.677017,-0.532627,-0.093068,-51.893011,1.245760,2.328428,10.134373,10.069508,-11.003454,-0.253028,-0.121852,-4.111053,-19.265066,10.271992,-8.951578,1.106723,0.664804,0.537815,0.182707,-0.327576,17.289881,-35.635906,60.434952,2.858817,6.207880,7.180260,1.558249,-15.372149,37.793980,65.102409,-15.283700,11.770387,-8.059884
72.000000,-2373.677979,-1199.718384,78.676956,-0.533483,-0.090208,-51.897362,1.246659,2.326768,10.122096,10.066988,-11.005203,-0.253119,-0.125337,-4.110158,-19.259943,10.270871,-8.949904,1.107586,0.664942,0.537794,0.182882,-0.327212,17.286001,-35.629513,60.435429,2.854105,6.200910,7.185397,1.557478,-15.369487,37.787033,65.103676,-15.293846,11.766622,-8.063384
73.000000,-2373.676514,-1199.719604,78.676895,-0.534342,-0.087324,-51.901740,1.247556,2.325122,10.109889,10.064467,-11.006952,-0.253210,-0.128820,-4.109271,-19.254871,10.269761,-8.948243,1.108446,0.665066,0.537773,0.183049,-0.326850,17.282141,-35.623138,60.435909,2.849309,6.193929,7.190484,1.556704,-15.366844,37.780125,65.104942,-15.303890,11.762873,-8.066847
74.000000,-2373.675049,-1199.720825,78.676834,-0.535191,-0.084460,-51.906078,1.248441,2.323511,10.097921,10.061980,-11.008676,-0.253300,-0.132252,-4.108400,-19.249918,10.268678,-8.946619,1.109290,0.665173,0.537751,0.183208,-0.326493,17.278349,-35.616875,60.436367,2.844497,6.187033,7.195450,1.555938,-15.364252,37.773327,65.106201,-15.313698,11.759192,-8.070226
75.000000,-2373.673340,-1199.722046,78.676781,-0.536048,-0.081572,-51.910422,1.249348,2.321864,10.085664,10.059403,-11.010424,-0.253393,-0.135784,-4.107510,-19.244883,10.267579,-8.944943,1.110156,0.665264,0.537732,0.183359,-0.326122,17.274467,-35.610451,60.436852,2.839413,6.179897,7.200518,1.555154,-15.361600,37.766357,65.107491,-15.323720,11.755405,-8.073669
76.000000,-2373.671875,-1199.723389,78.676720,-0.536893,-0.078712,-51.914721,1.250232,2.320270,10.073782,10.056888,-11.012122,-0.253487,-0.139221,-4.106649,-19.240026,10.266515,-8.943324,1.110995,0.665343,0.537714,0.183499,-0.325758,17.270704,-35.604206,60.437321,2.834359,6.172924,7.205410,1.554391,-15.359029,37.759575,65.108757,-15.333397,11.751729,-8.076987
77.000000,-2373.670410,-1199.724731,78.676659,-0.537736,-0.075847,-51.919026,1.251140,2.318648,10.061677,10.054306,-11.013853,-0.253589,-0.142738,-4.105774,-19.235102,10.265433,-8.941676,1.111849,0.665412,0.537697,0.183635,-0.325384,17.266863,-35.597828,60.437801,2.829078,6.165760,7.210373,1.553608,-15.356405,37.752644,65.110054,-15.343225,11.747974,-8.080352
78.000000,-2373.668701,-1199.725952,78.676598,-0.538577,-0.072982,-51.923337,1.251818,2.317448,10.052716,10.052383,-11.015134,-0.253668,-0.145351,-4.105128,-19.231464,10.264633,-8.940454,1.112479,0.665456,0.537686,0.183730,-0.325105,17.264015,-35.593090,60.438160,2.825083,6.160419,7.214036,1.553027,-15.354463,37.747498,65.111023,-15.350479,11.745191,-8.082830
79.000000,-2373.667236,-1199.727173,78.676537,-0.539409,-0.070144,-51.927617,1.252717,2.315873,10.040932,10.049841,-11.016819,-0.253774,-0.148801,-4.104279,-19.226698,10.263585,-8.938848,1.113305,0.665503,0.537673,0.183847,-0.324734,17.260267,-35.586853,60.438625,2.819721,6.153346,7.218837,1.552258,-15.351903,37.740711,65.112305,-15.359986,11.741523,-8.086077
80.000000,-2373.665527,-1199.728394,78.676483,-0.540257,-0.067246,-51.931998,1.253637,2.314275,10.028955,10.047243,-11.018531,-0.253882,-0.152325,-4.103418,-19.221872,10.262527,-8.937209,1.114143,0.665536,0.537659,0.183956,-0.324355,17.256451,-35.580494,60.439106,2.814154,6.146101,7.223697,1.551473,-15.349298,37.733791,65.113617,-15.369610,11.737784,-8.089359
81.000000,-2373.664062,-1199.729736,78.676430,-0.541107,-0.064347,-51.936374,1.254548,2.312705,10.017168,10.044660,-11.020195,-0.253985,-0.155808,-4.102572,-19.217155,10.261498,-8.935579,1.114965,0.665551,0.537646,0.184048,-0.323975,17.252697,-35.574226,60.439583,2.808524,6.138901,7.228464,1.550702,-15.346738,37.726963,65.114922,-15.379049,11.734090,-8.092572
82.000000,-2373.662842,-1199.730957,78.676369,-0.541928,-0.061544,-51.940624,1.255463,2.311143,10.005432,10.042071,-11.021849,-0.254092,-0.159288,-4.101733,-19.212481,10.260477,-8.933955,1.115779,0.665555,0.537634,0.184128,-0.323593,17.248951,-35.567974,60.440052,2.802788,6.131673,7.233192,1.549932,-15.344183,37.720150,65.116226,-15.388415,11.730404,-8.095757
83.000000,-2373.661133,-1199.732178,78.676315,-0.542742,-0.058764,-51.944858,1.256379,2.309600,9.993827,10.039497,-11.023479,-0.254201,-0.162742,-4.100905,-19.207872,10.259468,-8.932346,1.116578,0.665547,0.537623,0.184199,-0.323211,17.245241,-35.561771,60.440525,2.796986,6.124468,7.237849,1.549167,-15.341653,37.713390,65.117538,-15.397645,11.726748,-8.098890
84.000000,-2373.659912,-1199.733398,78.676262,-0.543519,-0.056112,-51.948921,1.257065,2.308458,9.985229,10.037580,-11.024684,-0.254285,-0.165309,-4.100293,-19.204468,10.258722,-8.931148,1.117167,0.665535,0.537617,0.184246,-0.322925,17.242489,-35.557167,60.440872,2.792600,6.119092,7.241291,1.548598,-15.339776,37.708366,65.118507,-15.404461,11.724033,-8.101203
85.000000,-2373.658447,-1199.734497,78.676208,-0.544330,-0.053345,-51.953186,1.258007,2.306907,9.973536,10.034959,-11.026314,-0.254400,-0.168812,-4.099462,-19.199850,10.257710,-8.929508,1.117961,0.665506,0.537609,0.184301,-0.322533,17.238737,-35.550884,60.441353,2.786522,6.111728,7.245957,1.547822,-15.337218,37.701515,65.119850,-15.413704,11.720334,-8.104336
86.000000,-2373.656982,-1199.735718,78.676155,-0.545137,-0.050602,-51.957420,1.258923,2.305409,9.962228,10.032403,-11.027864,-0.254507,-0.172213,-4.098660,-19.195417,10.256747,-8.927899,1.118724,0.665462,0.537603,0.184340,-0.322147,17.235111,-35.544804,60.441814,2.780500,6.104536,7.250454,1.547072,-15.334747,37.694878,65.121155,-15.422614,11.716741,-8.107352
87.000000,-2373.655518,-1199.736938,78.676102,-0.545919,-0.047946,-51.961547,1.259644,2.304240,9.953393,10.030396,-11.029070,-0.254592,-0.174878,-4.098036,-19.191965,10.255997,-8.926638,1.119314,0.665420,0.537598,0.184364,-0.321843,17.232275,-35.540043,60.442177,2.775709,6.098876,7.253958,1.546484,-15.332812,37.689678,65.122177,-15.429552,11.713925,-8.109698
88.000000,-2373.654297,-1199.738037,78.676056,-0.546726,-0.045209,-51.965842,1.260584,2.302735,9.942011,10.027800,-11.030617,-0.254703,-0.178323,-4.097233,-19.187529,10.255033,-8.925007,1.120068,0.665355,0.537592,0.184386,-0.321449,17.228611,-35.533897,60.442650,2.769432,6.091535,7.258456,1.545724,-15.330317,37.682961,65.123497,-15.438457,11.710290,-8.112709
89.000000,-2373.652832,-1199.739136,78.676003,-0.547524,-0.042509,-51.970119,1.261522,2.301251,9.930780,10.025229,-11.032137,-0.254813,-0.181737,-4.096444,-19.183165,10.254084,-8.923387,1.120804,0.665278,0.537586,0.184397,-0.321058,17.224987,-35.527809,60.443108,2.763127,6.084234,7.262879,1.544970,-15.327848,37.676308,65.124825,-15.447209,11.706692,-8.115666
90.000000,-2373.651611,-1199.740356,78.675957,-0.548314,-0.039842,-51.974384,1.262489,2.299745,9.919357,10.022605,-11.033676,-0.254928,-0.185222,-4.095642,-19.178734,10.253121,-8.921723,1.121543,0.665187,0.537580,0.184399,-0.320658,17.221291,-35.521603,60.443573,2.756591,6.076748,7.267365,1.544201,-15.325336,37.669521,65.126183,-15.456080,11.703020,-8.118662
91.000000,-2373.649902,-1199.741455,78.675911,-0.549107,-0.037182,-51.978664,1.263357,2.298235,9.907821,10.020082,-11.035156,-0.255046,-0.188606,-4.094867,-19.174578,10.252171,-8.920084,1.122250,0.665053,0.537571,0.184391,-0.320263,17.217665,-35.515484,60.444042,2.750077,6.069248,7.271760,1.543448,-15.322856,37.662842,65.127533,-15.464790,11.699398,-8.121605
92.000000,-2373.649902,-1199.743042,78.675880,-0.550651,-0.034156,-51.964110,1.256842,2.294423,9.873295,10.024055,-11.036020,-0.255631,-0.187853,-4.095124,-19.184296,10.250128,-8.920276,1.122110,0.662574,0.537032,0.184330,-0.320384,17.214783,-35.509510,60.445225,2.749903,6.057448,7.275659,1.542992,-15.320009,37.657455,65.128777,-15.473936,11.696447,-8.124862
93.000000,-2373.650146,-1199.745239,78.675934,-0.551329,-0.031613,-51.945628,1.250050,2.289645,9.833164,10.026138,-11.035469,-0.256055,-0.185194,-4.096455,-19.198935,10.248942,-8.921655,1.122468,0.663292,0.536067,0.184369,-0.319775,17.212196,-35.502968,60.446323,2.749455,6.044599,7.280390,1.541933,-15.317031,37.652336,65.130516,-15.482866,11.693949,-8.127735
94.000000,-2373.650391,-1199.747314,78.675934,-0.550839,-0.029346,-51.940902,1.249203,2.287410,9.817823,10.024414,-11.035443,-0.256137,-0.185864,-4.096862,-19.200411,10.248709,-8.921946,1.123398,0.664831,0.535791,0.184400,-0.318877,17.209858,-35.498024,60.446735,2.745614,6.038406,7.284396,1.540797,-15.314970,37.647755,65.131989,-15.489016,11.691568,-8.129892
95.000000,-2373.650391,-1199.749146,78.675873,-0.550153,-0.027048,-51.943186,1.249993,2.285207,9.805129,10.021241,-11.035896,-0.256358,-0.188543,-4.096812,-19.196918,10.248103,-8.921794,1.124631,0.665598,0.535871,0.184632,-0.317891,17.206457,-35.491699,60.447144,2.738881,6.031230,7.289630,1.539583,-15.312332,37.641087,65.133934,-15.497196,11.687738,-8.133200
96.000000,-2373.650146,-1199.750854,78.675789,-0.549764,-0.024867,-51.947992,1.251563,2.283556,9.795276,10.017969,-11.036592,-0.256764,-0.191812,-4.096220,-19.191574,10.247345,-8.921382,1.125506,0.665310,0.536039,0.185053,-0.317295,17.203043,-35.485798,60.447403,2.731931,6.024674,7.294396,1.538779,-15.309824,37.634384,65.135704,-15.505121,11.683741,-8.136633
97.000000,-2373.649902,-1199.752197,78.675705,-0.549754,-0.022687,-51.953364,1.253255,2.282235,9.785531,10.014747,-11.037423,-0.257361,-0.195383,-4.095275,-19.186016,10.246677,-8.920719,1.125987,0.664761,0.536050,0.185517,-0.316947,17.199530,-35.479855,60.447533,2.724752,6.018034,7.298956,1.538140,-15.307293,37.627563,65.137375,-15.513242,11.679708,-8.140087
98.000000,-2373.649658,-1199.753540,78.675636,-0.550055,-0.020429,-51.958748,1.254854,2.281112,9.775755,10.011562,-11.038249,-0.258054,-0.198991,-4.094189,-19.180796,10.246085,-8.919797,1.126210,0.664293,0.535928,0.185910,-0.316681,17.196058,-35.473953,60.447617,2.717579,6.011368,7.303261,1.537532,-15.304817,37.620865,65.138832,-15.521302,11.675893,-8.143330
99.000000,-2373.648926,-1199.754761,78.675591,-0.550546,-0.018185,-51.963793,1.256319,2.280043,9.765966,10.008464,-11.039125,-0.258679,-0.202522,-4.093081,-19.175884,10.245417,-8.918598,1.126256,0.663951,0.535741,0.186185,-0.316410,17.192656,-35.468117,60.447731,2.710372,6.004635,7.307383,1.536904,-15.302381,37.614292,65.140160,-15.529278,11.672285,-8.146345
100.000000,-2373.647949,-1199.755737,78.675552,-0.551148,-0.015974,-51.968504,1.257384,2.279183,9.758315,10.006142,-11.039872,-0.259087,-0.205179,-4.092258,-19.172226,10.244807,-8.917521,1.126252,0.663750,0.535585,0.186336,-0.316184,17.190025,-35.463585,60.447876,2.704714,5.999318,7.310512,1.536396,-15.300506,37.609234,65.141136,-15.535427,11.669574,-8.148565
101.000000,-2373.647217,-1199.756836,78.675514,-0.551850,-0.013661,-51.973149,1.258641,2.277971,9.748055,10.003231,-11.040924,-0.259575,-0.208540,-4.091279,-19.167719,10.243935,-8.916039,1.126317,0.663560,0.535401,0.186485,-0.315878,17.186602,-35.457630,60.448105,2.697253,5.992192,7.314543,1.535707,-15.298078,37.602680,65.142387,-15.543398,11.666114,-8.151354
102.000000,-2373.646729,-1199.758179,78.675499,-0.553170,-0.011118,-51.964990,1.255917,2.275425,9.725110,10.003883,-11.041675,-0.260322,-0.209568,-4.090873,-19.170652,10.242369,-8.915465,1.125983,0.661995,0.534972,0.186622,-0.315884,17.183584,-35.451767,60.448784,2.693465,5.982720,7.318265,1.535156,-15.295444,37.596863,65.143532,-15.551605,11.663075,-8.154288
103.000000,-2373.646729,-1199.759888,78.675529,-0.554013,-0.008907,-51.952204,1.250597,2.271607,9.690777,10.005445,-11.041296,-0.261084,-0.207756,-4.091473,-19.181597,10.241086,-8.916245,1.125812,0.662028,0.534106,0.186799,-0.315453,17.181044,-35.445511,60.449684,2.691896,5.971144,7.322520,1.534206,-15.292545,37.591663,65.145065,-15.559792,11.660593,-8.157090
104.000000,-2373.646484,-1199.761475,78.675529,-0.553898,-0.006789,-51.949597,1.250124,2.269268,9.674127,10.003134,-11.041561,-0.261328,-0.209134,-4.091626,-19.181736,10.240591,-8.916054,1.126635,0.663381,0.533763,0.187007,-0.314440,17.178059,-35.439190,60.450134,2.685801,5.963293,7.327299,1.532876,-15.289915,37.585598,65.146904,-15.567250,11.657443,-8.159884
105.000000,-2373.646240,-1199.762939,78.675491,-0.553575,-0.004474,-51.952467,1.250901,2.267802,9.665830,10.000727,-11.042062,-0.261464,-0.211279,-4.091466,-19.178616,10.240021,-8.915574,1.127334,0.663654,0.533732,0.187328,-0.313818,17.175615,-35.434513,60.450394,2.680045,5.957863,7.330857,1.532067,-15.287983,37.580620,65.148300,-15.572953,11.654610,-8.162267
106.000000,-2373.645508,-1199.764404,78.675423,-0.553486,-0.002137,-51.957598,1.252467,2.266187,9.656805,9.997412,-11.042893,-0.261691,-0.214581,-4.090915,-19.173183,10.239161,-8.914747,1.128095,0.663326,0.533706,0.187894,-0.313294,17.172377,-35.428631,60.450615,2.672209,5.951086,7.335217,1.531288,-15.285523,37.574028,65.150040,-15.580338,11.650727,-8.165474
107.000000,-2373.644775,-1199.765625,78.675346,-0.553735,0.000265,-51.963392,1.254157,2.264864,9.648191,9.994162,-11.043884,-0.262024,-0.218196,-4.090072,-19.167421,10.238373,-8.913682,1.128633,0.662744,0.533556,0.188468,-0.312987,17.169090,-35.422791,60.450737,2.664217,5.944298,7.339358,1.530649,-15.283075,37.567360,65.151672,-15.587770,11.646821,-8.168655
108.000000,-2373.643799,-1199.766724,78.675285,-0.554249,0.002716,-51.969080,1.255762,2.263729,9.639626,9.990952,-11.044909,-0.262413,-0.221913,-4.089090,-19.161884,10.237652,-8.912395,1.129003,0.662229,0.533284,0.188945,-0.312774,17.165831,-35.416996,60.450809,2.656233,5.937488,7.343258,1.530040,-15.280669,37.560810,65.153137,-15.595144,11.643093,-8.171639
109.000000,-2373.642822,-1199.767822,78.675240,-0.554932,0.005233,-51.974557,1.257216,2.262653,9.630931,9.987825,-11.046011,-0.262779,-0.225597,-4.088070,-19.156670,10.236853,-8.910903,1.129292,0.661832,0.532965,0.189272,-0.312565,17.162611,-35.411228,60.450893,2.648189,5.930562,7.346995,1.529416,-15.278293,37.554337,65.154449,-15.602501,11.639549,-8.174405
110.000000,-2373.642334,-1199.769409,78.675240,-0.556429,0.007970,-51.961774,1.252320,2.259271,9.600095,9.989970,-11.046271,-0.263599,-0.225077,-4.087976,-19.164465,10.234857,-8.910998,1.128696,0.659680,0.532080,0.189485,-0.312832,17.160011,-35.405418,60.451748,2.646240,5.919365,7.350355,1.529034,-15.275502,37.549107,65.155647,-15.610578,11.636767,-8.177333
111.000000,-2373.642578,-1199.771484,78.675293,-0.557177,0.010492,-51.946219,1.246724,2.255239,9.564551,9.991006,-11.045600,-0.264249,-0.222838,-4.088839,-19.177025,10.233585,-8.912122,1.128713,0.660464,0.530861,0.189611,-0.312349,17.157730,-35.399166,60.452579,2.644028,5.907316,7.354432,1.528002,-15.272606,37.544220,65.157265,-15.618328,11.634477,-8.179785
112.000000,-2373.642578,-1199.773438,78.675285,-0.556879,0.012854,-51.943231,1.246166,2.253445,9.551693,9.989133,-11.045728,-0.264447,-0.223738,-4.089033,-19.177698,10.233185,-8.912223,1.129449,0.661876,0.530440,0.189701,-0.311545,17.155642,-35.394424,60.452847,2.638886,5.901206,7.357909,1.526899,-15.270617,37.539772,65.158607,-15.623606,11.632242,-8.181638
113.000000,-2373.642090,-1199.775146,78.675232,-0.556384,0.015380,-51.946313,1.247002,2.251742,9.542318,9.986163,-11.046311,-0.264663,-0.226247,-4.088880,-19.174105,10.232405,-8.911880,1.130332,0.662384,0.530380,0.189978,-0.310755,17.152908,-35.389000,60.453079,2.631303,5.894729,7.361928,1.525853,-15.268356,37.533955,65.160194,-15.629950,11.629011,-8.184210
114.000000,-2373.641357,-1199.776611,78.675148,-0.556167,0.017929,-51.951809,1.248731,2.250086,9.533523,9.982399,-11.047225,-0.264965,-0.229913,-4.088257,-19.167952,10.231338,-8.911216,1.131171,0.662075,0.530418,0.190506,-0.310163,17.149517,-35.382744,60.453270,2.621865,5.887351,7.366398,1.524977,-15.265732,37.526852,65.162018,-15.637543,11.624893,-8.187465
115.000000,-2373.641113,-1199.776367,78.674759,-0.553674,0.025006,-51.955163,1.248963,2.244482,9.522456,9.970477,-11.043318,-0.265498,-0.251386,-4.095012,-19.160666,10.259974,-8.922530,1.129696,0.661237,0.532205,0.190022,-0.325511,17.134535,-35.377392,60.500679,2.604666,5.861262,7.368866,1.518153,-15.263884,37.514458,65.167931,-15.644109,11.622242,-8.182976
116.000000,-2373.641113,-1199.775024,78.673279,-0.540204,0.025558,-51.939068,1.261050,2.219842,9.493176,9.928917,-11.021864,-0.265501,-0.306521,-4.132044,-19.162315,10.379634,-8.978516,1.123389,0.652175,0.536342,0.190837,-0.398928,17.077312,-35.374924,60.707314,2.574539,5.801491,7.366812,1.485116,-15.263141,37.500328,65.197311,-15.646027,11.621664,-8.138039
117.000000,-2373.640625,-1199.777344,78.670898,-0.515437,0.003305,-51.897361,1.309759,2.174951,9.439728,9.861749,-10.986542,-0.263220,-0.348366,-4.195861,-19.180092,10.554316,-9.072140,1.123879,0.607980,0.538914,0.194268,-0.489936,17.002884,-35.374126,60.991508,2.449150,5.776178,7.362342,1.431682,-15.255891,37.448463,65.243973,-15.638356,11.620785,-8.025866
118.000000,-2373.639893,-1199.781860,78.667511,-0.486309,-0.029226,-51.795273,1.344369,2.121535,9.336766,9.827505,-10.958334,-0.257531,-0.362359,-4.271068,-19.243677,10.723918,-9.175415,1.134958,0.508898,0.551844,0.195756,-0.544053,16.947134,-35.374332,61.237579,2.239259,5.775447,7.354796,1.376933,-15.250223,37.379105,65.271965,-15.625751,11.622634,-7.908566
119.000000,-2373.640381,-1199.786133,78.664185,-0.458305,-0.060031,-51.648436,1.357332,2.068892,9.208528,9.817079,-10.935725,-0.249955,-0.361930,-4.345088,-19.336468,10.868263,-9.270113,1.150231,0.414395,0.575399,0.196221,-0.572915,16.908571,-35.376659,61.417469,2.001478,5.790811,7.348661,1.328155,-15.255135,37.344776,65.285133,-15.612109,11.631845,-7.817785
120.000000,-2373.639404,-1199.783325,78.661636,-0.452967,-0.107290,-51.517345,1.357187,2.025205,9.051763,9.854371,-10.937950,-0.234898,-0.318578,-4.406321,-19.451185,10.964345,-9.340715,1.177507,0.361566,0.652022,0.216090,-0.617033,16.881073,-35.449440,61.545555,1.623230,5.862319,7.341460,1.261787,-15.287933,37.339699,65.317383,-15.518302,11.659489,-7.741739
121.000000,-2373.632324,-1199.770020,78.658424,-0.457644,-0.152489,-51.456816,1.348807,2.012207,8.966597,9.952789,-10.989347,-0.210440,-0.265737,-4.429820,-19.493658,11.003304,-9.364245,1.209826,0.387210,0.811314,0.250124,-0.680248,16.887306,-35.662552,61.564144,1.233820,5.975625,7.284235,1.145470,-15.331563,37.342854,65.423241,-15.243279,11.689618,-7.712583
122.000000,-2373.619141,-1199.749146,78.653961,-0.451228,-0.196231,-51.403545,1.343693,1.981681,8.909836,10.040271,-11.036712,-0.181335,-0.253456,-4.481346,-19.517126,11.105234,-9.414319,1.238361,0.389382,1.018117,0.281363,-0.742433,16.893326,-35.920357,61.587936,0.952613,6.086078,7.095107,0.978561,-15.352796,37.352623,65.581024,-14.933046,11.739959,-7.680710
123.000000,-2373.603516,-1199.720337,78.649345,-0.440626,-0.215034,-51.326977,1.306898,1.936419,8.841158,10.123611,-11.070081,-0.145995,-0.269711,-4.549959,-19.555834,11.216791,-9.470982,1.268548,0.354687,1.221251,0.298220,-0.820674,16.912672,-36.213715,61.643547,0.843744,6.172123,6.804962,0.813437,-15.410383,37.366753,65.780632,-14.794914,11.831096,-7.600570
124.000000,-2373.592041,-1199.684326,78.646500,-0.428538,-0.189137,-51.251851,1.200639,1.881908,8.764274,10.227430,-11.095005,-0.097271,-0.335889,-4.629371,-19.600885,11.321595,-9.514195,1.311392,0.267579,1.478444,0.317458,-0.898559,16.968908,-36.565990,61.694008,0.792266,6.247296,6.420502,0.559507,-15.459599,37.371067,66.055656,-14.642803,11.946258,-7.546073
125.000000,-2373.581055,-1199.641479,78.645050,-0.401547,-0.117051,-51.233002,1.073706,1.814879,8.758498,10.246581,-11.075780,-0.044547,-0.492795,-4.719316,-19.590776,11.439098,-9.551435,1.358575,0.171144,1.700881,0.323903,-0.918107,17.059914,-36.890381,61.699635,0.696250,6.314831,6.031112,0.292364,-15.516183,37.333218,66.215248,-14.606051,12.081609,-7.512540
126.000000,-2373.568848,-1199.588623,78.641037,-0.357403,-0.029601,-51.264429,0.979582,1.755587,8.800504,10.240026,-11.052145,-0.001736,-0.676194,-4.808111,-19.540785,11.611732,-9.609121,1.383680,0.092174,1.849967,0.335659,-0.928674,17.138870,-37.128342,61.699211,0.562529,6.368396,5.776269,0.074198,-15.576342,37.284309,66.282211,-14.610180,12.162409,-7.494531
127.000000,-2373.553223,-1199.518188,78.631683,-0.298523,0.066371,-51.328894,0.824756,1.657845,8.892070,10.265589,-11.032689,0.065778,-1.034054,-4.973778,-19.420033,12.023779,-9.754818,1.408308,-0.063908,2.042791,0.365927,-0.968197,17.268707,-37.571545,61.696964,0.362617,6.465905,5.448322,-0.294813,-15.676420,37.194218,66.330826,-14.613897,12.210997,-7.486558
128.000000,-2373.528809,-1199.429321,78.618622,-0.234447,0.169579,-51.369730,0.651085,1.546402,8.960048,10.348767,-11.033811,0.143182,-1.407669,-5.166253,-19.306898,12.504411,-9.923697,1.441624,-0.276565,2.235476,0.420188,-1.086914,17.382504,-38.172607,61.697361,0.192044,6.610325,5.151154,-0.679101,-15.815671,37.152031,66.369156,-14.609521,12.232940,-7.487101
129.000000,-2373.498047,-1199.329834,78.604675,-0.163038,0.261873,-51.445886,0.429815,1.389632,9.053685,10.456743,-11.031622,0.246739,-1.892593,-5.430589,-19.161390,13.133362,-10.137155,1.496103,-0.543866,2.482179,0.496041,-1.305490,17.492321,-39.012478,61.714306,-0.097883,6.797453,4.804236,-1.186735,-16.005548,37.140903,66.361572,-14.490179,12.235087,-7.494248
130.000000,-2373.456543,-1199.229004,78.590836,-0.091710,0.331897,-51.587600,0.291742,1.240977,9.228333,10.501330,-11.022162,0.347263,-2.334647,-5.667208,-18.933842,13.698457,-10.315878,1.563911,-0.689279,2.708276,0.553962,-1.576472,17.574198,-39.857445,61.790131,-0.400224,6.918315,4.514539,-1.667648,-16.187508,37.142677,66.315598,-14.235128,12.230124,-7.503054
131.000000,-2373.406494,-1199.128296,78.576233,-0.028827,0.423794,-51.738621,0.143867,1.109261,9.413277,10.565041,-11.030180,0.445687,-2.747872,-5.873373,-18.695509,14.184530,-10.463381,1.632356,-0.804689,2.908805,0.541020,-1.853151,17.644745,-40.737320,61.930912,-0.711581,7.003161,4.218099,-2.129907,-16.322327,37.210136,66.299736,-13.981597,12.221737,-7.526951
132.000000,-2373.360352,-1199.029419,78.560944,0.023934,0.533448,-51.873492,-0.058985,0.995385,9.584326,10.687483,-11.064348,0.543940,-3.165970,-6.062120,-18.479033,14.635346,-10.591380,1.697371,-0.923625,3.072573,0.497365,-2.129077,17.726952,-41.581997,62.050667,-1.023149,7.119267,3.919169,-2.583255,-16.408480,37.368111,66.290802,-13.719179,12.208193,-7.572752
133.000000,-2373.316650,-1198.926147,78.547112,0.056302,0.633220,-51.907091,-0.284889,0.902575,9.656780,10.861637,-11.113989,0.633179,-3.481934,-6.222327,-18.378170,14.965199,-10.675385,1.759032,-1.077115,3.201208,0.476099,-2.421915,17.823498,-42.360275,62.116230,-1.279907,7.261225,3.607815,-2.973380,-16.495049,37.663338,66.282150,-13.478286,12.195570,-7.601625
134.000000,-2373.277588,-1198.815430,78.531395,0.111610,0.795453,-51.912451,-0.632235,0.759751,9.710223,11.053782,-11.144145,0.750305,-3.961507,-6.458861,-18.286972,15.438322,-10.802213,1.834087,-1.254419,3.302123,0.399584,-2.835432,17.980986,-43.331963,62.155190,-1.500177,7.442796,3.183401,-3.401274,-16.610620,38.070946,66.252960,-13.180134,12.179699,-7.611731
135.000000,-2373.255615,-1198.676636,78.507172,0.238499,0.926205,-51.977135,-0.856512,0.591564,9.789489,11.120969,-11.119602,0.858516,-4.437682,-6.718633,-18.152891,16.011606,-10.986293,1.899049,-1.356300,3.291718,0.406342,-3.238246,18.171913,-44.149673,62.138702,-1.553112,7.572363,2.812605,-3.774270,-16.693764,38.432007,66.184799,-13.087253,12.177041,-7.613144
136.000000,-2373.235352,-1198.506958,78.479645,0.366005,1.070112,-52.042588,-1.166608,0.347326,9.911594,11.252479,-11.097862,1.027153,-5.093197,-7.089023,-17.939348,16.811588,-11.223298,2.004993,-1.449865,3.274047,0.492793,-3.898340,18.449177,-45.249268,62.082436,-1.573076,7.688387,2.297378,-4.366404,-16.860239,38.963932,66.027779,-13.030824,12.174720,-7.616527
137.000000,-2373.206299,-1198.314087,78.458481,0.461767,1.256617,-52.115093,-1.578457,0.113308,10.033788,11.417870,-11.072859,1.212673,-5.761902,-7.427134,-17.734316,17.445229,-11.343225,2.125258,-1.505236,3.315649,0.570976,-4.679031,18.700449,-46.223873,62.046806,-1.614220,7.728467,1.796361,-5.049020,-17.088413,39.449562,65.796074,-12.958008,12.171264,-7.648063
138.000000,-2373.158936,-1198.101074,78.445969,0.544631,1.506268,-52.179780,-1.956443,-0.104372,10.142936,11.422624,-10.972051,1.389342,-6.353290,-7.696848,-17.561453,17.825193,-11.340214,2.235560,-1.592929,3.403991,0.582263,-5.367390,18.914671,-46.939796,62.043823,-1.722328,7.731975,1.402240,-5.718085,-17.270370,39.685936,65.563828,-12.899573,12.148970,-7.784567
139.000000,-2373.095459,-1197.885010,78.439697,0.615894,1.741678,-52.195420,-2.347955,-0.386740,10.226141,11.307939,-10.784825,1.605619,-6.973501,-8.016838,-17.415268,18.152655,-11.277651,2.371173,-1.777190,3.537873,0.592453,-6.134885,19.168530,-47.613636,62.042240,-1.863318,7.731471,1.028117,-6.558425,-17.442553,39.832203,65.355759,-12.796265,12.041340,-8.028052
140.000000,-2373.017578,-1197.679321,78.440849,0.633444,1.865564,-52.167181,-2.503874,-0.557428,10.246221,11.176017,-10.639812,1.726814,-7.232285,-8.196069,-17.373421,18.247725,-11.185273,2.450961,-1.941844,3.662458,0.658694,-6.631563,19.334723,-47.889462,62.027683,-1.925122,7.731860,0.779416,-7.121267,-17.549372,39.871964,65.311386,-12.642612,11.810844,-8.266238
141.000000,-2372.937500,-1197.502930,78.437714,0.649888,1.989913,-52.180070,-2.681283,-0.727116,10.312504,11.065061,-10.502945,1.862144,-7.527033,-8.379488,-17.297161,18.357397,-11.069204,2.527068,-2.058012,3.804999,0.668139,-7.219085,19.556877,-48.045097,61.937778,-1.924507,7.734990,0.433657,-7.677340,-17.685873,39.875080,65.267937,-12.409475,11.422725,-8.603734
142.000000,-2372.870361,-1197.334839,78.427917,0.692357,2.099880,-52.196419,-2.874253,-0.908566,10.395183,11.020942,-10.396050,2.011487,-7.878181,-8.599764,-17.195498,18.612467,-11.030316,2.602887,-2.130515,3.853588,0.652877,-7.856059,19.867754,-48.376060,61.751110,-1.886102,7.735554,0.077889,-8.107086,-17.860458,39.878284,65.108170,-12.238321,11.039584,-8.880066
143.000000,-2372.812500,-1197.181274,78.422981,0.719942,2.150728,-52.252345,-2.991620,-1.066920,10.498152,10.952376,-10.292381,2.155695,-8.149735,-8.780546,-17.068615,18.803198,-10.969383,2.690705,-2.184394,3.865708,0.677093,-8.551404,20.201815,-48.787903,61.557274,-1.838444,7.717319,-0.304819,-8.480026,-18.072042,39.882515,64.881874,-12.135369,10.671410,-9.114553
144.000000,-2372.757568,-1197.043701,78.423019,0.727841,2.211396,-52.384981,-3.050139,-1.169848,10.672964,10.829626,-10.191455,2.284817,-8.357825,-8.871884,-16.885061,18.841404,-10.837451,2.779522,-2.191342,3.877819,0.663964,-9.196692,20.531996,-49.159500,61.357609,-1.821628,7.696949,-0.697670,-8.780494,-18.316450,39.885376,64.560028,-11.998305,10.371861,-9.341024
145.000000,-2372.710693,-1196.915161,78.423080,0.733544,2.253337,-52.526620,-3.100453,-1.253847,10.868015,10.730124,-10.111192,2.406702,-8.544034,-8.944261,-16.697996,18.854244,-10.699184,2.869863,-2.196412,3.871480,0.656093,-9.787752,20.982533,-49.506538,60.851738,-1.812252,7.696219,-1.090784,-8.997956,-18.659447,39.897869,63.932110,-11.707318,10.176253,-9.580862
146.000000,-2372.674072,-1196.795288,78.417313,0.755509,2.277450,-52.633534,-3.145158,-1.320742,10.996756,10.693386,-10.069925,2.488242,-8.690791,-9.019022,-16.580557,18.928389,-10.638842,2.927841,-2.221226,3.839637,0.651106,-10.185132,21.380655,-49.678856,60.269012,-1.803100,7.697129,-1.351217,-9.089404,-18.969603,39.904514,63.252953,-11.438051,10.069612,-9.760529
147.000000,-2372.644043,-1196.687622,78.407707,0.786169,2.248124,-52.732475,-3.168399,-1.411571,11.149864,10.683967,-10.043263,2.580868,-8.859846,-9.140394,-16.446896,19.115330,-10.620786,2.988869,-2.297798,3.759687,0.656088,-10.679456,21.887428,-49.747520,59.457245,-1.787698,7.658285,-1.606526,-9.157355,-19.380997,39.908436,62.234154,-11.084294,9.894263,-10.002662
148.000000,-2372.620850,-1196.598022,78.397209,0.831833,2.170626,-52.864469,-3.099393,-1.495020,11.333736,10.646389,-10.022975,2.653413,-8.991776,-9.260761,-16.302383,19.360605,-10.635852,3.035889,-2.355387,3.634455,0.658575,-11.191661,22.214651,-49.755810,59.039318,-1.775048,7.483464,-1.716311,-9.230160,-19.687096,39.911301,61.403023,-10.633554,9.621509,-10.247660
149.000000,-2372.609375,-1196.536255,78.385460,0.895020,2.028874,-52.989910,-2.927395,-1.583421,11.501787,10.560622,-9.995841,2.700620,-9.045832,-9.399293,-16.252077,19.631008,-10.703204,3.066937,-2.432846,3.426289,0.675255,-11.649751,22.406185,-49.753689,58.992184,-1.751920,7.216487,-1.728945,-9.316039,-19.843576,39.912498,60.843685,-10.060234,9.286493,-10.451101
150.000000,-2372.602051,-1196.503662,78.379890,0.926591,1.836002,-53.055330,-2.669032,-1.643268,11.611333,10.471220,-9.983005,2.724622,-8.940938,-9.493185,-16.243717,19.792002,-10.771967,3.090253,-2.554382,3.176756,0.703682,-11.964009,22.559111,-49.749580,59.012154,-1.660025,6.965613,-1.728243,-9.376902,-19.880150,39.914082,60.532089,-9.473383,8.919933,-10.603905
151.000000,-2372.596680,-1196.487183,78.380089,0.922441,1.653916,-53.097388,-2.424590,-1.643161,11.666523,10.435090,-9.997845,2.735523,-8.744282,-9.516606,-16.284281,19.823023,-10.779020,3.110834,-2.667935,2.956243,0.712107,-12.144465,22.664248,-49.746090,59.036873,-1.529652,6.748211,-1.726578,-9.384892,-19.879900,39.919167,60.410419,-8.789980,8.563216,-10.683567
152.000000,-2372.591797,-1196.476318,78.383606,0.896980,1.447626,-53.139879,-2.172385,-1.608081,11.720129,10.431293,-10.035475,2.737740,-8.463336,-9.492452,-16.355515,19.722773,-10.750208,3.124115,-2.735494,2.765040,0.750709,-12.233347,22.727806,-49.742020,59.040958,-1.477682,6.561560,-1.723673,-9.366388,-19.874632,39.927105,60.396595,-8.081262,8.280769,-10.727736
153.000000,-2372.581055,-1196.471313,78.392311,0.843700,1.252874,-53.179230,-1.986874,-1.559633,11.752416,10.430284,-10.068586,2.733804,-8.225829,-9.439265,-16.389341,19.586134,-10.692266,3.131707,-2.772973,2.659548,0.775243,-12.234038,22.741302,-49.738701,59.044277,-1.462663,6.430745,-1.720798,-9.302706,-19.880989,39.930607,60.399654,-7.547548,8.120952,-10.769563
154.000000,-2372.568604,-1196.473267,78.403282,0.782931,1.085004,-53.234515,-1.753456,-1.476444,11.811630,10.416385,-10.111665,2.722800,-7.912091,-9.349377,-16.470207,19.354885,-10.585240,3.135885,-2.781555,2.555660,0.793608,-12.156367,22.743876,-49.721581,59.049591,-1.449492,6.251408,-1.716951,-9.150967,-19.895506,39.932777,60.404053,-6.829416,7.961235,-10.831509
155.000000,-2372.556885,-1196.480835,78.418030,0.703982,0.910299,-53.333192,-1.498246,-1.366007,11.908207,10.379930,-10.156146,2.699419,-7.571773,-9.216462,-16.517824,19.049747,-10.443158,3.131620,-2.757225,2.473743,0.830596,-11.997037,22.738878,-49.688049,59.093987,-1.437053,6.068806,-1.714439,-8.957066,-19.899616,39.945206,60.409870,-6.179184,7.848916,-10.862687
156.000000,-2372.550781,-1196.495361,78.432205,0.628384,0.781241,-53.509275,-1.269972,-1.227016,12.078638,10.336841,-10.204867,2.659761,-7.283873,-9.045590,-16.517847,18.713640,-10.280416,3.117101,-2.633681,2.398001,0.844865,-11.815112,22.699310,-49.642632,59.264523,-1.399899,5.895085,-1.717418,-8.752977,-19.899330,40.017399,60.444515,-5.658576,7.747912,-10.867496
157.000000,-2372.553711,-1196.509644,78.448341,0.543243,0.706535,-53.687078,-1.117679,-1.065820,12.264725,10.320223,-10.254923,2.610535,-7.042063,-8.829622,-16.432253,18.311113,-10.082782,3.090421,-2.450949,2.318913,0.848568,-11.652121,22.574554,-49.429173,59.600964,-1.287832,5.760988,-1.741259,-8.558739,-19.897873,40.085007,60.580093,-4.967669,7.571504,-10.865479
158.000000,-2372.564209,-1196.522949,78.467522,0.451738,0.680535,-53.829916,-1.047504,-0.893088,12.415322,10.318368,-10.287391,2.556830,-6.829418,-8.596825,-16.373398,17.843510,-9.839591,3.059772,-2.284523,2.246144,0.849971,-11.502156,22.449253,-49.197289,59.932106,-1.116271,5.682546,-1.757221,-8.392314,-19.898733,40.179409,60.764885,-4.378037,7.419322,-10.861581
159.000000,-2372.578125,-1196.538696,78.490143,0.350422,0.657975,-53.925917,-1.009903,-0.764205,12.489896,10.318468,-10.301669,2.518064,-6.650323,-8.421386,-16.364313,17.458244,-9.639793,3.038347,-2.196621,2.195943,0.868747,-11.394889,22.374729,-49.087543,60.153164,-0.966119,5.630148,-1.760025,-8.293940,-19.901094,40.304134,60.938335,-4.039387,7.319247,-10.860509
160.000000,-2372.590576,-1196.561401,78.509811,0.266197,0.651760,-53.965385,-0.977941,-0.611083,12.541390,10.319367,-10.314366,2.469344,-6.415481,-8.213098,-16.391819,16.966978,-9.396775,3.008204,-2.129171,2.118147,0.873005,-11.215795,22.286495,-48.969345,60.438293,-0.804056,5.530354,-1.758337,-8.149720,-19.905090,40.498672,61.226952,-3.663550,7.179579,-10.862153
161.000000,-2372.603516,-1196.591309,78.524933,0.209990,0.669438,-53.967569,-0.967035,-0.500402,12.549362,10.302894,-10.310323,2.422044,-6.240667,-8.064635,-16.446024,16.593840,-9.226923,2.978822,-2.107358,2.000522,0.854683,-10.977634,22.231253,-48.811199,60.658680,-0.739166,5.417883,-1.743389,-7.967756,-19.908739,40.662819,61.494476,-3.441524,7.066623,-10.864671
162.000000,-2372.613037,-1196.631104,78.536140,0.194455,0.712055,-53.982615,-0.936400,-0.444011,12.562395,10.189997,-10.260589,2.379876,-6.155257,-7.975040,-16.468233,16.358217,-9.134302,2.955028,-2.087040,1.832126,0.804777,-10.638058,22.210247,-48.597237,60.734341,-0.724130,5.318501,-1.671301,-7.730033,-19.918587,40.796402,61.713604,-3.411446,6.974878,-10.866043
163.000000,-2372.617432,-1196.680542,78.542778,0.204243,0.756116,-53.994440,-0.866440,-0.434627,12.583956,9.995971,-10.181272,2.341286,-6.137115,-7.941342,-16.465452,16.265985,-9.123219,2.934546,-2.073099,1.621089,0.728998,-10.191106,22.186785,-48.351940,60.766586,-0.727460,5.188889,-1.483953,-7.416249,-19.955694,40.877468,61.836376,-3.409887,6.909211,-10.865696
164.000000,-2372.617920,-1196.742432,78.547485,0.214906,0.761165,-54.029588,-0.744109,-0.423733,12.619962,9.807324,-10.120777,2.294367,-6.097075,-7.913518,-16.447947,16.228746,-9.147949,2.914495,-2.060844,1.397850,0.678159,-9.697613,22.181126,-48.200054,60.774380,-0.738137,5.081861,-1.243870,-7.081542,-19.993509,40.948898,61.920654,-3.414945,6.890491,-10.865501
165.000000,-2372.615479,-1196.819458,78.551849,0.209709,0.752199,-54.084162,-0.592698,-0.375511,12.681534,9.658018,-10.101774,2.229601,-6.005461,-7.846303,-16.417734,16.151649,-9.169952,2.891795,-2.045641,1.165897,0.606928,-9.100782,22.179047,-47.965740,60.778263,-0.738060,5.021719,-0.947364,-6.695618,-19.999126,40.958691,61.978676,-3.423123,6.887804,-10.865730
166.000000,-2372.609619,-1196.906372,78.558357,0.182292,0.715948,-54.123049,-0.435628,-0.296915,12.719372,9.569313,-10.116879,2.155690,-5.831774,-7.742975,-16.411654,15.987421,-9.163404,2.871994,-2.043998,0.956499,0.540476,-8.513554,22.177431,-47.788967,60.781693,-0.734241,5.013473,-0.643643,-6.303952,-19.996614,40.967194,62.041508,-3.435088,6.888285,-10.866635
167.000000,-2372.598633,-1196.994263,78.567551,0.130593,0.640167,-54.142909,-0.289378,-0.217097,12.728990,9.524164,-10.145560,2.094919,-5.618227,-7.636196,-16.429544,15.781911,-9.126409,2.857495,-2.046392,0.826872,0.511224,-8.099624,22.164412,-47.720013,60.785122,-0.707786,5.024599,-0.415696,-6.007298,-19.991814,40.977501,62.115364,-3.469521,6.903014,-10.869306
168.000000,-2372.584229,-1197.090088,78.576958,0.068506,0.548222,-54.122993,-0.096973,-0.101162,12.706923,9.504197,-10.205739,2.015989,-5.288345,-7.485144,-16.485405,15.475787,-9.066676,2.837499,-2.059726,0.688018,0.467818,-7.596531,22.121710,-47.679996,60.791386,-0.579052,5.072651,-0.119803,-5.595412,-19.985132,41.011066,62.184750,-3.570599,6.979474,-10.876918
169.000000,-2372.575195,-1197.182007,78.583969,0.017610,0.439415,-54.039392,0.083665,-0.003623,12.616643,9.513714,-10.268031,1.942621,-4.948381,-7.365833,-16.594803,15.220675,-9.039003,2.818494,-2.091308,0.555753,0.437593,-7.176384,22.060196,-47.650406,60.816029,-0.349550,5.159760,0.168376,-5.189816,-19.962803,41.083714,62.240314,-3.722153,7.119385,-10.885912
170.000000,-2372.572021,-1197.273193,78.590614,-0.032731,0.304703,-53.938944,0.281660,0.086591,12.488756,9.536543,-10.330703,1.871130,-4.606497,-7.264331,-16.699932,15.046004,-9.034558,2.802757,-2.141687,0.432242,0.445261,-6.807209,21.982460,-47.578320,60.870602,-0.161040,5.279448,0.476790,-4.833267,-19.872538,41.125351,62.390667,-3.981550,7.286578,-10.906691
171.000000,-2372.571777,-1197.357666,78.597931,-0.079511,0.205599,-53.803904,0.443898,0.173200,12.337694,9.559927,-10.384402,1.805379,-4.297963,-7.156347,-16.740318,14.878646,-9.017560,2.795606,-2.207745,0.339168,0.435480,-6.445400,21.881945,-47.445244,60.879875,-0.083734,5.481215,0.827130,-4.521518,-19.696638,41.134129,62.632072,-4.412284,7.503831,-11.000675
172.000000,-2372.576904,-1197.433716,78.604607,-0.113456,0.141508,-53.634826,0.544772,0.229264,12.145155,9.565123,-10.410085,1.749885,-4.044821,-7.071609,-16.747578,14.720853,-9.009918,2.800308,-2.270369,0.263912,0.412989,-6.153684,21.730631,-47.311581,60.883102,-0.066123,5.743073,1.184674,-4.220102,-19.490093,41.140369,62.897213,-4.828449,7.759817,-11.147202
173.000000,-2372.581787,-1197.500610,78.612480,-0.149085,0.083639,-53.504499,0.645501,0.284899,11.998386,9.540783,-10.422959,1.702018,-3.830217,-6.986067,-16.728603,14.572622,-8.981336,2.806827,-2.287752,0.232135,0.412064,-5.917110,21.532055,-47.201359,60.885353,-0.062535,6.020449,1.527494,-3.956697,-19.272285,41.144287,63.198009,-5.137028,8.015421,-11.305824
174.000000,-2372.585205,-1197.560547,78.620567,-0.183242,0.040886,-53.417406,0.742561,0.343385,11.906908,9.499310,-10.430333,1.656899,-3.651942,-6.900645,-16.707048,14.427879,-8.938454,2.811069,-2.293771,0.236190,0.409866,-5.709253,21.304241,-47.151005,60.887547,-0.067260,6.301478,1.846222,-3.725487,-19.036583,41.147549,63.530624,-5.323943,8.275015,-11.469404
175.000000,-2372.593262,-1197.613403,78.627884,-0.211280,0.021925,-53.353168,0.797472,0.387165,11.853495,9.466071,-10.430895,1.622608,-3.549096,-6.841015,-16.699038,14.332767,-8.906613,2.811308,-2.300696,0.248217,0.407473,-5.585960,21.117546,-47.144680,60.889359,-0.072517,6.517388,2.065229,-3.547402,-18.846647,41.151085,63.758076,-5.416992,8.495129,-11.584018
176.000000,-2372.603516,-1197.663818,78.635857,-0.237811,-0.039690,-53.308422,0.912941,0.441352,11.798334,9.392154,-10.418927,1.575714,-3.387507,-6.758543,-16.669022,14.195985,-8.862640,2.810135,-2.305184,0.268185,0.447743,-5.480290,20.859358,-47.139503,60.909180,-0.084116,6.769070,2.318643,-3.326810,-18.590979,41.156689,64.030251,-5.509964,8.780355,-11.694493
177.000000,-2372.612061,-1197.723633,78.644424,-0.264480,-0.105094,-53.297503,1.083031,0.499296,11.764529,9.269361,-10.395930,1.520416,-3.202719,-6.655485,-16.568468,14.044522,-8.815076,2.808971,-2.291134,0.294938,0.465042,-5.397956,20.544811,-47.133896,61.020893,-0.102183,6.958852,2.541731,-3.120177,-18.291260,41.162922,64.381561,-5.594031,9.049227,-11.745052
178.000000,-2372.624023,-1197.790039,78.652000,-0.289092,-0.182847,-53.304790,1.273028,0.565883,11.756477,9.146969,-10.378525,1.459508,-3.027312,-6.547092,-16.442085,13.926973,-8.778572,2.803363,-2.275497,0.308911,0.466418,-5.342580,20.193178,-47.128910,61.259861,-0.113962,7.080465,2.712557,-2.948573,-17.958569,41.182549,64.770927,-5.663393,9.298712,-11.753747
179.000000,-2372.640137,-1197.861450,78.658165,-0.315723,-0.287359,-53.306195,1.476612,0.640729,11.740423,9.062154,-10.381674,1.394950,-2.828094,-6.443577,-16.360918,13.834270,-8.760081,2.791731,-2.272398,0.308197,0.476509,-5.313807,19.827503,-47.127026,61.603489,-0.111363,7.142211,2.826083,-2.795678,-17.621529,41.264977,65.192451,-5.760512,9.495907,-11.753182
180.000000,-2372.659912,-1197.935181,78.663239,-0.344697,-0.388515,-53.308247,1.665552,0.729243,11.720184,9.018274,-10.405160,1.322554,-2.642283,-6.339299,-16.301445,13.781105,-8.753098,2.773621,-2.270560,0.301368,0.478445,-5.298776,19.449892,-47.126747,62.029747,-0.102895,7.173792,2.885313,-2.650944,-17.273222,41.384491,65.665543,-5.865641,9.670707,-11.731354
181.000000,-2372.687256,-1198.011963,78.666954,-0.360842,-0.476681,-53.304464,1.836672,0.808741,11.692882,8.969163,-10.420031,1.241909,-2.490115,-6.253092,-16.276855,13.766204,-8.770843,2.744861,-2.271105,0.267271,0.477207,-5.261134,19.131037,-47.126366,62.425858,-0.096046,7.188609,2.912798,-2.494811,-16.940807,41.461983,66.080925,-5.978385,9.839399,-11.647451
182.000000,-2372.727539,-1198.092529,78.670845,-0.379632,-0.541470,-53.289350,1.963756,0.899150,11.644911,8.941800,-10.434072,1.147810,-2.367018,-6.168824,-16.337439,13.761341,-8.796257,2.686651,-2.244924,0.200193,0.474512,-5.181518,18.911335,-47.124069,62.748970,-0.077398,7.189093,2.925975,-2.311275,-16.629915,41.553802,66.397659,-6.042375,10.010092,-11.515835
183.000000,-2372.780273,-1198.179688,78.676399,-0.411995,-0.592898,-53.295535,2.034842,0.994796,11.616044,8.950800,-10.456983,1.067281,-2.290389,-6.084770,-16.413515,13.757253,-8.800495,2.621664,-2.172082,0.140134,0.474344,-5.083228,18.822308,-47.120819,62.942402,0.021791,7.185306,2.930132,-2.158290,-16.408623,41.658447,66.572350,-6.077985,10.140388,-11.386229
184.000000,-2372.838135,-1198.273560,78.682953,-0.455946,-0.643773,-53.313403,2.117124,1.148730,11.592826,8.992729,-10.506055,0.953366,-2.186152,-5.950515,-16.534479,13.733442,-8.787469,2.525122,-2.038867,0.065122,0.475620,-4.879385,18.796282,-47.103497,63.152630,0.320593,7.177920,2.932683,-1.939605,-16.144915,41.785458,66.700096,-6.131383,10.288939,-11.184576
185.000000,-2372.897461,-1198.374512,78.689209,-0.505770,-0.696401,-53.323726,2.191147,1.321320,11.564119,9.069381,-10.577552,0.832877,-2.063697,-5.806812,-16.713530,13.693291,-8.766303,2.421932,-1.891382,0.010895,0.474147,-4.583146,18.813053,-47.048698,63.384411,0.752852,7.173195,2.935211,-1.696406,-15.919232,41.863018,66.728210,-6.150016,10.399607,-10.967225
186.000000,-2372.951904,-1198.463867,78.692314,-0.539985,-0.749730,-53.296344,2.251099,1.464118,11.511209,9.157288,-10.650118,0.724856,-1.940709,-5.694484,-16.903128,13.660721,-8.766395,2.328925,-1.792758,-0.018516,0.473901,-4.223832,18.855616,-46.919010,63.560207,1.266245,7.175373,2.940179,-1.566761,-15.805653,41.892227,66.775673,-6.166023,10.484569,-10.856466
187.000000,-2373.012939,-1198.538818,78.694939,-0.555580,-0.799348,-53.139524,2.263699,1.552187,11.326754,9.242624,-10.684504,0.635102,-1.807621,-5.639912,-17.150627,13.645802,-8.798125,2.254861,-1.758958,-0.052492,0.472813,-4.038973,18.922701,-46.448387,63.586102,1.582552,7.177610,2.963213,-1.540941,-15.798922,41.896622,66.880775,-6.180028,10.543399,-10.741605
188.000000,-2373.069824,-1198.611816,78.697517,-0.565533,-0.859483,-53.017276,2.309140,1.623283,11.181724,9.282787,-10.699952,0.555772,-1.690444,-5.592759,-17.317204,13.652697,-8.834167,2.198582,-1.699318,-0.077083,0.468022,-3.948381,19.011160,-46.295509,63.592945,2.028813,7.200696,2.964581,-1.530704,-15.798157,41.901302,66.983162,-6.192403,10.594808,-10.522707
189.000000,-2373.122314,-1198.690430,78.697838,-0.570141,-0.922775,-52.933994,2.367476,1.688131,11.082095,9.311930,-10.719952,0.484432,-1.587229,-5.547280,-17.439880,13.662092,-8.875885,2.152338,-1.648714,-0.089181,0.455167,-3.810014,19.087975,-46.269104,63.600315,2.471831,7.250665,2.959668,-1.509357,-15.792314,41.906483,67.041245,-6.203936,10.639200,-10.288342
190.000000,-2373.171143,-1198.769775,78.690872,-0.557647,-0.977464,-52.841221,2.407783,1.752488,10.964025,9.403692,-10.779362,0.408369,-1.441124,-5.502444,-17.588062,13.621866,-8.957139,2.113494,-1.600176,-0.101552,0.426190,-3.588247,19.138613,-46.234478,63.635761,2.867280,7.354485,2.925011,-1.445736,-15.777748,41.927589,67.067978,-6.206592,10.688816,-10.004262
191.000000,-2373.222168,-1198.839233,78.672668,-0.508159,-1.017792,-52.720305,2.366430,1.772094,10.821372,9.604541,-10.888384,0.350582,-1.273976,-5.498231,-17.741978,13.513972,-9.117104,2.097754,-1.500653,-0.140112,0.398073,-3.452535,19.151575,-46.045658,63.688286,2.984791,7.509485,2.867716,-1.332651,-15.776938,42.009731,67.075806,-6.155121,10.750835,-9.711956
192.000000,-2373.270264,-1198.900757,78.646942,-0.440341,-1.064766,-52.620220,2.302318,1.763768,10.697556,9.869823,-11.032897,0.296225,-1.097342,-5.523905,-17.885876,13.397902,-9.345243,2.081124,-1.354710,-0.191429,0.393735,-3.383528,19.164335,-45.949768,63.702618,3.094898,7.707705,2.752484,-1.223215,-15.782569,42.189850,67.085381,-6.024496,10.859652,-9.385184
193.000000,-2373.315674,-1198.954956,78.617226,-0.374614,-1.103679,-52.436379,2.167649,1.746005,10.516670,10.218736,-11.204250,0.258623,-0.884134,-5.550684,-18.075943,13.190480,-9.549006,2.068262,-1.285481,-0.207030,0.389929,-3.365928,19.166044,-45.919033,63.705097,3.161714,7.884972,2.603193,-1.140858,-15.792594,42.400913,67.091766,-5.897563,11.011519,-9.036287
194.000000,-2373.350586,-1198.996582,78.594238,-0.331660,-1.147899,-52.269285,2.022556,1.727451,10.299419,10.602204,-11.385926,0.223873,-0.653723,-5.575398,-18.268116,12.984006,-9.745690,2.034660,-1.236440,-0.158519,0.395920,-3.367644,19.140608,-45.909962,63.707474,3.277203,8.076418,2.371331,-1.070011,-15.810861,42.632446,67.095383,-5.758577,11.209664,-8.611529
195.000000,-2373.371582,-1199.021851,78.590096,-0.341845,-1.176816,-52.195616,1.969226,1.758434,10.200802,10.766611,-11.457034,0.205520,-0.577320,-5.558287,-18.357452,12.951980,-9.769446,2.014256,-1.169154,-0.036781,0.395934,-3.383946,19.099121,-45.910908,63.710835,3.342563,8.193390,2.197150,-1.053213,-15.849120,42.805683,67.095917,-5.668993,11.371490,-8.293379
196.000000,-2373.388184,-1199.024902,78.587471,-0.345462,-1.155408,-52.140738,1.861666,1.789427,10.148189,10.936025,-11.515637,0.194196,-0.605677,-5.553111,-18.400476,12.992255,-9.785582,1.997077,-1.065836,0.139044,0.374453,-3.400136,19.061533,-45.918640,63.676628,3.402821,8.294208,1.896745,-1.106801,-15.961473,43.008209,67.095306,-5.636530,11.576729,-7.891854
197.000000,-2373.401367,-1199.008789,78.583893,-0.336956,-1.116776,-52.100018,1.718390,1.786789,10.089213,11.095060,-11.557707,0.197240,-0.701454,-5.593890,-18.446636,13.111165,-9.830456,1.985806,-1.041568,0.315091,0.373208,-3.414894,19.059984,-45.928352,63.572121,3.421815,8.361475,1.613611,-1.214460,-16.080128,43.085392,67.093590,-5.596611,11.698997,-7.567834
198.000000,-2373.403076,-1198.973877,78.579689,-0.307896,-1.075473,-52.165249,1.644576,1.758544,10.147426,11.121153,-11.554815,0.208478,-0.862171,-5.652146,-18.379795,13.275663,-9.879201,1.981746,-0.991516,0.483484,0.384360,-3.442598,19.066164,-46.107517,63.536259,3.426802,8.374061,1.419690,-1.366933,-16.218344,43.166710,67.091507,-5.523714,11.782856,-7.334825
199.000000,-2373.392090,-1198.926270,78.574730,-0.272037,-1.067138,-52.229645,1.615957,1.695802,10.240878,11.108228,-11.537715,0.237851,-1.036599,-5.750646,-18.278778,13.499263,-9.949053,1.988795,-0.981036,0.702137,0.440562,-3.492942,19.081924,-46.560116,63.538624,3.425478,8.401042,1.219246,-1.599828,-16.428328,43.293514,67.087982,-5.341996,11.849646,-7.131994
200.000000,-2373.370850,-1198.875854,78.568420,-0.219754,-1.076082,-52.244255,1.628746,1.587113,10.281279,11.053299,-11.496192,0.289178,-1.175191,-5.899652,-18.232412,13.759233,-10.056690,2.017370,-1.017363,0.881037,0.498451,-3.569553,19.130989,-47.165012,63.545433,3.393110,8.452048,0.984892,-1.812106,-16.662735,43.486336,67.083099,-4.955675,11.868669,-7.010806
201.000000,-2373.343018,-1198.822021,78.558876,-0.145472,-1.020675,-52.203617,1.556708,1.438359,10.275788,11.008224,-11.440795,0.362932,-1.416659,-6.110487,-18.228058,14.131864,-10.219387,2.063745,-1.095621,1.010968,0.473815,-3.601879,19.249224,-47.725403,63.415878,3.337470,8.550282,0.723245,-1.963673,-16.936991,43.658619,66.962326,-4.493944,11.913844,-6.878802
202.000000,-2373.314941,-1198.758179,78.547447,-0.050046,-0.947143,-52.150879,1.487318,1.299472,10.264421,10.948748,-11.377242,0.425676,-1.654382,-6.306904,-18.226427,14.490112,-10.372035,2.104916,-1.159172,1.076102,0.455956,-3.605160,19.400965,-48.073021,63.191635,3.305147,8.630523,0.526212,-2.042611,-17.189224,43.734554,66.729813,-4.137052,11.970522,-6.770814
203.000000,-2373.286133,-1198.686157,78.536827,0.036679,-0.871570,-52.109329,1.406168,1.129689,10.263989,10.858378,-11.290949,0.501953,-1.954624,-6.545419,-18.210928,14.924690,-10.544117,2.156942,-1.206398,1.137493,0.451723,-3.616580,19.634918,-48.404282,62.836269,3.291421,8.727108,0.289411,-2.110332,-17.535929,43.787106,66.324776,-3.734165,12.040730,-6.652381
204.000000,-2373.251465,-1198.602661,78.528000,0.109132,-0.788070,-52.099719,1.296460,0.947545,10.291040,10.767993,-11.200824,0.597802,-2.298604,-6.797711,-18.165232,15.365944,-10.692730,2.225487,-1.230898,1.231588,0.452300,-3.667543,19.923113,-48.687584,62.364021,3.290594,8.869749,-0.016819,-2.183175,-17.972292,43.798912,65.783813,-3.298744,12.101132,-6.549911
205.000000,-2373.215576,-1198.506958,78.517654,0.195177,-0.632502,-52.127928,1.117135,0.772141,10.361828,10.695716,-11.115684,0.705037,-2.721063,-7.037264,-18.067675,15.790623,-10.810093,2.301079,-1.234769,1.322622,0.397746,-3.755399,20.186211,-48.822411,61.933052,3.291027,8.996562,-0.301221,-2.294692,-18.364950,43.800041,65.284622,-3.010567,12.146888,-6.486658
206.000000,-2373.181641,-1198.391724,78.505203,0.294991,-0.488246,-52.148471,0.901907,0.562384,10.432437,10.640374,-11.022865,0.836752,-3.199755,-7.320049,-17.955191,16.277626,-10.943346,2.391511,-1.252691,1.391806,0.388602,-3.918557,20.479717,-48.878052,61.474514,3.298774,9.079983,-0.536307,-2.472369,-18.754322,43.801159,64.769058,-2.889321,12.163024,-6.439121
207.000000,-2373.141846,-1198.258179,78.491226,0.401723,-0.327713,-52.103470,0.643515,0.325099,10.453732,10.617746,-10.927769,0.982902,-3.678652,-7.639752,-17.893917,16.766714,-11.073685,2.497972,-1.368478,1.457936,0.396313,-4.154157,20.740435,-48.905941,61.116783,3.309405,9.117159,-0.712674,-2.742741,-19.098686,43.800438,64.382698,-2.860587,12.154939,-6.364754
208.000000,-2373.093506,-1198.109741,78.476624,0.493295,-0.163264,-52.036340,0.365366,0.106992,10.448416,10.645669,-10.860453,1.132641,-4.106751,-7.936089,-17.869478,17.176521,-11.163039,2.613383,-1.541455,1.536868,0.409212,-4.438344,20.942078,-48.926384,60.912525,3.304978,9.123430,-0.874977,-3.079444,-19.335470,43.771690,64.228172,-2.855685,12.119748,-6.321156
209.000000,-2373.030762,-1197.944092,78.458832,0.582755,0.031043,-51.980851,-0.016000,-0.157068,10.455832,10.726102,-10.805942,1.327724,-4.656385,-8.297445,-17.825041,17.671064,-11.257262,2.759872,-1.728375,1.646881,0.396396,-4.844404,21.185108,-48.979599,60.690399,3.296277,9.129425,-1.067554,-3.506875,-19.562611,43.706997,64.156548,-2.844682,12.084322,-6.306844
210.000000,-2372.960938,-1197.751221,78.430725,0.692215,0.255219,-51.907931,-0.372826,-0.370480,10.463091,10.860082,-10.790594,1.482836,-5.151639,-8.607975,-17.789583,18.147738,-11.366842,2.858040,-1.861035,1.721408,0.371172,-5.185089,21.411064,-49.152786,60.433708,3.286963,9.144439,-1.179510,-3.815443,-19.739956,43.684845,64.051208,-2.794528,12.074483,-6.305177
211.000000,-2372.881836,-1197.529541,78.394684,0.828142,0.440952,-51.834170,-0.813923,-0.687637,10.483232,11.056166,-10.771672,1.703892,-5.813622,-9.074257,-17.734373,18.881861,-11.544188,2.986984,-2.008680,1.838371,0.437745,-5.722963,21.729998,-49.471416,59.979767,3.207562,9.156439,-1.276244,-4.255769,-20.030117,43.683758,63.867062,-2.591162,12.024111,-6.304579
212.000000,-2372.789307,-1197.297607,78.359062,0.952364,0.621532,-51.768525,-1.225871,-1.039525,10.513084,11.205101,-10.734042,1.950840,-6.474398,-9.570374,-17.659327,19.620901,-11.711721,3.139853,-2.135530,1.991570,0.521044,-6.295414,22.031021,-49.762993,59.462734,2.982502,9.160417,-1.328129,-4.735526,-20.332056,43.686153,63.753986,-2.245281,11.946520,-6.303682
213.000000,-2372.678711,-1197.049683,78.326317,1.068238,0.812110,-51.793466,-1.568972,-1.345279,10.610596,11.278107,-10.682480,2.185099,-7.057925,-9.974205,-17.515646,20.174034,-11.784006,3.291777,-2.172861,2.192779,0.574449,-6.854309,22.276997,-50.069923,58.983585,2.720549,9.154519,-1.359524,-5.182814,-20.627905,43.692856,63.631310,-1.972914,11.898561,-6.303139
214.000000,-2372.566650,-1196.800537,78.292763,1.203087,1.001435,-51.920123,-1.903368,-1.716725,10.840592,11.246961,-10.577374,2.461356,-7.786205,-10.437047,-17.222879,20.820604,-11.846150,3.474063,-2.166911,2.425281,0.616178,-7.526185,22.558252,-50.410248,58.511299,2.395107,9.110698,-1.373893,-5.768197,-20.954264,43.699657,63.467979,-1.698074,11.823276,-6.302152
215.000000,-2372.467285,-1196.558105,78.258118,1.371357,1.192870,-52.140152,-2.127748,-2.084779,11.175333,11.060450,-10.412043,2.715047,-8.534505,-10.867976,-16.815948,21.475317,-11.917050,3.644504,-2.166125,2.555493,0.648625,-8.087061,22.928942,-50.620930,58.075306,2.056789,8.966026,-1.385696,-6.459383,-21.151194,43.701382,63.395901,-1.528366,11.670134,-6.299144
216.000000,-2372.377686,-1196.327148,78.226936,1.507876,1.383704,-52.369555,-2.348368,-2.398505,11.513709,10.884843,-10.257241,2.946213,-9.225011,-11.221719,-16.415518,22.008213,-11.933165,3.789456,-2.180173,2.655828,0.656776,-8.605776,23.327993,-50.676548,57.717262,1.730960,8.774520,-1.404467,-7.163523,-21.292387,43.672501,63.275490,-1.475243,11.483634,-6.297658
217.000000,-2372.299072,-1196.112305,78.198723,1.613552,1.538229,-52.548909,-2.577794,-2.658481,11.812997,10.796830,-10.145707,3.157958,-9.815784,-11.520354,-16.080519,22.438532,-11.914436,3.917256,-2.198248,2.741632,0.655936,-9.147513,23.705280,-50.665981,57.490601,1.530700,8.562548,-1.415500,-7.807001,-21.433220,43.589512,63.015621,-1.533936,11.238725,-6.298872
218.000000,-2372.229736,-1195.911255,78.175064,1.682646,1.659809,-52.599704,-2.805676,-2.856818,11.970503,10.807632,-10.081422,3.340284,-10.226277,-11.772000,-15.935708,22.740141,-11.873762,4.032461,-2.242930,2.813719,0.651796,-9.656429,24.046211,-50.650787,57.270199,1.400883,8.437585,-1.438787,-8.316095,-21.567297,43.547237,62.735802,-1.584393,10.967135,-6.306910
219.000000,-2372.166260,-1195.721436,78.160027,1.681096,1.770100,-52.550160,-3.152299,-3.013019,12.042604,10.977558,-10.069635,3.537495,-10.582726,-12.011569,-15.947148,22.942183,-11.746799,4.152092,-2.260454,2.965678,0.638142,-10.290249,24.482128,-50.648167,56.818943,1.110476,8.346883,-1.468753,-8.811199,-21.793573,43.576431,62.325848,-1.503748,10.655606,-6.353725
220.000000,-2372.104004,-1195.529175,78.158714,1.594624,1.884949,-52.551795,-3.446534,-3.020371,12.096379,11.201489,-10.115563,3.657270,-10.754561,-12.069107,-16.009798,22.901575,-11.535493,4.219672,-2.194847,3.158396,0.637029,-10.738070,24.840643,-50.651073,56.328808,0.890441,8.271521,-1.502693,-9.086212,-22.019003,43.621361,61.924568,-1.372629,10.431101,-6.437136
221.000000,-2372.041260,-1195.326172,78.162857,1.477330,2.060595,-52.550881,-3.875351,-2.987724,12.197278,11.496098,-10.176087,3.818237,-10.977321,-12.091395,-16.141180,22.714169,-11.178242,4.310386,-2.093759,3.447992,0.600229,-11.252408,25.407116,-50.654068,55.491337,0.874556,8.159647,-1.581838,-9.448324,-22.311325,43.622765,61.349083,-1.343489,10.160238,-6.566688
222.000000,-2371.985596,-1195.106689,78.168098,1.330445,2.227475,-52.359612,-4.412565,-2.963461,12.117093,11.897103,-10.243313,3.995806,-11.120257,-12.146640,-16.506994,22.430143,-10.803822,4.391034,-2.155257,3.781187,0.597814,-11.768770,26.097084,-50.680897,54.340679,0.984017,8.106603,-1.711690,-9.803348,-22.664473,43.612854,60.556583,-1.313389,9.936540,-6.736198
223.000000,-2371.932861,-1194.864136,78.170242,1.163741,2.327130,-52.002828,-4.930022,-2.954738,11.877935,12.355253,-10.316644,4.162725,-11.170895,-12.246056,-17.013229,22.223282,-10.470996,4.459003,-2.263299,4.147998,0.678582,-12.411730,26.783501,-50.852417,53.083050,1.145781,8.097946,-1.859886,-10.096373,-23.046503,43.645462,59.782505,-1.147850,9.697408,-6.956590
224.000000,-2371.864502,-1194.613159,78.171387,1.009166,2.345192,-51.656080,-5.419787,-2.983059,11.566648,12.855227,-10.390038,4.371425,-11.183277,-12.431428,-17.663836,22.142471,-10.099317,4.549371,-2.318061,4.647073,0.863715,-13.406816,27.593889,-51.355209,51.536182,1.164195,8.083198,-1.974042,-10.462642,-23.526703,43.826710,58.998051,-0.636332,9.368634,-7.251085
225.000000,-2371.764893,-1194.382568,78.175354,0.930220,2.310574,-51.527523,-5.559044,-3.090116,11.485660,12.900231,-10.318571,4.554872,-11.235360,-12.637877,-18.036974,22.186853,-9.784916,4.636732,-2.193053,5.101413,0.970028,-14.322584,28.260775,-51.985016,50.261230,1.153363,8.022640,-2.021362,-10.799876,-23.907557,44.103439,58.501011,-0.171587,9.055775,-7.465149
226.000000,-2371.644531,-1194.183228,78.179642,0.878693,2.231848,-51.432559,-5.470304,-3.245865,11.509937,12.697742,-10.177314,4.717880,-11.336273,-12.900991,-18.303493,22.463797,-9.541489,4.700963,-2.074875,5.515464,0.988345,-15.131115,28.728521,-52.442009,49.398262,1.155229,7.928103,-2.163789,-11.012981,-24.245348,44.218761,57.970810,-0.117395,8.752802,-7.630645
227.000000,-2371.541504,-1194.015381,78.178596,0.844498,2.141225,-51.340775,-5.376012,-3.393548,11.509329,12.559434,-10.069170,4.871416,-11.463242,-13.205082,-18.641914,22.910078,-9.365236,4.744822,-1.998395,5.858780,0.968260,-15.892899,29.100491,-52.535751,48.859123,1.165039,7.790938,-2.418557,-11.141164,-24.558765,44.223282,57.486824,-0.118180,8.366247,-7.857056
228.000000,-2371.467773,-1193.876709,78.176620,0.825920,2.024923,-51.260659,-5.263144,-3.513271,11.521348,12.457591,-9.987115,5.001940,-11.531722,-13.470163,-18.953974,23.290293,-9.227582,4.796991,-1.863875,6.059861,0.958902,-16.699001,29.478203,-52.536373,48.522335,1.178159,7.671507,-2.647717,-11.243680,-24.823109,44.218956,57.181805,-0.127935,7.923700,-8.112146
229.000000,-2371.425049,-1193.760864,78.175888,0.826083,1.940916,-51.289349,-5.150355,-3.601608,11.610000,12.316848,-9.893594,5.097333,-11.635651,-13.656024,-19.087114,23.597866,-9.104677,4.834853,-1.616270,6.117494,0.944684,-17.544184,29.868179,-52.524296,48.292225,1.245516,7.617933,-2.819597,-11.360375,-25.082933,44.218475,56.980381,-0.206842,7.558949,-8.285162
230.000000,-2371.406982,-1193.654785,78.177994,0.784711,1.908295,-51.278243,-5.170270,-3.617385,11.667967,12.316867,-9.854642,5.179051,-11.734610,-13.748266,-19.209805,23.765207,-8.937564,4.860707,-1.384834,6.144938,0.936618,-18.403601,30.263176,-52.487827,48.017670,1.455025,7.608570,-2.946100,-11.546254,-25.424057,44.220257,56.721653,-0.393860,7.316114,-8.370921
231.000000,-2371.405762,-1193.558594,78.181877,0.731675,1.872428,-51.257004,-5.221130,-3.602665,11.690042,12.372149,-9.848775,5.227492,-11.792471,-13.785197,-19.297623,23.851576,-8.805503,4.872409,-1.254329,6.147341,0.959216,-19.045721,30.500679,-52.427219,47.851009,1.566998,7.605944,-3.011805,-11.755254,-25.690735,44.220036,56.570175,-0.485570,7.182316,-8.438160
232.000000,-2371.408691,-1193.480957,78.192673,0.658402,1.781279,-51.255512,-5.214653,-3.547379,11.731661,12.428112,-9.847281,5.262747,-11.799960,-13.784928,-19.373135,23.934906,-8.615000,4.877682,-1.153148,6.125406,1.049518,-19.882799,30.693977,-52.312008,47.761486,1.567779,7.606057,-3.059886,-12.097260,-26.003887,44.217239,56.447483,-0.498512,7.046929,-8.558239
233.000000,-2371.407715,-1193.441528,78.208229,0.578874,1.656598,-51.293288,-5.111625,-3.452626,11.796348,12.440569,-9.856093,5.272115,-11.713063,-13.717272,-19.407768,23.938257,-8.425211,4.875707,-1.067385,6.059133,1.088728,-20.659191,30.763304,-52.242924,47.752628,1.558386,7.607829,-3.077979,-12.387950,-26.263649,44.215805,56.397289,-0.514249,6.958889,-8.697289
234.000000,-2371.401367,-1193.445068,78.231651,0.482748,1.478054,-51.355215,-4.888307,-3.330281,11.862184,12.417388,-9.878116,5.259109,-11.487074,-13.591107,-19.419399,23.846233,-8.262568,4.866765,-0.973851,5.941554,1.109952,-21.299681,30.775797,-52.226974,47.753830,1.520649,7.599195,-3.081227,-12.574610,-26.458647,44.219223,56.377228,-0.540960,6.941661,-8.837399
235.000000,-2371.386719,-1193.487549,78.263763,0.381178,1.308679,-51.444056,-4.576407,-3.172479,11.940083,12.287768,-9.879125,5.215389,-11.168111,-13.385287,-19.405708,23.604702,-8.066737,4.854716,-0.983699,5.815514,1.061758,-21.670307,30.777786,-52.226292,47.792496,1.304467,7.549660,-3.065610,-12.697650,-26.584835,44.224113,56.335579,-0.527055,6.939782,-8.972112
236.000000,-2371.378418,-1193.558594,78.293633,0.301642,1.152979,-51.487813,-4.252729,-3.039137,11.977978,12.122827,-9.867857,5.147278,-10.814013,-13.181345,-19.373619,23.315271,-7.942668,4.846013,-1.126250,5.625196,0.989759,-21.819416,30.777210,-52.234966,47.876503,0.962301,7.501821,-3.034714,-12.802960,-26.609087,44.281963,56.331032,-0.486136,6.941480,-9.100911
237.000000,-2371.379883,-1193.650269,78.329201,0.203209,0.925128,-51.509008,-3.833908,-2.880535,11.965638,11.937919,-9.858231,5.050971,-10.253759,-12.895145,-19.306923,22.811386,-7.834269,4.842453,-1.337197,5.394130,1.017601,-21.859665,30.728214,-52.320026,47.912479,0.729822,7.501997,-2.984725,-12.872960,-26.607384,44.538433,56.327740,-0.469986,6.945412,-9.209837
238.000000,-2371.392090,-1193.756348,78.367722,0.087260,0.747199,-51.548501,-3.470508,-2.678033,11.964226,11.784204,-9.860023,4.936431,-9.702195,-12.543445,-19.196844,22.214827,-7.694684,4.834610,-1.494284,5.151652,1.041332,-21.859112,30.591568,-52.494255,48.002373,0.610244,7.506177,-2.959488,-12.871136,-26.589529,44.878094,56.325668,-0.463268,6.953001,-9.250278
239.000000,-2371.422852,-1193.873047,78.401054,0.012066,0.638304,-51.611924,-3.182390,-2.491063,11.987397,11.618168,-9.841774,4.811780,-9.284356,-12.224442,-19.068325,21.710054,-7.588507,4.814476,-1.620122,4.845634,1.045603,-21.787580,30.410788,-52.591484,48.149010,0.566840,7.506083,-2.947201,-12.829340,-26.502014,45.116596,56.324581,-0.465492,6.980736,-9.256780
240.000000,-2371.474609,-1194.000732,78.429115,-0.049016,0.588675,-51.605868,-3.007474,-2.315064,11.947367,11.520858,-9.831717,4.681449,-8.934172,-11.922123,-18.930077,21.241251,-7.533596,4.782010,-1.811846,4.467454,1.045354,-21.630888,30.224047,-52.599758,48.353241,0.633260,7.502751,-2.928573,-12.735127,-26.347372,45.210224,56.281403,-0.474045,7.014190,-9.259130
241.000000,-2371.533447,-1194.140015,78.459946,-0.131338,0.487701,-51.361942,-2.849358,-2.157011,11.687304,11.493851,-9.829307,4.555203,-8.407341,-11.673168,-19.103449,20.693638,-7.502395,4.751345,-2.168778,4.101821,1.117931,-21.445194,29.929789,-52.493473,48.703278,0.769396,7.501294,-2.908336,-12.562325,-26.171539,45.233738,56.241405,-0.574979,7.032264,-9.259063
242.000000,-2371.574463,-1194.299561,78.492973,-0.217861,0.363104,-51.090920,-2.622178,-2.006731,11.371894,11.419041,-9.821696,4.419993,-7.825406,-11.472502,-19.472288,20.208302,-7.476838,4.705071,-2.472115,3.775372,1.154284,-21.157475,29.416903,-52.198227,49.203846,0.913863,7.502722,-2.828833,-12.211276,-25.974340,45.167542,56.240475,-0.662946,7.068922,-9.255074
243.000000,-2371.584961,-1194.477661,78.528748,-0.333926,0.259398,-50.865652,-2.371616,-1.817732,11.104372,11.342887,-9.849784,4.275735,-7.233813,-11.231094,-19.851025,19.689245,-7.404800,4.658400,-2.629619,3.555033,1.090110,-20.666449,28.791786,-51.789028,49.661652,1.040553,7.502244,-2.661616,-11.666429,-25.819164,45.045784,56.242245,-0.678181,7.103226,-9.225345
244.000000,-2371.572998,-1194.662231,78.562485,-0.452281,0.177098,-50.742172,-2.176803,-1.660799,10.973394,11.278273,-9.888713,4.164932,-6.824902,-11.020859,-20.033421,19.298326,-7.333405,4.633905,-2.657119,3.452758,0.996747,-20.187904,28.349602,-51.494808,49.910717,1.086928,7.501117,-2.514807,-11.192633,-25.751905,44.996952,56.251343,-0.680992,7.120516,-9.185598
245.000000,-2371.550537,-1194.851562,78.592384,-0.542390,0.093420,-50.794890,-1.853322,-1.448369,10.958482,11.126537,-9.942375,4.009689,-6.356408,-10.717251,-20.052086,18.833376,-7.250126,4.603428,-2.534901,3.352795,0.877633,-19.468634,27.779953,-51.104977,50.248585,1.204807,7.470176,-2.311941,-10.534260,-25.695265,44.987434,56.339882,-0.681612,7.139821,-9.134005
246.000000,-2371.531006,-1195.030762,78.617355,-0.611153,0.068203,-50.898138,-1.554718,-1.257568,11.052552,10.919180,-9.970421,3.862488,-5.998928,-10.424822,-19.960541,18.386255,-7.180882,4.567334,-2.297554,3.273171,0.758020,-18.784956,27.122849,-50.687225,50.846733,1.636464,7.440348,-2.073616,-9.898508,-25.634514,44.985252,56.512642,-0.686282,7.178020,-9.111777
247.000000,-2371.523193,-1195.200684,78.635910,-0.648245,0.066953,-50.960808,-1.325216,-1.099485,11.128024,10.726506,-9.984981,3.728192,-5.697670,-10.187024,-19.953333,17.974417,-7.150884,4.522740,-2.117495,3.194689,0.685860,-18.086514,26.443054,-50.301342,51.531166,2.422284,7.438739,-1.789562,-9.269769,-25.582170,44.984566,56.612579,-0.758123,7.257183,-9.104957
248.000000,-2371.526611,-1195.365234,78.647522,-0.650800,0.077227,-50.976433,-1.129153,-0.997112,11.156794,10.543737,-9.981723,3.606415,-5.470929,-10.035810,-19.965256,17.726576,-7.204077,4.482139,-2.062376,3.077286,0.682666,-17.361244,25.815872,-49.871132,52.199711,3.191821,7.439488,-1.483574,-8.704477,-25.489109,44.981422,56.750248,-0.946360,7.286206,-9.103558
249.000000,-2371.529785,-1195.534058,78.660355,-0.655885,0.033410,-51.034936,-0.855739,-0.896540,11.219189,10.302670,-9.963336,3.479155,-5.206882,-9.882594,-19.964979,17.475883,-7.267307,4.441900,-2.018806,2.951512,0.743069,-16.589361,25.202742,-49.365921,52.876034,3.702808,7.431020,-1.166449,-8.150445,-25.355003,44.947598,56.985733,-1.240169,7.290052,-9.105605
250.000000,-2371.521729,-1195.725464,78.676247,-0.687379,-0.000055,-51.173280,-0.523355,-0.737695,11.363029,10.033135,-9.967463,3.323021,-4.910496,-9.652107,-19.906418,17.153358,-7.286537,4.392422,-1.906107,2.860499,0.748584,-15.681483,24.618975,-48.882732,53.531178,3.952954,7.407938,-0.812993,-7.503024,-25.224899,44.901463,57.250126,-1.659908,7.295282,-9.110111
251.000000,-2371.513672,-1195.927612,78.689384,-0.729231,-0.031894,-51.268772,-0.248065,-0.556015,11.469897,9.882714,-10.027918,3.163648,-4.617550,-9.407994,-19.827654,16.863047,-7.317413,4.348756,-1.868990,2.784039,0.708340,-14.706069,24.254751,-48.658085,53.978455,3.999024,7.372626,-0.516063,-6.840383,-25.103409,44.892254,57.488983,-2.126007,7.334762,-9.115604
252.000000,-2371.514404,-1196.140503,78.693047,-0.731218,-0.094867,-51.287258,0.013789,-0.421397,11.498940,9.798402,-10.107600,3.010333,-4.339864,-9.240602,-19.755774,16.736561,-7.462833,4.321547,-1.932124,2.659968,0.677519,-13.744761,24.060011,-48.619762,54.342377,4.043840,7.319755,-0.299831,-6.210071,-24.935574,44.889572,57.793327,-2.742564,7.440357,-9.121671
253.000000,-2371.522461,-1196.353149,78.692017,-0.723159,-0.182055,-51.159782,0.203619,-0.346786,11.422681,9.778649,-10.177931,2.899604,-4.083457,-9.151398,-19.757378,16.674076,-7.624097,4.305857,-2.064894,2.545954,0.670501,-13.054986,23.936939,-48.580437,54.678993,4.106167,7.274480,-0.162163,-5.769982,-24.748772,44.884354,58.151577,-3.204837,7.549205,-9.126287
254.000000,-2371.532959,-1196.567871,78.692413,-0.708061,-0.266085,-51.071361,0.465546,-0.256822,11.304801,9.703757,-10.244634,2.749841,-3.755043,-9.032346,-19.720598,16.600821,-7.833245,4.289324,-2.237736,2.396522,0.632699,-12.201165,23.752680,-48.510098,55.239952,4.174188,7.250008,0.009805,-5.223858,-24.409882,44.873653,58.827171,-3.711630,7.737795,-9.131341
255.000000,-2371.547607,-1196.776001,78.696625,-0.705752,-0.300060,-51.075469,0.743433,-0.138515,11.311957,9.540327,-10.277322,2.584194,-3.518082,-8.883228,-19.619947,16.542980,-7.997978,4.257934,-2.296374,2.263544,0.568608,-11.382408,23.567394,-48.491798,55.817722,4.181175,7.248549,0.193661,-4.684986,-24.009983,44.869534,59.550381,-4.106250,8.035765,-9.132711
256.000000,-2371.570312,-1196.963257,78.703659,-0.713844,-0.281946,-51.097017,0.932227,0.000908,11.350838,9.387991,-10.294874,2.427410,-3.367049,-8.712013,-19.532801,16.447859,-8.093910,4.205622,-2.313431,2.172289,0.506095,-10.646778,23.377560,-48.487270,56.328091,4.163638,7.258779,0.345525,-4.118800,-23.665644,44.869102,60.017647,-4.389114,8.419830,-9.128245
257.000000,-2371.604248,-1197.132202,78.707481,-0.701121,-0.227320,-51.085315,1.032035,0.110703,11.353979,9.266481,-10.297271,2.287514,-3.274421,-8.574828,-19.476187,16.356386,-8.197056,4.155397,-2.314246,2.086080,0.480106,-10.034226,23.163025,-48.482380,56.744862,4.118407,7.282104,0.442759,-3.505591,-23.417614,44.872410,60.193607,-4.600911,8.802165,-9.095195
258.000000,-2371.648438,-1197.293335,78.707336,-0.669976,-0.157749,-51.113856,1.092829,0.188280,11.380270,9.156382,-10.291428,2.168944,-3.249305,-8.485970,-19.445621,16.324219,-8.326615,4.100085,-2.263216,1.980215,0.475148,-9.522224,22.963354,-48.416904,57.017296,4.037410,7.288895,0.555086,-2.944252,-23.229889,44.875538,60.210934,-4.692823,9.100232,-9.004672
259.000000,-2371.697510,-1197.446289,78.706322,-0.641597,-0.088905,-51.142459,1.144398,0.290721,11.425421,9.055612,-10.294230,2.027704,-3.242424,-8.379244,-19.423058,16.306089,-8.479520,4.021630,-2.179465,1.848357,0.473157,-8.901610,22.712418,-48.267902,57.244251,3.868378,7.290986,0.737241,-2.316519,-22.990961,44.877918,60.213947,-4.723165,9.387426,-8.869130
260.000000,-2371.744629,-1197.592041,78.709259,-0.645486,-0.034675,-51.171314,1.176083,0.423626,11.454125,9.023046,-10.324385,1.890930,-3.188676,-8.228091,-19.373463,16.206186,-8.555890,3.949534,-2.112816,1.760377,0.466494,-8.341795,22.440895,-48.140747,57.441525,3.628562,7.288664,0.965969,-1.798815,-22.751762,44.881535,60.220776,-4.730610,9.628887,-8.726012
261.000000,-2371.791748,-1197.729858,78.714142,-0.662609,0.030541,-51.240557,1.186224,0.542607,11.501338,9.015550,-10.357550,1.790365,-3.156275,-8.088357,-19.304449,16.098389,-8.573937,3.899612,-2.031008,1.712806,0.440776,-7.945292,22.243219,-48.079449,57.558426,3.394662,7.286795,1.151104,-1.459332,-22.572836,44.894981,60.229282,-4.728096,9.805562,-8.612600
262.000000,-2371.841309,-1197.851807,78.717392,-0.671975,0.083198,-51.287104,1.188502,0.694494,11.557653,9.017771,-10.401454,1.658328,-3.119953,-7.915566,-19.239258,15.968027,-8.609684,3.825278,-1.954317,1.634264,0.410699,-7.432665,22.018297,-48.025425,57.661682,2.980167,7.283888,1.404384,-1.094301,-22.320871,44.930946,60.249847,-4.719544,10.038682,-8.437059
263.000000,-2371.896729,-1197.970947,78.720055,-0.675852,0.106415,-51.264933,1.197911,0.780731,11.545362,9.024420,-10.422897,1.570227,-3.069839,-7.822403,-19.244219,15.901091,-8.648250,3.770771,-1.962897,1.574540,0.410555,-7.155332,21.847448,-48.010242,57.834568,2.712528,7.256014,1.566794,-0.906265,-22.139791,44.942390,60.288731,-4.717126,10.188431,-8.315704
264.000000,-2371.952637,-1198.081055,78.720886,-0.672217,0.091437,-51.242736,1.245270,0.896422,11.505286,9.030401,-10.447810,1.434752,-2.983899,-7.708767,-19.265633,15.871257,-8.734029,3.682507,-1.996601,1.482550,0.424438,-6.880399,21.500957,-48.029964,58.399830,2.379357,7.217836,1.791198,-0.672779,-21.861509,44.959488,60.379185,-4.717539,10.399317,-8.151656
265.000000,-2372.009766,-1198.185425,78.721039,-0.681322,0.080576,-51.335452,1.310109,1.031557,11.577032,9.057358,-10.498085,1.315544,-2.951258,-7.579644,-19.175678,15.895297,-8.800436,3.597907,-1.958824,1.424631,0.428344,-6.690898,21.191881,-48.114445,59.012119,2.141859,7.210741,2.003634,-0.545451,-21.614357,44.979691,60.462749,-4.712732,10.622543,-8.014185
266.000000,-2372.062988,-1198.282471,78.720161,-0.699571,0.039217,-51.368449,1.357343,1.174231,11.624763,9.157384,-10.588882,1.215572,-2.807529,-7.415515,-19.087791,15.730848,-8.825096,3.552593,-1.992102,1.407002,0.445325,-6.475991,21.008762,-48.226421,59.446194,2.086800,7.211389,2.152820,-0.518442,-21.382475,44.982246,60.487427,-4.698359,10.882007,-7.915282
267.000000,-2372.107666,-1198.369263,78.713135,-0.692476,-0.016632,-51.372137,1.399960,1.269162,11.622730,9.283701,-10.690386,1.133284,-2.627186,-7.301888,-19.035986,15.563627,-8.897438,3.528284,-2.051434,1.406729,0.444339,-6.298253,20.895823,-48.356823,59.780148,2.040996,7.214225,2.199198,-0.515317,-21.181707,44.980339,60.490166,-4.610430,11.097175,-7.864443
268.000000,-2372.145752,-1198.432007,78.700241,-0.653349,-0.040417,-51.471824,1.431855,1.314007,11.710425,9.366652,-10.764560,1.070452,-2.617377,-7.259748,-18.863356,15.612237,-9.026727,3.496706,-1.996183,1.419834,0.415445,-6.228686,20.815470,-48.558716,60.084930,1.866150,7.216691,2.226218,-0.558512,-21.046421,44.981731,60.488125,-4.438147,11.256637,-7.825340
269.000000,-2372.182861,-1198.462891,78.686783,-0.598844,-0.023958,-51.613513,1.426499,1.334433,11.838092,9.420425,-10.807277,1.024490,-2.714155,-7.255683,-18.673216,15.748648,-9.152697,3.465354,-1.954321,1.460657,0.393044,-6.211207,20.764778,-48.844898,60.365070,1.604420,7.219688,2.261106,-0.711163,-20.949799,44.984715,60.483261,-4.328816,11.403333,-7.763849
270.000000,-2372.219727,-1198.469360,78.669876,-0.512648,0.009279,-51.756880,1.395936,1.311949,12.027149,9.440181,-10.821912,0.992887,-2.915646,-7.325292,-18.541779,15.991506,-9.330823,3.429174,-1.961591,1.528206,0.388824,-6.206938,20.764772,-49.256992,60.637821,1.247070,7.224992,2.284663,-1.060947,-20.868217,44.986927,60.467468,-4.325315,11.557129,-7.675870
271.000000,-2372.254150,-1198.463135,78.644882,-0.382790,0.063253,-51.782969,1.303803,1.203058,12.124628,9.482720,-10.827643,0.989283,-3.124870,-7.507856,-18.589552,16.266726,-9.601562,3.406488,-2.052343,1.563420,0.376781,-6.193403,20.810518,-49.582764,60.811916,0.929025,7.243946,2.290050,-1.467781,-20.816307,44.986088,60.465168,-4.330993,11.652094,-7.618673
272.000000,-2372.285400,-1198.445923,78.611511,-0.213339,0.114068,-51.653809,1.141287,1.001226,12.042406,9.582006,-10.830823,1.011467,-3.277474,-7.786781,-18.747860,16.523258,-9.965566,3.405139,-2.276266,1.566951,0.371300,-6.176537,20.917362,-49.905853,60.848267,0.678786,7.297953,2.291067,-1.868960,-20.797089,44.982468,60.465775,-4.334649,11.712295,-7.598494
273.000000,-2372.305176,-1198.424805,78.574219,-0.024622,0.128375,-51.511510,1.045638,0.773706,11.944740,9.634756,-10.820280,1.049710,-3.360986,-8.067818,-18.845802,16.739025,-10.335958,3.422160,-2.446715,1.565089,0.378155,-6.166381,21.019205,-50.190517,60.845570,0.512662,7.343361,2.291335,-2.180006,-20.796612,44.978909,60.469826,-4.339202,11.778101,-7.593791
274.000000,-2372.317871,-1198.391968,78.530357,0.176958,0.188583,-51.389524,0.894946,0.554498,11.872549,9.744240,-10.835689,1.100737,-3.512181,-8.342986,-18.860512,17.001900,-10.702392,3.454391,-2.562834,1.565379,0.332164,-6.158964,21.109695,-50.476978,60.826115,0.436823,7.401970,2.290176,-2.437261,-20.795847,44.977211,60.489204,-4.348566,11.849209,-7.589339
275.000000,-2372.326904,-1198.339966,78.484413,0.366861,0.233729,-51.305036,0.666624,0.289616,11.820226,9.979580,-10.901453,1.183343,-3.710128,-8.677826,-18.808149,17.314774,-11.145805,3.523161,-2.673784,1.585807,0.312948,-6.198808,21.231403,-50.917995,60.735714,0.415012,7.522962,2.269747,-2.807311,-20.795033,44.978497,60.549194,-4.363879,11.973284,-7.582286
276.000000,-2372.326660,-1198.265259,78.434265,0.560426,0.311061,-51.253375,0.384300,0.028073,11.811125,10.271016,-10.999814,1.287224,-3.891308,-8.983948,-18.708252,17.478010,-11.549291,3.614906,-2.714361,1.647697,0.287274,-6.296484,21.364275,-51.449963,60.572742,0.403792,7.651800,2.175461,-3.196901,-20.818104,44.980282,60.589424,-4.365627,12.138465,-7.576410
277.000000,-2372.305908,-1198.139526,78.403954,0.658932,0.411387,-51.227689,0.028439,-0.181090,11.811634,10.593592,-11.091140,1.424812,-4.194015,-9.253123,-18.592417,17.725073,-11.762291,3.707648,-2.730572,1.895441,0.305070,-6.517647,21.407768,-52.073338,60.479729,0.396171,7.710778,2.011436,-3.667859,-20.958645,44.981613,60.584908,-4.328066,12.238670,-7.574525
278.000000,-2372.268066,-1197.976685,78.392220,0.704969,0.548012,-51.178949,-0.306086,-0.334152,11.789514,10.793839,-11.098468,1.572605,-4.562491,-9.475768,-18.553282,18.029696,-11.759543,3.786744,-2.784602,2.250454,0.357675,-6.797067,21.395853,-52.710384,60.469280,0.387027,7.716928,1.841729,-4.150702,-21.152445,44.984753,60.559780,-4.235505,12.261466,-7.589778
279.000000,-2372.226807,-1197.785889,78.379646,0.779879,0.763875,-51.148866,-0.658494,-0.514659,11.787442,10.905713,-11.052473,1.726919,-5.004717,-9.721216,-18.499260,18.354786,-11.755453,3.873703,-2.831131,2.549981,0.372109,-7.084013,21.403276,-53.246922,60.463135,0.376292,7.719223,1.673261,-4.587543,-21.349825,45.011829,60.440197,-4.124637,12.277422,-7.631721
280.000000,-2372.195801,-1197.577148,78.362946,0.875238,0.960855,-51.302312,-1.023757,-0.750191,11.955915,10.897516,-10.932979,1.907961,-5.659054,-10.029414,-18.280355,18.834143,-11.762680,3.957750,-2.767078,2.829490,0.438630,-7.481901,21.539267,-53.730972,60.315350,0.358555,7.727199,1.425304,-5.140142,-21.603830,45.053074,60.048439,-3.980746,12.284872,-7.694477
281.000000,-2372.175293,-1197.368774,78.343155,0.964848,1.175474,-51.544875,-1.346443,-0.936464,12.304354,10.865389,-10.826148,2.063009,-6.384948,-10.284258,-17.909161,19.356197,-11.769957,3.987487,-2.682366,3.039801,0.519599,-7.785351,22.008408,-53.955814,59.742889,0.340373,7.729445,1.095913,-5.795080,-21.808664,45.056911,59.514111,-3.820146,12.254685,-7.716707
282.000000,-2372.155762,-1197.164429,78.327316,1.032657,1.386240,-51.780953,-1.698917,-1.093935,12.644956,10.863969,-10.730353,2.219728,-7.069752,-10.495695,-17.564171,19.762796,-11.724515,4.013422,-2.632262,3.226536,0.544873,-8.099791,22.686424,-53.981140,59.014492,0.334354,7.710578,0.762781,-6.402004,-22.064896,45.054516,58.801281,-3.657450,12.092731,-7.769961
283.000000,-2372.138916,-1196.966064,78.315613,1.071769,1.574597,-51.959798,-2.016598,-1.199121,12.914352,10.895640,-10.657889,2.360001,-7.598799,-10.648248,-17.340433,20.018347,-11.625965,4.037222,-2.586946,3.397910,0.541690,-8.469696,23.437935,-53.985012,58.313324,0.325089,7.688782,0.553126,-6.870099,-22.338303,45.054310,58.050709,-3.309981,11.843442,-7.921439
284.000000,-2372.129395,-1196.782959,78.305504,1.109332,1.703855,-52.033544,-2.275974,-1.296345,13.088578,10.933905,-10.591163,2.482759,-7.998137,-10.796861,-17.228245,20.228004,-11.537091,4.064378,-2.576314,3.536841,0.541161,-8.862973,24.229668,-53.988686,57.604065,0.292021,7.681345,0.432541,-7.267533,-22.563641,45.055618,57.383640,-2.908599,11.595806,-8.108945
285.000000,-2372.128906,-1196.601318,78.289696,1.162740,1.828149,-52.048498,-2.611597,-1.437942,13.189818,11.043455,-10.523743,2.627554,-8.439352,-11.023582,-17.188377,20.533169,-11.492720,4.118436,-2.544532,3.642658,0.504707,-9.413745,25.308668,-53.988632,56.704376,0.193267,7.648009,0.396741,-7.706886,-22.775120,45.061237,56.714462,-2.261081,11.247548,-8.404716
286.000000,-2372.125244,-1196.421021,78.271896,1.197380,1.949077,-52.039626,-2.984824,-1.548244,13.288462,11.265866,-10.520973,2.772782,-8.837241,-11.223313,-17.150766,20.785170,-11.444058,4.197255,-2.413470,3.758408,0.449153,-9.924528,26.515762,-53.967842,55.622307,0.193873,7.590204,0.394131,-8.102448,-23.036182,45.086727,56.065811,-1.568220,10.912676,-8.658072
287.000000,-2372.110107,-1196.229614,78.254959,1.212310,2.034649,-51.849370,-3.394930,-1.674758,13.223340,11.565128,-10.537994,2.939396,-9.112267,-11.455737,-17.293016,20.960808,-11.380404,4.302117,-2.377238,3.942541,0.426360,-10.375719,27.824400,-53.948067,54.214058,0.212072,7.585430,0.394094,-8.452088,-23.485819,45.142689,55.279259,-0.744263,10.533617,-8.818301
288.000000,-2372.085205,-1196.033081,78.240623,1.203561,2.096897,-51.544276,-3.759310,-1.805442,13.039296,11.845934,-10.550100,3.100325,-9.257967,-11.689670,-17.564024,21.068451,-11.310883,4.395283,-2.414318,4.154806,0.426210,-10.791734,28.946419,-53.936459,52.935375,0.223377,7.586369,0.394659,-8.761608,-23.943876,45.196663,54.712566,0.093875,10.114663,-8.918943
289.000000,-2372.056641,-1195.840210,78.226318,1.204050,2.134243,-51.269253,-4.131911,-1.972081,12.839157,12.119839,-10.543320,3.293177,-9.411102,-11.972454,-17.875940,21.208744,-11.227791,4.499683,-2.426379,4.392957,0.443728,-11.276717,30.189404,-53.929913,51.490585,0.226397,7.587410,0.402825,-9.129104,-24.424797,45.261562,54.206139,1.003913,9.696714,-9.026892
290.000000,-2372.020020,-1195.635132,78.206520,1.210224,2.208397,-51.118564,-4.526846,-2.116911,12.790818,12.452071,-10.583632,3.516573,-9.640764,-12.213503,-18.001598,21.339138,-11.116027,4.655391,-2.319896,4.586845,0.450087,-11.681787,31.258148,-53.926552,50.162540,0.226555,7.588137,0.412771,-9.403867,-24.898823,45.345333,53.574001,1.675339,9.434306,-9.159546
291.000000,-2371.963379,-1195.402954,78.183205,1.245060,2.318250,-51.214635,-4.804462,-2.232334,12.931367,12.642115,-10.599384,3.711573,-9.923055,-12.374288,-17.897064,21.444510,-10.990490,4.799575,-2.066174,4.706378,0.445222,-11.975068,32.013176,-53.889561,49.146130,0.240431,7.603961,0.405484,-9.534410,-25.334446,45.435894,52.895874,1.915993,9.286508,-9.271449
292.000000,-2371.881104,-1195.140259,78.164032,1.254804,2.448996,-51.413157,-5.128298,-2.392229,13.224867,12.784341,-10.581082,3.981918,-10.340989,-12.559800,-17.648598,21.528431,-10.756969,4.995515,-1.644081,4.847315,0.432584,-12.239753,32.994350,-53.606281,47.720680,0.267775,7.612453,0.375914,-9.614543,-26.002588,45.545696,51.792576,1.975943,9.076834,-9.399717
293.000000,-2371.782471,-1194.856567,78.156555,1.201261,2.585806,-51.596237,-5.419092,-2.493981,13.486856,12.870694,-10.545665,4.229216,-10.636918,-12.645122,-17.456919,21.383263,-10.416820,5.173123,-1.329927,4.979485,0.424197,-12.281931,33.895340,-53.015869,46.511742,0.281889,7.566206,0.320202,-9.688668,-26.533434,45.550282,50.983879,2.050157,8.762881,-9.515391
294.000000,-2371.660156,-1194.552612,78.163345,1.064184,2.690922,-51.716247,-5.732222,-2.574194,13.716570,12.933331,-10.489288,4.532240,-10.791002,-12.654724,-17.334793,20.897436,-9.869000,5.387855,-1.093789,5.156074,0.435641,-12.285796,34.947445,-52.259701,45.462830,0.303835,7.481366,0.250701,-9.853706,-27.019793,45.527187,50.507496,2.173430,8.314333,-9.666694
295.000000,-2371.504883,-1194.225220,78.179390,0.858037,2.872279,-51.650034,-6.125159,-2.626065,13.747684,13.022929,-10.424051,4.868864,-10.759442,-12.596525,-17.431408,20.083115,-9.193652,5.600147,-0.973258,5.392484,0.352121,-12.282864,35.900444,-51.619122,44.635590,0.327989,7.493544,0.231918,-9.943355,-27.497988,45.527443,50.307274,2.195833,7.995597,-9.804641
296.000000,-2371.333984,-1193.867432,78.193832,0.659825,3.108824,-51.557187,-6.589046,-2.737375,13.735403,13.012107,-10.263257,5.280291,-10.774199,-12.586183,-17.614103,19.222942,-8.468695,5.790426,-0.906386,5.612082,0.230386,-12.281395,36.814266,-51.064327,43.961689,0.459559,7.528847,0.230798,-9.962338,-28.163099,45.530945,49.868465,2.203842,7.834839,-9.853331
297.000000,-2371.181396,-1193.470215,78.193741,0.430855,3.237529,-51.624783,-6.977386,-2.768970,13.945656,13.046685,-10.165949,5.662482,-11.190458,-12.712457,-18.024183,19.389652,-8.028204,5.594790,-0.719532,5.785643,0.313210,-12.254102,37.829670,-50.573017,43.305885,0.672003,7.674470,0.248602,-10.063420,-28.921141,45.523479,49.389160,2.254521,7.618655,-9.863865
298.000000,-2371.087158,-1193.094238,78.184113,0.162355,3.004318,-51.687240,-7.116582,-2.650834,14.201408,13.435576,-10.277026,5.997057,-11.863164,-12.922762,-19.045004,22.816765,-8.372200,4.993227,-0.504492,5.866349,0.800457,-12.219707,38.866844,-50.211132,42.634521,0.758137,7.949193,0.323853,-10.181609,-29.575947,45.503136,48.975307,2.394484,7.410364,-9.903504
299.000000,-2370.980225,-1192.840088,78.200470,-0.128429,2.750983,-51.627329,-7.146187,-2.449323,14.318023,13.814562,-10.394770,6.258708,-11.935781,-12.620847,-20.140795,26.242022,-10.820974,4.367727,-0.258661,5.951180,1.100602,-12.024493,39.721680,-49.988941,42.110474,0.713382,8.254674,0.453259,-10.024376,-30.146828,45.498123,48.613514,2.638906,7.269565,-9.942245
300.000000,-2370.867920,-1192.708252,78.186172,-0.163096,2.764641,-51.696541,-7.221103,-2.454427,14.634248,14.002776,-10.440163,6.525004,-11.623346,-11.757409,-21.121244,30.423948,-11.482781,4.127082,0.343613,5.620606,0.893009,-11.372668,40.733532,-49.670795,41.577560,0.573157,8.630872,0.673561,-9.454588,-30.692673,45.503757,48.175922,3.122408,7.141994,-9.966697
301.000000,-2370.777344,-1192.612427,78.123718,-0.109703,2.865847,-51.657376,-7.569541,-2.512757,14.971548,14.426236,-10.648300,6.760376,-10.843932,-10.292565,-21.511305,33.090508,-13.746811,3.068600,0.906812,5.179855,0.444234,-10.403825,41.494732,-49.139423,41.317524,0.512613,9.194244,0.952909,-8.919049,-31.023954,45.371628,47.984524,3.678414,6.976355,-9.994020
302.000000,-2370.693848,-1192.477295,78.014519,-0.058598,2.892138,-51.555240,-8.137932,-2.578355,15.131175,15.448168,-11.192933,6.935628,-9.682388,-8.584605,-21.711542,34.650513,-15.441662,2.193084,1.280375,4.788789,0.248096,-9.281513,42.096138,-48.437786,40.848942,0.392903,10.089605,1.223003,-8.499945,-31.297955,44.907288,47.827881,4.167884,6.721756,-10.072401
303.000000,-2370.624268,-1192.282715,77.854500,-0.034951,2.859198,-51.389423,-8.903316,-2.603894,15.200351,16.974751,-11.963186,7.117968,-8.614735,-7.033246,-21.774879,35.262997,-15.877303,1.631560,1.590520,4.537007,0.316389,-8.326281,42.534134,-47.920654,40.164162,0.264687,11.038915,1.443714,-8.247834,-31.629959,44.496349,47.712463,4.501822,6.378036,-10.233380
304.000000,-2370.552734,-1192.042603,77.662018,0.004465,2.770933,-51.199732,-9.895387,-2.652889,15.254562,19.030567,-12.954785,7.392157,-7.481551,-5.459711,-21.813261,35.393974,-16.955744,0.742658,1.970130,4.358510,0.582945,-7.351688,42.863400,-47.558754,39.351292,0.134691,11.993652,1.661655,-8.036285,-32.109303,44.163460,47.698246,4.861650,5.929950,-10.454614
305.000000,-2370.479980,-1191.771362,77.448639,0.009886,2.752384,-51.063799,-10.724233,-2.620974,15.334821,20.581272,-13.663946,7.654111,-7.032465,-4.530499,-21.584118,35.455860,-17.843699,0.452694,2.316995,4.354467,0.712427,-6.819009,42.898102,-47.474201,38.957973,0.088783,12.568143,1.741593,-7.865251,-32.413479,44.011490,47.863403,5.120309,5.638855,-10.646865
306.000000,-2370.427002,-1191.512207,77.212570,0.060045,2.655025,-50.947620,-11.689882,-2.629310,15.541039,22.541119,-14.549740,8.017244,-6.495217,-3.345793,-21.109442,35.812275,-18.260035,0.525643,2.790645,4.201630,0.906887,-6.341077,42.871468,-47.458897,38.759258,0.075158,13.237681,1.767278,-7.589715,-32.556190,43.926472,48.211163,5.389122,5.412640,-10.916709
307.000000,-2370.364746,-1191.278564,76.985893,0.092121,2.664364,-50.887075,-12.628243,-2.583671,15.906052,24.354996,-15.385285,8.323754,-5.968659,-2.187182,-20.413818,35.526051,-18.940487,0.192680,3.211466,4.060588,0.908547,-5.874743,42.728661,-47.567249,38.782593,0.049114,13.939745,1.795622,-7.223838,-32.542744,43.938118,48.494678,5.622140,5.312387,-11.120163
308.000000,-2370.270264,-1190.986084,76.760696,-0.106862,2.895054,-50.687723,-13.850442,-2.362195,16.168570,26.208162,-16.133303,8.639677,-5.620574,-1.438536,-20.012007,34.562286,-20.398813,-0.775262,3.408355,4.231780,0.607707,-5.493891,42.420441,-47.851189,38.865398,-0.045877,14.644955,1.802328,-6.803138,-32.593502,43.965633,48.644417,5.711172,5.226679,-11.267224
309.000000,-2370.199219,-1190.634644,76.543465,-0.402053,2.997577,-50.388037,-15.213334,-1.973599,16.531050,28.342550,-16.954506,9.033284,-5.362894,-0.812559,-19.521566,33.579185,-21.562008,-1.398818,3.432317,4.657914,0.465956,-5.188612,42.035488,-48.254032,38.887741,-0.245102,15.367684,1.765334,-6.458396,-32.657207,43.972542,48.839020,5.742410,5.105295,-11.431549
310.000000,-2370.163818,-1190.276001,76.302177,-0.683114,3.089145,-49.878625,-16.366573,-1.536816,17.322912,30.123753,-17.710518,9.411142,-5.281714,-0.378978,-19.212219,33.064411,-22.538879,-1.835212,3.232940,5.036894,0.359247,-5.102138,41.725613,-48.442242,38.882740,-0.384620,15.908587,1.531976,-6.091612,-32.633514,43.923904,49.161434,5.785518,4.938411,-11.623555
311.000000,-2370.173584,-1189.918701,76.038376,-0.874610,3.108898,-49.285433,-17.420080,-1.164394,18.198549,31.820490,-18.408035,9.696628,-5.306442,-0.153586,-19.087633,32.954266,-23.630434,-2.300592,3.057856,5.244736,0.285641,-5.219767,41.483040,-48.454185,38.875961,-0.406463,16.355360,1.296434,-5.709904,-32.488968,43.847702,49.703007,5.825097,4.860810,-11.787251
312.000000,-2370.221436,-1189.537354,75.753479,-1.042392,3.049356,-48.800688,-18.253901,-1.059341,18.181883,33.163284,-18.906384,9.790700,-5.416280,-0.074261,-18.961138,33.122490,-24.611486,-2.353490,2.994995,5.347434,0.257878,-5.410967,41.345001,-48.507278,38.883129,-0.407080,16.661737,1.208875,-5.498646,-32.322777,43.826569,50.245087,5.925702,4.856753,-11.884843
313.000000,-2370.296631,-1189.105591,75.463875,-1.371219,2.821717,-48.431714,-19.234867,-0.841835,17.923407,34.965149,-19.510170,9.808593,-5.508461,0.140837,-18.654150,33.403870,-25.723761,-2.350085,2.963849,5.605011,0.376965,-5.764816,41.117390,-48.687969,39.037136,-0.400732,16.990978,1.193830,-5.405212,-32.157307,43.925819,50.987385,6.184982,4.855306,-12.020076
314.000000,-2370.387695,-1188.628418,75.185295,-1.867842,2.547268,-47.969669,-20.508320,-0.268972,17.746130,37.485207,-20.134876,9.799080,-5.550560,0.631985,-18.303318,33.685574,-26.769274,-2.459857,2.844512,6.253056,0.586374,-6.346275,40.589886,-49.051102,39.576305,-0.394646,17.378246,1.187970,-5.401640,-32.053547,44.223183,52.043186,6.433982,4.850705,-12.248693
315.000000,-2370.489990,-1188.120117,74.933884,-2.393310,2.257156,-47.412508,-21.780821,0.273747,17.455187,39.890224,-20.379669,9.782773,-5.595402,1.112639,-18.096581,33.968723,-27.522058,-2.568128,2.496148,7.064376,0.775454,-6.906771,39.970978,-49.523567,40.070232,-0.351300,17.885235,1.135276,-5.382067,-31.970146,44.374554,53.071400,6.530296,4.850536,-12.474291
316.000000,-2370.607910,-1187.604248,74.713867,-2.761301,1.949765,-46.893951,-22.841940,0.733428,17.473034,41.844475,-20.385401,9.644996,-5.743447,1.333019,-18.120058,34.477913,-28.177601,-2.701850,2.072936,7.833783,0.909130,-7.430833,39.413567,-50.213833,40.263016,-0.167641,18.530369,0.892417,-5.297222,-31.862741,44.396500,54.110641,6.648216,4.849295,-12.713975
317.000000,-2370.747070,-1187.052979,74.501175,-3.099713,1.600113,-46.568981,-23.695246,1.065101,17.438221,43.400120,-20.302364,9.348396,-6.050613,1.393285,-18.024687,35.281311,-28.807640,-2.770962,1.882846,8.573456,0.975073,-8.063694,38.831741,-50.937996,40.275078,0.314012,19.192888,0.329590,-5.045735,-31.822031,44.409332,55.110737,6.591457,4.845644,-13.018610
318.000000,-2370.939941,-1186.498413,74.295174,-3.411249,1.260308,-46.091278,-24.516989,1.727309,18.135862,44.945099,-20.232826,8.274309,-6.244200,1.476543,-18.025921,35.766499,-29.376495,-2.986317,1.696919,9.238051,0.965387,-8.754791,38.320309,-51.386875,40.271366,0.702849,19.647694,-0.289630,-4.654258,-31.796331,44.410721,55.945900,6.547289,4.834141,-13.316724
319.000000,-2371.214600,-1185.959595,74.098297,-3.435588,0.946092,-45.087055,-25.588623,2.771729,20.235325,46.939224,-19.864235,5.848760,-6.311990,1.439554,-17.933929,35.960026,-30.263174,-3.271891,1.114999,9.693855,0.900264,-9.811554,37.821499,-51.699944,40.266956,1.034997,20.068714,-0.996417,-3.944770,-31.671303,44.411308,56.943264,6.596220,4.822494,-13.648107
320.000000,-2371.524658,-1185.401489,73.976776,-3.163243,0.695876,-44.024407,-26.554136,3.084517,21.699596,48.358521,-19.080952,2.470851,-6.648675,0.796348,-18.061806,36.574348,-30.936117,-2.856544,0.516402,9.727416,0.794094,-10.930302,37.304695,-51.787048,40.355785,1.661683,20.345537,-1.550530,-3.142190,-31.523230,44.280296,57.760380,6.653107,4.914516,-13.862099
321.000000,-2371.811279,-1184.787720,74.005936,-2.857348,0.427794,-43.411265,-27.145924,2.917097,21.949167,48.985764,-18.040888,0.319277,-7.074163,0.148483,-18.343348,37.340080,-30.931175,-2.746352,0.255482,9.869905,0.808985,-11.639199,36.788792,-51.794155,40.423435,2.353055,20.471588,-1.871082,-2.624496,-31.501261,44.099606,58.204376,6.639256,5.094419,-13.961766
322.000000,-2372.052246,-1184.148682,74.135704,-2.522104,0.154573,-43.214637,-27.938948,2.309715,21.567739,49.573895,-16.063246,-1.707913,-7.573629,-0.691217,-18.340191,37.928761,-30.574417,-2.585736,0.023444,10.101011,0.856475,-12.243884,36.190331,-51.794956,40.391083,3.146017,20.508102,-2.290936,-2.213187,-31.556749,43.921593,58.586990,6.629889,5.409474,-14.024849
323.000000,-2372.235596,-1183.524658,74.296379,-2.302293,-0.312799,-43.392287,-28.613134,2.027148,21.212152,50.607613,-14.361595,-2.723166,-7.708720,-1.302428,-18.064487,38.041904,-29.998951,-2.332389,-0.275122,10.498859,1.092281,-12.594211,35.755150,-51.713497,40.309284,3.641800,20.505714,-2.865111,-2.081705,-31.752939,43.904613,58.695255,6.579524,5.651638,-14.055959
324.000000,-2372.346191,-1183.012939,74.461357,-2.079412,-0.784136,-43.848766,-28.898323,2.622435,21.291138,52.056484,-13.250018,-2.874274,-7.610799,-1.720513,-17.589958,37.894047,-29.392878,-2.054796,-0.577967,10.842823,1.229559,-12.699641,35.436077,-51.411983,40.334988,4.009242,20.501173,-3.541202,-1.964760,-31.874660,43.961845,58.699406,6.412634,5.723741,-14.100922
325.000000,-2372.395264,-1182.600952,74.650162,-1.855963,-1.194316,-43.990663,-28.798754,3.685659,20.859522,53.602283,-13.432346,-2.596870,-7.313919,-2.221606,-17.331081,37.505939,-28.798590,-1.776970,-1.087959,10.983846,1.122064,-12.765097,35.137165,-51.028431,40.406906,4.178238,20.496403,-4.156881,-1.655772,-31.906832,44.322292,58.668827,6.172663,5.736354,-14.204556
326.000000,-2372.404785,-1182.258301,74.855965,-1.610034,-1.517907,-43.962904,-28.385351,4.934653,19.852816,54.832935,-14.449286,-2.124561,-6.850348,-2.762409,-17.360605,36.851768,-28.156019,-1.497381,-1.856590,11.014386,0.943035,-13.011691,34.777802,-50.873970,40.576775,4.291062,20.414743,-4.590020,-1.290743,-31.887564,44.895084,58.679970,6.065207,5.748502,-14.323367
327.000000,-2372.381104,-1181.896606,75.104767,-1.263791,-1.888231,-44.200748,-27.407009,6.290535,18.451759,55.629181,-15.984773,-1.604895,-6.390384,-3.308058,-17.042580,36.133713,-27.417074,-1.221115,-2.341851,10.902505,0.991387,-13.356833,34.324776,-50.636555,40.784336,4.572117,20.089485,-4.834111,-0.891384,-31.835255,45.182629,58.699524,6.034032,5.754904,-14.487488
328.000000,-2372.311035,-1181.514771,75.389633,-0.977758,-2.165184,-44.560833,-26.401184,7.252614,17.024681,55.751057,-17.013039,-1.284533,-6.030401,-3.649183,-16.699799,35.399513,-26.736927,-0.989680,-2.608385,10.861552,1.148774,-13.613115,33.932697,-50.309788,40.881245,4.719190,19.705912,-4.916905,-0.577348,-31.843058,45.252705,58.702953,5.982056,5.786001,-14.638985
329.000000,-2372.187500,-1181.101685,75.714455,-0.790629,-2.248364,-44.899040,-24.955160,8.377946,14.831521,55.174244,-18.011280,-1.021743,-5.609422,-3.964543,-16.251928,34.100098,-25.654980,-0.659641,-2.905953,10.923632,1.353387,-13.951088,33.346714,-49.760666,40.972252,4.780285,19.103825,-4.940332,-0.144515,-31.899536,45.266930,58.705124,5.821888,5.914655,-14.879233
330.000000,-2372.025879,-1180.687378,76.043938,-0.521406,-2.173990,-45.312283,-23.247118,9.259871,12.748379,53.558029,-18.546898,-0.934882,-5.324473,-4.324396,-15.760910,32.625351,-24.452892,-0.291409,-3.182662,10.948806,1.553039,-14.302247,32.799332,-49.306229,40.979481,4.799974,18.395281,-4.935280,0.279219,-31.950127,45.268356,58.697979,5.559285,6.141373,-15.142965
331.000000,-2371.819580,-1180.272095,76.361549,-0.166201,-2.004915,-45.845086,-21.200493,9.787131,11.072951,51.052231,-18.666920,-0.993819,-5.246020,-4.815470,-15.067603,31.285988,-23.302359,0.118926,-3.321330,10.802475,1.748951,-14.529808,32.292610,-48.707485,40.976429,4.831187,17.610950,-4.893947,0.702709,-31.937471,45.258465,58.644985,5.111402,6.437249,-15.364084
332.000000,-2371.560303,-1179.858154,76.654114,0.196382,-1.747026,-46.481578,-18.950607,10.045385,9.760109,47.971043,-18.376873,-1.204785,-5.316638,-5.328048,-14.243971,30.066307,-22.228848,0.561879,-3.310775,10.573299,1.870735,-14.626771,31.829830,-48.088860,40.971542,4.916426,16.833881,-4.752629,1.189551,-31.913832,45.255146,58.460262,4.507911,6.783432,-15.458455
333.000000,-2371.239746,-1179.474121,76.920700,0.486049,-1.447994,-47.110719,-16.412483,10.166475,8.827381,43.982822,-17.441242,-1.649900,-5.362759,-5.779177,-13.403955,28.814251,-21.200253,1.038420,-3.274685,10.270758,1.885690,-14.559668,31.463579,-47.738678,40.951035,5.036304,16.167471,-4.405284,1.755191,-31.867022,45.303638,58.054924,4.174412,7.212711,-15.466329
334.000000,-2370.879639,-1179.133545,77.129761,0.638488,-1.080772,-47.650517,-14.021849,10.320214,8.368143,39.859276,-16.082878,-2.188435,-5.437415,-6.109261,-12.702477,27.582891,-20.254055,1.499482,-3.260731,9.974759,1.679471,-14.269926,31.143547,-47.553452,40.818146,5.211087,15.705773,-3.992097,2.342452,-31.770422,45.386829,57.558098,4.107317,7.649770,-15.448600
335.000000,-2370.466064,-1178.795410,77.280563,0.630481,-0.746459,-48.085057,-11.714769,10.470702,8.220788,35.806011,-13.643671,-2.783559,-5.445504,-6.331201,-12.142673,26.421749,-19.404806,1.969616,-3.252096,9.721549,1.422755,-13.780675,30.789671,-47.344181,40.580154,5.591894,15.312276,-3.575532,2.929983,-31.659748,45.421921,57.038685,4.086738,8.013972,-15.375030
336.000000,-2370.025146,-1178.423828,77.398109,0.624133,-0.505775,-48.420223,-10.203783,10.211480,8.348579,32.967514,-13.651855,-4.387986,-5.424002,-6.558661,-11.788268,25.696533,-18.860497,2.351425,-3.244183,9.481889,1.302175,-13.387324,30.448576,-47.135483,40.469181,6.013281,15.025535,-3.280874,3.298811,-31.594019,45.424538,56.675236,4.058275,8.212350,-15.287605
337.000000,-2369.596436,-1178.034912,77.501511,0.606668,-0.356152,-48.641966,-8.602964,9.780777,9.233291,29.866899,-13.889655,-6.005932,-5.297188,-6.887215,-11.414645,24.775782,-18.155539,2.860135,-3.244090,9.066175,1.308066,-12.894506,29.956104,-46.797188,40.446995,6.627245,14.664728,-2.894832,3.635359,-31.458712,45.423073,56.242996,3.962911,8.391752,-15.125457
338.000000,-2369.199219,-1177.676147,77.600456,0.676850,-0.233943,-48.806228,-7.368769,9.213436,10.135279,27.403255,-14.099404,-6.023498,-5.151377,-7.305536,-11.120277,23.947735,-17.510576,3.360708,-3.277185,8.428421,1.317667,-12.288645,29.573030,-46.501530,40.451839,7.190942,14.307749,-2.482336,3.826368,-31.139961,45.376385,55.976658,3.675728,8.478158,-14.894043
339.000000,-2368.824219,-1177.353638,77.704849,0.739082,-0.110967,-48.939289,-6.404085,8.635313,10.974604,25.396618,-14.060782,-5.628823,-4.957156,-7.725731,-10.879253,23.079428,-16.866484,3.816197,-3.376248,7.621102,1.251143,-11.518879,29.328964,-46.320293,40.509346,7.818558,13.959370,-2.067093,3.904964,-30.583755,45.210411,55.873138,3.154224,8.530437,-14.623658
340.000000,-2368.463867,-1177.053101,77.814453,0.751290,-0.001371,-48.991617,-5.658439,8.150092,11.722463,23.749233,-13.841255,-5.264142,-4.622951,-8.048079,-10.740798,21.960567,-16.111883,4.242007,-3.543403,6.801338,1.089134,-10.684247,29.088995,-46.301929,40.850224,8.315449,13.573876,-1.627517,3.950559,-29.929689,44.979336,55.803688,2.691360,8.546412,-14.355754
341.000000,-2368.135986,-1176.772095,77.910110,0.674406,0.069045,-48.886672,-5.090164,7.718701,12.135761,22.396837,-13.610780,-4.940641,-4.127718,-8.290990,-10.821544,20.706055,-15.320463,4.623172,-3.846474,6.066051,0.921508,-9.948354,28.726870,-46.370689,41.654812,8.565404,13.174698,-1.118307,3.958737,-29.267267,44.847599,55.822392,2.410764,8.548004,-14.155735
342.000000,-2367.825928,-1176.501831,77.982834,0.391979,0.074260,-48.742173,-4.493655,7.533207,12.425187,21.109671,-13.621396,-4.706131,-3.438842,-8.274961,-11.100001,19.255985,-14.416053,4.931153,-4.117256,5.599598,0.788449,-9.367596,28.243397,-46.567127,42.847008,8.633565,12.771885,-0.571576,3.998919,-28.636709,44.759212,55.965878,2.175028,8.548811,-14.002111
343.000000,-2367.527588,-1176.224609,78.024651,-0.025109,0.052415,-48.616574,-3.808389,7.511773,12.605481,19.723379,-13.874422,-4.539743,-2.750870,-8.083920,-11.548433,17.866722,-13.490128,5.182844,-4.253900,5.341496,0.674562,-8.838017,27.729721,-46.735821,44.122437,8.658266,12.444622,-0.053475,4.093505,-28.033623,44.661736,56.178967,1.989339,8.553593,-13.861729
344.000000,-2367.285400,-1175.956177,78.053032,-0.279635,0.042087,-48.612363,-3.231463,7.393489,12.753850,18.522242,-14.030119,-4.351449,-2.289164,-8.057345,-12.184458,16.830694,-12.784118,5.345963,-4.227056,4.978158,0.574885,-8.274468,27.354502,-46.801498,45.227688,8.673276,12.174955,0.478667,4.194146,-27.404921,44.527569,56.359066,1.768208,8.604552,-13.690497
345.000000,-2367.099121,-1175.716309,78.141968,-0.335311,-0.063178,-48.808400,-2.853875,7.187914,12.970986,17.924679,-13.751310,-4.144420,-1.981996,-8.195428,-12.562526,16.181679,-12.195487,5.413566,-4.098535,4.514861,0.603713,-7.770005,27.126661,-46.803165,46.093174,8.691156,11.989053,0.952681,4.232891,-26.852884,44.394501,56.445679,1.553485,8.696800,-13.516679
346.000000,-2366.919189,-1175.490356,78.262115,-0.511160,-0.162944,-49.072849,-2.348253,7.083708,13.290177,17.149616,-13.332814,-3.897583,-1.670697,-8.217994,-13.045931,15.437227,-11.160986,5.465009,-3.926895,4.158077,0.622005,-6.983916,26.756710,-46.800785,47.295120,8.895348,11.758951,1.588708,4.282308,-26.248283,44.220470,56.463627,1.165963,8.798255,-13.256896
347.000000,-2366.745850,-1175.265991,78.390854,-0.743016,-0.244101,-49.431764,-1.811695,7.081019,13.642644,16.285601,-12.917271,-3.657383,-1.498107,-8.131229,-13.451327,14.860551,-9.997460,5.505764,-3.731916,4.008953,0.610019,-6.134661,26.268696,-46.739563,48.659206,9.504853,11.506031,2.224635,4.324254,-25.695850,43.966198,56.497368,0.519082,8.871424,-13.013217
348.000000,-2366.595215,-1175.057739,78.498306,-0.967078,-0.331621,-49.764146,-1.303659,7.109839,14.006442,15.494794,-12.581985,-3.430995,-1.408490,-8.028760,-13.820521,14.434938,-8.928993,5.535819,-3.504596,3.942163,0.585267,-5.261850,25.779848,-46.602325,50.006027,10.163490,11.277506,2.784264,4.317172,-25.116474,43.657692,56.647953,-0.247433,8.947456,-12.791299
349.000000,-2366.467041,-1174.879150,78.578163,-1.141238,-0.475127,-49.893229,-0.857316,7.080791,14.157063,14.869725,-12.333797,-3.227336,-1.171388,-7.976057,-14.257044,14.002332,-8.085939,5.574089,-3.469818,3.861907,0.586610,-4.434937,25.369900,-46.583164,51.274044,10.924150,11.113955,3.221189,4.264839,-24.442259,43.397182,57.016666,-1.206292,9.022269,-12.581118
350.000000,-2366.359619,-1174.726562,78.631821,-1.250663,-0.615443,-49.922757,-0.496656,6.987040,14.186086,14.386956,-12.145471,-3.040726,-0.888800,-7.979864,-14.615306,13.596093,-7.466270,5.647412,-3.517600,3.730402,0.548749,-3.601673,25.017010,-46.578453,52.390999,11.737425,11.055723,3.519997,4.252588,-23.673681,43.158131,57.500771,-2.301959,9.134151,-12.341858
351.000000,-2366.268799,-1174.596191,78.669777,-1.313034,-0.795922,-49.998357,-0.101254,6.872490,14.254120,13.957029,-11.994752,-2.888216,-0.578475,-7.999316,-14.823159,13.220436,-7.014678,5.720672,-3.500773,3.586004,0.540619,-2.801913,24.667564,-46.512730,53.420223,12.371351,10.980889,3.748333,4.263987,-22.907045,42.878754,57.962547,-3.245418,9.304170,-12.017647
352.000000,-2366.192383,-1174.487915,78.697220,-1.356809,-0.926068,-50.125466,0.153989,6.801920,14.342232,13.686949,-11.909148,-2.795819,-0.391777,-8.003138,-14.919470,12.953373,-6.734501,5.761676,-3.444596,3.501245,0.494420,-2.198933,24.349226,-46.397057,54.264835,12.754194,10.907161,3.879837,4.282814,-22.343224,42.581936,58.277222,-3.880294,9.442863,-11.706533
353.000000,-2366.135254,-1174.387085,78.714706,-1.376555,-1.008216,-50.250210,0.384480,6.714928,14.459513,13.430971,-11.829062,-2.688082,-0.226513,-8.014799,-15.008018,12.644382,-6.442360,5.806072,-3.368741,3.415916,0.410701,-1.442804,23.860514,-46.191353,55.442375,13.106630,10.866660,3.948950,4.276030,-21.620607,42.092690,58.688519,-4.668200,9.583074,-11.241508
354.000000,-2366.105469,-1174.286743,78.720680,-1.345467,-1.063122,-50.390601,0.524915,6.601388,14.570797,13.255438,-11.762027,-2.591042,-0.170443,-8.076148,-15.046452,12.478896,-6.292736,5.848249,-3.287806,3.323019,0.373698,-0.787025,23.402445,-45.967358,56.451061,13.166900,10.865417,3.926442,4.209541,-20.999693,41.639072,59.032516,-5.262303,9.665698,-10.759754
355.000000,-2366.108154,-1174.189819,78.716705,-1.262356,-1.068576,-50.534423,0.576687,6.448406,14.718679,13.115066,-11.683392,-2.495901,-0.276845,-8.205770,-15.050878,12.487202,-6.287237,5.888668,-3.130034,3.182806,0.366297,-0.253243,23.047283,-45.819359,57.162411,13.163947,10.870692,3.768527,4.039065,-20.526012,41.401638,59.292294,-5.653771,9.707922,-10.250379
356.000000,-2366.132812,-1174.097290,78.707565,-1.154281,-1.057415,-50.580330,0.539386,6.258450,14.763655,13.023126,-11.590100,-2.403151,-0.395132,-8.376601,-15.095979,12.525727,-6.368953,5.924483,-3.016885,2.998215,0.397055,0.106540,22.786633,-45.763084,57.610668,13.147495,10.874175,3.503036,3.768205,-20.281321,41.290375,59.640568,-5.898093,9.847072,-9.880383
357.000000,-2366.181641,-1174.007568,78.697311,-1.042794,-1.048377,-50.609810,0.489177,6.130384,14.778679,12.975644,-11.517685,-2.346467,-0.496890,-8.499397,-15.154891,12.581564,-6.448170,5.943596,-2.915214,2.854985,0.443837,0.264137,22.613327,-45.746735,57.860367,13.113731,10.873652,3.260453,3.529643,-20.209093,41.256210,59.910263,-5.972980,9.890959,-9.598449
358.000000,-2366.251953,-1173.933350,78.687546,-0.940406,-1.050217,-50.590138,0.411339,5.984629,14.757398,12.941136,-11.420048,-2.289660,-0.598734,-8.644677,-15.300888,12.638508,-6.560836,5.959292,-2.801259,2.655660,0.526923,0.340517,22.382837,-45.722183,58.178017,13.058727,10.864126,2.896891,3.195715,-20.177206,41.188427,60.161411,-6.033711,9.904442,-9.239219
359.000000,-2366.334229,-1173.883179,78.679047,-0.839914,-1.052364,-50.605143,0.344111,5.867478,14.724888,12.897308,-11.314138,-2.258443,-0.666777,-8.753139,-15.452884,12.644269,-6.670945,5.963066,-2.705534,2.449095,0.574191,0.346401,22.141169,-45.631622,58.483032,13.045168,10.846334,2.523008,2.866156,-20.141409,41.035187,60.323765,-6.148403,9.908397,-8.938993
360.000000,-2366.427734,-1173.857788,78.670326,-0.732951,-1.081188,-50.669978,0.362773,5.772711,14.759068,12.787851,-11.190483,-2.250871,-0.690901,-8.818529,-15.528552,12.588898,-6.791588,5.955176,-2.542661,2.217535,0.588301,0.344877,21.913168,-45.504616,58.695221,13.033149,10.812690,2.164913,2.507628,-20.074633,40.970764,60.500412,-6.225591,9.908714,-8.731259
361.000000,-2366.529785,-1173.856689,78.658012,-0.628553,-1.139012,-50.632500,0.387742,5.682970,14.690628,12.725418,-11.088432,-2.256613,-0.557632,-8.858309,-15.677938,12.376654,-6.926934,5.939651,-2.462541,1.973890,0.588080,0.343721,21.747818,-45.422199,58.777225,13.023260,10.722448,1.798633,2.193187,-19.974169,40.916893,60.642857,-6.243059,9.905006,-8.583376
362.000000,-2366.638672,-1173.876953,78.640457,-0.510361,-1.210817,-50.552213,0.413175,5.584266,14.554282,12.692365,-11.001599,-2.278807,-0.340246,-8.900413,-15.899964,12.101940,-7.120482,5.899674,-2.443295,1.703914,0.568993,0.341535,21.617840,-45.373676,58.855785,13.013518,10.549131,1.470943,1.923051,-19.826122,40.872005,60.771126,-6.258564,9.898987,-8.456342
363.000000,-2366.760254,-1173.919312,78.618408,-0.377790,-1.317941,-50.500797,0.502726,5.491393,14.435802,12.639360,-10.919552,-2.335935,-0.055763,-8.929097,-16.144066,11.780105,-7.361553,5.823311,-2.371171,1.400202,0.557269,0.340672,21.522995,-45.359245,58.961910,12.997566,10.336086,1.199053,1.706618,-19.622406,40.866505,60.907722,-6.272734,9.889003,-8.334466
364.000000,-2366.889648,-1173.978271,78.591904,-0.237429,-1.416379,-50.452322,0.566216,5.432429,14.346487,12.621189,-10.873774,-2.390831,0.184114,-8.934979,-16.336563,11.489463,-7.549855,5.759646,-2.275559,1.173960,0.539420,0.345023,21.464672,-45.355354,59.035091,12.985237,10.201893,1.026303,1.598711,-19.442432,40.865906,61.015823,-6.277492,9.880996,-8.252452
365.000000,-2367.017822,-1174.037354,78.571327,-0.133313,-1.497824,-50.357744,0.603330,5.354788,14.183862,12.627529,-10.820004,-2.466448,0.515262,-8.929938,-16.599194,11.047811,-7.798534,5.666484,-2.145556,0.895468,0.501893,0.359614,21.356710,-45.351002,59.126377,12.974280,10.097528,0.835206,1.474904,-19.166779,40.865044,61.213028,-6.280535,9.874496,-8.159492
366.000000,-2367.124756,-1174.082520,78.582794,-0.168995,-1.582272,-50.136091,0.610517,5.416887,13.864490,12.627236,-10.740098,-2.534249,0.791256,-8.790791,-16.855286,10.764252,-7.741934,5.536913,-2.113348,0.882255,0.500584,0.360967,21.094879,-45.345833,59.248951,12.972057,10.077702,0.668933,1.380808,-18.955509,40.862953,61.439575,-6.290895,9.871533,-8.094488
367.000000,-2367.221680,-1174.121826,78.596870,-0.192899,-1.646621,-49.904512,0.618670,5.456208,13.516275,12.563641,-10.619559,-2.588766,1.007196,-8.681291,-17.119013,10.587978,-7.677760,5.431146,-2.069541,0.914077,0.498092,0.363156,20.814119,-45.341228,59.297535,12.966018,10.073401,0.467768,1.346884,-18.784622,40.859642,61.621792,-6.306962,9.872445,-8.030253
368.000000,-2367.318848,-1174.157959,78.608269,-0.196649,-1.679360,-49.713186,0.618830,5.467115,13.226989,12.456337,-10.485578,-2.642476,1.123346,-8.608575,-17.323656,10.499718,-7.662744,5.336017,-1.935854,0.936309,0.484255,0.364008,20.539841,-45.335522,59.307549,12.951674,10.070856,0.290685,1.346074,-18.668922,40.861992,61.748383,-6.407639,9.890376,-7.948045
369.000000,-2367.411377,-1174.188965,78.617004,-0.195370,-1.688159,-49.543961,0.594651,5.471009,12.968800,12.354442,-10.360632,-2.695054,1.185945,-8.549041,-17.499481,10.441022,-7.664153,5.247595,-1.758714,0.950023,0.477104,0.363203,20.280119,-45.329571,59.314617,12.934868,10.071309,0.152542,1.348886,-18.635086,40.868507,61.849327,-6.566073,9.933400,-7.855034
370.000000,-2367.500000,-1174.220215,78.625313,-0.183197,-1.680126,-49.433401,0.588539,5.471283,12.815327,12.241343,-10.251784,-2.736273,1.193078,-8.509694,-17.596500,10.429883,-7.678599,5.179912,-1.587855,0.947152,0.474788,0.365335,20.100367,-45.324421,59.319649,12.920416,10.075191,0.056178,1.351563,-18.614019,40.875767,61.935307,-6.648896,9.976743,-7.788344
371.000000,-2367.587402,-1174.255615,78.633980,-0.165682,-1.651975,-49.347388,0.591956,5.470315,12.661226,12.048732,-10.090952,-2.790721,1.160512,-8.462423,-17.689018,10.441695,-7.705991,5.091371,-1.343995,0.931754,0.462990,0.372720,19.916164,-45.244671,59.323139,12.887806,10.127039,-0.005288,1.354422,-18.568783,40.882469,62.074444,-6.699790,10.060427,-7.716958
372.000000,-2367.674561,-1174.297241,78.642448,-0.147381,-1.617467,-49.244719,0.587544,5.469448,12.500039,11.849141,-9.924843,-2.848578,1.120434,-8.417397,-17.793764,10.461524,-7.741300,5.004104,-1.144252,0.908183,0.441616,0.370186,19.848196,-45.047409,59.321144,12.828676,10.191883,-0.005250,1.356387,-18.506819,40.888515,62.200905,-6.728312,10.187021,-7.655003
373.000000,-2367.757568,-1174.341431,78.648735,-0.139975,-1.591806,-49.112701,0.556760,5.479746,12.308365,11.716928,-9.792207,-2.907511,1.106617,-8.368630,-17.931747,10.473763,-7.780507,4.920393,-1.017686,0.893882,0.428646,0.351092,19.832554,-44.943760,59.317684,12.692983,10.244136,-0.013655,1.359188,-18.455322,40.938442,62.271999,-6.775048,10.341718,-7.597180
374.000000,-2367.834961,-1174.390015,78.653183,-0.134310,-1.558187,-48.933701,0.489451,5.491001,12.077815,11.643410,-9.686361,-2.961410,1.108003,-8.327389,-18.115250,10.486847,-7.830193,4.846365,-0.971498,0.877248,0.405670,0.335045,19.820219,-44.845997,59.313980,12.572736,10.327478,-0.047198,1.376294,-18.388771,40.981873,62.319027,-6.848220,10.473729,-7.557780
375.000000,-2367.908203,-1174.441284,78.656265,-0.135421,-1.535087,-48.762063,0.418800,5.510842,11.840202,11.600063,-9.600346,-3.018713,1.123722,-8.281236,-18.306358,10.500963,-7.884744,4.775290,-0.945367,0.852492,0.390170,0.318955,19.800802,-44.738823,59.309925,12.475846,10.416534,-0.096742,1.405196,-18.304764,40.989365,62.362438,-6.931197,10.591349,-7.544399
376.000000,-2367.972656,-1174.493164,78.659050,-0.133318,-1.515308,-48.630412,0.388677,5.528950,11.700518,11.560164,-9.543809,-3.059166,1.132977,-8.244207,-18.414703,10.512783,-7.922485,4.727115,-0.904005,0.831907,0.380468,0.306888,19.778837,-44.686935,59.308266,12.426246,10.476396,-0.121052,1.421445,-18.266378,40.993488,62.379623,-7.036983,10.674472,-7.540618
377.000000,-2368.028320,-1174.547485,78.661629,-0.136105,-1.496788,-48.545101,0.367098,5.554293,11.544814,11.488177,-9.471298,-3.113230,1.141327,-8.193380,-18.537786,10.526134,-7.970393,4.666490,-0.823921,0.807602,0.348512,0.294482,19.743753,-44.620621,59.308018,12.415371,10.560277,-0.127104,1.477919,-18.216444,40.998123,62.387478,-7.238529,10.754087,-7.534202
378.000000,-2368.079834,-1174.603149,78.663429,-0.151996,-1.476605,-48.513740,0.352505,5.615708,11.461576,11.461274,-9.439753,-3.173673,1.148158,-8.108217,-18.593565,10.506753,-7.991914,4.601558,-0.695511,0.796866,0.318507,0.285183,19.698708,-44.508949,59.306995,12.408268,10.623776,-0.132723,1.555045,-18.152014,41.000439,62.393509,-7.452401,10.788327,-7.530914
379.000000,-2368.129395,-1174.655762,78.664955,-0.171547,-1.454165,-48.494213,0.327897,5.685695,11.391689,11.458813,-9.424259,-3.233022,1.153469,-8.013491,-18.633783,10.468771,-8.001339,4.534887,-0.582879,0.784686,0.299777,0.283754,19.648329,-44.336021,59.304916,12.405788,10.682409,-0.142593,1.609242,-18.096573,40.999695,62.405945,-7.743569,10.822072,-7.534637
380.000000,-2368.176758,-1174.706909,78.666473,-0.190489,-1.426944,-48.458012,0.291438,5.751912,11.305574,11.460657,-9.408977,-3.291617,1.160107,-7.921184,-18.689463,10.424660,-8.008912,4.468475,-0.506455,0.760880,0.292978,0.282629,19.603477,-44.149105,59.303074,12.406310,10.717682,-0.162889,1.650891,-18.042776,40.998333,62.422543,-8.031450,10.840570,-7.538274
381.000000,-2368.220947,-1174.758179,78.667336,-0.206009,-1.403707,-48.437176,0.260380,5.814325,11.224678,11.458660,-9.395073,-3.350677,1.160438,-7.835726,-18.741600,10.397793,-8.024680,4.402274,-0.431117,0.722057,0.291684,0.280269,19.565125,-43.957348,59.300751,12.409760,10.732313,-0.196977,1.705452,-17.961283,40.998211,62.450874,-8.267838,10.850297,-7.540919
382.000000,-2368.262939,-1174.812012,78.667015,-0.219402,-1.391213,-48.436916,0.255642,5.877789,11.173922,11.456410,-9.390459,-3.410906,1.153929,-7.756151,-18.765480,10.405623,-8.055657,4.336483,-0.318728,0.668814,0.292721,0.277139,19.532045,-43.745007,59.298687,12.418715,10.737262,-0.228887,1.739398,-17.861443,41.000114,62.550240,-8.445422,10.866063,-7.545141
383.000000,-2368.302002,-1174.865356,78.665451,-0.230904,-1.384474,-48.437065,0.253951,5.932605,11.127274,11.465230,-9.394516,-3.461150,1.145981,-7.690537,-18.783712,10.434249,-8.097689,4.281455,-0.216239,0.608786,0.292934,0.274991,19.496653,-43.529179,59.298729,12.424363,10.738405,-0.265313,1.756411,-17.758183,41.001472,62.657257,-8.571611,10.901578,-7.549031
384.000000,-2368.337891,-1174.916870,78.662880,-0.245498,-1.382336,-48.440252,0.248291,6.001070,11.073553,11.500028,-9.416152,-3.517828,1.140182,-7.611849,-18.800259,10.472545,-8.151552,4.220992,-0.088185,0.532337,0.292525,0.272896,19.450157,-43.242630,59.301846,12.428188,10.741422,-0.290232,1.762577,-17.635597,41.002308,62.787659,-8.712257,10.962605,-7.560317
385.000000,-2368.364990,-1174.964355,78.660271,-0.261628,-1.387149,-48.476404,0.258562,6.052011,11.056034,11.525400,-9.441912,-3.556056,1.140203,-7.552620,-18.788719,10.494480,-8.184995,4.182107,0.030542,0.484330,0.291858,0.269806,19.384665,-43.033833,59.323223,12.376342,10.739593,-0.301476,1.763680,-17.549086,41.002808,62.897991,-8.791556,11.004333,-7.573177
386.000000,-2368.386230,-1175.011108,78.656281,-0.278584,-1.395480,-48.520944,0.283025,6.115353,11.053318,11.557792,-9.486115,-3.598655,1.140091,-7.477901,-18.752497,10.521435,-8.227311,4.137202,0.205472,0.442093,0.288314,0.258918,19.293516,-42.745808,59.413662,12.225492,10.739776,-0.298603,1.763867,-17.455271,41.003044,63.049915,-8.851633,11.053530,-7.582107
387.000000,-2368.397705,-1175.056396,78.649887,-0.283004,-1.421554,-48.506522,0.299765,6.156413,11.012080,11.627887,-9.550976,-3.629181,1.155868,-7.435669,-18.754503,10.593034,-8.308998,4.106369,0.342067,0.404256,0.286054,0.248844,19.195318,-42.439323,59.535347,12.069610,10.740075,-0.295944,1.760546,-17.354172,40.987919,63.248676,-8.867152,11.092542,-7.588888
388.000000,-2368.398682,-1175.104980,78.642097,-0.276526,-1.479139,-48.442160,0.349395,6.156564,10.919351,11.668484,-9.599509,-3.649611,1.209910,-7.437662,-18.806038,10.704710,-8.424397,4.091794,0.371783,0.370782,0.289185,0.248177,19.133850,-42.246006,59.655983,11.995822,10.740933,-0.297130,1.760325,-17.222599,40.967915,63.459229,-8.866672,11.148698,-7.590092
389.000000,-2368.388672,-1175.151245,78.633606,-0.265488,-1.553235,-48.400939,0.453024,6.145729,10.836664,11.700729,-9.660360,-3.672180,1.292155,-7.453909,-18.843828,10.854819,-8.571491,4.081873,0.379650,0.346364,0.289328,0.245878,19.087353,-42.124634,59.812756,11.890454,10.741592,-0.296933,1.760350,-17.085262,40.893944,63.625175,-8.854262,11.256679,-7.606541
390.000000,-2368.368164,-1175.193481,78.626213,-0.247778,-1.639393,-48.376977,0.593365,6.120770,10.793038,11.695321,-9.706287,-3.688880,1.385455,-7.480602,-18.850191,10.985842,-8.700526,4.081328,0.380054,0.336490,0.287323,0.214080,19.033091,-42.084824,60.017689,11.700368,10.744791,-0.293148,1.757340,-17.040268,40.853745,63.654240,-8.844754,11.374940,-7.611058
391.000000,-2368.341064,-1175.230469,78.617455,-0.223542,-1.733079,-48.380505,0.751593,6.084975,10.778481,11.680828,-9.754480,-3.698940,1.458337,-7.522686,-18.818459,11.156500,-8.841736,4.087652,0.385104,0.330714,0.287160,0.152567,18.961288,-42.080410,60.254627,11.496616,10.772417,-0.289183,1.752529,-17.021929,40.847652,63.661587,-8.832390,11.468722,-7.605924
392.000000,-2368.307861,-1175.263916,78.608658,-0.201356,-1.831341,-48.427261,0.938515,6.051370,10.802879,11.655813,-9.812539,-3.706576,1.524581,-7.560468,-18.735113,11.333497,-8.978047,4.099409,0.406817,0.331038,0.288458,0.109494,18.899368,-42.082150,60.414146,11.390535,10.828075,-0.284374,1.747137,-17.013912,40.846031,63.678055,-8.800856,11.540800,-7.573394
393.000000,-2368.271484,-1175.294067,78.600906,-0.180190,-1.917081,-48.500251,1.109972,6.021626,10.846498,11.615782,-9.860003,-3.712670,1.571429,-7.587528,-18.632221,11.473360,-9.083694,4.112275,0.420611,0.334166,0.286229,0.100918,18.865587,-42.088333,60.494694,11.347603,10.858737,-0.281746,1.734919,-17.012707,40.844597,63.692917,-8.766832,11.604487,-7.504689
394.000000,-2368.235107,-1175.313721,78.592728,-0.153185,-1.961630,-48.608276,1.233186,5.990905,10.909520,11.584535,-9.902996,-3.712293,1.553594,-7.621423,-18.511932,11.634684,-9.184747,4.122789,0.445096,0.336889,0.274197,0.091353,18.829895,-42.095139,60.582096,11.283413,10.868943,-0.281578,1.718244,-17.022900,40.843262,63.700390,-8.728909,11.663094,-7.412795
395.000000,-2368.200439,-1175.315308,78.582603,-0.125494,-1.902663,-48.688617,1.222234,5.948619,10.977119,11.642452,-9.980533,-3.688629,1.392955,-7.687944,-18.375738,11.891757,-9.315330,4.138588,0.473155,0.351652,0.218446,0.067682,18.796534,-42.121582,60.686028,11.052019,10.888685,-0.283097,1.688120,-17.063797,40.843933,63.706509,-8.631347,11.737729,-7.278017
396.000000,-2368.168945,-1175.290649,78.572479,-0.085432,-1.797879,-48.707945,1.061337,5.879875,10.989634,11.776518,-10.056716,-3.629258,1.145393,-7.796410,-18.308401,12.173941,-9.439982,4.172745,0.463365,0.379741,0.203134,0.038281,18.837557,-42.213238,60.696903,10.671337,10.927634,-0.284390,1.635003,-17.121040,40.849602,63.706440,-8.550724,11.844228,-7.164082
397.000000,-2368.131348,-1175.241089,78.563805,-0.021147,-1.681885,-48.755268,0.889434,5.758959,11.020108,11.854705,-10.092010,-3.539786,0.838244,-7.961911,-18.229488,12.508674,-9.573391,4.231032,0.477100,0.406183,0.255403,-0.035606,18.913860,-42.373608,60.695713,10.166598,10.941031,-0.296481,1.560083,-17.218391,40.922428,63.689461,-8.497344,11.974799,-7.058168
398.000000,-2368.081055,-1175.175903,78.557587,0.046109,-1.581756,-48.847096,0.790633,5.622254,11.118668,11.842776,-10.094041,-3.447934,0.538946,-8.132841,-18.090771,12.819103,-9.675013,4.297565,0.565390,0.439323,0.345132,-0.155073,18.977922,-42.618816,60.696861,9.665502,10.970611,-0.315034,1.455727,-17.373041,41.147953,63.626144,-8.359326,12.129438,-6.949543
399.000000,-2368.012695,-1175.092163,78.549591,0.129959,-1.461752,-48.912630,0.661382,5.423899,11.230329,11.819359,-10.088248,-3.320105,0.159082,-8.374537,-17.926695,13.217422,-9.798052,4.392446,0.634522,0.483856,0.437045,-0.329536,19.053545,-43.091133,60.713322,9.041284,11.031757,-0.359936,1.296781,-17.610918,41.488853,63.478046,-8.076944,12.312467,-6.825600
400.000000,-2367.928467,-1174.988403,78.531761,0.284448,-1.283271,-48.893592,0.433406,5.102782,11.236900,11.811930,-10.062604,-3.132459,-0.393734,-8.778888,-17.809185,13.921353,-10.069159,4.526335,0.559192,0.471473,0.449959,-0.520174,19.159651,-43.745056,60.744202,8.399390,11.125280,-0.405431,1.115156,-17.834333,41.682640,63.287083,-7.818062,12.449504,-6.765137
401.000000,-2367.828613,-1174.861816,78.504379,0.483365,-1.067278,-48.912173,0.162279,4.702142,11.269931,11.808244,-10.037974,-2.919349,-1.120415,-9.293595,-17.613218,14.872432,-10.438313,4.685184,0.446486,0.439435,0.413067,-0.625192,19.323328,-44.295567,60.700523,7.860076,11.174792,-0.497044,0.866378,-18.046251,41.710899,63.132103,-7.724214,12.503935,-6.735077
402.000000,-2367.720703,-1174.708984,78.470421,0.686417,-0.793503,-49.041350,-0.111683,4.394600,11.370841,11.858297,-10.046322,-2.750031,-1.796782,-9.698580,-17.363970,15.665261,-10.721022,4.809099,0.395091,0.427283,0.346064,-0.643541,19.479679,-44.565918,60.568108,7.487539,11.176456,-0.660864,0.595380,-18.227980,41.710056,63.047253,-7.709322,12.508582,-6.722372
403.000000,-2367.605957,-1174.520386,78.435516,0.868785,-0.495813,-49.224354,-0.494328,4.052345,11.570157,12.004452,-10.099410,-2.533877,-2.631502,-10.150511,-16.989750,16.529186,-10.981407,4.966977,0.374331,0.445908,0.303434,-0.639684,19.716526,-44.751740,60.310089,7.020623,11.145978,-0.888168,0.165266,-18.501942,41.704624,62.942471,-7.695201,12.486381,-6.714830
404.000000,-2367.491211,-1174.307373,78.404503,1.021018,-0.182232,-49.406925,-1.017790,3.677131,11.819112,12.230720,-10.175978,-2.265606,-3.580309,-10.635190,-16.570644,17.353292,-11.160682,5.163163,0.315624,0.497478,0.284085,-0.638014,20.089132,-44.877132,59.962746,6.429233,11.028943,-1.170777,-0.433846,-18.879438,41.693096,62.792454,-7.695796,12.399586,-6.708134
405.000000,-2367.378906,-1174.087280,78.379715,1.159682,0.103830,-49.571950,-1.465737,3.338195,12.048886,12.363621,-10.205126,-2.027959,-4.383918,-11.042537,-16.200432,17.955257,-11.235660,5.342009,0.235930,0.534441,0.318772,-0.644863,20.570740,-44.926338,59.526802,6.053304,10.905313,-1.460521,-0.991779,-19.289631,41.644417,62.452091,-7.716595,12.276581,-6.702882
406.000000,-2367.277832,-1173.877197,78.359787,1.297130,0.337948,-49.717939,-1.792002,2.990537,12.244796,12.324969,-10.147507,-1.818624,-5.085995,-11.421803,-15.857432,18.468140,-11.282660,5.499361,0.094762,0.520677,0.368014,-0.723089,21.110901,-45.105782,59.084915,5.966835,10.864221,-1.769922,-1.538993,-19.656601,41.532368,61.987400,-7.742093,12.149468,-6.702444
407.000000,-2367.183594,-1173.662231,78.336174,1.446225,0.557089,-49.895354,-2.086748,2.645251,12.474751,12.299458,-10.093642,-1.588502,-5.788651,-11.794736,-15.463718,19.014446,-11.337819,5.646693,-0.001973,0.474958,0.406849,-1.007091,21.596664,-45.490311,58.795120,5.964318,10.860569,-2.128673,-2.187470,-19.929281,41.508377,61.712082,-7.768898,11.958110,-6.729392
408.000000,-2367.099609,-1173.446411,78.311203,1.583582,0.756767,-50.001844,-2.392585,2.338181,12.628714,12.347198,-10.064423,-1.367472,-6.384907,-12.130243,-15.163477,19.475414,-11.373269,5.780103,-0.106782,0.434428,0.429233,-1.433382,21.940744,-45.868816,58.657307,5.968860,10.857715,-2.458664,-2.839706,-20.080959,41.504910,61.634327,-7.772052,11.767791,-6.811336
409.000000,-2367.032715,-1173.228638,78.282707,1.737852,0.917684,-50.129085,-2.655962,2.051840,12.777581,12.387199,-10.028293,-1.168397,-6.936375,-12.445317,-14.876267,19.935518,-11.420105,5.892927,-0.198420,0.375432,0.469643,-1.917317,22.218353,-46.261707,58.598095,5.977204,10.810097,-2.731792,-3.474527,-20.159336,41.503609,61.611938,-7.763958,11.603632,-6.900056
410.000000,-2366.978516,-1173.009155,78.251740,1.892403,1.103290,-50.195519,-3.001237,1.711411,12.937214,12.473763,-9.988879,-0.932170,-7.609573,-12.826617,-14.545206,20.510668,-11.485072,6.022939,-0.396007,0.285814,0.530239,-2.553973,22.544653,-46.851677,58.593842,5.986642,10.667335,-3.016652,-4.285797,-20.204735,41.504765,61.536709,-7.745358,11.403093,-7.024816
411.000000,-2366.933350,-1172.792603,78.222237,2.031537,1.351342,-50.155031,-3.467155,1.378909,12.972465,12.591697,-9.933809,-0.701068,-8.272891,-13.202933,-14.354719,21.000225,-11.524724,6.154856,-0.698245,0.207854,0.513717,-3.181848,22.867113,-47.457306,58.597206,5.982750,10.476470,-3.279841,-4.937755,-20.300070,41.509941,61.243736,-7.713674,11.171931,-7.233067
412.000000,-2366.903564,-1172.576660,78.197876,2.104481,1.604399,-50.065078,-4.032997,1.124376,12.946862,12.828694,-9.914742,-0.484832,-8.866235,-13.503584,-14.262967,21.334686,-11.496397,6.269716,-1.028998,0.190192,0.513376,-3.819411,23.210236,-47.956810,58.568466,5.981953,10.256332,-3.550252,-5.451294,-20.497618,41.514023,60.699852,-7.680142,10.908095,-7.480692
413.000000,-2366.875488,-1172.350464,78.187126,2.048535,1.886730,-50.005943,-4.669224,1.061831,12.921459,13.254642,-9.996488,-0.298876,-9.274610,-13.589013,-14.238201,21.299232,-11.288034,6.359090,-1.228312,0.325644,0.518264,-4.460370,23.558546,-48.337414,58.416946,5.983997,10.106606,-3.856694,-5.856788,-20.721434,41.518227,60.232395,-7.683329,10.633156,-7.739522
414.000000,-2366.844482,-1172.108887,78.184334,1.965621,2.180270,-50.036909,-5.412290,1.047141,12.967285,13.726771,-10.079623,-0.082024,-9.722661,-13.598569,-14.166753,21.066896,-10.909707,6.458133,-1.323035,0.605390,0.524707,-5.305297,24.014397,-48.804241,58.042385,5.981944,10.015914,-4.229208,-6.381654,-20.999435,41.535744,59.798534,-7.693698,10.401698,-8.007953
415.000000,-2366.802734,-1171.865601,78.188828,1.877612,2.386194,-50.032023,-5.979516,1.013556,13.002461,14.052768,-10.105667,0.141853,-9.995434,-13.601369,-14.138798,20.712456,-10.485079,6.561017,-1.420402,0.953523,0.573872,-6.169569,24.447672,-49.206871,57.640053,5.924904,9.912523,-4.573837,-6.886599,-21.273380,41.520897,59.318768,-7.563527,10.329717,-8.278577
416.000000,-2366.740967,-1171.625732,78.195183,1.825459,2.537673,-50.035128,-6.363076,0.903336,13.039568,14.186696,-10.062497,0.381547,-10.172235,-13.659343,-14.107593,20.360666,-10.081741,6.682765,-1.580955,1.305016,0.591582,-6.991570,24.827433,-49.502846,57.383743,5.661526,9.768450,-4.855995,-7.345931,-21.497871,41.410267,58.823326,-7.271855,10.204043,-8.596953
417.000000,-2366.664795,-1171.390259,78.196533,1.818904,2.625201,-50.074813,-6.543488,0.774129,13.107193,14.199333,-10.008328,0.563254,-10.292947,-13.748375,-14.041080,20.172741,-9.826630,6.785141,-1.708779,1.538593,0.592365,-7.553417,25.111374,-49.647213,57.203468,5.361435,9.673113,-5.022685,-7.681939,-21.616430,41.336121,58.543175,-7.001059,10.012924,-8.869913
418.000000,-2366.580078,-1171.149902,78.187904,1.829472,2.636189,-50.123314,-6.696596,0.594761,13.207807,14.246393,-9.976131,0.787204,-10.413739,-13.895629,-13.935054,20.046293,-9.582065,6.921469,-1.857620,1.782440,0.603835,-8.236771,25.470284,-49.911579,56.960995,4.971460,9.602953,-5.193890,-8.067782,-21.709484,41.333817,58.324142,-6.621861,9.723663,-9.226265
419.000000,-2366.485107,-1170.893311,78.168503,1.817353,2.670998,-50.198050,-6.969124,0.407415,13.348849,14.519328,-10.048780,1.082693,-10.590155,-14.069378,-13.765454,19.952124,-9.304898,7.105603,-1.959503,2.092889,0.591956,-9.170115,25.927420,-50.517277,56.491333,4.452236,9.593260,-5.450042,-8.477972,-21.840988,41.418072,58.072479,-6.082357,9.413653,-9.641948
420.000000,-2366.371826,-1170.566162,78.143379,1.862549,2.806507,-50.496918,-7.528890,0.245162,13.852481,15.165300,-10.192022,1.576173,-11.020114,-14.254934,-13.345920,19.859335,-8.907512,7.353877,-1.804257,2.369928,0.517974,-10.087602,26.372194,-50.996861,55.745155,3.972883,9.536249,-5.692172,-8.850930,-22.149374,41.755234,57.578560,-5.389779,9.197149,-10.025331
421.000000,-2366.214355,-1170.154785,78.137497,1.965148,2.968279,-50.747447,-8.261535,-0.100053,14.628413,16.026991,-10.383470,2.481994,-11.419629,-14.570881,-12.884758,19.500916,-8.275052,7.718507,-1.789681,2.623116,0.519894,-10.834597,26.734007,-51.129017,55.086964,3.572955,9.248143,-5.771385,-9.340208,-22.488573,41.971405,57.025311,-4.799274,8.913019,-10.339639
422.000000,-2365.976807,-1169.635498,78.148399,2.058650,3.161955,-51.029393,-8.827623,-0.695920,15.127574,16.453096,-9.729327,3.146300,-11.657199,-14.873142,-12.546799,18.955275,-7.594343,8.029846,-1.940116,2.860226,0.528029,-11.217367,26.966061,-51.093731,54.653236,3.335961,9.004297,-5.779159,-9.811805,-22.705662,41.984962,56.722637,-4.416302,8.608053,-10.572451
423.000000,-2365.664551,-1169.036621,78.157227,2.054433,3.449459,-51.493100,-9.281288,-1.600912,15.647056,16.489767,-10.114607,4.262588,-11.918302,-15.124464,-12.028442,18.001633,-6.565104,8.360882,-1.995278,3.236280,0.532925,-11.477653,27.255760,-50.983982,54.043327,3.092220,8.821833,-5.779831,-10.425133,-22.956266,42.013214,56.448162,-3.871116,8.231615,-10.868571
424.000000,-2365.331299,-1168.374390,78.113655,1.758737,3.876861,-52.074422,-9.846476,-2.670470,15.909789,15.727055,-8.956363,5.448138,-12.368583,-15.080574,-11.462401,16.567554,-5.109326,8.636053,-1.936390,3.955936,0.414147,-11.554317,27.779953,-50.904888,53.129013,2.701344,8.662200,-5.778709,-11.202031,-23.299135,42.184048,55.944401,-3.000561,7.905645,-11.199679
425.000000,-2365.057617,-1167.696045,78.026459,1.388800,4.462723,-52.388307,-10.427453,-2.819251,17.574100,15.037991,-9.145143,6.078039,-13.063696,-15.001154,-11.279018,15.519222,-3.922492,8.742728,-1.963776,4.499818,0.247118,-11.550984,28.572668,-50.879314,52.263821,2.329256,8.588591,-5.779344,-11.915302,-23.467012,42.458740,55.292870,-2.184626,7.713191,-11.439668
426.000000,-2364.891357,-1166.923828,77.864021,0.441008,4.775785,-52.120203,-11.171160,-2.132701,19.691046,14.903518,-10.050108,6.943848,-14.658758,-14.934884,-12.631722,18.814604,-5.204977,7.882007,-2.181458,5.448123,0.498110,-11.768328,29.354704,-50.704899,51.514992,2.296080,8.702765,-5.777400,-12.656596,-23.686949,42.566032,54.580212,-1.747786,7.414196,-11.587064
427.000000,-2364.896729,-1166.296753,77.768921,0.161220,4.620119,-51.655806,-11.851427,-2.043490,19.985828,15.610403,-10.210629,7.840789,-15.814298,-14.932186,-14.154063,25.737013,-9.237416,6.559824,-2.145866,5.331186,1.247860,-12.308873,30.300913,-50.494938,51.048359,2.250710,8.983655,-5.755402,-13.084656,-23.441593,42.572052,54.416222,-1.262024,6.992005,-11.794424
428.000000,-2364.930908,-1165.839600,77.729782,0.140786,4.487694,-51.804694,-12.166024,-2.080301,20.432077,15.944003,-10.010255,8.344527,-16.535812,-14.027494,-14.600237,32.156563,-11.821778,5.310822,-1.207773,4.628564,1.550810,-12.372419,31.253471,-50.294704,50.663445,2.192516,9.372216,-5.687487,-13.120135,-22.966311,42.585938,54.409500,-0.670567,6.790529,-11.789589
429.000000,-2364.913330,-1165.522095,77.694740,0.116303,4.637578,-52.110403,-12.510098,-2.054350,20.876129,16.154236,-9.925119,8.640307,-16.566612,-12.535869,-15.251348,37.185173,-13.897344,4.282494,-0.335384,3.965692,1.331755,-11.795780,32.244030,-50.104382,50.156754,2.064136,9.839611,-5.634005,-13.026331,-22.482189,42.684143,54.361118,0.034313,6.645585,-11.687248
430.000000,-2364.860840,-1165.246948,77.611740,0.148041,4.897303,-52.364495,-13.149471,-2.033614,21.393188,16.617962,-10.060752,8.895559,-15.829215,-10.350101,-16.377110,41.628513,-16.297314,3.299299,0.504203,3.191634,0.665514,-10.469234,33.490074,-49.892525,49.412315,1.676029,10.570191,-5.589459,-12.921555,-22.098293,42.937153,54.087742,1.057969,6.392485,-11.477397
431.000000,-2364.805908,-1164.933960,77.464897,0.201216,5.047423,-52.504436,-13.989985,-2.051107,21.748024,17.649794,-10.516691,9.200237,-14.445811,-7.970909,-17.422806,44.632607,-18.533941,2.668376,0.932156,2.527234,0.170665,-9.051078,34.519432,-49.820477,48.861309,1.016673,11.541139,-5.519399,-13.091472,-22.002037,43.087132,53.602016,2.055461,6.065457,-11.311068
432.000000,-2364.752197,-1164.534180,77.252426,0.214197,5.037632,-52.631024,-14.996142,-1.976674,22.031115,19.349531,-11.314897,9.551827,-12.665610,-5.301471,-18.076439,46.221394,-20.395481,2.399814,1.267115,2.076114,0.064020,-7.747571,35.226387,-49.612347,48.372860,-0.004600,12.650481,-5.417256,-13.511778,-22.230965,43.068821,52.968414,3.068770,5.638870,-11.290978
433.000000,-2364.702881,-1164.061523,76.983543,0.231001,4.985331,-52.800206,-16.031921,-1.863251,22.253571,21.243296,-12.187621,9.884168,-11.038373,-2.783296,-18.218115,46.494186,-21.631798,2.383413,1.818087,1.817065,0.195503,-6.903392,35.527504,-49.247440,48.003082,-0.896140,13.582585,-5.347882,-13.888643,-22.757240,43.031231,52.305359,3.795558,5.207355,-11.317061
434.000000,-2364.659912,-1163.534302,76.678177,0.338289,4.981252,-53.033858,-17.289898,-1.859992,22.641230,23.351555,-13.116457,10.318356,-9.408611,-0.067307,-18.155138,46.044960,-22.682817,2.390582,2.792214,1.482283,0.425636,-6.192885,35.724144,-48.821381,47.583946,-1.896067,14.397742,-5.196909,-14.327940,-23.513214,43.027084,51.629925,4.459679,4.761859,-11.356769
435.000000,-2364.629639,-1163.003174,76.377136,0.480023,5.073390,-53.308896,-18.482594,-1.916820,23.096884,25.028151,-13.796535,10.730144,-8.362403,2.361658,-17.446434,44.798164,-23.422411,2.383066,3.726863,1.164211,0.568987,-5.666502,35.963757,-48.739822,47.317562,-2.955581,14.811290,-5.026630,-14.733441,-24.028372,43.129505,51.131138,5.146413,4.548100,-11.427053
436.000000,-2364.586914,-1162.449463,76.083939,0.571528,5.109158,-53.444481,-19.575684,-2.016467,23.433315,26.533001,-14.345821,11.150741,-7.480086,4.498175,-16.588686,43.090969,-24.295031,2.043896,4.409638,0.965961,0.716116,-5.161867,36.125034,-48.669594,47.255035,-3.743261,15.113678,-4.917690,-15.103428,-24.312859,43.286491,50.823154,5.875196,4.351597,-11.454097
437.000000,-2364.501709,-1161.843628,75.793190,0.424094,5.139857,-53.470654,-20.771027,-1.926100,23.574265,28.220144,-14.940852,11.580590,-6.784858,6.390441,-15.651801,41.011841,-25.212477,1.335340,4.857140,1.192519,0.733525,-4.596782,36.110817,-48.592506,47.224628,-4.341430,15.412280,-4.844600,-15.467415,-24.426100,43.445148,50.895416,6.613283,4.160765,-11.449233
438.000000,-2364.381104,-1161.198120,75.513672,0.136306,5.201608,-53.367558,-21.635950,-1.813795,23.563946,29.376396,-15.318985,11.886435,-6.500271,7.449422,-14.928689,39.651554,-25.863815,0.740386,5.006608,1.563746,0.640608,-4.180308,36.054493,-48.581951,47.124718,-4.736664,15.619266,-4.833536,-15.688054,-24.446165,43.579601,51.081589,7.035613,4.070233,-11.405803
439.000000,-2364.240723,-1160.489990,75.242546,-0.149514,5.206514,-53.128164,-22.886267,-1.795933,23.438360,30.918247,-15.723687,12.398951,-6.205278,8.519119,-13.838953,37.640537,-26.975336,-0.368108,5.000640,2.271311,0.497346,-3.583316,35.909443,-48.581921,46.865654,-5.289824,15.919652,-4.836051,-15.962957,-24.484798,43.810940,51.432343,7.391263,3.950022,-11.227078
440.000000,-2364.100830,-1159.699219,74.971046,-0.496339,5.135103,-52.869046,-23.930723,-1.841215,23.316338,32.139717,-15.946486,12.884160,-6.064533,8.750030,-13.151237,35.970013,-27.900028,-1.462224,4.942677,3.071697,0.419992,-3.241787,35.645020,-48.591309,46.687477,-5.622917,16.099817,-4.918838,-16.166094,-24.601557,44.000851,51.843624,7.422298,3.881290,-10.915249
441.000000,-2363.992188,-1158.885864,74.705856,-0.950037,5.017575,-52.508118,-24.985353,-1.805923,23.059961,33.409088,-16.102037,13.273927,-6.011360,8.714410,-12.541884,34.440651,-28.259993,-2.540729,4.788448,4.027009,0.379583,-3.154675,35.368732,-48.614216,46.555508,-5.724471,16.176548,-5.136562,-16.295305,-24.711416,43.999741,52.348099,7.417952,3.843156,-10.579201
442.000000,-2363.925781,-1157.995850,74.412682,-1.473574,4.873870,-52.009466,-26.186846,-1.739211,22.668770,34.851227,-16.140230,13.320473,-6.110360,8.575934,-11.830127,33.060753,-27.363747,-3.855196,4.560038,5.042130,0.298767,-3.335191,35.089767,-48.722794,46.547203,-5.840962,16.186970,-5.372133,-16.338785,-24.926344,43.978096,52.853237,7.402663,3.786298,-10.244352
443.000000,-2363.934570,-1157.101562,74.169502,-1.977360,4.686147,-51.265250,-27.303596,-1.719332,22.091112,36.202374,-16.005344,12.560198,-6.248387,8.815157,-11.636041,32.687061,-28.067610,-5.627303,4.207046,5.941256,0.287196,-3.727041,34.917477,-48.946095,46.573956,-5.998289,16.189453,-5.611597,-16.353119,-25.109922,43.990017,53.455627,7.424017,3.714517,-10.020798
444.000000,-2363.999268,-1156.156738,74.014946,-2.236179,4.481117,-50.622732,-28.612728,-1.861261,21.510033,37.645416,-15.490605,10.094711,-6.616361,8.702084,-12.037556,32.607693,-28.644638,-7.677161,3.936938,6.731817,0.332038,-4.349322,34.733032,-49.215542,46.645969,-6.238161,16.190840,-5.906857,-16.350595,-25.320179,44.013615,54.347340,7.640748,3.625528,-9.857765
445.000000,-2364.102295,-1155.211182,73.974991,-2.130500,4.340961,-50.135259,-29.668814,-2.087284,21.367331,38.735435,-14.570010,7.170247,-7.210773,8.150087,-12.286584,33.117279,-29.161331,-7.840373,3.831531,6.981601,0.417674,-4.832479,34.591156,-49.302326,46.693275,-6.372200,16.225134,-6.177633,-16.342661,-25.449656,43.998898,55.082558,7.872743,3.492361,-9.842925
446.000000,-2364.215820,-1154.146484,74.063416,-1.907872,4.155353,-49.631935,-30.954222,-2.516292,21.334883,39.809387,-12.468228,3.303743,-8.037548,7.212310,-12.407388,33.828671,-29.508438,-7.584613,3.610069,7.246093,0.656490,-5.421333,34.282337,-49.317944,46.698242,-6.397749,16.320370,-6.606618,-16.300474,-25.639902,43.903381,56.203625,7.923462,3.257840,-9.873328
447.000000,-2364.301270,-1153.072998,74.256821,-1.703313,4.040976,-49.034460,-32.138454,-3.157407,21.063885,40.288895,-9.537268,-0.219646,-8.758080,6.193040,-12.646749,34.099560,-29.280298,-7.219101,3.218722,7.633410,0.831903,-5.928623,33.798290,-49.323280,46.697495,-6.376766,16.422993,-7.130372,-16.092400,-25.915094,43.804268,57.477898,8.111078,3.024020,-9.999827
448.000000,-2364.345459,-1151.993530,74.459908,-1.693619,3.992887,-48.492150,-33.448956,-3.701361,20.496523,40.926353,-6.542839,-2.976901,-9.152933,5.393830,-13.028309,33.640789,-28.838907,-6.833040,2.788642,8.161517,0.806931,-6.271614,33.285515,-49.324223,46.694542,-6.328772,16.474640,-7.721913,-15.666401,-26.283520,43.743359,58.531910,8.675468,2.958345,-10.217528
449.000000,-2364.367676,-1150.932251,74.639267,-1.850094,3.817060,-48.434248,-34.923504,-3.640132,20.268873,42.205338,-4.210084,-5.076522,-9.504858,4.726488,-13.222799,33.064892,-28.167803,-6.375557,2.565234,8.910656,0.825618,-6.531836,32.776878,-49.319847,46.654270,-6.304255,16.482103,-8.404822,-14.988851,-26.823614,43.710854,59.560928,9.396503,2.947119,-10.528779
450.000000,-2364.381836,-1149.956177,74.842178,-2.031608,3.515813,-48.447140,-35.807220,-2.649888,20.104019,44.017937,-4.166533,-5.390223,-9.720823,4.276101,-13.300629,32.764389,-27.243023,-5.964871,2.299376,9.475112,0.943451,-6.616918,32.584248,-49.313446,46.570526,-6.418941,16.483269,-9.098757,-14.078970,-27.312321,43.708969,60.065247,9.680072,2.988177,-10.938365
451.000000,-2364.375977,-1149.134644,75.085678,-1.893982,3.226781,-48.099759,-36.122543,-1.989788,19.577227,45.190063,-4.814762,-5.251734,-9.727338,3.671123,-13.493375,32.470497,-26.614391,-5.623921,1.815678,9.504724,0.985816,-6.640762,32.588249,-49.304073,46.521267,-6.508751,16.505888,-9.653356,-13.127049,-27.660177,43.708282,60.193390,9.694969,2.996564,-11.243308
452.000000,-2364.337646,-1148.354492,75.388359,-1.479387,3.043010,-47.554133,-36.226463,-1.225792,18.539339,46.392693,-6.061542,-4.897547,-9.693014,2.511285,-13.877601,31.988598,-25.846893,-5.108002,0.881818,9.118705,0.881468,-6.662842,32.658104,-49.302635,46.440414,-6.526530,16.567739,-10.332909,-11.625654,-28.147154,43.683548,60.331692,9.634343,2.982254,-11.612386
453.000000,-2364.249023,-1147.592407,75.732193,-1.094643,2.866200,-47.149391,-36.042782,-0.287370,17.368782,47.381298,-7.193024,-4.549298,-9.554911,1.465659,-14.051588,31.301352,-25.053865,-4.571288,0.115436,8.671157,0.782777,-6.747323,32.651012,-49.263687,46.418091,-6.547688,16.592468,-10.819992,-10.162190,-28.707201,43.557789,60.430565,9.457045,2.979799,-11.968810
454.000000,-2364.098877,-1146.837524,76.083748,-0.868636,2.690407,-46.940816,-35.584209,1.332680,15.792298,48.532600,-8.452556,-4.183798,-9.178709,0.493769,-14.074998,30.004395,-23.851540,-3.882151,-0.600774,8.387950,0.741830,-6.938653,32.554871,-49.146736,46.471268,-6.741851,16.531878,-11.314605,-8.361268,-29.587183,43.224529,60.537132,9.262792,2.999133,-12.443362
455.000000,-2363.892822,-1146.072998,76.415558,-0.660619,2.634767,-46.933142,-34.996399,3.063615,14.240712,49.216450,-9.461266,-3.869566,-8.890691,-0.288138,-13.898530,28.696287,-22.651083,-3.205719,-1.101455,8.301026,0.722337,-7.173162,32.512173,-49.115738,46.580948,-7.223743,16.365955,-11.699692,-6.766641,-30.575050,42.952465,60.618870,9.178241,3.111421,-12.965129
456.000000,-2363.656738,-1145.309448,76.695786,-0.442918,2.625248,-46.894466,-34.326702,4.656080,12.651834,49.337440,-10.222711,-3.566021,-8.792043,-1.124566,-13.677880,27.638847,-21.578619,-2.494734,-1.613374,8.265578,0.789914,-7.533365,32.509842,-49.133583,46.702049,-7.876293,16.305927,-12.144411,-5.301657,-31.617966,42.805435,60.512787,9.164172,3.361290,-13.614408
457.000000,-2363.400146,-1144.562866,76.907379,-0.290390,2.685725,-46.802824,-33.794525,5.839974,11.399842,49.245987,-10.631192,-3.378735,-8.832789,-1.802558,-13.578953,27.007748,-20.844166,-1.946745,-2.052980,8.310468,0.896552,-7.972278,32.506546,-49.152908,46.756920,-8.326174,16.321838,-12.542444,-4.177598,-32.453091,42.709423,60.303219,9.154128,3.595427,-14.102887
458.000000,-2363.087891,-1143.757935,77.079391,-0.241279,2.779321,-46.700508,-33.066505,7.379388,10.057199,48.771122,-10.950517,-3.190550,-8.957621,-2.537877,-13.489387,26.374676,-20.036030,-1.285096,-2.502121,8.509638,1.081363,-8.668490,32.484791,-49.149967,46.760708,-8.883552,16.331312,-12.961331,-2.859428,-33.387424,42.522408,60.065533,9.141417,3.846325,-14.615346
459.000000,-2362.710693,-1142.931641,77.210464,-0.264508,2.908796,-46.535850,-32.004463,9.457245,8.929290,47.518322,-11.195499,-3.005079,-9.128902,-3.366724,-13.471379,25.667608,-19.131344,-0.456736,-3.092050,8.900189,1.301076,-9.545281,32.491272,-49.132061,46.738132,-9.863330,16.270542,-13.326583,-1.425203,-34.312355,42.248329,60.011261,9.128180,4.096739,-15.117187
460.000000,-2362.272461,-1142.127075,77.307930,-0.271989,2.983492,-46.332591,-30.723026,11.164114,7.967315,45.780083,-11.214069,-2.911590,-9.244234,-4.188792,-13.477035,25.167395,-18.424335,0.321773,-3.733964,9.278955,1.542835,-10.314356,32.504440,-49.135147,46.735172,-10.617186,16.109642,-13.617400,-0.271166,-34.939434,41.871292,60.018093,8.943728,4.398188,-15.539986
461.000000,-2361.763672,-1141.350952,77.392235,-0.111369,3.094530,-46.528513,-28.841118,12.369080,7.090352,43.304943,-11.008410,-2.910923,-9.526806,-5.125245,-13.045758,24.929150,-17.837439,1.107199,-4.094808,9.419162,1.664414,-10.921290,32.514660,-49.153214,46.727612,-10.887638,15.881092,-14.001059,0.734065,-35.277775,41.331142,60.020653,8.237213,4.770731,-15.970238
462.000000,-2361.183350,-1140.580444,77.449539,0.030696,3.339366,-46.911696,-26.711170,13.165520,6.255800,40.538635,-10.603785,-3.047186,-10.046268,-6.047764,-12.339102,24.790174,-17.278103,1.944808,-4.239386,9.499047,1.570657,-11.368751,32.516273,-49.159630,46.643715,-10.991278,15.663800,-14.435844,1.533207,-35.529640,40.931210,59.935474,7.374648,5.117748,-16.390320
463.000000,-2360.534912,-1139.780151,77.472420,0.117064,3.649811,-47.485342,-24.455404,13.780525,5.846695,37.729374,-10.120734,-3.281487,-10.703131,-6.884396,-11.454487,24.679180,-16.716236,2.827302,-4.162194,9.585527,1.424202,-11.788724,32.533882,-49.163857,46.408615,-11.053845,15.492808,-14.892817,2.107734,-35.778809,40.733093,59.751358,6.649257,5.377467,-16.865166
464.000000,-2359.817871,-1138.942261,77.459045,0.094397,4.006582,-47.979130,-22.370478,14.022218,5.433709,35.321766,-9.606613,-3.617158,-11.342618,-7.661316,-10.660262,24.485838,-16.137316,3.752656,-4.104618,9.733532,1.289856,-12.195453,32.532181,-49.167000,46.091103,-11.087941,15.292150,-15.312259,2.426513,-36.020233,40.628052,59.555511,6.083910,5.571054,-17.379194
465.000000,-2359.059814,-1138.099243,77.406853,-0.018162,4.359220,-48.443851,-20.882915,13.981513,5.177270,33.859463,-8.812753,-3.883155,-11.818550,-8.222840,-10.078516,24.303484,-15.683162,4.498810,-4.056305,9.878674,1.212986,-12.504912,32.510189,-49.193466,45.866444,-11.093164,15.088912,-15.608830,2.507617,-36.210953,40.568729,59.405170,5.719182,5.682870,-17.794065
466.000000,-2358.256348,-1137.242188,77.342583,-0.054509,4.702283,-48.701728,-19.058956,13.409344,5.051783,31.895777,-8.741884,-5.106437,-12.394429,-9.079377,-9.401546,24.076397,-15.120754,5.531451,-4.108020,9.981688,1.125362,-12.904834,32.426479,-49.321480,45.720318,-11.056967,14.811596,-15.941623,2.463543,-36.426674,40.454575,59.243610,5.318153,5.760592,-18.363270
467.000000,-2357.450684,-1136.340820,77.277229,-0.014258,4.966090,-48.631170,-17.892492,12.352325,5.621734,29.528584,-10.293447,-6.984289,-12.791771,-10.200413,-9.045526,23.768217,-14.532420,6.606403,-4.519989,9.861062,1.166349,-13.417636,32.342907,-49.501976,45.668201,-10.890717,14.626052,-16.243065,2.288067,-36.378746,40.111046,59.226372,4.991493,5.791970,-19.013113
468.000000,-2356.715088,-1135.470825,77.206642,0.169059,5.026526,-48.511835,-17.149290,11.236928,6.489635,28.034891,-11.278887,-7.897334,-13.038457,-11.441798,-8.710924,23.659256,-14.061608,7.608762,-4.838065,9.334576,1.415715,-14.020742,32.287083,-49.518337,45.667213,-10.497752,14.505075,-16.487556,2.208069,-36.024002,39.699310,59.222519,4.672074,5.836801,-19.681517
469.000000,-2356.051758,-1134.683716,77.125427,0.354316,5.001015,-48.704763,-16.475677,10.206223,7.424799,27.050611,-12.542933,-7.124188,-13.311084,-12.499508,-8.106055,23.661079,-13.646226,8.392504,-4.760529,8.500856,1.608318,-14.566556,32.278671,-49.519642,45.857449,-10.073848,14.294615,-16.646637,2.200056,-35.421597,39.559608,59.226376,4.516119,5.941476,-20.193638
470.000000,-2355.471191,-1134.020142,77.038795,0.359910,4.977410,-49.057281,-15.870939,9.683251,8.157495,26.250389,-13.591329,-6.612373,-13.541142,-13.009793,-7.598147,23.683672,-13.344485,8.682309,-4.552876,7.868271,1.620418,-14.828210,32.275558,-49.518688,46.212456,-9.820269,14.064785,-16.693558,2.199941,-34.849983,39.556484,59.226917,4.499112,6.022040,-20.417599
471.000000,-2354.984863,-1133.436523,77.072479,0.624148,4.802806,-49.535314,-15.393519,8.890257,8.970593,25.816505,-14.028811,-5.935079,-13.823935,-13.801857,-7.110176,23.793692,-12.855671,8.730508,-4.302831,6.614612,1.604582,-14.988706,32.328068,-49.496273,46.935379,-9.473464,13.753271,-16.634418,2.172263,-33.788177,39.569096,59.229916,4.496301,6.134930,-20.586983
472.000000,-2354.582764,-1133.010498,77.217903,0.682908,4.650805,-50.376072,-14.607347,8.424336,10.020776,25.134901,-13.807016,-5.489477,-13.908623,-14.362982,-7.921116,23.741653,-12.449795,8.381004,-3.777441,5.326520,1.545830,-14.769314,32.344845,-49.485451,47.745537,-9.060338,13.546618,-16.436190,2.143591,-32.562801,39.665138,59.234833,4.496975,6.232996,-20.638597
473.000000,-2354.215576,-1132.672729,77.435158,0.505121,4.576880,-51.130106,-13.740524,8.326884,10.931765,24.029299,-13.385867,-5.120769,-13.709524,-13.870054,-9.615065,23.174129,-11.180560,7.985030,-3.386441,4.338163,1.228074,-14.124982,32.358154,-49.482227,48.514107,-8.677828,13.443233,-16.212456,2.099373,-31.311016,39.838055,59.239967,4.453069,6.297138,-20.644039
474.000000,-2353.876953,-1132.376709,77.659134,0.228916,4.452549,-51.331243,-12.936854,8.167068,11.212417,22.757313,-12.844042,-4.679529,-12.820022,-13.170024,-11.752909,22.115810,-10.769432,7.655826,-3.573880,3.740330,0.938618,-13.400464,32.101765,-49.484131,49.263481,-8.449424,13.418942,-15.912852,2.089625,-30.305237,40.102581,59.244968,4.270497,6.332582,-20.647051
475.000000,-2353.514160,-1132.041870,77.871071,0.026740,4.245423,-51.281442,-12.140053,7.783294,11.223752,21.454870,-12.267317,-4.167245,-11.683190,-12.642967,-13.506817,20.856684,-10.114030,6.951299,-3.954280,3.317443,0.785100,-12.870422,31.456331,-49.499107,50.166355,-8.298154,13.311075,-15.560500,2.140675,-29.568365,40.349903,59.250858,3.964780,6.416161,-20.646296
476.000000,-2353.151367,-1131.671387,78.048286,-0.183358,3.921529,-51.306131,-11.508369,7.492066,11.263015,20.614664,-11.919209,-3.801416,-10.876293,-12.254970,-14.217252,20.052198,-9.046261,6.578493,-4.108745,3.123989,0.830981,-12.640431,30.743332,-49.503315,50.927052,-8.104724,13.151473,-15.242572,2.166345,-29.182674,40.526802,59.258221,3.638122,6.554603,-20.590239
477.000000,-2352.801025,-1131.302490,78.199493,-0.402603,3.553694,-51.587664,-10.623004,7.263114,11.540829,19.659494,-11.580562,-3.367385,-9.978383,-11.791721,-14.741363,19.103777,-7.695633,6.371456,-3.972537,3.082052,0.957838,-12.364532,29.576313,-49.473583,51.905048,-7.578698,12.826007,-14.698763,2.152105,-28.818680,40.780510,59.284557,3.053286,6.857485,-20.358133
478.000000,-2352.468018,-1130.969360,78.336266,-0.582796,3.196155,-52.127239,-9.630962,7.095663,12.091025,18.691601,-11.281566,-2.995572,-9.229707,-11.510814,-15.037991,18.217707,-7.441638,6.210173,-3.556576,3.091591,1.051621,-11.968737,28.402206,-49.323093,52.775612,-6.954480,12.357873,-14.080259,2.105438,-28.448660,41.031944,59.369839,2.429156,7.181850,-20.010647
479.000000,-2352.173584,-1130.684204,78.454536,-0.696602,2.874875,-52.633194,-8.632366,6.924918,12.719228,17.658092,-10.957726,-2.693337,-8.651036,-11.143297,-14.773082,17.455257,-6.032525,6.454738,-3.135866,3.036692,1.047503,-11.389967,27.416454,-49.052090,53.558189,-6.440288,11.791014,-13.443834,2.009122,-27.934238,41.337032,59.585148,1.933234,7.437096,-19.557199
480.000000,-2351.916992,-1130.438965,78.544304,-0.793172,2.671308,-52.948476,-7.909668,6.709882,13.110394,16.808502,-10.671503,-2.414680,-8.058556,-10.938383,-14.809999,16.616879,-5.862887,6.448056,-2.952590,2.983093,0.916569,-10.764915,26.613630,-48.799438,54.223129,-6.053324,11.306507,-12.844153,1.964178,-27.357897,41.596073,59.824360,1.585744,7.635510,-19.058817
481.000000,-2351.714600,-1130.214111,78.604347,-0.862943,2.486436,-53.224945,-7.380958,6.528558,13.437821,16.222351,-10.486589,-2.173105,-7.598654,-10.851775,-14.893394,15.853312,-5.385373,6.661867,-2.794212,2.927258,0.844701,-10.231082,26.019144,-48.602936,54.694069,-5.793641,10.962857,-12.299559,1.939113,-26.795385,41.813080,59.985981,1.359241,7.847303,-18.565395
482.000000,-2351.558350,-1130.016724,78.642311,-0.866228,2.232507,-53.457691,-6.973080,6.370766,13.647225,15.856775,-10.378912,-2.021807,-7.242719,-10.854322,-14.987644,15.373390,-4.971268,6.766702,-2.706815,2.827988,0.893674,-9.892287,25.666676,-48.412460,55.040310,-5.707199,10.732160,-11.922711,1.931773,-26.341988,41.925110,60.071537,1.203181,8.030448,-18.176859
483.000000,-2351.443359,-1129.869873,78.660278,-0.797400,1.989509,-53.691013,-6.450708,6.136695,13.913150,15.403091,-10.251157,-1.866390,-6.812412,-10.919029,-15.162626,14.859494,-4.609420,6.882682,-2.606361,2.603276,0.922813,-9.454467,25.271116,-48.075459,55.625938,-5.690914,10.410014,-11.450124,1.940546,-25.677521,42.044899,60.212833,0.994591,8.312918,-17.616629
484.000000,-2351.362549,-1129.761230,78.661354,-0.711046,1.771846,-53.906659,-6.007336,5.919295,14.164302,15.086104,-10.185472,-1.747735,-6.453609,-11.017662,-15.277676,14.456508,-4.485230,6.728195,-2.512743,2.333379,0.923278,-9.041245,24.957367,-47.779114,56.258953,-5.697473,10.116366,-10.997895,1.977391,-25.035942,42.133114,60.269550,0.799725,8.610704,-17.046022
485.000000,-2351.311035,-1129.681885,78.658279,-0.643949,1.591811,-54.148094,-5.654679,5.777662,14.406000,14.895458,-10.171462,-1.670645,-6.181709,-11.106974,-15.489388,14.172609,-4.440104,6.624084,-2.393891,2.102739,0.907809,-8.629790,24.722696,-47.535248,56.807415,-5.708426,9.867455,-10.562760,2.008858,-24.440546,42.158226,60.279243,0.647980,8.877290,-16.509256
486.000000,-2351.287354,-1129.632812,78.657051,-0.592639,1.442618,-54.379889,-5.355237,5.700399,14.634552,14.734722,-10.158177,-1.632079,-5.986526,-11.173979,-15.830131,13.983259,-4.413034,6.569366,-2.228476,1.917968,0.873821,-8.243627,24.570465,-47.406628,57.233482,-5.714749,9.647551,-10.123756,2.010509,-23.933994,42.219845,60.276764,0.549253,9.078777,-16.048883
487.000000,-2351.284668,-1129.610107,78.656219,-0.557496,1.291424,-54.531231,-5.094798,5.654874,14.769578,14.626019,-10.149326,-1.611005,-5.784885,-11.235520,-16.295601,13.868863,-4.417459,6.544382,-2.092182,1.770511,0.852279,-7.874263,24.471581,-47.337250,57.496105,-5.713006,9.476123,-9.658965,2.009201,-23.540848,42.362881,60.273884,0.525701,9.195337,-15.661001
488.000000,-2351.295898,-1129.614746,78.658546,-0.499707,1.134772,-54.669434,-4.785849,5.598824,14.882495,14.436015,-10.091830,-1.603165,-5.562989,-11.286488,-16.688471,13.753939,-4.437905,6.541088,-1.949325,1.629505,0.833431,-7.484751,24.382597,-47.217846,57.586464,-5.714069,9.340158,-9.207126,2.009725,-23.226131,42.499691,60.275883,0.481322,9.290784,-15.323340
489.000000,-2351.316650,-1129.639404,78.662041,-0.446146,1.001137,-54.733658,-4.503912,5.538636,14.926829,14.223736,-10.009837,-1.606313,-5.304347,-11.326759,-17.118546,13.573150,-4.472544,6.541174,-1.859291,1.524453,0.783499,-7.100141,24.241888,-47.100021,57.615360,-5.704818,9.164288,-8.773411,2.017109,-22.977821,42.604755,60.280037,0.374474,9.365462,-15.065251
490.000000,-2351.349365,-1129.675903,78.662018,-0.391863,0.883975,-54.720009,-4.329416,5.492713,14.901409,14.093726,-9.951565,-1.614772,-5.086406,-11.354335,-17.478230,13.413534,-4.529686,6.534352,-1.824641,1.473323,0.745305,-6.857674,24.077147,-47.054932,57.661491,-5.649293,8.990011,-8.465392,2.030768,-22.828068,42.685120,60.283287,0.256960,9.397339,-14.932132
491.000000,-2351.398438,-1129.724609,78.655670,-0.291058,0.774432,-54.681704,-4.110648,5.395205,14.835027,13.907857,-9.856086,-1.633222,-4.810376,-11.417659,-17.895208,13.236986,-4.695462,6.520826,-1.784133,1.389635,0.709672,-6.612129,23.808718,-47.007046,57.767570,-5.512466,8.730639,-8.098821,2.046996,-22.651640,42.773178,60.298752,0.099765,9.424723,-14.801126
492.000000,-2351.470215,-1129.792480,78.641319,-0.132553,0.683996,-54.648486,-3.877923,5.240714,14.778067,13.647577,-9.717883,-1.666118,-4.570267,-11.525509,-18.248228,13.099135,-4.981608,6.500314,-1.726072,1.242233,0.667979,-6.411297,23.516266,-46.919533,57.902557,-5.400260,8.464794,-7.766462,2.043779,-22.452564,42.786655,60.348930,-0.049960,9.463389,-14.705767
493.000000,-2351.567139,-1129.886475,78.617592,0.079251,0.562430,-54.638065,-3.595463,5.054934,14.751048,13.339513,-9.563069,-1.726502,-4.305622,-11.653754,-18.565571,12.948679,-5.391233,6.460321,-1.634053,1.002339,0.638811,-6.210996,23.266191,-46.769897,58.047863,-5.317132,8.167908,-7.469236,2.013396,-22.199705,42.789902,60.457920,-0.228888,9.504965,-14.648485
494.000000,-2351.681885,-1130.009277,78.586838,0.306569,0.423420,-54.635690,-3.266765,4.857490,14.733290,13.036447,-9.422353,-1.816736,-3.957862,-11.772449,-18.828215,12.720666,-5.908448,6.405565,-1.534382,0.681984,0.608490,-5.976222,23.074352,-46.578228,58.204697,-5.218310,7.852935,-7.176076,1.962973,-21.901793,42.790123,60.604744,-0.403495,9.546202,-14.616409
495.000000,-2351.782715,-1130.128052,78.591667,0.334452,0.274182,-54.532988,-2.982039,4.857152,14.589956,12.815483,-9.308759,-1.929000,-3.605556,-11.681422,-18.978598,12.520618,-6.111473,6.288424,-1.498153,0.599863,0.589034,-5.744542,22.795757,-46.405464,58.441849,-5.125917,7.581665,-6.851408,1.907909,-21.692520,42.787689,60.720249,-0.579181,9.594036,-14.607081
496.000000,-2351.875977,-1130.253906,78.613541,0.307229,0.123478,-54.363635,-2.681252,4.927868,14.332273,12.538019,-9.148189,-2.048922,-3.185681,-11.505248,-19.197269,12.274267,-6.136084,6.213730,-1.484204,0.627450,0.577947,-5.554456,22.495619,-46.332722,58.668030,-5.062727,7.384483,-6.571022,1.893321,-21.556385,42.786301,60.760117,-0.668417,9.670658,-14.588341
497.000000,-2351.972900,-1130.394897,78.636169,0.280252,-0.001737,-54.194286,-2.386163,5.004055,14.091475,12.215007,-8.970195,-2.178191,-2.784881,-11.315016,-19.410742,12.001236,-6.156528,6.124187,-1.433313,0.634544,0.527767,-5.362817,22.239347,-46.315102,58.888229,-5.044421,7.219281,-6.360747,1.883470,-21.432638,42.785885,60.770267,-0.691028,9.735947,-14.535338
498.000000,-2352.068604,-1130.534912,78.652245,0.262155,-0.123773,-54.036128,-2.108768,5.082126,13.868013,11.930302,-8.818804,-2.310876,-2.426692,-11.140984,-19.606108,11.803177,-6.223261,6.022891,-1.390000,0.620025,0.495713,-5.144225,22.063976,-46.311493,58.983173,-5.031378,7.129242,-6.208059,1.838351,-21.315786,42.786480,60.782494,-0.703286,9.760105,-14.427348
499.000000,-2352.161133,-1130.677368,78.662796,0.253852,-0.272102,-53.884639,-1.884104,5.136040,13.708042,11.739316,-8.723884,-2.411508,-2.167951,-11.029639,-19.738647,11.724977,-6.312060,5.945337,-1.381974,0.597517,0.507116,-4.966681,21.976326,-46.310959,58.988693,-5.022604,7.068246,-6.126595,1.774187,-21.224913,42.787956,60.812279,-0.711412,9.764590,-14.303799
500.000000,-2352.243896,-1130.818604,78.669479,0.249492,-0.401416,-53.767459,-1.590446,5.205851,13.513838,11.502926,-8.617489,-2.549612,-1.867123,-10.894771,-19.880486,11.688292,-6.462304,5.843526,-1.364554,0.566764,0.509830,-4.729518,21.870701,-46.310780,58.987251,-5.010684,6.957750,-6.038825,1.680925,-21.089460,42.791676,60.911049,-0.730735,9.767718,-14.079418
501.000000,-2352.320068,-1130.955200,78.674141,0.241532,-0.500715,-53.663620,-1.345306,5.280813,13.341839,11.304434,-8.534531,-2.687399,-1.630805,-10.762553,-19.985357,11.681883,-6.612946,5.745695,-1.334170,0.553938,0.505677,-4.522310,21.766264,-46.309921,58.983837,-5.000067,6.810883,-5.946116,1.575350,-20.959492,42.797546,61.045925,-0.765097,9.769832,-13.782259
502.000000,-2352.392090,-1131.087769,78.677673,0.231983,-0.572336,-53.550362,-1.156160,5.354919,13.160505,11.142458,-8.465369,-2.817917,-1.431336,-10.636038,-20.095594,11.679033,-6.757630,5.653030,-1.320534,0.553145,0.503696,-4.357392,21.667477,-46.308918,58.980469,-4.991190,6.634314,-5.852832,1.466774,-20.835415,42.804218,61.195526,-0.823160,9.770617,-13.440718
503.000000,-2352.462402,-1131.212524,78.680359,0.217313,-0.604650,-53.456348,-1.030655,5.438931,12.991327,11.019277,-8.408665,-2.944003,-1.286598,-10.506211,-20.197189,11.679042,-6.888827,5.554162,-1.290934,0.554170,0.500897,-4.245531,21.582321,-46.307495,58.977695,-4.980078,6.432699,-5.746261,1.363236,-20.723219,42.851318,61.345203,-0.976139,9.770597,-13.060060
504.000000,-2352.529541,-1131.336670,78.683533,0.201999,-0.613948,-53.352753,-0.957252,5.504229,12.871403,10.922270,-8.362353,-3.034508,-1.199583,-10.408854,-20.281786,11.673652,-6.978649,5.478347,-1.253904,0.553074,0.499965,-4.185050,21.523731,-46.303921,58.975197,-4.919650,6.274991,-5.636305,1.311732,-20.648722,42.892162,61.427711,-1.126564,9.772337,-12.769120
505.000000,-2352.594971,-1131.472290,78.688545,0.188860,-0.635902,-53.208130,-0.832562,5.577075,12.679599,10.737663,-8.274446,-3.153882,-1.044059,-10.287548,-20.450134,11.640336,-7.096458,5.383988,-1.223815,0.550172,0.510214,-4.110241,21.492268,-46.232792,58.970970,-4.704128,6.053632,-5.458243,1.305593,-20.544697,42.904640,61.496792,-1.304493,9.778479,-12.371347
506.000000,-2352.654541,-1131.618652,78.693657,0.179850,-0.660918,-53.024610,-0.683012,5.631354,12.452139,10.514496,-8.171623,-3.273712,-0.848898,-10.176085,-20.652979,11.582387,-7.214897,5.304357,-1.237181,0.542223,0.512416,-3.996307,21.486118,-46.078419,58.970272,-4.363222,5.840059,-5.213271,1.337112,-20.422968,42.910000,61.568516,-1.515843,9.806721,-11.953455
507.000000,-2352.709717,-1131.772461,78.696587,0.172435,-0.688977,-52.835297,-0.526233,5.680539,12.184405,10.299870,-8.079803,-3.400079,-0.635470,-10.068760,-20.873106,11.541443,-7.358177,5.230752,-1.271834,0.512671,0.505469,-3.837425,21.488579,-45.974064,58.982498,-3.802814,5.708559,-4.855851,1.403015,-20.264853,42.912971,61.632980,-1.800851,9.896287,-11.508357
508.000000,-2352.764404,-1131.934204,78.696877,0.159139,-0.715123,-52.640003,-0.398009,5.743126,11.912012,10.149969,-8.025546,-3.525341,-0.431257,-9.957086,-21.087559,11.517624,-7.511112,5.160655,-1.299623,0.474259,0.496690,-3.646772,21.493038,-45.877926,59.002373,-3.206034,5.662571,-4.456640,1.486573,-20.097767,42.915024,61.663609,-2.111972,10.040687,-11.032910
509.000000,-2352.816895,-1132.091064,78.695190,0.137296,-0.733387,-52.472533,-0.301113,5.825657,11.657043,10.059155,-8.005884,-3.652122,-0.248781,-9.833627,-21.281929,11.501805,-7.660830,5.087150,-1.268375,0.440408,0.488630,-3.487503,21.499163,-45.709290,59.019192,-2.658956,5.652301,-4.066771,1.586187,-19.938272,42.918999,61.675640,-2.359659,10.202059,-10.558823
510.000000,-2352.865723,-1132.247070,78.691925,0.112019,-0.747310,-52.353881,-0.212034,5.928865,11.451965,10.013084,-8.018248,-3.781719,-0.090384,-9.695426,-21.424355,11.491722,-7.805809,5.010383,-1.172346,0.414218,0.482405,-3.316604,21.509010,-45.635777,59.041851,-2.029791,5.652665,-3.673195,1.672652,-19.786383,42.925045,61.683796,-2.527717,10.377263,-10.073153
511.000000,-2352.913330,-1132.397705,78.688049,0.083985,-0.753582,-52.185300,-0.169033,6.022353,11.200934,9.999930,-8.038540,-3.901184,0.071594,-9.568029,-21.613499,11.468232,-7.943234,4.940080,-1.110232,0.396806,0.470161,-3.200325,21.509693,-45.440269,59.088135,-1.513246,5.650846,-3.339026,1.730263,-19.619638,42.929264,61.761292,-2.689692,10.524263,-9.647779
512.000000,-2352.955322,-1132.541504,78.683441,0.065328,-0.767591,-52.116374,-0.095544,6.095012,11.088481,9.965996,-8.054402,-3.991340,0.168798,-9.474212,-21.684881,11.476981,-8.051140,4.885577,-1.006321,0.379265,0.468939,-3.136017,21.495892,-45.409184,59.210682,-1.029550,5.652495,-3.075117,1.741669,-19.465427,42.932507,61.899357,-2.816073,10.615869,-9.382598
513.000000,-2352.993164,-1132.679321,78.678230,0.047163,-0.776969,-52.091656,-0.000791,6.202098,10.990459,9.928123,-8.084537,-4.108395,0.267990,-9.342524,-21.733685,11.495349,-8.189477,4.813267,-0.818153,0.360114,0.461388,-3.075543,21.466194,-45.274517,59.384552,-0.565932,5.657898,-2.709947,1.743734,-19.243410,42.937981,62.137806,-2.960734,10.722906,-9.095325
514.000000,-2353.026855,-1132.811890,78.672394,0.028916,-0.780897,-52.044804,0.077285,6.301433,10.891123,9.910778,-8.122762,-4.216711,0.362983,-9.221592,-21.785814,11.514233,-8.323013,4.747703,-0.657738,0.344420,0.452919,-3.018679,21.438231,-45.172222,59.551685,-0.116604,5.681984,-2.351765,1.743535,-19.035076,42.943596,62.378387,-3.085879,10.814004,-8.855802
515.000000,-2353.052246,-1132.937622,78.666100,0.012611,-0.782407,-52.000429,0.148808,6.392046,10.793211,9.904175,-8.169650,-4.318468,0.453233,-9.111314,-21.834997,11.539337,-8.457577,4.687845,-0.531042,0.331786,0.443225,-2.934052,21.401751,-45.123222,59.718159,0.367406,5.751682,-2.011059,1.742903,-18.850878,42.949280,62.600872,-3.201214,10.896726,-8.640006
516.000000,-2353.073730,-1133.058350,78.659653,-0.002282,-0.756741,-51.933589,0.172701,6.465861,10.667488,9.904663,-8.212421,-4.408273,0.513102,-9.018706,-21.907660,11.569841,-8.587605,4.633298,-0.454277,0.321553,0.410912,-2.830796,21.380880,-45.044315,59.798302,0.773125,5.863151,-1.704365,1.742990,-18.686289,42.953312,62.816753,-3.356360,10.971442,-8.447109
517.000000,-2353.091553,-1133.174805,78.653473,-0.018437,-0.724466,-51.863578,0.182935,6.519258,10.573641,9.906339,-8.245784,-4.472364,0.553764,-8.948961,-21.958847,11.584461,-8.679688,4.595026,-0.419107,0.314674,0.388988,-2.707903,21.364521,-44.970493,59.817535,1.112145,5.966385,-1.495249,1.742435,-18.557697,42.954205,62.977570,-3.594319,11.035851,-8.314438
518.000000,-2353.107178,-1133.285278,78.647423,-0.038893,-0.688709,-51.809366,0.183435,6.586778,10.465490,9.924037,-8.292650,-4.544013,0.604597,-8.858541,-22.012732,11.580882,-8.776975,4.553155,-0.393863,0.307933,0.368304,-2.550539,21.348269,-44.824501,59.819511,1.532913,6.083261,-1.266725,1.742807,-18.385309,42.953297,63.163189,-4.035569,11.135433,-8.173785
519.000000,-2353.121582,-1133.390381,78.640747,-0.063721,-0.648136,-51.763144,0.157641,6.675363,10.345566,9.988986,-8.370798,-4.621786,0.656670,-8.741264,-22.057121,11.560411,-8.879478,4.505759,-0.351458,0.306356,0.351169,-2.359050,21.309259,-44.602024,59.818451,2.060304,6.249192,-1.021201,1.744448,-18.167522,42.950050,63.352623,-4.609373,11.292195,-8.023937
520.000000,-2353.129639,-1133.488892,78.633301,-0.078077,-0.622846,-51.718466,0.148241,6.740425,10.245061,10.051319,-8.444571,-4.686847,0.700621,-8.656874,-22.086847,11.576129,-8.986131,4.466946,-0.309720,0.301126,0.349882,-2.203902,21.244669,-44.480282,59.859848,2.460735,6.434943,-0.814385,1.744372,-17.989244,42.947498,63.448429,-4.912358,11.455267,-7.877395
521.000000,-2353.129150,-1133.579102,78.624802,-0.075620,-0.611154,-51.653887,0.160477,6.765444,10.131515,10.084417,-8.501390,-4.736575,0.739495,-8.621117,-22.127310,11.652016,-9.118629,4.441612,-0.288030,0.292594,0.350439,-2.139548,21.156473,-44.428848,60.015976,2.713193,6.618225,-0.633072,1.733583,-17.894930,42.948689,63.482964,-4.971654,11.584133,-7.715192
522.000000,-2353.115723,-1133.659546,78.615608,-0.065324,-0.628742,-51.583685,0.210590,6.761898,10.021777,10.108591,-8.561140,-4.771091,0.800442,-8.616049,-22.154570,11.752748,-9.262227,4.431314,-0.286679,0.291309,0.353251,-2.113909,21.008110,-44.426136,60.295834,2.897282,6.825791,-0.476786,1.686918,-17.888292,42.948391,63.523720,-4.985161,11.675902,-7.561584
523.000000,-2353.093262,-1133.736572,78.605492,-0.052585,-0.674033,-51.514360,0.266708,6.752190,9.945940,10.126227,-8.607806,-4.790807,0.862235,-8.620358,-22.169474,11.828307,-9.366016,4.430917,-0.288676,0.291046,0.353493,-2.108727,20.901999,-44.427971,60.512016,2.985410,6.977139,-0.389339,1.650612,-17.892891,42.947422,63.568157,-4.988718,11.721885,-7.429256
524.000000,-2353.063477,-1133.807617,78.594955,-0.053368,-0.732274,-51.390521,0.340468,6.737522,9.796637,10.208760,-8.710623,-4.815106,1.004172,-8.624840,-22.223930,11.911265,-9.515675,4.440648,-0.317916,0.302474,0.352586,-2.091005,20.703394,-44.458900,60.871845,3.076415,7.224709,-0.278612,1.606336,-17.914053,42.947346,63.618256,-4.986990,11.794051,-7.206952
525.000000,-2353.027344,-1133.866577,78.584564,-0.065225,-0.786280,-51.277680,0.360660,6.732288,9.623970,10.361340,-8.840639,-4.828099,1.176796,-8.614838,-22.314972,11.917705,-9.617224,4.463880,-0.340403,0.347473,0.350127,-2.123701,20.547922,-44.476788,61.151119,3.082301,7.465247,-0.177438,1.594739,-17.951326,42.952236,63.630074,-4.976163,11.886266,-6.967082
526.000000,-2352.982422,-1133.904297,78.572723,-0.086415,-0.827273,-51.190613,0.322587,6.740383,9.504429,10.619135,-9.028248,-4.825866,1.308853,-8.602331,-22.355806,11.921469,-9.692613,4.498420,-0.303800,0.451096,0.349532,-2.165156,20.368206,-44.495155,61.351440,3.078949,7.720174,-0.142352,1.573035,-18.007023,42.959145,63.637886,-4.932379,12.025531,-6.758688
527.000000,-2352.929932,-1133.927490,78.558670,-0.107486,-0.875788,-51.104466,0.252091,6.740270,9.381059,10.935207,-9.243552,-4.812380,1.418543,-8.610530,-22.394621,11.967735,-9.777368,4.534485,-0.289017,0.591891,0.365413,-2.256759,20.200920,-44.517345,61.511036,3.065560,7.969194,-0.100977,1.518201,-18.069689,42.984787,63.648712,-4.807400,12.185841,-6.580646
528.000000,-2352.878418,-1133.932617,78.545074,-0.113155,-0.910221,-51.084794,0.196611,6.726467,9.335212,11.194267,-9.418308,-4.789083,1.448051,-8.646293,-22.368982,12.081575,-9.867016,4.569839,-0.272934,0.724679,0.388627,-2.373326,20.055799,-44.632496,61.707928,3.054814,8.113003,-0.066355,1.405961,-18.120224,42.996292,63.671436,-4.675617,12.327524,-6.425329
529.000000,-2352.832764,-1133.914185,78.531311,-0.095621,-0.876500,-51.096808,0.051995,6.679234,9.328446,11.488532,-9.592081,-4.738544,1.310695,-8.745396,-22.281199,12.355191,-10.004593,4.613282,-0.287304,0.877301,0.406021,-2.551397,19.879797,-44.914677,62.004932,3.042149,8.219748,-0.050727,1.144703,-18.152317,43.003616,63.725887,-4.569368,12.465971,-6.247038
530.000000,-2352.805420,-1133.857666,78.513962,-0.025104,-0.777369,-51.010211,-0.178445,6.576231,9.271586,11.710142,-9.670289,-4.666212,1.034882,-8.924175,-22.254831,12.761682,-10.182903,4.652388,-0.408807,0.949883,0.433764,-2.735198,19.792286,-45.261570,62.173370,3.032400,8.299003,-0.046012,0.819707,-18.155190,43.034782,63.813763,-4.556431,12.518763,-6.174275
531.000000,-2352.781982,-1133.774170,78.499619,0.070695,-0.655482,-50.932334,-0.484881,6.381536,9.182899,11.924685,-9.707619,-4.543017,0.626324,-9.225194,-22.242060,13.357163,-10.428517,4.718981,-0.589239,1.019393,0.554189,-3.043559,19.772587,-45.907299,62.278263,3.031143,8.406657,-0.043628,0.302824,-18.172108,43.123161,63.928818,-4.549786,12.539003,-6.157877
532.000000,-2352.748535,-1133.677856,78.492409,0.159278,-0.472073,-50.987865,-0.776934,6.194117,9.257038,12.001265,-9.689102,-4.410252,0.130277,-9.492934,-22.093433,13.837187,-10.570672,4.788834,-0.594367,1.102458,0.628701,-3.345282,19.769766,-46.549152,62.295181,3.024263,8.442656,-0.041823,-0.204086,-18.236736,43.258022,63.977764,-4.541388,12.546297,-6.160175
533.000000,-2352.700195,-1133.572632,78.490242,0.238510,-0.238937,-51.132195,-1.028125,6.048566,9.444469,11.992640,-9.646853,-4.297241,-0.366995,-9.687823,-21.850685,14.167388,-10.617772,4.842781,-0.574112,1.189788,0.642828,-3.522352,19.777424,-47.118011,62.298939,3.000149,8.448418,-0.042788,-0.680340,-18.291922,43.393017,64.028412,-4.569740,12.563950,-6.179637
534.000000,-2352.638916,-1133.464111,78.490173,0.325756,0.017279,-51.332865,-1.297397,5.859722,9.719162,11.900622,-9.564953,-4.163499,-0.981730,-9.920242,-21.512299,14.524357,-10.644703,4.909324,-0.528877,1.271850,0.627839,-3.663778,19.793936,-47.712318,62.301254,2.966156,8.455010,-0.063636,-1.164433,-18.405968,43.607094,64.128365,-4.648703,12.620307,-6.209370
535.000000,-2352.581055,-1133.336426,78.484100,0.441269,0.304353,-51.537054,-1.624098,5.642398,9.981577,11.867431,-9.499349,-3.994373,-1.691506,-10.202541,-21.151211,15.008574,-10.714160,4.985054,-0.502673,1.293629,0.596226,-3.806285,19.841602,-48.164532,62.297024,2.962491,8.504452,-0.211475,-1.603756,-18.564657,43.646904,63.950020,-4.830274,12.710187,-6.238245
536.000000,-2352.521973,-1133.168213,78.465530,0.617630,0.614741,-51.701805,-1.967990,5.413213,10.153226,11.940934,-9.473355,-3.813570,-2.355888,-10.522559,-20.875370,15.580928,-10.845798,5.071018,-0.501062,1.262388,0.573207,-3.991205,19.887413,-48.451405,62.259007,2.966021,8.580789,-0.411437,-1.979818,-18.733261,43.659668,63.663261,-4.994467,12.780587,-6.285673
537.000000,-2352.450928,-1132.955200,78.439522,0.827141,0.858992,-51.854768,-2.400111,5.029373,10.376255,12.068447,-9.445049,-3.541436,-3.261028,-11.055771,-20.494589,16.492876,-11.069195,5.222514,-0.511484,1.201288,0.649876,-4.354695,19.947252,-48.735054,62.155373,2.962317,8.660733,-0.712276,-2.611403,-19.000797,43.665245,63.242653,-5.059275,12.811316,-6.434652
538.000000,-2352.359131,-1132.718750,78.414841,1.009705,1.061567,-51.876576,-2.785502,4.653831,10.503384,12.216801,-9.428730,-3.288798,-3.966071,-11.550696,-20.228104,17.207804,-11.210249,5.386060,-0.591217,1.174892,0.742523,-4.751591,19.971340,-48.889019,62.089195,2.951866,8.681455,-0.947839,-3.278162,-19.226414,43.667908,62.915703,-5.074049,12.812114,-6.640314
539.000000,-2352.239502,-1132.466064,78.393021,1.189846,1.216805,-51.836662,-3.204362,4.163516,10.547631,12.359005,-9.388587,-2.969563,-4.638890,-12.153036,-20.033928,17.890121,-11.302873,5.615424,-0.786307,1.160109,0.813644,-5.261277,19.976948,-49.110229,62.067326,2.921495,8.686926,-1.137806,-4.094160,-19.462006,43.667267,62.561161,-5.083908,12.790412,-6.906721
540.000000,-2352.104248,-1132.208496,78.368187,1.431492,1.307264,-51.878180,-3.440825,3.628019,10.743771,12.396754,-9.299851,-2.627382,-5.253823,-12.807034,-19.744261,18.619215,-11.425879,5.866965,-0.893102,1.054402,0.853426,-5.752763,20.004057,-49.559021,62.089375,2.636963,8.686479,-1.186319,-4.870648,-19.613832,43.669254,62.315384,-4.927039,12.640012,-7.229537
541.000000,-2351.942627,-1131.939453,78.342674,1.634639,1.336308,-51.955208,-3.544496,3.242798,10.977595,12.420705,-9.258189,-2.358093,-5.628551,-13.273784,-19.502195,19.085119,-11.479971,6.068993,-0.963599,0.969043,0.873515,-6.079632,20.017271,-49.918449,62.127541,2.299646,8.683424,-1.195897,-5.466163,-19.681698,43.669365,62.220608,-4.639400,12.424589,-7.520851
542.000000,-2351.764160,-1131.650513,78.316872,1.787957,1.408149,-51.974989,-3.752529,2.788126,11.274372,12.524794,-9.268870,-1.988986,-6.067404,-13.814089,-19.228855,19.525936,-11.458568,6.336531,-1.103357,0.897419,0.813793,-6.414737,20.022497,-50.351494,62.183891,1.966202,8.659003,-1.201758,-6.235609,-19.740734,43.663174,62.107933,-4.115028,12.066736,-7.928176
543.000000,-2351.589844,-1131.336670,78.286972,1.968202,1.504729,-52.013894,-4.010416,2.349675,11.465199,12.643567,-9.261007,-1.652943,-6.522130,-14.326979,-18.985636,19.939039,-11.417797,6.571051,-1.262781,0.776452,0.750854,-6.679647,20.052296,-50.696453,62.250717,1.876708,8.615434,-1.212700,-6.899841,-19.767647,43.641903,61.862427,-3.665468,11.709917,-8.266118
544.000000,-2351.424072,-1131.001465,78.252945,2.163436,1.619537,-52.123136,-4.301538,1.787232,11.768178,12.681768,-9.207869,-1.236126,-7.184838,-14.981860,-18.610769,20.518536,-11.380145,6.850475,-1.346646,0.522899,0.695781,-6.960594,20.187891,-50.971642,62.225559,1.865899,8.558289,-1.249063,-7.622068,-19.771935,43.630100,61.424107,-3.167384,11.234788,-8.601767
545.000000,-2351.271973,-1130.653564,78.220100,2.314470,1.748084,-52.253650,-4.612134,1.332384,12.079135,12.742083,-9.178601,-0.868204,-7.812556,-15.495425,-18.213280,20.933811,-11.272559,7.088432,-1.295928,0.255265,0.663606,-7.255741,20.472256,-51.307888,62.068905,1.866701,8.522465,-1.373785,-8.253961,-19.718809,43.749584,61.000565,-2.479600,10.770213,-8.886244
546.000000,-2351.134766,-1130.300049,78.195312,2.407549,1.916010,-52.399185,-4.975997,0.959917,12.361557,12.794461,-9.138582,-0.530136,-8.401853,-15.880322,-17.836981,21.140621,-11.050633,7.289786,-1.209054,-0.008400,0.623852,-7.617695,20.834747,-51.665234,61.958542,1.856010,8.492997,-1.601816,-8.847224,-19.584620,43.937389,60.575047,-1.772937,10.356352,-9.141937
547.000000,-2351.003174,-1129.925537,78.180313,2.436042,2.084644,-52.452635,-5.297802,0.720963,12.507563,12.861430,-9.101828,-0.272406,-8.768147,-16.104847,-17.638992,21.128912,-10.784936,7.429872,-1.143930,-0.168368,0.620557,-7.963605,21.120163,-51.906120,61.922001,1.742352,8.479730,-1.792987,-9.254026,-19.485588,44.109623,60.184406,-1.208371,10.044857,-9.338995
548.000000,-2350.871582,-1129.536865,78.167496,2.438954,2.206952,-52.389092,-5.703319,0.436039,12.561603,12.981853,-9.051122,0.054160,-9.086750,-16.366150,-17.536146,21.021421,-10.425612,7.600420,-1.145734,-0.312641,0.655188,-8.438278,21.483147,-52.286419,61.892754,1.439009,8.472858,-2.014268,-9.710386,-19.384588,44.388062,59.742924,-0.430938,9.632277,-9.561715
549.000000,-2350.733643,-1129.146851,78.150391,2.413557,2.249955,-52.308579,-6.173119,0.115881,12.574809,13.272818,-9.061112,0.462358,-9.339122,-16.660503,-17.445515,20.857037,-9.987953,7.815616,-1.148948,-0.412066,0.758472,-9.028790,21.928373,-52.819313,61.882481,1.035285,8.460530,-2.267151,-10.216341,-19.294155,44.791824,59.353500,0.577510,9.100308,-9.787695
550.000000,-2350.581055,-1128.753662,78.112961,2.412071,2.478700,-52.211185,-6.909946,-0.178232,12.581535,13.847260,-9.193555,0.912906,-9.790567,-16.974977,-17.336678,20.825848,-9.608687,8.039958,-1.164810,-0.454375,0.636150,-9.363239,22.489868,-53.172050,61.581551,0.808556,8.447495,-2.558842,-10.536792,-19.280842,45.111610,58.933807,1.143346,8.702792,-9.874797
551.000000,-2350.418701,-1128.318237,78.063240,2.422867,2.739362,-52.137802,-7.749222,-0.508651,12.620184,14.485010,-9.334279,1.401820,-10.389680,-17.356243,-17.207712,20.917423,-9.235733,8.272622,-1.191487,-0.463054,0.508570,-9.465808,23.340275,-53.255718,60.738731,0.744256,8.427023,-2.874493,-10.805981,-19.338844,45.167393,58.436707,1.299415,8.386434,-9.894960
552.000000,-2350.247559,-1127.838745,78.013397,2.402055,2.999930,-52.085475,-8.598421,-0.825312,12.696331,15.092710,-9.446726,1.887906,-11.006211,-17.725983,-17.119818,20.958923,-8.772220,8.496925,-1.204383,-0.386386,0.457789,-9.488267,24.438427,-53.254784,59.548435,0.684990,8.390764,-3.117459,-11.109713,-19.513163,45.170826,58.007694,1.320048,8.031390,-9.967441
553.000000,-2350.062256,-1127.325195,77.972244,2.319597,3.188026,-52.142158,-9.116922,-1.008354,12.807642,15.464304,-9.513166,2.214000,-11.368776,-17.939823,-17.118814,20.880386,-8.366895,8.625337,-1.176781,-0.266149,0.498103,-9.506146,25.220736,-53.213322,58.747868,0.648623,8.357961,-3.221767,-11.339263,-19.725018,45.172478,57.739616,1.318544,7.774267,-10.055785
554.000000,-2349.855225,-1126.788574,77.941650,2.168701,3.343337,-52.379203,-9.828855,-1.193192,13.123264,16.006113,-9.632705,2.724401,-11.903926,-18.151691,-17.048649,20.644590,-7.555376,8.784989,-0.977891,0.034691,0.610568,-9.563867,26.374424,-53.107121,57.697762,0.551230,8.323595,-3.325481,-11.663858,-20.209505,45.240765,57.295101,1.306765,7.416007,-10.231902
555.000000,-2349.624268,-1126.237183,77.918831,2.005552,3.482142,-52.788791,-10.386059,-1.300245,13.607976,16.409893,-9.724006,3.247770,-12.429928,-18.272533,-16.929426,20.347689,-6.619105,8.891285,-0.594753,0.389863,0.693565,-9.592877,27.420341,-53.066738,56.834614,0.306754,8.324225,-3.396682,-11.886817,-20.820448,45.450489,56.757336,1.304125,7.224975,-10.413651
556.000000,-2349.388672,-1125.674683,77.897491,1.801853,3.595627,-53.144994,-10.900329,-1.383882,14.140953,16.758684,-9.780097,3.811276,-12.949032,-18.433508,-17.162683,20.131237,-5.686749,8.811608,-0.188511,0.774391,0.749449,-9.564460,28.341818,-52.942467,56.164944,0.119942,8.398709,-3.454037,-12.082474,-21.399712,45.647736,56.272911,1.313259,7.128608,-10.617652
557.000000,-2349.215576,-1125.123169,77.876244,1.542992,3.552410,-53.326522,-11.366439,-1.384095,14.529197,17.202162,-9.832229,4.381136,-13.791615,-18.442299,-17.556822,22.030294,-5.424459,8.254973,0.058155,1.179895,1.003234,-9.543103,29.205976,-52.653801,55.515316,0.095958,8.631062,-3.468665,-12.377564,-21.819864,45.832798,55.984356,1.307734,7.054947,-10.813372
558.000000,-2349.085205,-1124.596680,77.878708,1.228147,3.376710,-53.488982,-11.592364,-1.274940,14.849847,17.503290,-9.823259,4.828961,-14.685493,-17.982819,-17.830215,25.621986,-6.870572,7.391123,0.350213,1.525805,1.331737,-9.498775,29.898325,-52.397942,55.045765,0.100257,8.854878,-3.470787,-12.551948,-22.101500,45.920147,55.619312,1.293087,7.080050,-10.899712
559.000000,-2348.981445,-1124.160156,77.887192,0.966399,3.282158,-53.390618,-11.884450,-1.213397,15.003534,17.759489,-9.718782,5.299679,-15.211935,-16.888298,-18.482412,30.165482,-9.362891,6.356723,0.598181,1.806011,1.448031,-9.216731,30.749065,-52.267506,54.431198,0.098668,9.124414,-3.473548,-12.603362,-22.311005,46.097252,55.005680,1.249341,7.186918,-10.918725
560.000000,-2348.908447,-1123.776611,77.848419,0.949896,3.342322,-53.212644,-12.194588,-1.362900,15.120877,17.880722,-9.602978,5.606337,-15.335785,-16.099560,-19.190884,33.010460,-10.220065,5.865604,0.864494,1.753287,1.312614,-8.902919,31.402115,-52.210209,53.859753,-0.020297,9.318150,-3.497630,-12.619857,-22.398508,46.246971,54.523479,1.228259,7.235073,-10.884475
561.000000,-2348.860596,-1123.394165,77.768272,1.079908,3.331782,-53.129541,-12.601352,-1.701892,15.379766,18.072027,-9.502316,5.984042,-15.179374,-15.063564,-20.021589,35.815804,-12.837914,4.906381,1.347528,1.537686,1.209175,-8.479256,32.253254,-52.068382,53.051048,-0.356836,9.537989,-3.518292,-12.844557,-22.486031,46.273491,54.017029,1.371598,7.165655,-10.808767
562.000000,-2348.837402,-1123.000854,77.653641,1.185511,3.184067,-53.119249,-12.957515,-1.961300,15.699922,18.602747,-9.644339,6.322273,-14.639196,-13.628217,-20.352821,38.332142,-14.792927,4.154278,1.854368,1.348679,1.353510,-8.082640,33.054184,-52.050415,52.370811,-0.765294,9.748262,-3.523778,-13.418875,-22.501591,46.277386,53.858284,1.747368,6.892538,-10.782182
563.000000,-2348.819824,-1122.611938,77.504951,1.255473,3.122947,-53.048392,-13.548976,-2.082975,15.978117,19.491594,-9.960467,6.655086,-14.118191,-12.058398,-20.316257,40.394554,-15.964323,3.351284,2.195103,1.262512,1.371909,-7.552823,33.766708,-52.047798,51.735649,-1.185285,10.023259,-3.524090,-14.059925,-22.493134,46.277451,53.785416,2.008732,6.599537,-10.783925
564.000000,-2348.792725,-1122.260986,77.339935,1.326064,2.992608,-52.919589,-14.256949,-2.225050,16.198128,20.752741,-10.453974,7.026240,-12.738183,-9.859587,-20.209555,41.640480,-17.139492,2.531096,2.545017,1.162040,1.352512,-6.827258,34.579792,-52.043831,51.049313,-1.870515,10.399211,-3.522257,-14.656202,-22.525381,46.282188,53.563633,2.462618,6.220978,-10.838419
565.000000,-2348.750488,-1121.921021,77.157478,1.464309,2.941963,-53.020109,-14.763535,-2.325209,16.521746,21.598694,-10.814591,7.273523,-11.810064,-8.497949,-20.024883,41.909946,-18.001642,2.055993,3.004014,1.061917,1.225395,-6.258392,35.081455,-52.027126,50.596031,-2.526687,10.726400,-3.521918,-14.943654,-22.590977,46.288071,53.277859,2.910211,6.004950,-10.895491
566.000000,-2348.711670,-1121.585327,76.976730,1.552475,2.930708,-53.198731,-15.506182,-2.365509,16.971891,22.844360,-11.355283,7.583455,-10.578276,-6.791138,-19.770855,41.848251,-20.131119,0.997214,3.639962,1.002104,1.039400,-5.453084,35.705589,-51.924305,49.904186,-3.369698,11.283089,-3.526070,-15.329641,-22.595446,46.289890,52.885941,3.466267,5.810831,-10.993132
567.000000,-2348.684082,-1121.177734,76.771606,1.645063,2.982332,-53.487468,-16.363146,-2.377817,17.545576,24.089661,-11.848649,7.911458,-9.770132,-5.484051,-19.307089,41.404030,-20.413696,0.789865,4.396145,0.991834,0.901724,-4.740840,36.196869,-51.769852,49.124950,-3.942620,11.950052,-3.544109,-15.878934,-22.574997,46.297321,52.579521,3.966010,5.622359,-11.042209
568.000000,-2348.673340,-1120.719238,76.560722,1.559772,2.989747,-53.531716,-17.271881,-2.271104,17.828644,25.440195,-12.334154,8.190055,-9.017895,-4.464698,-19.212351,40.635471,-21.105679,0.448341,4.866879,1.199838,0.893694,-4.262249,36.512981,-51.711426,48.481331,-4.397481,12.502046,-3.585890,-16.532616,-22.537502,46.420933,52.502846,4.378714,5.382683,-11.102931
569.000000,-2348.679443,-1120.215332,76.366302,1.431321,3.061354,-53.627658,-18.412037,-2.100762,18.133537,26.899975,-12.765775,8.536615,-8.434261,-3.565299,-18.894590,39.324181,-23.176682,-0.438443,5.493388,1.533708,0.920825,-3.924278,36.711170,-51.658630,47.902790,-4.951579,13.008931,-3.658520,-17.318401,-22.510204,46.643085,52.480263,4.713067,5.137571,-11.196815
570.000000,-2348.709961,-1119.695435,76.177490,1.191344,3.203438,-53.583951,-19.608374,-1.849599,18.288048,28.246889,-13.082827,8.825805,-8.262617,-3.030547,-18.586758,38.195343,-24.333817,-0.802746,5.951585,1.922877,0.893005,-3.708889,36.860775,-51.616997,47.426807,-5.579576,13.392023,-3.845763,-17.996550,-22.401518,46.791027,52.479908,4.772812,5.034408,-11.281828
571.000000,-2348.779297,-1119.166138,75.996635,0.888788,3.290669,-53.322128,-20.774471,-1.618540,18.194202,29.516310,-13.302374,9.084995,-8.217951,-2.527086,-18.358852,37.371284,-25.094402,-1.170092,6.123897,2.321983,0.917168,-3.610482,37.083546,-51.615482,46.908478,-6.127401,13.804030,-4.225577,-18.597696,-22.207331,46.894836,52.520916,4.781549,4.960310,-11.349355
572.000000,-2348.870117,-1118.632935,75.836166,0.488192,3.382921,-53.020644,-21.655262,-1.392707,18.057549,30.425282,-13.417084,9.265449,-8.264749,-2.059646,-18.130188,36.792000,-25.438465,-1.684626,6.190117,2.662286,0.894444,-3.614254,37.198650,-51.613853,46.585911,-6.319759,14.125505,-4.565799,-18.944582,-22.045691,46.934063,52.555569,4.781578,4.924297,-11.387617
573.000000,-2348.968018,-1118.101929,75.702652,-0.030489,3.469284,-52.747818,-22.707098,-1.004182,17.862810,31.492538,-13.523637,9.463837,-8.323711,-1.370968,-17.861128,35.977657,-25.637156,-2.526394,6.284153,3.171691,0.818271,-3.689595,37.179920,-51.608540,46.367386,-6.352506,14.504382,-4.958734,-19.222799,-21.867079,46.940201,52.564716,4.775232,4.911305,-11.442459
574.000000,-2349.075439,-1117.566528,75.597565,-0.593238,3.504177,-52.539765,-23.869499,-0.461512,17.586618,32.631721,-13.574607,9.664249,-8.344464,-0.532459,-17.722740,34.928284,-25.800035,-3.143496,6.387570,3.872569,0.715306,-3.839578,37.018661,-51.605721,46.267902,-6.357292,14.921340,-5.464571,-19.428860,-21.661253,46.943600,52.574680,4.764934,4.907755,-11.478198
575.000000,-2349.193848,-1116.996826,75.511459,-1.222072,3.423565,-52.397530,-24.746952,0.099245,17.318226,33.534439,-13.547203,9.727694,-8.289206,0.225089,-17.713930,33.992695,-25.827723,-3.413368,6.544473,4.618962,0.688580,-4.105190,36.631020,-51.603256,46.498859,-6.188470,15.219042,-6.013031,-19.553141,-21.487141,46.942795,52.657131,4.465824,4.912647,-11.485602
576.000000,-2349.321289,-1116.399902,75.434532,-1.782171,3.336690,-52.078987,-25.357056,0.398600,17.033831,34.082184,-13.398601,9.680498,-8.270073,0.658958,-17.876717,33.394157,-25.787836,-3.590378,6.571879,5.191597,0.650424,-4.352038,36.197823,-51.611462,46.792076,-5.962779,15.445252,-6.412413,-19.668350,-21.353909,46.939686,52.835690,4.142011,4.918773,-11.492573
577.000000,-2349.470459,-1115.752319,75.373444,-2.291015,3.255155,-51.430348,-26.166113,0.504335,16.420649,34.584381,-12.956207,9.339876,-8.246387,1.044397,-18.333090,32.621647,-25.723940,-3.754325,6.311499,5.957631,0.597096,-4.762745,35.579189,-51.729649,47.037712,-5.649683,15.769345,-6.945439,-19.877542,-21.188040,46.934673,53.274719,3.948802,4.886685,-11.538174
578.000000,-2349.645264,-1115.077637,75.353828,-2.559282,3.131206,-50.583281,-26.874743,0.275228,15.695733,34.800800,-12.304204,8.084229,-8.160650,1.181044,-18.844425,31.782831,-25.681459,-3.832285,5.881911,6.631988,0.634368,-5.409949,34.855141,-52.011837,47.291119,-5.243436,16.015018,-7.523401,-20.098732,-21.021399,46.915043,54.032616,3.938303,4.783288,-11.669648
579.000000,-2349.841553,-1114.363037,75.383606,-2.430324,3.051592,-49.672842,-27.406698,-0.412682,15.120674,34.565655,-11.418172,5.351444,-8.142095,0.862328,-19.098633,30.987268,-25.790110,-3.866495,5.510263,6.945458,0.685716,-6.284180,33.931038,-52.253391,47.706039,-4.635777,16.185255,-8.094516,-20.172878,-20.915327,46.897419,54.995625,3.931711,4.615030,-11.834094
580.000000,-2350.020020,-1113.592773,75.488800,-2.207219,3.071959,-49.003785,-27.880009,-1.186994,14.853914,33.970337,-10.349958,1.325185,-8.594353,0.136853,-19.254713,30.778969,-25.598040,-3.619683,5.313783,7.148247,0.636307,-7.098557,32.848404,-52.385620,48.150116,-3.827600,16.234426,-8.593319,-20.166679,-20.939899,46.893517,55.992409,3.922684,4.523224,-11.890732
581.000000,-2350.144287,-1112.801270,75.614594,-2.240297,2.907403,-48.596187,-28.477472,-1.673554,14.269692,34.284500,-9.465286,-1.062977,-8.984200,-0.431696,-19.635183,30.779121,-24.851351,-3.235995,5.150367,7.766756,0.723230,-7.626595,31.798849,-52.420677,48.321117,-3.135601,16.252804,-9.019306,-20.134161,-21.121124,46.895077,56.856403,3.920750,4.516921,-11.900613
582.000000,-2350.206543,-1112.113770,75.749954,-2.281303,2.461774,-48.456323,-28.846708,-1.734041,13.823972,35.493992,-9.276346,-1.605979,-8.912476,-0.745259,-19.758934,30.599218,-24.273140,-2.957358,5.035441,8.234206,0.962821,-7.812424,31.174135,-52.423191,48.312756,-2.634367,16.255527,-9.335761,-20.055275,-21.195274,46.913242,57.492970,3.914197,4.518805,-11.913612
583.000000,-2350.207031,-1111.539917,75.955353,-2.002811,2.089108,-48.424582,-28.857750,-1.191770,13.582866,37.814167,-9.056875,-1.597146,-8.636494,-1.355017,-19.760452,30.155144,-23.557358,-2.594003,4.807916,8.357841,1.061890,-7.810699,30.583380,-52.432472,48.327583,-1.879401,16.260498,-9.787776,-19.607386,-21.113184,47.096786,58.276886,3.890770,4.518780,-11.937988
584.000000,-2350.153809,-1111.074219,76.230553,-1.532768,1.883541,-48.333584,-28.395691,-0.217058,13.381930,40.024342,-9.760947,-1.485430,-8.337336,-2.216743,-19.712553,29.457136,-22.815470,-2.230768,4.479995,7.963732,0.864342,-7.746635,30.142118,-52.435333,48.507298,-1.171278,16.227489,-10.138038,-18.837652,-21.033804,47.539532,58.934135,3.824927,4.512851,-11.944310
585.000000,-2350.059814,-1110.637451,76.549469,-1.075078,1.696803,-48.311616,-27.447996,1.304069,12.901637,41.868546,-11.129862,-1.334992,-7.870623,-3.018728,-19.619455,28.311289,-21.848988,-1.852566,4.100629,7.474208,0.683319,-7.811522,29.704792,-52.435814,48.994778,-0.572249,16.088516,-10.310061,-17.949057,-21.083754,47.989838,59.459179,3.743970,4.508469,-11.946088
586.000000,-2349.924561,-1110.207520,76.874588,-0.687995,1.468605,-48.553440,-25.932976,3.241613,12.224742,42.876862,-12.774052,-1.151892,-7.258730,-3.595670,-19.262749,26.877453,-20.704687,-1.477921,3.904572,7.084304,0.740319,-7.999450,29.185926,-52.436329,49.782238,-0.073390,15.891210,-10.292663,-17.133463,-21.264193,48.370869,59.840069,3.736854,4.511717,-11.948254
587.000000,-2349.736084,-1109.779297,77.190399,-0.391618,1.243601,-48.891638,-23.933861,5.356380,11.475648,42.874382,-14.037594,-1.074668,-6.557265,-4.039223,-18.778082,25.192701,-19.418102,-1.083253,3.762925,6.803345,0.939311,-8.200205,28.584810,-52.436356,50.698158,0.367200,15.725061,-10.169288,-16.320690,-21.571520,48.651245,60.044109,3.735512,4.544053,-11.951406
588.000000,-2349.475586,-1109.348267,77.486839,-0.098162,1.076816,-49.225698,-21.624514,7.027914,10.412493,41.642796,-14.516081,-1.188704,-5.875605,-4.485910,-18.280697,23.501024,-18.155657,-0.629092,3.627864,6.571550,1.140286,-8.315751,27.956390,-52.430691,51.534489,0.841916,15.619823,-9.962080,-15.429328,-21.957998,48.781750,60.106411,3.722254,4.649933,-11.955672
589.000000,-2349.143799,-1108.931763,77.738663,0.163928,1.038181,-49.580483,-19.666704,7.937877,9.544250,39.773914,-14.278708,-1.432274,-5.459737,-4.853705,-17.854641,22.328154,-17.269768,-0.249797,3.605661,6.399596,1.217661,-8.304996,27.488892,-52.406357,52.006039,1.268012,15.585942,-9.767496,-14.691168,-22.254173,48.814751,60.126068,3.688587,4.809490,-11.955546
590.000000,-2348.734863,-1108.511963,77.928375,0.245453,1.090745,-49.833467,-17.011995,8.925362,8.479197,36.447166,-13.371420,-1.911073,-5.006296,-5.242948,-17.416512,20.826561,-16.161648,0.294276,3.564572,6.347096,1.133395,-8.156782,26.851404,-52.316597,52.435570,1.886364,15.530765,-9.471980,-13.631473,-22.683172,48.841370,60.183231,3.635162,5.032603,-11.946607
591.000000,-2348.263672,-1108.092041,78.044800,0.189267,1.169624,-50.040777,-14.403600,9.676479,7.616682,32.850101,-11.469798,-2.494900,-4.636888,-5.528616,-17.071405,19.547165,-15.218996,0.872411,3.536118,6.470930,0.963449,-7.846701,26.214611,-52.060654,52.691700,2.475045,15.405584,-9.113807,-12.568170,-23.116915,48.842274,60.410812,3.613373,5.161911,-11.931001
592.000000,-2347.735107,-1107.649780,78.107590,0.103456,1.214946,-50.218962,-11.844822,9.882701,6.969227,29.051615,-9.663927,-4.125220,-4.387605,-5.879857,-16.736401,18.699074,-14.525158,1.514591,3.479685,6.620860,0.837667,-7.397085,25.669752,-51.751637,52.725857,3.063324,15.206649,-8.697967,-11.580875,-23.537796,48.841995,60.827393,3.597075,5.243434,-11.925989
593.000000,-2347.196533,-1107.150513,78.160004,0.051676,1.262003,-50.243086,-10.044204,9.324179,7.287418,25.810982,-10.541126,-5.423553,-4.220646,-6.379051,-16.532368,18.050724,-13.917599,2.188234,3.297658,6.682724,0.856370,-7.077304,25.181553,-51.601692,52.754051,3.656574,14.980624,-8.252604,-10.738800,-23.969515,48.845783,61.363312,3.584210,5.309506,-11.929042
594.000000,-2346.726074,-1106.677979,78.204567,0.018754,1.321083,-50.168303,-9.112425,8.925526,8.071070,23.975830,-10.952080,-5.458128,-4.108386,-6.764706,-16.464680,17.593838,-13.477111,2.661795,3.103488,6.628001,0.942181,-6.954693,24.900351,-51.590992,52.819035,4.130194,14.851728,-7.938796,-10.171458,-24.236095,48.894440,61.777187,3.575636,5.411639,-11.947190
595.000000,-2346.294434,-1106.216797,78.251434,0.034466,1.408719,-50.055821,-8.248050,8.358347,9.102862,22.044174,-11.130687,-5.217580,-4.001488,-7.305442,-16.414497,16.991154,-12.892748,3.237291,2.856833,6.347954,1.066283,-6.919967,24.589420,-51.592625,53.040558,4.802797,14.755965,-7.525788,-9.451716,-24.451902,49.090027,62.326012,3.503838,5.679746,-11.977126
596.000000,-2345.913574,-1105.800659,78.294945,0.049330,1.453293,-49.955449,-7.571673,7.800260,9.958781,20.479212,-11.106226,-4.860137,-3.847088,-7.794482,-16.380743,16.370640,-12.320296,3.735394,2.619262,5.902671,1.223039,-6.952453,24.334978,-51.596001,53.400822,5.411953,14.711726,-7.079827,-8.811807,-24.474413,49.381893,62.855606,3.218705,6.045637,-11.986700
597.000000,-2345.548584,-1105.425171,78.318085,-0.038965,1.538160,-49.884329,-6.881883,7.355210,10.635292,18.850794,-11.140942,-4.540687,-3.683392,-8.099939,-16.362000,15.696896,-11.745753,4.159626,2.390656,5.447591,1.222828,-6.919422,24.128157,-51.651955,53.808006,5.922702,14.677975,-6.587480,-8.145795,-24.362736,49.663025,63.262363,2.642230,6.427038,-11.986526
598.000000,-2345.230957,-1105.105103,78.304741,-0.261359,1.597657,-49.806541,-6.183702,7.104371,11.114346,17.254219,-11.428558,-4.283349,-3.506719,-8.175382,-16.401854,15.071240,-11.233050,4.514893,2.095520,5.111000,1.114271,-6.814196,23.952326,-51.709270,54.233925,6.292317,14.606950,-6.078604,-7.546723,-24.093616,49.816349,63.741596,2.011219,6.677463,-11.984556
599.000000,-2344.980225,-1104.824585,78.339645,-0.197753,1.522999,-49.784508,-5.809412,6.739477,11.281176,16.514118,-11.282342,-3.989312,-3.323921,-8.418101,-16.368586,14.690758,-10.902154,4.759784,1.888978,4.571239,1.134826,-6.774288,23.846869,-51.717190,54.679199,6.485274,14.527491,-5.644464,-7.168380,-23.644096,49.853836,64.267159,1.532725,6.828260,-11.987769
600.000000,-2344.765381,-1104.594971,78.406693,-0.114914,1.419632,-49.881179,-5.330213,6.273339,11.537487,15.763717,-10.859620,-3.666918,-2.991561,-8.721484,-16.230804,14.053758,-10.351559,4.997505,1.791222,3.734510,1.139607,-6.703948,23.677374,-51.719677,55.372185,6.630530,14.453671,-5.057633,-6.613144,-22.924618,49.928268,64.891556,0.900971,7.072762,-11.990163
601.000000,-2344.590576,-1104.413452,78.474937,-0.168394,1.333278,-49.971747,-4.949498,6.033993,11.713026,15.171915,-10.540451,-3.399899,-2.622741,-8.807396,-16.309481,13.301668,-9.639924,5.145922,1.698567,3.081676,1.028678,-6.523029,23.499468,-51.717285,55.987885,6.774615,14.384438,-4.511995,-6.002831,-22.208864,49.939297,65.326706,0.345623,7.311783,-11.990760
602.000000,-2344.434814,-1104.241089,78.539307,-0.313380,1.195570,-50.108058,-4.611693,5.976923,11.854583,14.791624,-10.390860,-3.152096,-2.217333,-8.738759,-16.530916,12.562035,-8.872539,5.217267,1.671658,2.616186,0.933932,-6.297179,23.302301,-51.711926,56.481388,7.099901,14.305887,-4.044416,-5.347562,-21.591496,49.943886,65.580330,-0.021970,7.504196,-11.990905
603.000000,-2344.299072,-1104.075684,78.594681,-0.491600,1.055175,-50.294612,-4.325822,6.013191,12.017061,14.569570,-10.347775,-2.936363,-1.908871,-8.612845,-16.661423,12.002891,-8.136847,5.284138,1.689956,2.306370,0.845314,-6.035529,23.048218,-51.684711,56.928368,7.554121,14.217876,-3.669535,-4.721292,-21.075439,49.946812,65.723648,-0.254148,7.703759,-11.975311
604.000000,-2344.184570,-1103.912109,78.641319,-0.690360,0.882625,-50.488599,-4.084961,6.110859,12.174912,14.501014,-10.383998,-2.756673,-1.662998,-8.459919,-16.716747,11.609213,-7.457668,5.348572,1.702256,2.155862,0.802691,-5.777040,22.720537,-51.581360,57.394314,8.010255,14.122236,-3.420540,-4.189887,-20.644997,49.947285,65.843742,-0.538273,7.907578,-11.895048
605.000000,-2344.083252,-1103.757812,78.680939,-0.861254,0.651293,-50.602252,-3.872934,6.168294,12.243420,14.471127,-10.419896,-2.634804,-1.435581,-8.368702,-16.792255,11.371840,-7.002307,5.408567,1.667172,2.113413,0.815500,-5.591871,22.439234,-51.445534,57.751167,8.310178,14.047533,-3.303268,-3.836190,-20.351954,49.945358,65.960808,-0.780971,8.062724,-11.783302
606.000000,-2343.994385,-1103.624023,78.710747,-0.973135,0.429539,-50.642871,-3.591059,6.167145,12.261763,14.392253,-10.441353,-2.486571,-1.133920,-8.327020,-16.950806,11.139271,-6.543281,5.490527,1.577445,2.086802,0.786009,-5.366794,22.058710,-51.262150,58.218746,8.615479,13.946266,-3.194224,-3.400598,-19.969147,49.937691,66.186813,-1.044492,8.292408,-11.595613
607.000000,-2343.921631,-1103.507935,78.731956,-1.035985,0.215188,-50.681858,-3.300521,6.115748,12.277756,14.275971,-10.442947,-2.352973,-0.876144,-8.341269,-17.087263,11.006227,-6.219990,5.562719,1.489510,2.081815,0.718306,-5.170761,21.697735,-51.141720,58.697277,8.757713,13.828530,-3.106133,-3.016421,-19.570261,49.927818,66.470833,-1.308496,8.552144,-11.381858
608.000000,-2343.867188,-1103.401489,78.744156,-1.052792,-0.000543,-50.742198,-3.006166,6.027108,12.316403,14.151938,-10.435631,-2.235632,-0.670672,-8.397689,-17.129711,10.966140,-6.032498,5.640507,1.440399,2.081625,0.657944,-5.005609,21.392168,-51.084213,59.113426,8.787709,13.708815,-3.059468,-2.705874,-19.187637,49.913738,66.747826,-1.547240,8.830940,-11.125090
609.000000,-2343.834961,-1103.309937,78.748253,-1.038159,-0.202827,-50.824072,-2.733963,5.929418,12.377906,14.046132,-10.426131,-2.144847,-0.501215,-8.475732,-17.182316,10.963594,-5.948079,5.696749,1.420633,2.086363,0.612313,-4.837298,21.147673,-51.014294,59.434418,8.800014,13.589856,-3.033090,-2.457607,-18.848957,49.871902,66.944405,-1.691272,9.106697,-10.850924
610.000000,-2343.821045,-1103.236450,78.748291,-0.998604,-0.410207,-50.931737,-2.434422,5.828419,12.469331,13.912115,-10.400356,-2.083259,-0.327986,-8.558355,-17.242411,10.959540,-5.929482,5.730523,1.418579,2.096009,0.590810,-4.627021,20.948406,-50.898563,59.694798,8.809012,13.455173,-2.993800,-2.251257,-18.557446,49.774849,67.049759,-1.773200,9.348393,-10.562937
611.000000,-2343.821777,-1103.174438,78.744408,-0.933782,-0.596801,-51.071829,-2.209730,5.747247,12.560465,13.797086,-10.369256,-2.048842,-0.216244,-8.624636,-17.266443,10.957210,-5.948649,5.749355,1.417088,2.104923,0.575669,-4.441770,20.816719,-50.807423,59.871044,8.815578,13.358667,-2.963191,-2.168505,-18.416452,49.659386,67.108086,-1.873614,9.518594,-10.397779
612.000000,-2343.840332,-1103.121826,78.735886,-0.851969,-0.767693,-51.200777,-1.952544,5.635081,12.675757,13.667666,-10.325968,-2.013486,-0.091682,-8.718566,-17.301973,10.953914,-6.022446,5.766901,1.408182,2.112496,0.555428,-4.200159,20.666607,-50.715473,60.068779,8.822129,13.257417,-2.944750,-2.157979,-18.376188,49.473118,67.159683,-2.008885,9.715818,-10.213435
613.000000,-2343.878906,-1103.086914,78.723419,-0.768476,-0.908612,-51.263576,-1.769141,5.531065,12.721933,13.595731,-10.289394,-1.991742,0.027274,-8.806485,-17.389383,10.951981,-6.148565,5.775482,1.364752,2.113192,0.530890,-3.979218,20.555929,-50.659451,60.209953,8.825941,13.181910,-2.938593,-2.157419,-18.371082,49.297050,67.183983,-2.109968,9.872528,-10.000193
614.000000,-2343.939697,-1103.070068,78.702606,-0.653972,-1.012949,-51.296646,-1.669709,5.418798,12.723311,13.583460,-10.265403,-1.978501,0.117796,-8.908849,-17.516621,10.961839,-6.365114,5.774971,1.288208,2.075834,0.492975,-3.762703,20.507252,-50.635704,60.261497,8.820504,13.113162,-2.936547,-2.156755,-18.357538,49.146297,67.191528,-2.210287,10.023779,-9.751303
615.000000,-2344.023438,-1103.071655,78.672424,-0.497648,-1.099698,-51.338345,-1.600061,5.282083,12.735194,13.584984,-10.239610,-1.978363,0.191871,-9.036380,-17.645689,10.965775,-6.696824,5.760772,1.232122,1.965545,0.464313,-3.559073,20.500469,-50.600670,60.274361,8.806725,13.039356,-2.936472,-2.154371,-18.307774,49.047508,67.195137,-2.292765,10.178837,-9.466078
616.000000,-2344.130127,-1103.089355,78.631958,-0.298637,-1.171805,-51.376700,-1.564940,5.125757,12.749308,13.614896,-10.218456,-1.990952,0.271177,-9.186855,-17.825584,10.933886,-7.118765,5.726559,1.193320,1.792003,0.454926,-3.401920,20.495495,-50.540165,60.301449,8.794839,12.981862,-2.939604,-2.149671,-18.214916,48.975868,67.196602,-2.424976,10.341050,-9.179809
617.000000,-2344.245850,-1103.114258,78.595718,-0.132853,-1.236373,-51.401573,-1.560947,5.015837,12.753328,13.662827,-10.207551,-2.011735,0.339808,-9.286959,-17.964893,10.875978,-7.453106,5.645603,1.176498,1.654013,0.457791,-3.323062,20.461985,-50.475018,60.355194,8.788851,12.951835,-2.943975,-2.139716,-18.126122,48.921410,67.196609,-2.571714,10.468807,-8.963426
618.000000,-2344.344727,-1103.137451,78.597816,-0.125204,-1.311300,-51.360513,-1.533903,5.049808,12.661089,13.683423,-10.158485,-2.057322,0.402942,-9.227654,-18.017895,10.883966,-7.541008,5.538153,1.105821,1.717035,0.477533,-3.247848,20.264297,-50.363770,60.493378,8.787141,12.930222,-2.950013,-2.096429,-18.059843,48.799599,67.197083,-2.789407,10.633803,-8.694977
619.000000,-2344.438965,-1103.167847,78.609024,-0.116129,-1.377004,-51.321546,-1.446998,5.085946,12.555500,13.560811,-10.031668,-2.109126,0.449403,-9.154449,-18.054024,10.922284,-7.558404,5.458365,1.020824,1.792728,0.479994,-3.157845,20.048449,-50.216881,60.585320,8.793134,12.901825,-2.957962,-2.046693,-18.009832,48.575226,67.196838,-3.045995,10.802411,-8.501983
620.000000,-2344.535645,-1103.213989,78.622467,-0.083231,-1.429220,-51.262247,-1.304107,5.082100,12.450551,13.300220,-9.836224,-2.170539,0.507597,-9.101896,-18.099134,10.932873,-7.594671,5.374352,0.936822,1.800765,0.463659,-3.033757,19.864790,-50.017113,60.629448,8.801467,12.821725,-2.964825,-2.006904,-17.962971,48.303097,67.193138,-3.356464,10.959280,-8.314364
621.000000,-2344.632812,-1103.274658,78.635094,-0.046876,-1.469184,-51.181490,-1.151909,5.069089,12.319671,12.985611,-9.618989,-2.246343,0.575276,-9.050183,-18.176325,10.928497,-7.650670,5.282833,0.863077,1.746801,0.434113,-2.874481,19.730701,-49.796734,60.640083,8.810010,12.698132,-2.969142,-1.931276,-17.867582,48.046982,67.186478,-3.677511,11.082383,-8.110769
622.000000,-2344.732178,-1103.344849,78.646111,-0.018286,-1.503424,-51.097741,-1.039416,5.070085,12.214486,12.753333,-9.461857,-2.311195,0.628931,-9.000499,-18.239874,10.924546,-7.698761,5.206718,0.826322,1.680222,0.421233,-2.749369,19.664207,-49.632690,60.648499,8.817019,12.613748,-2.960443,-1.864028,-17.765598,47.868809,67.180771,-3.905391,11.161494,-7.962834
623.000000,-2344.833740,-1103.420898,78.656311,0.006641,-1.535983,-51.007343,-0.900375,5.085240,12.069489,12.462347,-9.265139,-2.402674,0.698249,-8.922882,-18.328035,10.919809,-7.762846,5.103381,0.813978,1.581731,0.411104,-2.628042,19.664394,-49.335533,60.678127,8.824893,12.586535,-2.937711,-1.775028,-17.632311,47.675777,67.171616,-4.155657,11.268302,-7.818623
624.000000,-2344.931152,-1103.500732,78.665062,0.025428,-1.568229,-50.894099,-0.776861,5.102040,11.907526,12.205096,-9.087044,-2.494674,0.777786,-8.848732,-18.435513,10.915521,-7.828047,5.007845,0.790978,1.479562,0.408224,-2.517754,19.720007,-49.083057,60.682087,8.827587,12.534131,-2.932679,-1.706709,-17.568327,47.540520,67.124374,-4.259984,11.362459,-7.689613
625.000000,-2345.020752,-1103.580078,78.671661,0.034775,-1.593778,-50.779452,-0.681681,5.131895,11.735018,12.001363,-8.940977,-2.588029,0.857937,-8.767970,-18.553112,10.911856,-7.894599,4.914836,0.757051,1.380705,0.405172,-2.413246,19.792578,-48.882820,60.680237,8.827797,12.466614,-2.928361,-1.633556,-17.528217,47.430759,67.026779,-4.296673,11.420785,-7.534861
626.000000,-2345.103027,-1103.657837,78.675972,0.036650,-1.614442,-50.639804,-0.624770,5.168123,11.551352,11.863383,-8.832196,-2.674510,0.936640,-8.689172,-18.685236,10.908383,-7.961593,4.830101,0.704383,1.297551,0.402780,-2.326171,19.850073,-48.716904,60.677723,8.826228,12.424393,-2.922991,-1.573798,-17.515108,47.349945,66.927628,-4.354546,11.470161,-7.412718
627.000000,-2345.175781,-1103.732422,78.678322,0.034325,-1.633279,-50.489199,-0.595799,5.205500,11.342100,11.775631,-8.749484,-2.757056,1.026238,-8.616174,-18.849606,10.908817,-8.037882,4.751102,0.620021,1.218910,0.401715,-2.259677,19.887096,-48.586914,60.678371,8.824297,12.416491,-2.916675,-1.505405,-17.496035,47.264420,66.802254,-4.421118,11.493704,-7.289405
628.000000,-2345.242188,-1103.806641,78.678482,0.032463,-1.653592,-50.402087,-0.561792,5.255825,11.199697,11.718873,-8.699148,-2.835456,1.080688,-8.543728,-18.951878,10.948258,-8.123366,4.675273,0.585509,1.149937,0.400618,-2.216927,19.908203,-48.493820,60.679054,8.824086,12.413827,-2.903134,-1.449261,-17.461399,47.180477,66.725052,-4.493063,11.502645,-7.196718
629.000000,-2345.297852,-1103.877197,78.676979,0.026579,-1.679067,-50.362925,-0.517610,5.320694,11.117650,11.698412,-8.684051,-2.910495,1.121259,-8.465862,-18.998026,10.999772,-8.207144,4.604273,0.581702,1.097725,0.399667,-2.190247,19.927992,-48.427521,60.680161,8.826983,12.413427,-2.890898,-1.411457,-17.433784,47.091915,66.713585,-4.558713,11.510196,-7.112576
630.000000,-2345.345215,-1103.948364,78.675308,0.016620,-1.708689,-50.332731,-0.479676,5.374336,11.064361,11.695143,-8.683986,-2.967286,1.164506,-8.402225,-19.029022,11.022331,-8.263799,4.554039,0.579070,1.061703,0.398007,-2.176402,19.940947,-48.388084,60.682060,8.854783,12.412741,-2.882164,-1.361717,-17.404200,46.995392,66.690636,-4.635879,11.514031,-7.020164
631.000000,-2345.385986,-1104.017456,78.673531,-0.000110,-1.711377,-50.308942,-0.454682,5.448305,10.995662,11.708010,-8.696549,-3.039309,1.212767,-8.313851,-19.072243,11.029823,-8.325033,4.489897,0.575889,1.025357,0.377992,-2.150837,19.941404,-48.305870,60.685143,8.974761,12.409782,-2.866387,-1.262145,-17.351517,46.810692,66.649406,-4.920699,11.518791,-6.915573
632.000000,-2345.424805,-1104.082397,78.671715,-0.020156,-1.692644,-50.286984,-0.469772,5.525189,10.926944,11.737731,-8.719123,-3.109357,1.226290,-8.221535,-19.108887,11.031035,-8.375095,4.423747,0.573884,1.008102,0.356280,-2.113119,19.909079,-48.116158,60.699547,9.172726,12.403900,-2.858935,-1.173182,-17.265932,46.473701,66.640877,-5.376386,11.526085,-6.887228
633.000000,-2345.459473,-1104.144531,78.670219,-0.033651,-1.669590,-50.248094,-0.495744,5.581973,10.837135,11.757475,-8.734669,-3.171018,1.235327,-8.146216,-19.162495,11.030542,-8.423120,4.366977,0.574333,0.996862,0.349410,-2.082213,19.849180,-47.887142,60.721786,9.342844,12.396377,-2.852681,-1.100930,-17.205441,46.181648,66.616371,-5.795142,11.531852,-6.882753
634.000000,-2345.486816,-1104.206299,78.668846,-0.041488,-1.650516,-50.199549,-0.506561,5.621901,10.738721,11.757356,-8.741864,-3.225008,1.255883,-8.085743,-19.225761,11.032253,-8.475570,4.318836,0.576076,0.977172,0.347812,-2.042313,19.817345,-47.677765,60.725735,9.477182,12.392697,-2.845637,-1.019452,-17.187382,45.969028,66.543808,-6.062315,11.538469,-6.879201
635.000000,-2345.509521,-1104.270142,78.666946,-0.047876,-1.633433,-50.155530,-0.509102,5.658887,10.643573,11.757277,-8.752085,-3.275003,1.278000,-8.028852,-19.281424,11.044708,-8.535735,4.273129,0.581666,0.946841,0.345319,-1.983562,19.793486,-47.431652,60.726383,9.546271,12.387157,-2.837620,-0.922240,-17.180105,45.785824,66.435692,-6.274445,11.560404,-6.861334
636.000000,-2345.526855,-1104.334595,78.664986,-0.055495,-1.620858,-50.149657,-0.496088,5.690578,10.598309,11.751786,-8.764113,-3.313992,1.291598,-7.984128,-19.300861,11.056570,-8.578861,4.241564,0.612997,0.920167,0.343162,-1.931345,19.763477,-47.225868,60.726368,9.576648,12.373673,-2.823125,-0.853511,-17.169796,45.680347,66.370850,-6.396676,11.582251,-6.854705
637.000000,-2345.541260,-1104.400513,78.662659,-0.065691,-1.611809,-50.171511,-0.463199,5.743893,10.573599,11.747003,-8.791582,-3.367671,1.307745,-7.915626,-19.298307,11.067219,-8.628738,4.200658,0.704554,0.885291,0.338106,-1.863842,19.718206,-46.933399,60.727188,9.618345,12.368865,-2.771498,-0.785087,-17.130690,45.579487,66.347511,-6.509755,11.627645,-6.853383
638.000000,-2345.551758,-1104.464966,78.659889,-0.075568,-1.606499,-50.189890,-0.430550,5.789517,10.552774,11.749566,-8.822366,-3.411530,1.325943,-7.856939,-19.292561,11.079733,-8.675659,4.166440,0.781897,0.851581,0.335268,-1.794012,19.672812,-46.646370,60.729782,9.637499,12.366733,-2.697036,-0.747610,-17.076384,45.485813,66.342262,-6.597525,11.717257,-6.855985
639.000000,-2345.558838,-1104.526855,78.656677,-0.086322,-1.599380,-50.197930,-0.401498,5.839049,10.516335,11.766943,-8.866179,-3.460705,1.352068,-7.791397,-19.293730,11.091774,-8.732394,4.129813,0.851400,0.810261,0.331205,-1.699941,19.608126,-46.291553,60.732365,9.657255,12.352666,-2.587033,-0.708512,-17.002928,45.355717,66.337875,-6.732683,11.825543,-6.863021
640.000000,-2345.563721,-1104.583008,78.653084,-0.089146,-1.555680,-50.208171,-0.413500,5.875362,10.485683,11.786207,-8.903631,-3.500058,1.321294,-7.746412,-19.288473,11.140595,-8.798331,4.095025,0.898811,0.764460,0.300453,-1.594456,19.553757,-45.952297,60.734867,9.666026,12.344573,-2.451536,-0.657375,-16.930744,45.185711,66.331619,-6.862924,11.895185,-6.878205
641.000000,-2345.569336,-1104.629150,78.649887,-0.079077,-1.475823,-50.231858,-0.460182,5.886593,10.472457,11.764175,-8.910363,-3.528359,1.196967,-7.734631,-19.260006,11.261675,-8.883380,4.058865,0.927140,0.713098,0.272070,-1.515852,19.511513,-45.713627,60.739845,9.648944,12.321442,-2.331512,-0.609967,-16.891342,45.016956,66.277908,-6.918279,11.939816,-6.876777
642.000000,-2345.573486,-1104.667603,78.647812,-0.068029,-1.383010,-50.263251,-0.518368,5.890227,10.471230,11.724178,-8.906644,-3.550146,1.051603,-7.727111,-19.219559,11.370331,-8.954077,4.029133,0.956025,0.674195,0.260271,-1.454269,19.472134,-45.508320,60.745918,9.618930,12.312918,-2.190132,-0.543982,-16.884064,44.835968,66.160332,-6.991293,11.990349,-6.874240
643.000000,-2345.572754,-1104.702393,78.646729,-0.061947,-1.287115,-50.291281,-0.563336,5.892750,10.469060,11.699917,-8.905006,-3.563257,0.961670,-7.719138,-19.199554,11.418133,-8.987732,4.011595,0.981877,0.657398,0.257207,-1.417778,19.434849,-45.359337,60.751114,9.579443,12.310499,-2.094778,-0.488904,-16.893826,44.714367,66.064667,-7.027407,12.035797,-6.875695
644.000000,-2345.567627,-1104.734009,78.644890,-0.057085,-1.200445,-50.340207,-0.631421,5.900700,10.481092,11.677549,-8.913600,-3.580452,0.822810,-7.706896,-19.163164,11.492192,-9.035710,3.982353,1.094811,0.642170,0.255367,-1.374080,19.327179,-45.047367,60.792793,9.518122,12.308006,-1.930797,-0.371735,-16.932076,44.544697,65.917023,-7.012773,12.105001,-6.875290
645.000000,-2345.559570,-1104.770020,78.642662,-0.057932,-1.148762,-50.281783,-0.689261,5.898222,10.417455,11.694543,-8.935151,-3.593554,0.775422,-7.700944,-19.202610,11.526272,-9.081580,3.964860,1.165552,0.632971,0.265800,-1.352724,19.199806,-44.776180,60.874100,9.503613,12.306428,-1.761871,-0.282684,-16.957281,44.431282,65.848221,-6.964255,12.173831,-6.868390
646.000000,-2345.555664,-1104.809326,78.639534,-0.075451,-1.097275,-50.124768,-0.813500,5.893617,10.212080,11.798016,-8.975575,-3.608924,0.814936,-7.685068,-19.366047,11.484401,-9.112615,3.960521,1.080156,0.623984,0.257558,-1.349164,19.175713,-44.742058,60.888584,9.497894,12.308446,-1.642701,-0.255609,-16.960855,44.403202,65.763268,-6.949060,12.266641,-6.858163
647.000000,-2345.557129,-1104.844727,78.633881,-0.106257,-1.045241,-49.980628,-0.989574,5.921157,10.016356,12.005015,-9.063853,-3.623456,0.837544,-7.647768,-19.513607,11.452651,-9.137678,3.951293,1.055227,0.616469,0.254433,-1.399689,19.145367,-44.696133,60.890087,9.483668,12.293615,-1.609300,-0.250130,-16.966042,44.400028,65.677719,-6.877504,12.317359,-6.846745
648.000000,-2345.560791,-1104.872681,78.626732,-0.144931,-0.991576,-49.840411,-1.181228,5.959852,9.840857,12.245539,-9.169853,-3.636113,0.845755,-7.607135,-19.647568,11.432411,-9.159625,3.940279,1.054214,0.614019,0.252969,-1.470841,19.104578,-44.613064,60.890862,9.442996,12.266326,-1.594940,-0.245190,-16.983673,44.400627,65.634544,-6.801344,12.332449,-6.839928
649.000000,-2345.565674,-1104.896118,78.618637,-0.187449,-0.934444,-49.686650,-1.376490,5.998051,9.672246,12.486269,-9.274227,-3.647917,0.848427,-7.570261,-19.785461,11.416552,-9.181892,3.929015,1.056325,0.612670,0.252513,-1.542490,19.047503,-44.494492,60.890408,9.398361,12.227189,-1.586703,-0.232131,-17.023954,44.401386,65.590584,-6.655642,12.342821,-6.835128
650.000000,-2345.574219,-1104.927979,78.612297,-0.205882,-0.910226,-49.587204,-1.522451,6.030429,9.518818,12.668670,-9.357054,-3.672482,0.850648,-7.542717,-19.921284,11.444017,-9.238515,3.906423,1.118558,0.578690,0.266098,-1.619214,18.972919,-44.356956,60.908794,9.315455,12.175350,-1.553980,-0.208263,-17.082520,44.405235,65.516891,-6.391480,12.356603,-6.801386
651.000000,-2345.590332,-1104.972290,78.607773,-0.204425,-0.898826,-49.524316,-1.540637,6.046618,9.434283,12.680854,-9.369713,-3.711604,0.844911,-7.531689,-20.005051,11.530113,-9.333251,3.871567,1.241247,0.482356,0.269650,-1.678653,18.955963,-44.304756,60.980907,9.116784,12.152521,-1.488050,-0.205845,-17.121418,44.444675,65.431572,-6.209006,12.391963,-6.709497
652.000000,-2345.617188,-1105.022583,78.602036,-0.204196,-0.879401,-49.422051,-1.591192,6.068229,9.320836,12.721254,-9.386764,-3.743455,0.833356,-7.519369,-20.122761,11.626781,-9.439459,3.832366,1.375901,0.356987,0.266560,-1.717052,18.983561,-44.218548,61.032448,8.794470,12.122347,-1.472656,-0.208852,-17.212984,44.477890,65.254852,-6.014298,12.409155,-6.544059
653.000000,-2345.655273,-1105.078613,78.596153,-0.217050,-0.800003,-49.383578,-1.701949,6.123312,9.252048,12.792570,-9.416933,-3.788815,0.751520,-7.473956,-20.180927,11.706387,-9.517780,3.782194,1.554178,0.233315,0.218438,-1.740938,19.058704,-44.189110,61.048759,8.604681,12.094985,-1.480743,-0.239490,-17.335232,44.513226,65.063057,-5.853220,12.410447,-6.339636
654.000000,-2345.711670,-1105.128784,78.591362,-0.240319,-0.665086,-49.438933,-1.908748,6.242527,9.248780,12.909690,-9.457047,-3.867100,0.538022,-7.364136,-20.135042,11.787012,-9.570877,3.699291,1.812865,0.059044,0.153285,-1.747826,19.213638,-44.109360,61.007835,8.473624,12.079389,-1.525465,-0.365048,-17.588066,44.526825,64.632004,-5.769256,12.411812,-6.033103
655.000000,-2345.801025,-1105.173828,78.584740,-0.255912,-0.437888,-49.662224,-2.111730,6.361680,9.360340,12.971692,-9.466029,-3.946077,0.190758,-7.276815,-19.976397,11.977653,-9.637117,3.585346,2.055422,-0.110418,0.087017,-1.741777,19.404676,-44.002602,60.873192,8.323947,12.077871,-1.619400,-0.513502,-17.889545,44.527687,64.033966,-5.760119,12.410027,-5.868723
656.000000,-2345.933838,-1105.223022,78.576241,-0.298382,-0.189213,-49.852907,-2.453443,6.584100,9.512798,13.115833,-9.481583,-4.079720,-0.336711,-7.111277,-19.768826,12.266045,-9.725209,3.376740,2.363791,-0.390083,0.058717,-1.737295,19.791643,-43.754993,60.438580,8.068233,12.082827,-1.799982,-0.783291,-18.403427,44.529057,62.933590,-5.732748,12.384125,-5.801513
657.000000,-2346.108887,-1105.274658,78.562241,-0.406903,0.050562,-49.919124,-2.977228,6.891218,9.492687,13.513863,-9.569098,-4.234732,-0.779455,-6.851848,-19.720078,12.413999,-9.757749,3.153361,2.560344,-0.682720,0.095915,-1.772124,20.263536,-43.474453,59.798851,7.945264,12.083145,-1.983664,-1.164915,-19.004354,44.528774,61.664845,-5.690700,12.322330,-5.803441
658.000000,-2346.309570,-1105.329468,78.546402,-0.586505,0.209872,-49.982488,-3.511801,7.290390,9.403723,14.109558,-9.750244,-4.415193,-1.015829,-6.479882,-19.736313,12.345271,-9.694830,2.927520,2.729864,-0.885403,0.236897,-1.933420,20.640244,-43.355247,59.335114,7.938320,12.056588,-2.114504,-1.695539,-19.632442,44.529926,60.419216,-5.670944,12.276926,-5.858943
659.000000,-2346.524902,-1105.407837,78.533218,-0.809987,0.336430,-50.084886,-4.099833,7.872904,9.315644,14.840595,-9.988715,-4.678069,-1.132902,-5.889600,-19.755461,11.981248,-9.486571,2.627146,3.042584,-1.077265,0.379044,-2.172746,20.936626,-43.101181,59.062111,7.935617,11.944485,-2.224017,-2.496485,-20.353340,44.531296,59.126740,-5.588978,12.131168,-6.037773
660.000000,-2346.781494,-1105.510010,78.506737,-1.087175,0.502764,-50.066650,-4.807714,8.512888,9.081735,15.702378,-10.254534,-5.011156,-1.317408,-5.276172,-19.922121,11.793780,-9.353868,2.198547,3.140995,-1.211160,0.410546,-2.329818,21.224487,-42.941105,59.041100,7.467004,11.698032,-2.250448,-3.493679,-20.938431,44.526859,58.210495,-5.161199,11.837766,-6.304211
661.000000,-2347.098633,-1105.643433,78.466637,-1.393803,0.610762,-49.890483,-5.567517,9.196597,8.623366,16.670824,-10.527760,-5.408373,-1.511162,-4.655717,-20.296316,11.865752,-9.361119,1.701859,2.948311,-1.330619,0.501236,-2.430501,21.707735,-42.935436,59.045269,6.380065,11.416495,-2.297106,-4.602484,-21.519234,44.515728,57.345417,-4.521864,11.429717,-6.633691
662.000000,-2347.460449,-1105.807373,78.419556,-1.675621,0.763443,-49.744697,-6.163005,9.730544,8.256747,17.353287,-10.692701,-5.740997,-1.742479,-4.184094,-20.637335,12.025331,-9.425836,1.300175,2.811057,-1.429495,0.513033,-2.484777,22.144674,-42.952339,59.054394,5.416657,11.225843,-2.334742,-5.394977,-22.039951,44.504635,56.614124,-4.073499,11.098415,-6.879677
663.000000,-2347.851318,-1105.995361,78.375969,-1.905175,0.859705,-49.623114,-6.755048,10.364470,7.847898,17.974268,-10.789084,-6.172384,-1.965309,-3.599217,-21.076963,12.128580,-9.501064,0.805700,2.706970,-1.563345,0.552813,-2.572796,22.683756,-43.009495,59.092731,4.388495,11.045941,-2.342952,-6.339323,-22.765774,44.499962,55.723808,-3.632448,10.687143,-7.163448
664.000000,-2348.277832,-1106.222412,78.335289,-2.119503,0.934903,-49.512757,-7.301026,11.124122,7.367883,18.452150,-10.786315,-6.727546,-2.054837,-2.821403,-21.607880,11.946254,-9.519397,0.215332,2.648771,-1.714805,0.572552,-2.680748,23.274004,-43.116482,59.187214,3.479972,10.888689,-2.347264,-7.426953,-23.606047,44.426361,54.925396,-3.151228,10.214091,-7.544406
665.000000,-2348.722412,-1106.460571,78.293159,-2.330987,1.092371,-49.574554,-7.687943,11.729424,7.136886,18.706835,-10.744486,-7.154627,-2.227118,-2.204599,-21.861998,11.825350,-9.505219,-0.282690,2.745121,-1.782517,0.486787,-2.696021,23.665937,-43.148472,59.214382,2.959234,10.759080,-2.356439,-8.151925,-24.141291,44.314514,54.517910,-2.793125,9.997171,-7.823833
666.000000,-2349.332520,-1106.752319,78.233192,-2.600728,1.310320,-49.709771,-8.252634,12.622240,6.909334,19.047791,-10.639835,-7.756418,-2.661893,-1.337234,-22.006451,11.883677,-9.499635,-0.996012,2.905375,-1.816775,0.410737,-2.684205,24.235155,-43.239841,59.192825,2.114285,10.500381,-2.389241,-9.216380,-24.889597,44.205933,53.966248,-2.244938,9.818515,-8.193083
667.000000,-2349.960449,-1107.032104,78.172035,-2.824824,1.514471,-49.682542,-8.857620,13.512601,6.557565,19.309490,-10.414855,-8.375532,-3.134235,-0.468962,-22.226612,12.017368,-9.485804,-1.715693,2.866028,-1.786905,0.429892,-2.666496,24.859486,-43.469902,59.161442,1.248667,10.201306,-2.485131,-10.301981,-25.681200,43.965450,53.434391,-1.646964,9.616761,-8.618460
668.000000,-2350.605225,-1107.315186,78.096794,-2.921812,1.773703,-49.564436,-9.451466,14.184115,6.154831,19.362329,-10.074500,-8.907678,-3.565909,0.224811,-22.545618,12.039895,-9.560725,-2.333976,2.725966,-1.783410,0.406022,-2.659092,25.400362,-43.722122,59.131760,0.642132,10.003881,-2.639933,-11.172354,-26.456854,43.686050,53.066040,-1.147059,9.430090,-9.095292
669.000000,-2351.305664,-1107.617798,77.986107,-2.832572,2.053407,-49.494035,-10.122846,14.789796,5.804323,19.290443,-9.600379,-9.497801,-4.119175,0.857580,-22.932556,12.079288,-9.998142,-3.085609,2.635364,-1.895220,0.356881,-2.657509,25.980013,-43.958736,59.101017,0.138175,9.844372,-2.842746,-12.067684,-27.477192,43.351391,52.660610,-0.523126,9.331014,-9.713239
670.000000,-2352.034668,-1107.929443,77.884041,-2.838898,2.348139,-49.321040,-10.765039,15.400231,5.424428,19.114153,-9.065997,-10.041237,-4.749406,1.468516,-23.298054,12.313347,-10.346920,-3.760391,2.517107,-1.873754,0.295131,-2.656926,26.442070,-44.126076,59.066898,-0.306323,9.748293,-3.043584,-12.698694,-28.386122,42.964203,52.443859,-0.144198,9.318424,-10.288869
671.000000,-2352.808105,-1108.266968,77.802345,-2.752666,2.679482,-48.938091,-11.535803,15.921406,5.059170,18.900589,-8.222897,-10.458373,-5.468653,1.949426,-23.863951,12.728547,-10.653985,-4.492468,2.242909,-1.933790,0.217102,-2.684453,26.962662,-44.271114,58.846634,-0.581464,9.725232,-3.305226,-13.040578,-29.162079,42.527493,52.336460,0.105006,9.325380,-10.891074
672.000000,-2353.619629,-1108.618286,77.738396,-2.470086,2.979328,-48.498719,-12.183032,16.301821,5.664646,18.938055,-7.540267,-10.187731,-6.039142,2.135594,-24.316071,13.133919,-10.940844,-5.032058,2.098586,-2.148550,0.194991,-2.779265,27.397673,-44.325459,58.511890,-0.640379,9.723778,-3.500509,-13.086989,-29.718975,42.316048,52.211876,0.342468,9.412453,-11.344978
673.000000,-2354.426025,-1108.954102,77.685036,-2.115657,3.186830,-47.856350,-13.149324,16.849207,7.502267,19.571665,-6.707547,-9.463201,-6.634387,2.219798,-24.968019,13.593069,-11.293649,-5.676069,1.965378,-2.495907,0.257577,-3.011377,27.898411,-44.364017,57.968803,-0.631620,9.723273,-3.681927,-12.931264,-30.405375,42.255257,51.996418,0.658639,9.612002,-11.817393
674.000000,-2355.222412,-1109.256226,77.617386,-1.720591,3.224087,-47.129119,-14.803104,17.587166,10.216457,22.469212,-6.655103,-7.783116,-7.219314,2.167821,-25.930971,14.305576,-11.833277,-6.414234,1.732747,-2.843235,0.517000,-3.443299,28.404755,-44.497753,57.149738,-0.614904,9.721499,-3.815010,-12.601319,-31.186001,42.235405,51.818287,1.157994,9.860984,-12.223963
675.000000,-2355.956299,-1109.569702,77.547798,-1.242362,3.070566,-46.805472,-15.977123,18.151974,12.771096,27.331905,-8.114813,-5.711355,-7.656432,1.973734,-26.400225,15.322895,-12.500630,-7.051048,1.719291,-3.175217,0.847249,-3.771600,28.707235,-44.843452,56.497910,-0.553594,9.680398,-3.867538,-12.222140,-31.649897,42.108082,51.752834,1.576494,10.104182,-12.393779
676.000000,-2356.587158,-1109.922607,77.471451,-0.805697,3.048363,-46.488484,-16.850662,18.281628,14.530091,33.262505,-10.390087,-3.837725,-8.101986,1.814365,-26.778027,16.233978,-13.145263,-7.620389,1.523480,-3.392157,0.711477,-3.835198,28.816153,-45.450577,56.223019,-0.494749,9.526177,-4.048381,-11.541440,-31.867203,41.880508,51.743896,1.614406,10.258760,-12.451602
677.000000,-2357.105225,-1110.258179,77.376411,-0.522064,3.024392,-46.199522,-17.172573,18.121660,16.112530,39.334496,-11.764902,-2.240322,-8.469398,1.762222,-27.196880,17.050440,-13.772785,-8.170053,1.216654,-3.417295,0.420853,-3.865324,28.820580,-46.261208,56.092186,-0.496129,9.433831,-4.417732,-10.582179,-32.124474,41.814167,51.687939,1.625753,10.326584,-12.474136
678.000000,-2357.598145,-1110.580444,77.252235,-0.351279,2.969136,-45.679948,-17.113466,17.795101,17.064873,43.240948,-12.919242,-1.447597,-8.662317,1.770706,-27.617891,17.567402,-14.211583,-8.520144,0.911691,-3.307113,0.249472,-3.961456,28.758045,-46.807030,56.026871,-0.497077,9.410064,-4.720402,-9.804775,-32.370781,41.809582,51.640083,1.634517,10.394302,-12.473655
679.000000,-2358.090332,-1110.870728,77.102821,-0.203235,2.861956,-45.024172,-16.581408,16.789618,18.410606,48.580063,-15.119711,-0.636811,-8.951884,1.723480,-28.390154,18.526186,-14.987867,-9.020961,0.374590,-3.058884,0.202507,-4.311084,28.545357,-47.424301,56.010231,-0.499628,9.375539,-5.196830,-8.522524,-32.802368,41.727573,51.619980,1.645380,10.590125,-12.446070
680.000000,-2358.569580,-1111.129028,76.932716,-0.001664,2.796019,-44.478345,-15.599360,15.309215,19.817099,52.319244,-17.367092,-0.337923,-9.437405,1.545548,-29.034122,19.804152,-15.878729,-9.483109,-0.067785,-2.878589,0.300221,-4.748068,28.355854,-47.527302,55.946301,-0.500240,9.290381,-5.608821,-7.230668,-33.164288,41.434666,51.684139,1.657513,10.826108,-12.398896
681.000000,-2359.050537,-1111.362061,76.742691,0.250208,2.807400,-43.899669,-14.468584,12.970709,20.740620,54.715118,-19.297371,-0.465416,-10.180999,1.213288,-29.528082,21.390699,-16.859838,-9.924478,-0.658727,-2.784828,0.422968,-5.236821,28.314920,-47.811001,55.723846,-0.487223,9.221154,-5.993458,-5.982176,-33.350018,41.090340,51.944225,1.728215,11.052862,-12.401081
682.000000,-2359.525391,-1111.579834,76.529160,0.458093,2.885711,-43.357281,-13.266827,10.121588,21.350502,55.732456,-20.827477,-0.798125,-11.020573,0.926241,-29.979605,22.962343,-17.787729,-10.311509,-1.410860,-2.596030,0.527169,-5.837286,28.269472,-48.323559,55.494225,-0.488225,9.152844,-6.391870,-4.659449,-33.542397,40.899086,52.243877,1.928401,11.241855,-12.410466
683.000000,-2359.987793,-1111.798340,76.303223,0.565946,2.998230,-42.862024,-12.088544,7.454758,21.898338,55.392864,-22.013477,-1.207423,-11.741832,0.798125,-30.389015,24.193766,-18.513527,-10.617945,-2.184727,-2.322788,0.592258,-6.407032,28.200548,-48.827282,55.278652,-0.499845,9.054234,-6.749215,-3.354947,-33.700626,40.848972,52.537468,2.221507,11.416423,-12.419831
684.000000,-2360.450928,-1112.018921,76.064133,0.594297,3.196358,-42.503061,-10.737774,4.223094,22.395130,53.760197,-23.275106,-1.624966,-12.649426,0.820952,-30.806265,25.476706,-19.248577,-11.031347,-3.020592,-1.926722,0.586789,-7.122606,28.084240,-49.372089,54.955608,-0.614317,8.913778,-7.183317,-1.592083,-33.887764,40.841553,52.794460,2.722994,11.723938,-12.425517
685.000000,-2360.941162,-1112.237183,75.812164,0.696104,3.444797,-42.237482,-9.685946,1.181370,22.665764,51.377518,-24.134268,-1.856851,-13.629729,0.801081,-31.099236,26.749914,-19.934544,-11.455192,-3.713272,-1.688303,0.562350,-7.816220,28.029184,-49.731003,54.559772,-0.799995,8.695849,-7.605135,0.130636,-33.992935,40.842747,53.052742,3.282427,11.913493,-12.425604
686.000000,-2361.462646,-1112.474976,75.561638,0.837398,3.617161,-41.967239,-8.837372,-0.925395,23.060492,49.090954,-24.653511,-1.815576,-14.294331,0.758340,-31.310911,27.682711,-20.440464,-11.747891,-4.261970,-1.614011,0.612961,-8.308609,28.056395,-49.950836,54.193020,-0.921148,8.487095,-7.906979,1.452270,-34.002853,40.847618,53.291897,3.680246,12.004489,-12.421824
687.000000,-2362.012695,-1112.740234,75.311607,0.965019,3.756926,-41.542627,-7.758702,-3.370040,23.539877,45.520954,-25.229507,-1.425978,-15.060522,0.728929,-31.734730,28.738928,-21.038544,-12.063336,-5.166142,-1.550445,0.625637,-8.863196,28.126257,-50.175957,53.666546,-1.018714,8.204064,-8.258101,3.282043,-33.998714,40.860226,53.537628,4.166472,12.104714,-12.398942
688.000000,-2362.570312,-1113.010986,75.060745,0.994112,3.853913,-41.178658,-6.859524,-5.317944,23.584679,42.054913,-25.638035,-0.624740,-15.671993,0.799415,-32.169472,29.578642,-21.491577,-12.247109,-6.044664,-1.472059,0.600818,-9.259881,28.120552,-50.193615,53.251949,-1.029246,7.895160,-8.471416,4.975560,-33.980331,40.859592,53.941433,4.579161,12.107992,-12.292584
689.000000,-2363.174072,-1113.285767,74.786880,1.050584,3.908609,-41.078206,-5.957581,-7.184343,23.275856,38.080227,-25.986898,0.793619,-16.450321,1.000999,-32.488029,30.664215,-21.949797,-12.247882,-6.797859,-1.427596,0.537932,-9.664758,28.114576,-50.194294,52.760998,-1.054245,7.489715,-8.642010,6.957212,-33.982521,40.859261,54.476673,4.955129,12.106378,-11.996464
690.000000,-2363.837158,-1113.551758,74.504387,1.090577,3.888188,-41.242095,-5.327429,-8.224157,23.065615,34.869102,-26.114397,2.297545,-17.272425,1.175765,-32.560635,31.991953,-22.461456,-11.501760,-7.112408,-1.547416,0.523916,-10.026031,28.118828,-50.180408,52.364544,-1.210859,7.097866,-8.771038,8.641925,-33.992481,40.884827,54.898819,5.359032,12.108766,-11.560737
691.000000,-2364.589600,-1113.815063,74.232254,1.160387,3.769566,-41.472898,-4.947529,-8.429363,23.287903,32.566444,-25.813902,3.825320,-18.092712,1.345659,-32.632751,33.472042,-23.080635,-9.625460,-7.178653,-1.768528,0.587179,-10.399319,28.086748,-50.076012,52.180431,-1.528849,6.683068,-8.933896,10.079707,-33.964516,41.078121,55.236458,5.699275,12.111262,-11.067655
692.000000,-2365.387451,-1114.090210,74.022705,1.499678,3.702742,-41.869905,-4.621171,-8.498138,23.584368,31.339201,-26.857683,5.919634,-18.982414,1.225837,-32.641949,35.104507,-23.673286,-7.403597,-7.055004,-2.432856,0.549097,-10.656816,28.074617,-49.780178,52.166130,-1.961639,6.357677,-9.116540,11.250660,-33.711929,41.550888,55.619431,5.855151,12.109766,-10.521636
693.000000,-2366.237793,-1114.307861,73.883217,1.750224,3.744359,-42.573620,-4.632642,-8.521890,23.611685,30.502148,-27.694702,7.519455,-20.146048,0.994025,-32.871101,36.899612,-23.537189,-5.602305,-6.698501,-3.080788,0.385689,-10.757581,28.041840,-49.396313,52.278473,-2.535463,6.093465,-9.246281,11.983895,-33.381424,42.031109,55.918713,5.878801,12.109721,-9.946955
694.000000,-2367.166016,-1114.436035,73.811768,1.708785,3.623698,-43.556110,-4.906208,-8.016391,23.602236,30.239016,-28.459799,9.288241,-21.900169,0.700523,-33.550480,39.927017,-21.879444,-4.191943,-6.126546,-3.553554,0.616653,-10.955718,27.985195,-48.846138,52.758160,-3.434057,5.700787,-9.382456,12.249158,-32.994740,42.401089,56.045937,5.884630,12.106820,-9.171532
695.000000,-2368.116455,-1114.521118,73.800049,1.433953,3.588026,-44.523613,-5.569440,-6.919436,23.636684,30.790546,-29.450237,9.391565,-24.010744,0.579814,-34.045151,43.257767,-18.734379,-3.425582,-5.674230,-3.714190,0.913392,-11.066812,27.986650,-48.274513,53.523941,-4.235901,5.335903,-9.490768,11.972872,-32.586269,42.432526,56.060131,5.875731,12.006274,-8.432814
696.000000,-2369.135498,-1114.592041,73.834030,0.980546,3.606257,-45.274511,-6.454846,-5.622497,23.191916,31.544708,-30.449039,9.088366,-26.269808,0.463089,-34.640217,46.467209,-14.597210,-2.379733,-5.483071,-3.695541,1.118419,-11.107014,28.053806,-47.716526,54.315975,-5.031555,5.177831,-9.597541,11.384695,-32.187717,42.438725,56.082703,5.806360,11.762973,-7.772992
697.000000,-2370.177734,-1114.672485,73.882370,0.691112,3.576838,-45.932465,-7.113706,-4.651222,22.882080,32.061176,-31.059641,8.807956,-28.103399,0.283064,-34.906361,48.914829,-11.036509,-1.204239,-5.309491,-3.760953,1.216637,-11.142566,28.235092,-47.408104,54.785599,-5.716304,5.151617,-9.681715,10.831465,-31.898314,42.490578,56.078644,5.760552,11.557443,-7.358805
698.000000,-2371.183350,-1114.793457,73.960632,0.819975,3.347210,-46.448295,-7.810683,-3.654059,23.276840,33.144600,-31.031788,8.337911,-30.054855,-0.400655,-34.754623,51.886047,-7.850954,0.134948,-4.978998,-4.368704,1.464800,-11.206794,28.612236,-47.169872,55.290154,-6.636194,5.081344,-9.733133,10.104661,-31.521898,42.576298,55.995068,5.767109,11.392629,-6.955124
699.000000,-2372.084473,-1114.951294,74.060593,0.908822,3.118158,-46.723296,-8.435948,-2.621361,23.598194,34.187313,-30.764383,7.790150,-31.852325,-1.686720,-34.030014,54.648983,-7.106322,0.958405,-4.515379,-4.915400,1.535532,-11.129025,28.804436,-46.987484,56.049557,-7.589994,4.901041,-9.743628,9.412769,-31.404934,42.590321,55.696671,5.794033,11.305001,-6.568581
700.000000,-2372.855469,-1115.139160,74.197868,0.850747,2.881437,-46.908452,-8.746538,-1.670716,23.654591,34.773384,-30.451136,7.255799,-33.028210,-3.301776,-33.009613,56.701435,-8.594724,1.209527,-4.040121,-5.057493,1.453231,-10.729416,28.835503,-46.842934,56.633305,-8.346588,4.681878,-9.739642,8.719849,-31.441145,42.471092,55.514568,5.812186,11.299244,-6.341599
701.000000,-2373.555664,-1115.359863,74.386040,0.745807,2.641625,-47.050734,-8.787596,-0.769982,23.658955,34.913376,-29.999910,6.718214,-33.760754,-5.224852,-31.689919,58.279083,-10.480060,1.237030,-3.656480,-5.022463,1.315447,-9.951149,28.961227,-46.730125,56.915726,-8.777039,4.491277,-9.740126,7.767802,-31.421837,41.966499,55.555462,5.786690,11.295738,-6.206773
702.000000,-2374.208984,-1115.611938,74.615738,0.545639,2.499252,-47.125638,-8.792933,0.160571,23.558729,34.794979,-29.435963,6.160190,-34.129463,-7.267269,-30.148689,59.236568,-12.140587,1.178877,-3.448612,-4.840036,1.095172,-8.925080,29.207315,-46.644688,57.052025,-9.043571,4.329834,-9.785413,6.544283,-31.305132,41.203705,55.807690,5.574990,11.212985,-6.190596
703.000000,-2374.848633,-1115.910400,74.874573,0.368392,2.359197,-47.329855,-8.671412,0.858595,23.539104,34.493561,-28.937031,5.692022,-34.184086,-8.782693,-28.693316,59.700134,-13.101172,1.048292,-3.170097,-4.733945,0.982655,-8.118610,29.473251,-46.585857,57.208714,-9.201521,4.159137,-9.888150,5.499083,-31.152744,40.631348,56.110970,5.294135,11.078593,-6.224890
704.000000,-2375.514160,-1116.282349,75.149559,0.176340,2.283213,-47.605153,-8.463528,1.791034,23.578415,33.958195,-28.244854,5.009265,-34.018692,-10.545194,-26.476177,59.953568,-13.943034,0.859722,-2.664773,-4.694274,0.831216,-6.986338,29.990332,-46.527023,57.478271,-9.482412,3.922451,-10.061031,4.090980,-30.964996,40.055069,56.370621,5.004898,10.868957,-6.339293
705.000000,-2376.202881,-1116.707275,75.428352,-0.050510,2.090465,-47.681186,-8.184208,2.767216,23.413624,33.422367,-27.525591,4.258130,-33.275967,-12.133884,-24.220533,59.571957,-14.533712,0.639779,-2.249418,-4.706353,0.912128,-5.824880,30.701172,-46.502945,57.717556,-9.779228,3.790640,-10.198893,2.587123,-30.889151,39.616646,56.366245,4.927847,10.513841,-6.552759
706.000000,-2376.861328,-1117.186401,75.689384,-0.277135,1.894061,-47.625487,-7.840042,3.719102,23.062609,32.855488,-26.798740,3.488962,-31.927349,-13.587867,-22.300035,58.496952,-14.912653,0.428171,-1.835540,-4.763665,1.064888,-4.723201,31.346251,-46.420841,58.076500,-9.799102,3.788565,-10.260365,1.226115,-30.842680,39.119606,56.316143,4.909905,9.990835,-6.891188
707.000000,-2377.528809,-1117.764160,75.957069,-0.566309,1.708180,-47.482443,-7.449268,4.744368,22.582386,32.254089,-26.083410,2.657059,-29.992111,-14.466269,-20.283031,56.333817,-14.974403,0.342633,-1.400743,-4.824689,1.163161,-3.524529,31.939951,-46.185669,58.300694,-9.704704,3.975664,-10.286177,0.004672,-30.792509,38.634594,56.225338,4.908721,9.381759,-7.413770
708.000000,-2378.176758,-1118.417480,76.216331,-0.848065,1.591962,-47.171524,-7.097538,5.739398,21.940020,31.564150,-25.326139,1.785258,-27.592596,-14.989406,-18.457607,53.329937,-14.718374,0.336710,-1.010847,-4.905040,1.114699,-2.306976,32.401665,-45.903675,58.442360,-9.556637,4.314533,-10.301737,-1.043238,-30.719917,38.257088,56.133984,4.931282,8.805687,-8.078685
709.000000,-2378.809326,-1119.138672,76.462624,-1.157136,1.423872,-46.790775,-6.658200,6.759203,21.230947,30.834570,-24.582861,0.845451,-24.674061,-15.126881,-16.941309,49.520840,-14.101763,0.479841,-0.596957,-4.931411,1.076720,-1.146328,32.670921,-45.657074,58.538174,-9.392666,4.755343,-10.306365,-1.891695,-30.620548,37.996246,55.970257,4.944637,8.297381,-8.826865
710.000000,-2379.431641,-1119.934326,76.672867,-1.401432,1.295618,-46.482577,-6.170959,7.782995,20.616573,30.071726,-23.876335,-0.173615,-21.557842,-14.898009,-15.490252,45.236275,-13.071557,0.736379,-0.126923,-4.991137,0.930918,0.084840,32.857426,-45.487957,58.500214,-9.060717,5.167966,-10.319468,-2.606148,-30.398298,37.853062,55.821102,4.935386,7.802515,-9.543102
711.000000,-2380.028320,-1120.739014,76.805382,-1.542839,1.195885,-46.077177,-5.884483,8.505123,20.104975,29.640888,-23.432344,-0.947889,-19.169802,-14.781076,-14.815722,42.027569,-11.506636,0.935171,0.087003,-5.056148,0.800374,1.029069,32.948475,-45.332890,58.401852,-8.654844,5.422030,-10.354737,-3.105579,-30.135920,37.724880,55.756020,4.898527,7.407004,-9.992017
712.000000,-2380.691406,-1121.591187,76.878502,-1.672052,1.138622,-45.752382,-5.703484,9.507703,19.442253,29.390211,-23.009279,-2.020849,-16.343437,-14.263813,-14.243299,38.267872,-10.623161,2.748469,0.314758,-5.165321,0.630342,2.216456,33.017818,-44.978180,58.236786,-8.053311,5.713632,-10.415830,-3.755207,-29.634308,37.442539,55.745331,4.794079,6.847319,-10.480214
713.000000,-2381.380371,-1122.380371,76.974503,-1.911946,1.116567,-45.338752,-5.664486,10.632209,18.660973,29.156710,-22.514183,-3.077832,-14.074447,-12.766088,-14.475989,34.805103,-11.477108,5.534453,0.415923,-5.069283,0.673257,3.202261,32.975666,-44.439667,57.917454,-7.466873,5.946113,-10.421155,-4.413161,-29.023201,37.048740,55.744274,4.692501,6.266611,-10.931935
714.000000,-2382.046875,-1123.093628,77.100861,-2.201800,1.212500,-44.964747,-5.718860,11.681208,17.886686,28.653629,-21.835001,-4.027217,-12.279984,-11.265345,-15.160260,31.661409,-11.842322,6.640993,0.452808,-4.753053,0.734899,3.990521,32.754585,-43.880543,57.426937,-6.893162,6.026775,-10.418493,-4.941266,-28.472519,36.738850,55.744110,4.529217,5.687000,-11.324487
715.000000,-2382.666260,-1123.721558,77.254959,-2.587208,1.396294,-44.742487,-5.790956,12.770833,17.276100,27.948948,-21.053377,-4.885811,-10.887125,-9.742929,-16.136887,28.855803,-12.050876,5.890685,0.583643,-4.115825,0.754699,4.569182,32.222523,-43.232918,57.034336,-6.352410,5.993820,-10.412532,-5.314893,-28.030855,36.522655,55.736404,4.318411,5.178789,-11.624842
716.000000,-2383.221924,-1124.250854,77.395378,-2.866652,1.591300,-44.624653,-5.809937,13.463614,16.944389,27.325418,-20.434099,-5.439519,-10.106232,-8.759099,-16.811323,27.063265,-11.972596,5.376117,0.711009,-3.587475,0.752470,4.850816,31.701321,-42.773926,56.857346,-5.983444,5.905919,-10.407392,-5.514752,-27.755060,36.448845,55.723682,4.160807,4.898530,-11.796077
717.000000,-2383.760498,-1124.729980,77.508583,-2.972977,1.734949,-44.585145,-5.720973,14.146543,16.649899,26.393978,-19.574512,-6.087731,-9.264638,-7.695014,-17.499134,25.029350,-11.847664,4.851435,0.894200,-2.954660,0.773362,5.003588,30.960566,-42.331757,56.735512,-5.479513,5.739269,-10.400027,-5.735779,-27.380320,36.437912,55.722763,3.880491,4.695230,-11.960845
718.000000,-2384.267822,-1125.156494,77.583305,-2.869066,1.850883,-44.596534,-5.546299,14.527243,16.544441,25.444979,-18.725595,-6.602206,-8.576495,-6.910203,-17.843399,23.258583,-11.890043,4.455355,1.059963,-2.491888,0.761552,4.974528,30.294260,-42.094875,56.625622,-4.927189,5.567210,-10.387731,-5.912402,-26.958565,36.455616,55.749912,3.553596,4.620797,-12.052845
719.000000,-2384.739990,-1125.536011,77.615440,-2.554049,1.897857,-44.667355,-5.278776,14.610424,16.632252,24.536179,-17.908798,-7.015524,-7.928997,-6.436975,-17.985146,21.673920,-12.235097,4.123888,1.180507,-2.254266,0.736151,4.835116,29.720091,-41.879925,56.545879,-4.334385,5.383657,-10.356035,-6.017621,-26.484602,36.492641,55.812485,3.307606,4.563192,-12.121791
720.000000,-2385.167725,-1125.863403,77.621216,-2.139590,1.871642,-44.812547,-4.912832,14.497200,16.875822,23.719700,-17.135981,-7.376226,-7.325572,-6.192849,-17.974689,20.305206,-12.793495,3.755418,1.307878,-2.150573,0.697572,4.648725,29.154074,-41.565868,56.506096,-3.396913,5.218982,-10.224316,-6.023718,-25.953049,36.495678,55.886276,3.145931,4.540102,-12.159572
721.000000,-2385.544678,-1126.114014,77.691246,-1.948980,1.714551,-44.933002,-4.572853,14.575802,16.986530,23.157684,-16.520924,-7.605884,-7.082932,-5.940586,-17.948576,19.873417,-12.754906,3.355096,1.359958,-1.804577,0.772364,4.445914,28.629101,-41.340843,56.501972,-2.611409,5.138879,-10.038230,-5.999439,-25.596552,36.496017,55.971973,2.974608,4.537577,-12.167474
722.000000,-2385.895264,-1126.355225,77.822327,-1.620780,1.534077,-44.980493,-4.067228,14.488731,17.123962,22.308796,-15.345136,-7.826085,-6.765503,-5.808727,-17.926836,19.434826,-12.503829,2.938115,1.337494,-1.497303,0.852908,4.186969,28.055431,-41.144264,56.495247,-1.757688,4.976970,-9.805089,-5.780784,-25.072838,36.499729,56.019810,2.707068,4.540030,-12.172205
723.000000,-2386.216797,-1126.585449,77.977982,-1.200942,1.420294,-45.005334,-3.622100,14.184865,17.237463,21.391094,-13.880234,-7.985754,-6.444715,-5.852974,-17.896694,18.875048,-12.196594,2.573289,1.236990,-1.422194,0.786152,4.042694,27.684622,-41.024284,56.423416,-1.176565,4.802198,-9.594612,-5.394567,-24.508884,36.519730,56.020542,2.498734,4.539603,-12.169718
724.000000,-2386.495361,-1126.795288,78.124878,-0.855973,1.252533,-45.045908,-3.080271,13.881677,17.279867,20.402325,-12.464024,-8.100444,-5.962129,-5.824368,-17.853113,18.082306,-11.832254,2.224985,1.158442,-1.367148,0.716218,4.024967,27.548498,-40.955830,56.348446,-0.486692,4.800229,-9.363949,-4.949246,-23.993628,36.560944,56.025127,2.244501,4.537820,-12.164362
725.000000,-2386.752441,-1126.993286,78.263451,-0.601509,1.101593,-44.897110,-2.632317,13.624937,17.096148,19.448574,-11.243559,-8.146871,-5.331966,-5.722164,-18.014528,17.070694,-11.419265,1.933278,0.944534,-1.199800,0.576776,4.070343,27.517830,-40.916210,56.187176,-0.041843,4.801576,-9.205272,-4.414626,-23.657623,36.716831,56.030277,1.997891,4.508764,-12.166705
726.000000,-2386.959229,-1127.138794,78.366974,-0.419480,0.961663,-44.744400,-2.304369,13.440478,16.894238,18.732632,-10.504249,-8.156386,-4.887198,-5.639340,-18.153425,16.376400,-11.147221,1.751573,0.828460,-1.002594,0.466082,4.060280,27.468920,-40.895393,56.038723,0.354558,4.804654,-9.118913,-3.947971,-23.568787,36.876842,56.055618,1.740151,4.465056,-12.214869
727.000000,-2387.130859,-1127.226807,78.435699,-0.274344,0.849651,-44.647434,-1.905321,13.191402,16.566717,17.836056,-9.695428,-8.205771,-4.450834,-5.552074,-18.260872,15.683541,-10.873567,1.541673,0.804283,-0.662051,0.337018,3.963207,27.294333,-40.790947,55.846664,1.179268,4.847910,-8.993049,-3.285280,-23.555973,36.995922,56.249584,1.231968,4.429116,-12.409966
728.000000,-2387.289551,-1127.267334,78.484558,-0.134097,0.739109,-44.575893,-1.562107,12.952066,16.345621,17.075016,-9.092928,-8.212156,-4.199626,-5.538443,-18.306398,15.312356,-10.718858,1.387081,0.813388,-0.297907,0.302396,3.831567,27.037245,-40.550751,55.620468,2.027984,4.946346,-8.843682,-2.712852,-23.572763,37.017735,56.657963,0.712551,4.429333,-12.742970
729.000000,-2387.424805,-1127.273438,78.522758,-0.011844,0.605151,-44.364844,-1.278571,12.660568,15.925622,16.367363,-8.622132,-8.149820,-3.971256,-5.598964,-18.447922,15.074224,-10.629037,1.303730,0.669828,0.052963,0.350981,3.683449,26.730854,-40.321968,55.464386,2.965916,5.018874,-8.673920,-2.234136,-23.569067,37.023296,57.254276,0.127782,4.444320,-13.182885
730.000000,-2387.534180,-1127.255981,78.554008,0.122824,0.438463,-44.076968,-1.020250,12.333989,15.483208,15.750040,-8.190817,-8.090899,-3.734295,-5.753043,-18.673773,14.973850,-10.609310,1.271532,0.377346,0.338600,0.460844,3.506017,26.376192,-40.210541,55.411743,4.037351,5.117911,-8.521592,-1.829220,-23.488945,37.028969,58.147835,-0.620440,4.456631,-13.678935
731.000000,-2387.614502,-1127.228394,78.582680,0.281646,0.285781,-43.830056,-0.805550,12.074353,15.299747,15.298489,-7.858806,-8.061233,-3.602465,-5.922154,-18.810274,15.001273,-10.635621,1.264353,0.185145,0.470442,0.534714,3.376379,26.080648,-40.150101,55.406467,4.787366,5.226843,-8.420417,-1.521816,-23.370913,37.046417,58.986092,-1.227175,4.473690,-14.056903
732.000000,-2387.667969,-1127.194336,78.606033,0.411538,0.175597,-43.689031,-0.519936,11.759712,15.167914,14.699454,-7.462690,-8.042420,-3.506198,-6.124091,-18.902147,15.063274,-10.662100,1.264012,0.052190,0.582869,0.557740,3.262285,25.676075,-40.094677,55.400833,5.624361,5.342209,-8.294957,-1.024245,-23.198797,37.131020,60.062775,-1.947165,4.586769,-14.511813
733.000000,-2387.704346,-1127.152588,78.620140,0.492953,0.089427,-43.662170,-0.230899,11.525265,15.113067,14.157471,-7.187577,-8.036544,-3.471235,-6.246929,-18.880764,15.130847,-10.668868,1.265512,0.076339,0.655680,0.562211,3.214414,25.287954,-40.039120,55.394501,6.266393,5.384305,-8.185925,-0.457258,-23.016674,37.302986,60.958759,-2.490322,4.809765,-14.860307
734.000000,-2387.730713,-1127.101562,78.626907,0.524575,-0.030998,-43.689555,0.089111,11.360663,15.109302,13.666079,-7.027953,-8.020659,-3.414672,-6.301128,-18.810976,15.165791,-10.652958,1.271962,0.145482,0.684302,0.619762,3.206796,24.964281,-40.027859,55.390739,6.754734,5.397227,-8.129914,0.104833,-22.762976,37.438324,61.685150,-2.907434,5.065983,-15.083029
735.000000,-2387.740723,-1127.042969,78.627487,0.509988,-0.148613,-43.819832,0.483686,11.265094,15.211341,13.165720,-6.984164,-7.986973,-3.339695,-6.273417,-18.650393,15.149119,-10.597898,1.286479,0.262471,0.702462,0.690533,3.208477,24.701122,-40.013294,55.390018,7.170320,5.511377,-8.047062,0.641771,-22.401974,37.458214,62.316376,-3.179740,5.313214,-15.196000
736.000000,-2387.737305,-1126.973022,78.625740,0.440466,-0.223894,-43.911504,0.781119,11.235843,15.311064,12.754637,-7.011656,-7.974908,-3.260015,-6.183122,-18.530935,15.017007,-10.476499,1.303020,0.300277,0.735003,0.697747,3.184094,24.564257,-39.998383,55.395218,7.445155,5.748538,-7.949766,1.129349,-21.976017,37.463753,62.819500,-3.360289,5.532568,-15.226146
737.000000,-2387.721191,-1126.879761,78.623550,0.365113,-0.268506,-43.959870,0.970167,11.205182,15.368652,12.443707,-7.070607,-7.972668,-3.204088,-6.114111,-18.462286,14.868925,-10.333911,1.326061,0.253861,0.765064,0.697309,3.113194,24.462795,-40.005459,55.478352,7.585445,5.939136,-7.940304,1.571298,-21.545425,37.493580,63.170872,-3.506699,5.686850,-15.226567
738.000000,-2387.686768,-1126.758057,78.620102,0.275689,-0.287847,-43.966293,1.052512,11.177730,15.417473,12.265708,-7.146261,-7.971728,-3.177924,-6.083191,-18.439672,14.754174,-10.215425,1.356033,0.188632,0.803838,0.696507,3.015608,24.366959,-40.060734,55.623615,7.646904,6.042055,-7.931106,1.893536,-21.260054,37.578304,63.327728,-3.574946,5.761930,-15.204176
739.000000,-2387.628174,-1126.613647,78.612152,0.162335,-0.301476,-43.959944,1.130584,11.152618,15.531224,12.070256,-7.320439,-7.960978,-3.147218,-6.046965,-18.429028,14.590950,-10.044724,1.419351,0.105263,0.909994,0.695730,2.858083,24.197861,-40.235165,55.837471,7.730170,6.162335,-7.899587,2.317976,-20.960257,37.762863,63.404457,-3.601205,5.836394,-15.088604
740.000000,-2387.550049,-1126.452026,78.597130,0.036327,-0.313522,-43.987061,1.227508,11.127186,15.668050,11.876934,-7.594036,-7.927118,-3.141012,-6.014895,-18.387459,14.472552,-9.883805,1.510214,0.050863,1.074931,0.692708,2.725699,23.983374,-40.413948,56.028397,7.821504,6.352405,-7.770048,2.717940,-20.714056,37.966248,63.413692,-3.632195,5.905720,-14.826998
741.000000,-2387.454590,-1126.258423,78.572227,-0.114068,-0.302046,-44.009638,1.257914,11.098302,15.725089,11.764856,-7.969419,-7.858700,-3.211232,-5.999773,-18.330711,14.443489,-9.752023,1.617753,0.023106,1.282695,0.677952,2.621221,23.742702,-40.539230,56.173214,7.966261,6.546584,-7.583710,3.014202,-20.527822,38.202408,63.414124,-3.666746,6.010208,-14.401417
742.000000,-2387.348633,-1126.045166,78.538429,-0.281271,-0.286752,-44.019122,1.252970,11.074970,15.724160,11.712576,-8.319615,-7.783481,-3.295271,-6.000176,-18.297634,14.474771,-9.671190,1.711380,0.006530,1.466888,0.672176,2.557922,23.553913,-40.609005,56.240807,8.110166,6.668436,-7.434284,3.164623,-20.414751,38.373817,63.412926,-3.684424,6.111061,-14.014619
743.000000,-2387.229248,-1125.806763,78.493240,-0.478699,-0.265986,-44.014272,1.247844,11.049269,15.716943,11.623729,-8.861639,-7.659745,-3.442016,-6.003864,-18.261335,14.579044,-9.586326,1.852087,-0.016675,1.743626,0.665487,2.499348,23.297771,-40.679295,56.291512,8.299833,6.793370,-7.228449,3.267025,-20.293764,38.560848,63.411232,-3.713238,6.248151,-13.470822
744.000000,-2387.108643,-1125.569214,78.440918,-0.688474,-0.231831,-43.987739,1.247362,11.029551,15.707765,11.481537,-9.469632,-7.514615,-3.628340,-6.008780,-18.247183,14.747498,-9.528267,2.007878,-0.053114,2.045423,0.646020,2.460995,23.042751,-40.746357,56.315239,8.462148,6.870736,-7.053387,3.283660,-20.206572,38.688164,63.409145,-3.759427,6.354479,-12.948698
745.000000,-2386.984863,-1125.322144,78.406769,-0.770570,-0.232201,-44.012702,1.299851,10.885231,15.729247,11.283849,-9.920778,-7.334851,-3.851934,-6.134801,-18.159975,15.018012,-9.503942,2.183319,-0.051633,2.201288,0.637529,2.427114,22.821609,-40.792419,56.371376,8.580422,6.927104,-6.839029,3.257784,-20.072977,38.758945,63.409840,-3.804438,6.431381,-12.457159
746.000000,-2386.874512,-1125.119141,78.423409,-0.677729,-0.300665,-44.090486,1.393554,10.536963,15.803812,11.204601,-9.904593,-7.119455,-3.915340,-6.437451,-17.963163,15.113391,-9.394197,2.358293,-0.002775,2.035541,0.648076,2.409599,22.762045,-40.798309,56.425060,8.709162,6.950584,-6.593175,3.222803,-19.805363,38.884689,63.414902,-3.882291,6.504680,-12.004235
747.000000,-2386.755859,-1124.929321,78.446274,-0.609561,-0.384095,-44.170369,1.520429,10.235577,15.873017,11.118784,-9.870538,-6.919203,-3.861736,-6.668483,-17.797852,15.028164,-9.214027,2.521918,0.017497,1.868922,0.608306,2.407063,22.735149,-40.804165,56.460789,8.951541,6.976482,-6.410210,3.185416,-19.537308,39.079800,63.420231,-4.018331,6.529497,-11.546905
748.000000,-2386.641602,-1124.761108,78.464767,-0.580934,-0.479393,-44.247447,1.636159,10.047665,15.919213,11.051680,-9.872467,-6.778033,-3.767940,-6.793765,-17.693014,14.890170,-9.055878,2.639860,0.015993,1.762934,0.564520,2.403313,22.698429,-40.810246,56.506939,9.142053,7.003751,-6.276011,3.153584,-19.342833,39.218357,63.424797,-4.135871,6.535369,-11.204515
749.000000,-2386.527344,-1124.596924,78.479889,-0.573726,-0.600363,-44.322959,1.801125,9.837690,15.970407,10.990766,-9.910590,-6.602294,-3.596426,-6.919983,-17.573212,14.663232,-8.839529,2.789700,0.005274,1.642770,0.520813,2.393177,22.627974,-40.816883,56.577904,9.355787,7.028666,-6.078064,3.108667,-19.106068,39.374241,63.431801,-4.296076,6.540874,-10.770867
750.000000,-2386.422119,-1124.443970,78.492210,-0.570123,-0.725656,-44.380276,1.967788,9.645452,16.004074,10.958179,-9.969793,-6.431180,-3.395817,-7.032368,-17.473989,14.424032,-8.628769,2.938380,-0.021737,1.528819,0.503891,2.366201,22.529078,-40.843739,56.675762,9.525638,7.040783,-5.853280,3.050422,-18.890678,39.509468,63.461967,-4.405766,6.546982,-10.364446
751.000000,-2386.326660,-1124.301270,78.503128,-0.566439,-0.839801,-44.420223,2.114504,9.458481,16.012987,10.929486,-10.023005,-6.266298,-3.200903,-7.144598,-17.401951,14.194169,-8.431835,3.080957,-0.077846,1.414635,0.503843,2.318075,22.397451,-40.920597,56.815544,9.651626,7.063144,-5.609148,2.959385,-18.695259,39.628033,63.545803,-4.430212,6.570276,-10.001782
752.000000,-2386.233398,-1124.160156,78.514664,-0.571920,-0.950326,-44.447775,2.241291,9.289944,16.008631,10.915095,-10.078906,-6.104390,-2.994479,-7.239019,-17.355726,13.929927,-8.220446,3.213104,-0.126284,1.315639,0.518187,2.235167,22.210144,-40.982388,57.021885,9.784592,7.113597,-5.357306,2.865463,-18.533932,39.740074,63.627640,-4.475396,6.654587,-9.669672
753.000000,-2386.142090,-1124.019409,78.526566,-0.581192,-1.044906,-44.472864,2.330377,9.149474,15.999545,10.909058,-10.126089,-5.963104,-2.818612,-7.313589,-17.328556,13.674534,-8.020281,3.323119,-0.137564,1.240189,0.530915,2.109201,22.020800,-40.991905,57.255302,9.932046,7.197622,-5.128085,2.795593,-18.420366,39.823593,63.690014,-4.556718,6.770796,-9.414039
754.000000,-2386.056641,-1123.887695,78.537361,-0.589308,-1.118542,-44.500129,2.413183,8.986444,15.991258,10.906883,-10.179378,-5.801466,-2.634929,-7.400593,-17.296097,13.378113,-7.784992,3.448177,-0.142344,1.167086,0.545223,1.956576,21.780478,-40.998943,57.520741,10.109976,7.298893,-4.905881,2.699703,-18.344957,39.894058,63.785950,-4.685297,6.942931,-9.193938
755.000000,-2385.978760,-1123.763794,78.547096,-0.600638,-1.155046,-44.577638,2.449363,8.887684,16.010361,10.910836,-10.217528,-5.698117,-2.549657,-7.444826,-17.241879,13.183098,-7.619687,3.524594,-0.126370,1.129584,0.545903,1.856362,21.635668,-41.046307,57.701511,10.175911,7.342141,-4.740197,2.619138,-18.326998,39.965580,63.838543,-4.723124,7.081663,-9.042227
756.000000,-2385.914307,-1123.648071,78.556923,-0.613449,-1.151864,-44.665746,2.450489,8.779020,16.058979,10.928236,-10.263885,-5.571037,-2.495766,-7.478275,-17.140602,12.921499,-7.389763,3.610726,-0.093695,1.089591,0.545400,1.717120,21.498358,-41.176510,57.961781,10.176572,7.364282,-4.500483,2.470696,-18.327772,40.158001,63.878624,-4.719711,7.290390,-8.845376
757.000000,-2385.862061,-1123.540649,78.567276,-0.623091,-1.119605,-44.726084,2.397337,8.671760,16.070864,10.938476,-10.287169,-5.446964,-2.471907,-7.513220,-17.083723,12.652839,-7.160310,3.686836,-0.076968,1.042041,0.549954,1.545073,21.361126,-41.337334,58.286125,10.168369,7.438237,-4.299870,2.294469,-18.330091,40.396431,63.886616,-4.712642,7.510784,-8.669425
758.000000,-2385.816895,-1123.442261,78.577545,-0.634470,-1.072746,-44.774927,2.327785,8.584319,16.070248,10.942409,-10.299694,-5.343419,-2.465100,-7.537254,-17.049950,12.409772,-6.955807,3.746171,-0.059106,1.002368,0.557943,1.396209,21.241791,-41.475159,58.547005,10.160893,7.583641,-4.125817,2.117028,-18.329496,40.606071,63.889294,-4.707325,7.705583,-8.528114
759.000000,-2385.779297,-1123.351074,78.584084,-0.647012,-1.030128,-44.805773,2.209911,8.498882,16.048647,11.017366,-10.345070,-5.227878,-2.474989,-7.568218,-17.028530,12.180263,-6.750191,3.807435,-0.028777,0.960309,0.586408,1.213906,21.112909,-41.603470,58.785583,10.159010,7.812163,-3.954298,1.892161,-18.328558,40.864319,63.911007,-4.704223,7.943062,-8.369674
760.000000,-2385.742920,-1123.270752,78.588043,-0.656057,-0.993653,-44.830882,2.130734,8.446360,16.026024,11.088245,-10.386893,-5.157424,-2.489134,-7.594303,-17.019917,12.072414,-6.642593,3.843985,-0.002628,0.929323,0.612395,1.102149,21.043938,-41.695152,58.866482,10.160881,8.000186,-3.873133,1.745648,-18.327850,41.039337,63.928680,-4.701102,8.109689,-8.256531
761.000000,-2385.707520,-1123.207397,78.590378,-0.654017,-0.957555,-44.844344,2.045644,8.369033,15.989732,11.140975,-10.424557,-5.076490,-2.526243,-7.639550,-17.013025,11.984504,-6.540474,3.886574,0.010774,0.884960,0.615692,1.001715,20.998632,-41.864578,58.878685,10.159864,8.207903,-3.790436,1.575417,-18.327980,41.267525,63.933403,-4.698824,8.312665,-8.108312
762.000000,-2385.676514,-1123.148682,78.587372,-0.647931,-0.860461,-44.878940,1.882670,8.299988,15.955159,11.257802,-10.490571,-5.002744,-2.680497,-7.704000,-16.989029,12.035062,-6.504323,3.919170,0.039432,0.849491,0.553747,0.871164,20.981218,-42.092655,58.880859,10.159653,8.377482,-3.724312,1.413772,-18.342491,41.548595,63.936440,-4.709059,8.527768,-7.945831
763.000000,-2385.663574,-1123.078247,78.578941,-0.636076,-0.713039,-44.987608,1.627131,8.266797,15.975869,11.481674,-10.597701,-4.942823,-2.975967,-7.760115,-16.891266,12.206957,-6.503162,3.936325,0.140071,0.835249,0.498736,0.668036,20.938276,-42.272629,58.884583,10.168492,8.540568,-3.710052,1.185940,-18.383247,41.801506,63.936680,-4.799635,8.750690,-7.738666
764.000000,-2385.667236,-1123.001709,78.570831,-0.619303,-0.574193,-45.135964,1.318392,8.230774,16.039803,11.743103,-10.711393,-4.873782,-3.373250,-7.821740,-16.734287,12.434700,-6.494637,3.951068,0.299737,0.826049,0.501174,0.336712,20.845034,-42.368122,58.889439,10.231399,8.718843,-3.701126,0.791397,-18.477974,42.020466,63.929008,-4.994169,9.000445,-7.470515
765.000000,-2385.691162,-1122.931519,78.565987,-0.615947,-0.440090,-45.289262,1.113034,8.225550,16.099739,11.895637,-10.761842,-4.846615,-3.652738,-7.839247,-16.622673,12.572078,-6.468943,3.948609,0.411238,0.825362,0.526897,0.059817,20.792805,-42.423031,58.893967,10.298490,8.804227,-3.696558,0.388415,-18.565693,42.144341,63.915672,-5.080808,9.131061,-7.293994
766.000000,-2385.740967,-1122.873657,78.565910,-0.632782,-0.312284,-45.436033,0.860437,8.257781,16.155270,12.052862,-10.786705,-4.839677,-3.988574,-7.815815,-16.527559,12.707915,-6.400067,3.913810,0.522366,0.832672,0.574508,-0.366347,20.787247,-42.569901,58.941681,10.312854,8.855344,-3.690789,-0.331580,-18.700277,42.390530,63.900890,-5.104897,9.278408,-7.105695
767.000000,-2385.811523,-1122.837769,78.569092,-0.676871,-0.237387,-45.565489,0.649358,8.348639,16.191881,12.209791,-10.802104,-4.848963,-4.248181,-7.731080,-16.496668,12.789916,-6.292492,3.829939,0.603781,0.862860,0.659284,-0.852471,20.813889,-42.794624,59.082138,10.308314,8.876296,-3.683276,-1.204711,-18.846546,42.674767,63.888836,-5.112454,9.348199,-7.018770
768.000000,-2385.900146,-1122.828125,78.571335,-0.753297,-0.144604,-45.694431,0.427481,8.506123,16.205950,12.429604,-10.849088,-4.881612,-4.444670,-7.586747,-16.535494,12.805200,-6.172660,3.690048,0.659171,0.919125,0.704411,-1.311324,20.873970,-43.092464,59.279385,10.245632,8.883023,-3.674525,-2.045202,-18.994610,42.951996,63.831959,-5.108167,9.355246,-7.011844
769.000000,-2386.010986,-1122.849121,78.564964,-0.813868,-0.054908,-45.856097,0.138400,8.737944,16.239992,12.760219,-10.939670,-4.959756,-4.662543,-7.404338,-16.819139,12.792065,-6.091683,3.478868,0.757981,0.973935,0.716573,-1.844326,20.970673,-43.506538,59.568653,10.060072,8.895457,-3.665314,-3.036181,-19.176958,43.264439,63.686619,-5.066526,9.350343,-7.048015
770.000000,-2386.145752,-1122.893555,78.557930,-0.935925,0.079530,-46.188059,-0.172179,9.092731,16.390503,13.159309,-11.077266,-5.112291,-5.056852,-7.136554,-16.976471,13.017920,-6.039593,3.142598,1.010611,1.084914,0.666911,-2.290141,21.081131,-43.972252,59.731045,9.679017,8.993937,-3.657490,-3.879203,-19.462170,43.749462,63.316021,-4.886791,9.342567,-7.160892
771.000000,-2386.313232,-1122.965820,78.539223,-1.091315,0.193782,-46.422320,-0.603847,9.584891,16.485302,13.828968,-11.329428,-5.304213,-5.373157,-6.797814,-17.468311,13.150827,-6.009610,2.802602,1.196805,1.227769,0.653333,-2.643037,21.303211,-44.443932,59.647404,9.213557,9.080993,-3.656934,-4.714239,-19.843845,44.304852,62.679897,-4.668367,9.310513,-7.223969
772.000000,-2386.531494,-1123.063232,78.506264,-1.301076,0.335467,-46.626940,-1.237163,10.208020,16.474333,14.803591,-11.695231,-5.530245,-5.642889,-6.359152,-17.997757,13.159739,-5.971427,2.399662,1.242420,1.414943,0.653266,-2.949577,21.604729,-44.847118,59.403805,8.840908,9.097912,-3.694014,-5.599910,-20.207357,44.717548,62.044300,-4.309901,9.182903,-7.281859
773.000000,-2386.783691,-1123.174805,78.473999,-1.585616,0.472432,-46.916748,-1.836693,10.931077,16.510914,15.766628,-12.053350,-5.802293,-5.896078,-5.814856,-18.476543,13.118125,-5.850320,1.934244,1.400659,1.682576,0.698773,-3.324981,21.812683,-45.138214,59.243877,8.571879,9.096994,-3.748556,-6.419793,-20.530386,45.137646,61.558208,-3.930157,9.013693,-7.353944
774.000000,-2387.071533,-1123.320679,78.446045,-1.864587,0.647649,-47.220512,-2.373507,11.640552,16.558434,16.548958,-12.309420,-6.096637,-6.162753,-5.258146,-18.950123,13.063246,-5.714317,1.449815,1.604885,1.938419,0.724760,-3.708406,21.950047,-45.302925,59.197868,8.385207,9.050951,-3.802088,-7.155138,-20.762875,45.534489,61.215668,-3.642101,8.828200,-7.413291
775.000000,-2387.401855,-1123.519653,78.406761,-2.031148,0.849060,-47.381941,-2.983047,12.375585,16.502895,17.253126,-12.469487,-6.446692,-6.431236,-4.647710,-19.503799,12.909380,-5.665671,0.946636,1.755235,2.112100,0.722292,-4.098433,22.148756,-45.355625,59.167187,8.206698,8.891723,-3.874158,-7.909328,-20.865660,45.859425,60.954887,-3.339128,8.567472,-7.504698
776.000000,-2387.750000,-1123.748169,78.355560,-2.148968,1.158128,-47.440181,-3.682096,12.964025,16.318319,17.853333,-12.573166,-6.772730,-6.734947,-4.117103,-19.776707,12.713264,-5.799095,0.547603,1.774064,2.194349,0.615017,-4.389113,22.374733,-45.424179,59.123646,8.059493,8.681052,-3.984872,-8.467301,-20.893536,46.067699,60.708645,-3.067460,8.324824,-7.601559
777.000000,-2388.110596,-1123.985962,78.319145,-2.305097,1.486714,-47.374599,-4.440430,13.616796,15.995136,18.319864,-12.559233,-7.159758,-7.170270,-3.530116,-20.044300,12.696765,-5.852339,0.046951,1.654739,2.394650,0.517963,-4.553272,22.709438,-45.503853,58.837097,7.996518,8.480201,-4.154177,-8.897800,-20.995159,46.100101,60.290581,-2.761188,8.129636,-7.616068
778.000000,-2388.521973,-1124.265015,78.283653,-2.420694,1.812917,-47.220873,-5.058596,14.134448,15.621590,18.544630,-12.392495,-7.534194,-7.577738,-3.058704,-20.343063,12.801466,-5.976751,-0.453992,1.460627,2.553483,0.489643,-4.648780,23.109682,-45.593624,58.484142,7.856461,8.283121,-4.326981,-9.176002,-21.206841,46.103233,59.785648,-2.615179,7.924142,-7.619473
779.000000,-2388.960938,-1124.573730,78.247986,-2.449103,2.097224,-47.013045,-5.538073,14.537273,15.262918,18.587416,-12.133611,-7.884220,-7.961537,-2.688233,-20.626871,13.001796,-6.175494,-0.907588,1.294165,2.653778,0.489789,-4.775487,23.445488,-45.645653,58.277069,7.689653,8.129449,-4.498627,-9.333147,-21.510216,46.103569,59.326214,-2.579461,7.678497,-7.622029
780.000000,-2389.412598,-1124.887817,78.204361,-2.458322,2.427177,-46.665116,-6.163552,14.939557,14.720558,18.579494,-11.758981,-8.267389,-8.449473,-2.330026,-21.068233,13.315994,-6.486498,-1.407661,1.074876,2.756518,0.449168,-5.033447,23.734383,-45.716320,58.165169,7.497004,8.060595,-4.724847,-9.389350,-22.023628,46.103764,58.895863,-2.565239,7.411553,-7.639542
781.000000,-2389.880371,-1125.188843,78.153709,-2.446853,2.738698,-46.376344,-6.856447,15.348737,14.164529,18.605221,-11.364888,-8.636170,-9.009047,-1.983345,-21.520433,13.707282,-6.832377,-1.928365,0.892752,2.875139,0.427804,-5.427559,23.976940,-45.908657,58.031170,7.287745,8.056608,-5.003542,-9.399508,-22.610708,46.102764,58.602070,-2.548902,7.298145,-7.732392
782.000000,-2390.388916,-1125.483032,78.101120,-2.364929,3.022991,-46.122395,-7.527192,15.715165,13.765897,18.650921,-10.899951,-8.934899,-9.637433,-1.702675,-21.873093,14.204868,-7.206342,-2.437321,0.812692,2.962386,0.492395,-6.003747,24.075993,-46.090298,58.004715,7.047141,8.061140,-5.270947,-9.399104,-23.254084,46.100948,58.537575,-2.479117,7.240675,-7.907487
783.000000,-2390.922852,-1125.768555,78.042961,-2.180709,3.417311,-45.863083,-8.347245,15.985666,13.594234,18.896093,-10.393923,-9.108105,-10.436910,-1.608690,-22.169638,14.916117,-7.643042,-2.893985,0.712611,2.956472,0.488824,-6.543431,24.128853,-46.195374,57.908314,6.867383,8.062044,-5.478173,-9.325373,-23.915972,46.097492,58.534607,-2.401438,7.231914,-8.077737
784.000000,-2391.472900,-1126.051514,77.990372,-1.856656,3.695852,-45.598487,-9.238187,16.171253,13.587445,19.231125,-9.643594,-9.224697,-11.420002,-1.709181,-22.479687,16.051390,-8.301168,-3.436612,0.537806,2.794632,0.623629,-7.121335,24.264948,-46.224194,57.544601,6.775602,8.057545,-5.660232,-9.096391,-24.766932,45.869026,58.518925,-2.159774,7.226550,-8.260196
785.000000,-2392.012451,-1126.343506,77.945114,-1.482157,3.927741,-45.334578,-9.858679,16.301983,13.915305,19.646383,-9.155894,-9.046901,-12.048774,-1.846706,-22.689400,16.832745,-8.754402,-3.814411,0.390168,2.627509,0.703635,-7.428055,24.380428,-46.157925,57.115273,6.763376,8.055649,-5.768940,-8.753179,-25.359442,45.478249,58.508148,-1.902210,7.226344,-8.397041
786.000000,-2392.517334,-1126.621460,77.906181,-1.105494,4.130796,-44.990630,-10.793419,16.542936,14.736826,20.612484,-8.718256,-8.394793,-12.773342,-2.044486,-23.015072,17.722166,-9.287107,-4.295151,0.168256,2.403989,0.744501,-7.806268,24.450630,-45.919395,56.448288,6.752255,8.056685,-5.945388,-8.111360,-26.114931,44.831814,58.498409,-1.690873,7.237899,-8.581387
787.000000,-2393.020996,-1126.875488,77.868835,-0.631130,4.320254,-44.587824,-12.064241,16.541138,15.392049,22.732607,-8.844053,-7.271738,-13.502983,-2.417874,-23.425304,18.696564,-9.853884,-4.749371,-0.245917,2.116101,0.753700,-8.269451,24.482380,-45.749851,55.737465,6.668831,8.050487,-6.209195,-7.388323,-26.874405,44.158123,58.422436,-1.602885,7.280672,-8.705071
788.000000,-2393.470947,-1127.088257,77.830612,-0.164303,4.419778,-44.426054,-13.131876,16.131750,16.198944,26.178448,-10.369828,-5.939838,-14.120899,-2.791557,-23.607327,19.620312,-10.341051,-5.160724,-0.487741,1.855794,0.803241,-8.745391,24.520050,-45.719872,55.050110,6.426222,7.907613,-6.511127,-6.672479,-27.656742,43.547390,58.235535,-1.325753,7.317515,-8.800099
789.000000,-2393.829346,-1127.292847,77.788864,0.069703,4.523639,-44.232709,-13.991403,15.183076,16.974825,30.530708,-12.161455,-4.445561,-14.622043,-2.976318,-23.892559,20.301111,-10.736979,-5.596364,-0.871009,1.819249,0.672027,-9.170880,24.524702,-45.698372,54.286579,6.032934,7.613934,-6.806144,-5.677763,-28.696745,42.874054,57.959877,-0.818685,7.353168,-8.893977
790.000000,-2394.124023,-1127.477417,77.732597,0.108983,4.568575,-43.908268,-14.383844,14.252254,17.184532,33.591877,-12.817445,-3.419409,-14.769382,-2.946096,-24.302576,20.553513,-10.947472,-5.856147,-1.350697,1.999966,0.542565,-9.397248,24.537756,-45.697464,53.696846,5.571460,7.416404,-6.950828,-4.850414,-29.546141,42.490028,57.591606,-0.359842,7.399194,-8.959201
791.000000,-2394.439209,-1127.669434,77.641876,0.033830,4.598883,-43.461666,-14.552362,12.961001,17.672670,36.802746,-15.041903,-2.506752,-14.945761,-2.842109,-24.905600,20.903988,-11.260993,-6.179543,-2.057054,2.230662,0.376072,-9.706198,24.651461,-45.707523,52.843998,4.772156,7.214830,-7.104849,-3.689542,-30.592207,42.074108,57.073219,0.217397,7.546238,-9.064169
792.000000,-2394.736572,-1127.829224,77.507591,-0.122365,4.605221,-43.141812,-14.318189,11.481079,18.296665,39.580269,-16.057919,-1.736995,-15.183599,-2.659056,-25.491726,21.473928,-11.690777,-6.490729,-2.659401,2.532548,0.314058,-10.085893,24.867300,-45.734650,51.684635,3.905824,7.122003,-7.252473,-2.506542,-31.650692,41.754822,56.503502,0.844112,7.805490,-9.124542
793.000000,-2395.056885,-1127.976318,77.334869,-0.291129,4.579626,-42.893411,-13.757024,9.969048,19.003139,41.370987,-17.021841,-1.238718,-15.534728,-2.478546,-25.902597,22.248318,-12.189082,-6.788862,-3.042215,2.740314,0.349177,-10.512793,25.136742,-45.742596,50.643116,3.266516,6.895942,-7.326272,-1.489623,-32.459713,41.464302,56.147385,1.326241,8.055671,-9.145874
794.000000,-2395.376465,-1128.114258,77.162750,-0.440529,4.492211,-42.654457,-12.757478,7.948353,19.927448,42.504967,-18.251038,-0.799743,-15.943257,-2.285064,-26.378239,23.284075,-12.844169,-7.175528,-3.587260,2.824954,0.528851,-11.159751,25.407572,-45.728409,50.081764,2.573137,6.414831,-7.355989,-0.401699,-33.053474,40.900249,56.062637,1.808825,8.345264,-9.152735
795.000000,-2395.726318,-1128.272949,76.979462,-0.551787,4.383798,-42.602678,-11.563975,5.756979,20.504549,42.333149,-19.484766,-0.519507,-16.330505,-2.068433,-26.600800,24.229630,-13.413204,-7.570314,-3.980080,2.693730,0.725781,-11.686618,25.617334,-45.737831,50.098263,1.758060,5.983190,-7.361844,0.472616,-33.323578,40.578999,56.175297,2.449250,8.637098,-9.167417
796.000000,-2396.077393,-1128.450439,76.798943,-0.596862,4.315326,-42.716433,-10.267138,3.512633,20.982712,41.061871,-20.242853,-0.170900,-16.800373,-1.834052,-26.623781,25.178215,-13.946144,-7.979047,-4.250275,2.378687,0.846122,-11.929514,25.857796,-45.750546,50.236481,0.924680,5.700330,-7.372243,1.247585,-33.395390,40.545574,56.443531,3.121057,8.865191,-9.169766
797.000000,-2396.448975,-1128.645264,76.611099,-0.689332,4.359115,-42.704726,-9.366100,1.978519,21.336485,39.511280,-20.535547,0.199651,-17.211325,-1.641778,-26.743307,25.857412,-14.334476,-8.303349,-4.559824,2.090216,0.850120,-11.962008,26.049038,-45.792770,50.354618,0.472413,5.591465,-7.400412,1.897591,-33.355045,40.556038,56.574417,3.532540,9.074039,-9.161548
798.000000,-2396.851318,-1128.841919,76.433762,-0.703673,4.501761,-42.718189,-8.512698,0.510017,21.661015,37.412849,-21.118649,1.008970,-17.799278,-1.409226,-26.902655,26.607033,-14.742843,-8.702680,-4.857161,1.653313,0.798301,-11.966856,26.284006,-45.969337,50.504391,0.100403,5.542221,-7.469348,2.728791,-33.239300,40.639511,56.580040,3.967276,9.359536,-9.116598
799.000000,-2397.326904,-1129.050781,76.269058,-0.624878,4.682578,-42.788728,-7.672713,-0.616439,22.056509,34.968327,-21.977438,2.578549,-18.592123,-1.174664,-26.972076,27.439116,-15.146184,-9.189894,-5.048099,0.907486,0.772304,-11.970109,26.574686,-46.269531,50.769863,-0.265132,5.513319,-7.572398,3.659140,-32.977188,40.845821,56.476006,4.435255,9.717165,-8.981343
800.000000,-2397.822021,-1129.246704,76.129494,-0.443829,4.922290,-42.892268,-7.236972,-1.001150,21.917150,33.151398,-22.988491,3.569458,-19.409458,-1.021578,-26.948380,28.096998,-15.406891,-9.566120,-5.110005,0.084570,0.717674,-11.908954,26.796112,-46.429462,51.087288,-0.561416,5.500725,-7.745048,4.428590,-32.645931,40.951157,56.338619,4.588181,9.923133,-8.744128
801.000000,-2398.330566,-1129.413940,76.011620,-0.192088,5.163342,-42.980109,-7.161991,-1.319187,21.445528,31.945684,-23.634933,4.490234,-20.228943,-0.969447,-26.890282,28.705217,-15.576489,-9.897445,-5.230596,-0.761465,0.689753,-11.692610,27.005363,-46.444763,51.335346,-0.802140,5.495889,-7.960042,4.982209,-32.271717,40.885357,56.321987,4.510875,9.988119,-8.492849
802.000000,-2398.836426,-1129.550049,75.898354,0.054465,5.337856,-43.128706,-7.232812,-1.397498,21.456036,31.205927,-24.077591,5.178059,-20.982637,-0.911258,-26.796846,29.264719,-15.667345,-10.234876,-5.393230,-1.518048,0.696235,-11.389551,27.174589,-46.446651,51.654995,-1.049032,5.489082,-8.202588,5.364676,-31.923164,40.779564,56.320137,4.267963,10.002676,-8.305491
803.000000,-2399.324951,-1129.654175,75.781067,0.250412,5.420113,-43.359382,-7.349586,-1.276951,21.733009,30.883293,-24.671354,5.243895,-21.647696,-0.795795,-26.639181,29.832233,-15.706588,-10.464711,-5.454712,-2.107048,0.732260,-11.068108,27.228239,-46.444561,52.078472,-1.250548,5.477314,-8.415189,5.659258,-31.633066,40.679077,56.342140,3.709446,10.008931,-8.143431
804.000000,-2399.784668,-1129.725342,75.671616,0.379569,5.505996,-43.713057,-7.500328,-1.120998,21.981119,30.788059,-25.118803,5.230511,-22.192101,-0.649801,-26.396454,30.300329,-15.645642,-10.458957,-5.415299,-2.430278,0.686594,-10.776875,27.216181,-46.443878,52.411686,-1.349036,5.469464,-8.543881,5.827175,-31.445297,40.628185,56.378674,3.175998,10.017935,-8.038486
805.000000,-2400.252930,-1129.747803,75.578812,0.377980,5.590093,-44.161501,-7.762997,-0.798289,22.291397,30.759390,-25.719044,5.171795,-23.092484,-0.353864,-25.788778,31.196253,-15.445708,-9.706470,-5.255288,-2.675710,0.616764,-10.416656,27.159134,-46.446629,52.917381,-1.478806,5.425019,-8.694240,5.915309,-31.234402,40.624111,56.472839,2.591378,10.032678,-7.910111
806.000000,-2400.735352,-1129.725708,75.524384,0.201047,5.555612,-44.459852,-8.029446,-0.293435,22.376791,30.865637,-26.325951,5.062301,-24.042698,0.088341,-24.853003,32.349693,-15.168549,-7.658052,-5.196673,-2.681032,0.699589,-10.226340,27.073730,-46.450592,53.649002,-1.659745,5.308891,-8.818387,5.779615,-30.989786,40.624622,56.711594,2.271637,10.036839,-7.805050
807.000000,-2401.257568,-1129.688599,75.522545,-0.171868,5.486827,-44.869774,-8.205959,0.504045,22.464088,30.929270,-26.897219,4.799282,-24.991175,0.709789,-24.043743,33.513184,-14.370157,-5.123087,-5.118640,-2.562357,0.904107,-10.194356,27.029968,-46.447014,54.590263,-1.816947,5.194972,-8.870708,5.486722,-30.612097,40.662605,57.023670,2.103274,10.075158,-7.741312
808.000000,-2401.789307,-1129.666626,75.559288,-0.829462,5.427286,-45.295513,-8.230339,1.687214,22.819935,30.631628,-27.560268,4.473286,-26.147011,1.666638,-23.275509,34.861019,-12.793056,-3.258567,-4.755034,-2.206778,0.988451,-10.172978,27.028824,-46.406193,55.498131,-2.226568,5.034229,-8.856714,5.329680,-30.226994,40.730896,57.083485,1.800515,10.192094,-7.692437
809.000000,-2402.340332,-1129.689087,75.623383,-1.142041,5.240975,-45.306993,-8.145910,2.579114,22.977715,30.241575,-27.828976,4.126484,-27.167538,1.682345,-23.254953,36.997116,-12.388897,-2.422104,-4.627629,-2.154253,1.086098,-10.112560,27.178879,-46.382061,56.319515,-2.651883,4.807467,-8.766856,5.270610,-29.734896,40.742424,56.953827,1.473240,10.341114,-7.635182
810.000000,-2402.834961,-1129.776123,75.758484,-0.968687,4.969503,-45.368456,-7.899776,2.846083,23.216684,29.863422,-27.154495,3.751016,-27.604954,0.045103,-23.169760,39.831478,-12.961996,-2.332185,-4.350007,-2.688218,1.090708,-9.844490,27.323925,-46.395115,57.106792,-3.043044,4.579595,-8.444556,5.270109,-29.163786,40.762341,56.773586,1.376177,10.527678,-7.534614
811.000000,-2403.227783,-1129.903320,75.965157,-0.976351,4.826812,-45.416505,-7.651025,3.093507,23.368429,29.325296,-26.526951,3.467009,-27.601925,-1.506763,-22.847273,41.673656,-14.220097,-2.348008,-4.099697,-2.851120,0.908556,-9.408510,27.308792,-46.410152,57.580711,-3.227110,4.476313,-8.080383,5.252017,-28.825115,40.763245,56.677387,1.400344,10.651879,-7.441097
812.000000,-2403.546387,-1130.061157,76.236183,-1.222690,4.633411,-45.311016,-7.180928,3.558294,23.318304,28.361675,-25.653152,3.081125,-27.013832,-3.674734,-22.047598,43.352730,-15.856546,-2.369104,-3.910781,-2.655707,0.650329,-8.631580,27.146824,-46.414082,57.967342,-3.266458,4.451859,-7.562220,5.194154,-28.510458,40.720619,56.594734,1.498582,10.727847,-7.365493
813.000000,-2403.830811,-1130.268799,76.552643,-1.544255,4.384340,-45.240306,-6.422476,4.080033,23.192141,27.020874,-24.679428,2.678801,-25.775801,-5.828886,-20.985817,44.037136,-16.970369,-2.287879,-3.704650,-2.225452,0.446793,-7.780965,26.893175,-46.417282,58.227509,-3.273931,4.450780,-7.113798,5.126106,-28.241739,40.618374,56.587330,1.617059,10.739425,-7.356265
814.000000,-2404.127197,-1130.536865,76.877762,-1.803464,4.140118,-45.244831,-5.457349,4.527872,23.170153,25.334690,-23.583889,2.269567,-24.123016,-7.853478,-19.841467,43.704788,-17.487663,-1.962442,-3.353167,-1.883161,0.254340,-6.955303,26.731537,-46.420044,58.351418,-3.269466,4.470039,-6.786839,5.048440,-27.914270,40.600304,56.600147,1.648677,10.743116,-7.356604
815.000000,-2404.459473,-1130.848389,77.172127,-1.966580,3.900015,-45.162288,-4.448533,4.862105,23.063993,23.519722,-22.413477,1.850573,-22.086304,-9.660968,-18.666485,42.321815,-17.467419,-1.327318,-3.056911,-1.721171,0.159994,-6.222373,26.715319,-46.405033,58.356716,-3.268117,4.489506,-6.512005,4.914748,-27.475155,40.598843,56.638142,1.651993,10.692766,-7.357753
816.000000,-2404.844482,-1131.226318,77.441940,-2.074662,3.581086,-44.864643,-3.431241,5.136655,22.727409,21.793455,-21.286098,1.389244,-19.483150,-11.001470,-17.693602,39.449577,-16.546869,-0.323080,-2.944024,-1.682870,0.264836,-5.583783,26.778254,-46.345303,58.305149,-3.242743,4.529480,-6.233978,4.767066,-26.953869,40.587196,56.796017,1.608710,10.465845,-7.359781
817.000000,-2405.255615,-1131.653320,77.649422,-2.090390,3.313179,-44.565569,-2.721851,5.329430,22.428524,20.584555,-20.481163,0.980583,-17.375803,-11.623542,-16.903622,36.674915,-15.256695,0.456695,-2.904109,-1.771941,0.361572,-5.102113,26.881594,-46.251862,58.250317,-3.191305,4.573639,-6.039592,4.686260,-26.496685,40.582512,56.966843,1.516654,10.224670,-7.361703
818.000000,-2405.706543,-1132.147461,77.794304,-2.056867,3.118259,-44.257399,-2.012358,5.638896,22.042477,19.346125,-19.606352,0.373592,-14.690737,-12.036041,-16.059731,32.879810,-12.783198,1.345578,-2.795559,-1.980330,0.406943,-4.488428,27.000084,-46.052666,58.240608,-2.990384,4.668667,-5.789044,4.688049,-25.901600,40.579876,57.145962,1.311301,9.920071,-7.365570
819.000000,-2406.186035,-1132.689331,77.869820,-1.946231,3.009325,-44.054290,-1.586182,6.017662,21.706600,18.623739,-19.011522,-0.306030,-12.280786,-12.004292,-15.560017,29.359789,-9.701072,2.415151,-2.655491,-2.294050,0.343172,-3.861575,27.128185,-45.862484,58.240707,-2.524521,4.858346,-5.519198,4.809514,-25.330048,40.580872,57.177395,1.001103,9.660121,-7.373298
820.000000,-2406.704590,-1133.231201,77.928474,-1.816296,2.859706,-44.007779,-1.224650,6.479829,21.509581,18.126202,-18.516851,-1.022704,-10.412436,-11.220243,-15.501320,26.310831,-9.713075,4.595207,-2.411055,-2.597435,0.394004,-3.276804,27.173628,-45.555687,58.245308,-1.913432,5.141885,-5.187678,4.863672,-24.753654,40.579578,57.227200,0.573042,9.408636,-7.419852
821.000000,-2407.216797,-1133.729980,77.990257,-1.758346,2.756905,-44.129456,-0.909631,6.990335,21.461374,17.680998,-18.040922,-1.698153,-9.018950,-10.485811,-16.196844,23.904026,-9.804541,6.047492,-2.075551,-2.673042,0.492294,-2.707754,26.953272,-45.057072,58.250637,-1.214382,5.452012,-4.788330,4.799893,-24.229574,40.574318,57.403866,-0.078639,9.278082,-7.564046
822.000000,-2407.687012,-1134.152466,78.064140,-1.826583,2.717401,-44.170286,-0.756373,7.603859,21.320181,17.336521,-17.577726,-2.311253,-7.966595,-9.623198,-16.902971,21.922091,-9.914419,5.843375,-1.858027,-2.425761,0.585600,-2.195301,26.454821,-44.428692,58.312401,-0.577022,5.719381,-4.378105,4.617987,-23.741667,40.569027,57.733284,-0.867584,9.255102,-7.746615
823.000000,-2408.144531,-1134.534302,78.149948,-1.941822,2.740410,-44.130229,-0.713715,8.196901,21.080263,16.960283,-17.070108,-2.849094,-7.218323,-8.832831,-17.681288,20.364897,-9.774563,5.436139,-1.740680,-1.959160,0.622578,-1.795089,25.760406,-43.792892,58.430653,-0.085438,5.887914,-4.024836,4.443743,-23.341465,40.562862,58.079136,-1.612445,9.253903,-7.918040
824.000000,-2408.543701,-1134.846680,78.226021,-1.947965,2.753609,-44.106856,-0.630989,8.510933,20.907740,16.547838,-16.610231,-3.197969,-6.826484,-8.371365,-18.170443,19.490444,-9.632582,5.181284,-1.627683,-1.611558,0.641869,-1.557949,25.211494,-43.337868,58.500923,0.200371,5.932767,-3.803621,4.354990,-23.106644,40.535675,58.246696,-2.094415,9.255723,-8.011489
825.000000,-2408.966553,-1135.158569,78.290802,-1.805919,2.744330,-44.088400,-0.438978,8.677200,20.537617,15.828177,-15.877011,-3.604789,-6.454384,-7.968390,-18.647959,18.642271,-9.596297,4.879756,-1.490148,-1.273208,0.644497,-1.288189,24.511978,-42.812332,58.592739,0.580651,5.930739,-3.527477,4.246854,-22.795458,40.439156,58.425789,-2.671027,9.258171,-8.123513
826.000000,-2409.367676,-1135.430054,78.323700,-1.572241,2.706563,-44.123601,-0.204265,8.659654,20.066843,15.100145,-15.189375,-3.942619,-6.220744,-7.752224,-18.979147,18.111418,-9.775082,4.607222,-1.343711,-1.047851,0.631631,-1.154387,23.856915,-42.513702,58.826340,0.953958,5.917849,-3.261320,4.102990,-22.495319,40.316929,58.618320,-3.151311,9.262670,-8.280826
827.000000,-2409.754639,-1135.675415,78.323074,-1.220417,2.663962,-44.190406,0.012080,8.497693,19.711702,14.476512,-14.552651,-4.236300,-5.976568,-7.676001,-19.177155,17.549639,-10.230301,4.373342,-1.120649,-0.967255,0.576427,-1.130355,23.225771,-42.401031,59.184296,1.148901,5.910791,-2.954668,3.958605,-22.233105,40.270287,58.731735,-3.549242,9.306255,-8.536229
828.000000,-2410.152832,-1135.905762,78.282394,-0.744488,2.621696,-44.262281,0.158276,8.208497,19.446335,14.000811,-14.037920,-4.483687,-5.706490,-7.726046,-19.263195,16.920135,-10.956425,4.158655,-0.947970,-1.040717,0.488541,-1.127455,22.712185,-42.392197,59.502678,1.203567,5.908256,-2.667490,3.787063,-22.019167,40.263130,58.748428,-3.769152,9.350386,-8.818527
829.000000,-2410.537354,-1136.093140,78.235397,-0.374253,2.517601,-44.347473,0.264419,8.005462,19.286058,13.727480,-13.752305,-4.654459,-5.512121,-7.764612,-19.266829,16.505693,-11.548138,3.948812,-0.848036,-1.094871,0.457205,-1.126158,22.366253,-42.390831,59.708542,1.221350,5.906061,-2.456442,3.612435,-21.872145,40.257595,58.773346,-3.967711,9.362907,-9.042447
830.000000,-2410.890137,-1136.237915,78.277206,-0.302130,2.294719,-44.314636,0.511679,8.132772,18.944311,13.355570,-13.300615,-4.872475,-5.344580,-7.508414,-19.327219,16.405216,-11.563458,3.541320,-0.835291,-0.706300,0.583948,-1.193236,21.849277,-42.386662,60.110565,1.331290,5.907025,-2.002306,3.329270,-21.703089,40.202026,58.917522,-4.405342,9.384916,-9.376509
831.000000,-2411.220459,-1136.390015,78.365883,-0.102447,2.083990,-44.256127,0.762802,8.122974,18.628681,12.928432,-12.443594,-5.062893,-5.107698,-7.383521,-19.408850,16.207848,-11.373879,3.191938,-0.836229,-0.521737,0.622443,-1.260639,21.607712,-42.372311,60.461243,1.390434,5.906026,-1.651582,3.214129,-21.417850,40.123806,59.066196,-4.864587,9.427409,-9.715491
832.000000,-2411.532715,-1136.542969,78.470894,0.172158,1.878809,-44.242934,1.036132,7.984247,18.371964,12.463488,-11.383633,-5.238892,-4.814524,-7.347224,-19.414385,15.853956,-11.148488,2.861836,-0.785892,-0.527845,0.565196,-1.255594,21.537802,-42.363503,60.700176,1.437993,5.903203,-1.437974,3.198765,-21.069439,40.101444,59.216255,-5.257019,9.492069,-10.017861
833.000000,-2411.823730,-1136.681274,78.566589,0.440957,1.641635,-44.243218,1.322300,7.830863,18.103704,12.054750,-10.386949,-5.389860,-4.471850,-7.322784,-19.404982,15.459053,-10.949937,2.561408,-0.773950,-0.570909,0.490245,-1.160135,21.527330,-42.363338,60.897808,1.472528,5.904381,-1.317494,3.199238,-20.723885,40.039948,59.350777,-5.558449,9.574111,-10.222377
834.000000,-2412.080078,-1136.791382,78.637932,0.590463,1.407828,-44.112231,1.484875,7.783722,17.658857,11.876835,-9.686670,-5.515160,-4.036418,-7.221828,-19.543825,14.966977,-10.749287,2.300154,-0.965978,-0.482720,0.403129,-0.932649,21.519718,-42.451714,60.975521,1.483011,5.953115,-1.253621,3.200799,-20.464970,39.958603,59.417259,-5.764187,9.680926,-10.357100
835.000000,-2412.306885,-1136.860229,78.683151,0.667281,1.199682,-43.980456,1.552919,7.793650,17.278671,11.816314,-9.327943,-5.594141,-3.742975,-7.114522,-19.666317,14.632226,-10.618804,2.122277,-1.137988,-0.330622,0.336131,-0.743812,21.468754,-42.570564,60.979378,1.548017,6.040207,-1.239566,3.205170,-20.335949,39.920055,59.431904,-5.866769,9.779046,-10.451026
836.000000,-2412.502197,-1136.884644,78.708145,0.697728,1.012265,-43.851732,1.611662,7.822969,16.794001,11.782767,-9.011019,-5.681824,-3.439807,-6.986268,-19.815220,14.322136,-10.492013,1.921886,-1.304503,-0.077617,0.310019,-0.576331,21.290220,-42.675339,60.979214,1.704625,6.222816,-1.235958,3.214983,-20.225554,39.872364,59.439541,-5.997254,9.924320,-10.552342
837.000000,-2412.696045,-1136.878540,78.719559,0.697808,0.837848,-43.698796,1.624774,7.875416,16.360228,11.776894,-8.832149,-5.753283,-3.235130,-6.873970,-19.981627,14.154266,-10.408064,1.753830,-1.458551,0.211517,0.319884,-0.499470,21.078167,-42.712276,60.982868,1.880464,6.465118,-1.172497,3.217811,-20.132202,39.771667,59.453426,-6.200758,10.089587,-10.592427
838.000000,-2412.871094,-1136.850098,78.719963,0.692166,0.693382,-43.642742,1.662849,7.925998,16.099327,11.716936,-8.725442,-5.810318,-3.172733,-6.789836,-20.057125,14.168475,-10.380661,1.611869,-1.515048,0.466141,0.336751,-0.492099,20.935316,-42.714905,60.987076,2.087456,6.705386,-1.135551,3.218898,-20.018118,39.635017,59.505943,-6.387362,10.248887,-10.599936
839.000000,-2413.025391,-1136.800537,78.713493,0.697608,0.553794,-43.664949,1.738387,7.953721,15.978467,11.630332,-8.666368,-5.843811,-3.221714,-6.748169,-20.027658,14.340879,-10.400032,1.498114,-1.473556,0.675536,0.351439,-0.476318,20.778343,-42.713558,60.986675,2.301504,6.888696,-1.136160,3.218293,-19.889894,39.527203,59.625145,-6.480454,10.400776,-10.599463
840.000000,-2413.158691,-1136.739258,78.702789,0.707409,0.438417,-43.650665,1.760424,7.948279,15.767505,11.599120,-8.643194,-5.865882,-3.327729,-6.759607,-20.014824,14.617904,-10.464839,1.407168,-1.451331,0.821913,0.357081,-0.479409,20.652777,-42.707645,60.982555,2.612343,7.043317,-1.125702,3.213569,-19.745367,39.500843,59.788548,-6.565041,10.561826,-10.540818
841.000000,-2413.282715,-1136.657227,78.690628,0.709730,0.332935,-43.634148,1.762059,7.930765,15.579887,11.576913,-8.639582,-5.880891,-3.420635,-6.779402,-20.004593,14.826899,-10.508801,1.354796,-1.433441,0.907995,0.358385,-0.479909,20.559227,-42.706142,60.980671,2.867195,7.146165,-1.119647,3.211198,-19.650873,39.498371,59.897129,-6.663754,10.691684,-10.425080
842.000000,-2413.383789,-1136.563110,78.681084,0.688442,0.228705,-43.617667,1.779853,7.911743,15.361960,11.512036,-8.647409,-5.897802,-3.508454,-6.786514,-19.996510,15.015422,-10.517436,1.305162,-1.412710,1.013736,0.368294,-0.487386,20.457403,-42.702290,60.979652,3.165734,7.281928,-1.102172,3.206604,-19.556492,39.495758,59.998470,-6.804480,10.860393,-10.190586
843.000000,-2413.471191,-1136.454102,78.670441,0.657569,0.134961,-43.625687,1.809391,7.897085,15.204085,11.435874,-8.677083,-5.908169,-3.582310,-6.783658,-19.974009,15.154750,-10.493954,1.271985,-1.347388,1.102081,0.376562,-0.509420,20.345125,-42.701088,60.980255,3.500656,7.443916,-1.101572,3.203431,-19.483198,39.496006,60.097240,-6.882078,10.998360,-9.895265
844.000000,-2413.542480,-1136.340088,78.656296,0.616647,0.012515,-43.626975,1.881983,7.881590,15.087042,11.342606,-8.748873,-5.908220,-3.646097,-6.786489,-19.938581,15.326554,-10.482991,1.248483,-1.246893,1.161150,0.421239,-0.552902,20.229254,-42.701195,60.967167,3.909434,7.615613,-1.104625,3.198840,-19.399475,39.501957,60.222492,-6.879733,11.092239,-9.574585
845.000000,-2413.598633,-1136.212646,78.635384,0.553796,-0.136108,-43.598184,2.007946,7.859743,14.907399,11.214664,-8.882495,-5.899185,-3.663355,-6.792228,-19.936527,15.514805,-10.486350,1.238708,-1.195320,1.216820,0.480264,-0.619437,20.133709,-42.701385,60.947483,4.284216,7.785598,-1.105653,3.196261,-19.326324,39.558784,60.373051,-6.750243,11.130786,-9.177280
846.000000,-2413.636719,-1136.069824,78.606819,0.461545,-0.281849,-43.569030,2.133399,7.848291,14.695035,11.094460,-9.096601,-5.881260,-3.690407,-6.788620,-19.938454,15.719918,-10.493677,1.240204,-1.150128,1.293305,0.520474,-0.690745,20.020700,-42.702583,60.945194,4.642950,7.925878,-1.105895,3.195222,-19.280107,39.659077,60.544659,-6.535381,11.141696,-8.755146
847.000000,-2413.659912,-1135.907227,78.569313,0.331241,-0.392814,-43.562045,2.209491,7.859050,14.557324,11.009678,-9.320820,-5.858675,-3.747810,-6.770805,-19.931160,15.891100,-10.496053,1.245869,-1.093767,1.373369,0.536000,-0.753812,19.924398,-42.703434,60.948391,4.944005,8.010632,-1.103323,3.194227,-19.256920,39.758411,60.684410,-6.436641,11.146802,-8.444580
848.000000,-2413.671631,-1135.727783,78.521553,0.148208,-0.461131,-43.562575,2.276959,7.916412,14.417586,10.882663,-9.713442,-5.812596,-3.879193,-6.706705,-19.923176,16.117826,-10.483115,1.258025,-0.985806,1.525425,0.540752,-0.854539,19.773300,-42.704357,60.956532,5.353538,8.085259,-1.087023,3.189393,-19.249979,39.931530,60.856812,-6.406155,11.153233,-8.055157
849.000000,-2413.672852,-1135.525757,78.459534,-0.100512,-0.499452,-43.547798,2.331298,8.024366,14.284206,10.701522,-10.226598,-5.750471,-4.055343,-6.590569,-19.938328,16.350435,-10.458443,1.278560,-0.884490,1.738390,0.545446,-0.964140,19.606823,-42.704563,60.966320,5.707211,8.118317,-1.063978,3.170363,-19.247454,40.070663,61.019276,-6.391243,11.158774,-7.692665
850.000000,-2413.680420,-1135.318237,78.419319,-0.230369,-0.560701,-43.536592,2.363384,8.062877,14.175727,10.546148,-10.646552,-5.656986,-4.244656,-6.555159,-19.948790,16.611462,-10.434024,1.317237,-0.804712,1.853258,0.591483,-1.084141,19.476034,-42.704044,60.990356,6.021550,8.136537,-1.037800,3.110879,-19.177959,40.177105,61.217514,-6.380266,11.163136,-7.360547
851.000000,-2413.687012,-1135.140503,78.429810,-0.194867,-0.636223,-43.582363,2.361334,7.889660,14.174955,10.534664,-10.615515,-5.508404,-4.336706,-6.710645,-19.850943,16.705254,-10.307248,1.370750,-0.696185,1.684832,0.647401,-1.203213,19.470564,-42.700100,61.063431,6.295729,8.158216,-1.030831,3.001110,-19.028631,40.201180,61.482750,-6.363775,11.177462,-7.183242
852.000000,-2413.677246,-1134.977783,78.449333,-0.191028,-0.702307,-43.664903,2.366719,7.756993,14.218205,10.540481,-10.564466,-5.368076,-4.334386,-6.788043,-19.732706,16.576399,-10.074910,1.425683,-0.587752,1.549021,0.637586,-1.258668,19.478355,-42.698662,61.126831,6.480741,8.201759,-0.997967,2.910803,-18.948374,40.229137,61.702633,-6.369324,11.189048,-6.981467
853.000000,-2413.656738,-1134.819458,78.469154,-0.221945,-0.778797,-43.762504,2.384872,7.696728,14.261331,10.556211,-10.555826,-5.272161,-4.274752,-6.791449,-19.647602,16.377390,-9.862459,1.467385,-0.519029,1.476127,0.618972,-1.262447,19.473043,-42.701107,61.154507,6.554807,8.236898,-0.968945,2.867120,-18.915295,40.264572,61.828243,-6.396579,11.193254,-6.837770
854.000000,-2413.634277,-1134.674316,78.486885,-0.270839,-0.860797,-43.823683,2.404797,7.641614,14.289177,10.605913,-10.570021,-5.154240,-4.145288,-6.772290,-19.576160,16.062153,-9.574840,1.524067,-0.467145,1.390854,0.603564,-1.262407,19.463985,-42.703888,61.174927,6.624103,8.283980,-0.951036,2.841528,-18.870659,40.290230,61.957947,-6.461365,11.194251,-6.682014
855.000000,-2413.612061,-1134.539307,78.503105,-0.324112,-0.942912,-43.868562,2.412868,7.603441,14.287451,10.679926,-10.598647,-5.045778,-3.984068,-6.739788,-19.543671,15.716077,-9.287464,1.580342,-0.456295,1.305908,0.590677,-1.264737,19.483343,-42.702579,61.181484,6.713079,8.326922,-0.943714,2.836859,-18.782190,40.301136,62.089203,-6.527391,11.191333,-6.562443
856.000000,-2413.589355,-1134.416870,78.516701,-0.368794,-1.010484,-43.921738,2.419764,7.564095,14.291043,10.750463,-10.631247,-4.943882,-3.842514,-6.711308,-19.502687,15.398833,-9.020765,1.633957,-0.446208,1.221506,0.578216,-1.267048,19.500441,-42.700211,61.185966,6.807012,8.357660,-0.934587,2.831799,-18.693762,40.304390,62.231407,-6.610394,11.188833,-6.519434
857.000000,-2413.566895,-1134.298340,78.530220,-0.405891,-1.063531,-43.991449,2.435860,7.516076,14.307860,10.777188,-10.648048,-4.847567,-3.734025,-6.687050,-19.442373,15.109880,-8.769175,1.683402,-0.433731,1.135091,0.563345,-1.270360,19.507921,-42.694866,61.188751,6.976698,8.392194,-0.923351,2.801582,-18.575788,40.306343,62.412537,-6.815496,11.185729,-6.442345
858.000000,-2413.545898,-1134.188599,78.543983,-0.440894,-1.104367,-44.053700,2.447007,7.470062,14.321342,10.782454,-10.650378,-4.765059,-3.642123,-6.664765,-19.393280,14.839405,-8.540957,1.726662,-0.431959,1.053947,0.552980,-1.272542,19.506554,-42.668491,61.187836,7.199050,8.407759,-0.915516,2.742074,-18.452980,40.304836,62.611523,-7.050085,11.184396,-6.418996
859.000000,-2413.526123,-1134.086182,78.557190,-0.473850,-1.137301,-44.108854,2.451118,7.418143,14.328362,10.788156,-10.649189,-4.672019,-3.536975,-6.637756,-19.347643,14.519989,-8.278008,1.774606,-0.430639,0.953418,0.543490,-1.276154,19.505474,-42.596416,61.184086,7.488504,8.417002,-0.911791,2.666112,-18.298523,40.302170,62.848972,-7.328292,11.183700,-6.404390
860.000000,-2413.506348,-1133.990234,78.567688,-0.504032,-1.157830,-44.211076,2.449526,7.390549,14.361961,10.802841,-10.656511,-4.610703,-3.491900,-6.613332,-19.286299,14.325139,-8.107444,1.802381,-0.386398,0.884472,0.532804,-1.295109,19.504961,-42.561646,61.199699,7.610471,8.421566,-0.908011,2.621678,-18.217266,40.349628,62.974766,-7.458377,11.184827,-6.360900
861.000000,-2413.482178,-1133.901123,78.576210,-0.533958,-1.193389,-44.308508,2.456218,7.361070,14.424613,10.847501,-10.686285,-4.533209,-3.433352,-6.579083,-19.183966,14.091999,-7.901274,1.842088,-0.290092,0.809748,0.531408,-1.335293,19.497036,-42.560902,61.266071,7.635678,8.427215,-0.887671,2.564796,-18.185293,40.496330,63.090755,-7.503882,11.190796,-6.264348
862.000000,-2413.450928,-1133.821289,78.583824,-0.561022,-1.251847,-44.368329,2.493479,7.320890,14.438568,10.879783,-10.716877,-4.461852,-3.323115,-6.560788,-19.129557,13.868419,-7.726570,1.890219,-0.235393,0.740935,0.530120,-1.350490,19.481998,-42.575233,61.379620,7.645311,8.436267,-0.849229,2.513682,-18.180206,40.664528,63.184143,-7.521138,11.197607,-6.141855
863.000000,-2413.418213,-1133.749634,78.588173,-0.583901,-1.295503,-44.426640,2.519804,7.284693,14.446001,10.927778,-10.759033,-4.400759,-3.243981,-6.555774,-19.082422,13.721530,-7.602074,1.927732,-0.171719,0.678030,0.514114,-1.351570,19.446774,-42.627743,61.513733,7.649620,8.467801,-0.824665,2.487159,-18.178581,40.844345,63.228123,-7.525554,11.211849,-6.024020
864.000000,-2413.389648,-1133.677490,78.590988,-0.613039,-1.301929,-44.499778,2.477458,7.259146,14.460471,11.045877,-10.836019,-4.329385,-3.217975,-6.542871,-19.014801,13.576459,-7.455444,1.960830,-0.057827,0.616840,0.486327,-1.360383,19.415535,-42.701748,61.638794,7.645414,8.556158,-0.799906,2.441761,-18.192604,41.075634,63.272205,-7.471848,11.263739,-5.929806
865.000000,-2413.368896,-1133.608643,78.593605,-0.648420,-1.255016,-44.570525,2.336853,7.260812,14.472156,11.220250,-10.929320,-4.265667,-3.254534,-6.510298,-18.958670,13.412922,-7.297194,1.985277,0.071812,0.575390,0.450665,-1.362876,19.383909,-42.768818,61.725811,7.635906,8.684792,-0.794182,2.396143,-18.224577,41.245770,63.280605,-7.324986,11.324787,-5.814793
866.000000,-2413.354980,-1133.542847,78.598007,-0.680602,-1.197052,-44.625115,2.190749,7.258255,14.467548,11.354085,-10.991301,-4.209542,-3.296649,-6.479867,-18.930166,13.238651,-7.138901,2.004675,0.185032,0.519033,0.444660,-1.362661,19.360025,-42.816830,61.805374,7.625210,8.849478,-0.791832,2.326395,-18.233168,41.370110,63.283237,-7.189539,11.382777,-5.703875
867.000000,-2413.344238,-1133.483887,78.602837,-0.711548,-1.119764,-44.663464,2.064412,7.256056,14.452319,11.445886,-11.028501,-4.168911,-3.339218,-6.457297,-18.922928,13.103920,-7.019493,2.016993,0.263880,0.471418,0.439138,-1.361233,19.345337,-42.862404,61.852982,7.617955,9.001251,-0.792257,2.270037,-18.235146,41.463989,63.283630,-7.112963,11.433004,-5.629944
868.000000,-2413.333008,-1133.428955,78.606941,-0.744336,-1.040174,-44.699419,1.903366,7.259469,14.432693,11.570887,-11.080598,-4.121170,-3.392708,-6.426614,-18.916933,12.943457,-6.878890,2.030398,0.362564,0.422447,0.437104,-1.360117,19.313704,-42.886074,61.902889,7.611801,9.206589,-0.795028,2.190541,-18.235733,41.561031,63.283127,-7.033458,11.489319,-5.546680
869.000000,-2413.319092,-1133.378662,78.610291,-0.783157,-0.963457,-44.696151,1.697255,7.268135,14.377139,11.746894,-11.155942,-4.065995,-3.436462,-6.389311,-18.939095,12.742243,-6.715920,2.046576,0.445050,0.386301,0.433961,-1.358063,19.263460,-42.922329,61.942654,7.606347,9.471913,-0.801383,2.081747,-18.235043,41.645439,63.281288,-6.959000,11.540879,-5.454047
870.000000,-2413.298828,-1133.334717,78.612228,-0.828469,-0.904347,-44.723840,1.530874,7.288507,14.329560,11.922457,-11.242814,-4.029321,-3.449434,-6.341919,-18.948496,12.555246,-6.576741,2.060995,0.486504,0.381848,0.431264,-1.347591,19.228336,-43.049244,61.950958,7.605530,9.717072,-0.827626,1.966472,-18.233892,41.670406,63.281036,-6.927730,11.561975,-5.347748
871.000000,-2413.274658,-1133.302734,78.612022,-0.873786,-0.861841,-44.781771,1.409892,7.322959,14.322248,12.096432,-11.345457,-4.005184,-3.454936,-6.279715,-18.913815,12.395605,-6.459847,2.072870,0.516652,0.388015,0.421240,-1.312749,19.216307,-43.221825,61.953747,7.606709,9.931859,-0.897531,1.841215,-18.232811,41.679878,63.283039,-6.908357,11.570504,-5.228979
872.000000,-2413.253418,-1133.281982,78.610153,-0.896808,-0.806498,-44.882236,1.321432,7.343315,14.356606,12.212903,-11.426964,-3.983860,-3.519530,-6.234818,-18.834217,12.328887,-6.391586,2.075968,0.564819,0.369179,0.386645,-1.273629,19.216747,-43.356785,61.956955,7.601294,10.134278,-0.993884,1.700110,-18.231800,41.772583,63.310562,-6.887311,11.577538,-5.110648
873.000000,-2413.244141,-1133.271484,78.607254,-0.920333,-0.748241,-45.010070,1.248520,7.374874,14.412704,12.307420,-11.496344,-3.971511,-3.606611,-6.183337,-18.737095,12.302534,-6.345241,2.065861,0.612414,0.319587,0.370029,-1.266441,19.255234,-43.468170,61.959206,7.534997,10.295292,-1.100661,1.521918,-18.231903,41.973125,63.358353,-6.823376,11.583000,-4.983006
874.000000,-2413.248779,-1133.273926,78.603378,-0.948887,-0.645633,-45.134948,1.127219,7.427195,14.461951,12.431722,-11.570118,-3.968385,-3.725574,-6.116104,-18.643862,12.276578,-6.301350,2.047092,0.628355,0.246674,0.330454,-1.265544,19.353598,-43.555309,61.945217,7.372543,10.404252,-1.247364,1.342380,-18.233448,42.157505,63.381748,-6.729933,11.584962,-4.841692
875.000000,-2413.267578,-1133.284668,78.598427,-0.968403,-0.535590,-45.270779,0.955038,7.499082,14.511914,12.585183,-11.647577,-3.975571,-3.905541,-6.030744,-18.532867,12.276855,-6.264857,2.005824,0.618677,0.108804,0.294123,-1.275967,19.586138,-43.574703,61.845940,7.054530,10.469666,-1.480127,1.113795,-18.247095,42.273109,63.383450,-6.570005,11.572777,-4.668435
876.000000,-2413.295654,-1133.299072,78.588768,-1.017228,-0.351321,-45.426506,0.677189,7.613358,14.566433,12.841289,-11.770258,-3.994320,-4.170962,-5.925887,-18.423849,12.321331,-6.237954,1.934642,0.630541,-0.035194,0.213936,-1.312168,19.908159,-43.576389,61.663990,6.701314,10.486700,-1.727828,0.931556,-18.337759,42.297344,63.300968,-6.375834,11.542354,-4.533198
877.000000,-2413.337402,-1133.307983,78.575478,-1.092656,-0.177016,-45.639327,0.293784,7.824579,14.672963,13.289145,-11.985742,-4.035345,-4.476935,-5.742913,-18.275032,12.327594,-6.164804,1.835287,0.716761,-0.140399,0.176271,-1.411361,20.328037,-43.572819,61.375278,6.266153,10.486606,-2.006377,0.772843,-18.579094,42.302040,62.984150,-6.270829,11.479471,-4.454037
878.000000,-2413.381348,-1133.321045,78.561691,-1.195609,-0.074601,-45.898270,0.011267,8.062356,14.798560,13.738070,-12.216957,-4.093785,-4.655550,-5.522482,-18.117207,12.248950,-6.059923,1.745627,0.841577,-0.194966,0.218513,-1.553187,20.718618,-43.562145,61.152607,5.872913,10.456503,-2.275932,0.620430,-18.907280,42.303486,62.592472,-6.243869,11.353788,-4.433936
879.000000,-2413.419678,-1133.352783,78.549828,-1.299841,-0.017191,-46.121966,-0.223170,8.342171,14.915452,14.203879,-12.470299,-4.176617,-4.747746,-5.244937,-17.961807,12.082572,-5.931708,1.648167,0.973672,-0.248557,0.264381,-1.697254,21.162764,-43.476658,60.934288,5.490514,10.411326,-2.576526,0.442772,-19.367338,42.305954,62.080872,-6.182938,11.175509,-4.426845
880.000000,-2413.456787,-1133.413940,78.537636,-1.424203,0.006005,-46.252311,-0.397922,8.626245,14.914274,14.631427,-12.704881,-4.287769,-4.706645,-4.966990,-17.938787,11.880195,-5.840665,1.530969,1.082562,-0.308378,0.264237,-1.726762,21.583179,-43.208130,60.688168,5.346629,10.316099,-2.840609,0.360403,-19.844975,42.306355,61.505810,-6.118117,11.003292,-4.428437
881.000000,-2413.501709,-1133.502075,78.519897,-1.559711,0.011170,-46.288369,-0.555440,8.871895,14.847724,15.021356,-12.915405,-4.385435,-4.648647,-4.750875,-17.999197,11.767055,-5.821162,1.427784,1.142507,-0.366779,0.236837,-1.663773,21.951994,-42.987457,60.435452,5.331881,10.237522,-3.027410,0.325556,-20.202202,42.270245,61.044231,-6.106297,10.876540,-4.433422
882.000000,-2413.565918,-1133.617065,78.493431,-1.696743,-0.019812,-46.404623,-0.726256,9.234168,14.789968,15.579556,-13.222569,-4.538877,-4.585950,-4.454988,-18.053551,11.742520,-5.873219,1.275735,1.225975,-0.484838,0.225960,-1.402637,22.624607,-42.733894,59.797169,5.328592,10.156739,-3.265499,0.249512,-20.717979,42.188641,60.313530,-6.082441,10.701242,-4.464567
883.000000,-2413.650879,-1133.742065,78.461273,-1.857707,-0.038094,-46.599580,-0.893956,9.649866,14.846445,16.172672,-13.549049,-4.719392,-4.585313,-4.115107,-18.002056,11.757485,-5.924270,1.108379,1.399337,-0.603421,0.222741,-1.069807,23.343565,-42.497974,59.022324,5.328003,10.113187,-3.474027,0.113327,-21.299183,42.180237,59.487019,-5.975211,10.495664,-4.563126
884.000000,-2413.759521,-1133.876221,78.429123,-2.010423,-0.030285,-46.778448,-1.127205,10.158657,14.892933,16.852654,-13.904569,-4.946135,-4.611697,-3.692804,-17.959959,11.756217,-5.978394,0.901168,1.580730,-0.784542,0.217663,-0.679640,24.216372,-42.124557,58.157787,5.319127,10.037192,-3.699662,-0.153188,-22.115698,42.172958,58.421707,-5.694965,10.147783,-4.746887
885.000000,-2413.904297,-1134.012817,78.398430,-2.087936,0.042272,-46.875833,-1.397006,10.523674,14.864282,17.312704,-14.094287,-5.146483,-4.810255,-3.421597,-17.986591,11.971253,-6.138791,0.684716,1.619984,-1.076933,0.212255,-0.428344,25.060146,-41.907833,57.522594,5.090368,9.926684,-3.845617,-0.586791,-22.977489,42.161495,57.422970,-5.240251,9.747929,-5.012327
886.000000,-2414.083008,-1134.157349,78.372169,-2.135795,0.119954,-46.839139,-1.607157,10.749594,14.755255,17.560200,-14.153828,-5.304008,-4.982502,-3.270052,-18.099413,12.198027,-6.299492,0.501229,1.546390,-1.372000,0.246047,-0.338245,25.714266,-41.893490,57.193554,4.731223,9.835857,-3.928386,-1.042056,-23.617476,42.159603,56.780792,-4.850427,9.429727,-5.309037
887.000000,-2414.292725,-1134.329468,78.346077,-2.198415,0.229009,-46.789843,-1.920781,11.086298,14.560573,17.870539,-14.203090,-5.546169,-5.202908,-3.028270,-18.307981,12.448012,-6.493802,0.229234,1.495565,-1.826325,0.298997,-0.319052,26.563847,-41.892216,56.925861,4.140041,9.725363,-4.009382,-1.746775,-24.448666,42.161514,56.166214,-4.145372,8.993525,-5.842001
888.000000,-2414.513672,-1134.530029,78.320244,-2.302800,0.355682,-46.761132,-2.225811,11.464240,14.406354,18.168249,-14.262000,-5.791924,-5.352291,-2.711441,-18.478876,12.495159,-6.587220,-0.023151,1.513648,-2.236206,0.307538,-0.288340,27.305683,-41.896027,56.760986,3.653509,9.637714,-4.079526,-2.373592,-25.135828,42.163956,55.777885,-3.347197,8.665835,-6.380533
889.000000,-2414.730957,-1134.746704,78.290794,-2.443046,0.501822,-46.778559,-2.628097,12.004251,14.227224,18.597967,-14.376371,-6.117385,-5.475040,-2.226731,-18.671192,12.386582,-6.626822,-0.345761,1.619875,-2.683598,0.284853,-0.223176,28.137981,-41.899673,56.593685,3.140220,9.572307,-4.163008,-2.990458,-25.925106,42.167171,55.372864,-2.392966,8.352020,-7.045802
890.000000,-2414.947754,-1134.964233,78.248695,-2.655044,0.648726,-46.782797,-3.113681,12.634865,14.020184,19.222534,-14.600351,-6.475258,-5.574089,-1.665839,-18.860264,12.229445,-6.639083,-0.703551,1.730746,-2.960634,0.270304,-0.203337,28.787621,-42.026283,56.552120,2.630720,9.554685,-4.216265,-3.383353,-26.729362,42.172161,54.749538,-1.629806,8.204906,-7.581810
891.000000,-2415.155518,-1135.167847,78.200493,-2.852621,0.873414,-46.749992,-3.618327,13.133522,13.805861,19.791683,-14.797668,-6.744935,-5.744551,-1.241997,-19.044140,12.171294,-6.680270,-0.980881,1.745297,-3.119310,0.212095,-0.181755,29.230606,-42.138222,56.512875,2.244334,9.552127,-4.298522,-3.614859,-27.412655,42.173798,54.082218,-1.194925,8.114829,-7.914936
892.000000,-2415.398438,-1135.395020,78.148849,-3.036315,1.107851,-46.696416,-4.285123,13.751071,13.494126,20.463610,-14.991766,-7.093689,-5.997665,-0.720832,-19.323509,12.131350,-6.760918,-1.338512,1.750075,-3.324583,0.204491,-0.175858,29.767946,-42.154522,56.407001,1.781395,9.522555,-4.470522,-3.865372,-28.434898,42.161411,53.000397,-0.801620,7.959368,-8.281764
893.000000,-2415.637695,-1135.624390,78.099312,-3.206176,1.344857,-46.683058,-4.707512,14.165118,13.309190,20.853098,-15.087860,-7.335744,-6.169079,-0.361312,-19.499458,12.082091,-6.806179,-1.587490,1.785694,-3.443604,0.204286,-0.178039,30.083693,-42.150753,56.394810,1.460184,9.465522,-4.605959,-4.014056,-29.182539,42.144333,52.205727,-0.573686,7.844831,-8.497365
894.000000,-2415.904541,-1135.882812,78.043732,-3.371961,1.615614,-46.660634,-5.361055,14.811888,13.036274,21.425560,-15.218762,-7.709020,-6.458565,0.204715,-19.760683,12.013783,-6.883198,-1.978356,1.900413,-3.599427,0.195963,-0.180299,30.532846,-42.140202,56.390686,0.984450,9.384338,-4.817197,-4.262739,-30.391035,42.136997,51.025986,-0.223539,7.643354,-8.828175
895.000000,-2416.177979,-1136.138672,77.991211,-3.468205,1.850663,-46.617001,-5.912016,15.327692,12.765825,21.829365,-15.263105,-8.031306,-6.758986,0.651501,-20.008926,12.058865,-7.018360,-2.326902,1.966287,-3.771247,0.215515,-0.183715,30.931952,-42.118816,56.389027,0.499859,9.348939,-5.013045,-4.610388,-31.550680,42.133411,50.025139,0.166283,7.474796,-9.086615
896.000000,-2416.456543,-1136.388428,77.940941,-3.548018,2.023613,-46.505510,-6.371432,15.769963,12.453612,22.136858,-15.241323,-8.334106,-7.010187,1.032353,-20.288054,12.173466,-7.196362,-2.675547,1.975947,-3.970547,0.311420,-0.238188,31.289549,-42.077641,56.385231,0.117579,9.341539,-5.276202,-5.115095,-32.753933,42.128887,49.124222,0.338616,7.310926,-9.317423
897.000000,-2416.743408,-1136.635620,77.887527,-3.614408,2.181823,-46.449588,-6.795919,16.208853,12.176008,22.435707,-15.203864,-8.637711,-7.269450,1.405339,-20.529037,12.336742,-7.382494,-3.037706,2.092407,-4.170619,0.400509,-0.383509,31.582121,-42.066730,56.306362,-0.020905,9.340325,-5.589428,-5.684572,-33.940422,42.128578,48.397621,0.516748,7.153966,-9.612400
898.000000,-2417.045654,-1136.877319,77.839439,-3.638919,2.322316,-46.243124,-7.223601,16.544584,11.883383,22.724863,-15.088466,-8.887701,-7.492870,1.662462,-20.838900,12.529917,-7.579848,-3.353392,2.060854,-4.400621,0.494056,-0.511724,31.845961,-42.064541,56.117542,-0.176246,9.331625,-5.847294,-6.306655,-34.962967,42.127476,47.813290,0.610034,7.009983,-9.831045
899.000000,-2417.349121,-1137.115723,77.807213,-3.581577,2.447213,-45.952955,-7.602092,16.783686,11.701050,22.918894,-14.858261,-9.100781,-7.692155,1.804376,-21.181282,12.751481,-7.792083,-3.637277,1.910788,-4.690030,0.576790,-0.606595,32.099754,-42.066185,55.931534,-0.358908,9.259295,-6.081007,-6.932745,-35.864807,42.123600,47.374588,0.639438,6.786314,-9.989464
900.000000,-2417.669678,-1137.373535,77.779182,-3.433952,2.584108,-45.914706,-7.881098,17.039291,11.910279,22.932816,-14.457123,-9.361194,-8.042664,1.896908,-21.412891,13.178830,-8.103185,-3.992375,1.886215,-5.156466,0.602306,-0.668006,32.468250,-42.098888,55.660286,-0.562109,9.089566,-6.393906,-7.599218,-36.931068,42.110645,46.970757,0.696992,6.401875,-10.160709
901.000000,-2418.006836,-1137.644287,77.755371,-3.258629,2.707300,-45.949824,-7.997913,17.332588,12.403205,22.779749,-13.968375,-9.660724,-8.475900,2.018448,-21.450220,13.692855,-8.440631,-4.410402,2.076920,-5.748195,0.600399,-0.694377,33.025871,-42.200668,55.217052,-0.778852,8.924341,-6.802827,-8.182570,-37.988644,42.080376,46.656769,0.782878,6.029093,-10.351735
902.000000,-2418.401367,-1137.948853,77.747414,-2.974508,2.872404,-45.752502,-8.250298,17.462521,12.628406,22.579397,-13.234224,-9.887514,-8.858923,2.027681,-21.677792,14.094707,-8.772098,-4.819383,1.999637,-6.494000,0.582993,-0.821908,33.616776,-42.404125,54.874397,-0.806209,8.873401,-7.253387,-8.708685,-38.860008,41.893665,46.423172,0.805381,5.883761,-10.507034
903.000000,-2418.826904,-1138.261475,77.755409,-2.615778,2.921757,-45.547096,-8.455133,17.501867,12.788674,22.475002,-12.407635,-10.031972,-9.070135,1.974593,-21.903187,14.373113,-9.035265,-5.170393,1.874566,-7.266052,0.684392,-1.023669,34.147053,-42.640213,54.564781,-0.905020,8.880152,-7.603051,-9.150870,-39.668755,41.739021,46.054295,0.816682,5.882496,-10.601073
904.000000,-2419.260010,-1138.583984,77.772179,-2.241011,2.907982,-45.395548,-8.671594,17.565968,13.036805,22.517014,-11.337872,-10.170639,-9.186057,1.940470,-22.097631,14.560847,-9.264737,-5.595486,1.748279,-8.191597,0.820809,-1.189596,34.783119,-42.913059,54.073715,-1.179019,8.891140,-7.897023,-9.664448,-40.747574,41.688499,45.401672,0.880255,5.888527,-10.659663
905.000000,-2419.655518,-1138.878784,77.781418,-1.876429,2.881937,-45.220985,-8.953105,17.662342,13.404489,22.895805,-10.795032,-9.879911,-9.243110,1.903415,-22.237497,14.672456,-9.430234,-5.813939,1.559301,-8.766709,0.844748,-1.200665,35.213551,-43.071964,53.619961,-1.502953,8.894341,-8.118857,-10.013406,-41.605038,41.624535,44.817120,0.944109,5.877047,-10.668766
906.000000,-2419.993896,-1139.134033,77.794334,-1.511707,2.781319,-45.089072,-9.332595,17.767962,14.168099,23.806995,-10.480774,-9.191614,-9.241894,1.780106,-22.344641,14.874060,-9.681035,-6.026327,1.275523,-9.452346,0.886151,-1.186119,35.628685,-43.157429,53.135983,-1.831801,8.886631,-8.526640,-10.480467,-42.797291,41.418873,44.124557,0.937056,5.818167,-10.704216
907.000000,-2420.277588,-1139.351318,77.804977,-1.185782,2.602688,-45.111897,-9.627622,17.659441,14.482027,24.882658,-10.526203,-8.503778,-9.191190,1.700669,-22.318924,15.033875,-9.857390,-6.189073,1.184739,-9.871135,0.914709,-1.222089,35.757969,-43.166965,52.949303,-1.901379,8.844972,-8.921387,-10.781030,-43.839432,41.221359,43.628418,0.935028,5.727235,-10.775056
908.000000,-2420.505859,-1139.545166,77.797493,-0.991921,2.376674,-45.246991,-9.850797,17.385508,14.793064,26.555769,-11.114767,-7.748995,-9.040466,1.733127,-22.151838,15.225913,-10.054442,-6.409138,1.244753,-10.163858,0.939529,-1.269333,35.735714,-43.191387,52.871677,-1.922178,8.733188,-9.472239,-11.138922,-45.389141,40.969891,43.056526,1.007875,5.537429,-10.900781
909.000000,-2420.691406,-1139.721680,77.768219,-0.895460,2.139827,-45.393594,-9.998129,17.157425,15.198313,28.166655,-11.653249,-7.137450,-8.881908,1.865972,-22.038027,15.426591,-10.254742,-6.644051,1.297817,-10.216827,0.898733,-1.290893,35.630463,-43.225784,52.855667,-1.933017,8.603779,-10.028541,-11.384336,-46.978600,40.631065,42.528080,1.324492,5.354139,-11.089829
910.000000,-2420.852051,-1139.879883,77.729759,-0.839603,1.886817,-45.450059,-10.053367,16.924961,15.546478,29.499479,-12.053462,-6.694878,-8.722553,1.980308,-22.007654,15.716211,-10.510891,-6.865515,1.290494,-10.201626,0.873896,-1.343934,35.539661,-43.317482,52.804211,-1.934966,8.543798,-10.530858,-11.576836,-48.459843,40.251553,42.086754,1.661229,5.234422,-11.367068
911.000000,-2420.996582,-1140.026855,77.702881,-0.778269,1.559128,-45.304711,-9.991284,16.409180,15.090321,30.270761,-12.399334,-6.422707,-8.403055,2.026961,-22.147436,15.915697,-10.755886,-7.024423,1.124299,-10.201171,0.951989,-1.467507,35.452469,-43.389603,52.732243,-1.921993,8.533631,-10.966465,-11.796947,-49.633812,39.923958,41.937183,1.771113,5.152056,-11.666939
912.000000,-2421.114014,-1140.173096,77.689194,-0.722466,1.273917,-45.217099,-9.716889,15.881353,14.470621,30.467058,-12.789462,-6.273386,-8.042648,2.099025,-22.239466,15.959503,-10.905819,-7.141679,1.052106,-10.222417,0.968174,-1.638196,35.301384,-43.393318,52.675346,-1.793005,8.536765,-11.332002,-11.938812,-50.469292,39.651890,42.074543,1.767679,5.119278,-11.960994
913.000000,-2421.207520,-1140.293457,77.682251,-0.708389,0.980713,-45.183224,-9.397620,15.578868,13.985350,30.366259,-13.034773,-6.220254,-7.720426,2.199566,-22.264376,15.873583,-10.941745,-7.211218,1.094704,-10.208180,1.007348,-1.830307,35.113319,-43.363323,52.649998,-1.567411,8.536675,-11.536896,-12.026832,-50.912518,39.501209,42.439556,1.728277,5.041926,-12.151028
914.000000,-2421.276611,-1140.377441,77.673264,-0.716500,0.713782,-45.217090,-8.919266,15.248845,13.441806,30.052855,-13.092407,-6.177064,-7.331862,2.351731,-22.237726,15.749941,-10.950994,-7.279613,1.211483,-10.094102,1.066696,-2.126849,34.718388,-43.311954,52.736649,-1.184407,8.473251,-11.691389,-12.195448,-51.303738,39.365467,43.243904,1.568106,4.903435,-12.294260
915.000000,-2421.331543,-1140.421509,77.675591,-0.687881,0.461514,-45.316810,-8.327321,15.046875,13.138072,29.485977,-13.313521,-6.162809,-7.011012,2.452002,-22.126673,15.665496,-10.941592,-7.330345,1.290742,-9.948172,1.172014,-2.445499,34.230587,-43.303883,53.047417,-0.864540,8.299620,-11.745792,-12.518817,-51.516426,39.342236,44.159901,1.243865,4.855364,-12.354492
916.000000,-2421.368408,-1140.433838,77.692749,-0.618675,0.279248,-45.524442,-7.721758,14.842186,12.950583,28.767433,-13.342308,-6.165257,-6.783883,2.500883,-21.897924,15.562095,-10.880822,-7.354917,1.377461,-9.811539,1.276059,-2.712464,33.730419,-43.275501,53.422134,-0.661981,8.103206,-11.751876,-12.811472,-51.572422,39.303677,44.922291,0.950019,4.847453,-12.431945
917.000000,-2421.374756,-1140.422119,77.720642,-0.564817,0.152726,-45.714885,-7.139582,14.654734,12.933850,27.995125,-13.312140,-6.186279,-6.591149,2.536065,-21.652929,15.372428,-10.754760,-7.362952,1.429840,-9.616507,1.353455,-2.846093,33.233650,-43.172024,53.735096,-0.481264,7.862111,-11.740189,-12.951110,-51.557365,39.194141,45.465813,0.751680,4.838979,-12.524022
918.000000,-2421.351074,-1140.394409,77.753525,-0.551506,0.062834,-45.864167,-6.639084,14.516252,13.008920,27.295313,-13.250381,-6.247541,-6.366067,2.587012,-21.469885,15.048927,-10.564336,-7.353919,1.428765,-9.349549,1.391418,-2.838395,32.802948,-43.089771,53.904339,-0.250120,7.619129,-11.706921,-12.944873,-51.470387,39.125359,45.891872,0.630000,4.827987,-12.641562
919.000000,-2421.310059,-1140.357544,77.785957,-0.518139,-0.043730,-46.078289,-6.087929,14.402174,13.251822,26.588537,-13.173767,-6.359045,-6.159305,2.617229,-21.241934,14.789723,-10.400229,-7.336340,1.452206,-9.073729,1.434427,-2.707432,32.477020,-43.034508,53.921501,0.143096,7.385836,-11.637341,-12.914898,-51.199631,39.040611,46.183117,0.562146,4.937819,-12.756531
920.000000,-2421.255859,-1140.327393,77.827202,-0.415809,-0.169916,-46.335873,-5.402645,14.172710,13.495162,25.712963,-13.006401,-6.493795,-5.969628,2.556291,-20.939875,14.646867,-10.294744,-7.303658,1.475999,-8.885868,1.458799,-2.442818,32.191128,-42.828075,53.927532,0.694623,7.200063,-11.531076,-12.797401,-50.591030,38.796234,46.240871,0.411584,5.101088,-12.911594
921.000000,-2421.187012,-1140.305420,77.876923,-0.284171,-0.257361,-46.605254,-4.694544,13.847703,13.648863,24.714699,-12.754995,-6.607890,-5.807416,2.447983,-20.606815,14.506291,-10.190013,-7.246478,1.514497,-8.781019,1.384979,-2.108642,31.918861,-42.506153,53.969933,1.337316,7.082300,-11.366262,-12.587769,-49.673870,38.582310,46.272377,0.021351,5.183891,-13.066818
922.000000,-2421.101074,-1140.262451,77.926331,-0.197845,-0.276920,-46.812804,-4.142792,13.547171,13.715297,23.796221,-12.532650,-6.712909,-5.694447,2.361470,-20.351074,14.298096,-10.034647,-7.166121,1.530894,-8.604390,1.244624,-1.864474,31.615534,-42.295601,54.079632,1.885827,6.997983,-11.149246,-12.345558,-48.638115,38.544888,46.286636,-0.541205,5.211154,-13.146441
923.000000,-2421.023193,-1140.185791,77.965424,-0.156540,-0.258178,-46.886128,-3.857004,13.349083,13.740320,23.210611,-12.384296,-6.806892,-5.653641,2.286735,-20.251522,14.152129,-9.910529,-7.101450,1.519196,-8.408888,1.180408,-1.810281,31.385015,-42.243916,54.192741,2.146220,6.906721,-10.967571,-12.162052,-47.820446,38.543369,46.306683,-0.867991,5.211341,-13.161579
924.000000,-2420.947510,-1140.082397,78.006866,-0.092411,-0.235849,-46.918262,-3.520908,13.045513,13.750094,22.413919,-12.143263,-6.946853,-5.645765,2.125232,-20.184078,14.023742,-9.766445,-7.010622,1.499929,-8.139892,1.185107,-1.821809,31.121717,-42.218998,54.309513,2.318214,6.726079,-10.672744,-11.949167,-46.615726,38.547531,46.425552,-1.085307,5.182577,-13.168789
925.000000,-2420.858643,-1139.972412,78.053818,-0.077596,-0.159468,-46.904320,-3.224868,12.698319,13.518906,21.518217,-11.887175,-7.065779,-5.611827,2.003301,-20.142408,13.715739,-9.518936,-6.900805,1.485016,-7.834320,1.153835,-1.802013,30.881968,-42.215420,54.329021,2.463445,6.551139,-10.283516,-11.712869,-45.191101,38.576763,46.738506,-1.252553,5.095035,-13.220886
926.000000,-2420.749756,-1139.851929,78.098175,-0.112964,-0.063128,-46.902381,-2.967356,12.412964,13.247023,20.648148,-11.695997,-7.215587,-5.545177,1.962775,-20.103537,13.258399,-9.188309,-6.771942,1.497249,-7.432325,1.076028,-1.743608,30.563499,-42.213177,54.332771,2.694677,6.430742,-9.819475,-11.373691,-43.620426,38.612930,47.154903,-1.395092,4.987959,-13.291018
927.000000,-2420.616699,-1139.716064,78.141197,-0.149915,-0.046504,-46.884653,-2.704341,12.187531,13.040144,19.992882,-11.574344,-7.308660,-5.437629,1.916257,-20.073587,12.939267,-8.961402,-6.654390,1.498783,-7.093931,1.064053,-1.686856,30.249678,-42.210369,54.390388,2.888235,6.353754,-9.448356,-11.080595,-42.329109,38.617310,47.602787,-1.454093,4.853399,-13.332473
928.000000,-2420.450684,-1139.570557,78.183441,-0.154248,-0.017861,-46.834397,-2.344054,11.821706,12.716984,19.136415,-11.401882,-7.407142,-5.329253,1.761893,-20.048569,12.677526,-8.758030,-6.463392,1.460869,-6.635015,1.005427,-1.595115,29.713791,-42.206051,54.663872,3.140547,6.223084,-8.964954,-10.612849,-40.496712,38.599289,48.445290,-1.583385,4.641356,-13.363662
929.000000,-2420.263184,-1139.411743,78.224266,-0.130446,0.077596,-46.762343,-2.067441,11.414663,12.512456,18.292507,-11.213888,-7.474142,-5.378849,1.504689,-20.034340,12.602074,-8.645811,-6.237483,1.356615,-6.157272,0.816813,-1.476035,29.060629,-42.200130,55.187683,3.355396,6.077351,-8.516792,-10.045128,-38.685829,38.552750,49.329746,-1.939602,4.535284,-13.367467
930.000000,-2420.068604,-1139.233154,78.270493,-0.074617,0.116890,-46.702387,-1.727012,10.971028,12.513261,17.435953,-11.010921,-7.401729,-5.427341,1.168849,-19.998846,12.606006,-8.564511,-5.973585,1.251195,-5.691699,0.714331,-1.382144,28.383133,-42.193176,55.740940,3.690945,6.008725,-8.080354,-9.429360,-36.930504,38.479019,50.111099,-2.682708,4.524871,-13.366763
931.000000,-2419.862061,-1139.046265,78.319580,-0.004144,0.108140,-46.712703,-1.300636,10.512341,12.542624,16.591288,-10.811377,-7.226134,-5.428279,0.829113,-19.886604,12.628894,-8.490510,-5.704637,1.213019,-5.262868,0.665584,-1.265315,27.740833,-42.129292,56.243950,4.078333,5.991764,-7.662054,-8.800971,-35.223965,38.450260,50.878731,-3.345966,4.521730,-13.371253
932.000000,-2419.646973,-1138.853760,78.368172,0.075716,0.072067,-46.827109,-0.957129,10.169177,12.575571,16.005150,-10.654343,-7.079401,-5.427372,0.582422,-19.724644,12.669973,-8.437253,-5.507239,1.287145,-4.978162,0.635048,-1.191997,27.268591,-42.059341,56.637001,4.364223,5.988801,-7.347201,-8.302955,-33.954056,38.448460,51.516472,-3.578715,4.519115,-13.374162
933.000000,-2419.432617,-1138.646851,78.412682,0.141705,0.027234,-46.942518,-0.560110,9.735323,12.599790,15.374938,-10.473724,-6.874166,-5.432159,0.265285,-19.483002,12.738291,-8.360689,-5.247507,1.421355,-4.624853,0.611472,-1.136754,26.667374,-42.020325,57.143463,4.763894,5.990458,-6.933834,-7.674786,-32.333797,38.469536,52.427319,-3.661725,4.514250,-13.374057
934.000000,-2419.216797,-1138.428467,78.451431,0.189407,-0.026830,-47.033465,-0.222722,9.330807,12.636402,14.844460,-10.334644,-6.658283,-5.438446,-0.048927,-19.282036,12.818943,-8.289518,-4.988526,1.500503,-4.287510,0.607223,-1.131219,26.066732,-42.000576,57.713676,5.136822,5.992522,-6.535545,-7.122365,-30.843815,38.521088,53.393650,-3.678038,4.509027,-13.369430
935.000000,-2418.997070,-1138.204224,78.481712,0.189212,-0.083950,-47.058546,0.095812,8.962606,12.666908,14.339706,-10.264568,-6.433925,-5.420890,-0.340906,-19.142580,12.877721,-8.212429,-4.725745,1.504854,-3.937658,0.598049,-1.128271,25.467442,-41.960667,58.309624,5.441282,5.996081,-6.153573,-6.587667,-29.498137,38.528702,54.353241,-3.697044,4.497846,-13.354053
936.000000,-2418.769775,-1137.970459,78.504501,0.141177,-0.144254,-47.047068,0.378560,8.655722,12.705141,13.887489,-10.273854,-6.213009,-5.366346,-0.586381,-19.069525,12.874345,-8.107963,-4.465031,1.474550,-3.570457,0.568423,-1.126703,24.905497,-41.918690,58.855267,5.728173,6.004676,-5.824483,-6.056056,-28.316545,38.535767,55.352718,-3.887790,4.488932,-13.322193
937.000000,-2418.541992,-1137.726807,78.516884,0.034928,-0.213744,-47.012288,0.641047,8.424140,12.788844,13.482835,-10.379948,-5.993222,-5.285380,-0.771636,-19.037071,12.825906,-7.978763,-4.209391,1.470432,-3.180162,0.545257,-1.125920,24.407810,-41.804623,59.244579,6.079285,6.016418,-5.568187,-5.528068,-27.321297,38.563747,56.357380,-4.465854,4.484020,-13.296322
938.000000,-2418.323242,-1137.476929,78.516685,-0.111231,-0.277095,-46.970517,0.841537,8.274611,12.885925,13.183756,-10.575468,-5.790471,-5.218557,-0.894184,-19.030121,12.781055,-7.856772,-3.984584,1.477180,-2.805525,0.524063,-1.124336,24.039276,-41.711800,59.469879,6.281745,6.029568,-5.369370,-5.072274,-26.582199,38.652737,57.235863,-5.083872,4.484289,-13.270879
939.000000,-2418.111572,-1137.211060,78.502945,-0.295681,-0.331968,-46.950369,1.044880,8.141325,13.008085,12.878930,-10.919140,-5.540101,-5.192696,-1.011909,-19.022932,12.793016,-7.726595,-3.720298,1.499770,-2.336445,0.506093,-1.112890,23.716799,-41.680145,59.584431,6.330323,6.051222,-5.173366,-4.569335,-25.858494,38.857586,58.175285,-5.675951,4.523614,-13.195564
940.000000,-2417.920654,-1136.938599,78.467789,-0.532176,-0.303271,-46.991543,1.136384,8.117027,13.234514,12.640507,-11.386970,-5.327730,-5.348593,-1.052389,-18.978178,12.936697,-7.637640,-3.510483,1.582569,-1.877791,0.430282,-1.092301,23.514917,-41.656818,59.583691,6.209549,6.100652,-4.993938,-4.196625,-25.366669,39.151138,58.896282,-5.863398,4.609118,-13.134224
941.000000,-2417.759766,-1136.665649,78.441582,-0.688373,-0.290886,-47.078213,1.232275,8.054598,13.495276,12.363329,-11.773867,-5.115248,-5.581714,-1.134819,-18.886864,13.180446,-7.571962,-3.318880,1.680137,-1.508859,0.412673,-1.084586,23.405405,-41.626270,59.519924,5.920738,6.186565,-4.749748,-3.941323,-24.939989,39.494892,59.569164,-5.865231,4.681031,-13.103446
942.000000,-2417.622314,-1136.426392,78.466118,-0.662330,-0.344310,-47.251539,1.404325,7.787570,13.746256,12.092152,-11.682057,-4.885273,-5.667717,-1.361778,-18.662460,13.240075,-7.405431,-3.135660,1.834944,-1.466113,0.464074,-1.038075,23.397530,-41.574295,59.501526,5.684709,6.292764,-4.429700,-3.701344,-24.398849,39.771706,60.226227,-5.852609,4.733109,-13.094718
943.000000,-2417.494873,-1136.226562,78.497704,-0.642430,-0.423450,-47.371297,1.558510,7.611107,13.883356,11.872114,-11.575483,-4.739697,-5.636272,-1.490342,-18.541952,13.161112,-7.249913,-3.016161,1.894673,-1.456072,0.474780,-0.964140,23.385141,-41.528557,59.565701,5.627112,6.357196,-4.189970,-3.531923,-24.010221,39.949558,60.701744,-5.853426,4.748159,-13.095821
944.000000,-2417.377441,-1136.052124,78.526474,-0.668839,-0.525617,-47.351015,1.766809,7.389464,13.949209,11.609542,-11.458434,-4.533473,-5.458249,-1.642647,-18.494564,12.908830,-6.988504,-2.837377,1.869883,-1.420786,0.473437,-0.858870,23.331184,-41.464310,59.862419,5.611270,6.451923,-3.812990,-3.303902,-23.312368,40.191982,61.644299,-5.890635,4.764822,-13.119283
945.000000,-2417.272949,-1135.887085,78.550468,-0.704004,-0.587084,-47.321608,1.861368,7.236117,13.934651,11.479223,-11.407209,-4.347458,-5.255636,-1.737139,-18.524345,12.562501,-6.712574,-2.665985,1.807637,-1.356458,0.435920,-0.785462,23.253784,-41.461967,60.191429,5.615531,6.638803,-3.497041,-3.143838,-22.570950,40.341763,62.688416,-5.939333,4.839869,-13.166416
946.000000,-2417.187988,-1135.731934,78.568581,-0.729851,-0.637765,-47.260760,1.878426,7.090672,13.904541,11.438491,-11.396207,-4.147210,-5.099720,-1.836991,-18.555740,12.251265,-6.464745,-2.490598,1.739522,-1.277012,0.419682,-0.725393,23.193182,-41.513695,60.390316,5.611000,6.887448,-3.262371,-3.051473,-21.885319,40.527985,63.668301,-5.914331,4.968351,-13.196064
947.000000,-2417.111572,-1135.577515,78.583023,-0.753660,-0.664795,-47.075536,1.777808,6.934989,13.724955,11.509246,-11.409005,-3.954176,-4.974426,-1.979814,-18.692778,12.017798,-6.282588,-2.331318,1.542541,-1.193582,0.412407,-0.746442,23.118788,-41.749565,60.597073,5.608571,7.170862,-3.082280,-3.040538,-21.281340,41.030376,64.659973,-5.842406,5.126935,-13.212014
948.000000,-2417.041504,-1135.425903,78.597137,-0.789030,-0.685353,-46.797947,1.626795,6.806563,13.472674,11.628913,-11.429348,-3.799418,-4.851683,-2.111483,-18.902325,11.803253,-6.127347,-2.208208,1.312201,-1.114058,0.416174,-0.811024,23.054621,-42.033459,60.760315,5.611165,7.417532,-2.984305,-3.015633,-20.780622,41.532520,65.435661,-5.778226,5.367627,-13.212472
949.000000,-2416.979492,-1135.289429,78.609245,-0.820234,-0.693378,-46.510392,1.422104,6.661107,13.150646,11.791854,-11.454520,-3.628699,-4.719041,-2.265313,-19.172621,11.564498,-5.958063,-2.071445,1.050581,-1.027282,0.420127,-0.882215,22.979582,-42.333138,60.911922,5.692253,7.666464,-2.918551,-2.921924,-20.234856,41.978451,66.136971,-5.720117,5.694166,-13.203093
950.000000,-2416.927002,-1135.166504,78.615479,-0.861662,-0.690428,-46.387825,1.281238,6.597257,13.014457,11.942801,-11.501418,-3.533884,-4.671374,-2.339054,-19.285313,11.442137,-5.849148,-1.998788,0.986073,-0.966058,0.424439,-0.940550,22.940084,-42.580078,60.966045,5.784859,7.823269,-2.901574,-2.836700,-19.927794,42.366615,66.479294,-5.596625,5.924974,-13.191369
951.000000,-2416.888916,-1135.048340,78.613991,-0.924541,-0.672457,-46.375133,1.045338,6.602776,12.985485,12.285876,-11.651795,-3.439514,-4.681444,-2.354596,-19.303041,11.299952,-5.684919,-1.939736,1.081408,-0.853175,0.440274,-1.045175,22.917158,-42.976665,61.011837,5.781419,7.980718,-2.895135,-2.760020,-19.619879,43.080372,66.807190,-5.179273,6.194137,-13.158971
952.000000,-2416.864014,-1134.930664,78.605362,-0.997228,-0.625039,-46.302437,0.662259,6.648612,12.898221,12.849869,-11.892499,-3.343759,-4.742243,-2.367585,-19.367250,11.218011,-5.555899,-1.889137,1.116875,-0.705167,0.488744,-1.150805,22.916224,-43.354458,61.025509,5.725431,8.096454,-2.896324,-2.725331,-19.390396,43.738518,66.989273,-4.601598,6.418433,-13.093474
953.000000,-2416.852539,-1134.810303,78.588745,-1.085345,-0.496636,-46.198830,0.116730,6.720913,12.745683,13.548116,-12.175682,-3.265246,-4.920816,-2.387236,-19.483097,11.230684,-5.474222,-1.859752,1.115522,-0.534729,0.493219,-1.304882,22.914045,-43.752644,61.028763,5.689662,8.214030,-2.910795,-2.708462,-19.266613,44.249767,67.027962,-4.176894,6.612681,-12.993778
954.000000,-2416.855713,-1134.688721,78.566505,-1.182988,-0.312483,-46.113521,-0.648130,6.842769,12.575949,14.470609,-12.542252,-3.183671,-5.241348,-2.393426,-19.613064,11.300899,-5.386969,-1.842841,1.148194,-0.299794,0.481383,-1.542199,22.893646,-44.199883,61.027588,5.680031,8.358912,-2.954690,-2.732412,-19.185926,44.760509,67.015968,-3.912394,6.796234,-12.848897
955.000000,-2416.876953,-1134.573364,78.544151,-1.245117,-0.145957,-46.150186,-1.246365,6.945357,12.551974,15.148531,-12.796742,-3.142061,-5.624314,-2.406500,-19.628344,11.490868,-5.352205,-1.841098,1.312503,-0.113327,0.515234,-1.799612,22.848009,-44.420757,61.020325,5.674617,8.492889,-3.051435,-2.842621,-19.162815,45.056419,66.977333,-3.877987,6.916687,-12.686609
956.000000,-2416.912109,-1134.482056,78.525139,-1.313747,0.042965,-46.116963,-1.825313,7.051086,12.474054,15.729462,-12.994135,-3.117738,-5.962239,-2.397404,-19.706121,11.592742,-5.297818,-1.846797,1.384114,0.067491,0.516303,-2.001347,22.827955,-44.546307,60.932121,5.636426,8.640253,-3.149580,-3.038875,-19.155132,45.231308,66.976021,-3.854795,6.998537,-12.567404
957.000000,-2416.961426,-1134.409668,78.504219,-1.404241,0.266093,-46.076941,-2.319278,7.162968,12.388665,16.216122,-13.161238,-3.099120,-6.207245,-2.351481,-19.786076,11.592974,-5.225456,-1.859142,1.397284,0.223231,0.482134,-2.137218,22.827450,-44.642403,60.816132,5.588119,8.743127,-3.235641,-3.231137,-19.167042,45.318119,66.976463,-3.838870,7.054094,-12.535380
958.000000,-2417.027100,-1134.352051,78.477837,-1.529054,0.513879,-46.118473,-2.963954,7.369395,12.333276,16.899727,-13.412378,-3.088021,-6.509944,-2.217648,-19.828907,11.524353,-5.093930,-1.903853,1.484264,0.437611,0.433472,-2.330885,22.850237,-44.807007,60.644810,5.461485,8.843399,-3.382940,-3.519242,-19.235443,45.526745,66.954445,-3.785274,7.112723,-12.520623
959.000000,-2417.119141,-1134.308350,78.447548,-1.651676,0.779243,-46.165061,-3.777018,7.668036,12.276892,17.764599,-13.722976,-3.096510,-6.891320,-2.001574,-19.864447,11.409722,-4.920116,-1.994747,1.663703,0.696240,0.389619,-2.572628,22.996246,-45.151047,60.268738,5.180917,8.931179,-3.630516,-3.931131,-19.454733,46.067093,66.777924,-3.626154,7.227100,-12.446189
960.000000,-2417.237305,-1134.284180,78.418739,-1.758621,1.071281,-46.031429,-4.573126,7.904431,12.074907,18.489880,-13.931419,-3.127382,-7.266753,-1.846910,-20.036886,11.358098,-4.820340,-2.108585,1.714385,0.880015,0.362064,-2.794025,23.271330,-45.549957,59.742050,4.896451,9.013826,-3.921547,-4.369094,-19.778091,46.698410,66.373688,-3.492259,7.359160,-12.315800
961.000000,-2417.377930,-1134.281860,78.392502,-1.864034,1.334746,-45.824000,-5.347467,8.118762,11.752831,19.116898,-14.068816,-3.191613,-7.585963,-1.707992,-20.336924,11.287707,-4.744423,-2.247315,1.649526,1.040269,0.381841,-3.045827,23.564152,-45.923679,59.140125,4.640019,9.183918,-4.188545,-4.852717,-20.099035,47.142559,65.998581,-3.471110,7.396220,-12.263391
962.000000,-2417.514893,-1134.308472,78.367088,-1.964352,1.558324,-45.705517,-5.993789,8.366013,11.524446,19.670183,-14.207742,-3.274028,-7.829137,-1.514871,-20.554312,11.158493,-4.657638,-2.380167,1.643255,1.209490,0.408314,-3.222384,23.862495,-46.255093,58.421413,4.452065,9.378432,-4.448462,-5.305398,-20.457369,47.415607,65.613167,-3.470533,7.400786,-12.252837
963.000000,-2417.647705,-1134.364258,78.340820,-2.046950,1.780403,-45.638823,-6.511103,8.598118,11.384709,20.107538,-14.323510,-3.368339,-8.055150,-1.328193,-20.692427,11.072309,-4.608942,-2.510061,1.645623,1.357507,0.382808,-3.303374,24.150513,-46.549847,57.727139,4.298892,9.502650,-4.703582,-5.671893,-20.825466,47.615902,65.235451,-3.462916,7.400260,-12.248688
964.000000,-2417.792969,-1134.450317,78.313148,-2.115552,1.957367,-45.583532,-7.038449,8.881917,11.240046,20.569622,-14.435019,-3.523248,-8.312474,-1.111096,-20.844013,11.068536,-4.618396,-2.699215,1.600599,1.499199,0.371789,-3.417524,24.560549,-46.904762,56.976070,4.023567,9.543323,-5.059233,-6.100282,-21.248495,47.820763,64.868179,-3.389215,7.390431,-12.243739
965.000000,-2417.934326,-1134.556030,78.289284,-2.114445,2.021571,-45.567379,-7.303804,9.087471,11.177423,20.848787,-14.491883,-3.646480,-8.479528,-0.974779,-20.933268,11.197688,-4.724339,-2.849817,1.622594,1.552359,0.431539,-3.600111,24.869532,-47.036636,56.579998,3.596932,9.522866,-5.387632,-6.440809,-21.629435,48.004253,64.633560,-3.319587,7.381587,-12.236627
966.000000,-2418.053711,-1134.666016,78.267517,-2.087166,2.073174,-45.571571,-7.458912,9.234472,11.153703,21.022043,-14.527188,-3.748060,-8.650138,-0.904849,-20.991386,11.442954,-4.902766,-2.972655,1.697321,1.576688,0.452985,-3.795323,25.044121,-47.041286,56.507088,3.148672,9.468108,-5.664772,-6.661202,-22.064703,48.080624,64.343056,-3.327166,7.377126,-12.204166
967.000000,-2418.157715,-1134.777222,78.247963,-2.079233,2.114159,-45.588052,-7.574348,9.394349,11.148742,21.173618,-14.573780,-3.865885,-8.774239,-0.809562,-21.032095,11.624510,-5.050626,-3.089437,1.799120,1.634358,0.453002,-3.920103,25.159275,-46.973698,56.500957,2.901489,9.394178,-5.910316,-6.815046,-22.582500,48.090446,63.954781,-3.347026,7.349238,-12.159808
968.000000,-2418.249268,-1134.888672,78.231857,-2.086254,2.145984,-45.614277,-7.636834,9.525026,11.151929,21.267561,-14.607530,-3.968156,-8.827212,-0.714296,-21.057507,11.694103,-5.129859,-3.178580,1.891247,1.689833,0.450844,-3.953934,25.229858,-46.842464,56.497375,2.821145,9.320980,-6.103603,-6.917019,-22.973248,48.094078,63.723572,-3.394192,7.270009,-12.142126
969.000000,-2418.332031,-1135.004761,78.218796,-2.071551,2.167461,-45.643264,-7.662457,9.672706,11.169468,21.317148,-14.628108,-4.107620,-8.886663,-0.607937,-21.080690,11.804477,-5.250734,-3.289387,2.052691,1.735172,0.447318,-3.956562,25.319244,-46.587467,56.491196,2.800864,9.234453,-6.399203,-7.006730,-23.453186,48.094692,63.541321,-3.468639,7.117575,-12.132195
970.000000,-2418.400391,-1135.123169,78.210655,-2.046841,2.156748,-45.571355,-7.619230,9.751852,11.112831,21.271173,-14.609635,-4.236738,-8.895490,-0.560771,-21.164274,11.946996,-5.413993,-3.371886,2.163838,1.749085,0.456277,-3.935966,25.398088,-46.230194,56.485962,2.812570,9.184248,-6.730381,-7.013767,-23.974581,48.048885,63.322693,-3.469792,6.960376,-12.090030
971.000000,-2418.454834,-1135.247803,78.210732,-2.002645,2.105099,-45.394856,-7.501165,9.748479,10.931634,21.120207,-14.533856,-4.347441,-8.795746,-0.568870,-21.342577,12.047427,-5.583668,-3.417196,2.167430,1.746446,0.474513,-3.920671,25.462637,-45.888100,56.481621,2.944530,9.139263,-7.076382,-7.001246,-24.476978,47.940125,63.195850,-3.480300,6.780294,-11.985143
972.000000,-2418.492920,-1135.369263,78.217300,-1.955401,2.035632,-45.171667,-7.331531,9.702939,10.715701,20.893957,-14.419384,-4.441630,-8.634149,-0.598773,-21.547318,12.094814,-5.733600,-3.446199,2.135907,1.741820,0.481954,-3.921406,25.501694,-45.609398,56.475777,3.133711,9.067892,-7.393531,-7.000056,-24.960335,47.861980,63.184628,-3.508007,6.596369,-11.860500
973.000000,-2418.520996,-1135.477539,78.223450,-1.907323,2.012741,-44.934304,-7.216557,9.636791,10.483221,20.673006,-14.297085,-4.513442,-8.517104,-0.650384,-21.765781,12.150314,-5.878899,-3.473220,2.069051,1.734267,0.446961,-3.927996,25.524094,-45.371307,56.461369,3.265153,8.965693,-7.659685,-6.994939,-25.426584,47.796951,63.189896,-3.532610,6.443114,-11.749508
974.000000,-2418.544434,-1135.579102,78.236664,-1.817452,1.971271,-44.709069,-7.026422,9.513248,10.293124,20.326183,-14.114321,-4.565269,-8.411435,-0.751896,-21.948708,12.241121,-6.032311,-3.490694,1.981097,1.681154,0.453526,-3.946429,25.558849,-45.196030,56.445122,3.314042,8.831058,-7.857945,-6.989341,-25.815109,47.664978,63.215534,-3.539346,6.327020,-11.686769
975.000000,-2418.556885,-1135.672485,78.256104,-1.711380,1.920117,-44.531600,-6.744091,9.352437,10.160419,19.845810,-13.878613,-4.607239,-8.288340,-0.872391,-22.080339,12.308331,-6.165509,-3.497323,1.869621,1.601458,0.477204,-3.958155,25.605244,-45.108856,56.443523,3.319092,8.686242,-7.992149,-6.964818,-26.100952,47.485710,63.254353,-3.532426,6.258057,-11.666178
976.000000,-2418.555908,-1135.762573,78.280579,-1.607504,1.850979,-44.347457,-6.407899,9.180072,10.031744,19.308975,-13.627286,-4.640034,-8.108789,-0.982579,-22.201683,12.299488,-6.262960,-3.492243,1.722503,1.533340,0.506227,-3.961714,25.638617,-45.062592,56.441914,3.323581,8.574750,-8.050932,-6.913970,-26.268810,47.292522,63.357841,-3.525285,6.203196,-11.660445
977.000000,-2418.536865,-1135.854858,78.310417,-1.510793,1.761106,-44.151833,-6.006212,8.995627,9.890182,18.700539,-13.355660,-4.664335,-7.843722,-1.081189,-22.342262,12.189239,-6.324083,-3.473625,1.570040,1.478097,0.519025,-3.965411,25.645267,-45.009369,56.437717,3.338193,8.499475,-8.061615,-6.790679,-26.324814,47.104149,63.528370,-3.521147,6.183759,-11.659407
978.000000,-2418.501709,-1135.948730,78.339272,-1.447318,1.683809,-43.883734,-5.659705,8.826110,9.661180,18.159992,-13.118313,-4.682148,-7.524484,-1.154497,-22.556589,11.985642,-6.355042,-3.440417,1.386953,1.459838,0.476916,-3.967366,25.644962,-44.964111,56.431175,3.407928,8.432043,-8.064420,-6.542117,-26.330286,46.914959,63.624546,-3.521498,6.185906,-11.656980
979.000000,-2418.456299,-1136.035645,78.364410,-1.394598,1.603180,-43.599270,-5.418235,8.700256,9.459989,17.793888,-12.959882,-4.691770,-7.280963,-1.212791,-22.733513,11.846586,-6.387283,-3.408075,1.244535,1.457871,0.442068,-3.974138,25.644030,-44.935940,56.426510,3.500455,8.396352,-8.063791,-6.307559,-26.327791,46.785061,63.635933,-3.528175,6.190177,-11.645081
980.000000,-2418.404785,-1136.111084,78.385696,-1.343131,1.522087,-43.368337,-5.098034,8.537470,9.225936,17.336315,-12.769746,-4.700008,-6.988695,-1.297299,-22.927794,11.717082,-6.448011,-3.360096,1.094276,1.458068,0.401407,-3.988759,25.643013,-44.919090,56.421757,3.634443,8.379835,-8.059467,-5.994144,-26.317017,46.666492,63.639771,-3.546000,6.203937,-11.590181
981.000000,-2418.346924,-1136.176880,78.404709,-1.304065,1.421449,-43.181696,-4.773205,8.397640,9.045267,16.926332,-12.613346,-4.704378,-6.708735,-1.365775,-23.065613,11.604972,-6.502373,-3.310451,1.000687,1.467555,0.390240,-4.001641,25.642212,-44.902508,56.419544,3.737457,8.374819,-8.046244,-5.700615,-26.292002,46.542068,63.646984,-3.564383,6.241147,-11.494467
982.000000,-2418.284912,-1136.234253,78.421799,-1.261518,1.314355,-43.057120,-4.427690,8.271649,8.915505,16.538071,-12.479444,-4.705303,-6.437249,-1.424684,-23.147280,11.515137,-6.556523,-3.259246,0.958526,1.477326,0.402997,-3.998065,25.641296,-44.878883,56.422249,3.836602,8.373577,-8.014443,-5.412266,-26.234148,46.356480,63.683990,-3.579904,6.303160,-11.406089
983.000000,-2418.218506,-1136.287476,78.438423,-1.225601,1.185743,-42.937681,-4.054396,8.146700,8.809025,16.145319,-12.350678,-4.704069,-6.160518,-1.483287,-23.199574,11.439284,-6.613034,-3.204562,0.927979,1.473228,0.440169,-3.978172,25.640459,-44.840233,56.439606,4.016927,8.375863,-7.949315,-5.146318,-26.108698,46.128235,63.828106,-3.610031,6.371993,-11.342538
984.000000,-2418.143555,-1136.338867,78.453316,-1.202153,1.045930,-42.799369,-3.692448,8.032226,8.674014,15.804086,-12.252373,-4.699119,-5.848066,-1.530437,-23.273661,11.334043,-6.661329,-3.140194,0.888798,1.471299,0.475857,-3.957297,25.624636,-44.831661,56.498848,4.281813,8.383352,-7.863194,-4.880426,-25.934847,46.019054,64.122627,-3.729519,6.447393,-11.310349
985.000000,-2418.051270,-1136.387573,78.466736,-1.183364,0.894863,-42.680319,-3.309535,7.913884,8.537389,15.481881,-12.182752,-4.687407,-5.517338,-1.583722,-23.338987,11.244898,-6.723104,-3.060730,0.900742,1.472234,0.495273,-3.929700,25.550240,-44.830742,56.588562,4.732287,8.415831,-7.724955,-4.460853,-25.822054,46.007336,64.314011,-3.991625,6.565250,-11.297486
986.000000,-2417.945557,-1136.431641,78.479820,-1.163309,0.741206,-42.601785,-2.896206,7.796835,8.451987,15.148220,-12.124953,-4.669702,-5.199299,-1.639439,-23.357258,11.180349,-6.789061,-2.972786,0.928779,1.475778,0.500170,-3.843446,25.430016,-44.832798,56.695339,5.321670,8.489264,-7.541294,-3.950970,-25.750294,46.005527,64.372292,-4.271585,6.738200,-11.268087
987.000000,-2417.835449,-1136.469971,78.494682,-1.100912,0.601782,-42.606349,-2.405217,7.641096,8.472204,14.675715,-12.004025,-4.638491,-4.961194,-1.750098,-23.300705,11.237026,-6.899782,-2.882188,0.975274,1.429639,0.494256,-3.688813,25.297884,-44.832977,56.773499,5.989434,8.607499,-7.323505,-3.447808,-25.616869,46.004234,64.440071,-4.619199,6.976110,-11.199546
988.000000,-2417.724609,-1136.493652,78.508064,-1.026108,0.493904,-42.725348,-1.950732,7.496386,8.608399,14.199654,-11.876440,-4.600295,-4.845385,-1.869524,-23.158678,11.374295,-7.015652,-2.803642,1.055169,1.368324,0.480438,-3.522831,25.152782,-44.832256,56.840725,6.489206,8.750482,-7.112736,-3.040333,-25.455051,46.002884,64.515968,-4.890249,7.219577,-11.087592
989.000000,-2417.614746,-1136.497314,78.518608,-0.976160,0.411272,-42.942030,-1.462000,7.365076,8.869494,13.714825,-11.772599,-4.548988,-4.760139,-1.965340,-22.893251,11.499220,-7.098491,-2.713086,1.186100,1.329687,0.472528,-3.319270,24.942158,-44.832428,56.897438,6.971547,8.947265,-6.899736,-2.630696,-25.247782,46.001545,64.606644,-5.120708,7.512770,-10.927480
990.000000,-2417.512939,-1136.478638,78.527657,-0.943017,0.397445,-43.189700,-1.142071,7.277676,9.158369,13.381666,-11.714003,-4.494398,-4.765363,-2.014948,-22.601858,11.558974,-7.105796,-2.642256,1.331774,1.327670,0.447790,-3.174060,24.724918,-44.818195,56.906384,7.174997,9.144430,-6.745986,-2.336130,-25.039625,46.000408,64.655853,-5.186069,7.840304,-10.755356
991.000000,-2417.423584,-1136.438232,78.536987,-0.920473,0.418830,-43.336909,-0.973452,7.179194,9.338127,13.147074,-11.659179,-4.424981,-4.803807,-2.083448,-22.420586,11.581147,-7.083653,-2.567403,1.373019,1.338890,0.446375,-3.114215,24.519747,-44.783497,56.907089,7.198008,9.267758,-6.620231,-2.107603,-24.833052,45.995483,64.660858,-5.173697,8.134026,-10.581964
992.000000,-2417.336182,-1136.381958,78.546104,-0.908537,0.456995,-43.419522,-0.891959,7.075075,9.444365,12.986499,-11.621931,-4.343527,-4.847901,-2.166021,-22.314922,11.583332,-7.047292,-2.483057,1.354079,1.373987,0.448860,-3.107471,24.322443,-44.764076,56.903625,7.205130,9.318842,-6.487562,-1.903768,-24.642992,45.990494,64.656868,-5.068217,8.357574,-10.415915
993.000000,-2417.245850,-1136.315674,78.554131,-0.914082,0.488616,-43.482603,-0.854233,6.992837,9.517816,12.905846,-11.617963,-4.266182,-4.872809,-2.232627,-22.245102,11.561797,-6.999353,-2.404885,1.319674,1.438327,0.448312,-3.110091,24.139343,-44.757854,56.897812,7.203866,9.339293,-6.332997,-1.735025,-24.483177,45.987164,64.651367,-4.869983,8.525070,-10.266955
994.000000,-2417.155762,-1136.245483,78.559303,-0.929768,0.494086,-43.576397,-0.802024,6.915386,9.628146,12.874227,-11.654418,-4.171829,-4.884138,-2.295964,-22.139242,11.544162,-6.942815,-2.323128,1.339006,1.536027,0.449092,-3.131167,23.888653,-44.753220,56.906651,7.128851,9.380383,-6.078713,-1.559801,-24.316593,46.078011,64.572472,-4.469712,8.775318,-10.066985
995.000000,-2417.073486,-1136.185669,78.565193,-0.921705,0.462757,-43.756908,-0.628745,6.839194,9.820606,12.727623,-11.648890,-4.103788,-4.886079,-2.351573,-21.962997,11.569555,-6.912928,-2.255072,1.484846,1.562460,0.453314,-3.148236,23.671988,-44.686493,56.936802,7.039069,9.405302,-5.842439,-1.474150,-24.094940,46.158062,64.507782,-4.106597,9.023849,-9.816060
996.000000,-2417.007080,-1136.146973,78.571739,-0.916526,0.408787,-43.934101,-0.462926,6.793594,9.962256,12.584737,-11.631465,-4.066792,-4.850198,-2.370857,-21.833279,11.549376,-6.881464,-2.207624,1.608513,1.528438,0.446629,-3.149004,23.572102,-44.634872,56.973328,6.929859,9.408299,-5.696467,-1.470073,-23.847933,46.179127,64.501869,-3.902351,9.191126,-9.632128
997.000000,-2416.953613,-1136.122925,78.577766,-0.930288,0.323467,-44.064569,-0.248467,6.765785,10.103296,12.451747,-11.630662,-4.027770,-4.729677,-2.353214,-21.694572,11.442338,-6.814881,-2.153977,1.747886,1.437885,0.436044,-3.148101,23.529322,-44.623817,57.031235,6.668000,9.411000,-5.538554,-1.527366,-23.476559,46.244625,64.497406,-3.605082,9.343904,-9.461834
998.000000,-2416.913086,-1136.101440,78.580727,-0.953888,0.280885,-44.112697,-0.140868,6.757523,10.148935,12.431520,-11.659644,-3.996877,-4.613633,-2.327738,-21.637014,11.321249,-6.751846,-2.114862,1.834158,1.325643,0.398494,-3.146387,23.530390,-44.602749,57.059143,6.303586,9.419580,-5.400240,-1.620388,-23.157263,46.323330,64.491089,-3.238943,9.394621,-9.370820
999.000000,-2416.884521,-1136.068481,78.581459,-0.974601,0.276784,-44.117996,-0.149027,6.745216,10.136095,12.499472,-11.711569,-3.960170,-4.563498,-2.324889,-21.630407,11.241352,-6.701181,-2.080806,1.888502,1.160783,0.334378,-3.152246,23.535490,-44.503265,57.071861,5.633248,9.429328,-5.230294,-1.798750,-22.884165,46.354523,64.406860,-2.746018,9.404278,-9.265555
1000.000000,-2416.884521,-1136.028687,78.570877,-0.945634,0.323980,-44.399724,-0.157698,6.737995,10.371226,12.506001,-11.741718,-3.953473,-4.850250,-2.373997,-21.387939,11.591579,-6.805350,-2.112087,2.111290,0.917606,0.292184,-3.170961,23.586815,-44.458569,57.043442,5.169770,9.433172,-5.060706,-2.120813,-22.825218,46.505180,64.114426,-2.350301,9.404766,-9.149947
1001.000000,-2416.919434,-1136.007446,78.556107,-0.904674,0.332733,-44.617078,-0.157198,6.748218,10.600819,12.544268,-11.770904,-3.972341,-5.171860,-2.429825,-21.148436,12.071908,-6.982643,-2.179755,2.223707,0.574552,0.342197,-3.172815,23.712795,-44.455593,57.026917,4.968240,9.435484,-4.884292,-2.631599,-22.805187,46.628487,63.750195,-2.091346,9.400929,-9.024759
1002.000000,-2416.978271,-1136.017456,78.540352,-0.877740,0.348741,-44.706458,-0.241312,6.788213,10.666841,12.678578,-11.819192,-4.017550,-5.407938,-2.457927,-21.070801,12.443614,-7.147859,-2.257443,2.204039,0.164516,0.387068,-3.172140,23.873636,-44.452023,57.027988,4.855673,9.440717,-4.735775,-3.162960,-22.794802,46.638073,63.380089,-1.935883,9.380565,-8.952898
1003.000000,-2417.054199,-1136.063721,78.521118,-0.880815,0.358726,-44.803253,-0.318298,6.864360,10.696237,12.822487,-11.880758,-4.085371,-5.533909,-2.425633,-21.036976,12.638998,-7.245907,-2.333036,2.201946,-0.127494,0.395929,-3.159054,23.996572,-44.438839,57.028820,4.749173,9.445455,-4.643702,-3.516984,-22.813150,46.621082,63.122318,-1.749989,9.364726,-8.908227
1004.000000,-2417.153076,-1136.145752,78.494766,-0.942892,0.346156,-44.958465,-0.470910,7.112986,10.784431,13.236156,-12.084352,-4.251967,-5.659025,-2.244612,-20.952337,12.837095,-7.355326,-2.501776,2.204760,-0.568007,0.399507,-3.085512,24.226574,-44.397953,57.028915,4.484029,9.454087,-4.478601,-4.121833,-22.917648,46.518692,62.635036,-1.395928,9.354250,-8.767511
1005.000000,-2417.281006,-1136.254883,78.460815,-1.047396,0.341293,-45.214397,-0.701819,7.505875,10.941030,13.870214,-12.401613,-4.460289,-5.731585,-1.911106,-20.816904,12.870103,-7.381413,-2.711150,2.211261,-0.957285,0.391962,-2.959771,24.513304,-44.369328,56.986271,4.109900,9.461011,-4.257073,-4.808614,-23.129847,46.408981,62.072811,-1.201836,9.334123,-8.632646
1006.000000,-2417.437012,-1136.380127,78.416039,-1.188872,0.418273,-45.478477,-1.126000,8.019002,11.101840,14.744018,-12.826812,-4.702085,-5.890574,-1.474876,-20.666113,12.871210,-7.392499,-2.960484,2.226394,-1.313723,0.323432,-2.807332,24.894146,-44.363071,56.817219,3.619807,9.462817,-4.011817,-5.613354,-23.476240,46.374691,61.417175,-0.844602,9.308518,-8.597618
1007.000000,-2417.640381,-1136.513916,78.354012,-1.373588,0.536128,-45.798489,-1.766524,8.656324,11.251290,15.918686,-13.375407,-4.972656,-6.148689,-0.955448,-20.521338,12.897904,-7.395455,-3.259538,2.241360,-1.603254,0.291203,-2.696455,25.375685,-44.358521,56.545467,3.062569,9.432425,-3.745982,-6.521919,-24.083990,46.366852,60.439003,-0.328617,9.292632,-8.595420
1008.000000,-2417.878662,-1136.665894,78.286972,-1.574546,0.646245,-46.091883,-2.214400,9.136395,11.339089,16.732077,-13.742742,-5.199055,-6.327363,-0.560683,-20.437672,12.908446,-7.392543,-3.502246,2.247553,-1.780027,0.320007,-2.651236,25.760666,-44.356098,56.382401,2.656067,9.363152,-3.551938,-7.194752,-24.628464,46.364132,59.596054,0.021923,9.280566,-8.615317
1009.000000,-2418.164307,-1136.871582,78.218010,-1.759162,0.742556,-46.424469,-2.836327,9.931153,11.459671,17.853174,-14.216628,-5.645906,-6.596068,0.102012,-20.352831,12.935743,-7.401536,-3.966097,2.310611,-2.101781,0.391729,-2.616878,26.462259,-44.354210,56.214294,1.914197,9.230939,-3.242087,-8.278302,-25.532644,46.363922,58.241177,0.651783,9.230406,-8.744886
1010.000000,-2418.481445,-1137.125244,78.145172,-1.963001,0.934927,-46.724400,-3.446036,10.752275,11.572867,18.811329,-14.572793,-6.159388,-6.957287,0.771880,-20.373062,13.052785,-7.422097,-4.516302,2.460930,-2.423987,0.359471,-2.499421,27.258318,-44.354042,55.950562,1.175712,9.145798,-2.933217,-9.274429,-26.299086,46.368168,57.283978,1.533784,9.113356,-9.011797
1011.000000,-2418.850586,-1137.413696,78.051422,-2.157387,1.197516,-46.926264,-4.269948,11.622711,11.541374,19.909698,-14.921060,-6.705868,-7.417949,1.419775,-20.803114,13.238935,-7.499412,-5.180854,2.568674,-2.683909,0.286778,-2.339820,28.053957,-44.296310,55.621708,0.316344,9.084174,-2.615080,-10.114579,-27.078262,46.368649,56.459023,2.645869,8.984056,-9.427609
1012.000000,-2419.262695,-1137.713013,77.930222,-2.201608,1.403533,-47.065626,-5.056921,12.337288,11.483667,20.958715,-15.221638,-7.205878,-7.901256,1.891240,-21.247604,13.604609,-7.881645,-5.754609,2.639511,-3.029456,0.341138,-2.276170,28.772072,-44.232243,55.364346,-0.340660,9.060907,-2.359470,-10.860452,-27.797400,46.354637,55.780228,3.523175,8.928247,-9.852584
1013.000000,-2419.701416,-1138.024536,77.799156,-2.267590,1.523745,-47.139135,-5.696746,12.986110,11.356640,21.888256,-15.491973,-7.641631,-8.326229,2.318764,-21.416119,14.105665,-8.279005,-6.160823,2.589254,-3.221807,0.488307,-2.244548,29.295828,-44.225731,55.100807,-0.532709,9.073208,-2.184789,-11.429848,-28.350679,46.227104,55.229492,3.917783,8.984586,-10.177245
1014.000000,-2420.149902,-1138.359253,77.667274,-2.307475,1.656395,-47.090440,-6.511217,13.735698,11.139840,23.017080,-15.744953,-8.111568,-8.850912,2.784863,-21.664957,14.794009,-8.792914,-6.692132,2.393219,-3.340535,0.573493,-2.160452,29.764645,-44.224270,54.741787,-0.566789,9.089629,-2.018856,-11.870431,-28.903576,45.947327,54.630348,4.036405,9.095531,-10.507565
1015.000000,-2420.604736,-1138.707031,77.554291,-2.250997,1.739797,-46.962371,-7.110837,14.212858,11.123323,23.872059,-15.787654,-8.331428,-9.143466,3.033465,-21.882919,15.212864,-9.152288,-7.047059,2.211021,-3.416598,0.605650,-2.119602,29.986643,-44.224110,54.487259,-0.563433,9.117146,-1.949944,-12.017725,-29.215952,45.742912,54.331970,4.042096,9.152281,-10.709366
1016.000000,-2421.072266,-1139.072998,77.472557,-2.018555,1.861097,-46.908854,-7.919683,14.812845,11.678591,25.109310,-15.605788,-8.379659,-9.533176,3.231761,-22.079185,15.743288,-9.608551,-7.507100,2.130184,-3.654346,0.585900,-2.096053,30.251644,-44.217590,54.077442,-0.551199,9.155478,-1.914987,-12.025205,-29.534422,45.519444,54.137772,4.050234,9.192495,-10.934836
1017.000000,-2421.551270,-1139.444214,77.413696,-1.675517,2.044223,-46.684311,-8.861938,15.397272,12.887804,26.482115,-15.177250,-8.046351,-10.023073,3.231139,-22.334312,16.337704,-10.082282,-7.968498,1.987371,-4.057889,0.477436,-2.076642,30.559391,-44.175488,53.590370,-0.539060,9.172150,-1.906990,-11.791875,-29.811338,45.208710,54.003033,4.074840,9.197947,-11.094061
1018.000000,-2422.042480,-1139.811646,77.350555,-1.286241,2.137164,-46.155491,-9.803502,16.016397,14.512266,28.008186,-14.699802,-7.647634,-10.409962,3.070174,-22.809664,16.949972,-10.583403,-8.367904,1.608622,-4.409217,0.449616,-2.080427,30.822823,-44.121662,53.129337,-0.530027,9.178689,-1.902411,-11.389398,-30.117411,44.830051,53.806061,4.149641,9.214308,-11.190850
1019.000000,-2422.478760,-1140.129517,77.263832,-0.922651,2.055468,-45.653286,-11.067734,16.722420,16.587324,31.234207,-14.992879,-6.346619,-10.780481,2.749153,-23.491493,17.942707,-11.351662,-8.856770,1.073702,-4.684879,0.547127,-2.133153,31.003027,-44.145405,52.721237,-0.506065,9.178645,-1.899392,-10.686200,-30.638554,44.411747,53.452335,4.233926,9.264386,-11.299639
1020.000000,-2422.791992,-1140.405884,77.169189,-0.654345,1.847601,-45.496679,-11.816864,16.607262,18.157072,36.014568,-15.825187,-4.751621,-10.971170,2.547342,-23.759653,18.980299,-12.091039,-9.277588,0.978588,-4.622776,0.642533,-2.141552,30.866968,-44.384647,52.636951,-0.469731,9.176517,-1.896217,-9.792089,-31.251539,44.127754,53.204762,4.246074,9.390679,-11.412708
1021.000000,-2423.008057,-1140.658325,77.047447,-0.500355,1.700031,-45.350372,-12.118773,15.521620,19.200161,41.020763,-16.412769,-3.200519,-11.195033,2.400025,-24.036797,20.063456,-12.858136,-9.594030,0.813507,-4.233403,0.471006,-2.069330,30.556137,-45.009686,52.745380,-0.522313,9.180384,-1.898051,-8.663191,-31.885090,44.005959,53.104118,4.377082,9.663404,-11.546767
1022.000000,-2423.175293,-1140.891479,76.899010,-0.484605,1.509356,-44.970832,-11.804387,13.687490,19.972883,45.093147,-17.356846,-2.089191,-11.349131,2.280437,-24.537228,21.172117,-13.688756,-9.836799,0.366925,-3.620195,0.300447,-1.930928,30.226721,-45.591972,52.790230,-0.570176,9.185532,-1.932651,-7.374323,-32.461025,43.863167,53.073013,4.585260,10.104292,-11.618073
1023.000000,-2423.344238,-1141.126953,76.717209,-0.473451,1.343970,-44.519254,-11.204988,12.152504,20.673882,47.040379,-18.128864,-1.614302,-11.507587,2.160918,-24.916538,22.061388,-14.336792,-9.991216,0.001478,-3.219218,0.212120,-1.857747,30.040506,-45.911579,52.792503,-0.578192,9.185921,-1.966967,-6.360748,-32.791252,43.764484,52.966213,4.723233,10.533385,-11.645580
1024.000000,-2423.546143,-1141.357178,76.509201,-0.505670,1.211054,-43.934129,-9.969791,9.562230,21.820164,49.008751,-19.355118,-1.221389,-11.848073,1.979444,-25.562012,23.532658,-15.384164,-10.243682,-0.705160,-2.655078,0.167259,-1.844583,29.860147,-46.386944,52.789776,-0.601014,9.184300,-1.998965,-4.671774,-33.211819,43.727459,52.538647,5.013933,11.292822,-11.685864
1025.000000,-2423.797363,-1141.582153,76.283188,-0.438738,1.222612,-43.279288,-8.769343,6.876580,22.602814,49.610836,-20.470547,-1.109906,-12.387262,1.708463,-26.253273,25.072548,-16.431034,-10.490264,-1.522842,-2.311549,0.156152,-1.981396,29.843725,-46.799755,52.738720,-0.630728,9.192813,-2.066002,-2.976766,-33.392776,43.722191,52.132759,5.449876,11.845714,-11.718164
1026.000000,-2424.105713,-1141.794434,76.043213,-0.354021,1.354196,-42.631340,-7.701120,4.150428,23.065933,49.063480,-21.742554,-1.089628,-13.177442,1.362839,-26.888378,26.714779,-17.460026,-10.757866,-2.346531,-2.171429,0.202972,-2.296272,29.986544,-47.188522,52.489597,-0.636263,9.241658,-2.239008,-1.333298,-33.398037,43.722103,51.999180,5.930018,12.129522,-11.712729
1027.000000,-2424.455566,-1142.005493,75.806595,-0.367324,1.550910,-42.067125,-6.742796,1.699287,23.126762,47.371563,-23.257668,-1.066883,-13.965602,1.255887,-27.460238,27.961792,-18.217831,-11.026075,-3.067644,-2.002177,0.290924,-2.652373,30.170036,-47.359032,51.963947,-0.576442,9.280141,-2.428279,0.356558,-33.358349,43.721645,51.954414,6.489859,12.290797,-11.655732
1028.000000,-2424.832031,-1142.219116,75.578011,-0.373182,1.820634,-41.646718,-6.008841,-0.245609,23.037081,45.270031,-24.444078,-0.913493,-14.712399,1.268051,-27.891142,28.906824,-18.764601,-11.294623,-3.673326,-1.878993,0.335749,-2.916827,30.329123,-47.438278,51.377960,-0.446869,9.277345,-2.526212,1.895169,-33.239937,43.721008,51.972996,7.002856,12.444948,-11.523687
1029.000000,-2425.240723,-1142.438110,75.359619,-0.400061,2.020846,-41.331355,-5.203683,-2.109285,22.980179,42.513947,-25.563608,-0.497169,-15.492677,1.396500,-28.342649,29.830576,-19.293987,-11.664714,-4.389152,-1.764409,0.450974,-3.162617,30.472963,-47.469124,50.736389,-0.324370,9.178359,-2.579407,3.655497,-33.008305,43.721283,52.051910,7.527019,12.660736,-11.298684
1030.000000,-2425.660400,-1142.669067,75.164673,-0.332509,2.276524,-41.172170,-4.612146,-3.476038,23.073605,39.480946,-26.170557,0.352990,-16.244457,1.517122,-28.624296,30.566225,-19.691910,-11.998863,-4.850925,-1.811195,0.404932,-3.347663,30.500891,-47.468761,50.390068,-0.308285,8.974420,-2.649084,5.287981,-32.712738,43.727203,52.196613,7.984560,12.871809,-11.019977
1031.000000,-2426.129150,-1142.893555,74.978531,-0.237376,2.489355,-40.935856,-4.386094,-4.327811,22.886780,37.311211,-26.169516,1.219916,-16.781313,1.575747,-28.876820,31.068571,-19.955654,-12.253819,-5.162591,-1.928391,0.395361,-3.552588,30.502520,-47.467297,50.133102,-0.353430,8.876472,-2.755699,6.420706,-32.463326,43.822029,52.381824,8.419335,13.024367,-10.746654
1032.000000,-2426.665039,-1143.121582,74.790215,-0.030860,2.595875,-40.812652,-4.200728,-5.144166,22.414797,34.728729,-25.630098,2.659850,-17.432320,1.635256,-29.150852,31.732985,-20.265427,-12.585354,-5.494795,-2.198802,0.459795,-3.908550,30.505150,-47.462280,49.765900,-0.506507,8.770822,-2.947753,7.666528,-32.150486,44.109398,52.693249,9.064263,13.201324,-10.259959
1033.000000,-2427.227051,-1143.362671,74.644432,0.443459,2.732959,-40.912034,-3.925357,-5.669924,22.280453,33.242661,-26.217501,4.435957,-18.109289,1.495618,-29.089611,32.490532,-20.530886,-12.766471,-5.564853,-2.803544,0.406616,-4.232235,30.474014,-47.384575,49.629261,-0.649720,8.576968,-3.098515,8.571857,-31.741724,44.332363,53.085548,9.538000,13.329831,-9.755882
1034.000000,-2427.790527,-1143.558716,74.555519,0.831073,2.869490,-41.086807,-3.725036,-6.175719,22.134174,31.719000,-26.786463,6.232908,-19.027252,1.281680,-28.937998,33.465828,-20.725321,-11.923127,-5.598935,-3.538085,0.252067,-4.615312,30.257607,-47.113358,49.699829,-0.833066,8.263003,-3.257839,9.465637,-31.276161,44.497040,53.522022,9.898755,13.420074,-9.149654
1035.000000,-2428.380371,-1143.703247,74.515488,0.972704,2.931304,-41.562109,-3.552183,-6.106452,22.514841,30.534899,-27.096388,7.724836,-19.897076,1.242073,-28.899099,34.586514,-20.762630,-8.928509,-5.261196,-3.900538,0.238577,-5.068571,29.811272,-46.624451,50.120617,-1.000719,7.811936,-3.399684,9.998911,-30.970255,44.592293,53.770683,9.949680,13.525519,-8.526425
1036.000000,-2429.026855,-1143.798462,74.511658,0.952708,3.041178,-42.385892,-3.662830,-5.662596,23.013031,29.876751,-27.604544,8.009767,-21.117434,1.260576,-29.142811,36.147011,-19.955692,-6.288134,-4.532088,-4.156991,0.239342,-5.473447,29.483809,-46.052639,50.489067,-1.159080,7.340128,-3.496361,10.137692,-30.679951,44.616096,53.950043,9.966691,13.599062,-7.816865
1037.000000,-2429.734131,-1143.839478,74.553596,0.725691,3.053420,-43.302682,-3.935768,-5.066659,23.283638,29.843809,-28.017685,7.922833,-22.202923,1.354183,-29.470482,37.581219,-18.560184,-5.006363,-3.920885,-4.257393,0.376762,-5.747168,29.400114,-45.643764,50.635521,-1.341968,7.011001,-3.550445,9.924494,-30.489088,44.621468,54.045750,9.975048,13.602693,-7.288462
1038.000000,-2430.516113,-1143.857788,74.646729,0.388915,2.966690,-44.157251,-4.329965,-4.157256,23.447508,30.093088,-28.398760,7.747628,-23.527746,1.512026,-29.935738,39.393078,-16.183771,-3.921223,-3.332218,-4.320044,0.655305,-6.056405,29.413347,-45.234276,50.899258,-1.613955,6.625145,-3.615581,9.385999,-30.293236,44.635452,54.107197,9.981610,13.576448,-6.717346
1039.000000,-2431.329102,-1143.882202,74.776009,0.095348,2.879070,-44.807958,-4.791210,-3.102974,23.404730,30.294687,-28.620705,7.465034,-25.205614,1.604631,-30.431496,41.619019,-12.770898,-2.752361,-2.855249,-4.484919,0.901132,-6.336137,29.587889,-44.974392,51.355488,-1.928824,6.221282,-3.658056,8.595344,-30.095438,44.665810,54.047031,9.990346,13.507159,-6.120122
1040.000000,-2432.159912,-1143.929199,74.920158,-0.088513,2.703672,-45.254973,-4.968219,-2.337113,23.071827,29.982767,-28.614258,7.082428,-26.823862,1.601367,-30.511126,43.735207,-9.244509,-1.446944,-2.737864,-4.850721,1.093687,-6.440296,29.995420,-44.951012,51.752155,-2.151675,5.994006,-3.668098,7.653268,-29.864611,44.725067,53.907341,9.995509,13.483641,-5.625155
1041.000000,-2432.982910,-1144.010132,75.030144,-0.041366,2.545581,-45.416395,-4.995565,-1.816638,22.819195,29.375723,-28.502945,6.597629,-28.438936,1.153241,-30.371086,46.150791,-7.404548,-0.050945,-2.669605,-5.479256,1.123958,-6.516449,30.350954,-44.946140,52.318867,-2.358588,5.874733,-3.690878,6.710968,-29.579187,44.787136,53.869282,9.990170,13.484797,-5.135738
1042.000000,-2433.720459,-1144.118286,75.148201,0.255316,2.300085,-45.403930,-5.100239,-1.507325,22.870953,29.313105,-27.885307,6.168215,-29.565069,-0.221077,-29.682047,48.407513,-7.702706,0.468751,-2.527248,-6.402574,1.148560,-6.581068,30.496206,-44.975159,53.132427,-2.404269,5.804520,-3.695307,5.868884,-29.277573,44.788635,53.901573,9.840918,13.533006,-4.734549
1043.000000,-2434.399170,-1144.260620,75.302956,0.422009,2.173817,-45.395290,-5.248963,-1.084959,22.934690,29.219486,-27.210268,5.786835,-30.438744,-1.950112,-28.495085,50.348259,-9.390774,0.575519,-2.270737,-7.024331,0.924405,-6.310919,30.515934,-45.091110,53.829735,-2.395784,5.757124,-3.690886,5.128199,-29.099760,44.736156,53.941799,9.563074,13.677401,-4.459781
1044.000000,-2434.980469,-1144.410400,75.493393,0.294701,2.008043,-45.430755,-5.277297,-0.546936,22.947205,29.115952,-26.756132,5.476345,-30.748806,-3.297030,-27.506657,51.468224,-10.713952,0.573431,-2.021638,-7.189702,0.798872,-5.927697,30.518625,-45.289818,54.276337,-2.386075,5.693117,-3.665037,4.542860,-29.054056,44.683960,53.907532,9.415565,13.839535,-4.353881
1045.000000,-2435.535645,-1144.592651,75.725273,-0.063069,1.821587,-45.414720,-5.243285,0.427781,22.845072,28.989456,-26.220856,5.008366,-30.635309,-5.168476,-26.271366,52.580006,-12.283955,0.493798,-1.698149,-7.093381,0.701711,-5.277643,30.524042,-45.770538,54.925648,-2.367679,5.614354,-3.624881,3.711546,-29.057085,44.623920,53.790897,9.359593,14.038711,-4.300554
1046.000000,-2436.098145,-1144.839111,75.996033,-0.375221,1.634252,-45.339408,-5.041223,1.297470,22.634975,28.522598,-25.564356,4.531393,-30.082378,-7.093821,-24.656027,53.146633,-13.514514,0.404804,-1.450692,-6.999872,0.624001,-4.403339,30.627943,-46.261543,55.442200,-2.159901,5.650896,-3.602495,2.884379,-29.028568,44.449661,53.679955,9.267359,14.090619,-4.284446
1047.000000,-2436.653809,-1145.138794,76.269127,-0.602206,1.432085,-45.063263,-4.724509,1.973254,22.221743,27.779627,-24.767050,4.026936,-29.113443,-8.903918,-22.472155,53.068218,-14.308832,0.359354,-1.346732,-7.047171,0.620842,-3.413932,30.866333,-46.684418,55.646503,-1.765863,5.898502,-3.595621,2.084741,-28.994711,44.304066,53.572735,9.146367,14.016869,-4.283928
1048.000000,-2437.208496,-1145.497070,76.537895,-0.731243,1.151892,-44.939751,-4.164851,2.541364,21.906528,26.787930,-23.892996,3.461970,-27.715540,-10.389112,-20.043407,52.313641,-14.743050,0.353508,-0.900450,-7.235124,0.779843,-2.488152,31.114758,-46.936947,55.664848,-1.450947,6.243036,-3.586568,1.424479,-28.973148,44.265190,53.478577,9.096997,13.889252,-4.326723
1049.000000,-2437.737061,-1145.891602,76.781013,-0.805902,0.935809,-44.749224,-3.599958,3.035485,21.566189,25.721893,-22.987780,2.894238,-25.917831,-11.585527,-17.820677,50.665798,-14.898169,0.386421,-0.361039,-7.456109,0.913439,-1.556442,31.265285,-47.039005,55.664879,-1.178499,6.599812,-3.541457,0.850538,-28.967838,44.181580,53.303986,9.081840,13.827156,-4.382957
1050.000000,-2438.255859,-1146.315918,76.983437,-0.826636,0.814978,-44.300857,-3.245583,3.430072,20.958412,24.795263,-22.119617,2.342763,-23.731590,-12.632995,-16.003025,48.106583,-14.772652,0.601930,-0.127456,-7.679818,0.954382,-0.594942,31.327135,-47.085743,55.626556,-0.859842,7.017428,-3.517936,0.285711,-28.970932,43.862255,53.044132,9.067392,13.689300,-4.499454
1051.000000,-2438.758057,-1146.759644,77.139320,-0.831220,0.680233,-43.771285,-3.024969,3.735621,20.416054,24.246975,-21.556873,1.901790,-21.786455,-13.228052,-14.959283,45.665512,-14.438587,0.874233,-0.045391,-7.817947,1.022325,0.089788,31.321310,-47.091446,55.524982,-0.571203,7.383190,-3.526000,-0.129765,-28.971441,43.522598,52.858368,9.051818,13.454627,-4.681763
1052.000000,-2439.273682,-1147.271851,77.258278,-0.801924,0.622512,-43.404950,-2.831569,4.213273,19.867622,23.690287,-20.949451,1.255654,-19.194832,-13.698110,-13.991237,42.289478,-13.720688,1.243145,0.191005,-7.995583,0.957601,0.971661,31.299761,-47.094082,55.287003,-0.159111,7.871005,-3.623954,-0.614607,-28.945187,43.108795,52.665367,9.033143,13.005051,-5.022192
1053.000000,-2439.795654,-1147.832275,77.343544,-0.834262,0.573159,-43.328215,-2.682139,4.922310,19.624912,23.410816,-20.551146,0.488346,-16.637230,-13.647416,-13.383136,38.814037,-12.305971,1.554652,0.722202,-8.079885,0.811386,1.726184,31.244316,-47.053085,55.115810,0.104587,8.287404,-3.923487,-1.081221,-28.843836,42.771164,52.614777,9.034166,12.457916,-5.440302
1054.000000,-2440.343750,-1148.440308,77.400352,-0.881993,0.543750,-43.354376,-2.618758,5.758166,19.474697,23.369299,-20.290886,-0.336706,-14.188387,-13.081926,-12.920748,35.240906,-10.013818,2.242667,1.336404,-8.107383,0.644282,2.335941,31.179773,-46.831715,55.001743,0.323626,8.628090,-4.327823,-1.573440,-28.634596,42.608410,52.621788,8.993567,11.945269,-5.896420
1055.000000,-2440.942383,-1149.055054,77.474915,-1.021689,0.454718,-43.411041,-2.549641,6.511684,19.349604,23.362040,-20.078959,-0.994673,-12.554106,-12.114359,-12.857381,32.562920,-10.597579,3.988942,1.786742,-8.021834,0.651629,2.677168,31.075245,-46.463112,54.949680,0.559421,8.855799,-4.581905,-2.006431,-28.376143,42.549408,52.625896,8.935022,11.571571,-6.280604
1056.000000,-2441.498291,-1149.603760,77.572891,-1.264255,0.397911,-43.331491,-2.482826,7.521786,19.037935,23.235807,-19.700115,-1.809206,-10.747129,-10.846505,-13.460377,29.505566,-11.248186,5.229666,2.187234,-7.679298,0.693507,3.044552,30.742441,-45.793297,54.870663,0.955899,9.143392,-4.798372,-2.504367,-28.007666,42.468349,52.625130,8.800572,11.085117,-6.765934
1057.000000,-2442.037354,-1150.119263,77.692108,-1.586317,0.383721,-43.154677,-2.479511,8.556537,18.565403,22.979652,-19.220808,-2.564756,-9.275350,-9.537947,-14.256979,26.893005,-11.486645,5.070251,2.388502,-7.032516,0.699219,3.371263,30.221106,-45.019875,54.649033,1.353385,9.376627,-4.937905,-2.822647,-27.656704,42.319336,52.623573,8.501688,10.591929,-7.227462
1058.000000,-2442.549805,-1150.594727,77.812965,-1.884489,0.420872,-42.919222,-2.496782,9.466291,18.055239,22.566771,-18.659737,-3.242729,-8.146061,-8.382093,-15.095060,24.736551,-11.300982,4.760824,2.447368,-6.278032,0.654019,3.642949,29.666180,-44.353451,54.273949,1.725464,9.483593,-5.021193,-2.995701,-27.340914,42.230762,52.627781,8.119429,10.177472,-7.693957
1059.000000,-2443.017090,-1151.019043,77.915764,-2.080378,0.404796,-42.807002,-2.395561,10.032598,17.773417,22.118143,-18.197895,-3.710705,-7.403028,-7.610114,-15.613783,23.293274,-11.086998,4.491426,2.511273,-5.717671,0.646929,3.788339,29.230087,-43.925842,53.975662,2.082480,9.485462,-5.066689,-3.067821,-27.059591,42.117031,52.729275,7.774311,9.902830,-8.062427
1060.000000,-2443.466309,-1151.434448,77.994919,-2.132427,0.364531,-42.775282,-2.121393,10.598347,17.572956,21.393375,-17.568985,-4.275492,-6.471811,-6.726589,-16.111645,21.459839,-10.896903,4.104270,2.604018,-5.026715,0.587150,3.861988,28.552574,-43.550556,53.839443,2.728072,9.463161,-5.115589,-3.132405,-26.578676,41.971203,53.090328,7.275605,9.607875,-8.600585
1061.000000,-2443.897949,-1151.837402,78.041031,-1.983905,0.301287,-42.789779,-1.728444,10.861975,17.502338,20.516554,-16.898615,-4.758631,-5.590934,-6.131084,-16.558083,19.759783,-10.947429,3.717829,2.590384,-4.497875,0.471273,3.815308,27.837971,-43.414371,53.970856,3.675373,9.491106,-5.126154,-3.136522,-25.995941,41.850651,53.574078,6.835241,9.377933,-9.188890
1062.000000,-2444.319824,-1152.219604,78.035767,-1.657302,0.224971,-42.836042,-1.327073,10.891518,17.511438,19.719810,-16.291523,-5.169692,-4.786273,-5.783546,-16.889774,18.264053,-11.337271,3.358547,2.517171,-4.149661,0.360332,3.618859,27.177137,-43.258507,54.652142,4.779788,9.648497,-5.088292,-3.090268,-25.317669,41.722034,54.199394,6.327992,9.168827,-9.786672
1063.000000,-2444.723145,-1152.534912,78.013084,-1.395037,0.097717,-42.918846,-1.027552,10.932517,17.549292,19.230434,-15.838388,-5.526261,-4.212002,-5.495123,-16.962395,17.250109,-11.817717,2.951385,2.468739,-3.774649,0.369720,3.314054,26.503283,-42.951050,55.541378,5.729308,9.672256,-5.086857,-2.997247,-24.605389,41.446274,54.903534,5.612935,9.015162,-10.422370
1064.000000,-2445.077148,-1152.775879,78.049103,-1.366488,-0.163080,-42.894083,-0.715959,11.153161,17.469530,18.880072,-15.474664,-5.723387,-3.910103,-5.165514,-17.045010,16.996016,-11.743609,2.606597,2.387190,-3.228928,0.565220,3.000593,25.857500,-42.689125,56.294998,6.315465,9.675753,-5.050598,-2.955215,-24.056635,41.217346,55.601254,4.936109,8.959122,-10.910542
1065.000000,-2445.417969,-1153.017944,78.113899,-1.266674,-0.366949,-42.648594,-0.409403,11.301792,17.291561,18.383741,-14.817350,-5.879693,-3.522131,-4.895519,-17.317791,16.684422,-11.589842,2.234692,2.108670,-2.619029,0.722822,2.667044,25.080828,-42.524887,57.113567,6.866245,9.689578,-5.009428,-2.852222,-23.282812,41.086815,56.674240,3.941655,8.946695,-11.503041
1066.000000,-2445.712402,-1153.232422,78.187111,-1.088146,-0.483645,-42.406877,-0.243627,11.309124,17.197525,17.924114,-14.014659,-5.998148,-3.184921,-4.781498,-17.623310,16.306170,-11.447288,1.911296,1.846927,-2.190665,0.735229,2.426910,24.477148,-42.509933,57.829304,7.392141,9.776742,-4.911505,-2.639158,-22.543798,41.071938,57.744205,3.105492,8.945992,-12.024268
1067.000000,-2445.983643,-1153.412231,78.255882,-0.868580,-0.533747,-42.321252,-0.116920,11.226994,17.124269,17.448412,-13.174035,-6.140229,-3.030050,-4.727621,-17.722458,16.024431,-11.344658,1.598371,1.858944,-1.873480,0.706229,2.219056,24.019676,-42.505505,58.297009,7.973509,9.849470,-4.844821,-2.358736,-21.921219,41.072212,58.673431,2.519375,8.950269,-12.499401
1068.000000,-2446.245117,-1153.561523,78.321556,-0.675144,-0.569020,-42.202234,-0.072137,11.140466,16.956488,17.059502,-12.403886,-6.281840,-2.897428,-4.674304,-17.821159,15.706492,-11.215367,1.315890,1.856203,-1.550562,0.699589,2.110242,23.682728,-42.501640,58.451813,8.460441,9.897660,-4.798683,-2.160595,-21.404459,41.075974,59.580292,1.901799,8.951355,-12.874130
1069.000000,-2446.469482,-1153.676392,78.378960,-0.516473,-0.602994,-42.059212,-0.071756,11.013723,16.533794,16.728657,-11.751978,-6.355524,-2.746253,-4.628011,-17.944208,15.364238,-11.071398,1.087817,1.803508,-1.199801,0.694350,2.079368,23.422136,-42.498753,58.462795,8.891329,9.984251,-4.699163,-1.988072,-21.009869,41.079777,60.480305,1.196705,8.951995,-13.199805
1070.000000,-2446.652344,-1153.761108,78.426651,-0.378050,-0.650709,-41.922619,-0.066083,10.857453,15.988581,16.449932,-11.202978,-6.430933,-2.597620,-4.608241,-18.051836,15.075749,-10.950676,0.915061,1.745565,-0.827236,0.679464,2.078493,23.147980,-42.498722,58.458870,9.216927,10.013163,-4.676212,-1.739440,-20.763840,41.081760,61.232662,0.571592,8.957334,-13.502363
1071.000000,-2446.802734,-1153.828491,78.466583,-0.226245,-0.704933,-41.775617,-0.048553,10.718752,15.624173,16.251308,-10.810422,-6.490996,-2.510390,-4.640215,-18.130728,14.947724,-10.905052,0.811413,1.664263,-0.594370,0.659019,2.091606,22.980642,-42.499462,58.459442,9.458401,10.094995,-4.648823,-1.509228,-20.622093,41.081310,61.700539,0.150054,8.983972,-13.696773
1072.000000,-2446.931641,-1153.883301,78.500900,-0.072547,-0.762822,-41.671334,0.004989,10.518747,15.232434,15.972773,-10.319827,-6.563048,-2.435324,-4.725894,-18.213583,14.879482,-10.888192,0.701947,1.526952,-0.356011,0.620800,2.126750,22.790211,-42.500843,58.455986,9.701947,10.172311,-4.649566,-1.164025,-20.472876,41.079834,62.178261,-0.348173,9.076645,-13.897004
1073.000000,-2447.041748,-1153.923218,78.526421,0.047025,-0.797178,-41.628346,0.056593,10.367979,14.953115,15.750131,-9.930510,-6.627855,-2.419217,-4.784210,-18.224152,14.864396,-10.878918,0.605705,1.503000,-0.160284,0.562566,2.131111,22.622087,-42.501091,58.450138,9.879449,10.237812,-4.670935,-0.762240,-20.360493,41.081814,62.516945,-0.643648,9.219917,-14.028296
1074.000000,-2447.144531,-1153.948853,78.546814,0.157262,-0.808485,-41.603291,0.061843,10.254175,14.804933,15.588158,-9.607741,-6.676573,-2.464172,-4.841505,-18.222113,14.895928,-10.879316,0.520311,1.483708,-0.030990,0.506491,2.128834,22.505955,-42.501919,58.445065,10.024022,10.339646,-4.676807,-0.399416,-20.221848,41.086769,62.805294,-0.714467,9.377373,-14.081971
1075.000000,-2447.233887,-1153.957886,78.562836,0.261761,-0.825851,-41.574473,0.084972,10.130143,14.725817,15.396978,-9.312337,-6.707263,-2.539060,-4.925923,-18.218779,14.989742,-10.899430,0.453822,1.415442,0.032226,0.489958,2.127601,22.425367,-42.505821,58.438816,10.129451,10.420573,-4.696639,-0.105045,-20.039368,41.090778,63.077087,-0.728305,9.528688,-14.088858
1076.000000,-2447.302002,-1153.949829,78.572128,0.310277,-0.861747,-41.478382,0.115517,10.027790,14.563936,15.217695,-9.121534,-6.726929,-2.548775,-4.983030,-18.278288,15.035764,-10.904229,0.417732,1.225614,0.127109,0.487758,2.129540,22.373564,-42.555901,58.389172,10.203183,10.595352,-4.757734,0.152128,-19.862341,41.092140,63.262821,-0.728253,9.704750,-14.082548
1077.000000,-2447.350586,-1153.920288,78.574440,0.324100,-0.899503,-41.358956,0.123584,9.950068,14.370196,15.088664,-9.035995,-6.740452,-2.541588,-5.022057,-18.366507,15.069326,-10.899343,0.397406,0.954028,0.267131,0.478477,2.128425,22.354572,-42.691055,58.269707,10.211458,10.789888,-4.846611,0.394971,-19.726891,41.097385,63.304165,-0.728854,9.889922,-14.016517
1078.000000,-2447.382568,-1153.868042,78.575691,0.359509,-0.893392,-41.297950,0.118020,9.859603,14.246177,14.969200,-8.974974,-6.742530,-2.611900,-5.086802,-18.387602,15.162688,-10.911500,0.391048,0.777902,0.354172,0.445372,2.119690,22.346239,-42.814198,58.179356,10.208098,10.880841,-4.892416,0.549291,-19.639986,41.141602,63.308815,-0.731552,9.997244,-13.902952
1079.000000,-2447.399170,-1153.793091,78.580322,0.397242,-0.897878,-41.278993,0.164833,9.701334,14.095903,14.716439,-8.872517,-6.737119,-2.722169,-5.190374,-18.361467,15.280112,-10.907517,0.396629,0.614980,0.457440,0.432877,2.078767,22.319315,-42.963875,58.097572,10.202971,10.957430,-4.906230,0.697851,-19.542616,41.263050,63.313099,-0.740089,10.089117,-13.665755
1080.000000,-2447.396973,-1153.702881,78.585609,0.421583,-0.907587,-41.274713,0.272446,9.532084,13.967958,14.390274,-8.782059,-6.721962,-2.798929,-5.286746,-18.312771,15.346444,-10.873957,0.420146,0.476663,0.569603,0.432192,2.057278,22.260511,-43.046200,58.062672,10.201051,11.013456,-4.891583,0.821330,-19.448273,41.351357,63.317463,-0.756178,10.124218,-13.335625
1081.000000,-2447.379395,-1153.599609,78.588982,0.434818,-0.922416,-41.287700,0.396223,9.366334,13.875933,14.071353,-8.731055,-6.683495,-2.868148,-5.381923,-18.245058,15.406734,-10.830860,0.465143,0.370866,0.680600,0.431744,2.053173,22.180399,-43.100735,58.039883,10.201275,11.062316,-4.840414,0.928205,-19.355827,41.400635,63.322441,-0.776271,10.133475,-12.958709
1082.000000,-2447.348877,-1153.481445,78.589622,0.448797,-0.945199,-41.352632,0.555373,9.194375,13.837132,13.738329,-8.707991,-6.621461,-2.958358,-5.485377,-18.124956,15.507771,-10.795456,0.528503,0.327703,0.774863,0.433659,2.051630,22.084852,-43.124966,58.033428,10.199494,11.087221,-4.797548,1.013880,-19.264891,41.439655,63.328930,-0.797082,10.140051,-12.548125
1083.000000,-2447.309326,-1153.352295,78.588829,0.442545,-0.969071,-41.390871,0.691238,9.038488,13.805847,13.455318,-8.722626,-6.547928,-3.031387,-5.580425,-18.022167,15.580876,-10.742766,0.604060,0.287567,0.864434,0.435399,2.049042,21.995668,-43.134846,58.031967,10.201931,11.129651,-4.733823,1.073905,-19.168917,41.496002,63.343067,-0.849825,10.146416,-12.150763
1084.000000,-2447.264160,-1153.217163,78.585693,0.419877,-0.987864,-41.395549,0.770684,8.928559,13.782035,13.267916,-8.761289,-6.481891,-3.076506,-5.651842,-17.974569,15.620473,-10.695243,0.670105,0.240082,0.935753,0.436155,2.042441,21.929304,-43.139648,58.029255,10.203653,11.148114,-4.703548,1.107280,-19.096678,41.540447,63.359947,-0.916846,10.150816,-11.862011
1085.000000,-2447.208984,-1153.066406,78.579071,0.375067,-1.030669,-41.355082,0.884688,8.785008,13.713120,13.017069,-8.853719,-6.382237,-3.103505,-5.743985,-17.948383,15.656791,-10.627240,0.773206,0.151746,1.042353,0.454431,2.021569,21.841457,-43.147091,58.025051,10.212186,11.177711,-4.667479,1.132495,-18.997551,41.584179,63.409115,-1.013172,10.156255,-11.476688
1086.000000,-2447.143311,-1152.900635,78.567841,0.303310,-1.073332,-41.277827,1.004995,8.646538,13.594748,12.748915,-8.990129,-6.275558,-3.096668,-5.830837,-17.976816,15.671629,-10.555089,0.889137,0.048941,1.164103,0.461953,1.967676,21.745649,-43.151295,58.012966,10.275224,11.199200,-4.658291,1.139863,-18.894564,41.645000,63.525017,-1.163039,10.166686,-11.075862
1087.000000,-2447.075439,-1152.724365,78.551125,0.202766,-1.109290,-41.192321,1.117946,8.536187,13.511093,12.472651,-9.184598,-6.155485,-3.096773,-5.896998,-18.027235,15.678000,-10.469236,1.007306,0.009751,1.305771,0.466285,1.828738,21.610901,-43.153145,58.009033,10.403330,11.221932,-4.652811,1.142201,-18.816433,41.759506,63.651978,-1.464726,10.191686,-10.666485
1088.000000,-2447.006592,-1152.540161,78.527718,0.069591,-1.142215,-41.103451,1.242431,8.459796,13.451205,12.164067,-9.445248,-6.027559,-3.101459,-5.930348,-18.090612,15.680814,-10.375505,1.132185,0.000352,1.465303,0.476573,1.640840,21.462997,-43.154411,58.006279,10.515846,11.235891,-4.644987,1.141476,-18.763126,41.882854,63.746635,-1.777249,10.223001,-10.271704
1089.000000,-2446.932617,-1152.339600,78.493149,-0.117674,-1.183343,-41.035139,1.428833,8.430500,13.428372,11.763109,-9.784167,-5.903566,-3.107690,-5.905918,-18.140236,15.680831,-10.272795,1.258036,0.004419,1.643635,0.502755,1.420883,21.308916,-43.156994,58.001568,10.538777,11.217383,-4.620033,1.133988,-18.738853,42.056267,63.792084,-2.056503,10.237999,-9.902518
1090.000000,-2446.862305,-1152.132568,78.463989,-0.269762,-1.234231,-40.971880,1.579815,8.374385,13.387690,11.445018,-10.099072,-5.706083,-3.120690,-5.913466,-18.177855,15.698487,-10.167899,1.383149,-0.011443,1.755058,0.552408,1.179202,21.160725,-43.159012,57.999367,10.556078,11.182223,-4.568496,1.130895,-18.678211,42.130131,63.827480,-2.298717,10.240786,-9.567314
1091.000000,-2446.801758,-1151.943726,78.477951,-0.248743,-1.322673,-40.984323,1.648360,8.210555,13.385405,11.368224,-10.086336,-5.565014,-3.089696,-6.045880,-18.132896,15.668795,-10.054933,1.478018,-0.014862,1.645628,0.622905,1.013535,21.086979,-43.159279,58.001614,10.573181,11.151649,-4.509242,1.130928,-18.547123,42.136765,63.866173,-2.473470,10.240572,-9.329386
1092.000000,-2446.738770,-1151.784790,78.499626,-0.237048,-1.392164,-41.057055,1.756577,8.017156,13.446062,11.261022,-10.023111,-5.409218,-3.011976,-6.173526,-18.020523,15.498837,-9.836376,1.592362,-0.021544,1.481874,0.660965,0.875723,21.040768,-43.160427,58.040703,10.686828,11.142952,-4.399471,1.137935,-18.352747,42.141380,63.912148,-2.731223,10.238373,-9.010872
1093.000000,-2446.668701,-1151.626587,78.521072,-0.249830,-1.445837,-41.142426,1.864403,7.862539,13.517893,11.137569,-9.982255,-5.258070,-2.903382,-6.245121,-17.914688,15.221666,-9.572058,1.704401,-0.041893,1.343237,0.659247,0.775546,21.002844,-43.160809,58.059235,10.803581,11.099306,-4.330885,1.140902,-18.203276,42.144070,63.980625,-3.099004,10.235606,-8.791662
1094.000000,-2446.596924,-1151.474243,78.541054,-0.284433,-1.501694,-41.215072,1.956969,7.743191,13.570317,11.050330,-9.976056,-5.110639,-2.751222,-6.277463,-17.838938,14.870567,-9.281993,1.813417,-0.062749,1.231925,0.657601,0.665951,20.941887,-43.161060,58.079849,10.900541,11.020662,-4.268320,1.141556,-18.120234,42.145592,64.051567,-3.455047,10.229987,-8.555655
1095.000000,-2446.527344,-1151.332031,78.558662,-0.322629,-1.555088,-41.291226,2.036158,7.642318,13.621521,10.994946,-9.986081,-4.972652,-2.593974,-6.295008,-17.768322,14.511945,-8.996558,1.916839,-0.073349,1.123480,0.657896,0.550792,20.866346,-43.161289,58.111847,10.974564,10.921951,-4.197855,1.143319,-18.030230,42.147144,64.123955,-3.760834,10.223360,-8.286878
1096.000000,-2446.463379,-1151.203247,78.573654,-0.361839,-1.592383,-41.364132,2.084558,7.557871,13.664851,10.976082,-10.010805,-4.846756,-2.455914,-6.303376,-17.703362,14.170497,-8.726853,2.009792,-0.080710,1.020822,0.655006,0.448787,20.789261,-43.158901,58.134552,11.064187,10.837123,-4.108457,1.144538,-17.917555,42.146946,64.203888,-4.089524,10.216944,-8.040474
1097.000000,-2446.403564,-1151.085815,78.586975,-0.398233,-1.609437,-41.428404,2.099570,7.498682,13.686539,10.973203,-10.032942,-4.758075,-2.368568,-6.307708,-17.661789,13.922302,-8.531570,2.074803,-0.081988,0.948307,0.648951,0.377887,20.737698,-43.154545,58.148022,11.126367,10.792252,-4.031835,1.149794,-17.821949,42.145638,64.265045,-4.350238,10.213727,-7.905370
1098.000000,-2446.339111,-1150.965820,78.599358,-0.426793,-1.618768,-41.477178,2.102486,7.408521,13.699773,10.971296,-10.061001,-4.640364,-2.272651,-6.330968,-17.621964,13.621367,-8.291060,2.162106,-0.081546,0.870906,0.637119,0.280530,20.625008,-43.143410,58.178551,11.156711,10.742848,-3.952271,1.149628,-17.765877,42.140713,64.319847,-4.655839,10.213288,-7.874431
1099.000000,-2446.277100,-1150.856201,78.609375,-0.446143,-1.628654,-41.508638,2.103115,7.308680,13.699995,10.972310,-10.086754,-4.525049,-2.189809,-6.376868,-17.603399,13.375723,-8.087654,2.247986,-0.082819,0.801439,0.632175,0.159790,20.458450,-43.123108,58.246853,11.178662,10.716287,-3.880259,1.149948,-17.753637,42.137093,64.338303,-4.981631,10.210782,-7.825293
1100.000000,-2446.216309,-1150.758545,78.617714,-0.463333,-1.635721,-41.541169,2.106494,7.212592,13.701122,10.974277,-10.115444,-4.415948,-2.116854,-6.424016,-17.585356,13.159624,-7.906872,2.331440,-0.082599,0.739797,0.619860,0.029875,20.271748,-43.100178,58.360657,11.214595,10.704573,-3.771765,1.151337,-17.741688,42.133942,64.354042,-5.307082,10.207827,-7.736691
1101.000000,-2446.153564,-1150.671143,78.624283,-0.477160,-1.644827,-41.606077,2.131601,7.125811,13.731233,10.968547,-10.150445,-4.315788,-2.058084,-6.463350,-17.536572,12.977675,-7.750707,2.410924,-0.072565,0.691127,0.597389,-0.070693,20.083494,-43.065948,58.503170,11.236103,10.677444,-3.647138,1.153419,-17.721437,42.129509,64.373016,-5.658010,10.206729,-7.656143
1102.000000,-2446.085938,-1150.594849,78.629318,-0.494967,-1.667523,-41.706835,2.191686,7.057851,13.797318,10.964961,-10.201645,-4.227802,-1.989930,-6.482889,-17.453648,12.806223,-7.609384,2.484550,-0.049992,0.664644,0.571244,-0.116865,19.895031,-42.991455,58.672741,11.250769,10.658743,-3.460151,1.155481,-17.692472,42.124050,64.406639,-6.014601,10.206626,-7.617801
1103.000000,-2446.017334,-1150.532593,78.632988,-0.516631,-1.695743,-41.816033,2.249895,7.018734,13.852612,10.965667,-10.248251,-4.170427,-1.928924,-6.485746,-17.387659,12.678603,-7.511754,2.535092,-0.033631,0.657352,0.542414,-0.131347,19.813545,-42.957233,58.792747,11.275897,10.653098,-3.363011,1.156604,-17.657642,42.116455,64.457260,-6.258226,10.207588,-7.609561
1104.000000,-2445.950439,-1150.481323,78.635910,-0.535302,-1.727965,-41.918441,2.333749,6.969820,13.917316,10.965358,-10.309634,-4.104323,-1.842656,-6.489325,-17.309572,12.523080,-7.399148,2.598690,-0.017707,0.655309,0.500990,-0.135631,19.747927,-42.913998,58.932106,11.294940,10.646717,-3.260571,1.157551,-17.611435,42.105370,64.533897,-6.542322,10.209844,-7.603129
1105.000000,-2445.886719,-1150.436157,78.637512,-0.550902,-1.733676,-42.017469,2.393538,6.923637,13.978508,10.976465,-10.374329,-4.043145,-1.785057,-6.494927,-17.234301,12.391917,-7.301227,2.658743,0.019972,0.654320,0.440826,-0.137018,19.688803,-42.875580,59.048573,11.320462,10.643343,-3.156947,1.158369,-17.562738,42.097782,64.632187,-6.797755,10.214535,-7.594862
1106.000000,-2445.831055,-1150.395264,78.637863,-0.565358,-1.732063,-42.108600,2.419238,6.882463,14.029894,11.009733,-10.443588,-3.986013,-1.766911,-6.504648,-17.164404,12.305353,-7.224449,2.709623,0.061916,0.653431,0.387226,-0.137388,19.640827,-42.840530,59.117668,11.374615,10.643441,-3.071123,1.158062,-17.519348,42.071880,64.709541,-7.041766,10.232386,-7.583471
1107.000000,-2445.779785,-1150.355957,78.636513,-0.580741,-1.742228,-42.211249,2.446782,6.851861,14.084233,11.066777,-10.524407,-3.934328,-1.755224,-6.507370,-17.078407,12.249843,-7.164470,2.752604,0.098677,0.654091,0.369935,-0.136326,19.566273,-42.692173,59.218071,11.449498,10.645555,-2.988198,1.159035,-17.467772,41.973442,64.739258,-7.342128,10.299306,-7.572486
1108.000000,-2445.730469,-1150.322510,78.634300,-0.591750,-1.763829,-42.356820,2.509969,6.828544,14.181786,11.104307,-10.604506,-3.889977,-1.752097,-6.502350,-16.952557,12.222419,-7.119500,2.789396,0.153147,0.654593,0.368434,-0.134988,19.470743,-42.472954,59.358475,11.485197,10.650052,-2.889709,1.161390,-17.403368,41.825474,64.769600,-7.646984,10.386087,-7.562541
1109.000000,-2445.683594,-1150.293579,78.631241,-0.604912,-1.781287,-42.484645,2.559778,6.811022,14.263478,11.159666,-10.690977,-3.850419,-1.750061,-6.495018,-16.840960,12.201369,-7.084182,2.820681,0.177687,0.656314,0.364267,-0.134878,19.377340,-42.269222,59.506088,11.526535,10.655625,-2.780380,1.163839,-17.335688,41.667751,64.798935,-7.925006,10.466287,-7.556923
1110.000000,-2445.641846,-1150.270386,78.628128,-0.617819,-1.794711,-42.574305,2.582910,6.796093,14.293384,11.209805,-10.755400,-3.821951,-1.745898,-6.493615,-16.783127,12.191149,-7.065755,2.841564,0.178442,0.656809,0.361350,-0.135837,19.311565,-42.128681,59.613903,11.568040,10.659484,-2.687122,1.165280,-17.291372,41.564552,64.808418,-8.120872,10.523729,-7.555167
1111.000000,-2445.602051,-1150.250854,78.625641,-0.631174,-1.807788,-42.642044,2.610250,6.775789,14.310997,11.268363,-10.832819,-3.787502,-1.730118,-6.492676,-16.731375,12.170300,-7.042779,2.867600,0.178080,0.657914,0.358417,-0.136907,19.222864,-41.954754,59.741135,11.676504,10.663809,-2.551181,1.168216,-17.239040,41.442284,64.816887,-8.390823,10.591593,-7.554805
1112.000000,-2445.562500,-1150.233887,78.623894,-0.644251,-1.821022,-42.698374,2.640645,6.753147,14.315692,11.310747,-10.899568,-3.754523,-1.701090,-6.492578,-16.700836,12.133554,-7.015867,2.893518,0.179485,0.661037,0.355401,-0.136999,19.106539,-41.790901,59.842548,11.904642,10.667146,-2.392252,1.171478,-17.188789,41.324383,64.822899,-8.726201,10.652996,-7.557086
1113.000000,-2445.524902,-1150.220337,78.622543,-0.655821,-1.833584,-42.751507,2.679559,6.728992,14.318530,11.334302,-10.956301,-3.723803,-1.670781,-6.492190,-16.674454,12.098123,-6.991373,2.917504,0.181926,0.667249,0.352423,-0.136803,18.995846,-41.654892,59.942467,12.184537,10.669835,-2.243720,1.174645,-17.139858,41.205326,64.828789,-9.064553,10.710974,-7.561246
1114.000000,-2445.489014,-1150.209473,78.621277,-0.665753,-1.843639,-42.803401,2.719495,6.704828,14.320570,11.347334,-11.005792,-3.696399,-1.646232,-6.491939,-16.649736,12.069966,-6.971873,2.939314,0.184550,0.674444,0.349721,-0.136781,18.892157,-41.529480,60.041950,12.431829,10.671930,-2.097421,1.177753,-17.096378,41.095684,64.834900,-9.363567,10.759948,-7.566535
1115.000000,-2445.456055,-1150.200806,78.620049,-0.674343,-1.850528,-42.854544,2.749157,6.686712,14.321890,11.353245,-11.040521,-3.677237,-1.632089,-6.491562,-16.631290,12.052998,-6.959532,2.954851,0.186551,0.680268,0.347905,-0.136928,18.818829,-41.441437,60.114635,12.597818,10.673361,-1.990227,1.180111,-17.067007,41.018684,64.839722,-9.567343,10.790559,-7.571177
1116.000000,-2445.424561,-1150.194214,78.618767,-0.682110,-1.854265,-42.906591,2.785411,6.663866,14.323354,11.358169,-11.083099,-3.653938,-1.619624,-6.490601,-16.607710,12.035845,-6.946147,2.973602,0.189080,0.688257,0.345789,-0.137296,18.731133,-41.337307,60.202389,12.790295,10.675159,-1.858547,1.183193,-17.033262,40.925724,64.846138,-9.806913,10.821988,-7.577791
1117.000000,-2445.395752,-1150.189209,78.617470,-0.688997,-1.855494,-42.957473,2.818131,6.642396,14.324412,11.361581,-11.123017,-3.632216,-1.613146,-6.488998,-16.585085,12.023634,-6.935685,2.990227,0.191418,0.696540,0.344094,-0.137757,18.652208,-41.243916,60.281464,12.959130,10.676950,-1.738283,1.186349,-17.004141,40.840134,64.852623,-10.019131,10.844828,-7.584733
1118.000000,-2445.368408,-1150.185791,78.616173,-0.695779,-1.856004,-43.008274,2.849729,6.622570,14.324657,11.363619,-11.160871,-3.611884,-1.609177,-6.486032,-16.563694,12.014150,-6.927148,3.004783,0.193499,0.704812,0.343156,-0.138107,18.577909,-41.154709,60.354996,13.117457,10.678832,-1.624101,1.189767,-16.976662,40.755901,64.859314,-10.220916,10.862631,-7.591937
1119.000000,-2445.342773,-1150.183838,78.614861,-0.702802,-1.856427,-43.058726,2.880587,6.605256,14.323901,11.364774,-11.196885,-3.593620,-1.605874,-6.481033,-16.544163,12.005890,-6.920162,3.016962,0.195450,0.712516,0.342592,-0.138378,18.509794,-41.072533,60.421299,13.261727,10.680863,-1.518276,1.193267,-16.950520,40.675667,64.866051,-10.406516,10.877744,-7.599228
1120.000000,-2445.319092,-1150.183350,78.613541,-0.709927,-1.857117,-43.108489,2.904211,6.593487,14.322683,11.365171,-11.223535,-3.580981,-1.603588,-6.475935,-16.530251,12.000567,-6.915829,3.024722,0.196904,0.717632,0.342379,-0.138539,18.461731,-41.014080,60.467278,13.364521,10.682478,-1.442666,1.196056,-16.930702,40.615719,64.871284,-10.539840,10.888344,-7.604842
1121.000000,-2445.297852,-1150.184204,78.612274,-0.716867,-1.857971,-43.155730,2.934870,6.579881,14.320304,11.365255,-11.257188,-3.566167,-1.600853,-6.467831,-16.513454,11.994646,-6.911222,3.032876,0.198746,0.723152,0.342273,-0.138719,18.403774,-40.942333,60.522255,13.489617,10.684589,-1.350611,1.199820,-16.904968,40.539333,64.878204,-10.703643,10.901065,-7.612151
1122.000000,-2445.277344,-1150.186157,78.610977,-0.724197,-1.858878,-43.204374,2.965347,6.567942,14.317035,11.364960,-11.290072,-3.552957,-1.598321,-6.458005,-16.497986,11.988918,-6.907191,3.038970,0.200544,0.727620,0.342386,-0.138862,18.349531,-40.872524,60.574036,13.606279,10.686662,-1.264254,1.203950,-16.879036,40.463192,64.885361,-10.858506,10.912471,-7.619437
1123.000000,-2445.258789,-1150.188965,78.609756,-0.731455,-1.859877,-43.251642,2.995228,6.557551,14.312954,11.364174,-11.321554,-3.541229,-1.596036,-6.446771,-16.483696,11.983295,-6.903377,3.043080,0.202320,0.730949,0.343012,-0.138897,18.297621,-40.801338,60.623924,13.720465,10.688576,-1.182845,1.208964,-16.852081,40.383308,64.892662,-11.011430,10.922313,-7.626464
1124.000000,-2445.241699,-1150.192139,78.608566,-0.738810,-1.860865,-43.298536,3.024223,6.548618,14.308208,11.363153,-11.351685,-3.530953,-1.594195,-6.434243,-16.470306,11.977728,-6.899688,3.045389,0.204039,0.733140,0.343965,-0.138890,18.249283,-40.731922,60.670246,13.828732,10.690425,-1.107791,1.214143,-16.824997,40.304089,64.900024,-11.156077,10.931212,-7.633270
1125.000000,-2445.226074,-1150.195923,78.607437,-0.746208,-1.861832,-43.344437,3.052635,6.540905,14.302803,11.362032,-11.380978,-3.521829,-1.592817,-6.420382,-16.457546,11.972086,-6.895814,3.046109,0.205688,0.734772,0.345145,-0.138861,18.203972,-40.664787,60.713055,13.931730,10.692218,-1.037969,1.219237,-16.798061,40.226124,64.907509,-11.292746,10.939572,-7.639862
1126.000000,-2445.211914,-1150.199829,78.606369,-0.753589,-1.862812,-43.389623,3.073350,6.535788,14.298397,11.361173,-11.402230,-3.515691,-1.592096,-6.409410,-16.448444,11.967846,-6.892770,3.045717,0.206854,0.735845,0.346116,-0.138836,18.172089,-40.616516,60.742680,14.005061,10.693500,-0.989148,1.222882,-16.778328,40.169334,64.913132,-11.389125,10.945594,-7.644578
1127.000000,-2445.197998,-1150.204102,78.605309,-0.761168,-1.863886,-43.435894,3.100261,6.529624,14.292094,11.360014,-11.429724,-3.508283,-1.591511,-6.394215,-16.436878,11.962184,-6.888545,3.044125,0.208312,0.737128,0.347488,-0.138816,18.131931,-40.554447,60.779713,14.098030,10.695120,-0.927589,1.227528,-16.752569,40.095600,64.920639,-11.510135,10.953427,-7.650580
1128.000000,-2445.185303,-1150.208374,78.604279,-0.768681,-1.865035,-43.481796,3.126326,6.524057,14.285352,11.358847,-11.456239,-3.501632,-1.591335,-6.378595,-16.425959,11.956560,-6.884159,3.041486,0.209661,0.738242,0.348937,-0.138818,18.094341,-40.494991,60.814587,14.184649,10.696609,-0.869222,1.231973,-16.727577,40.024345,64.928131,-11.622007,10.960997,-7.656247
1129.000000,-2445.173584,-1150.212524,78.603294,-0.776063,-1.866231,-43.526897,3.151478,6.518981,14.278204,11.357689,-11.481750,-3.495598,-1.591601,-6.362698,-16.415665,11.951014,-6.879574,3.037925,0.210918,0.739177,0.350436,-0.138842,18.059172,-40.438156,60.847469,14.265047,10.697962,-0.813758,1.236150,-16.703468,39.956017,64.935547,-11.725291,10.968275,-7.661589
1130.000000,-2445.163086,-1150.216675,78.602371,-0.783231,-1.867442,-43.570683,3.176156,6.514216,14.270523,11.356512,-11.506718,-3.489958,-1.592346,-6.346307,-16.405796,11.945441,-6.874635,3.033454,0.212116,0.739935,0.352008,-0.138891,18.025679,-40.382885,60.878880,14.340852,10.699205,-0.760007,1.240110,-16.679790,39.889397,64.943016,-11.822530,10.975395,-7.666716
1131.000000,-2445.153076,-1150.220703,78.601471,-0.790557,-1.868758,-43.615463,3.200017,6.509725,14.262415,11.355257,-11.530726,-3.484621,-1.593544,-6.329773,-16.396461,11.939930,-6.869305,3.028193,0.213245,0.740492,0.353670,-0.138926,17.993429,-40.328148,60.909088,14.414176,10.700272,-0.708504,1.244086,-16.656275,39.822887,64.950432,-11.916952,10.982242,-7.671474
1132.000000,-2445.143799,-1150.224609,78.600616,-0.797786,-1.870083,-43.659832,3.222997,6.505426,14.253936,11.354029,-11.553861,-3.479566,-1.595231,-6.313189,-16.387650,11.934471,-6.863657,3.022296,0.214313,0.740845,0.355319,-0.138984,17.962952,-40.275497,60.937607,14.483313,10.701241,-0.659412,1.247858,-16.633404,39.758598,64.957756,-12.005445,10.988847,-7.675994
1133.000000,-2445.135254,-1150.228271,78.599800,-0.804861,-1.871405,-43.703528,3.245174,6.501236,14.245094,11.352832,-11.576220,-3.474706,-1.597412,-6.296581,-16.379299,11.929056,-6.857657,3.015836,0.215339,0.740996,0.356934,-0.139060,17.934263,-40.225063,60.964352,14.548304,10.702114,-0.612610,1.251454,-16.611198,39.696548,64.964989,-12.088161,10.995217,-7.680307
1134.000000,-2445.127441,-1150.231567,78.599030,-0.811802,-1.872731,-43.746690,3.266391,6.497139,14.236010,11.351676,-11.597644,-3.470018,-1.600045,-6.280158,-16.371452,11.923744,-6.851347,3.008955,0.216328,0.740953,0.358465,-0.139150,17.907486,-40.177132,60.989220,14.609007,10.702888,-0.568435,1.254921,-16.589821,39.637054,64.972031,-12.164940,11.001288,-7.684397
1135.000000,-2445.120605,-1150.234375,78.598343,-0.818232,-1.874000,-43.786971,3.282061,6.494030,14.228897,11.350813,-11.613484,-3.466501,-1.602357,-6.267699,-16.365740,11.919737,-6.846283,3.003424,0.217065,0.740795,0.359567,-0.139226,17.888117,-40.141846,61.007156,14.652910,10.703410,-0.536248,1.257506,-16.573952,39.593040,64.977310,-12.220160,11.005752,-7.687388
1136.000000,-2445.114014,-1150.237183,78.597649,-0.824960,-1.875403,-43.829524,3.302130,6.489918,14.219315,11.349697,-11.633780,-3.461901,-1.605769,-6.251382,-16.358532,11.914518,-6.839288,2.995833,0.218010,0.740424,0.360929,-0.139338,17.863834,-40.096802,61.029690,14.707659,10.704020,-0.495611,1.260841,-16.553570,39.536732,64.984169,-12.288714,11.011425,-7.691192
1137.000000,-2445.107910,-1150.239502,78.597031,-0.831184,-1.876795,-43.869286,3.321880,6.485690,14.209373,11.348612,-11.653783,-3.457233,-1.609624,-6.234975,-16.351564,11.909307,-6.831828,2.987840,0.218936,0.739860,0.362211,-0.139458,17.840584,-40.052635,61.051422,14.759421,10.704540,-0.456366,1.264157,-16.533520,39.481575,64.991051,-12.353219,11.016938,-7.694897
1138.000000,-2445.102539,-1150.241577,78.596420,-0.837447,-1.878249,-43.909607,3.339161,6.481822,14.200236,11.347659,-11.671353,-3.452937,-1.613480,-6.220295,-16.345507,11.904692,-6.824713,2.980337,0.219736,0.739189,0.363295,-0.139535,17.820126,-40.012524,61.070610,14.805103,10.704893,-0.422567,1.267153,-16.515572,39.432045,64.997215,-12.410249,11.021719,-7.698026
1139.000000,-2445.097656,-1150.243286,78.595848,-0.843534,-1.879405,-43.949524,3.359013,6.477081,14.189284,11.346452,-11.691788,-3.447801,-1.618936,-6.202837,-16.338364,11.899179,-6.815733,2.971127,0.220809,0.738227,0.364230,-0.139786,17.797218,-39.967453,61.092392,14.855244,10.705278,-0.383772,1.270569,-16.495031,39.376190,65.004532,-12.471955,11.027185,-7.701737
1140.000000,-2445.090332,-1150.247070,78.596840,-0.853595,-1.879393,-44.007670,3.390839,6.474848,14.192007,11.317970,-11.697777,-3.446429,-1.616025,-6.181921,-16.322853,11.877184,-6.798804,2.961044,0.232367,0.740936,0.359936,-0.153963,17.762714,-39.948227,61.158260,14.874574,10.703895,-0.327005,1.272428,-16.482037,39.353485,65.021652,-12.499084,11.030503,-7.703236
1141.000000,-2445.083496,-1150.253052,78.598534,-0.860621,-1.879330,-44.115484,3.462040,6.473853,14.233003,11.233644,-11.689953,-3.449092,-1.622622,-6.139907,-16.262169,11.837866,-6.764536,2.942609,0.284604,0.745860,0.340880,-0.216365,17.669849,-39.936008,61.379028,14.871546,10.701674,-0.204161,1.273413,-16.463280,39.347519,65.075722,-12.510843,11.033964,-7.701415
1142.000000,-2445.077148,-1150.259766,78.600655,-0.868012,-1.881347,-44.261007,3.562688,6.477107,14.322488,11.127425,-11.675552,-3.454248,-1.642715,-6.086162,-16.150335,11.807368,-6.724796,2.920471,0.383412,0.751037,0.333742,-0.306550,17.545328,-39.919540,61.671818,14.856255,10.704551,-0.042260,1.273108,-16.445667,39.344994,65.146011,-12.517929,11.037682,-7.695729
1143.000000,-2445.070557,-1150.268799,78.602859,-0.876131,-1.878410,-44.411324,3.654412,6.483699,14.413528,11.023840,-11.661325,-3.458204,-1.663564,-6.028902,-16.041294,11.764233,-6.679023,2.896061,0.459534,0.763609,0.318135,-0.367558,17.400890,-39.913902,61.962406,14.850055,10.717988,0.147873,1.272578,-16.427851,39.343807,65.213577,-12.530033,11.043664,-7.690201
1144.000000,-2445.066895,-1150.279663,78.603355,-0.884431,-1.885672,-44.522698,3.745705,6.489997,14.477232,10.942197,-11.656815,-3.461896,-1.681434,-5.975162,-15.948947,11.751497,-6.652852,2.865596,0.505657,0.776821,0.311944,-0.453209,17.197912,-39.907997,62.390778,14.848037,10.757784,0.367286,1.265326,-16.405672,39.340046,65.280319,-12.548866,11.054787,-7.685627
1145.000000,-2445.063477,-1150.292725,78.601410,-0.896860,-1.904896,-44.686991,3.832976,6.516984,14.571170,10.914197,-11.681520,-3.470662,-1.712803,-5.909928,-15.816646,11.779745,-6.642336,2.829706,0.567520,0.805583,0.308208,-0.500194,17.031151,-39.868641,62.750317,14.791617,10.847055,0.554204,1.259016,-16.396233,39.325809,65.335815,-12.581336,11.067687,-7.667540
1146.000000,-2445.061035,-1150.299927,78.592491,-0.888173,-1.923062,-44.891850,3.886091,6.532732,14.684388,10.942660,-11.729227,-3.471747,-1.808551,-5.878581,-15.649112,11.922971,-6.688025,2.807510,0.614304,0.829328,0.300602,-0.475330,16.921734,-39.854095,62.950108,14.627667,10.905788,0.648859,1.254102,-16.402525,39.286247,65.364555,-12.599787,11.072045,-7.639464
1147.000000,-2445.061279,-1150.298950,78.577782,-0.860291,-1.973981,-45.023579,3.926024,6.519700,14.762050,11.055861,-11.820124,-3.459273,-1.971552,-5.900108,-15.456597,12.276751,-6.842103,2.789555,0.584360,0.865797,0.311863,-0.461744,16.842260,-39.851158,63.148640,14.329912,10.989037,0.782390,1.248213,-16.421555,39.161819,65.385254,-12.610050,11.075256,-7.623135
1148.000000,-2445.057617,-1150.295776,78.560272,-0.829737,-2.054021,-45.130706,3.982120,6.488101,14.780465,11.174385,-11.913696,-3.448272,-2.094532,-5.953435,-15.323286,12.665510,-7.033054,2.778239,0.534357,0.923770,0.326131,-0.445271,16.786856,-39.848743,63.300648,14.117468,11.024556,0.897163,1.250349,-16.426891,39.074177,65.471207,-12.613589,11.079998,-7.603244
1149.000000,-2445.051514,-1150.292480,78.542641,-0.800392,-2.102345,-45.294861,4.046519,6.463963,14.869437,11.301831,-12.029060,-3.447162,-2.285889,-5.998940,-15.115590,13.133616,-7.250725,2.759191,0.550547,1.033055,0.288087,-0.336450,16.701618,-39.843948,63.434879,14.011804,11.037539,0.988854,1.252438,-16.428030,38.957985,65.650818,-12.653190,11.087772,-7.580070
1150.000000,-2445.061035,-1150.275513,78.524368,-0.764033,-2.121926,-45.503217,4.032934,6.452826,15.009833,11.469622,-12.133245,-3.451662,-2.612316,-6.055353,-14.912293,13.713925,-7.456702,2.719611,0.656778,1.160957,0.250409,-0.230130,16.589972,-39.826832,63.589092,14.012093,11.049960,0.998367,1.218480,-16.446804,38.928226,65.851547,-12.843063,11.141244,-7.493237
1151.000000,-2445.101318,-1150.243164,78.504166,-0.715388,-2.157193,-45.691951,3.963424,6.446767,15.127456,11.716758,-12.232590,-3.459888,-3.024107,-6.159641,-14.858231,14.472326,-7.688583,2.626752,0.772225,1.277091,0.303424,-0.176929,16.487616,-39.811653,63.799919,14.010244,11.093596,0.968974,1.101075,-16.491953,38.925484,66.044662,-13.016231,11.233008,-7.334645
1152.000000,-2445.173096,-1150.201294,78.479233,-0.647717,-2.163172,-45.921075,3.848156,6.446441,15.245461,11.955000,-12.313670,-3.471083,-3.456625,-6.264234,-14.854001,15.189658,-7.898722,2.530301,0.870740,1.349993,0.360572,-0.138127,16.433369,-39.809521,64.004501,13.998264,11.147580,0.913426,0.971595,-16.523266,38.926521,66.193474,-13.085155,11.319264,-7.179212
1153.000000,-2445.271729,-1150.147217,78.456970,-0.615641,-2.161310,-46.223909,3.677735,6.499705,15.429822,12.293999,-12.430408,-3.498178,-4.033947,-6.345739,-14.824697,16.088940,-8.088926,2.386898,1.027507,1.485537,0.467082,-0.091748,16.380405,-39.829601,64.296410,13.977119,11.214344,0.815441,0.792641,-16.584229,38.932796,66.347137,-13.103130,11.432428,-6.990004
1154.000000,-2445.394775,-1150.080444,78.438881,-0.628305,-2.097222,-46.467062,3.306317,6.654837,15.619229,12.866829,-12.614073,-3.538969,-4.793264,-6.377083,-14.858654,17.115585,-8.178529,2.181648,1.191521,1.751050,0.582683,0.014020,16.352638,-39.889755,64.608574,13.906929,11.317118,0.665562,0.575948,-16.724411,38.962193,66.439873,-13.098070,11.591268,-6.841838
1155.000000,-2445.544922,-1149.998779,78.422684,-0.655701,-1.991102,-46.577024,2.743597,6.833048,15.622113,13.566736,-12.797330,-3.574528,-5.518569,-6.406135,-15.034111,17.997959,-8.187901,1.960928,1.248148,2.079975,0.695139,0.117957,16.352467,-39.914108,64.767998,13.675445,11.442118,0.497865,0.403717,-16.918089,38.993484,66.445786,-13.082172,11.715107,-6.816312
1156.000000,-2445.727783,-1149.910400,78.412308,-0.677294,-1.765353,-46.584237,2.010510,7.004356,15.523007,14.223369,-12.895051,-3.619796,-6.307997,-6.440160,-15.297974,18.758358,-8.132499,1.717917,1.196331,2.468256,0.714974,0.182617,16.353394,-39.925922,64.913788,13.380786,11.582639,0.225341,0.257687,-17.119411,38.994267,66.442879,-13.092981,11.790759,-6.815508
1157.000000,-2445.942383,-1149.808594,78.402771,-0.672784,-1.405086,-46.551480,1.096914,7.134758,15.374796,14.830169,-12.918509,-3.641788,-7.200972,-6.485395,-15.544159,19.372456,-8.028214,1.496852,1.097361,2.902614,0.623961,0.229381,16.355391,-39.929329,64.968925,13.113428,11.712507,-0.027391,0.125408,-17.330465,38.976559,66.439461,-13.123573,11.835535,-6.824613
1158.000000,-2446.195068,-1149.684692,78.384033,-0.594838,-1.000894,-46.602173,0.198270,7.194673,15.314970,15.341511,-12.887897,-3.644939,-8.162396,-6.562315,-15.626360,19.981567,-7.964020,1.292227,1.058397,3.295256,0.575373,0.212539,16.376307,-39.928192,64.986786,12.637988,11.738655,-0.163355,-0.069806,-17.571249,38.884457,66.441452,-13.134133,11.856185,-6.865016
1159.000000,-2446.500488,-1149.538330,78.357567,-0.538445,-0.573813,-46.654570,-0.734816,7.285676,15.257926,15.917818,-12.877900,-3.642563,-9.067143,-6.582984,-15.637572,20.449720,-7.877846,1.080306,1.044343,3.699083,0.581332,0.111299,16.392796,-39.922989,65.041519,12.131126,11.738432,-0.279448,-0.310010,-17.833570,38.824242,66.444847,-13.142062,11.865757,-6.897655
1160.000000,-2446.860840,-1149.372681,78.319374,-0.484344,-0.105676,-46.769668,-2.012211,7.469832,15.206546,16.775265,-12.889424,-3.642726,-10.222634,-6.527117,-15.573076,20.945053,-7.724757,0.773056,1.128205,4.234312,0.621932,-0.140937,16.397474,-39.859993,65.213837,11.726962,11.725541,-0.483046,-0.651783,-18.202133,38.778351,66.453300,-13.174903,11.875606,-6.917159
1161.000000,-2447.281738,-1149.193359,78.269211,-0.389130,0.313124,-46.833904,-3.326255,7.651076,15.118039,17.720356,-12.873431,-3.654473,-11.430071,-6.490613,-15.468376,21.567549,-7.602657,0.431984,1.243297,4.741084,0.790796,-0.485922,16.469727,-39.756859,65.350014,11.415192,11.714732,-0.778222,-1.093767,-18.648886,38.688400,66.473633,-13.214055,11.879292,-6.926373
1162.000000,-2447.734375,-1149.023071,78.209312,-0.250422,0.697353,-46.828459,-4.626351,7.761794,14.932290,18.575579,-12.773773,-3.674555,-12.544065,-6.493922,-15.391318,22.068266,-7.554811,0.112771,1.242918,5.175301,0.944584,-0.811867,16.686731,-39.770699,65.344429,10.879047,11.712303,-1.125200,-1.581756,-19.183561,38.670799,66.479309,-13.209980,11.884036,-6.957234
1163.000000,-2448.212402,-1148.867310,78.136688,-0.144169,1.145299,-46.757917,-5.910612,7.913674,14.732345,19.420553,-12.706609,-3.740870,-13.463037,-6.437064,-15.419242,22.252964,-7.539258,-0.207625,1.141243,5.597643,0.906312,-1.010387,17.003403,-39.848660,65.183090,10.241426,11.712745,-1.480995,-2.000108,-19.732529,38.634254,66.479790,-13.114219,11.886858,-7.043474
1164.000000,-2448.737305,-1148.726562,78.051201,0.042740,1.520687,-46.718306,-7.364556,8.043991,14.480953,20.361391,-12.542068,-3.860809,-14.423390,-6.372326,-15.438294,22.298487,-7.645118,-0.615262,1.024072,5.995159,0.842053,-1.241202,17.547674,-39.979549,64.829681,9.489728,11.712914,-1.880867,-2.480366,-20.385805,38.560333,66.477234,-12.881675,11.887046,-7.210733
1165.000000,-2449.340332,-1148.609985,77.929634,0.378654,1.827463,-46.494221,-8.438660,8.014019,14.095914,21.127615,-12.370667,-3.971915,-14.968638,-6.443483,-15.570008,22.254068,-7.970819,-0.910997,0.942089,6.087612,0.780510,-1.488255,18.011934,-40.043770,64.540710,9.176486,11.730897,-2.144877,-2.728757,-20.775150,38.552963,66.486618,-12.743573,11.883200,-7.360621
1166.000000,-2449.998291,-1148.462402,77.836288,0.480782,1.985483,-46.243073,-9.890471,8.135563,13.423583,22.336153,-12.121037,-4.178838,-15.726731,-6.454152,-15.850641,22.488541,-8.176839,-1.311943,0.978018,6.308838,0.801665,-2.040042,18.483938,-40.022781,64.197716,9.138514,11.815176,-2.437350,-2.966846,-21.249399,38.548595,66.585457,-12.675132,11.846000,-7.536754
1167.000000,-2450.690430,-1148.310425,77.785034,0.579568,2.010484,-45.963600,-11.281398,8.379681,12.581955,23.668783,-11.608756,-4.409434,-16.443600,-6.373155,-16.172817,22.914171,-7.916932,-1.735293,1.114249,6.611023,1.001209,-2.803050,18.812660,-39.956516,63.816605,9.197544,11.987504,-2.732308,-3.181017,-21.602510,38.545391,66.860344,-12.545849,11.737823,-7.663557
1168.000000,-2451.389648,-1148.143921,77.733749,0.677732,2.074299,-45.715755,-12.733567,8.582775,11.836342,25.150928,-11.024083,-4.542578,-17.062117,-6.316384,-16.472113,23.106722,-7.596416,-2.098815,1.204505,6.817931,1.008870,-3.441300,19.021994,-39.789093,63.319786,9.436331,12.199039,-3.012276,-3.277465,-21.823906,38.537960,67.185661,-12.390691,11.525715,-7.698483
1169.000000,-2452.066162,-1147.932373,77.653625,0.650164,1.973834,-45.619308,-14.610566,9.032766,11.002163,28.478292,-11.456742,-4.557688,-17.612917,-6.101282,-16.789211,23.207670,-7.176693,-2.552028,1.275082,7.192128,1.045679,-4.154720,19.162697,-39.473579,62.527119,9.790155,12.399435,-3.323435,-3.286838,-22.159901,38.528526,67.417702,-12.242757,11.197659,-7.705950
1170.000000,-2452.642578,-1147.692017,77.534760,0.549760,1.729916,-46.001966,-15.825392,9.642484,10.647099,33.922131,-12.675191,-4.363416,-18.031359,-5.670584,-16.727024,23.393883,-6.820127,-2.988549,1.518549,7.701878,1.065802,-4.722517,19.234854,-39.337406,61.696495,10.073554,12.448422,-3.592016,-3.158491,-22.632109,38.540817,67.393112,-12.232799,10.838898,-7.704904
1171.000000,-2453.105713,-1147.461670,77.421112,0.487213,1.502651,-46.424860,-16.160648,10.027140,10.687854,38.022186,-13.921599,-4.182006,-18.359600,-5.387010,-16.610382,23.588593,-6.588791,-3.279944,1.514124,8.070628,0.929004,-5.031710,19.254736,-39.320084,61.257915,10.200726,12.386446,-3.683614,-3.039258,-22.952467,38.550770,67.374603,-12.257061,10.588065,-7.707080
1172.000000,-2453.579102,-1147.198242,77.303383,0.446520,1.200730,-46.672220,-15.988135,10.401272,10.807035,43.468353,-15.754691,-3.924180,-18.714769,-5.170858,-16.604931,23.924259,-6.339296,-3.619678,1.068530,8.475130,0.760566,-5.379616,19.311466,-39.316177,60.867813,10.322116,12.235578,-3.696746,-2.871684,-23.234781,38.553730,67.455399,-12.398355,10.293086,-7.762300
1173.000000,-2454.066406,-1146.907959,77.189117,0.448420,0.940286,-46.763090,-15.351002,10.630407,10.950309,47.821297,-17.064247,-3.635470,-19.064274,-5.109011,-16.723171,24.248535,-6.107210,-3.905774,0.499937,8.674623,0.633905,-5.716345,19.419773,-39.086411,60.462177,10.386168,12.182346,-3.694299,-2.588733,-23.351391,38.519249,67.512138,-12.486950,10.145116,-7.853098
1174.000000,-2454.589355,-1146.567749,77.071404,0.493168,0.737775,-46.688255,-14.286910,10.765480,11.033547,52.367023,-17.964273,-3.316029,-19.599525,-5.183473,-16.973459,24.671394,-5.793445,-4.205256,-0.222324,8.694023,0.613045,-6.309361,19.666449,-38.718838,59.815121,10.397739,12.171981,-3.671199,-2.172335,-23.409323,38.484970,67.520821,-12.503804,10.004533,-7.913448
1175.000000,-2455.147461,-1146.156982,76.938766,0.564890,0.625170,-46.514910,-13.418891,10.727791,10.985471,55.099129,-18.148884,-3.200754,-20.103771,-5.329925,-17.189053,25.002453,-5.546990,-4.363269,-0.725069,8.592331,0.659241,-6.847911,19.914530,-38.627819,59.220436,10.378469,12.192430,-3.579405,-1.867896,-23.426697,38.483768,67.521950,-12.467793,9.915867,-7.939545
1176.000000,-2455.726318,-1145.655151,76.788658,0.674964,0.584213,-46.303747,-12.036267,10.365457,10.677506,57.895241,-18.154200,-3.157957,-20.910330,-5.609991,-17.432348,25.470659,-5.169799,-4.521038,-1.274433,8.394843,0.739104,-7.568107,20.198385,-38.614399,58.183754,10.351844,12.293644,-3.388561,-1.448323,-23.441044,38.486027,67.531868,-12.287562,9.880304,-7.993445
1177.000000,-2456.290527,-1145.075684,76.607910,0.660601,0.631301,-46.033000,-10.447317,9.757772,9.980487,59.568916,-18.156832,-3.206495,-21.836439,-5.886021,-17.750990,25.880741,-4.677364,-4.668129,-1.725808,8.314876,0.780594,-8.396461,20.309242,-38.611298,56.939713,10.354108,12.489696,-3.281084,-1.024152,-23.521065,38.490135,67.537003,-11.977242,9.849483,-8.046765
1178.000000,-2456.848633,-1144.425171,76.383766,0.573590,0.763969,-45.851422,-8.774372,9.198960,9.286972,60.238640,-18.177773,-3.341625,-22.825933,-6.052615,-18.010941,26.251810,-4.147178,-4.820278,-2.016023,8.353386,0.777556,-9.197859,20.313591,-38.583126,55.730644,10.359978,12.560654,-3.208489,-0.683789,-23.615162,38.490459,67.541611,-11.819971,9.768240,-8.102031
1179.000000,-2457.410400,-1143.705933,76.123375,0.487330,0.966259,-45.823627,-6.432631,8.480659,8.602071,59.838272,-18.350630,-3.573054,-24.216549,-6.204647,-18.181492,26.699043,-3.417575,-5.033280,-2.237655,8.398764,0.695537,-10.054683,20.284725,-38.527016,54.222412,10.358521,12.541073,-3.050107,-0.390507,-23.687723,38.490730,67.543182,-11.779408,9.623801,-8.143720
1180.000000,-2457.972412,-1142.950806,75.852127,0.489381,1.060965,-46.009050,-3.729102,7.710499,8.290978,58.184666,-18.642078,-3.830773,-25.526489,-6.330357,-18.077221,27.120140,-2.677219,-5.248211,-2.243809,8.261384,0.714076,-10.773979,20.172440,-38.518406,53.203449,10.326442,12.369466,-2.792631,-0.313903,-23.627695,38.579212,67.547668,-11.763242,9.507896,-8.155161
1181.000000,-2458.577393,-1142.121948,75.553444,0.563825,1.216982,-46.151003,-0.952855,6.742488,7.863186,55.567764,-19.308430,-4.023946,-26.942036,-6.550509,-17.928898,27.546385,-1.884911,-5.412451,-2.309312,7.937626,0.647299,-11.381014,19.987799,-38.520050,52.573708,10.207175,12.225817,-2.570537,-0.428650,-23.384657,38.848110,67.688324,-11.646411,9.350303,-8.160833
1182.000000,-2459.215088,-1141.224243,75.236176,0.543865,1.401807,-46.114652,1.036070,6.033798,7.340940,53.153305,-20.089586,-4.091271,-27.980152,-6.724103,-17.921810,27.730938,-1.187171,-5.512933,-2.468925,7.682723,0.606376,-11.807828,19.817513,-38.542549,52.249180,10.130265,12.175695,-2.465848,-0.619649,-23.117329,39.089451,67.858551,-11.510947,9.189798,-8.162159
1183.000000,-2459.872559,-1140.263306,74.901237,0.460209,1.618281,-45.999953,3.292878,5.262632,6.575681,49.824020,-21.394342,-4.108022,-29.200993,-6.891266,-17.991835,27.742485,-0.191360,-5.625096,-2.693605,7.402168,0.534048,-12.253839,19.582848,-38.679913,51.994160,10.115167,12.148328,-2.352972,-0.871336,-22.759939,39.370045,68.027481,-11.344227,8.990029,-8.160398
1184.000000,-2460.537842,-1139.260986,74.561577,0.350803,1.831122,-45.708913,5.798296,4.553886,5.750195,45.176800,-23.642605,-4.047250,-30.617239,-7.155772,-18.206234,27.545315,1.147223,-5.731167,-3.080159,7.054856,0.371821,-12.648170,19.260111,-38.976597,51.874767,10.237121,12.143381,-2.200268,-1.118116,-22.273832,39.631226,68.161491,-11.165174,8.784903,-8.155649
1185.000000,-2461.260742,-1138.134521,74.206421,0.210284,2.029565,-45.280138,7.760778,4.149802,5.253521,40.669914,-25.982067,-3.856015,-31.786257,-7.484861,-18.524609,27.044203,2.602381,-5.772798,-3.524444,6.697469,0.241308,-12.924870,18.921915,-39.206539,51.867130,10.515484,12.179462,-2.109833,-1.265949,-21.781864,39.668961,68.237450,-11.146521,8.603455,-8.151013
1186.000000,-2462.012207,-1136.903809,73.865417,0.084387,2.158911,-44.907361,9.271621,3.735697,5.021010,36.492104,-27.887110,-3.398068,-32.710484,-7.749351,-18.806440,25.985897,4.406231,-5.767374,-3.765286,6.325398,0.186460,-13.223145,18.593643,-39.460865,51.870586,10.614575,12.257806,-2.092501,-1.389729,-21.342655,39.725826,68.271065,-11.159351,8.511983,-8.121683
1187.000000,-2462.804199,-1135.539307,73.551132,0.104991,2.289698,-44.580525,10.214804,2.850022,4.630760,32.565212,-29.022411,-2.489583,-33.450203,-8.023163,-18.897036,24.188057,6.707335,-5.598642,-3.792466,5.799486,0.140554,-13.489812,18.239910,-39.718826,51.898869,10.868029,12.289820,-2.022322,-1.576384,-20.914616,39.763680,68.388519,-11.168143,8.448615,-7.999134
1188.000000,-2463.639160,-1134.042114,73.247681,0.171066,2.306072,-44.193927,10.414266,1.816841,4.347775,29.894808,-28.936897,-1.556204,-33.872997,-8.220625,-18.741594,22.022305,8.958435,-5.239388,-3.834086,5.250813,0.199791,-13.731719,17.908567,-39.997303,52.151871,11.038910,12.220081,-1.879359,-1.851569,-20.556499,39.768200,68.496124,-11.164162,8.421077,-7.866953
1189.000000,-2464.514648,-1132.484985,72.962425,0.382631,2.199560,-43.774732,10.070945,0.717067,4.400673,27.971155,-30.774580,-0.562072,-34.240551,-8.302860,-17.920914,19.201204,11.229713,-4.646448,-3.996416,4.423617,0.382650,-13.994508,17.558542,-40.348690,52.812859,11.082376,12.119578,-1.712089,-2.256723,-20.081038,39.769817,68.556702,-11.157940,8.395526,-7.741323
1190.000000,-2465.415283,-1130.839844,72.774796,0.730980,2.103776,-43.399197,8.983601,-0.247963,4.419034,27.531744,-33.494743,0.180937,-34.504520,-8.470195,-16.898312,16.464550,11.972828,-4.136895,-4.097005,3.511672,0.513220,-14.187072,17.142397,-40.623386,53.869106,11.091705,12.056802,-1.568984,-2.644655,-19.626535,39.773434,68.612152,-11.159272,8.355984,-7.575358
1191.000000,-2466.310791,-1129.182617,72.677933,1.265394,2.078514,-42.943017,7.143036,-1.370353,4.633998,28.175913,-35.262337,1.088884,-34.650570,-8.960116,-16.020437,13.567000,11.578156,-3.702191,-4.167474,2.495499,0.645272,-14.397718,16.710737,-40.948486,55.007690,11.107053,12.089522,-1.506964,-3.088989,-19.199667,39.783760,68.714653,-11.163580,8.329529,-7.281917
1192.000000,-2467.229736,-1127.499756,72.625023,1.880092,2.104156,-42.397521,4.930830,-2.570127,4.901244,29.251654,-36.297100,1.978776,-34.746162,-9.566769,-15.032903,10.642354,10.457248,-2.917318,-4.337336,1.400342,0.765180,-14.523436,16.451822,-41.248405,55.908165,11.119997,12.174844,-1.492759,-3.606552,-18.768623,39.793560,68.789551,-11.159384,8.299600,-6.853160
1193.000000,-2468.114014,-1125.914185,72.666916,2.768155,1.900018,-42.382558,2.890842,-3.959840,5.247371,30.956034,-36.051739,2.657811,-34.685242,-10.143597,-13.819402,8.282540,8.846305,-1.725657,-4.186792,0.036835,1.023652,-14.358867,16.412659,-41.305832,56.578075,11.120317,12.274443,-1.422349,-4.097530,-18.254326,39.797623,68.846779,-11.160009,8.244510,-6.372818
1194.000000,-2468.865234,-1124.465576,72.773155,3.261185,1.676728,-42.756201,0.870599,-5.104403,6.029917,32.596100,-35.428432,3.442097,-34.580067,-10.507033,-13.114469,6.915067,7.137215,-0.021304,-3.829626,-1.128468,1.139383,-13.729490,16.395134,-41.363331,57.349312,11.116980,12.425007,-1.295742,-4.594835,-17.767323,39.971844,68.883781,-11.170560,8.112830,-5.769885
1195.000000,-2469.487305,-1123.170776,72.966156,3.168826,1.569624,-43.242024,-0.324386,-5.293703,6.616761,33.410046,-34.995075,3.784132,-34.324146,-10.214405,-12.868651,6.552192,6.538422,0.710628,-3.538150,-1.404482,0.979227,-13.109848,16.365046,-41.538177,57.971397,11.112030,12.527128,-1.192979,-4.843427,-17.536110,40.398731,69.011780,-11.182190,7.957435,-5.399598
1196.000000,-2470.042725,-1122.014404,73.240608,2.946183,1.524134,-43.751103,-1.521351,-5.299582,7.372571,33.830467,-34.203659,4.104855,-34.036392,-9.917583,-13.180873,7.306523,5.524092,1.881361,-3.041093,-1.629730,0.666584,-12.291909,16.394588,-41.813972,58.789997,11.094074,12.688668,-1.045590,-5.021861,-17.229984,40.920357,69.304062,-11.240194,7.714360,-5.041752
1197.000000,-2470.560791,-1121.029907,73.559525,2.786698,1.559451,-44.239404,-2.474559,-5.241268,8.104747,33.586479,-33.105042,4.365499,-33.669048,-9.615156,-13.507689,7.868723,4.746177,2.504318,-2.455572,-1.988369,0.276403,-11.548094,16.625095,-42.042133,59.619072,11.050239,12.809628,-0.813614,-5.046054,-16.885851,41.190315,69.585190,-11.332154,7.471751,-4.768173
1198.000000,-2471.123047,-1120.075073,73.926933,2.652577,1.526727,-44.672193,-3.110977,-5.225858,8.730430,32.887135,-31.765364,4.580885,-33.109188,-9.582026,-13.924087,8.834796,4.142158,2.945513,-1.924580,-2.588792,0.194717,-11.008986,17.177507,-42.311413,60.482018,10.997228,12.841911,-0.486804,-5.083158,-16.574018,41.315414,69.717178,-11.380589,7.267395,-4.516436
1199.000000,-2471.707520,-1119.148804,74.319702,2.494129,1.425300,-45.268572,-3.515624,-5.081843,9.489868,31.909679,-30.333937,4.723078,-32.689415,-9.469463,-14.260672,9.460989,3.873408,3.055462,-1.324799,-3.190882,0.438288,-10.594955,17.904741,-42.587650,61.408737,11.010104,12.859311,-0.013881,-5.317770,-16.328875,41.331242,69.790649,-11.547997,7.112374,-4.275218
1200.000000,-2472.231445,-1118.345703,74.686729,2.274274,1.400105,-45.766259,-3.884887,-4.838282,10.153548,30.833469,-28.877426,4.823295,-32.310360,-9.493780,-14.554929,10.589330,3.865074,3.140709,-0.907186,-3.711350,0.816666,-10.172843,18.710768,-42.901917,62.363079,11.127822,12.932959,0.441949,-5.701435,-16.173313,41.336121,69.803658,-11.814026,6.982798,-4.076511
1201.000000,-2472.745361,-1117.551758,75.077255,1.935771,1.477860,-46.365656,-4.261132,-4.451061,10.824873,29.654215,-27.438244,4.858413,-32.174904,-9.535469,-14.717409,12.248692,4.089205,3.144718,-0.491081,-4.062568,1.150666,-9.654732,19.431990,-43.198112,63.333424,11.264107,13.026664,0.794919,-6.147069,-16.129410,41.339062,69.804588,-11.987303,6.807125,-3.929209
1202.000000,-2473.206787,-1116.817871,75.480179,1.502826,1.592253,-47.047547,-4.461520,-4.070349,11.337874,28.645634,-26.349035,4.876471,-32.144909,-9.533544,-14.704268,13.699449,4.254194,3.122348,-0.146339,-4.194972,1.387964,-9.156615,19.875618,-43.308743,63.979069,11.288670,13.101534,0.930876,-6.502719,-16.163980,41.340652,69.805473,-12.009696,6.650314,-3.841119
1203.000000,-2473.621826,-1116.132202,75.900688,1.076915,1.783476,-47.747583,-4.613912,-3.584257,12.004425,27.044720,-24.827845,4.909224,-32.201271,-9.638187,-14.595449,15.918989,4.183958,3.066498,0.322570,-4.293190,1.532731,-8.284624,20.316734,-43.314587,64.615242,11.346841,13.197970,0.971401,-6.899104,-16.265129,41.341438,69.804718,-12.073264,6.435732,-3.741260
1204.000000,-2473.987305,-1115.523438,76.306549,0.651680,1.954214,-48.128185,-4.639881,-3.200237,12.401458,25.268827,-23.247162,4.951882,-32.174965,-9.894838,-14.209844,18.420944,3.852501,3.003540,0.532391,-4.357546,1.552112,-7.251275,20.596088,-43.306656,65.018661,11.455153,13.246798,0.970837,-7.139705,-16.393503,41.364128,69.809914,-12.415209,6.349251,-3.504350
1205.000000,-2474.329834,-1114.970825,76.681656,0.253774,2.048531,-48.328914,-4.565040,-2.899173,12.511999,23.495241,-21.695589,5.023737,-31.867041,-10.167573,-13.543858,20.844986,3.343784,2.962967,0.582942,-4.416378,1.567561,-6.248832,20.712934,-43.309723,65.242401,11.489717,13.229602,0.937880,-7.180165,-16.586269,41.368492,69.727898,-12.656114,6.307033,-3.317717
1206.000000,-2474.656982,-1114.476318,77.006683,-0.069039,2.095943,-48.522749,-4.376923,-2.671000,12.611030,21.769068,-20.248053,5.101007,-31.323099,-10.407357,-12.950469,22.901718,2.793844,2.949764,0.623228,-4.539150,1.566164,-5.338840,20.723778,-43.369293,65.400787,11.482622,13.103464,0.825279,-7.183748,-16.784639,41.368469,69.503975,-12.680952,6.237290,-3.237813
1207.000000,-2474.987549,-1114.033447,77.273140,-0.260160,2.033046,-48.668399,-4.064081,-2.574574,12.697427,20.090145,-18.875885,5.181488,-30.563387,-10.731729,-12.451494,24.932377,2.069381,2.951082,0.677635,-4.819837,1.595174,-4.596445,20.686867,-43.521164,65.648079,11.426443,12.796556,0.651696,-7.193080,-16.913528,41.372326,69.139999,-12.690825,6.203661,-3.213940
1208.000000,-2475.314697,-1113.647217,77.466248,-0.324369,1.938135,-48.698748,-3.798017,-2.601837,12.694736,18.702950,-17.701225,5.213968,-29.720802,-11.216544,-12.093715,27.141006,1.023649,2.952418,0.674502,-5.234277,1.577286,-4.035389,20.604471,-43.712223,66.014969,11.377928,12.398736,0.486244,-7.193635,-16.945213,41.374676,68.753929,-12.720416,6.140118,-3.210870
1209.000000,-2475.624756,-1113.304810,77.604523,-0.359750,1.766023,-48.704936,-3.563381,-2.638399,12.682814,17.681286,-16.787025,5.206762,-28.711874,-11.788038,-11.982041,29.294952,-0.286690,2.942959,0.673310,-5.639920,1.552213,-3.558000,20.462662,-43.843174,66.421738,11.356114,11.946875,0.351142,-7.197706,-16.940493,41.372349,68.476555,-12.747239,5.948780,-3.210011
1210.000000,-2475.901123,-1113.004639,77.701851,-0.452240,1.600423,-48.701518,-3.490231,-2.567106,12.654333,17.129099,-16.168793,5.187503,-27.577477,-12.290451,-12.091068,31.273119,-1.682291,2.930215,0.677245,-5.873885,1.460288,-3.055971,20.290812,-43.883671,66.649956,11.296180,11.527053,0.225266,-7.197211,-16.928524,41.370232,68.376175,-12.810194,5.718478,-3.209316
1211.000000,-2476.152100,-1112.739502,77.785118,-0.621860,1.434899,-48.657442,-3.539191,-2.379456,12.559813,16.931900,-15.768044,5.180806,-26.229366,-12.538204,-12.179828,32.589523,-2.872427,2.930344,0.726793,-5.885791,1.379748,-2.629406,20.104589,-43.886192,66.674995,11.192822,11.144629,0.080106,-7.175238,-16.931931,41.369720,68.361305,-13.037184,5.582089,-3.205228
1212.000000,-2476.382812,-1112.519531,77.863251,-0.770187,1.277099,-48.638965,-3.549909,-2.230573,12.492174,16.779728,-15.479581,5.183650,-25.060350,-12.624636,-12.263775,33.123558,-3.719622,2.938066,0.848228,-5.838192,1.341177,-2.402185,19.953510,-43.867374,66.675949,11.138763,10.861198,-0.039906,-7.130262,-16.928135,41.369205,68.361252,-13.261653,5.548117,-3.200952
1213.000000,-2476.616455,-1112.332031,77.939758,-0.867419,1.137557,-48.573183,-3.528970,-2.084793,12.410513,16.489531,-15.072169,5.182462,-23.403252,-12.726878,-12.459961,33.424934,-4.805758,2.974724,1.058661,-5.774877,1.273208,-2.176593,19.762503,-43.835587,66.675941,11.119473,10.534471,-0.162552,-7.037787,-16.887562,41.369129,68.364883,-13.468801,5.539193,-3.196387
1214.000000,-2476.831299,-1112.200195,78.001648,-0.879570,1.065420,-48.424153,-3.497482,-2.052866,12.234796,16.105928,-14.637581,5.168738,-21.685993,-12.846669,-12.662877,33.403790,-5.777522,3.069703,1.134553,-5.746864,1.138810,-1.970992,19.612988,-43.829826,66.673553,11.114738,10.305348,-0.251575,-6.893676,-16.786144,41.368847,68.366325,-13.596793,5.533443,-3.194834
1215.000000,-2477.030762,-1112.111572,78.049431,-0.868345,1.015377,-48.252552,-3.489424,-2.057735,12.022662,15.749684,-14.241870,5.135638,-19.874403,-12.907345,-12.869052,32.966045,-6.630572,3.265912,1.175176,-5.708268,0.979186,-1.802124,19.517101,-43.815250,66.593201,11.114711,10.186994,-0.379808,-6.660982,-16.661711,41.365891,68.363388,-13.790632,5.511346,-3.197342
1216.000000,-2477.237305,-1112.052246,78.087379,-0.829249,0.973847,-48.053541,-3.509918,-2.068276,11.809276,15.487294,-13.914242,5.081424,-18.039465,-12.954033,-13.258600,32.159435,-7.147659,3.484986,1.218310,-5.644489,0.851631,-1.704803,19.481228,-43.800903,66.410446,11.125142,10.150329,-0.534281,-6.367494,-16.555090,41.363010,68.361389,-14.093669,5.460990,-3.205304
1217.000000,-2477.440430,-1112.023438,78.114677,-0.775592,0.960970,-47.811776,-3.590786,-2.083935,11.557749,15.320728,-13.639238,5.012322,-16.212353,-12.977704,-13.776738,31.096869,-7.291861,3.688426,1.198305,-5.538386,0.744581,-1.682470,19.469383,-43.797390,66.171608,11.139350,10.144749,-0.664130,-6.052240,-16.485699,41.359650,68.361702,-14.330199,5.403885,-3.246469
1218.000000,-2477.642578,-1112.026733,78.131721,-0.702071,0.968944,-47.611332,-3.672691,-2.085765,11.388448,15.249056,-13.471389,4.952136,-14.886915,-12.931035,-14.128526,30.222357,-6.923713,3.817376,1.166680,-5.436351,0.686991,-1.706678,19.469149,-43.797142,66.072052,11.160224,10.164269,-0.695279,-5.832036,-16.453119,41.356529,68.362778,-14.401580,5.379173,-3.316924
1219.000000,-2477.846436,-1112.051270,78.156105,-0.677592,0.971838,-47.569304,-3.779006,-2.016335,11.252193,15.206480,-13.305126,4.852364,-13.180628,-12.696000,-14.573391,28.601433,-6.937032,4.362728,1.210656,-5.233799,0.648122,-1.797419,19.441990,-43.793365,65.981476,11.181143,10.168243,-0.722616,-5.566195,-16.439060,41.352524,68.370178,-14.528052,5.374009,-3.475186
1220.000000,-2478.063232,-1112.069336,78.201500,-0.743052,0.896220,-47.750251,-3.775513,-1.767876,11.340590,15.134914,-13.161536,4.712459,-11.811989,-12.204218,-15.003921,26.242300,-7.392270,5.214430,1.470446,-4.872841,0.758721,-1.954947,19.354900,-43.776165,65.863281,11.208851,10.164377,-0.737716,-5.443171,-16.438524,41.349522,68.377480,-14.812101,5.398242,-3.708352
1221.000000,-2478.271240,-1112.096069,78.259041,-0.855244,0.777481,-47.875734,-3.694418,-1.451154,11.376388,15.063996,-13.012661,4.549143,-10.704476,-11.637374,-15.326911,24.098648,-6.967267,5.845704,1.632698,-4.400689,0.962909,-2.149303,19.212769,-43.735798,65.771179,11.225323,10.148662,-0.756428,-5.415529,-16.437735,41.346634,68.380928,-15.088276,5.448481,-4.021157
1222.000000,-2478.458252,-1112.156006,78.331688,-1.026755,0.656217,-47.859568,-3.573509,-1.103467,11.252425,14.946069,-12.840471,4.365884,-9.685958,-11.000449,-15.531969,22.209530,-6.574182,5.809745,1.646130,-3.856325,1.084569,-2.324423,19.002008,-43.658257,65.749001,11.240042,10.131178,-0.767605,-5.314431,-16.435923,41.342274,68.386688,-15.366486,5.512939,-4.429587
1223.000000,-2478.614746,-1112.249756,78.403648,-1.228326,0.568311,-47.745075,-3.482858,-0.735402,11.012664,14.876108,-12.714114,4.167636,-8.767987,-10.366964,-15.708832,20.578859,-6.179585,5.630974,1.564837,-3.266513,1.043500,-2.406574,18.723701,-43.458584,65.713966,11.258151,10.124429,-0.770456,-5.047066,-16.431107,41.247169,68.411682,-15.755607,5.583903,-4.891955
1224.000000,-2478.748047,-1112.378540,78.464226,-1.381325,0.449068,-47.622168,-3.312072,-0.422866,10.776627,14.782002,-12.620722,3.969576,-7.942806,-9.836025,-15.851166,19.273613,-5.860707,5.483157,1.471712,-2.728772,0.920800,-2.412780,18.417671,-43.151226,65.654648,11.277269,10.118252,-0.769237,-4.622576,-16.409069,41.039814,68.449623,-16.213173,5.688855,-5.358143
1225.000000,-2478.863037,-1112.541748,78.509628,-1.446659,0.272181,-47.507024,-3.057730,-0.255725,10.617111,14.621097,-12.537148,3.817838,-7.304141,-9.511967,-15.915911,18.421587,-5.730237,5.396791,1.417230,-2.407521,0.818834,-2.403248,18.199440,-42.901543,65.610062,11.292319,10.113356,-0.765699,-4.207476,-16.368324,40.875820,68.491310,-16.540764,5.808544,-5.689987
1226.000000,-2478.974609,-1112.742676,78.543579,-1.454126,0.089328,-47.472757,-2.653999,-0.086765,10.478330,14.343335,-12.431340,3.605412,-6.539831,-9.156915,-15.938198,17.483084,-5.688600,5.290419,1.384074,-2.097039,0.627546,-2.334925,17.977348,-42.566925,65.492081,11.325100,10.107674,-0.758315,-3.586427,-16.277977,40.700912,68.577446,-16.919065,6.022188,-6.052773
1227.000000,-2479.084961,-1112.952515,78.570450,-1.443744,-0.118896,-47.532420,-2.183309,0.095950,10.461766,14.046092,-12.353934,3.372082,-5.843754,-8.823359,-15.964137,16.687590,-5.701775,5.158967,1.407140,-1.855915,0.465284,-2.225272,17.832443,-42.193562,65.290070,11.414843,10.096418,-0.746678,-2.988411,-16.146868,40.471142,68.668556,-17.251221,6.313836,-6.285033
1228.000000,-2479.203613,-1113.169067,78.593895,-1.437055,-0.360035,-47.617898,-1.681388,0.295880,10.469147,13.787269,-12.303833,3.136242,-5.132398,-8.492698,-16.047653,15.931705,-5.721296,5.014978,1.404420,-1.633684,0.397798,-2.164722,17.691631,-41.843388,65.171333,11.532774,10.077304,-0.733504,-2.433513,-16.020496,40.111076,68.695045,-17.573479,6.647503,-6.396270
1229.000000,-2479.332275,-1113.387939,78.610886,-1.412452,-0.578401,-47.743119,-1.238459,0.488986,10.504834,13.581056,-12.270621,2.907013,-4.533883,-8.194921,-16.132648,15.312395,-5.779368,4.856287,1.401382,-1.440765,0.375198,-2.157180,17.570461,-41.594254,65.115974,11.611607,10.061286,-0.719143,-1.965824,-15.933893,39.809975,68.698288,-17.820829,6.969018,-6.429806
1230.000000,-2479.469238,-1113.609619,78.621735,-1.347988,-0.771482,-47.906119,-0.798124,0.649100,10.586368,13.330878,-12.210694,2.671461,-4.037081,-7.942290,-16.182524,14.820954,-5.910253,4.681855,1.395146,-1.314694,0.391666,-2.142235,17.539322,-41.514301,65.103226,11.730287,10.055789,-0.687468,-1.588282,-15.855387,39.567169,68.696823,-17.993431,7.264165,-6.436353
1231.000000,-2479.605713,-1113.824829,78.627068,-1.253596,-0.913118,-48.022741,-0.500185,0.734564,10.625788,13.121025,-12.142939,2.499757,-3.722174,-7.789707,-16.207281,14.514180,-6.053311,4.554694,1.369069,-1.260751,0.402225,-2.129348,17.533615,-41.456841,65.086960,11.750054,10.050468,-0.681993,-1.337353,-15.810996,39.445408,68.693596,-18.112003,7.456237,-6.437572
1232.000000,-2479.747314,-1114.045654,78.626373,-1.134061,-1.019636,-48.121042,-0.160140,0.812917,10.653796,12.851663,-12.045678,2.281060,-3.369991,-7.625594,-16.206202,14.174013,-6.299260,4.395896,1.321868,-1.232312,0.408291,-2.117707,17.528284,-41.427132,65.072716,11.786833,10.046253,-0.678105,-1.037610,-15.775168,39.360603,68.688179,-18.282606,7.679488,-6.434006
1233.000000,-2479.890625,-1114.263672,78.619858,-1.008942,-1.087346,-48.199789,0.108423,0.883252,10.676255,12.636823,-11.970187,2.065917,-3.070423,-7.478450,-16.204996,13.862906,-6.582572,4.234512,1.269165,-1.225524,0.408833,-2.080330,17.528685,-41.421494,65.067734,11.842303,10.047203,-0.672936,-0.783677,-15.754334,39.276653,68.682442,-18.395536,7.882309,-6.419880
1234.000000,-2480.034180,-1114.478882,78.608826,-0.881842,-1.124985,-48.286549,0.301099,0.952156,10.695810,12.481853,-11.920272,1.855937,-2.797133,-7.339103,-16.244282,13.518678,-6.873640,4.065652,1.214649,-1.218460,0.407562,-2.028996,17.530382,-41.412788,65.053314,11.878505,10.048815,-0.665413,-0.588570,-15.746293,39.182709,68.671494,-18.417261,8.082818,-6.397451
1235.000000,-2480.173340,-1114.697266,78.593323,-0.756811,-1.146184,-48.379489,0.458129,1.035339,10.737528,12.382267,-11.906227,1.641465,-2.484245,-7.195322,-16.427231,13.063886,-7.160967,3.865026,1.232267,-1.194499,0.396181,-1.966061,17.532753,-41.393719,64.997192,11.941511,10.051127,-0.640884,-0.379239,-15.745552,39.158394,68.599968,-18.405043,8.339901,-6.370693
1236.000000,-2480.308350,-1114.911743,78.576256,-0.639552,-1.126335,-48.450772,0.534258,1.108081,10.765892,12.346114,-11.914040,1.442637,-2.222184,-7.069865,-16.635853,12.626067,-7.451160,3.638155,1.243401,-1.145668,0.357569,-1.872651,17.519825,-41.393166,64.914299,11.981491,10.053846,-0.591519,-0.150982,-15.749625,39.157291,68.408661,-18.261118,8.631885,-6.332495
1237.000000,-2480.426025,-1115.109253,78.586792,-0.653749,-1.125703,-48.396011,0.585033,1.302275,10.665210,12.344652,-11.915450,1.250271,-2.009505,-6.838268,-16.790823,12.343618,-7.490739,3.422260,1.138904,-0.889653,0.361450,-1.778149,17.419081,-41.407143,64.893372,11.991614,10.064805,-0.494816,0.078767,-15.770329,39.157909,68.144592,-17.962019,8.922131,-6.306412
1238.000000,-2480.531982,-1115.300415,78.602394,-0.687599,-1.110500,-48.283267,0.615445,1.500201,10.494313,12.336510,-11.900623,1.067580,-1.806684,-6.615218,-16.998224,12.104288,-7.483222,3.255502,0.996473,-0.589934,0.355132,-1.668501,17.311293,-41.434235,64.846581,11.991192,10.082986,-0.445439,0.346591,-15.772812,39.158119,67.836151,-17.633436,9.170508,-6.289427
1239.000000,-2480.634033,-1115.480469,78.614441,-0.707341,-1.077098,-48.134246,0.610311,1.669302,10.296617,12.329597,-11.876687,0.894544,-1.640134,-6.427130,-17.227798,11.902922,-7.502806,3.103661,0.883100,-0.307685,0.346691,-1.556972,17.247679,-41.459007,64.718475,11.991988,10.093866,-0.413006,0.616231,-15.763982,39.159546,67.484558,-17.325018,9.382257,-6.253532
1240.000000,-2480.733887,-1115.648926,78.621696,-0.711051,-1.044337,-47.971862,0.587337,1.808713,10.079238,12.333239,-11.852958,0.726941,-1.511879,-6.279288,-17.462833,11.782763,-7.575104,2.957122,0.792018,-0.064301,0.345797,-1.449282,17.232632,-41.472122,64.525932,11.996208,10.100766,-0.390723,0.796451,-15.768991,39.166782,67.181107,-16.998760,9.611876,-6.246100
1241.000000,-2480.826660,-1115.804810,78.625359,-0.705325,-1.019692,-47.864501,0.585128,1.905423,9.958037,12.328980,-11.840078,0.604389,-1.446046,-6.181698,-17.593090,11.745244,-7.650654,2.852924,0.757750,0.084054,0.338553,-1.375800,17.230474,-41.496933,64.377426,11.999310,10.105117,-0.383176,0.819518,-15.832293,39.168217,67.080635,-16.769094,9.797088,-6.252814
1242.000000,-2480.916260,-1115.965210,78.628105,-0.692503,-1.012772,-47.808002,0.632183,2.035676,9.865046,12.281199,-11.818745,0.439012,-1.380379,-6.053864,-17.704020,11.742517,-7.765097,2.717952,0.754210,0.239114,0.320480,-1.288233,17.227985,-41.538902,64.222664,11.997482,10.109238,-0.381469,0.820984,-15.920555,39.170761,67.027931,-16.498798,9.935960,-6.249780
1243.000000,-2481.001953,-1116.124268,78.630432,-0.672694,-1.025589,-47.771660,0.742877,2.154970,9.805851,12.170450,-11.777372,0.272339,-1.311911,-5.938423,-17.787996,11.777464,-7.895211,2.585430,0.749382,0.339651,0.302530,-1.226777,17.225443,-41.613274,64.127724,11.989194,10.110362,-0.384620,0.821948,-15.968558,39.175198,67.015701,-16.257662,10.000336,-6.243679
1244.000000,-2481.088379,-1116.281494,78.632889,-0.640782,-1.037909,-47.783170,0.896043,2.261455,9.786752,11.994108,-11.708109,0.104284,-1.273594,-5.834933,-17.825855,11.858961,-8.038460,2.455875,0.770705,0.387120,0.287270,-1.199886,17.217867,-41.652416,64.093208,11.980149,10.108082,-0.388663,0.823815,-15.981703,39.215900,67.010468,-16.079195,10.062467,-6.236203
1245.000000,-2481.173340,-1116.428955,78.635544,-0.610838,-1.040980,-47.816650,1.046774,2.367164,9.794592,11.797938,-11.630093,-0.058331,-1.261655,-5.727397,-17.831188,11.937112,-8.166409,2.330069,0.810997,0.406102,0.275553,-1.193047,17.214108,-41.660606,64.086472,11.975934,10.104475,-0.389515,0.822995,-15.984978,39.284763,67.004585,-15.958140,10.116085,-6.228289
1246.000000,-2481.253906,-1116.568115,78.637657,-0.588573,-1.052578,-47.840481,1.153657,2.449310,9.796759,11.670446,-11.580355,-0.173409,-1.237474,-5.643148,-17.843929,11.973710,-8.249627,2.238516,0.824290,0.416599,0.279697,-1.189650,17.212765,-41.665234,64.084709,11.974134,10.101076,-0.389945,0.822445,-15.985416,39.313469,66.999504,-15.859510,10.139731,-6.222544
1247.000000,-2481.331543,-1116.705566,78.638252,-0.572700,-1.077534,-47.857515,1.287558,2.560718,9.793449,11.544190,-11.537053,-0.316493,-1.183470,-5.532505,-17.874060,12.010278,-8.353854,2.123101,0.822912,0.430003,0.288937,-1.181067,17.211962,-41.671562,64.084846,11.972037,10.096525,-0.391989,0.826212,-15.984118,39.325371,66.993584,-15.698094,10.161332,-6.214842
1248.000000,-2481.402832,-1116.834961,78.637451,-0.562127,-1.109107,-47.869628,1.411968,2.673642,9.785938,11.456901,-11.515209,-0.452720,-1.116897,-5.424110,-17.911251,12.043611,-8.455252,2.015412,0.819302,0.442225,0.294031,-1.171017,17.211794,-41.677647,64.086052,11.970453,10.091852,-0.395439,0.837151,-15.982787,39.334213,66.987007,-15.535667,10.178584,-6.208521
