Frame,root_translateX,root_translateY,root_translateZ,root_rotateX,root_rotateY,root_rotateZ,left_hip_pitch_joint_dof,left_hip_roll_joint_dof,left_hip_yaw_joint_dof,left_knee_joint_dof,left_ankle_pitch_joint_dof,left_ankle_roll_joint_dof,right_hip_pitch_joint_dof,right_hip_roll_joint_dof,right_hip_yaw_joint_dof,right_knee_joint_dof,right_ankle_pitch_joint_dof,right_ankle_roll_joint_dof,waist_yaw_joint_dof,waist_roll_joint_dof,waist_pitch_joint_dof,left_shoulder_pitch_joint_dof,left_shoulder_roll_joint_dof,left_shoulder_yaw_joint_dof,left_elbow_joint_dof,left_wrist_roll_joint_dof,left_wrist_pitch_joint_dof,left_wrist_yaw_joint_dof,right_shoulder_pitch_joint_dof,right_shoulder_roll_joint_dof,right_shoulder_yaw_joint_dof,right_elbow_joint_dof,right_wrist_roll_joint_dof,right_wrist_pitch_joint_dof,right_wrist_yaw_joint_dof
0.000000,2580.455322,2113.446533,78.521111,-0.528530,0.020524,45.474550,-5.440159,1.924896,7.480332,16.511475,-11.008007,0.578025,0.865015,-4.143883,-16.001789,10.586642,-10.429940,2.073812,-1.886660,0.527278,0.587181,-6.153023,12.339666,-41.582787,72.660904,23.681168,18.420332,-9.047568,-10.150736,-7.420073,30.501314,71.161972,1.965771,7.357101,2.167134
1.000000,2580.454102,2113.449463,78.521645,-0.528511,0.018976,45.459688,-5.430374,1.924776,7.492733,16.502922,-11.008866,0.579861,0.863488,-4.142725,-15.988748,10.586404,-10.426632,2.073338,-1.887202,0.528294,0.587585,-6.150931,12.337874,-41.583061,72.662926,23.683666,18.422625,-9.052955,-10.151274,-7.420167,30.500362,71.163857,1.969001,7.355165,2.167762
2.000000,2580.454102,2113.450928,78.523125,-0.526724,0.018566,45.460174,-5.412766,1.917752,7.489968,16.471064,-10.994361,0.578301,0.865413,-4.143661,-15.984713,10.583323,-10.421807,2.071181,-1.889804,0.527301,0.588534,-6.147633,12.337233,-41.584927,72.663536,23.683535,18.424061,-9.057190,-10.150725,-7.419824,30.502321,71.163269,1.974053,7.351851,2.167300
3.000000,2580.454834,2113.449951,78.523659,-0.525977,0.019236,45.480364,-5.412860,1.907304,7.462266,16.459633,-10.982070,0.578141,0.869987,-4.145120,-15.999359,10.581107,-10.421751,2.069138,-1.891799,0.526077,0.590330,-6.146298,12.337550,-41.585278,72.663414,23.685383,18.423649,-9.060946,-10.151293,-7.418595,30.506048,71.163300,1.977704,7.349210,2.166636
4.000000,2580.455811,2113.447998,78.523560,-0.525146,0.018680,45.493430,-5.417983,1.902397,7.445606,16.463951,-10.979826,0.580931,0.873040,-4.145036,-16.009283,10.581806,-10.423675,2.069198,-1.889405,0.525853,0.592097,-6.145453,12.337358,-41.584339,72.663910,23.688265,18.423336,-9.064669,-10.153244,-7.417172,30.507977,71.165794,1.980720,7.347883,2.166976
5.000000,2580.456055,2113.446533,78.523315,-0.523908,0.018107,45.490201,-5.419386,1.902013,7.447284,16.467684,-10.981624,0.583773,0.871895,-4.144195,-16.006498,10.582955,-10.424336,2.069901,-1.888013,0.526365,0.592448,-6.144597,12.336530,-41.583801,72.665001,23.690884,18.424147,-9.068340,-10.154841,-7.416550,30.507927,71.168419,1.983325,7.346504,2.167744
6.000000,2580.455322,2113.446045,78.522995,-0.523270,0.017564,45.480416,-5.419670,1.903141,7.455879,16.472815,-10.986302,0.586873,0.868627,-4.142497,-15.997564,10.584324,-10.424962,2.070284,-1.888300,0.527570,0.591907,-6.143958,12.334937,-41.583405,72.666878,23.695232,18.426132,-9.074028,-10.156311,-7.416409,30.506874,71.171814,1.986061,7.344106,2.168909
7.000000,2580.454590,2113.446289,78.522636,-0.523797,0.017004,45.468216,-5.419316,1.905386,7.466008,16.478519,-10.992562,0.589079,0.864998,-4.139907,-15.987078,10.585505,-10.425364,2.069718,-1.889432,0.528959,0.590882,-6.143729,12.333217,-41.583061,72.669037,23.700232,18.428499,-9.080194,-10.157307,-7.416556,30.505505,71.174881,1.988121,7.341677,2.170049
8.000000,2580.453613,2113.447266,78.522247,-0.525286,0.016463,45.455748,-5.418913,1.908441,7.476293,16.485361,-11.000021,0.590725,0.861586,-4.136591,-15.976389,10.586592,-10.425341,2.068568,-1.890322,0.530244,0.589891,-6.143684,12.331527,-41.582489,72.671516,23.705496,18.430872,-9.086485,-10.158182,-7.416696,30.504179,71.177612,1.989909,7.339638,2.171114
9.000000,2580.452637,2113.447998,78.521286,-0.529373,0.016327,45.459491,-5.427543,1.910130,7.469755,16.504284,-11.009521,0.590393,0.861164,-4.132535,-15.977014,10.588049,-10.427857,2.065991,-1.892552,0.531360,0.589480,-6.144526,12.330701,-41.581432,72.673531,23.711918,18.432028,-9.092268,-10.159101,-7.416321,30.504593,71.179344,1.990667,7.338625,2.171646
10.000000,2580.452637,2113.447266,78.519844,-0.535475,0.017562,45.483803,-5.449969,1.909348,7.437440,16.538441,-11.021593,0.588634,0.864446,-4.127754,-15.996946,10.590541,-10.433850,2.062703,-1.894901,0.532180,0.589167,-6.145951,12.330820,-41.579739,72.674644,23.719463,18.431660,-9.097429,-10.160343,-7.414968,30.506916,71.180885,1.991051,7.338987,2.171848
11.000000,2580.453369,2113.447510,78.520027,-0.536275,0.017940,45.497531,-5.452026,1.904469,7.417274,16.535423,-11.019821,0.587394,0.867884,-4.126592,-16.009249,10.591218,-10.435366,2.060934,-1.892681,0.530873,0.589384,-6.142700,12.330759,-41.579403,72.674843,23.721964,18.431400,-9.100214,-10.161201,-7.413344,30.508879,71.182358,1.994946,7.339190,2.172224
12.000000,2580.454346,2113.448730,78.522247,-0.529688,0.017451,45.492353,-5.424995,1.894150,7.422527,16.484020,-10.997969,0.587491,0.869083,-4.131044,-16.001513,10.587869,-10.429832,2.060436,-1.891353,0.528014,0.590569,-6.134374,12.330161,-41.580967,72.674644,23.719515,18.432268,-9.101636,-10.161332,-7.412404,30.509855,71.182983,2.002134,7.336541,2.172390
13.000000,2580.455566,2113.449219,78.525261,-0.519688,0.016593,45.479439,-5.387600,1.880823,7.436359,16.415138,-10.966147,0.588631,0.869568,-4.138407,-15.986922,10.582238,-10.421694,2.060265,-1.891638,0.525785,0.592609,-6.125597,12.329213,-41.583298,72.674286,23.715668,18.433485,-9.103211,-10.161031,-7.412311,30.510580,71.183266,2.009586,7.331471,2.172132
14.000000,2580.456543,2113.448242,78.526894,-0.513207,0.016880,45.466299,-5.370620,1.875096,7.449338,16.384277,-10.949999,0.591319,0.867400,-4.141135,-15.974307,10.577800,-10.416140,2.060303,-1.892224,0.526282,0.594343,-6.121922,12.328214,-41.584442,72.674858,23.714773,18.434790,-9.106876,-10.161540,-7.412647,30.510702,71.184509,2.014585,7.325997,2.172160
15.000000,2580.457031,2113.446777,78.526962,-0.510948,0.016711,45.454003,-5.368524,1.875514,7.458195,16.383421,-10.949018,0.594014,0.864717,-4.140239,-15.966053,10.576994,-10.415005,2.060313,-1.892463,0.527249,0.594960,-6.121607,12.327438,-41.584354,72.676048,23.716892,18.435938,-9.111013,-10.162390,-7.412828,30.510351,71.186348,2.016822,7.322290,2.172595
16.000000,2580.457520,2113.445557,78.526619,-0.511106,0.016151,45.441545,-5.368417,1.878938,7.468877,16.389225,-10.953425,0.596385,0.860896,-4.136819,-15.955959,10.577869,-10.415132,2.059451,-1.892955,0.528462,0.594280,-6.121916,12.326373,-41.583851,72.678177,23.721899,18.437637,-9.117236,-10.163489,-7.412849,30.509592,71.189064,2.018689,7.318505,2.173593
17.000000,2580.457764,2113.444092,78.525711,-0.514063,0.016064,45.440852,-5.375892,1.883136,7.468268,16.406662,-10.962485,0.596437,0.858469,-4.131417,-15.953011,10.579602,-10.417480,2.056857,-1.895569,0.529608,0.592610,-6.122849,12.325753,-41.583019,72.680336,23.728687,18.438915,-9.123739,-10.164464,-7.412446,30.509609,71.191376,2.019711,7.315750,2.174574
18.000000,2580.458496,2113.441162,78.523987,-0.520161,0.017888,45.467313,-5.402357,1.883869,7.434175,16.445576,-10.975696,0.593785,0.860343,-4.125462,-15.974705,10.582635,-10.425432,2.052546,-1.899766,0.530540,0.590627,-6.124875,12.326266,-41.581493,72.681366,23.737127,18.438280,-9.129223,-10.165422,-7.411181,30.511868,71.193298,2.020103,7.314745,2.174981
19.000000,2580.458984,2113.439453,78.522934,-0.523139,0.018009,45.482872,-5.418862,1.883732,7.411293,16.469122,-10.985274,0.593060,0.861949,-4.121686,-15.990623,10.586315,-10.431444,2.050159,-1.897565,0.530708,0.589889,-6.125060,12.326115,-41.579926,72.682556,23.742958,18.437571,-9.133287,-10.166907,-7.409782,30.513124,71.196449,2.021865,7.315011,2.175857
20.000000,2580.458496,2113.439453,78.522453,-0.523794,0.017365,45.480512,-5.422007,1.884545,7.412803,16.478245,-10.992414,0.594530,0.860755,-4.119585,-15.987679,10.588820,-10.433400,2.049222,-1.895688,0.531583,0.589695,-6.123899,12.324764,-41.578926,72.684814,23.747343,18.438221,-9.137947,-10.168551,-7.409105,30.512486,71.200043,2.024538,7.314454,2.177005
21.000000,2580.457275,2113.440918,78.522072,-0.524594,0.016925,45.470815,-5.422206,1.886050,7.421914,16.485399,-10.999541,0.596479,0.858295,-4.117716,-15.978467,10.589982,-10.433365,2.048487,-1.895863,0.533085,0.589435,-6.123173,12.322997,-41.578266,72.687294,23.751757,18.439728,-9.143229,-10.169637,-7.409107,30.511124,71.203148,2.026608,7.313049,2.178002
22.000000,2580.455811,2113.443604,78.521690,-0.526295,0.016641,45.458558,-5.421690,1.888247,7.432807,16.492929,-11.007504,0.598605,0.855636,-4.115429,-15.967735,10.590731,-10.432458,2.047786,-1.896601,0.534618,0.589207,-6.122878,12.321234,-41.577606,72.689781,23.756336,18.441637,-9.148886,-10.170475,-7.409339,30.509712,71.205673,2.028248,7.311564,2.178888
23.000000,2580.454346,2113.446289,78.520836,-0.530429,0.016498,45.458563,-5.429597,1.889569,7.427735,16.512520,-11.017938,0.599168,0.855780,-4.112084,-15.967671,10.592239,-10.434140,2.045965,-1.899040,0.535947,0.589420,-6.123648,12.320431,-41.576565,72.691452,23.762091,18.442760,-9.154426,-10.171346,-7.409125,30.510109,71.207085,2.028794,7.310875,2.179250
24.000000,2580.454590,2113.447998,78.520355,-0.534095,0.015428,45.477253,-5.435148,1.886547,7.408381,16.521952,-11.021020,0.597841,0.860235,-4.110483,-15.978225,10.593080,-10.436666,2.044125,-1.900887,0.535833,0.590167,-6.123529,12.320607,-41.576302,72.691620,23.765234,18.442686,-9.157476,-10.171659,-7.408334,30.512165,71.207199,2.030003,7.310822,2.178982
25.000000,2580.456055,2113.449219,78.521690,-0.530911,0.014461,45.493404,-5.425012,1.874245,7.381462,16.497469,-11.007680,0.596439,0.868743,-4.113499,-15.993649,10.591978,-10.437249,2.042627,-1.900617,0.532309,0.591465,-6.119169,12.321205,-41.577309,72.690742,23.765060,18.442444,-9.159504,-10.171506,-7.406525,30.515699,71.206963,2.035314,7.310159,2.178527
26.000000,2580.457275,2113.450439,78.524437,-0.521614,0.014785,45.490449,-5.394272,1.859288,7.384180,16.435148,-10.978384,0.598284,0.870412,-4.121467,-15.988255,10.588314,-10.431479,2.043655,-1.898745,0.527141,0.592503,-6.110249,12.321267,-41.579090,72.689903,23.760906,18.443254,-9.160025,-10.171548,-7.405133,30.517557,71.207283,2.043353,7.307241,2.178592
27.000000,2580.457764,2113.449951,78.525726,-0.516377,0.015635,45.481451,-5.377484,1.851761,7.394902,16.402124,-10.961467,0.602246,0.868403,-4.125628,-15.977907,10.584479,-10.425743,2.045375,-1.898295,0.525980,0.594359,-6.105845,12.320634,-41.580223,72.690178,23.759037,18.444563,-9.162788,-10.172359,-7.404943,30.517956,71.208717,2.049104,7.302526,2.178898
28.000000,2580.457764,2113.449219,78.525749,-0.514527,0.015640,45.469285,-5.375711,1.852287,7.406617,16.402721,-10.961961,0.606718,0.864838,-4.124702,-15.967207,10.583534,-10.423956,2.046534,-1.898530,0.527037,0.595276,-6.105515,12.319750,-41.580212,72.691505,23.761490,18.446182,-9.167747,-10.173597,-7.405077,30.517363,71.211334,2.051948,7.298191,2.179626
29.000000,2580.457275,2113.448730,78.525368,-0.514817,0.015164,45.456209,-5.375875,1.855448,7.417845,16.409380,-10.967702,0.609649,0.861003,-4.121786,-15.956851,10.584361,-10.423842,2.046574,-1.899296,0.528247,0.594591,-6.105930,12.318741,-41.579807,72.693359,23.766273,18.448002,-9.173579,-10.174611,-7.405142,30.516447,71.214058,2.053414,7.294789,2.180653
30.000000,2580.456787,2113.448975,78.524826,-0.516711,0.014385,45.442567,-5.376960,1.860560,7.429132,16.419748,-10.976796,0.611299,0.857192,-4.117144,-15.946165,10.585743,-10.424016,2.045669,-1.899950,0.529370,0.593066,-6.106488,12.317631,-41.579121,72.695763,23.772100,18.449942,-9.179960,-10.175491,-7.405033,30.515436,71.216805,2.054588,7.292117,2.181921
31.000000,2580.456055,2113.448486,78.523735,-0.520792,0.014390,45.444475,-5.389118,1.863773,7.421435,16.444452,-10.988772,0.610730,0.856130,-4.111952,-15.947960,10.587649,-10.427465,2.042934,-1.902992,0.530300,0.591452,-6.107848,12.317280,-41.578011,72.697723,23.779259,18.450747,-9.185888,-10.176304,-7.404448,30.516047,71.218758,2.054909,7.290522,2.182719
32.000000,2580.456055,2113.447266,78.522095,-0.527037,0.015879,45.468501,-5.407916,1.863990,7.397499,16.473063,-10.999146,0.609210,0.857808,-4.108045,-15.963074,10.589782,-10.432684,2.040294,-1.905139,0.530818,0.590359,-6.109326,12.317621,-41.576782,72.698471,23.785149,18.450186,-9.189566,-10.176993,-7.403491,30.517765,71.220108,2.054875,7.290365,2.183019
33.000000,2580.456055,2113.444824,78.520332,-0.533595,0.018554,45.507151,-5.440433,1.861847,7.350585,16.515907,-11.012713,0.607213,0.861936,-4.103694,-15.997381,10.592957,-10.440976,2.037367,-1.907168,0.531306,0.589287,-6.111097,12.318385,-41.574898,72.698868,23.792524,18.448549,-9.193497,-10.178264,-7.401733,30.520555,71.222237,2.055516,7.291094,2.183249
34.000000,2580.457031,2113.443359,78.519997,-0.535027,0.019514,45.532916,-5.456158,1.856202,7.315059,16.530474,-11.015760,0.606196,0.866558,-4.102644,-16.023571,10.595085,-10.446194,2.035523,-1.904577,0.530449,0.589460,-6.109744,12.318735,-41.573902,72.698586,23.796146,18.447025,-9.195640,-10.179315,-7.399947,30.522854,71.224617,2.057975,7.291898,2.183597
35.000000,2580.458008,2113.443359,78.522278,-0.527599,0.018328,45.529500,-5.430140,1.845361,7.317698,16.479530,-10.993712,0.606412,0.868342,-4.107532,-16.018574,10.592686,-10.441606,2.034930,-1.901939,0.527388,0.590659,-6.100832,12.318319,-41.575264,72.697830,23.793430,18.447128,-9.195988,-10.179413,-7.398765,30.523844,71.225906,2.064232,7.289433,2.183907
36.000000,2580.458008,2113.442871,78.523544,-0.522736,0.018072,45.519055,-5.413558,1.839618,7.329895,16.449928,-10.979340,0.609039,0.866782,-4.110387,-16.006746,10.589193,-10.436193,2.035079,-1.901958,0.527292,0.592602,-6.096089,12.317362,-41.576206,72.698128,23.791988,18.448118,-9.198472,-10.179879,-7.398834,30.523735,71.227371,2.068917,7.285118,2.184121
37.000000,2580.457764,2113.442139,78.523636,-0.520973,0.017378,45.505892,-5.410729,1.840459,7.343004,16.450354,-10.979523,0.612877,0.863579,-4.109328,-15.994713,10.588371,-10.434154,2.035289,-1.902418,0.528344,0.593993,-6.095697,12.316363,-41.576065,72.699486,23.794256,18.449671,-9.203113,-10.180871,-7.399148,30.522949,71.229645,2.071421,7.281180,2.184649
38.000000,2580.457031,2113.442139,78.523376,-0.521381,0.016520,45.491621,-5.409629,1.843861,7.355852,16.455894,-10.984399,0.615702,0.859888,-4.106270,-15.982903,10.589110,-10.433171,2.034706,-1.903223,0.529324,0.593833,-6.096134,12.315364,-41.575642,72.701324,23.798492,18.451609,-9.208771,-10.181841,-7.399335,30.521999,71.231972,2.073152,7.278208,2.185480
39.000000,2580.456055,2113.442627,78.522987,-0.523372,0.015613,45.477413,-5.409494,1.848704,7.367684,16.464087,-10.991924,0.617347,0.856448,-4.101890,-15.971831,10.590119,-10.432255,2.033473,-1.903827,0.530092,0.592773,-6.096694,12.314402,-41.575062,72.703461,23.803223,18.453650,-9.214597,-10.182698,-7.399310,30.521084,71.234108,2.074587,7.276274,2.186522
40.000000,2580.454834,2113.443848,78.522514,-0.525924,0.014666,45.463606,-5.409702,1.852611,7.376730,16.471769,-10.998972,0.618290,0.854013,-4.098339,-15.963253,10.590912,-10.431614,2.032349,-1.904071,0.530608,0.591740,-6.097083,12.313575,-41.574528,72.705376,23.807018,18.455254,-9.219220,-10.183344,-7.399229,30.520370,71.235786,2.075792,7.275228,2.187419
41.000000,2580.453369,2113.445801,78.522018,-0.528562,0.013785,45.450702,-5.410111,1.856920,7.387777,16.482204,-11.008616,0.619438,0.851354,-4.094395,-15.952712,10.591829,-10.430923,2.030991,-1.904097,0.531325,0.590568,-6.097444,12.312396,-41.573792,72.708046,23.811640,18.457155,-9.224963,-10.184173,-7.399139,30.519476,71.237938,2.077507,7.274377,2.188536
42.000000,2580.451660,2113.447998,78.521065,-0.532851,0.013426,45.449844,-5.416251,1.859642,7.388675,16.500315,-11.019699,0.619811,0.850471,-4.090714,-15.948979,10.592941,-10.431913,2.029117,-1.905221,0.532404,0.589847,-6.098234,12.311557,-41.572872,72.710381,23.816839,18.458307,-9.230432,-10.185032,-7.398900,30.519480,71.239685,2.078666,7.274072,2.189271
43.000000,2580.451416,2113.449219,78.520386,-0.536915,0.012085,45.470097,-5.427370,1.856635,7.362540,16.519419,-11.026689,0.617586,0.856129,-4.088041,-15.963910,10.593908,-10.435913,2.026194,-1.907349,0.532772,0.590327,-6.098634,12.311795,-41.572243,72.711166,23.821617,18.457697,-9.234529,-10.185544,-7.397794,30.522116,71.240318,2.079692,7.274376,2.189121
44.000000,2580.452637,2113.449219,78.521057,-0.535949,0.011036,45.506928,-5.426059,1.842047,7.319217,16.505503,-11.014655,0.614979,0.868177,-4.091486,-15.992431,10.591647,-10.438515,2.024066,-1.909573,0.530789,0.592048,-6.096186,12.312449,-41.573349,72.710304,23.822042,18.456076,-9.236350,-10.185149,-7.396182,30.526405,71.240013,2.084076,7.273419,2.188054
45.000000,2580.454346,2113.448730,78.523483,-0.526311,0.011214,45.525682,-5.404838,1.820651,7.295312,16.450590,-10.983255,0.616120,0.875295,-4.102263,-16.008097,10.589148,-10.437449,2.024627,-1.906069,0.525388,0.594026,-6.088969,12.312964,-41.574844,72.708542,23.818666,18.454651,-9.235977,-10.185053,-7.394298,30.529919,71.240646,2.090778,7.271052,2.187631
46.000000,2580.454834,2113.447266,78.524857,-0.520118,0.012239,45.524633,-5.391472,1.811377,7.299775,16.418640,-10.965139,0.620580,0.873817,-4.107481,-16.003246,10.586466,-10.433404,2.026714,-1.904004,0.524844,0.596381,-6.083658,12.312479,-41.575611,72.707909,23.816128,18.454540,-9.237339,-10.186386,-7.393781,30.530725,71.242561,2.096198,7.266967,2.187857
47.000000,2580.454590,2113.445312,78.524948,-0.517456,0.012175,45.514253,-5.390316,1.811570,7.311364,16.418711,-10.964682,0.625670,0.869749,-4.106996,-15.992793,10.586321,-10.432104,2.028337,-1.904016,0.525983,0.597791,-6.082999,12.311634,-41.575565,72.708755,23.817862,18.455704,-9.241520,-10.187827,-7.393678,30.530081,71.245438,2.099162,7.262414,2.188675
48.000000,2580.454346,2113.444092,78.524612,-0.517093,0.011642,45.500219,-5.390498,1.814981,7.324345,16.424898,-10.969797,0.629056,0.864897,-4.104163,-15.980988,10.587731,-10.432107,2.028666,-1.905297,0.527055,0.597194,-6.083468,12.310664,-41.575310,72.710213,23.822309,18.457571,-9.247065,-10.188836,-7.393622,30.528980,71.248283,2.100927,7.258408,2.189847
49.000000,2580.453613,2113.443604,78.524086,-0.518911,0.010580,45.485183,-5.391176,1.819164,7.333671,16.432299,-10.976104,0.630331,0.861714,-4.100588,-15.972322,10.588916,-10.432198,2.028024,-1.906202,0.527726,0.596142,-6.084054,12.309996,-41.574959,72.711586,23.826252,18.459063,-9.251424,-10.189394,-7.393479,30.528156,71.250175,2.101924,7.256107,2.190816
50.000000,2580.452637,2113.443848,78.523476,-0.521618,0.009288,45.470992,-5.392608,1.825687,7.345994,16.445173,-10.986879,0.631207,0.858101,-4.094944,-15.960638,10.590456,-10.432319,2.026398,-1.906974,0.528453,0.594509,-6.084870,12.309085,-41.574272,72.713875,23.831833,18.461027,-9.257404,-10.190064,-7.393147,30.527079,71.252586,2.103297,7.253796,2.192188
51.000000,2580.451172,2113.445068,78.522820,-0.524683,0.008039,45.456960,-5.394197,1.831652,7.357566,16.458992,-10.998374,0.631729,0.855308,-4.089742,-15.949565,10.591642,-10.432272,2.024533,-1.907199,0.529117,0.593085,-6.085503,12.308099,-41.573463,72.716515,23.837143,18.462723,-9.263026,-10.190727,-7.392772,30.526064,71.254799,2.104822,7.252336,2.193502
52.000000,2580.449951,2113.447510,78.522171,-0.527916,0.006987,45.443729,-5.395720,1.836802,7.368735,16.473000,-11.010139,0.632288,0.853160,-4.085218,-15.938908,10.592409,-10.431819,2.022790,-1.907071,0.530056,0.592059,-6.085905,12.306950,-41.572598,72.719414,23.842106,18.464197,-9.268457,-10.191454,-7.392429,30.525053,71.256866,2.106511,7.251501,2.194749
53.000000,2580.448242,2113.449951,78.520981,-0.533199,0.006980,45.447186,-5.407256,1.839475,7.362170,16.499327,-11.023637,0.631640,0.853595,-4.080832,-15.940233,10.593621,-10.433960,2.020148,-1.908775,0.531453,0.591371,-6.087082,12.306456,-41.571419,72.721504,23.848053,18.464518,-9.273546,-10.192182,-7.391757,30.525654,71.258156,2.107063,7.251445,2.195455
54.000000,2580.447754,2113.450928,78.519287,-0.540501,0.008484,45.472237,-5.431970,1.839125,7.330277,16.538601,-11.038508,0.630289,0.857388,-4.076525,-15.961429,10.595999,-10.439485,2.017346,-1.910789,0.532832,0.590945,-6.088754,12.306897,-41.569771,72.722214,23.854258,18.463366,-9.277604,-10.193145,-7.390264,30.528034,71.259056,2.106863,7.252657,2.195699
55.000000,2580.447998,2113.452637,78.519173,-0.542872,0.009236,45.487647,-5.437190,1.835049,7.309599,16.542025,-11.040121,0.629880,0.861066,-4.075344,-15.975409,10.597065,-10.440689,2.016195,-1.908065,0.532498,0.591189,-6.086129,12.307045,-41.569427,72.721954,23.855553,18.462502,-9.279775,-10.193851,-7.388471,30.530212,71.260040,2.109936,7.253775,2.196101
56.000000,2580.448242,2113.454590,78.521172,-0.537515,0.009376,45.482980,-5.412173,1.825298,7.315664,16.494207,-11.020403,0.631134,0.861696,-4.080097,-15.968071,10.594263,-10.434602,2.016825,-1.906477,0.530234,0.592225,-6.078609,12.306536,-41.571045,72.721436,23.851748,18.463139,-9.280710,-10.193900,-7.387314,30.531384,71.260254,2.116424,7.251914,2.196369
57.000000,2580.448975,2113.456299,78.524086,-0.528124,0.009054,45.469732,-5.385212,1.815489,7.326802,16.444302,-10.997859,0.632792,0.861499,-4.086097,-15.957319,10.590683,-10.428298,2.017771,-1.906498,0.528418,0.593528,-6.072617,12.305901,-41.572811,72.721039,23.847982,18.464077,-9.281509,-10.193635,-7.386976,30.532087,71.260223,2.121678,7.248778,2.196365
58.000000,2580.449463,2113.456299,78.525803,-0.521757,0.009640,45.455729,-5.360116,1.806817,7.342791,16.397930,-10.975334,0.635919,0.859181,-4.091407,-15.942698,10.586085,-10.420991,2.019066,-1.907141,0.527817,0.595183,-6.067889,12.304994,-41.574661,72.721054,23.844748,18.465553,-9.284046,-10.193745,-7.386979,30.532640,71.260704,2.127425,7.243640,2.196505
59.000000,2580.449951,2113.454346,78.525497,-0.521095,0.009967,45.453392,-5.362993,1.806635,7.346213,16.403811,-10.975259,0.639045,0.856649,-4.090338,-15.938032,10.585180,-10.420526,2.019415,-1.909105,0.528955,0.595966,-6.068304,12.304686,-41.574562,72.721703,23.846989,18.466557,-9.288371,-10.194757,-7.386754,30.533274,71.262253,2.129663,7.239502,2.196971
60.000000,2580.450684,2113.450928,78.524086,-0.524739,0.011003,45.473760,-5.384126,1.806717,7.320746,16.435312,-10.984081,0.639047,0.857669,-4.086254,-15.954322,10.587859,-10.427032,2.017306,-1.912806,0.529976,0.595181,-6.070481,12.305445,-41.573471,72.721741,23.853426,18.466133,-9.293075,-10.195946,-7.385482,30.535759,71.263786,2.129677,7.237265,2.197371
61.000000,2580.451416,2113.447998,78.522995,-0.526737,0.010816,45.486480,-5.400598,1.807215,7.300817,16.459234,-10.993403,0.639654,0.858208,-4.082609,-15.968404,10.591903,-10.433520,2.015982,-1.912263,0.530308,0.593854,-6.071213,12.305626,-41.572178,72.722183,23.858900,18.465771,-9.296945,-10.197502,-7.383907,30.537107,71.266541,2.130839,7.236791,2.198394
62.000000,2580.450928,2113.446533,78.522400,-0.526893,0.009829,45.483255,-5.404128,1.808771,7.303590,16.468931,-11.000758,0.641540,0.856145,-4.080418,-15.965038,10.595089,-10.436634,2.015545,-1.911155,0.531007,0.592668,-6.070732,12.304580,-41.571365,72.723778,23.863052,18.466627,-9.301108,-10.198955,-7.383108,30.536566,71.269867,2.132961,7.235955,2.199795
63.000000,2580.449951,2113.446533,78.521881,-0.527623,0.008836,45.473456,-5.405381,1.811393,7.312884,16.477926,-11.008753,0.643186,0.853160,-4.077976,-15.956219,10.597104,-10.437991,2.014710,-1.911502,0.532271,0.591618,-6.070606,12.303146,-41.570843,72.725830,23.867283,18.468094,-9.305787,-10.199922,-7.382916,30.535322,71.272888,2.134871,7.234528,2.201081
64.000000,2580.448486,2113.447754,78.521355,-0.529663,0.007777,45.461156,-5.406163,1.815326,7.323847,16.488424,-11.018038,0.644469,0.850450,-4.074554,-15.945947,10.598393,-10.438012,2.013427,-1.912195,0.533651,0.590855,-6.070817,12.301762,-41.570290,72.728065,23.871637,18.469734,-9.310667,-10.200641,-7.382864,30.533974,71.275360,2.136336,7.233150,2.202209
65.000000,2580.447266,2113.449463,78.520325,-0.534140,0.007174,45.460913,-5.412355,1.817778,7.322916,16.504744,-11.027044,0.644468,0.849945,-4.071315,-15.944157,10.599549,-10.439283,2.011612,-1.914161,0.534716,0.590458,-6.071621,12.301178,-41.569580,72.729500,23.875973,18.470476,-9.314486,-10.201178,-7.382586,30.533901,71.276550,2.136698,7.232494,2.202738
66.000000,2580.446533,2113.449951,78.518730,-0.541020,0.007954,45.482633,-5.432959,1.818287,7.297432,16.540075,-11.040904,0.643062,0.852900,-4.066795,-15.959646,10.602227,-10.444535,2.008483,-1.916781,0.535747,0.590173,-6.073469,12.301455,-41.568047,72.730247,23.882488,18.469912,-9.318648,-10.202018,-7.381389,30.535900,71.277374,2.136136,7.233101,2.202965
67.000000,2580.446533,2113.450928,78.518372,-0.544104,0.008333,45.499431,-5.446288,1.815704,7.269895,16.557796,-11.047459,0.642023,0.857246,-4.064160,-15.978785,10.604218,-10.448092,2.006519,-1.915516,0.535176,0.590415,-6.073052,12.301970,-41.567123,72.730087,23.885801,18.469049,-9.321201,-10.202801,-7.379587,30.538277,71.278229,2.137919,7.234431,2.203225
68.000000,2580.446777,2113.452637,78.520119,-0.539793,0.008202,45.496093,-5.426629,1.808123,7.272345,16.519794,-11.032410,0.642358,0.858397,-4.066998,-15.974374,10.602120,-10.443322,2.006394,-1.913227,0.532410,0.591420,-6.067086,12.301819,-41.568527,72.729721,23.882906,18.469671,-9.322256,-10.203002,-7.378215,30.539570,71.278313,2.144212,7.233463,2.203538
69.000000,2580.447510,2113.454590,78.523140,-0.530393,0.007213,45.482344,-5.390074,1.795668,7.287163,16.453440,-11.002612,0.644102,0.858834,-4.074515,-15.960106,10.597446,-10.434756,2.007126,-1.912694,0.528667,0.593453,-6.059680,12.301372,-41.570923,72.729362,23.877974,18.470974,-9.323059,-10.202618,-7.377561,30.540545,71.278038,2.151241,7.229540,2.203580
70.000000,2580.447754,2113.454590,78.524544,-0.525384,0.007584,45.469152,-5.371756,1.789927,7.302682,16.421022,-10.986438,0.647590,0.856439,-4.077877,-15.946232,10.593088,-10.427941,2.008107,-1.913036,0.528337,0.595268,-6.056527,12.300707,-41.572338,72.729668,23.875702,18.472347,-9.325912,-10.203036,-7.377550,30.540848,71.278725,2.156265,7.224807,2.203858
71.000000,2580.447510,2113.454102,78.524582,-0.523754,0.007506,45.455971,-5.369936,1.791145,7.315584,16.422455,-10.987325,0.651689,0.852787,-4.076824,-15.935280,10.592275,-10.425978,2.008927,-1.913337,0.529378,0.595798,-6.056801,12.299994,-41.572254,72.730873,23.877743,18.473749,-9.330402,-10.204051,-7.377517,30.540417,71.280647,2.158481,7.221075,2.204665
72.000000,2580.447266,2113.452881,78.523705,-0.525812,0.007716,45.456235,-5.376503,1.792833,7.314560,16.435776,-10.992837,0.652919,0.851050,-4.074365,-15.934254,10.593213,-10.427574,2.008163,-1.915586,0.530337,0.595210,-6.057929,12.299851,-41.571777,72.731766,23.881649,18.474360,-9.334256,-10.204846,-7.377158,30.540800,71.281837,2.158853,7.219065,2.205225
73.000000,2580.447510,2113.450195,78.522095,-0.531183,0.009151,45.479101,-5.399742,1.793736,7.287297,16.471083,-11.004898,0.651932,0.852089,-4.069440,-15.951677,10.596308,-10.434355,2.005308,-1.918865,0.531298,0.593679,-6.060380,12.300563,-41.570465,72.732063,23.888721,18.473730,-9.338844,-10.205845,-7.375823,30.543104,71.283218,2.158146,7.218108,2.205775
74.000000,2580.447754,2113.447754,78.520844,-0.534905,0.009840,45.499394,-5.422326,1.793508,7.257172,16.501787,-11.015968,0.651374,0.853844,-4.065464,-15.973964,10.600171,-10.441350,2.003319,-1.917966,0.531436,0.592373,-6.061825,12.301075,-41.568867,72.732231,23.894453,18.472660,-9.342203,-10.207117,-7.374113,30.545107,71.285576,2.158541,7.218642,2.206641
75.000000,2580.447754,2113.447266,78.521034,-0.534250,0.008699,45.497590,-5.420279,1.792903,7.257050,16.499155,-11.017717,0.651901,0.853439,-4.064095,-15.972853,10.602309,-10.442694,2.002716,-1.915313,0.531135,0.592137,-6.059924,12.300403,-41.568607,72.733330,23.896526,18.472895,-9.345134,-10.208305,-7.372952,30.545372,71.288185,2.161761,7.218276,2.207791
76.000000,2580.447998,2113.447266,78.522957,-0.529416,0.006772,45.484186,-5.394378,1.788005,7.270023,16.455494,-11.001294,0.650611,0.853317,-4.065571,-15.959856,10.599172,-10.436907,2.001191,-1.914945,0.529669,0.592926,-6.054755,12.299621,-41.570675,72.733932,23.894287,18.473860,-9.347151,-10.207863,-7.372410,30.545729,71.288826,2.167488,7.214802,2.208218
77.000000,2580.447998,2113.446777,78.524017,-0.525983,0.006197,45.470371,-5.379630,1.785562,7.284194,16.432098,-10.990900,0.651651,0.851474,-4.066115,-15.946710,10.595345,-10.431459,2.000156,-1.915384,0.529507,0.594132,-6.052182,12.298793,-41.571724,72.735016,23.893692,18.474770,-9.350121,-10.207878,-7.372366,30.545630,71.289841,2.171646,7.210397,2.208662
78.000000,2580.447266,2113.446533,78.524002,-0.524972,0.005519,45.457222,-5.377694,1.787198,7.296936,16.434671,-10.992497,0.654281,0.848606,-4.064646,-15.935827,10.594309,-10.429491,1.999506,-1.915561,0.530370,0.594897,-6.052326,12.297939,-41.571365,72.736740,23.896490,18.475624,-9.354338,-10.208611,-7.372413,30.544962,71.291725,2.173517,7.206848,2.209437
79.000000,2580.447021,2113.445801,78.523132,-0.527604,0.005231,45.458196,-5.387844,1.789340,7.291890,16.455513,-11.000662,0.654717,0.847847,-4.061038,-15.937019,10.595583,-10.431808,1.997015,-1.918128,0.531553,0.594751,-6.053855,12.297911,-41.570431,72.737923,23.902077,18.475666,-9.358958,-10.209475,-7.371930,30.545696,71.292953,2.173586,7.204774,2.209980
80.000000,2580.447021,2113.444092,78.521523,-0.533525,0.006334,45.481333,-5.405927,1.789943,7.269919,16.483709,-11.010194,0.653790,0.849452,-4.057244,-15.951317,10.597934,-10.436610,1.994259,-1.920327,0.532302,0.594001,-6.055611,12.298536,-41.569309,72.738121,23.907316,18.474812,-9.362203,-10.210204,-7.370920,30.547518,71.293770,2.173088,7.204458,2.210275
81.000000,2580.447021,2113.442871,78.520370,-0.537380,0.006772,45.499542,-5.427763,1.789726,7.240795,16.514688,-11.021386,0.653523,0.851714,-4.053381,-15.972775,10.601810,-10.442755,1.992061,-1.919349,0.532541,0.593012,-6.056903,12.299102,-41.567711,72.738235,23.912600,18.473591,-9.365491,-10.211489,-7.369235,30.549576,71.295769,2.173499,7.205422,2.211036
82.000000,2580.446533,2113.443115,78.520638,-0.537008,0.005710,45.496789,-5.424825,1.789052,7.241869,16.511547,-11.023056,0.654547,0.851537,-4.052280,-15.970800,10.603873,-10.443173,1.991683,-1.916798,0.532319,0.592810,-6.054920,12.298471,-41.567539,72.739174,23.913923,18.473886,-9.368320,-10.212619,-7.368124,30.549919,71.297997,2.176795,7.205505,2.212075
83.000000,2580.446533,2113.444336,78.522423,-0.532828,0.004300,45.483131,-5.401842,1.784812,7.254822,16.473183,-11.009150,0.653891,0.850867,-4.053589,-15.958028,10.601357,-10.437548,1.990707,-1.916628,0.531094,0.593356,-6.050364,12.297744,-41.569645,72.739677,23.911421,18.475113,-9.370564,-10.212337,-7.367590,30.550297,71.298470,2.182605,7.202817,2.212495
84.000000,2580.446533,2113.444824,78.523895,-0.528618,0.003717,45.467531,-5.380688,1.780710,7.270728,16.438406,-10.994540,0.654743,0.849402,-4.055245,-15.943020,10.597173,-10.430957,1.990045,-1.917220,0.530393,0.594551,-6.046759,12.296996,-41.571365,72.740311,23.909220,18.476339,-9.373015,-10.212109,-7.367493,30.550495,71.298889,2.187569,7.198771,2.212759
85.000000,2580.446045,2113.444824,78.523933,-0.527423,0.003429,45.453811,-5.377882,1.781743,7.284331,16.438940,-10.995212,0.657960,0.846232,-4.054297,-15.931405,10.595756,-10.428402,1.990033,-1.917615,0.531146,0.595311,-6.046829,12.296156,-41.571201,72.741852,23.911360,18.477503,-9.377179,-10.212880,-7.367549,30.549919,71.300591,2.189694,7.195372,2.213524
86.000000,2580.445557,2113.444336,78.522949,-0.530154,0.003472,45.456315,-5.388487,1.783593,7.279607,16.460411,-11.003725,0.658889,0.845242,-4.051069,-15.932466,10.596983,-10.430934,1.988124,-1.920307,0.532291,0.595181,-6.048482,12.296129,-41.570305,72.742935,23.916767,18.477777,-9.381804,-10.213827,-7.367088,30.550690,71.301758,2.189760,7.193448,2.214098
87.000000,2580.445801,2113.442627,78.521271,-0.536113,0.004998,45.480824,-5.413935,1.783985,7.248271,16.498716,-11.016729,0.657853,0.847462,-4.046356,-15.953750,10.600119,-10.437797,1.985023,-1.923101,0.533190,0.594121,-6.050850,12.297024,-41.568825,72.742950,23.923328,18.476723,-9.385724,-10.214843,-7.365712,30.553162,71.302788,2.189131,7.193454,2.214491
88.000000,2580.446533,2113.441162,78.521072,-0.537786,0.005758,45.496335,-5.420948,1.781336,7.227646,16.502733,-11.017557,0.656499,0.849379,-4.044273,-15.968338,10.602098,-10.440618,1.983118,-1.920794,0.531852,0.593372,-6.049592,12.297616,-41.568707,72.742622,23.925245,18.476034,-9.387948,-10.215485,-7.363966,30.555363,71.303986,2.192077,7.193694,2.215177
89.000000,2580.447266,2113.441162,78.522858,-0.532792,0.005398,45.492099,-5.399526,1.774386,7.232967,16.460722,-10.999988,0.656040,0.849350,-4.046974,-15.962158,10.599818,-10.436131,1.982352,-1.919229,0.529116,0.593848,-6.044103,12.297495,-41.570496,72.742485,23.922276,18.476562,-9.388978,-10.215420,-7.362885,30.556482,71.304443,2.198312,7.191362,2.215653
90.000000,2580.447510,2113.440430,78.524132,-0.528332,0.005413,45.481823,-5.386590,1.770546,7.241855,16.436745,-10.988958,0.657224,0.847984,-4.048709,-15.953897,10.597107,-10.432030,1.982103,-1.919157,0.528497,0.594737,-6.041156,12.297050,-41.571583,72.742775,23.920527,18.477217,-9.390502,-10.215582,-7.362662,30.556711,71.305199,2.202384,7.188447,2.216006
91.000000,2580.447266,2113.439697,78.524185,-0.526635,0.004978,45.469433,-5.383938,1.771101,7.254489,16.436201,-10.988565,0.660531,0.844967,-4.048055,-15.943089,10.595743,-10.429857,1.982157,-1.919325,0.529364,0.595696,-6.040812,12.296262,-41.571609,72.744049,23.921804,18.478218,-9.394012,-10.216410,-7.362698,30.556116,71.307327,2.204952,7.184851,2.216764
92.000000,2580.446533,2113.439697,78.523804,-0.527124,0.004077,45.456092,-5.383742,1.774224,7.267134,16.443186,-10.994019,0.663037,0.841713,-4.045718,-15.932539,10.596309,-10.429306,1.981714,-1.919879,0.530535,0.595481,-6.041425,12.295367,-41.571152,72.745804,23.925602,18.479431,-9.398502,-10.217237,-7.362728,30.555195,71.309578,2.206039,7.182093,2.217781
93.000000,2580.445801,2113.439697,78.522835,-0.530587,0.003485,45.453492,-5.390955,1.778562,7.269506,16.462790,-11.004767,0.663642,0.839918,-4.041233,-15.928653,10.597992,-10.430984,1.979747,-1.922229,0.531802,0.594561,-6.042809,12.294975,-41.570316,72.747421,23.931181,18.480270,-9.403457,-10.218009,-7.362397,30.555101,71.311150,2.206065,7.180339,2.218711
94.000000,2580.445557,2113.438721,78.521072,-0.537193,0.004791,45.476818,-5.415792,1.779582,7.240254,16.502073,-11.019125,0.662025,0.842075,-4.036241,-15.947955,10.601142,-10.437921,1.976302,-1.925684,0.532718,0.593238,-6.045220,12.295767,-41.568855,72.747688,23.937880,18.479387,-9.407369,-10.218827,-7.361164,30.557339,71.312096,2.205514,7.180579,2.219066
95.000000,2580.445801,2113.438232,78.520897,-0.539116,0.005300,45.490425,-5.423149,1.777120,7.219888,16.508047,-11.021259,0.660384,0.844343,-4.034096,-15.962134,10.603112,-10.440810,1.974184,-1.923729,0.531480,0.592635,-6.044079,12.296333,-41.568691,72.747536,23.939760,18.478674,-9.409463,-10.219416,-7.359514,30.559498,71.313179,2.208595,7.181097,2.219617
96.000000,2580.446289,2113.438965,78.522629,-0.534649,0.004885,45.485938,-5.401461,1.770016,7.225431,16.466373,-11.004293,0.659979,0.844695,-4.036932,-15.955707,10.600636,-10.435903,1.973513,-1.922126,0.528831,0.593389,-6.038507,12.296186,-41.570503,72.747429,23.936529,18.479155,-9.410331,-10.219365,-7.358491,30.560612,71.313530,2.215003,7.178988,2.219993
97.000000,2580.446045,2113.439209,78.523865,-0.530646,0.004966,45.475561,-5.389218,1.766295,7.234207,16.444275,-10.994385,0.661299,0.843614,-4.038729,-15.947629,10.597870,-10.431614,1.973522,-1.922033,0.528373,0.594394,-6.035734,12.295728,-41.571514,72.747734,23.934719,18.479753,-9.411684,-10.219538,-7.358334,30.560795,71.314140,2.218796,7.176384,2.220275
98.000000,2580.445557,2113.439453,78.523895,-0.529335,0.004593,45.462996,-5.386312,1.766682,7.247198,16.443920,-10.994450,0.664929,0.840910,-4.038281,-15.936603,10.596255,-10.428899,1.973899,-1.922098,0.529314,0.595528,-6.035351,12.294931,-41.571533,72.748978,23.935711,18.480740,-9.415065,-10.220381,-7.358389,30.560215,71.316063,2.221264,7.173061,2.220984
99.000000,2580.444580,2113.440186,78.523483,-0.530073,0.003770,45.449505,-5.386061,1.769554,7.259913,16.451309,-11.000389,0.667916,0.837911,-4.036265,-15.926093,10.596799,-10.428107,1.973824,-1.922574,0.530527,0.595543,-6.035956,12.294088,-41.571098,72.750542,23.939087,18.481956,-9.419360,-10.221236,-7.358459,30.559317,71.318039,2.222231,7.170637,2.221928
100.000000,2580.443848,2113.440918,78.522499,-0.533648,0.003370,45.447240,-5.393139,1.773520,7.262708,16.471014,-11.011453,0.669172,0.836089,-4.032263,-15.921989,10.598644,-10.429651,1.972442,-1.924864,0.531857,0.594754,-6.037362,12.293699,-41.570297,72.751984,23.944221,18.482901,-9.424239,-10.222085,-7.358182,30.559259,71.319450,2.222279,7.169158,2.222812
101.000000,2580.443359,2113.440186,78.520744,-0.540311,0.004901,45.470525,-5.418286,1.774317,7.233344,16.510849,-11.026197,0.668020,0.838174,-4.027554,-15.941467,10.601974,-10.436545,1.969594,-1.928306,0.532818,0.593360,-6.039849,12.294483,-41.568867,72.752159,23.950638,18.482138,-9.428124,-10.222987,-7.356936,30.561588,71.320358,2.221703,7.169672,2.223167
102.000000,2580.444336,2113.439209,78.520050,-0.543832,0.003608,45.506718,-5.432952,1.767641,7.189614,16.527512,-11.029473,0.665408,0.847266,-4.026282,-15.972529,10.603520,-10.443068,1.967021,-1.930290,0.531572,0.593918,-6.039927,12.295658,-41.568607,72.751274,23.953686,18.480627,-9.429962,-10.223386,-7.355011,30.565214,71.320763,2.223849,7.170394,2.222945
103.000000,2580.445801,2113.438721,78.521439,-0.538865,0.002302,45.524393,-5.418701,1.753947,7.167327,16.492950,-11.011448,0.664551,0.854790,-4.031641,-15.987189,10.602941,-10.444053,1.966300,-1.926934,0.526909,0.594923,-6.034423,12.296492,-41.569897,72.749779,23.951155,18.479589,-9.429425,-10.223215,-7.352908,30.568316,71.321434,2.229604,7.169899,2.223107
104.000000,2580.447266,2113.439453,78.524925,-0.524238,-0.001821,45.506229,-5.367904,1.737051,7.189280,16.405222,-10.974205,0.666475,0.855045,-4.043307,-15.963816,10.603598,-10.440053,1.966900,-1.918356,0.521659,0.597380,-6.024420,12.295225,-41.573246,72.749725,23.943672,18.480148,-9.426508,-10.223178,-7.352401,30.570501,71.322723,2.235208,7.167863,2.224967
105.000000,2580.447754,2113.440186,78.527016,-0.514363,-0.003538,45.482487,-5.338040,1.728783,7.212327,16.357248,-10.953899,0.669145,0.852093,-4.049792,-15.941013,10.603865,-10.436640,1.967527,-1.916951,0.523032,0.598573,-6.018352,12.293112,-41.575798,72.750565,23.938786,18.481258,-9.425816,-10.223818,-7.353345,30.571280,71.323845,2.238039,7.165084,2.226826
106.000000,2580.448242,2113.439209,78.526962,-0.511895,-0.004125,45.466203,-5.333427,1.729497,7.229760,16.355606,-10.953123,0.673238,0.847734,-4.049759,-15.925523,10.603759,-10.435419,1.968399,-1.918217,0.526755,0.599700,-6.017962,12.291409,-41.576546,72.751717,23.938431,18.483150,-9.428693,-10.224810,-7.354383,30.570641,71.325912,2.239786,7.161024,2.228826
107.000000,2580.448486,2113.438477,78.526360,-0.513073,-0.005225,45.452082,-5.334716,1.735345,7.243247,16.367626,-10.961092,0.675625,0.844302,-4.045407,-15.914099,10.605087,-10.435871,1.968248,-1.919352,0.528244,0.599844,-6.019063,12.290680,-41.576241,72.752853,23.941881,18.485426,-9.432959,-10.225666,-7.354573,30.569668,71.327919,2.240571,7.157814,2.230846
108.000000,2580.449219,2113.438232,78.525459,-0.516541,-0.006687,45.437087,-5.338134,1.744023,7.255255,16.385868,-10.974073,0.676203,0.841636,-4.038486,-15.903738,10.606736,-10.436686,1.966922,-1.919991,0.529170,0.598892,-6.020289,12.290113,-41.575527,72.754410,23.946430,18.487688,-9.437646,-10.226418,-7.354397,30.568695,71.329704,2.241098,7.156031,2.232857
109.000000,2580.449463,2113.437744,78.523865,-0.522468,-0.006104,45.440680,-5.355026,1.751225,7.248476,16.421772,-10.991748,0.674625,0.840796,-4.030649,-15.905747,10.608724,-10.440822,1.963606,-1.923505,0.530226,0.596941,-6.022381,12.290183,-41.574406,72.755753,23.952694,18.488945,-9.442461,-10.227185,-7.353769,30.569206,71.330856,2.240959,7.155357,2.234418
110.000000,2580.449951,2113.437012,78.521843,-0.529911,-0.003212,45.467832,-5.388080,1.753079,7.211308,16.471849,-11.010602,0.671822,0.843246,-4.024320,-15.931762,10.611510,-10.449106,1.959571,-1.926943,0.531294,0.594848,-6.025209,12.290994,-41.572773,72.755974,23.959597,18.488216,-9.446108,-10.228072,-7.352490,30.571548,71.331894,2.240524,7.156437,2.235307
111.000000,2580.450195,2113.436768,78.520432,-0.534687,-0.001570,45.487979,-5.405814,1.753233,7.189715,16.497416,-11.021312,0.671200,0.845104,-4.021415,-15.948460,10.613987,-10.453944,1.958058,-1.924553,0.531760,0.594361,-6.026155,12.291153,-41.571484,72.756104,23.962967,18.487392,-9.447838,-10.229094,-7.351427,30.572758,71.333519,2.240853,7.158216,2.236162
112.000000,2580.449707,2113.438721,78.519760,-0.536528,-0.001380,45.487023,-5.411664,1.754318,7.189531,16.511086,-11.031326,0.673102,0.844888,-4.019656,-15.948371,10.616335,-10.455887,1.958136,-1.921314,0.533039,0.594617,-6.025490,12.290142,-41.570381,72.757416,23.965380,18.487579,-9.450458,-10.230821,-7.350604,30.572411,71.336044,2.242165,7.159902,2.237534
113.000000,2580.448242,2113.442383,78.519226,-0.538421,-0.001053,45.477273,-5.413364,1.756203,7.199046,16.521439,-11.041045,0.675896,0.843009,-4.018248,-15.940220,10.617389,-10.455583,1.958744,-1.920896,0.535724,0.594735,-6.025051,12.288469,-41.569775,72.758957,23.967546,18.488663,-9.453924,-10.232076,-7.350637,30.571184,71.338097,2.242978,7.160503,2.238662
114.000000,2580.447021,2113.447266,78.519455,-0.539498,-0.001106,45.462532,-5.406780,1.757532,7.213496,16.519068,-11.046357,0.677876,0.841081,-4.017128,-15.927653,10.617197,-10.452917,1.959254,-1.921404,0.538110,0.595004,-6.023990,12.286739,-41.570053,72.760231,23.968548,18.490402,-9.457757,-10.232649,-7.350922,30.570148,71.339157,2.244640,7.160217,2.239470
115.000000,2580.447021,2113.450439,78.520584,-0.539139,0.000268,45.461987,-5.392943,1.752362,7.213013,16.493406,-11.036193,0.676373,0.841987,-4.017841,-15.924071,10.613956,-10.448405,1.958064,-1.923977,0.537676,0.595789,-6.021688,12.286469,-41.571960,72.759956,23.966801,18.491438,-9.460457,-10.232052,-7.350615,30.572126,71.337555,2.248506,7.158327,2.239170
116.000000,2580.448242,2113.451172,78.521904,-0.536551,0.003587,45.481713,-5.387163,1.739156,7.186943,16.466101,-11.017318,0.675111,0.845543,-4.021847,-15.938754,10.610106,-10.446641,1.956759,-1.926359,0.534874,0.597127,-6.019611,12.287552,-41.573772,72.758362,23.964426,18.490749,-9.461694,-10.231676,-7.349329,30.576532,71.335442,2.252968,7.156107,2.238286
117.000000,2580.450195,2113.450439,78.524109,-0.528565,0.006205,45.496177,-5.369638,1.722384,7.171257,16.416327,-10.988158,0.676540,0.848085,-4.030191,-15.948569,10.606526,-10.443639,1.957559,-1.924341,0.529378,0.599063,-6.015041,12.288691,-41.575596,72.756660,23.960140,18.490168,-9.461497,-10.231820,-7.347540,30.580059,71.334724,2.259237,7.153262,2.237983
118.000000,2580.451416,2113.448975,78.525513,-0.522520,0.008213,45.494539,-5.359313,1.715706,7.174092,16.389891,-10.973343,0.679413,0.846667,-4.033849,-15.946012,10.603740,-10.440113,1.959109,-1.922812,0.528171,0.600460,-6.012150,12.288761,-41.576550,72.756035,23.957449,18.490232,-9.462196,-10.232695,-7.346910,30.581125,71.335419,2.263516,7.150398,2.238263
119.000000,2580.451904,2113.447021,78.525528,-0.519833,0.008605,45.484849,-5.358487,1.715675,7.184486,16.388754,-10.972160,0.683991,0.843110,-4.033748,-15.937870,10.602777,-10.438833,1.960920,-1.922232,0.529222,0.601276,-6.011761,12.288257,-41.576679,72.756462,23.957905,18.490946,-9.465090,-10.234082,-7.346748,30.580900,71.337830,2.266104,7.146701,2.239155
120.000000,2580.451904,2113.445557,78.525040,-0.519573,0.007951,45.471972,-5.359530,1.719209,7.197565,16.396484,-10.978164,0.687244,0.838885,-4.031322,-15.927480,10.603820,-10.439612,1.961487,-1.923098,0.530851,0.600268,-6.012465,12.287449,-41.576565,72.757584,23.961454,18.492220,-9.469535,-10.235095,-7.346800,30.579912,71.340729,2.267097,7.143334,2.240398
121.000000,2580.451660,2113.445068,78.524277,-0.521590,0.006492,45.457733,-5.361866,1.725868,7.210513,16.410692,-10.989267,0.688559,0.835294,-4.026337,-15.916863,10.605753,-10.440937,1.960578,-1.924137,0.532485,0.598352,-6.013555,12.286649,-41.576107,72.759209,23.966267,18.493633,-9.474432,-10.235731,-7.346758,30.578787,71.343384,2.267263,7.140932,2.241760
122.000000,2580.450928,2113.445312,78.523430,-0.524683,0.004818,45.443470,-5.364700,1.733370,7.222926,16.427628,-11.002633,0.688825,0.832466,-4.020572,-15.906439,10.607633,-10.442316,1.958961,-1.924635,0.533747,0.596377,-6.014614,12.285819,-41.575344,72.761368,23.971243,18.494919,-9.479186,-10.236213,-7.346570,30.577717,71.345711,2.267390,7.139599,2.243127
123.000000,2580.449951,2113.445557,78.522018,-0.529923,0.004518,45.445092,-5.379259,1.738644,7.217060,16.459555,-11.018798,0.687446,0.831921,-4.014564,-15.908056,10.609733,-10.446381,1.955746,-1.927548,0.534967,0.594388,-6.016526,12.285659,-41.574142,72.763191,23.977638,18.495119,-9.483733,-10.236742,-7.345965,30.578217,71.347282,2.266861,7.139194,2.244019
124.000000,2580.449463,2113.445312,78.520119,-0.537133,0.006156,45.469715,-5.399523,1.739587,7.194283,16.491983,-11.031267,0.685756,0.833859,-4.010758,-15.923491,10.611822,-10.451640,1.953033,-1.929668,0.535739,0.593124,-6.018366,12.286110,-41.572910,72.763687,23.982676,18.494133,-9.486263,-10.237229,-7.345075,30.579821,71.348167,2.266144,7.139912,2.244332
125.000000,2580.450195,2113.444824,78.519127,-0.542035,0.005210,45.507517,-5.422899,1.735572,7.148981,16.523697,-11.041203,0.682779,0.842125,-4.007861,-15.957151,10.613423,-10.458671,1.949884,-1.931570,0.535857,0.593200,-6.019372,12.287080,-41.571854,72.763336,23.987333,18.491957,-9.488255,-10.237750,-7.343339,30.583000,71.348976,2.266833,7.141309,2.244242
126.000000,2580.451660,2113.444580,78.520180,-0.539079,0.003314,45.530459,-5.416324,1.723155,7.115917,16.504406,-11.029510,0.680652,0.853561,-4.011353,-15.980733,10.612354,-10.460831,1.948082,-1.929120,0.533552,0.594817,-6.015237,12.287745,-41.572765,72.761726,23.985865,18.489901,-9.487846,-10.237438,-7.341467,30.586416,71.349297,2.270998,7.141760,2.243996
127.000000,2580.452881,2113.446289,78.523430,-0.526013,-0.000412,45.515177,-5.375875,1.708389,7.129435,16.432455,-10.998270,0.682307,0.855305,-4.020909,-15.965951,10.611903,-10.456531,1.948487,-1.920577,0.530080,0.596702,-6.005822,12.286834,-41.575279,72.760605,23.978851,18.489407,-9.485137,-10.237210,-7.340739,30.588526,71.350327,2.276338,7.140702,2.245170
128.000000,2580.453369,2113.447510,78.525909,-0.514963,-0.002556,45.488149,-5.329622,1.696047,7.163787,16.358681,-10.967360,0.686266,0.851659,-4.030932,-15.932370,10.612989,-10.451166,1.949503,-1.917125,0.531787,0.598237,-5.996182,12.283876,-41.578938,72.761147,23.970760,18.490532,-9.483185,-10.237909,-7.341959,30.589935,71.351532,2.279911,7.137942,2.247612
129.000000,2580.453613,2113.447266,78.525970,-0.512464,-0.002550,45.470684,-5.326133,1.697392,7.182392,16.358587,-10.967183,0.690994,0.846279,-4.030834,-15.916476,10.613411,-10.449312,1.950948,-1.918663,0.536227,0.598513,-5.995991,12.282067,-41.579575,72.761887,23.970404,18.492495,-9.486324,-10.238917,-7.343051,30.589304,71.353493,2.281260,7.134714,2.249549
130.000000,2580.453613,2113.446533,78.525368,-0.513714,-0.003505,45.455350,-5.327890,1.703899,7.197221,16.371691,-10.975759,0.693789,0.842237,-4.026249,-15.904416,10.614973,-10.449348,1.951398,-1.920121,0.538012,0.597821,-5.997281,12.281178,-41.579296,72.762909,23.973604,18.495123,-9.490870,-10.239743,-7.343233,30.588366,71.355583,2.281944,7.132084,2.251676
131.000000,2580.454102,2113.446289,78.524490,-0.517269,-0.005063,45.439954,-5.331381,1.713154,7.210167,16.390488,-10.989230,0.694566,0.839275,-4.019061,-15.893698,10.616803,-10.449846,1.950470,-1.920996,0.539008,0.596247,-5.998642,12.280481,-41.578659,72.764381,23.977928,18.497749,-9.495630,-10.240438,-7.343067,30.587381,71.357513,2.282411,7.130630,2.253798
132.000000,2580.454102,2113.445801,78.522987,-0.523081,-0.004972,45.441064,-5.348052,1.720020,7.203144,16.425417,-11.006254,0.693044,0.838520,-4.011672,-15.896379,10.618732,-10.453757,1.947501,-1.924708,0.540173,0.594036,-6.000731,12.280473,-41.577656,72.765488,23.983654,18.499086,-9.500023,-10.241128,-7.342510,30.587931,71.358612,2.282086,7.130320,2.255258
133.000000,2580.454346,2113.444580,78.520920,-0.530656,-0.002503,45.467835,-5.371657,1.721766,7.177717,16.462234,-11.020331,0.691011,0.840152,-4.006954,-15.914019,10.620790,-10.459685,1.944552,-1.927523,0.541077,0.592298,-6.002895,12.280969,-41.576500,72.765640,23.988672,18.498795,-9.502691,-10.241730,-7.341669,30.589588,71.359367,2.281521,7.131174,2.255949
134.000000,2580.454590,2113.442383,78.518791,-0.538702,0.001487,45.510042,-5.408666,1.721118,7.130446,16.511969,-11.037178,0.688527,0.843913,-4.002233,-15.950997,10.623651,-10.468224,1.941441,-1.929838,0.542369,0.590687,-6.005377,12.281872,-41.574764,72.765198,23.994408,18.497303,-9.505012,-10.242914,-7.340127,30.592186,71.360596,2.281205,7.133318,2.256505
135.000000,2580.454590,2113.441406,78.517487,-0.542843,0.003163,45.536731,-5.436839,1.719015,7.092334,16.548285,-11.050062,0.688157,0.847631,-3.999591,-15.982097,10.626979,-10.475272,1.939954,-1.926114,0.543383,0.590628,-6.006545,12.282133,-41.572895,72.764618,23.998260,18.495619,-9.506418,-10.244512,-7.338524,30.594126,71.362976,2.281206,7.136460,2.257380
136.000000,2580.454590,2113.443848,78.518333,-0.539082,-0.000801,45.522856,-5.421337,1.716470,7.103749,16.529402,-11.048138,0.689947,0.847845,-4.000842,-15.969982,10.631067,-10.475822,1.939838,-1.916748,0.543905,0.592348,-6.002924,12.280260,-41.573364,72.765427,23.996460,18.495968,-9.506366,-10.245816,-7.338070,30.594614,71.365639,2.282437,7.138938,2.259422
137.000000,2580.455322,2113.449707,78.521973,-0.524748,-0.009789,45.475422,-5.353680,1.705641,7.152366,16.434860,-11.017628,0.690987,0.846553,-4.010025,-15.920380,10.636543,-10.471473,1.939072,-1.908953,0.542939,0.594459,-5.990493,12.276531,-41.577850,72.767197,23.986740,18.498768,-9.502746,-10.246173,-7.338977,30.596376,71.366379,2.284753,7.139225,2.263376
138.000000,2580.455322,2113.453125,78.523651,-0.517717,-0.011492,45.441743,-5.315427,1.700462,7.192835,16.384315,-10.999825,0.694152,0.841340,-4.015318,-15.880489,10.638114,-10.466266,1.939723,-1.910485,0.546624,0.594884,-5.983508,12.272938,-41.581146,72.769119,23.979761,18.502737,-9.502694,-10.246906,-7.340858,30.596828,71.366684,2.287383,7.137177,2.267047
139.000000,2580.456055,2113.453369,78.523079,-0.518518,-0.010582,45.437689,-5.322042,1.701570,7.194034,16.399948,-11.004311,0.696345,0.839379,-4.013467,-15.876264,10.638644,-10.467372,1.939910,-1.916862,0.549453,0.595675,-5.984645,12.272079,-41.581371,72.769722,23.980621,18.505753,-9.505824,-10.248121,-7.341337,30.597620,71.366844,2.288253,7.134997,2.269235
140.000000,2580.457520,2113.451660,78.521385,-0.524131,-0.007483,45.462012,-5.350574,1.702493,7.161195,16.441660,-11.017173,0.696067,0.841173,-4.008506,-15.899619,10.640857,-10.473995,1.938658,-1.923163,0.550649,0.595286,-5.987570,12.272826,-41.580296,72.768906,23.985510,18.507200,-9.509098,-10.249655,-7.340381,30.599962,71.367065,2.288017,7.134533,2.270880
141.000000,2580.458740,2113.450195,78.520042,-0.528131,-0.005064,45.482080,-5.371135,1.703460,7.138083,16.470163,-11.028628,0.696804,0.842162,-4.004635,-15.918023,10.643725,-10.479461,1.938497,-1.922028,0.551034,0.594829,-5.988822,12.272871,-41.578968,72.768272,23.988998,18.508289,-9.511426,-10.251607,-7.339218,30.601110,71.368767,2.288656,7.135858,2.272873
142.000000,2580.459229,2113.450684,78.519348,-0.529225,-0.004234,45.481298,-5.375758,1.704768,7.138803,16.479441,-11.035330,0.698264,0.841113,-4.003045,-15.917682,10.645102,-10.481164,1.939040,-1.920748,0.551913,0.594634,-5.988667,12.272007,-41.578381,72.768677,23.990541,18.509724,-9.513433,-10.253092,-7.338854,30.600657,71.370445,2.289728,7.136613,2.274407
143.000000,2580.458496,2113.452637,78.518768,-0.530624,-0.003684,45.472227,-5.378755,1.707362,7.147703,16.490303,-11.045035,0.700264,0.838722,-4.001031,-15.910703,10.645820,-10.482019,1.939576,-1.920811,0.554914,0.594284,-5.988656,12.270122,-41.577957,72.769669,23.992634,18.511911,-9.516847,-10.254696,-7.339167,30.599279,71.372604,2.290846,7.137047,2.276092
144.000000,2580.457031,2113.455811,78.518166,-0.533018,-0.003206,45.460113,-5.380784,1.710894,7.159464,16.501955,-11.055850,0.702280,0.836191,-3.998533,-15.901243,10.645867,-10.481860,1.939863,-1.921702,0.559422,0.594005,-5.989004,12.267903,-41.577614,72.770821,23.994949,18.513853,-9.520720,-10.256014,-7.339963,30.597706,71.374367,2.291245,7.137343,2.277269
145.000000,2580.455566,2113.459961,78.517548,-0.535997,-0.002574,45.447135,-5.382503,1.714877,7.172352,16.514523,-11.067798,0.704493,0.833660,-3.995777,-15.890897,10.645798,-10.481087,1.940326,-1.922546,0.563839,0.593693,-5.989588,12.265674,-41.577068,72.772240,23.997606,18.515749,-9.525085,-10.257244,-7.340714,30.596163,71.375778,2.291208,7.137823,2.278258
146.000000,2580.454346,2113.463623,78.516365,-0.541254,-0.000756,45.450529,-5.394377,1.717162,7.168036,16.539507,-11.081500,0.705119,0.833217,-3.992587,-15.892402,10.646365,-10.482985,1.939615,-1.925095,0.566990,0.593417,-5.991193,12.264585,-41.575993,72.773178,24.001720,18.516586,-9.529301,-10.258426,-7.340714,30.596466,71.376083,2.290271,7.139045,2.278694
147.000000,2580.454590,2113.466553,78.515877,-0.545256,-0.000062,45.471973,-5.403395,1.712527,7.140543,16.551334,-11.085710,0.703068,0.839248,-3.991345,-15.910113,10.646134,-10.486239,1.937979,-1.927342,0.567242,0.594434,-5.991406,12.264925,-41.575840,72.772522,24.003950,18.516039,-9.531717,-10.258956,-7.339573,30.599375,71.375008,2.291183,7.140503,2.278269
148.000000,2580.456055,2113.468994,78.517227,-0.542240,0.001026,45.485066,-5.389858,1.700786,7.123554,16.518589,-11.070457,0.702721,0.845006,-3.995778,-15.921041,10.643697,-10.484829,1.938243,-1.925276,0.564005,0.595845,-5.986883,12.265364,-41.577122,72.771080,24.000786,18.515638,-9.531947,-10.259078,-7.337943,30.602312,71.374069,2.296292,7.140877,2.277972
149.000000,2580.457275,2113.471191,78.519821,-0.533846,0.003173,45.481094,-5.361628,1.687571,7.130680,16.459507,-11.043267,0.705129,0.845119,-4.003839,-15.914524,10.638610,-10.478090,1.940493,-1.923732,0.561213,0.597598,-5.980297,12.265010,-41.579334,72.769951,23.994656,18.516142,-9.531858,-10.259295,-7.337271,30.603689,71.373566,2.303104,7.138607,2.277781
150.000000,2580.458008,2113.471924,78.521362,-0.528044,0.005805,45.471315,-5.348067,1.681474,7.140501,16.430613,-11.029038,0.708169,0.843088,-4.007792,-15.906706,10.634195,-10.472918,1.942362,-1.923616,0.561488,0.599195,-5.977614,12.264402,-41.580631,72.769539,23.991234,18.516783,-9.533065,-10.259868,-7.337385,30.603987,71.373802,2.307020,7.135854,2.277728
151.000000,2580.458496,2113.472168,78.521431,-0.525959,0.007484,45.458548,-5.346476,1.681697,7.154274,16.429062,-11.028346,0.713089,0.838917,-4.007889,-15.896281,10.631933,-10.470383,1.944458,-1.923853,0.563258,0.600421,-5.977754,12.263650,-41.580853,72.769958,23.990984,18.517900,-9.536400,-10.261126,-7.337617,30.603439,71.375443,2.309144,7.132521,2.278135
152.000000,2580.458496,2113.472656,78.521034,-0.526052,0.008454,45.444892,-5.347426,1.684917,7.167748,16.435371,-11.033953,0.716587,0.834294,-4.005946,-15.886295,10.632236,-10.470149,1.945679,-1.924670,0.564815,0.599789,-5.978826,12.262836,-41.580589,72.771027,23.993670,18.519325,-9.540776,-10.262209,-7.337767,30.602514,71.377403,2.309764,7.130066,2.278928
153.000000,2580.458740,2113.472656,78.520004,-0.529184,0.009765,45.442812,-5.356233,1.689348,7.170609,16.454575,-11.044785,0.717661,0.830996,-4.001818,-15.883282,10.633625,-10.472432,1.945155,-1.927695,0.566313,0.598062,-5.980677,12.262473,-41.579914,72.772217,23.998501,18.520372,-9.545663,-10.263186,-7.337531,30.602371,71.378883,2.309383,7.128513,2.279678
154.000000,2580.458984,2113.471191,78.518211,-0.535396,0.013008,45.467412,-5.383805,1.690469,7.140599,16.494707,-11.059413,0.716018,0.831788,-3.997071,-15.904754,10.636185,-10.480051,1.942647,-1.932201,0.567330,0.595940,-5.983554,12.263321,-41.578537,72.772339,24.004850,18.519514,-9.549369,-10.264153,-7.336377,30.604477,71.379807,2.308438,7.128785,2.279839
155.000000,2580.460449,2113.469238,78.517494,-0.538624,0.013150,45.504667,-5.401180,1.684177,7.094956,16.512318,-11.062711,0.712500,0.839892,-3.995546,-15.938827,10.637261,-10.487389,1.939881,-1.934572,0.565986,0.596044,-5.984083,12.264660,-41.578194,72.771423,24.008190,18.517662,-9.551003,-10.264604,-7.334477,30.607992,71.380264,2.310143,7.129339,2.279423
156.000000,2580.462891,2113.467773,78.518875,-0.533731,0.012913,45.523197,-5.388617,1.671707,7.073304,16.478291,-11.044630,0.710666,0.846377,-4.000232,-15.954287,10.635916,-10.488309,1.938796,-1.931299,0.561488,0.596827,-5.979240,12.265579,-41.579426,72.770096,24.005756,18.516281,-9.550249,-10.264433,-7.332502,30.610849,71.380898,2.315358,7.128700,2.279380
157.000000,2580.464355,2113.466797,78.521408,-0.524531,0.013451,45.520220,-5.368518,1.662594,7.077137,16.435328,-11.023797,0.710988,0.846723,-4.005436,-15.950598,10.632709,-10.484447,1.939043,-1.929865,0.558987,0.597724,-5.973875,12.265637,-41.580959,72.769333,24.002117,18.515940,-9.549568,-10.264358,-7.331762,30.611773,71.381264,2.320191,7.126382,2.279421
158.000000,2580.465332,2113.464844,78.522919,-0.517968,0.014163,45.509725,-5.347282,1.654760,7.090383,16.392191,-11.001776,0.712796,0.844877,-4.010250,-15.939816,10.627360,-10.478321,1.939367,-1.929854,0.558170,0.599733,-5.969509,12.265271,-41.582741,72.768921,23.998682,18.516014,-9.550335,-10.264461,-7.331684,30.612057,71.381989,2.325222,7.121602,2.279438
159.000000,2580.465576,2113.463135,78.522942,-0.515736,0.013872,45.496564,-5.345295,1.656067,7.104470,16.391666,-11.000539,0.716075,0.841311,-4.009553,-15.929178,10.625718,-10.476516,1.939512,-1.930403,0.559244,0.601035,-5.969738,12.264877,-41.582771,72.769547,23.999905,18.516464,-9.553264,-10.265215,-7.331911,30.611353,71.383789,2.326860,7.117433,2.279896
160.000000,2580.465576,2113.461914,78.522476,-0.516617,0.012800,45.481809,-5.346138,1.661742,7.119540,16.401024,-11.006889,0.718218,0.837370,-4.005656,-15.917911,10.626396,-10.476193,1.938616,-1.931310,0.560350,0.600686,-5.970985,12.264536,-41.582321,72.770752,24.003736,18.517382,-9.557532,-10.265949,-7.331982,30.610361,71.385742,2.327380,7.114318,2.280750
161.000000,2580.464844,2113.461426,78.521774,-0.519588,0.011217,45.466413,-5.348431,1.669985,7.133783,16.416021,-11.017891,0.718922,0.833960,-3.999552,-15.906940,10.627940,-10.476128,1.936791,-1.932074,0.561086,0.599116,-5.972448,12.264266,-41.581650,72.772423,24.008280,18.518581,-9.562212,-10.266500,-7.331786,30.609402,71.387558,2.327638,7.112545,2.281871
162.000000,2580.463867,2113.462158,78.520996,-0.523309,0.009497,45.451274,-5.351090,1.678191,7.147123,16.432793,-11.030539,0.719020,0.831220,-3.993434,-15.896491,10.629520,-10.476095,1.934733,-1.932502,0.561457,0.597100,-5.973777,12.263919,-41.580875,72.774490,24.012686,18.519819,-9.566749,-10.266929,-7.331475,30.608521,71.389282,2.328137,7.111825,2.283093
163.000000,2580.463135,2113.462646,78.519623,-0.528827,0.009166,45.453895,-5.365214,1.683700,7.142354,16.464182,-11.046124,0.717556,0.830850,-3.987578,-15.898133,10.631417,-10.479339,1.931345,-1.935195,0.561987,0.595149,-5.975920,12.264184,-41.579754,72.776154,24.018257,18.519979,-9.570992,-10.267418,-7.330822,30.609190,71.390373,2.328027,7.112177,2.283841
164.000000,2580.462158,2113.462402,78.517738,-0.536302,0.010831,45.479529,-5.393340,1.684668,7.110444,16.507982,-11.062365,0.715369,0.833750,-3.982930,-15.921274,10.634148,-10.485936,1.927845,-1.937875,0.562607,0.593540,-5.978591,12.265197,-41.578171,72.776581,24.024113,18.518469,-9.573976,-10.268098,-7.329510,30.611553,71.391182,2.327361,7.113939,2.284071
165.000000,2580.461670,2113.462891,78.517387,-0.539499,0.011705,45.496282,-5.402462,1.682443,7.089960,16.516624,-11.065704,0.713672,0.836546,-3.981130,-15.937322,10.635311,-10.487553,1.925973,-1.935053,0.561622,0.593171,-5.977709,12.265891,-41.577908,72.776428,24.025137,18.517128,-9.575214,-10.268546,-7.327881,30.613638,71.391960,2.329729,7.115697,2.284451
166.000000,2580.461426,2113.464111,78.519081,-0.535854,0.011455,45.492305,-5.388488,1.677812,7.093726,16.489239,-11.054830,0.713496,0.837032,-3.983130,-15.933917,10.633290,-10.483253,1.925713,-1.933382,0.559827,0.593913,-5.973999,12.265938,-41.579082,72.776314,24.022387,18.517099,-9.575437,-10.268487,-7.327023,30.614460,71.391853,2.333709,7.115115,2.284638
167.000000,2580.461426,2113.465576,78.521744,-0.528177,0.010385,45.478271,-5.357805,1.668653,7.108788,16.433542,-11.030363,0.714574,0.837140,-3.988834,-15.921214,10.628413,-10.474654,1.925975,-1.932793,0.557198,0.595909,-5.968290,12.265695,-41.581341,72.776108,24.017256,18.517681,-9.575702,-10.267947,-7.326553,30.615290,71.391258,2.339407,7.112038,2.284593
168.000000,2580.460938,2113.465576,78.523331,-0.522899,0.010226,45.463000,-5.334194,1.662430,7.127398,16.391714,-11.010164,0.717296,0.835235,-3.993087,-15.906242,10.623242,-10.466313,1.926646,-1.933124,0.555899,0.597989,-5.965054,12.265419,-41.583206,72.776199,24.013489,18.518600,-9.577267,-10.267797,-7.326572,30.615789,71.391045,2.344187,7.107700,2.284646
169.000000,2580.459961,2113.464844,78.523384,-0.521545,0.009669,45.448942,-5.332003,1.663779,7.141840,16.392195,-11.009719,0.721565,0.831734,-3.992592,-15.895454,10.621848,-10.463195,1.927619,-1.933640,0.556309,0.598706,-5.965611,12.265174,-41.583202,72.776985,24.014210,18.519594,-9.580441,-10.268523,-7.326688,30.615480,71.392357,2.346091,7.104384,2.285263
170.000000,2580.458984,2113.463867,78.522499,-0.523933,0.009306,45.446582,-5.340005,1.667439,7.145775,16.410738,-11.017675,0.723925,0.828974,-3.989430,-15.891944,10.623075,-10.464032,1.927136,-1.936498,0.556989,0.597651,-5.967474,12.265329,-41.582603,72.778000,24.018326,18.520397,-9.584736,-10.269404,-7.326393,30.615725,71.393700,2.346404,7.102196,2.286039
171.000000,2580.458496,2113.461182,78.520607,-0.530382,0.010881,45.471584,-5.368834,1.669043,7.115403,16.454409,-11.032487,0.723024,0.830129,-3.984507,-15.913824,10.626285,-10.471245,1.924421,-1.941493,0.557535,0.595223,-5.970576,12.266632,-41.581261,72.777954,24.024899,18.519499,-9.588369,-10.270262,-7.325088,30.618084,71.394592,2.345530,7.102174,2.286392
172.000000,2580.457764,2113.459473,78.519348,-0.534072,0.010459,45.486604,-5.387180,1.669866,7.095264,16.482246,-11.044170,0.723659,0.831320,-3.981420,-15.930040,10.630388,-10.476930,1.923379,-1.939847,0.557165,0.593780,-5.971844,12.267185,-41.579800,72.778229,24.029186,18.518599,-9.590672,-10.271520,-7.323627,30.619423,71.396843,2.345914,7.103622,2.287312
173.000000,2580.456299,2113.459473,78.519615,-0.533996,0.008889,45.482689,-5.381581,1.669596,7.099813,16.474789,-11.044308,0.723861,0.830841,-3.980579,-15.926255,10.631495,-10.476045,1.922991,-1.938275,0.556449,0.593187,-5.970023,12.266857,-41.580318,72.779045,24.029396,18.518976,-9.592633,-10.272059,-7.322789,30.619606,71.398445,2.349328,7.103466,2.288162
174.000000,2580.455566,2113.459961,78.521263,-0.530741,0.007000,45.469422,-5.359297,1.666309,7.113842,16.437807,-11.030595,0.722993,0.830389,-3.981740,-15.914040,10.628091,-10.469499,1.921957,-1.938291,0.554612,0.593842,-5.966527,12.266572,-41.582497,72.779594,24.026485,18.519938,-9.594035,-10.271406,-7.322394,30.619930,71.398438,2.354411,7.100741,2.288414
175.000000,2580.454346,2113.459961,78.522369,-0.527958,0.005999,45.454825,-5.347046,1.664720,7.125860,16.418398,-11.022338,0.723886,0.829191,-3.982372,-15.904054,10.624825,-10.464304,1.921486,-1.938666,0.553828,0.594709,-5.965049,12.266308,-41.583591,72.780266,24.025089,18.520611,-9.595572,-10.271176,-7.322360,30.619938,71.398643,2.357444,7.098014,2.288616
176.000000,2580.453369,2113.459229,78.521873,-0.529055,0.005203,45.453533,-5.350581,1.665551,7.130709,16.428177,-11.024628,0.726140,0.827905,-3.981193,-15.899561,10.623437,-10.462803,1.920755,-1.940219,0.554029,0.595668,-5.966061,12.266403,-41.583210,72.781174,24.027304,18.520695,-9.598376,-10.271702,-7.322240,30.620296,71.399567,2.358438,7.095362,2.288911
177.000000,2580.452637,2113.457275,78.520294,-0.534196,0.005454,45.474890,-5.371677,1.666038,7.108330,16.462772,-11.035110,0.726149,0.830080,-3.977996,-15.915380,10.625723,-10.467734,1.918410,-1.942931,0.554381,0.595712,-5.968688,12.267612,-41.581860,72.781090,24.032787,18.519310,-9.601192,-10.272547,-7.321213,30.622578,71.400185,2.357287,7.094790,2.288965
178.000000,2580.451660,2113.455566,78.519005,-0.538336,0.005209,45.493570,-5.394900,1.666262,7.080560,16.497250,-11.047101,0.726850,0.832540,-3.974664,-15.937363,10.629622,-10.473554,1.916844,-1.942443,0.554132,0.595042,-5.970671,12.268761,-41.580227,72.780746,24.037685,18.517756,-9.603509,-10.273767,-7.319633,30.624647,71.401688,2.356906,7.095927,2.289470
179.000000,2580.450928,2113.455811,78.519150,-0.538510,0.003560,45.490581,-5.393268,1.666508,7.082840,16.497223,-11.049841,0.728552,0.832374,-3.973628,-15.935701,10.631801,-10.473550,1.916963,-1.940238,0.553337,0.594687,-5.969583,12.268660,-41.580048,72.781319,24.038651,18.517897,-9.605513,-10.274723,-7.318603,30.624931,71.403389,2.359217,7.096433,2.290378
180.000000,2580.449951,2113.456299,78.520798,-0.534984,0.001732,45.476762,-5.372456,1.663563,7.096736,16.462944,-11.037577,0.728237,0.831443,-3.974749,-15.923655,10.629582,-10.467707,1.916492,-1.940023,0.550911,0.594856,-5.966293,12.268561,-41.582123,72.781738,24.035883,18.519085,-9.607123,-10.274251,-7.317969,30.625343,71.403412,2.364342,7.094363,2.290815
181.000000,2580.448975,2113.456543,78.521683,-0.532689,0.000870,45.462583,-5.358361,1.662008,7.112644,16.441566,-11.028590,0.730297,0.829428,-3.975484,-15.910443,10.626250,-10.461647,1.916381,-1.940396,0.549127,0.595861,-5.964914,12.268457,-41.583355,72.782593,24.034204,18.520216,-9.609262,-10.274140,-7.317778,30.625364,71.403870,2.368216,7.091104,2.291221
182.000000,2580.447266,2113.456787,78.521614,-0.532568,-0.000137,45.449069,-5.357013,1.664135,7.126632,16.445604,-11.031181,0.733688,0.826553,-3.974376,-15.899734,10.625256,-10.458806,1.916766,-1.940663,0.549091,0.596411,-5.965719,12.268147,-41.583111,72.783981,24.035900,18.521065,-9.612353,-10.274768,-7.317805,30.624746,71.405304,2.369599,7.088694,2.291898
183.000000,2580.445557,2113.456787,78.520622,-0.535931,-0.000628,45.450285,-5.368673,1.666691,7.123354,16.469753,-11.041010,0.734854,0.825630,-3.971336,-15.900970,10.626408,-10.460407,1.915376,-1.943439,0.549556,0.596103,-5.967949,12.268556,-41.582157,72.785042,24.040834,18.520998,-9.616012,-10.275575,-7.317338,30.625450,71.406181,2.368958,7.087532,2.292372
184.000000,2580.444336,2113.455566,78.518883,-0.542508,0.000352,45.473625,-5.394982,1.667412,7.093785,16.510216,-11.055055,0.734212,0.827873,-3.967240,-15.922461,10.629289,-10.466326,1.912904,-1.946230,0.549814,0.595094,-5.970830,12.269866,-41.580635,72.784920,24.046831,18.519552,-9.618833,-10.276433,-7.316030,30.627806,71.406761,2.367510,7.088267,2.292604
185.000000,2580.443848,2113.454590,78.518471,-0.545348,0.000765,45.490432,-5.405149,1.666036,7.075099,16.521843,-11.058945,0.733535,0.829845,-3.965547,-15.936975,10.631097,-10.468882,1.911686,-1.944598,0.548043,0.594687,-5.971085,12.270921,-41.580166,72.784554,24.048710,18.518610,-9.619907,-10.276846,-7.314581,30.629606,71.407349,2.368519,7.089154,2.292995
186.000000,2580.443359,2113.454834,78.520073,-0.541533,0.000131,45.486680,-5.389767,1.660894,7.077865,16.490053,-11.046116,0.733315,0.829883,-3.967389,-15.934180,10.629539,-10.464642,1.911453,-1.942200,0.543743,0.595235,-5.967303,12.271663,-41.581680,72.784500,24.045877,18.518866,-9.620301,-10.276814,-7.313093,30.630869,71.407341,2.373897,7.088128,2.293489
187.000000,2580.443115,2113.454590,78.522614,-0.534083,-0.001271,45.473198,-5.360204,1.652559,7.092364,16.435839,-11.021945,0.734079,0.829518,-3.972375,-15.921665,10.625044,-10.456726,1.911412,-1.941536,0.538536,0.597141,-5.962825,12.272172,-41.584137,72.784813,24.041258,18.519911,-9.620680,-10.276188,-7.312195,30.631710,71.406868,2.380068,7.084504,2.293648
188.000000,2580.442871,2113.453857,78.524208,-0.528836,-0.001916,45.458407,-5.337928,1.647257,7.110057,16.396362,-11.002696,0.736139,0.827634,-3.975757,-15.907175,10.619850,-10.448868,1.911568,-1.941802,0.535518,0.599183,-5.960414,12.272440,-41.586082,72.785416,24.038204,18.520933,-9.622106,-10.275904,-7.311922,30.632107,71.406876,2.384893,7.079738,2.293823
189.000000,2580.442139,2113.451660,78.523529,-0.529599,-0.002070,45.460773,-5.347466,1.647943,7.107808,16.413324,-11.006205,0.738083,0.826375,-3.974170,-15.907847,10.619146,-10.449574,1.910706,-1.944619,0.535737,0.599929,-5.962234,12.273190,-41.585579,72.785851,24.041592,18.520588,-9.624928,-10.276643,-7.311590,30.633120,71.407715,2.384995,7.076720,2.294057
190.000000,2580.442139,2113.448242,78.521751,-0.534669,-0.001002,45.485221,-5.375691,1.648770,7.077682,16.455812,-11.019057,0.737845,0.828157,-3.970004,-15.929930,10.621895,-10.456660,1.908131,-1.948247,0.536181,0.599125,-5.965436,12.274846,-41.584145,72.785416,24.048050,18.518839,-9.627796,-10.277567,-7.310342,30.635630,71.408615,2.383490,7.075815,2.294202
191.000000,2580.442139,2113.446777,78.521034,-0.536752,-0.000746,45.496121,-5.384341,1.648831,7.067074,16.467789,-11.022745,0.737622,0.828888,-3.968821,-15.938231,10.622835,-10.458794,1.907416,-1.948926,0.536227,0.598769,-5.966256,12.275317,-41.583721,72.785194,24.049715,18.518274,-9.628417,-10.277807,-7.309925,30.636337,71.408890,2.383115,7.075866,2.294254
192.000000,2580.441406,2113.445557,78.520126,-0.538333,-0.002010,45.499133,-5.395103,1.650500,7.059839,16.487017,-11.032890,0.739708,0.828752,-3.966398,-15.944603,10.626879,-10.463049,1.907014,-1.945726,0.535788,0.598247,-5.966828,12.275557,-41.582481,72.785706,24.053032,18.517590,-9.630432,-10.279196,-7.308794,30.636688,71.411324,2.383312,7.076733,2.295390
193.000000,2580.439453,2113.445801,78.519493,-0.539794,-0.003531,45.489827,-5.397853,1.654026,7.069945,16.499605,-11.043057,0.742373,0.826225,-3.964192,-15.936939,10.629679,-10.464183,1.907112,-1.944749,0.536220,0.597643,-5.967019,12.274866,-41.581863,72.787308,24.055740,18.518269,-9.633325,-10.280306,-7.308464,30.635548,71.413757,2.384013,7.076890,2.296656
194.000000,2580.437988,2113.447754,78.519936,-0.540115,-0.005477,45.474991,-5.388291,1.655926,7.083954,16.491413,-11.044475,0.742354,0.824759,-3.962613,-15.925159,10.629674,-10.461597,1.906139,-1.945318,0.536007,0.597386,-5.965974,12.274265,-41.582779,72.788521,24.056150,18.519529,-9.635950,-10.280099,-7.308468,30.634855,71.414452,2.386311,7.075882,2.297300
195.000000,2580.437256,2113.449951,78.521545,-0.537963,-0.007613,45.456716,-5.363632,1.654518,7.102456,16.455166,-11.032782,0.740832,0.824373,-3.962691,-15.909149,10.626232,-10.454350,1.904639,-1.945526,0.534058,0.598251,-5.963129,12.274031,-41.584984,72.789406,24.053555,18.520920,-9.637933,-10.279077,-7.308333,30.635111,71.413521,2.390656,7.073329,2.297453
196.000000,2580.437012,2113.450684,78.522148,-0.537714,-0.008488,45.453233,-5.356292,1.652665,7.104510,16.444670,-11.026475,0.740281,0.825612,-3.962277,-15.905875,10.623262,-10.450827,1.902893,-1.946892,0.532848,0.599969,-5.962738,12.274652,-41.585617,72.789810,24.053469,18.520819,-9.639810,-10.278899,-7.307849,30.636866,71.412582,2.392625,7.071141,2.297227
197.000000,2580.437012,2113.449219,78.521065,-0.541273,-0.007561,45.472833,-5.376671,1.651510,7.079218,16.475212,-11.033656,0.740467,0.828726,-3.959957,-15.924467,10.624064,-10.454849,1.900946,-1.948782,0.532829,0.600868,-5.964983,12.276189,-41.584438,72.789307,24.057138,18.519064,-9.641719,-10.279831,-7.306610,30.639832,71.412682,2.392217,7.070899,2.297019
198.000000,2580.437744,2113.447998,78.520683,-0.542805,-0.006645,45.488295,-5.385995,1.650051,7.063068,16.485682,-11.035747,0.740472,0.830530,-3.958711,-15.937146,10.625196,-10.457015,1.900080,-1.947496,0.531982,0.601053,-5.965089,12.277205,-41.584190,72.788612,24.058128,18.517963,-9.642492,-10.280454,-7.305429,30.641739,71.413124,2.393510,7.071139,2.297178
199.000000,2580.438477,2113.447266,78.522072,-0.539201,-0.006485,45.484575,-5.373652,1.646482,7.066008,16.459042,-11.024503,0.740474,0.829966,-3.959547,-15.934465,10.623568,-10.453317,1.899785,-1.945697,0.529908,0.601318,-5.961802,12.277718,-41.585831,72.788010,24.055212,18.517981,-9.643000,-10.280589,-7.304413,30.643013,71.413170,2.398321,7.069659,2.297535
200.000000,2580.439453,2113.446045,78.524361,-0.532471,-0.007173,45.471251,-5.346473,1.640374,7.080329,16.408358,-11.002283,0.740781,0.828793,-3.962548,-15.922153,10.619039,-10.445765,1.899235,-1.945231,0.527221,0.602427,-5.957605,12.277862,-41.588573,72.787758,24.050350,18.518764,-9.643756,-10.280038,-7.303904,30.643946,71.412849,2.404125,7.065674,2.297711
201.000000,2580.439941,2113.444336,78.525314,-0.528222,-0.007208,45.457831,-5.333124,1.638256,7.095801,16.385015,-10.990463,0.743000,0.825723,-3.963833,-15.909871,10.615567,-10.440655,1.899016,-1.945581,0.526301,0.603330,-5.956403,12.277804,-41.589882,72.788162,24.048628,18.519417,-9.645662,-10.280059,-7.303945,30.644114,71.413605,2.407465,7.061089,2.298095
202.000000,2580.439697,2113.442627,78.525101,-0.527103,-0.008048,45.444019,-5.333145,1.641408,7.109702,16.390598,-10.993256,0.745781,0.822023,-3.962027,-15.899542,10.615304,-10.439810,1.898789,-1.945929,0.526779,0.603268,-5.957465,12.277601,-41.589630,72.789307,24.051004,18.519932,-9.648768,-10.280695,-7.304067,30.643539,71.415558,2.408282,7.057622,2.298924
203.000000,2580.439453,2113.440430,78.523811,-0.530716,-0.007951,45.446531,-5.348398,1.646383,7.104869,16.419918,-11.005226,0.745470,0.820199,-3.956850,-15.901822,10.617012,-10.443401,1.896247,-1.949396,0.527763,0.601718,-5.959958,12.278175,-41.588699,72.790260,24.056841,18.519594,-9.652467,-10.281380,-7.303593,30.644217,71.416908,2.407144,7.055643,2.299608
204.000000,2580.439453,2113.437500,78.521797,-0.537468,-0.006106,45.472574,-5.378983,1.648572,7.072120,16.465750,-11.021343,0.743340,0.821706,-3.951260,-15.925828,10.620211,-10.451231,1.892481,-1.953118,0.528379,0.599341,-5.963140,12.279515,-41.587166,72.790207,24.063835,18.517834,-9.655304,-10.281986,-7.302358,30.646429,71.417999,2.405369,7.055676,2.300001
205.000000,2580.439209,2113.435547,78.520340,-0.541862,-0.005748,45.491579,-5.397965,1.649455,7.050478,16.493608,-11.032479,0.742791,0.823134,-3.948122,-15.943187,10.623544,-10.456825,1.890573,-1.951517,0.528268,0.598148,-5.964621,12.280184,-41.585800,72.790176,24.067951,18.516333,-9.656722,-10.282741,-7.301245,30.647696,71.419716,2.404762,7.056862,2.300664
206.000000,2580.438232,2113.436035,78.520370,-0.542303,-0.006906,45.489010,-5.398295,1.650173,7.051654,16.496901,-11.037448,0.743231,0.822982,-3.946708,-15.942417,10.625996,-10.458104,1.889779,-1.948710,0.527988,0.597692,-5.963468,12.279950,-41.585526,72.790947,24.069302,18.515827,-9.658197,-10.283558,-7.300410,30.647768,71.421738,2.406689,7.057531,2.301630
207.000000,2580.437744,2113.437500,78.521820,-0.539771,-0.008194,45.475733,-5.379567,1.648125,7.064924,16.466665,-11.027653,0.742067,0.822198,-3.947172,-15.930869,10.623649,-10.452645,1.888588,-1.948411,0.527104,0.597886,-5.960012,12.279576,-41.587551,72.791344,24.066601,18.516325,-9.659285,-10.282976,-7.300160,30.647945,71.421883,2.411198,7.055572,2.301956
208.000000,2580.437744,2113.438721,78.524002,-0.534857,-0.010016,45.456520,-5.350657,1.644083,7.084759,16.419966,-11.009045,0.741502,0.821959,-3.949140,-15.913606,10.618516,-10.443958,1.887441,-1.948346,0.525450,0.599290,-5.956200,12.279281,-41.590126,72.791763,24.062408,18.517042,-9.660238,-10.281962,-7.300098,30.648464,71.421288,2.416090,7.051814,2.301917
209.000000,2580.437744,2113.438232,78.524597,-0.533429,-0.010809,45.454537,-5.342470,1.641399,7.088007,16.406685,-10.999920,0.741574,0.822818,-3.949571,-15.909424,10.615165,-10.440277,1.885977,-1.950303,0.524771,0.600843,-5.955663,12.279843,-41.590942,72.791832,24.062199,18.516552,-9.661840,-10.281790,-7.299775,30.650232,71.420891,2.417943,7.048338,2.301649
210.000000,2580.438477,2113.435791,78.523430,-0.536445,-0.009796,45.475086,-5.363331,1.640306,7.062773,16.437267,-11.006127,0.741731,0.825443,-3.947293,-15.928158,10.616205,-10.444850,1.883923,-1.953202,0.525050,0.601064,-5.958055,12.281422,-41.589901,72.791084,24.066475,18.514511,-9.663896,-10.282577,-7.298631,30.653259,71.421410,2.417260,7.046806,2.301471
211.000000,2580.438721,2113.433350,78.522186,-0.538856,-0.009725,45.490429,-5.381198,1.640872,7.045159,16.464766,-11.015974,0.743610,0.826527,-3.944919,-15.942661,10.619924,-10.450193,1.883280,-1.951701,0.525119,0.600430,-5.959402,12.282262,-41.588581,72.790657,24.070229,18.513020,-9.665669,-10.283969,-7.297322,30.654802,71.423470,2.417183,7.047142,2.302163
212.000000,2580.437988,2113.432617,78.521439,-0.539689,-0.010835,45.487685,-5.385292,1.642650,7.048037,16.475473,-11.022879,0.745868,0.825362,-3.943620,-15.940875,10.622581,-10.452163,1.883632,-1.950501,0.525496,0.599611,-5.959567,12.281999,-41.587963,72.791161,24.072271,18.513039,-9.667442,-10.284954,-7.296818,30.654573,71.425499,2.417742,7.047323,2.303055
213.000000,2580.436768,2113.433594,78.520721,-0.541358,-0.012189,45.477028,-5.388103,1.646534,7.059052,16.488955,-11.033435,0.748466,0.822677,-3.941393,-15.932541,10.625400,-10.453504,1.884002,-1.950554,0.526522,0.598102,-5.960084,12.281168,-41.587471,72.792343,24.075073,18.513979,-9.670461,-10.285744,-7.296716,30.653511,71.428070,2.418305,7.047153,2.304271
214.000000,2580.434570,2113.435791,78.519951,-0.544363,-0.013685,45.463276,-5.390151,1.651727,7.072096,16.503593,-11.045414,0.750416,0.820129,-3.938208,-15.922265,10.627448,-10.453881,1.883894,-1.951248,0.527663,0.596761,-5.960960,12.280311,-41.587067,72.793762,24.077963,18.515301,-9.673676,-10.286180,-7.296841,30.652252,71.430145,2.418537,7.047007,2.305309
215.000000,2580.433350,2113.437744,78.519760,-0.547332,-0.014466,45.463867,-5.390281,1.653009,7.071339,16.509552,-11.050948,0.748558,0.820726,-3.935645,-15.920641,10.628117,-10.454237,1.881896,-1.953924,0.527766,0.595836,-5.961109,12.280325,-41.587547,72.794312,24.080074,18.515846,-9.676304,-10.285804,-7.296558,30.653238,71.430145,2.419417,7.046797,2.305495
216.000000,2580.433594,2113.438721,78.520271,-0.548242,-0.014704,45.484248,-5.388741,1.645185,7.045843,16.499546,-11.043131,0.744949,0.827041,-3.936342,-15.936012,10.625984,-10.454627,1.879104,-1.956393,0.525819,0.596554,-5.959884,12.281537,-41.588837,72.793167,24.079618,18.514610,-9.676810,-10.284957,-7.295362,30.657049,71.428352,2.421867,7.046294,2.304691
217.000000,2580.435059,2113.439941,78.522850,-0.538045,-0.018318,45.486024,-5.354565,1.627799,7.040054,16.435791,-11.013676,0.745264,0.832409,-3.946452,-15.935645,10.627720,-10.454085,1.878313,-1.945404,0.518782,0.599314,-5.955565,12.281463,-41.591805,72.793037,24.073406,18.514036,-9.673759,-10.284041,-7.294237,30.661200,71.428337,2.425686,7.046362,2.305952
218.000000,2580.435059,2113.441406,78.524406,-0.530047,-0.019265,45.468678,-5.327249,1.618806,7.060984,16.390594,-10.995972,0.749887,0.826647,-3.954043,-15.913552,10.634406,-10.453140,1.879103,-1.938035,0.520932,0.600612,-5.950652,12.278236,-41.595638,72.795242,24.064558,18.515228,-9.670942,-10.285738,-7.295600,30.663374,71.429626,2.427432,7.046148,2.309794
219.000000,2580.434814,2113.442871,78.524406,-0.526923,-0.020817,45.446306,-5.318651,1.620329,7.085223,16.387861,-10.997876,0.755090,0.820807,-3.954752,-15.890674,10.639626,-10.453406,1.880569,-1.936146,0.526435,0.601490,-5.949884,12.275196,-41.597576,72.797470,24.060341,18.517694,-9.671312,-10.287531,-7.297301,30.663303,71.431641,2.427516,7.045166,2.313599
220.000000,2580.435059,2113.442627,78.523338,-0.529135,-0.020537,45.443714,-5.325584,1.623239,7.088552,16.405088,-11.005276,0.757126,0.818485,-3.952512,-15.886413,10.641885,-10.455279,1.880908,-1.940578,0.529473,0.601008,-5.950818,12.274313,-41.597889,72.798210,24.061298,18.519737,-9.673274,-10.288598,-7.297766,30.663309,71.432564,2.427047,7.043900,2.315861
221.000000,2580.436035,2113.440430,78.521393,-0.535553,-0.018371,45.467292,-5.351969,1.626093,7.062559,16.448015,-11.020497,0.756600,0.819575,-3.947108,-15.904142,10.645362,-10.462147,1.879495,-1.947055,0.531026,0.599516,-5.953597,12.274931,-41.596996,72.797585,24.066311,18.520985,-9.675866,-10.289625,-7.297052,30.665033,71.433197,2.425189,7.043494,2.317843
222.000000,2580.437256,2113.437256,78.519165,-0.543419,-0.014098,45.508740,-5.390570,1.626672,7.015040,16.500305,-11.037794,0.754935,0.822475,-3.941706,-15.941512,10.649076,-10.471437,1.877832,-1.951084,0.531843,0.597405,-5.956771,12.276000,-41.595387,72.796051,24.072016,18.520897,-9.677539,-10.290740,-7.295713,30.667435,71.434273,2.423715,7.044770,2.319326
223.000000,2580.438232,2113.435303,78.517670,-0.546841,-0.012562,45.530930,-5.417405,1.626201,6.981230,16.535385,-11.051663,0.754538,0.822564,-3.938804,-15.968138,10.657291,-10.481202,1.876568,-1.945213,0.532503,0.596627,-5.958718,12.275682,-41.594479,72.795227,24.074245,18.520708,-9.677168,-10.292334,-7.294882,30.669508,71.436729,2.422387,7.047989,2.321788
224.000000,2580.438721,2113.437500,78.518501,-0.541256,-0.017890,45.510014,-5.396951,1.624145,6.998551,16.511663,-11.050258,0.755698,0.819416,-3.940919,-15.948725,10.668361,-10.486121,1.875960,-1.932157,0.534041,0.597765,-5.955642,12.272056,-41.596832,72.797241,24.069178,18.522751,-9.674440,-10.293960,-7.295794,30.670601,71.439789,2.421918,7.051567,2.326343
225.000000,2580.438721,2113.441895,78.519966,-0.533859,-0.023365,45.469538,-5.352988,1.620973,7.042227,16.458332,-11.038198,0.756505,0.814929,-3.944860,-15.903255,10.675801,-10.485514,1.875136,-1.926419,0.538332,0.598625,-5.947885,12.266472,-41.601444,72.800743,24.060139,18.527308,-9.670939,-10.295503,-7.297946,30.671410,71.441124,2.422307,7.053155,2.332073
226.000000,2580.438721,2113.445557,78.519882,-0.532643,-0.025355,45.439864,-5.339332,1.624937,7.074652,16.455473,-11.043185,0.759440,0.810304,-3.943850,-15.871911,10.679204,-10.484722,1.875737,-1.927115,0.547534,0.599383,-5.946787,12.260979,-41.603638,72.803673,24.056158,18.532362,-9.671241,-10.297142,-7.300909,30.670429,71.442345,2.421283,7.053574,2.336822
227.000000,2580.439209,2113.447266,78.518730,-0.536569,-0.024428,45.439039,-5.349365,1.629128,7.074874,16.480749,-11.054777,0.759975,0.809703,-3.939741,-15.869114,10.679934,-10.486673,1.875107,-1.933465,0.553351,0.599886,-5.948315,12.259123,-41.603519,72.804092,24.057940,18.535860,-9.673613,-10.298568,-7.302022,30.670359,71.442184,2.419739,7.053665,2.339774
228.000000,2580.440918,2113.447266,78.516891,-0.543619,-0.020500,45.465739,-5.377838,1.630626,7.042465,16.523764,-11.070043,0.758560,0.812469,-3.934512,-15.892679,10.681346,-10.492972,1.873393,-1.938709,0.555660,0.599768,-5.951138,12.259257,-41.602180,72.802902,24.062521,18.537540,-9.675653,-10.300034,-7.301489,30.672144,71.441666,2.418004,7.055199,2.341712
229.000000,2580.442871,2113.445801,78.514923,-0.551233,-0.014323,45.508073,-5.414380,1.629706,6.995324,16.569719,-11.084877,0.756905,0.815977,-3.930223,-15.931087,10.682797,-10.500621,1.872123,-1.941309,0.556971,0.599249,-5.953754,12.259843,-41.600548,72.801056,24.066605,18.537909,-9.676779,-10.301806,-7.300304,30.674389,71.441765,2.417106,7.058005,2.343061
230.000000,2580.445312,2113.446777,78.515472,-0.548538,-0.013209,45.521684,-5.410442,1.621695,6.975905,16.552835,-11.079535,0.756057,0.818367,-3.932907,-15.945100,10.686822,-10.505422,1.871361,-1.931189,0.556121,0.600437,-5.951641,12.258276,-41.601906,72.800133,24.063185,18.538975,-9.674654,-10.303106,-7.299859,30.676905,71.443001,2.418183,7.062042,2.345880
231.000000,2580.447754,2113.450928,78.518806,-0.534091,-0.016349,45.497937,-5.354445,1.605698,7.004396,16.460484,-11.045746,0.756940,0.817580,-3.945027,-15.915686,10.690257,-10.503761,1.871673,-1.921939,0.555621,0.602411,-5.940821,12.254304,-41.606678,72.800835,24.051441,18.541853,-9.669881,-10.304223,-7.300987,30.678900,71.443581,2.420975,7.064000,2.350165
232.000000,2580.448975,2113.455078,78.520950,-0.523550,-0.016514,45.461279,-5.315693,1.598575,7.045980,16.403313,-11.026533,0.760559,0.809473,-3.952173,-15.873592,10.693992,-10.501354,1.872625,-1.919059,0.565078,0.603596,-5.933849,12.247358,-41.611183,72.803703,24.039970,18.546183,-9.667479,-10.306635,-7.304768,30.679640,71.444130,2.421412,7.064327,2.355329
233.000000,2580.449707,2113.458496,78.521095,-0.520237,-0.015736,45.430726,-5.305465,1.600477,7.072141,16.396555,-11.027726,0.763861,0.803620,-3.952318,-15.848449,10.695923,-10.500809,1.874025,-1.919246,0.575979,0.604582,-5.933009,12.242022,-41.613033,72.805664,24.035269,18.549452,-9.668075,-10.308607,-7.308022,30.679094,71.445061,2.420359,7.064209,2.358683
234.000000,2580.451660,2113.459961,78.520088,-0.522387,-0.012632,45.425463,-5.311960,1.604696,7.080277,16.413334,-11.036563,0.765401,0.800044,-3.949167,-15.840603,10.696133,-10.502497,1.875018,-1.925232,0.585174,0.604889,-5.934104,12.239173,-41.613293,72.806137,24.035206,18.552347,-9.671348,-10.310560,-7.310077,30.678391,71.445396,2.419009,7.063344,2.361510
235.000000,2580.455078,2113.458740,78.518272,-0.528238,-0.007138,45.449822,-5.340174,1.607445,7.052081,16.454966,-11.051792,0.763669,0.800739,-3.943320,-15.861042,10.697228,-10.509957,1.873615,-1.932244,0.589011,0.604491,-5.936911,12.239082,-41.612095,72.805199,24.039598,18.553736,-9.675189,-10.312366,-7.309992,30.679785,71.444908,2.416992,7.063465,2.363515
236.000000,2580.458740,2113.456543,78.516212,-0.535447,0.000711,45.492934,-5.380935,1.607552,7.000948,16.504673,-11.068041,0.760752,0.803315,-3.937758,-15.903164,10.698463,-10.519750,1.871769,-1.935999,0.590298,0.603428,-5.939855,12.239946,-41.610317,72.803505,24.044437,18.553524,-9.678166,-10.314169,-7.308896,30.681929,71.445038,2.415985,7.065228,2.364855
237.000000,2580.461914,2113.455566,78.515038,-0.538008,0.005812,45.515502,-5.404064,1.607248,6.974041,16.530977,-11.078879,0.760020,0.804369,-3.934829,-15.927087,10.699748,-10.526772,1.871445,-1.931481,0.591036,0.603938,-5.940579,12.239802,-41.608688,72.802422,24.045986,18.553091,-9.680113,-10.316463,-7.307954,30.682650,71.446846,2.416341,7.068263,2.366258
238.000000,2580.464355,2113.457031,78.515488,-0.536252,0.009154,45.513635,-5.399126,1.606169,6.978466,16.518377,-11.077274,0.759095,0.803321,-3.934345,-15.924417,10.697510,-10.526688,1.871471,-1.929458,0.592096,0.604874,-5.938209,12.238846,-41.609245,72.802139,24.043552,18.553890,-9.682062,-10.317876,-7.307735,30.682083,71.447678,2.419303,7.069115,2.367107
239.000000,2580.467285,2113.458984,78.517403,-0.531394,0.012300,45.500569,-5.377211,1.602376,6.993015,16.476183,-11.062052,0.757259,0.802675,-3.935501,-15.912802,10.689367,-10.520370,1.870767,-1.929852,0.592492,0.606078,-5.934627,12.238045,-41.611355,72.801697,24.038691,18.554964,-9.683718,-10.317768,-7.307970,30.681826,71.446953,2.423536,7.067327,2.367090
240.000000,2580.469482,2113.460449,78.518600,-0.527597,0.016045,45.486434,-5.364833,1.600479,7.006027,16.452068,-11.052649,0.757317,0.801227,-3.936027,-15.902859,10.682133,-10.515161,1.870523,-1.930555,0.593436,0.607300,-5.933152,12.237446,-41.612408,72.801613,24.035868,18.555584,-9.685663,-10.317895,-7.308411,30.681461,71.446526,2.425997,7.065275,2.366961
241.000000,2580.471191,2113.462402,78.518562,-0.526371,0.019064,45.472840,-5.363126,1.602211,7.020843,16.451445,-11.054116,0.759567,0.797943,-3.935050,-15.892475,10.678390,-10.513310,1.870854,-1.930987,0.595272,0.608661,-5.933722,12.236816,-41.612087,72.802162,24.035769,18.555998,-9.689274,-10.318845,-7.308993,30.680494,71.447029,2.426953,7.063261,2.367004
242.000000,2580.472656,2113.464844,78.518127,-0.527333,0.021663,45.459235,-5.364042,1.606529,7.035394,16.458225,-11.061387,0.761347,0.794200,-3.932404,-15.882738,10.677262,-10.513191,1.870892,-1.931284,0.596881,0.608715,-5.934955,12.236324,-41.611328,72.803200,24.037819,18.556423,-9.693775,-10.319931,-7.309318,30.679361,71.447868,2.427219,7.062285,2.367284
243.000000,2580.473877,2113.467285,78.517113,-0.530941,0.024904,45.457412,-5.372692,1.611390,7.039259,16.476978,-11.073229,0.761471,0.791634,-3.928195,-15.880066,10.677255,-10.515318,1.869803,-1.933288,0.598282,0.607611,-5.936831,12.236352,-41.610348,72.804222,24.041319,18.556374,-9.698571,-10.320916,-7.309222,30.679142,71.448441,2.426910,7.062328,2.367465
244.000000,2580.476074,2113.468750,78.516617,-0.533878,0.026916,45.478121,-5.382274,1.608686,7.014895,16.488375,-11.077331,0.757724,0.795982,-3.926164,-15.896860,10.677078,-10.520439,1.867159,-1.936283,0.598136,0.607030,-5.937573,12.237597,-41.610283,72.803635,24.043365,18.554655,-9.701493,-10.321060,-7.308238,30.681873,71.447746,2.427844,7.063090,2.366637
245.000000,2580.479248,2113.469971,78.517784,-0.531069,0.029353,45.489732,-5.372626,1.600035,6.997790,16.461239,-11.065066,0.754945,0.800931,-3.928515,-15.909374,10.674501,-10.521062,1.865839,-1.935112,0.595958,0.606875,-5.934278,12.238794,-41.611542,72.802399,24.040037,18.552729,-9.702548,-10.320818,-7.306824,30.684771,71.447197,2.432509,7.063119,2.365819
246.000000,2580.481689,2113.471191,78.520073,-0.523480,0.032399,45.485381,-5.348149,1.590070,7.005135,16.408121,-11.041263,0.755180,0.800748,-3.934220,-15.903881,10.668623,-10.515541,1.866509,-1.933566,0.593924,0.607604,-5.929407,12.239147,-41.613617,72.801659,24.033821,18.551702,-9.703168,-10.320607,-7.306223,30.686058,71.447029,2.438681,7.060623,2.365172
247.000000,2580.484131,2113.471680,78.522713,-0.514584,0.035350,45.473596,-5.319230,1.580509,7.020947,16.348118,-11.013133,0.755843,0.799504,-3.940174,-15.892277,10.659406,-10.507150,1.867254,-1.933406,0.592632,0.608948,-5.925609,12.239222,-41.616119,72.801270,24.027946,18.551054,-9.704404,-10.320043,-7.306231,30.686844,71.446838,2.444317,7.055954,2.364435
248.000000,2580.486328,2113.470947,78.524086,-0.508699,0.038434,45.460103,-5.307782,1.577628,7.033277,16.323624,-11.001031,0.757111,0.796910,-3.942025,-15.883676,10.653937,-10.502521,1.867676,-1.933866,0.592631,0.609619,-5.924572,12.239355,-41.617115,72.801285,24.025866,18.550566,-9.706216,-10.319995,-7.306398,30.686983,71.447212,2.446978,7.052132,2.364176
249.000000,2580.487793,2113.469971,78.523926,-0.506933,0.039688,45.447133,-5.307132,1.579893,7.047220,16.324501,-11.001705,0.759757,0.792991,-3.940971,-15.874597,10.652018,-10.501645,1.868171,-1.934441,0.593393,0.609611,-5.925438,12.239503,-41.616829,72.801949,24.027094,18.549934,-9.709788,-10.320506,-7.306624,30.686447,71.448860,2.447962,7.048163,2.364380
250.000000,2580.489258,2113.468506,78.522758,-0.509663,0.041039,45.446149,-5.317174,1.585644,7.051460,16.345795,-11.012059,0.760255,0.789945,-3.936369,-15.872188,10.652847,-10.504566,1.866828,-1.937344,0.594398,0.607753,-5.927474,12.240149,-41.615894,72.802872,24.031731,18.548977,-9.714478,-10.321063,-7.306403,30.686460,71.450478,2.447453,7.045406,2.364745
251.000000,2580.490234,2113.466064,78.520813,-0.515703,0.043842,45.469567,-5.346042,1.589154,7.024113,16.390196,-11.028472,0.758042,0.790614,-3.930497,-15.893063,10.655835,-10.512877,1.863295,-1.941779,0.594921,0.604552,-5.930540,12.241791,-41.614330,72.802963,24.038473,18.546621,-9.718602,-10.321480,-7.305269,30.688568,71.451653,2.445794,7.044921,2.364795
252.000000,2580.490967,2113.464844,78.519440,-0.519224,0.044868,45.484004,-5.366785,1.591083,7.003861,16.421286,-11.042045,0.757421,0.791500,-3.926874,-15.910666,10.659706,-10.520048,1.861681,-1.940815,0.594579,0.602055,-5.931838,12.242711,-41.612633,72.803406,24.043011,18.544371,-9.721566,-10.322360,-7.303913,30.689739,71.454124,2.445851,7.046171,2.365311
253.000000,2580.490967,2113.465576,78.519646,-0.519170,0.044713,45.480261,-5.362578,1.591631,7.008855,16.415491,-11.043426,0.756484,0.790874,-3.925817,-15.907749,10.660470,-10.520109,1.861008,-1.939626,0.593849,0.600379,-5.930153,12.242767,-41.612865,72.804222,24.043139,18.543430,-9.723871,-10.322427,-7.303199,30.689774,71.455872,2.448941,7.046021,2.365754
254.000000,2580.490967,2113.466553,78.521179,-0.516329,0.043839,45.467406,-5.342242,1.589447,7.022859,16.381569,-11.031666,0.754719,0.790543,-3.926587,-15.897020,10.656887,-10.514342,1.859792,-1.939824,0.592111,0.600031,-5.927128,12.242966,-41.614674,72.804680,24.040133,18.543108,-9.725464,-10.321346,-7.302877,30.690006,71.455963,2.453571,7.043553,2.365647
255.000000,2580.490479,2113.467529,78.522110,-0.514160,0.043574,45.453513,-5.329244,1.588805,7.039440,16.362387,-11.024255,0.755806,0.789058,-3.926997,-15.884892,10.652663,-10.508397,1.859280,-1.940389,0.591159,0.600237,-5.925788,12.243155,-41.615505,72.805527,24.038477,18.542667,-9.727829,-10.320723,-7.302888,30.689861,71.456505,2.456883,7.040318,2.365609
256.000000,2580.489746,2113.467773,78.521538,-0.515603,0.043247,45.452448,-5.334201,1.589829,7.041306,16.373894,-11.027947,0.757111,0.788658,-3.926003,-15.883658,10.651864,-10.508205,1.858633,-1.942044,0.591264,0.600297,-5.926800,12.243688,-41.614918,72.806099,24.040329,18.541765,-9.730137,-10.320857,-7.302759,30.690313,71.457153,2.457101,7.038791,2.365528
257.000000,2580.489014,2113.466553,78.519920,-0.520972,0.043663,45.473242,-5.356147,1.590695,7.019537,16.410786,-11.039906,0.757115,0.791258,-3.923082,-15.900373,10.654137,-10.513403,1.856578,-1.944942,0.591422,0.599578,-5.929370,12.245322,-41.613377,72.806023,24.045471,18.539404,-9.733216,-10.321329,-7.301746,30.692629,71.457794,2.455681,7.038687,2.365260
258.000000,2580.488525,2113.465576,78.519241,-0.524312,0.043867,45.491885,-5.373873,1.589954,6.993400,16.434580,-11.047504,0.756561,0.794391,-3.920666,-15.922190,10.656848,-10.517720,1.855068,-1.944616,0.589502,0.598115,-5.930233,12.247231,-41.612400,72.805397,24.048332,18.537186,-9.735372,-10.321595,-7.299940,30.695118,71.458580,2.456371,7.039691,2.365315
259.000000,2580.488525,2113.465088,78.520958,-0.520165,0.042266,45.487233,-5.355455,1.585211,6.998658,16.399403,-11.033351,0.756412,0.795110,-3.922821,-15.918622,10.655383,-10.513214,1.854958,-1.942449,0.583129,0.597676,-5.926724,12.248774,-41.613735,72.805382,24.044893,18.537067,-9.736168,-10.320879,-7.298133,30.696432,71.458633,2.461549,7.038257,2.365693
260.000000,2580.488281,2113.464355,78.523376,-0.513336,0.040033,45.473679,-5.324577,1.578104,7.015071,16.344196,-11.008699,0.756831,0.795159,-3.927312,-15.906034,10.650861,-10.504939,1.854872,-1.941749,0.574915,0.598400,-5.923082,12.250546,-41.616013,72.805893,24.039974,18.537739,-9.737030,-10.319522,-7.296634,30.697512,71.458237,2.468119,7.034310,2.365900
261.000000,2580.487549,2113.463135,78.524467,-0.509694,0.038564,45.459823,-5.310448,1.576201,7.031775,16.321478,-10.996964,0.759424,0.793259,-3.928888,-15.893849,10.646871,-10.498629,1.855145,-1.942224,0.571128,0.598956,-5.922144,12.251720,-41.617012,72.806664,24.038130,18.537975,-9.739017,-10.318999,-7.296173,30.697716,71.458923,2.472145,7.030209,2.366188
262.000000,2580.485596,2113.461914,78.524269,-0.509424,0.036090,45.445675,-5.310341,1.579734,7.047095,16.329470,-11.000692,0.762781,0.790843,-3.927326,-15.883462,10.646026,-10.496244,1.855516,-1.942690,0.570738,0.598605,-5.923277,12.252257,-41.616497,72.807983,24.040199,18.537775,-9.742337,-10.319210,-7.296125,30.697136,71.460815,2.473162,7.027408,2.366777
263.000000,2580.483154,2113.460205,78.522949,-0.513700,0.033960,45.445817,-5.325498,1.585084,7.044026,16.362211,-11.014033,0.763319,0.790497,-3.922607,-15.885607,10.647501,-10.498525,1.853626,-1.946073,0.571108,0.596934,-5.925741,12.253455,-41.615299,72.809021,24.045658,18.536655,-9.746239,-10.319484,-7.295511,30.697861,71.462051,2.471972,7.026122,2.367179
264.000000,2580.481445,2113.457520,78.520889,-0.521104,0.033418,45.469958,-5.346721,1.587213,7.023396,16.397457,-11.026666,0.762612,0.792353,-3.918803,-15.901079,10.649836,-10.503236,1.851349,-1.948752,0.571100,0.595235,-5.927990,12.254825,-41.614063,72.809135,24.050558,18.534943,-9.748684,-10.319673,-7.294556,30.699490,71.462738,2.470570,7.026455,2.367276
265.000000,2580.479004,2113.455566,78.519363,-0.526359,0.031805,45.489714,-5.374037,1.588391,6.992842,16.440102,-11.042714,0.762810,0.795681,-3.915004,-15.926286,10.654120,-10.509775,1.849380,-1.948360,0.570299,0.593321,-5.930324,12.256401,-41.612152,72.809135,24.056427,18.533039,-9.750419,-10.320305,-7.292901,30.701473,71.464600,2.469696,7.028380,2.367711
266.000000,2580.476074,2113.456055,78.519318,-0.527656,0.028633,45.487631,-5.374172,1.589126,6.994779,16.445171,-11.047895,0.764515,0.796550,-3.914045,-15.925605,10.656483,-10.509665,1.849462,-1.945939,0.569072,0.592592,-5.929386,12.256614,-41.611797,72.810036,24.057945,18.532923,-9.751439,-10.320851,-7.291861,30.701641,71.466537,2.471807,7.029524,2.368411
267.000000,2580.473633,2113.457031,78.520782,-0.525532,0.025260,45.474150,-5.355015,1.586965,7.008953,16.416138,-11.037914,0.764477,0.796711,-3.915103,-15.914066,10.654109,-10.502923,1.849089,-1.945791,0.566443,0.592642,-5.926322,12.256799,-41.613747,72.810669,24.055555,18.533859,-9.752137,-10.319983,-7.291257,30.701887,71.466599,2.476541,7.027950,2.368529
268.000000,2580.471924,2113.457520,78.522934,-0.520970,0.021397,45.455045,-5.325449,1.582892,7.029954,16.370199,-11.018815,0.764806,0.797363,-3.917657,-15.896733,10.649019,-10.493160,1.848591,-1.945786,0.561554,0.594063,-5.922959,12.257465,-41.616158,72.811447,24.051790,18.535046,-9.752753,-10.318612,-7.290533,30.702477,71.465828,2.481758,7.024396,2.368378
269.000000,2580.470215,2113.456299,78.523582,-0.520032,0.018536,45.452153,-5.317447,1.580550,7.033844,16.358936,-11.009830,0.765694,0.799026,-3.918260,-15.892813,10.645535,-10.488310,1.847676,-1.947980,0.558284,0.595770,-5.922731,12.259002,-41.616665,72.811729,24.051510,18.534086,-9.754578,-10.318155,-7.289742,30.704237,71.465240,2.483886,7.021084,2.367962
270.000000,2580.468750,2113.453125,78.522331,-0.523941,0.017426,45.473663,-5.338780,1.579790,7.009154,16.392565,-11.016640,0.766792,0.802757,-3.916197,-15.911953,10.646250,-10.491486,1.846197,-1.950993,0.557249,0.596376,-5.925251,12.261271,-41.615379,72.811195,24.055653,18.531364,-9.756939,-10.318725,-7.288427,30.707203,71.465607,2.483295,7.019840,2.367486
271.000000,2580.467041,2113.450439,78.521088,-0.526934,0.015451,45.488304,-5.357145,1.580508,6.991994,16.422825,-11.026934,0.769592,0.804866,-3.914140,-15.926849,10.649600,-10.495441,1.846066,-1.949808,0.556410,0.596063,-5.926836,12.262669,-41.613926,72.810936,24.059715,18.529913,-9.758307,-10.319953,-7.286984,30.708679,71.467484,2.483245,7.020440,2.367845
272.000000,2580.464355,2113.449463,78.520294,-0.528531,0.012361,45.485067,-5.362473,1.583319,6.997766,16.439251,-11.036634,0.773452,0.803971,-3.912592,-15.923494,10.652694,-10.496391,1.847043,-1.948672,0.556107,0.595209,-5.927373,12.262746,-41.613033,72.811829,24.062777,18.530159,-9.760324,-10.321037,-7.286270,30.708183,71.469978,2.483990,7.020861,2.368713
273.000000,2580.460938,2113.449951,78.519585,-0.530783,0.009210,45.474561,-5.364626,1.586488,7.006911,16.451086,-11.044848,0.775985,0.802590,-3.911061,-15.916976,10.654510,-10.496248,1.847663,-1.948975,0.556185,0.594361,-5.928029,12.262473,-41.612595,72.812828,24.065144,18.530937,-9.762325,-10.321477,-7.286129,30.707314,71.471703,2.484404,7.020893,2.369349
274.000000,2580.457275,2113.451660,78.518814,-0.534342,0.005953,45.460875,-5.366906,1.591754,7.020602,16.467726,-11.056964,0.778794,0.800842,-3.908243,-15.906844,10.656332,-10.495337,1.848087,-1.949830,0.556345,0.593417,-5.929198,12.262064,-41.612068,72.814331,24.068348,18.532248,-9.765195,-10.321803,-7.286128,30.705997,71.473557,2.484680,7.020966,2.370047
275.000000,2580.453857,2113.454102,78.518433,-0.538230,0.003308,45.455682,-5.367795,1.595172,7.027188,16.479792,-11.065966,0.779391,0.800931,-3.905500,-15.900960,10.657141,-10.493906,1.847397,-1.952134,0.555708,0.592762,-5.930024,12.262208,-41.612038,72.815468,24.071239,18.533199,-9.767857,-10.321630,-7.285879,30.705957,71.474030,2.485328,7.021032,2.370167
276.000000,2580.452148,2113.454590,78.518936,-0.539873,0.001251,45.474458,-5.365703,1.588259,7.004597,16.471706,-11.058662,0.776278,0.807795,-3.906143,-15.914724,10.654612,-10.492834,1.844957,-1.955254,0.551071,0.593877,-5.929353,12.264301,-41.613186,72.814728,24.071472,18.532379,-9.768153,-10.320503,-7.284249,30.709591,71.471931,2.488080,7.020407,2.369054
277.000000,2580.451660,2113.454346,78.520676,-0.535391,-0.000283,45.485438,-5.350380,1.576047,6.989944,16.435877,-11.038091,0.776423,0.814082,-3.911701,-15.924662,10.651051,-10.489018,1.844687,-1.952664,0.541369,0.596346,-5.926584,12.266979,-41.614628,72.814049,24.068357,18.531946,-9.766796,-10.319593,-7.281666,30.712873,71.470520,2.493484,7.018951,2.368486
278.000000,2580.450195,2113.454102,78.521698,-0.532457,-0.000628,45.482101,-5.341129,1.571234,6.996644,16.415993,-11.026699,0.780817,0.813686,-3.914662,-15.920017,10.647454,-10.482788,1.846658,-1.950398,0.536717,0.598999,-5.924867,12.268259,-41.615334,72.814117,24.065741,18.532154,-9.766562,-10.320168,-7.280528,30.713699,71.470757,2.497935,7.016633,2.368543
279.000000,2580.447998,2113.454102,78.521606,-0.532069,-0.001959,45.471233,-5.341610,1.572710,7.009426,16.422029,-11.029535,0.786270,0.811440,-3.914419,-15.910899,10.646302,-10.479341,1.848772,-1.950062,0.536393,0.600590,-5.925444,12.268544,-41.615143,72.814636,24.066414,18.532703,-9.768140,-10.321131,-7.280454,30.713085,71.472237,2.499457,7.014609,2.368864
280.000000,2580.445312,2113.454834,78.521004,-0.533798,-0.004060,45.457368,-5.343332,1.576137,7.021479,16.432928,-11.036474,0.789927,0.809293,-3.912905,-15.902324,10.646734,-10.477736,1.850034,-1.950627,0.536717,0.600744,-5.926533,12.268595,-41.614868,72.815308,24.068445,18.533539,-9.770339,-10.321733,-7.280524,30.712231,71.473579,2.499719,7.013345,2.369281
281.000000,2580.442627,2113.455322,78.519676,-0.538870,-0.005261,45.455431,-5.353888,1.581824,7.026411,16.460474,-11.050897,0.792332,0.807554,-3.908846,-15.898269,10.648442,-10.478354,1.850109,-1.953919,0.537394,0.599565,-5.928780,12.269040,-41.614189,72.816124,24.072906,18.534351,-9.773706,-10.322314,-7.280311,30.711950,71.474678,2.498766,7.012614,2.369656
282.000000,2580.440430,2113.455078,78.517639,-0.546692,-0.004424,45.477421,-5.381300,1.584210,7.001633,16.506540,-11.068988,0.792487,0.808981,-3.904342,-15.915718,10.651591,-10.484116,1.848605,-1.957766,0.537567,0.597802,-5.932218,12.270417,-41.612759,72.815933,24.078962,18.533480,-9.776286,-10.322850,-7.279289,30.713894,71.475159,2.496639,7.013684,2.369555
283.000000,2580.438721,2113.454834,78.516800,-0.551313,-0.003598,45.496859,-5.401880,1.583388,6.973797,16.534168,-11.079486,0.792214,0.811424,-3.901730,-15.937749,10.654019,-10.488255,1.847852,-1.957007,0.535494,0.596831,-5.933690,12.272012,-41.611847,72.815277,24.082043,18.532286,-9.777121,-10.323289,-7.277566,30.716093,71.475784,2.496935,7.015558,2.369520
284.000000,2580.437500,2113.456787,78.518814,-0.545057,-0.007389,45.481189,-5.375956,1.577471,6.987059,16.490875,-11.064615,0.792678,0.811181,-3.905370,-15.924426,10.654794,-10.484450,1.848219,-1.947135,0.528849,0.599033,-5.930616,12.272367,-41.613831,72.815788,24.077808,18.532936,-9.775334,-10.322953,-7.276406,30.717691,71.476234,2.500782,7.016151,2.370594
285.000000,2580.436523,2113.459229,78.521797,-0.535877,-0.011118,45.455588,-5.328659,1.567215,7.017973,16.415848,-11.035674,0.794370,0.810320,-3.913347,-15.895344,10.653108,-10.475846,1.848973,-1.942172,0.523886,0.601886,-5.924301,12.271386,-41.617702,72.817276,24.069796,18.534958,-9.772855,-10.322452,-7.276526,30.719027,71.475914,2.505361,7.014020,2.372454
286.000000,2580.436035,2113.458984,78.522530,-0.533607,-0.011950,45.451897,-5.318716,1.562953,7.023745,16.399614,-11.024894,0.795955,0.810691,-3.915576,-15.888620,10.649770,-10.471496,1.849058,-1.945424,0.523085,0.604505,-5.923375,12.271895,-41.619068,72.817543,24.067476,18.535555,-9.773375,-10.322629,-7.276535,30.720526,71.475197,2.507270,7.010757,2.373128
287.000000,2580.436035,2113.456543,78.521225,-0.537190,-0.010447,45.473494,-5.343000,1.562360,6.997497,16.435190,-11.032882,0.797133,0.813080,-3.913199,-15.908590,10.650089,-10.475575,1.848437,-1.949568,0.523225,0.605711,-5.925883,12.273794,-41.618034,72.816521,24.070578,18.533888,-9.775332,-10.323590,-7.275615,30.723026,71.475304,2.506187,7.009311,2.373439
288.000000,2580.436035,2113.454102,78.519836,-0.540380,-0.009616,45.489996,-5.361481,1.563102,6.979616,16.462206,-11.041834,0.798751,0.814089,-3.910940,-15.923564,10.652094,-10.479552,1.848629,-1.949334,0.523136,0.605909,-5.927415,12.274830,-41.616928,72.815720,24.073336,18.533117,-9.776216,-10.324695,-7.274719,30.724155,71.476318,2.505525,7.009508,2.374043
289.000000,2580.435303,2113.453369,78.518936,-0.542058,-0.010302,45.487391,-5.370707,1.566347,6.981130,16.481146,-11.052419,0.801949,0.812578,-3.908521,-15.923605,10.654662,-10.481656,1.849788,-1.947824,0.523462,0.605664,-5.928029,12.274891,-41.615967,72.815865,24.075876,18.533644,-9.777678,-10.326200,-7.274092,30.723684,71.478371,2.505615,7.009949,2.375242
290.000000,2580.434326,2113.454346,78.518936,-0.542584,-0.011082,45.476257,-5.369410,1.569545,6.992665,16.485535,-11.059086,0.803633,0.810304,-3.906455,-15.914881,10.655509,-10.480959,1.850281,-1.948201,0.523826,0.604760,-5.927789,12.274388,-41.616207,72.816399,24.077188,18.535166,-9.779654,-10.326716,-7.274037,30.722691,71.479843,2.506812,7.009454,2.376228
291.000000,2580.433350,2113.456055,78.520172,-0.541020,-0.011383,45.461355,-5.353301,1.568980,7.007326,16.459616,-11.051604,0.802573,0.808407,-3.906220,-15.902777,10.652176,-10.475466,1.849675,-1.949473,0.522953,0.604289,-5.925645,12.274072,-41.618374,72.816483,24.075033,18.536797,-9.780868,-10.325895,-7.274264,30.722507,71.479362,2.510525,7.007211,2.376416
292.000000,2580.433350,2113.456055,78.521461,-0.539402,-0.010326,45.462423,-5.340770,1.564237,7.006634,16.432272,-11.037382,0.800274,0.809223,-3.906991,-15.900976,10.646597,-10.470126,1.847639,-1.952412,0.521426,0.605149,-5.923840,12.274830,-41.620579,72.815796,24.072571,18.536798,-9.781381,-10.324933,-7.274078,30.724577,71.477501,2.513968,7.003876,2.375618
293.000000,2580.433838,2113.453857,78.521408,-0.540334,-0.007936,45.484356,-5.351711,1.558685,6.980838,16.437719,-11.031600,0.799177,0.812146,-3.907014,-15.919516,10.643418,-10.470573,1.845545,-1.954415,0.520367,0.606605,-5.924407,12.276680,-41.620640,72.814514,24.072937,18.534023,-9.782289,-10.325150,-7.273032,30.728012,71.476494,2.514789,7.001780,2.374657
294.000000,2580.434326,2113.451416,78.520737,-0.541112,-0.007094,45.498443,-5.365517,1.557370,6.965653,16.455256,-11.035278,0.801421,0.813522,-3.906129,-15.932552,10.643876,-10.472945,1.845404,-1.952047,0.520153,0.607856,-5.925193,12.277749,-41.619396,72.814003,24.074783,18.531578,-9.783394,-10.326587,-7.271886,30.729559,71.477844,2.514764,7.001397,2.374650
295.000000,2580.434570,2113.451660,78.521553,-0.537159,-0.010694,45.481241,-5.345869,1.556670,6.984256,16.429657,-11.029785,0.803009,0.811719,-3.906653,-15.914644,10.647329,-10.472372,1.844627,-1.944972,0.520037,0.608825,-5.922676,12.276636,-41.621277,72.815262,24.072302,18.531647,-9.782798,-10.327495,-7.271873,30.730644,71.479591,2.515605,7.001128,2.376481
296.000000,2580.434814,2113.452393,78.522339,-0.533343,-0.012115,45.458312,-5.328286,1.557318,7.009420,16.408142,-11.025072,0.804559,0.806754,-3.907079,-15.891527,10.649386,-10.470380,1.843920,-1.944307,0.521039,0.607844,-5.920640,12.275049,-41.623688,72.817291,24.068993,18.533043,-9.783648,-10.327850,-7.272679,30.730761,71.480705,2.516723,6.999416,2.378825
297.000000,2580.434570,2113.451660,78.521523,-0.534808,-0.011406,45.455675,-5.334960,1.559391,7.011693,16.422298,-11.030502,0.805531,0.804517,-3.905342,-15.888628,10.650249,-10.471794,1.843143,-1.947911,0.522136,0.607047,-5.921631,12.274983,-41.623749,72.817986,24.069809,18.533365,-9.785669,-10.328243,-7.272941,30.730867,71.481407,2.516523,6.998042,2.379857
298.000000,2580.435059,2113.449951,78.519661,-0.540725,-0.009114,45.478413,-5.361996,1.561428,6.986250,16.465054,-11.044869,0.804862,0.805452,-3.900902,-15.906661,10.652969,-10.478539,1.840849,-1.953121,0.523145,0.605802,-5.924612,12.276151,-41.622646,72.817589,24.074495,18.532791,-9.787904,-10.328902,-7.272321,30.732653,71.482124,2.514733,6.997717,2.380507
299.000000,2580.435303,2113.448486,78.518013,-0.546112,-0.007164,45.500279,-5.389477,1.562970,6.956872,16.504698,-11.059651,0.804561,0.807082,-3.896724,-15.930515,10.656304,-10.485193,1.839672,-1.953452,0.523532,0.604546,-5.926986,12.277111,-41.621094,72.816879,24.078979,18.532040,-9.788951,-10.329894,-7.271246,30.734121,71.483650,2.513566,6.999139,2.381219
300.000000,2580.435547,2113.450684,78.518875,-0.543462,-0.010757,45.482534,-5.371784,1.563172,6.971618,16.483139,-11.058631,0.804499,0.806146,-3.896102,-15.915522,10.660597,-10.485538,1.838726,-1.944526,0.523332,0.604823,-5.924354,12.275457,-41.622723,72.818092,24.076263,18.533171,-9.787757,-10.330523,-7.271271,30.734982,71.485504,2.513929,7.001140,2.383721
301.000000,2580.436279,2113.455322,78.521744,-0.532989,-0.017808,45.438919,-5.315444,1.557655,7.016829,16.406151,-11.036146,0.803700,0.804093,-3.901246,-15.870304,10.664288,-10.481157,1.837206,-1.938005,0.522829,0.605937,-5.915744,12.272281,-41.627518,72.820648,24.066704,18.535965,-9.784303,-10.330635,-7.272410,30.736588,71.485649,2.515546,7.001402,2.387583
302.000000,2580.437500,2113.457764,78.522675,-0.528860,-0.020077,45.422138,-5.292252,1.553910,7.036328,16.378529,-11.025522,0.803564,0.803687,-3.904011,-15.848060,10.665258,-10.479860,1.835918,-1.945008,0.525900,0.606747,-5.911573,12.270576,-41.630344,72.822624,24.061268,18.538074,-9.783893,-10.331491,-7.273555,30.738338,71.484512,2.516229,6.999726,2.390277
303.000000,2580.439209,2113.456787,78.521362,-0.532100,-0.017955,45.440004,-5.306662,1.553648,7.020459,16.402315,-11.031447,0.803524,0.805503,-3.902361,-15.858853,10.666097,-10.483654,1.835047,-1.951233,0.528052,0.606968,-5.912764,12.270967,-41.630245,72.822525,24.062054,18.538433,-9.785081,-10.332327,-7.273508,30.739996,71.484093,2.515600,6.999062,2.391407
304.000000,2580.441406,2113.453857,78.519272,-0.538494,-0.013035,45.477094,-5.344290,1.554036,6.977562,16.454329,-11.046729,0.803018,0.808418,-3.898014,-15.893178,10.668229,-10.491786,1.834019,-1.955684,0.529692,0.606122,-5.915708,12.272308,-41.628922,72.820869,24.065678,18.537781,-9.786718,-10.333490,-7.272624,30.742348,71.484467,2.514443,6.999837,2.392534
305.000000,2580.443115,2113.452148,78.517792,-0.542005,-0.009864,45.496992,-5.373278,1.555593,6.949179,16.493591,-11.061548,0.804030,0.809241,-3.894138,-15.917893,10.671247,-10.498518,1.834265,-1.953207,0.530676,0.605435,-5.917040,12.272751,-41.627258,72.819344,24.068157,18.537348,-9.788082,-10.335250,-7.271609,30.743263,71.486366,2.513742,7.002208,2.394142
306.000000,2580.444092,2113.453125,78.517929,-0.540805,-0.010766,45.487675,-5.366715,1.557129,6.959154,16.486952,-11.064762,0.804864,0.807468,-3.892686,-15.908661,10.674352,-10.500051,1.834404,-1.948233,0.531632,0.605658,-5.915009,12.271407,-41.627850,72.819519,24.066269,18.538561,-9.788436,-10.336640,-7.271567,30.743193,71.488182,2.514415,7.004012,2.396415
307.000000,2580.444824,2113.455322,78.518578,-0.538311,-0.011042,45.468558,-5.351007,1.557228,6.977218,16.466497,-11.061541,0.805125,0.804687,-3.892899,-15.891603,10.675621,-10.498684,1.833959,-1.947092,0.533461,0.605354,-5.912530,12.269522,-41.629784,72.820587,24.062326,18.540516,-9.788446,-10.337207,-7.272450,30.743124,71.488823,2.515368,7.004195,2.398519
308.000000,2580.444824,2113.457520,78.518387,-0.538604,-0.010297,45.454276,-5.348560,1.560269,6.994104,16.469757,-11.066777,0.807309,0.801013,-3.891516,-15.878037,10.675212,-10.497352,1.834399,-1.948266,0.537240,0.605101,-5.912621,12.267590,-41.630329,72.821541,24.060495,18.542910,-9.790411,-10.338019,-7.273800,30.741760,71.490051,2.515841,7.003829,2.400501
309.000000,2580.444824,2113.458984,78.517128,-0.543312,-0.008393,45.456250,-5.363009,1.564777,6.990887,16.498642,-11.080115,0.807465,0.800045,-3.887119,-15.879470,10.675224,-10.499385,1.833544,-1.952170,0.541521,0.604580,-5.914512,12.266915,-41.629589,72.821564,24.063063,18.543802,-9.793356,-10.339020,-7.274387,30.741728,71.490395,2.514164,7.004392,2.401379
310.000000,2580.445801,2113.459717,78.516411,-0.547182,-0.007772,45.476727,-5.375187,1.562520,6.963186,16.516006,-11.085946,0.804093,0.805897,-3.884519,-15.898678,10.674861,-10.503696,1.831229,-1.955221,0.542740,0.604678,-5.915300,12.267577,-41.629368,72.820190,24.065207,18.543190,-9.795130,-10.339239,-7.273691,30.744299,71.489395,2.513497,7.005785,2.401315
311.000000,2580.447998,2113.460449,78.517242,-0.546302,-0.006543,45.491324,-5.371166,1.557186,6.947330,16.502417,-11.079153,0.801980,0.810614,-3.885271,-15.910366,10.672922,-10.503726,1.830199,-1.954300,0.542090,0.604881,-5.913223,12.268073,-41.630116,72.818680,24.063368,18.542477,-9.795147,-10.339085,-7.272870,30.746317,71.488541,2.515554,7.006502,2.401166
312.000000,2580.449707,2113.462158,78.519897,-0.536649,-0.007438,45.476437,-5.339798,1.547856,6.960008,16.443506,-11.055151,0.802110,0.810576,-3.890877,-15.898021,10.670359,-10.498999,1.830319,-1.946738,0.539772,0.606182,-5.907896,12.267404,-41.632675,72.817841,24.055969,18.542578,-9.793602,-10.338974,-7.272621,30.748135,71.488350,2.519998,7.006385,2.402067
313.000000,2580.450928,2113.463867,78.521988,-0.527624,-0.007492,45.453163,-5.301962,1.538772,6.990242,16.381144,-11.030275,0.804727,0.806764,-3.898668,-15.870309,10.669698,-10.494130,1.831043,-1.943482,0.542051,0.607282,-5.901896,12.264853,-41.636181,72.818634,24.047443,18.543730,-9.792076,-10.339755,-7.274149,30.749195,71.488762,2.522767,7.004902,2.404033
314.000000,2580.451660,2113.463135,78.521217,-0.528008,-0.004957,45.454689,-5.312604,1.539341,6.990125,16.398708,-11.034809,0.807114,0.804130,-3.897860,-15.869421,10.669028,-10.495591,1.831249,-1.948687,0.549434,0.607066,-5.902772,12.263561,-41.636482,72.818375,24.047405,18.543699,-9.794427,-10.341150,-7.275524,30.749626,71.489510,2.521853,7.003300,2.404748
315.000000,2580.453125,2113.460693,78.519279,-0.533159,-0.000982,45.480792,-5.345341,1.540548,6.958469,16.445765,-11.049585,0.807021,0.804865,-3.893799,-15.893984,10.671004,-10.503505,1.830067,-1.955116,0.555453,0.605243,-5.905568,12.263659,-41.635406,72.817032,24.051863,18.542307,-9.797498,-10.342508,-7.275548,30.751476,71.490326,2.519158,7.003108,2.405005
316.000000,2580.454346,2113.458740,78.517776,-0.536802,0.001500,45.499028,-5.368286,1.542735,6.937169,16.478132,-11.062881,0.807515,0.804958,-3.890015,-15.912692,10.674448,-10.510305,1.829830,-1.953965,0.557607,0.603581,-5.906986,12.263656,-41.633881,72.816147,24.055349,18.541210,-9.799876,-10.343942,-7.274745,30.752258,71.492302,2.517718,7.004526,2.405859
317.000000,2580.454834,2113.458252,78.516945,-0.538395,0.002104,45.497219,-5.374244,1.545815,6.939475,16.490314,-11.071244,0.808726,0.803360,-3.887702,-15.912217,10.676455,-10.512650,1.830246,-1.952588,0.558734,0.602688,-5.907096,12.263015,-41.633038,72.816368,24.056934,18.541300,-9.801872,-10.345023,-7.274464,30.751549,71.494087,2.517612,7.005370,2.406687
318.000000,2580.455078,2113.459473,78.517029,-0.538620,0.002325,45.486509,-5.371638,1.548991,6.950878,16.491034,-11.076716,0.808985,0.801075,-3.885560,-15.904125,10.676946,-10.512568,1.830186,-1.952657,0.559980,0.601475,-5.906486,12.261954,-41.633106,72.816856,24.057434,18.542097,-9.804505,-10.345449,-7.274652,30.750326,71.495651,2.518799,7.005340,2.407340
319.000000,2580.455322,2113.461426,78.518364,-0.536624,0.002787,45.471580,-5.354507,1.548403,6.965643,16.462736,-11.068287,0.806995,0.799423,-3.885392,-15.892558,10.673365,-10.507491,1.829222,-1.953619,0.560026,0.600742,-5.904202,12.261311,-41.634968,72.816818,24.054592,18.542969,-9.806221,-10.344621,-7.275069,30.749954,71.495346,2.522408,7.003572,2.407223
320.000000,2580.456055,2113.463135,78.520508,-0.532659,0.002785,45.453797,-5.326971,1.545734,6.985116,16.415962,-11.050022,0.805210,0.799270,-3.886374,-15.877681,10.665730,-10.498077,1.827957,-1.953757,0.559407,0.601275,-5.901116,12.261037,-41.637318,72.816719,24.049757,18.543364,-9.807568,-10.343438,-7.275395,30.750278,71.494255,2.526862,7.000297,2.406611
321.000000,2580.457031,2113.463135,78.521141,-0.531467,0.003794,45.452617,-5.321662,1.543750,6.986814,16.404491,-11.041574,0.804462,0.800114,-3.886249,-15.876390,10.660192,-10.494027,1.826200,-1.955267,0.559812,0.602094,-5.900933,12.261672,-41.637848,72.816383,24.048897,18.542212,-9.809351,-10.343202,-7.275300,30.751873,71.493530,2.528155,6.997683,2.405766
322.000000,2580.458008,2113.460693,78.519928,-0.534764,0.006345,45.475525,-5.345489,1.543007,6.959959,16.437296,-11.048716,0.804120,0.802472,-3.883993,-15.898195,10.660252,-10.498663,1.824062,-1.957775,0.561628,0.601678,-5.903269,12.263041,-41.636566,72.815453,24.052572,18.539442,-9.811553,-10.344008,-7.274476,30.754530,71.493904,2.526746,6.997203,2.404960
323.000000,2580.459229,2113.458496,78.519516,-0.535982,0.008307,45.492329,-5.357257,1.542073,6.942672,16.449581,-11.051129,0.803561,0.803711,-3.882672,-15.913284,10.661195,-10.501454,1.823024,-1.956751,0.562042,0.600803,-5.903454,12.263905,-41.636185,72.814461,24.053635,18.537552,-9.812644,-10.344465,-7.273580,30.756180,71.494583,2.527230,6.997377,2.404688
324.000000,2580.460449,2113.456787,78.520889,-0.532397,0.008990,45.489033,-5.347414,1.539630,6.945035,16.425192,-11.040655,0.802763,0.802524,-3.883024,-15.912470,10.659492,-10.498437,1.822438,-1.955068,0.561537,0.599802,-5.900511,12.264277,-41.637581,72.813484,24.050652,18.536474,-9.813478,-10.344367,-7.272890,30.757153,71.494987,2.531129,6.995923,2.404490
325.000000,2580.461426,2113.455078,78.523087,-0.526051,0.008376,45.475785,-5.322684,1.535229,6.959392,16.377815,-11.019817,0.802153,0.800988,-3.885223,-15.901595,10.654930,-10.491416,1.821477,-1.954790,0.560533,0.599661,-5.896893,12.264373,-41.639996,72.812836,24.045652,18.536028,-9.814347,-10.343514,-7.272741,30.757757,71.495087,2.536100,6.992077,2.404016
326.000000,2580.462158,2113.452393,78.524338,-0.521123,0.007870,45.461481,-5.304562,1.532968,6.976446,16.345142,-11.003738,0.802697,0.798460,-3.886748,-15.889114,10.650511,-10.485405,1.820485,-1.955474,0.560254,0.599662,-5.895090,12.264441,-41.641685,72.812683,24.042574,18.535658,-9.815874,-10.342850,-7.273006,30.757860,71.495682,2.539671,6.987384,2.403593
327.000000,2580.461914,2113.449951,78.524193,-0.519680,0.006433,45.447858,-5.303746,1.536156,6.991216,16.348705,-11.004518,0.804812,0.795138,-3.885306,-15.879215,10.649531,-10.484109,1.819869,-1.956067,0.561383,0.598967,-5.896039,12.264304,-41.641407,72.813454,24.044064,18.535101,-9.818749,-10.343019,-7.273413,30.757099,71.497780,2.540327,6.983757,2.403659
328.000000,2580.461426,2113.447266,78.522995,-0.523076,0.005088,45.445414,-5.314425,1.542892,6.995180,16.373959,-11.015575,0.804626,0.793206,-3.880158,-15.876813,10.650782,-10.486171,1.817523,-1.958822,0.563461,0.597018,-5.898141,12.264521,-41.640446,72.814407,24.048920,18.534077,-9.822434,-10.343338,-7.273461,30.756863,71.499596,2.539068,6.981605,2.403776
329.000000,2580.460693,2113.443604,78.520805,-0.530337,0.005920,45.471684,-5.345241,1.546722,6.965611,16.423105,-11.032928,0.801941,0.795076,-3.874101,-15.899507,10.653787,-10.493994,1.813198,-1.963694,0.565093,0.594145,-5.901217,12.265848,-41.638851,72.814323,24.055792,18.531586,-9.825482,-10.343601,-7.272595,30.758659,71.500618,2.536881,6.981691,2.403419
330.000000,2580.459961,2113.441406,78.519333,-0.534762,0.004759,45.487411,-5.367704,1.549339,6.943384,16.459492,-11.048008,0.801213,0.797222,-3.870007,-15.918759,10.658298,-10.500732,1.810542,-1.961917,0.565725,0.592239,-5.902718,12.266547,-41.636990,72.814331,24.060474,18.529074,-9.827652,-10.344347,-7.271508,30.759680,71.502922,2.535947,6.983557,2.403584
331.000000,2580.457764,2113.441650,78.518486,-0.537186,0.002285,45.484801,-5.373188,1.552880,6.948229,16.476629,-11.059204,0.802838,0.796875,-3.867888,-15.916662,10.661781,-10.502570,1.810021,-1.959966,0.566775,0.591268,-5.902720,12.266061,-41.635830,72.815376,24.062687,18.528172,-9.829977,-10.345230,-7.271158,30.758816,71.505508,2.536355,6.984985,2.404037
332.000000,2580.455566,2113.443604,78.518715,-0.538108,-0.000381,45.473508,-5.364585,1.554563,6.961296,16.470425,-11.060900,0.802924,0.796513,-3.867021,-15.906890,10.662169,-10.499611,1.809200,-1.960177,0.567388,0.590407,-5.901424,12.265479,-41.636436,72.816040,24.062162,18.528229,-9.832068,-10.344815,-7.271304,30.757994,71.506554,2.538455,6.984828,2.404002
333.000000,2580.453857,2113.446045,78.520187,-0.536693,-0.003165,45.456625,-5.347925,1.553765,6.974687,16.446651,-11.053302,0.802169,0.796709,-3.867443,-15.896235,10.659879,-10.493992,1.808406,-1.960522,0.566977,0.590397,-5.899411,12.265273,-41.637852,72.816154,24.059637,18.528484,-9.833121,-10.343872,-7.271457,30.757914,71.506165,2.541206,6.983553,2.403623
334.000000,2580.452393,2113.447266,78.520981,-0.536451,-0.005249,45.450518,-5.333073,1.552003,6.984922,16.425468,-11.044022,0.801908,0.797887,-3.868069,-15.887777,10.656279,-10.487803,1.807435,-1.961786,0.566405,0.591298,-5.898092,12.265615,-41.638950,72.816093,24.057426,18.528170,-9.834428,-10.343037,-7.271464,30.758837,71.505302,2.543599,6.981582,2.402836
335.000000,2580.451172,2113.446533,78.519981,-0.540003,-0.006177,45.467721,-5.346059,1.550743,6.967840,16.448420,-11.048536,0.802607,0.802016,-3.867003,-15.900826,10.656319,-10.489556,1.806213,-1.963829,0.566649,0.592423,-5.899928,12.267030,-41.637917,72.815445,24.059727,18.526106,-9.836186,-10.343402,-7.270688,30.761435,71.505188,2.542771,6.981307,2.401873
336.000000,2580.450928,2113.444580,78.519066,-0.543477,-0.008209,45.499620,-5.365654,1.546815,6.931186,16.476278,-11.054346,0.802391,0.809763,-3.866151,-15.929889,10.657824,-10.494866,1.804968,-1.965630,0.566336,0.593249,-5.901364,12.268911,-41.637051,72.813797,24.062185,18.523451,-9.837263,-10.343877,-7.269258,30.764748,71.505295,2.542791,6.982238,2.400808
337.000000,2580.451904,2113.443848,78.521088,-0.534373,-0.013965,45.505147,-5.336666,1.531895,6.921288,16.424152,-11.030711,0.802905,0.816132,-3.875240,-15.934978,10.663426,-10.497325,1.804649,-1.956527,0.560569,0.594642,-5.897609,12.269176,-41.639629,72.813065,24.056524,18.522532,-9.834736,-10.343258,-7.268181,30.768398,71.506119,2.545793,6.983134,2.401710
338.000000,2580.450928,2113.443848,78.522392,-0.526469,-0.016384,45.488102,-5.310484,1.523781,6.942148,16.381269,-11.014205,0.807120,0.809333,-3.883099,-15.913901,10.673546,-10.498402,1.805615,-1.951266,0.562355,0.594589,-5.893215,12.266413,-41.643463,72.815155,24.047611,18.523863,-9.832404,-10.344909,-7.269523,30.770086,71.507645,2.547211,6.983108,2.405154
339.000000,2580.449707,2113.443604,78.522339,-0.523080,-0.019404,45.464813,-5.301566,1.525825,6.968162,16.378613,-11.015834,0.811849,0.802822,-3.884166,-15.890195,10.680404,-10.499643,1.806895,-1.950419,0.566654,0.595099,-5.892796,12.263951,-41.645241,72.817329,24.043427,18.526245,-9.832765,-10.346482,-7.271166,30.769577,71.509689,2.547057,6.982118,2.408406
340.000000,2580.448975,2113.443115,78.521782,-0.523932,-0.021838,45.446427,-5.301273,1.532742,6.988433,16.391449,-11.024378,0.814721,0.798861,-3.880783,-15.874715,10.682878,-10.499398,1.807925,-1.952001,0.568578,0.594995,-5.894143,12.262946,-41.645290,72.818542,24.044216,18.529119,-9.835114,-10.347234,-7.271983,30.767952,71.511642,2.546769,6.980604,2.411092
341.000000,2580.448242,2113.441895,78.520401,-0.529526,-0.022941,45.444638,-5.311193,1.539147,6.989556,16.415297,-11.035578,0.814490,0.797921,-3.875532,-15.873367,10.683939,-10.500562,1.807136,-1.955717,0.569350,0.594490,-5.895929,12.263123,-41.644627,72.818939,24.047464,18.530542,-9.837385,-10.347749,-7.271987,30.767569,71.512215,2.545749,6.979916,2.412395
342.000000,2580.447754,2113.439697,78.518318,-0.537508,-0.021579,45.469633,-5.340140,1.543932,6.962787,16.463602,-11.053806,0.812190,0.800016,-3.868658,-15.892826,10.685970,-10.506454,1.804390,-1.960578,0.569839,0.593418,-5.899173,12.264227,-41.643005,72.818451,24.053583,18.530607,-9.839885,-10.348435,-7.271288,30.768946,71.512367,2.543409,6.980680,2.413325
343.000000,2580.447266,2113.438721,78.516800,-0.542721,-0.020936,45.490472,-5.367740,1.545294,6.931881,16.504583,-11.069570,0.811033,0.803261,-3.864541,-15.918518,10.688368,-10.512706,1.802619,-1.960087,0.569961,0.593093,-5.901346,12.265008,-41.641090,72.817688,24.058004,18.529768,-9.841318,-10.349541,-7.270335,30.770172,71.513313,2.542210,6.983244,2.414056
344.000000,2580.445557,2113.440430,78.516090,-0.544347,-0.021608,45.486100,-5.372827,1.547087,6.934844,16.517546,-11.079862,0.813066,0.802016,-3.863295,-15.916364,10.692103,-10.515125,1.802616,-1.956418,0.571436,0.593702,-5.901169,12.263724,-41.640652,72.818916,24.058125,18.530342,-9.842177,-10.351452,-7.270411,30.769793,71.514954,2.542040,6.986078,2.415744
345.000000,2580.442383,2113.445557,78.515610,-0.544688,-0.023877,45.458929,-5.364309,1.550830,6.962747,16.518711,-11.091006,0.816591,0.793577,-3.863093,-15.888969,10.703629,-10.517935,1.802343,-1.951932,0.578731,0.594274,-5.900241,12.258781,-41.642792,72.822990,24.053598,18.533144,-9.842185,-10.354368,-7.272877,30.769236,71.516396,2.539569,6.989721,2.419708
346.000000,2580.440430,2113.450928,78.514908,-0.546646,-0.026917,45.443146,-5.356233,1.552783,6.980075,16.523315,-11.101385,0.818497,0.788604,-3.863163,-15.867703,10.716143,-10.522738,1.801181,-1.951938,0.588683,0.595054,-5.900273,12.253393,-41.645447,72.827026,24.049387,18.536390,-9.841910,-10.356890,-7.275892,30.770140,71.516602,2.535172,6.993510,2.423826
347.000000,2580.440430,2113.454346,78.513733,-0.550600,-0.027689,45.452584,-5.364747,1.551881,6.966997,16.545294,-11.111799,0.818592,0.790342,-3.862539,-15.873160,10.724197,-10.529302,1.800508,-1.953775,0.593748,0.596011,-5.901576,12.251359,-41.646065,72.828384,24.048277,18.538631,-9.842043,-10.358800,-7.276730,30.772264,71.516037,2.531539,6.997472,2.426972
348.000000,2580.442139,2113.456787,78.513733,-0.550660,-0.028094,45.469843,-5.363317,1.544414,6.943924,16.540665,-11.109148,0.817486,0.795289,-3.864664,-15.885736,10.729718,-10.534947,1.800150,-1.953485,0.593539,0.598188,-5.900666,12.250443,-41.647747,72.828644,24.044735,18.540932,-9.840511,-10.360413,-7.276341,30.775940,71.514595,2.530761,7.001300,2.430115
349.000000,2580.444824,2113.459717,78.516418,-0.539005,-0.030045,45.467609,-5.323245,1.526772,6.946553,16.467951,-11.078403,0.818213,0.797392,-3.876455,-15.877284,10.735200,-10.536185,1.801441,-1.946104,0.588948,0.601868,-5.894974,12.248393,-41.651871,72.829155,24.034639,18.544617,-9.835889,-10.361577,-7.276529,30.779303,71.513550,2.533085,7.003777,2.434360
350.000000,2580.447021,2113.462646,78.518524,-0.529010,-0.028375,45.448569,-5.295271,1.516922,6.963803,16.417675,-11.057931,0.821078,0.793378,-3.884432,-15.859387,10.738151,-10.534621,1.803625,-1.942975,0.590881,0.603840,-5.889914,12.244939,-41.655411,72.830368,24.025030,18.548765,-9.832533,-10.363602,-7.278234,30.780426,71.513412,2.534826,7.004739,2.438627
351.000000,2580.449219,2113.463867,78.518417,-0.526077,-0.026624,45.437243,-5.288224,1.516189,6.982126,16.410891,-11.056480,0.824869,0.787802,-3.885850,-15.839706,10.740747,-10.535580,1.805952,-1.945199,0.599539,0.606904,-5.888625,12.240417,-41.658104,72.832108,24.017727,18.554043,-9.831293,-10.367068,-7.281030,30.780714,71.513603,2.534327,7.004943,2.443353
352.000000,2580.452637,2113.462646,78.516968,-0.528790,-0.022532,45.456763,-5.307658,1.516325,6.962581,16.440460,-11.065208,0.824817,0.789000,-3.883513,-15.853541,10.741546,-10.542063,1.806544,-1.953765,0.605220,0.608699,-5.890306,12.239435,-41.658184,72.831108,24.018343,18.557323,-9.832390,-10.369629,-7.281806,30.781742,71.512985,2.532698,7.004894,2.445902
353.000000,2580.456787,2113.459473,78.515007,-0.534200,-0.015737,45.495515,-5.344409,1.516324,6.918040,16.486795,-11.079140,0.823026,0.791732,-3.878988,-15.889957,10.742098,-10.551463,1.806061,-1.959639,0.607924,0.608854,-5.893180,12.239943,-41.656982,72.828674,24.022085,18.558966,-9.833811,-10.371716,-7.281296,30.783310,71.512703,2.530995,7.006098,2.447540
354.000000,2580.460205,2113.457520,78.513870,-0.535756,-0.010926,45.514816,-5.366971,1.516682,6.893659,16.512846,-11.089357,0.822628,0.792480,-3.876037,-15.911901,10.742620,-10.558414,1.806605,-1.957596,0.608876,0.609649,-5.894241,12.239719,-41.655483,72.826881,24.024220,18.560055,-9.834715,-10.374022,-7.280657,30.783487,71.513718,2.530258,7.008557,2.449028
355.000000,2580.462158,2113.458496,78.513321,-0.534803,-0.007248,45.508098,-5.371168,1.518653,6.901119,16.518602,-11.098120,0.824019,0.787344,-3.874631,-15.905708,10.745609,-10.563251,1.807023,-1.954650,0.612754,0.610410,-5.893772,12.236800,-41.655964,72.827942,24.023010,18.562590,-9.835476,-10.377087,-7.281713,30.782459,71.515167,2.529386,7.011177,2.451717
356.000000,2580.462402,2113.462646,78.512871,-0.533665,-0.003294,45.481326,-5.366281,1.523165,6.930385,16.516941,-11.107852,0.825728,0.774671,-3.873536,-15.877471,10.754251,-10.567414,1.806568,-1.952133,0.622617,0.610280,-5.893106,12.230511,-41.658371,72.831512,24.019009,18.566563,-9.835594,-10.380604,-7.285098,30.781319,71.516190,2.526953,7.014030,2.455557
357.000000,2580.462891,2113.468262,78.512466,-0.534069,0.000161,45.453628,-5.361241,1.528813,6.959769,16.518913,-11.118036,0.826972,0.765553,-3.871523,-15.851282,10.758077,-10.568508,1.806782,-1.952599,0.632572,0.610556,-5.893336,12.225090,-41.659779,72.834320,24.016491,18.570684,-9.836921,-10.383120,-7.288334,30.779409,71.516541,2.525149,7.016144,2.458514
358.000000,2580.464355,2113.473145,78.511635,-0.537476,0.004215,45.448652,-5.366119,1.531690,6.964044,16.531099,-11.126426,0.826645,0.763959,-3.869184,-15.847464,10.757356,-10.569647,1.806473,-1.956053,0.636274,0.611174,-5.894572,12.223703,-41.659550,72.834999,24.017374,18.572802,-9.838914,-10.384316,-7.289314,30.778654,71.515915,2.524105,7.017284,2.459591
359.000000,2580.467529,2113.476807,78.511078,-0.541349,0.007676,45.466981,-5.376770,1.530709,6.943987,16.546837,-11.133375,0.823694,0.768318,-3.866579,-15.861662,10.755622,-10.573326,1.805047,-1.959222,0.636997,0.612935,-5.896008,12.224019,-41.658955,72.834076,24.019274,18.573753,-9.840639,-10.385198,-7.289017,30.780140,71.514061,2.523288,7.019260,2.459810
360.000000,2580.472412,2113.479004,78.511627,-0.541183,0.011706,45.502674,-5.378822,1.519676,6.902991,16.536230,-11.125178,0.819285,0.779788,-3.868526,-15.892968,10.750168,-10.576397,1.803836,-1.961611,0.634684,0.615801,-5.895089,12.225361,-41.659676,72.831497,24.017933,18.573378,-9.840684,-10.385277,-7.287790,30.783674,71.511192,2.525960,7.020858,2.458849
361.000000,2580.477539,2113.480469,78.513596,-0.533586,0.017938,45.529915,-5.368518,1.501186,6.871261,16.493866,-11.100190,0.818100,0.788020,-3.877334,-15.918891,10.742865,-10.576861,1.804800,-1.958723,0.629096,0.618554,-5.891998,12.226813,-41.660980,72.828720,24.013041,18.572550,-9.839278,-10.385284,-7.286221,30.787025,71.509499,2.530961,7.021400,2.457916
362.000000,2580.481689,2113.481689,78.516617,-0.522709,0.026054,45.531659,-5.343565,1.485754,6.874584,16.426188,-11.066250,0.819843,0.788125,-3.886459,-15.918049,10.729839,-10.569153,1.807640,-1.955675,0.626096,0.620852,-5.886378,12.227141,-41.663094,72.826431,24.005529,18.572376,-9.837998,-10.385831,-7.285667,30.788227,71.508705,2.537374,7.019714,2.457233
363.000000,2580.484863,2113.481934,78.518089,-0.516063,0.033252,45.522908,-5.332525,1.480084,6.888649,16.392551,-11.049406,0.823299,0.783517,-3.890231,-15.909238,10.719687,-10.562725,1.810293,-1.955223,0.626881,0.623351,-5.884817,12.227018,-41.664284,72.825241,24.001423,18.572458,-9.839293,-10.386927,-7.286082,30.787891,71.508797,2.540685,7.016175,2.456626
364.000000,2580.487793,2113.482178,78.518066,-0.513390,0.038137,45.509304,-5.333490,1.482646,6.904783,16.392574,-11.051263,0.826655,0.777749,-3.889369,-15.899177,10.716766,-10.562270,1.812268,-1.955710,0.628191,0.624078,-5.885913,12.226915,-41.664055,72.825180,24.002148,18.572714,-9.842374,-10.388041,-7.286487,30.786716,71.509941,2.541019,7.013236,2.456456
365.000000,2580.490234,2113.483154,78.517548,-0.513613,0.042067,45.493413,-5.335456,1.487425,6.918626,16.397833,-11.057343,0.828069,0.772869,-3.886719,-15.890594,10.715929,-10.563032,1.813051,-1.956379,0.628973,0.623182,-5.887282,12.226844,-41.663544,72.825676,24.004616,18.573017,-9.845576,-10.388703,-7.286672,30.785591,71.511040,2.540639,7.011545,2.456536
366.000000,2580.492188,2113.484619,78.516815,-0.515877,0.044863,45.477624,-5.338436,1.494593,6.933116,16.408255,-11.067694,0.828254,0.768486,-3.882115,-15.881465,10.715469,-10.564178,1.812943,-1.957029,0.629382,0.621472,-5.888963,12.226825,-41.662727,72.826706,24.008295,18.573298,-9.849354,-10.389165,-7.286677,30.784353,71.512238,2.540194,7.010550,2.456743
367.000000,2580.493652,2113.487305,78.515961,-0.519075,0.047183,45.461921,-5.342632,1.504197,6.950788,16.424826,-11.083285,0.827717,0.764167,-3.875770,-15.870205,10.714818,-10.565650,1.812233,-1.957547,0.629439,0.619026,-5.891031,12.226804,-41.661533,72.828529,24.013197,18.573494,-9.854166,-10.389540,-7.286551,30.782787,71.513824,2.539974,7.010126,2.457034
368.000000,2580.495605,2113.489258,78.516754,-0.494652,0.043101,45.381399,-5.296025,1.500930,7.019240,16.361944,-11.066415,0.825138,0.710482,-3.894895,-15.803637,10.805660,-10.601048,1.803949,-1.913839,0.606296,0.618379,-5.894367,12.240732,-41.741276,72.833237,24.147432,18.559320,-9.858093,-10.389781,-7.293021,30.805344,71.494431,2.608100,7.027039,2.454794
369.000000,2580.495361,2113.487305,78.516014,-0.465989,0.029201,45.279003,-5.213067,1.489771,7.121984,16.254099,-11.029112,0.819236,0.597428,-3.939663,-15.695601,11.023326,-10.681155,1.780916,-1.853230,0.574353,0.625906,-5.895108,12.295448,-42.055656,72.862663,24.428305,18.467930,-9.891139,-10.397250,-7.328971,30.913527,71.451256,2.905478,7.056626,2.449828
370.000000,2580.488525,2113.477051,78.511307,-0.440894,0.018681,45.157060,-5.167951,1.497069,7.241871,16.227730,-11.026839,0.814070,0.432167,-3.986104,-15.568370,11.331003,-10.792526,1.754020,-1.752389,0.571033,0.662764,-5.889185,12.436486,-42.389408,72.877129,24.469810,18.251684,-10.001868,-10.423703,-7.429778,31.132715,71.442589,3.399611,7.050897,2.442796
371.000000,2580.479248,2113.459229,78.505119,-0.406692,0.021125,45.038768,-5.159092,1.498667,7.345341,16.219221,-11.025774,0.811346,0.249817,-4.038344,-15.463515,11.633531,-10.906479,1.737770,-1.646263,0.572760,0.694017,-5.876891,12.612703,-42.653301,72.886925,24.430876,18.055058,-10.123573,-10.446084,-7.561376,31.387609,71.431358,3.838673,7.032778,2.422206
372.000000,2580.469482,2113.435547,78.498581,-0.365861,0.026793,44.950913,-5.160141,1.486077,7.449875,16.203604,-11.014016,0.807101,0.011892,-4.119008,-15.362779,12.027782,-11.062383,1.723632,-1.495724,0.572816,0.731251,-5.871988,12.855038,-43.004368,72.908112,24.301891,17.881189,-10.280055,-10.453006,-7.773594,31.823837,71.363998,4.448509,6.993094,2.367183
373.000000,2580.466309,2113.413818,78.493706,-0.322494,0.006327,44.920079,-5.130307,1.454491,7.488394,16.163349,-10.990572,0.805914,-0.118289,-4.195218,-15.338530,12.298683,-11.185833,1.720046,-1.377227,0.574268,0.762796,-5.849676,13.067074,-43.177910,72.913628,24.131105,17.782087,-10.418919,-10.415059,-7.982900,32.209572,71.228996,5.048098,6.977777,2.291278
374.000000,2580.471680,2113.403076,78.489143,-0.291609,-0.019827,44.967650,-5.102765,1.413637,7.450282,16.145628,-10.979286,0.807539,-0.151028,-4.260239,-15.398298,12.454065,-11.281323,1.722661,-1.298801,0.602397,0.745000,-5.767424,13.270390,-43.196053,72.867905,23.992302,17.674156,-10.518783,-10.295991,-8.208526,32.556141,71.032303,5.579525,6.961839,2.191018
375.000000,2580.483398,2113.404297,78.486053,-0.274336,-0.089096,45.021156,-5.019616,1.379936,7.394850,16.135994,-10.989134,0.807226,-0.067732,-4.303114,-15.478598,12.501133,-11.345085,1.732675,-1.211974,0.671057,0.714109,-5.615000,13.487328,-43.200439,72.757820,23.933407,17.548250,-10.569596,-10.135626,-8.449713,32.855469,70.873421,6.079949,6.881552,2.051146
376.000000,2580.502197,2113.416504,78.486160,-0.256787,-0.194603,45.049676,-4.895096,1.360018,7.375996,16.093075,-10.994890,0.803744,0.058699,-4.320021,-15.513982,12.470698,-11.366826,1.743673,-1.136410,0.728933,0.690532,-5.464804,13.633807,-43.201435,72.650017,23.920732,17.470999,-10.579144,-10.027275,-8.601714,33.014744,70.844833,6.409314,6.798868,1.931152
377.000000,2580.523926,2113.433594,78.488297,-0.234200,-0.299582,45.073433,-4.699192,1.322946,7.352968,15.987736,-10.982170,0.797099,0.241880,-4.346909,-15.556886,12.411747,-11.387757,1.759059,-1.061311,0.797302,0.642131,-5.220575,13.818115,-43.203300,72.464157,23.908646,17.383179,-10.586505,-9.872391,-8.799178,33.211769,70.819290,6.822155,6.681570,1.747099
378.000000,2580.544434,2113.451660,78.490952,-0.218478,-0.426683,45.096186,-4.485597,1.287379,7.326659,15.879289,-10.967198,0.790963,0.454452,-4.367983,-15.602382,12.326627,-11.396710,1.774760,-1.004855,0.861683,0.615633,-4.977972,13.967656,-43.204292,72.280968,23.896276,17.300837,-10.592222,-9.720598,-8.989667,33.386024,70.806839,7.248329,6.555502,1.538339
379.000000,2580.567627,2113.473633,78.493904,-0.208627,-0.581188,45.122384,-4.245461,1.262210,7.296219,15.787082,-10.965743,0.784788,0.719076,-4.370523,-15.639836,12.197223,-11.387274,1.791184,-0.953930,0.926845,0.625858,-4.745925,14.062073,-43.204227,72.108551,23.850029,17.242420,-10.596127,-9.568104,-9.144958,33.488316,70.803123,7.728304,6.413050,1.298820
380.000000,2580.595703,2113.499756,78.496613,-0.197288,-0.726018,45.146566,-3.977264,1.229052,7.250606,15.672679,-10.963569,0.776375,1.007334,-4.372125,-15.671294,12.055308,-11.378825,1.809857,-0.935901,0.988024,0.613314,-4.445524,14.135803,-43.205494,71.877785,23.720156,17.206102,-10.602428,-9.393319,-9.261395,33.550972,70.785698,8.186696,6.228270,1.018332
381.000000,2580.629150,2113.523438,78.501076,-0.162575,-0.844053,45.133848,-3.738480,1.189678,7.239542,15.514937,-10.932743,0.768964,1.199171,-4.390716,-15.669559,11.988470,-11.391710,1.823886,-0.899911,1.007503,0.577195,-4.179425,14.185410,-43.205322,71.634796,23.591261,17.187744,-10.621079,-9.245122,-9.318727,33.642891,70.759903,8.483968,6.084542,0.756957
382.000000,2580.667969,2113.536865,78.508972,-0.102021,-0.881550,45.124877,-3.464986,1.110265,7.245763,15.184849,-10.813519,0.756597,1.317634,-4.449363,-15.656981,11.974499,-11.434717,1.836895,-0.808037,0.958491,0.469061,-3.868475,14.264312,-43.188454,71.231346,23.423174,17.173607,-10.655508,-9.058182,-9.338304,33.872837,70.746536,8.739695,5.893538,0.396973
383.000000,2580.696289,2113.531006,78.514389,-0.063021,-0.837748,45.250943,-3.427410,1.031400,7.125233,14.992721,-10.703361,0.746526,1.328735,-4.505011,-15.775445,11.951358,-11.465795,1.846226,-0.765379,0.885086,0.352063,-3.725967,14.295980,-43.044495,70.925423,23.336443,17.066710,-10.664890,-8.904862,-9.357509,34.065872,70.733475,8.950615,5.677057,0.165881
384.000000,2580.711914,2113.513672,78.517845,-0.039723,-0.802454,45.380875,-3.456904,0.977106,6.980077,14.909775,-10.628483,0.737994,1.330508,-4.538719,-15.905457,11.929177,-11.480082,1.850047,-0.691829,0.820585,0.340986,-3.714526,14.287622,-42.760384,70.721436,23.319675,16.850321,-10.667585,-8.791874,-9.408421,34.114712,70.694771,9.075113,5.480310,0.086436
385.000000,2580.728516,2113.502197,78.520195,-0.028279,-0.768958,45.489065,-3.495268,0.938472,6.839520,14.861110,-10.575562,0.725502,1.337193,-4.554294,-16.013483,11.893484,-11.484532,1.851459,-0.571156,0.760839,0.341023,-3.717228,14.240849,-42.399345,70.596741,23.304773,16.567715,-10.666395,-8.632672,-9.505481,34.134239,70.587471,9.103682,5.283132,0.067259
386.000000,2580.747559,2113.496582,78.519371,-0.010128,-0.746011,45.595917,-3.521183,0.905742,6.738369,14.843278,-10.550881,0.717862,1.334120,-4.577491,-16.093861,11.908237,-11.512122,1.853453,-0.484588,0.709830,0.342152,-3.726710,14.185323,-42.176956,70.570503,23.298563,16.376123,-10.665021,-8.505698,-9.599868,34.160191,70.507530,9.129506,5.118661,0.064245
387.000000,2580.769531,2113.500488,78.514656,0.011805,-0.743619,45.661725,-3.529308,0.861831,6.636770,14.842957,-10.547170,0.711540,1.316813,-4.625103,-16.172165,12.009477,-11.594988,1.857660,-0.324438,0.626796,0.343746,-3.741989,14.101218,-41.987904,70.561920,23.298454,16.174360,-10.663173,-8.353733,-9.751465,34.220119,70.464050,9.196514,4.895469,0.062403
388.000000,2580.791748,2113.519775,78.507652,0.020898,-0.764912,45.684905,-3.506742,0.838707,6.584410,14.883702,-10.591274,0.707951,1.320161,-4.657749,-16.192362,12.118939,-11.681003,1.865223,-0.100922,0.568634,0.343914,-3.745842,13.989782,-41.903858,70.556557,23.299156,16.034132,-10.660825,-8.180855,-9.985560,34.362846,70.452980,9.220525,4.803604,0.059251
389.000000,2580.814697,2113.551025,78.498428,0.012394,-0.808942,45.692474,-3.475121,0.839088,6.552447,14.984739,-10.683185,0.703716,1.366021,-4.666968,-16.193853,12.190460,-11.749542,1.875513,0.124372,0.546564,0.344919,-3.741880,13.863519,-41.855194,70.549629,23.304132,15.949708,-10.660086,-7.965703,-10.279970,34.457642,70.353401,9.247511,4.731530,0.039609
390.000000,2580.839844,2113.584473,78.487144,0.010210,-0.854652,45.658660,-3.426607,0.851863,6.566353,15.112041,-10.805452,0.700667,1.398346,-4.681832,-16.168802,12.321520,-11.849327,1.888825,0.409975,0.530012,0.345821,-3.737283,13.778154,-41.700779,70.506691,23.375673,15.906905,-10.614130,-7.626039,-10.673715,34.586380,70.099625,9.241207,4.717925,-0.027590
391.000000,2580.863281,2113.616455,78.473236,0.023535,-0.876325,45.598524,-3.401392,0.855790,6.618067,15.205966,-10.903697,0.701108,1.347994,-4.721716,-16.126993,12.529354,-11.977705,1.901580,0.646223,0.509987,0.341268,-3.737047,13.774160,-41.479416,70.463219,23.423119,15.883551,-10.564057,-7.321616,-11.016885,34.695850,69.836182,9.251531,4.672349,-0.120023
392.000000,2580.885986,2113.647705,78.459290,0.055486,-0.913149,45.573134,-3.347051,0.828086,6.658897,15.290956,-11.007841,0.706082,1.288522,-4.807050,-16.104708,12.831089,-12.170373,1.927382,0.870964,0.475565,0.365408,-3.737305,13.786277,-41.256245,70.438217,23.438305,15.832930,-10.489103,-6.996144,-11.441015,34.913776,69.566444,9.292765,4.647391,-0.227294
393.000000,2580.909424,2113.677734,78.445824,0.119925,-0.934635,45.570406,-3.271383,0.746757,6.677972,15.271349,-11.046055,0.720152,1.196241,-4.943737,-16.104687,13.178195,-12.390590,1.970650,0.988751,0.405275,0.391431,-3.735664,13.818691,-41.235916,70.429199,23.428661,15.794412,-10.389471,-6.820268,-11.730230,35.180889,69.432129,9.464429,4.599740,-0.385217
394.000000,2580.936279,2113.710449,78.434029,0.206661,-0.948697,45.565984,-3.194738,0.666893,6.699632,15.196943,-11.043740,0.733412,1.115497,-5.064200,-16.102001,13.448407,-12.561983,2.008031,1.079259,0.331599,0.412756,-3.733971,13.855712,-41.231979,70.396370,23.416607,15.751032,-10.346100,-6.724443,-11.902637,35.443558,69.381844,9.528202,4.619211,-0.478439
395.000000,2580.969238,2113.748291,78.423294,0.305844,-0.950328,45.580122,-3.065076,0.533574,6.724930,15.036579,-11.013227,0.754384,1.000251,-5.250927,-16.102028,13.836288,-12.813750,2.062896,1.191109,0.198005,0.439089,-3.713188,13.958788,-41.227646,70.277733,23.397951,15.665779,-10.328081,-6.612644,-12.096548,35.786339,69.344177,9.548192,4.695023,-0.572433
396.000000,2581.004395,2113.795410,78.415543,0.395170,-0.965099,45.553142,-2.909974,0.410631,6.774914,14.841346,-10.973111,0.779741,0.919431,-5.415118,-16.077919,14.145506,-13.024288,2.115267,1.211900,0.060273,0.469473,-3.641668,14.107046,-41.226490,70.118538,23.351828,15.567885,-10.312488,-6.570453,-12.177391,35.860088,69.237427,9.621207,4.731559,-0.637705
397.000000,2581.037598,2113.865234,78.409805,0.456428,-0.978263,45.475617,-2.727114,0.323864,6.884289,14.660049,-10.966066,0.811550,0.900319,-5.530760,-15.999366,14.328602,-13.164648,2.172253,1.214393,-0.038393,0.484519,-3.572564,14.209950,-41.230392,69.999443,23.234629,15.477364,-10.279981,-6.536332,-12.269678,35.967514,69.079269,9.662933,4.735918,-0.732924
398.000000,2581.067139,2113.952637,78.402313,0.487208,-0.982713,45.356620,-2.569637,0.273077,7.027389,14.551970,-11.011234,0.844196,0.900732,-5.606086,-15.885550,14.443791,-13.265674,2.225169,1.220103,-0.097093,0.483511,-3.519214,14.274048,-41.235161,69.933876,23.157940,15.423850,-10.231212,-6.478331,-12.392672,36.089981,68.924202,9.672074,4.734364,-0.863634
399.000000,2581.089844,2114.051758,78.388123,0.492927,-0.961740,45.224369,-2.499117,0.257587,7.184056,14.592941,-11.138787,0.880060,0.867155,-5.655130,-15.751486,14.572689,-13.368340,2.271684,1.230610,-0.117454,0.472941,-3.436421,14.358981,-41.236252,69.775627,23.145060,15.372190,-10.191010,-6.367356,-12.540605,36.110600,68.718895,9.589434,4.732615,-1.034446
400.000000,2581.103516,2114.158936,78.363518,0.519916,-0.931263,45.095694,-2.492124,0.220181,7.345450,14.737070,-11.329148,0.925469,0.721599,-5.758234,-15.601784,14.909389,-13.575090,2.323158,1.228858,-0.130346,0.471465,-3.329880,14.481209,-41.236458,69.527893,23.146557,15.299095,-10.160707,-6.191292,-12.780582,36.107494,68.353523,9.355316,4.728168,-1.229620
401.000000,2581.113281,2114.273438,78.327057,0.605982,-0.920883,44.904343,-2.424132,0.111350,7.559975,14.818846,-11.508466,0.978790,0.419181,-5.979602,-15.385592,15.615760,-13.958315,2.383083,1.253183,-0.179065,0.513084,-3.229823,14.601135,-41.236233,69.304802,23.148426,15.177239,-10.086125,-6.051531,-13.057108,36.101772,67.940559,9.137912,4.721062,-1.445017
402.000000,2581.133545,2114.392578,78.286072,0.694372,-0.913218,44.778423,-2.367865,-0.016264,7.736348,14.945054,-11.712545,1.039127,0.124154,-6.230636,-15.226726,16.371897,-14.374561,2.460498,1.264498,-0.228593,0.538784,-3.129092,14.729852,-41.234749,69.083176,23.147909,15.043164,-10.028650,-5.909178,-13.333338,36.104908,67.648384,8.894531,4.717750,-1.760386
403.000000,2581.165771,2114.500732,78.242310,0.803052,-0.882499,44.666151,-2.346506,-0.156665,7.894836,15.081259,-11.914719,1.098652,-0.284194,-6.529951,-15.146174,17.327341,-14.834867,2.540493,1.238686,-0.320630,0.533964,-3.021635,14.908195,-41.235233,68.833572,23.131163,14.888524,-10.006658,-5.800381,-13.545535,36.087742,67.297523,8.773681,4.721156,-2.171530
404.000000,2581.208984,2114.594238,78.200676,0.927164,-0.874257,44.543031,-2.270719,-0.300772,8.043212,15.141224,-12.071674,1.141238,-0.777471,-6.883101,-15.232456,18.509005,-15.295144,2.604552,1.175348,-0.467190,0.563946,-2.957730,15.141524,-41.262524,68.551048,22.931301,14.702740,-9.958069,-5.714075,-13.710776,36.121765,66.893639,8.686160,4.738841,-2.625155
405.000000,2581.254150,2114.675049,78.171150,0.971081,-0.865956,44.393610,-2.230496,-0.349198,8.176454,15.226470,-12.217101,1.160949,-1.312178,-7.144094,-15.333550,19.693769,-15.590217,2.626429,1.094527,-0.555049,0.581900,-2.927294,15.370869,-41.341843,68.313232,22.656019,14.506763,-9.888873,-5.680940,-13.832786,36.145283,66.583054,8.666779,4.744126,-2.957743
406.000000,2581.299561,2114.750488,78.166130,0.856212,-0.898884,44.324532,-2.217418,-0.250269,8.215065,15.470436,-12.451530,1.175444,-2.104802,-7.352011,-15.467393,21.512396,-15.682689,2.631772,0.845151,-0.516625,0.657423,-2.936378,15.655489,-41.428040,67.953049,22.254509,14.151429,-9.773286,-5.694577,-14.002011,36.147030,66.273003,8.652043,4.742692,-3.331416
407.000000,2581.360840,2114.820068,78.190842,0.621979,-0.976003,44.331380,-2.153638,0.004249,8.117331,15.719560,-12.681211,1.172229,-2.987212,-7.452557,-15.681193,23.644747,-15.410941,2.615238,0.566068,-0.359646,0.772025,-3.033075,15.916898,-41.480492,67.630974,22.092222,13.780164,-9.679858,-5.699887,-14.151530,36.129997,66.097984,8.607098,4.739722,-3.687188
408.000000,2581.449463,2114.876465,78.229546,0.392194,-0.992179,44.323067,-2.048704,0.284473,7.979087,15.776269,-12.804739,1.137674,-4.046452,-7.557650,-15.893931,26.008930,-14.893592,2.550885,0.314011,-0.260299,0.765590,-3.182106,16.156704,-41.479198,67.345085,22.065800,13.313921,-9.564440,-5.709833,-14.255905,35.715439,65.836037,8.593657,4.699027,-3.780620
409.000000,2581.562988,2114.904297,78.260750,0.157424,-0.938223,44.275816,-2.043622,0.601857,7.874018,15.875858,-12.932021,1.035572,-5.218816,-7.621399,-15.999243,28.348454,-14.292303,2.379075,0.159504,-0.224247,0.689830,-3.436480,16.350035,-41.474796,67.189194,21.994514,12.822773,-9.408519,-5.763806,-14.330340,35.405594,65.526825,8.461374,4.657116,-4.007356
410.000000,2581.717041,2114.904785,78.298935,-0.170049,-0.802122,44.172514,-2.186372,1.136058,7.741698,16.147209,-13.160676,0.831331,-6.275184,-7.088218,-15.664258,29.245649,-14.587241,1.897533,0.067884,-0.106817,0.565254,-3.784266,16.491205,-41.465065,67.118629,21.779785,12.346539,-9.118726,-5.802191,-14.353140,35.294064,65.303734,8.316961,4.558978,-4.412208
411.000000,2581.906250,2114.853760,78.329643,-0.452228,-0.705659,44.015635,-2.293067,1.659206,7.653748,16.393560,-13.375619,0.594464,-7.294292,-6.305693,-15.322441,28.088797,-14.737001,1.413364,-0.028713,-0.045501,0.616795,-4.141801,16.640650,-41.452438,66.936531,21.426697,12.030065,-8.774211,-5.883337,-14.344068,35.281639,65.102272,8.370893,4.419088,-4.769951
412.000000,2582.116455,2114.766602,78.348976,-0.771674,-0.707902,43.980949,-2.395486,2.096314,7.488206,16.747736,-13.617287,0.394927,-8.057434,-5.617062,-15.073842,26.417271,-14.172940,0.970664,-0.220997,0.058836,0.808861,-4.420584,16.733944,-41.452320,66.708405,21.100967,11.881440,-8.515873,-5.949605,-14.338028,35.251198,64.932411,8.424928,4.327373,-5.021092
413.000000,2582.369629,2114.664307,78.340355,-1.033624,-0.796678,43.944556,-2.500924,2.694652,7.259037,17.384165,-14.045328,0.105422,-9.113420,-4.701034,-14.623615,23.699873,-12.384549,0.385887,-0.484577,0.228899,1.169244,-4.750871,16.785118,-41.350174,66.347481,20.784027,11.769469,-8.215357,-5.984988,-14.336848,34.945316,64.635201,8.442234,4.206989,-5.238795
414.000000,2582.686523,2114.564697,78.269867,-1.130001,-0.954599,43.921084,-2.584937,3.155055,7.121190,18.214468,-14.617074,-0.196318,-10.124249,-4.099187,-14.096852,21.013805,-9.344425,-0.005511,-0.721422,0.272192,1.465945,-4.877716,16.829515,-41.060986,65.892670,20.742783,11.660524,-7.989357,-6.028782,-14.351000,34.346569,64.235863,8.442394,4.015444,-5.280984
415.000000,2583.071777,2114.491943,78.121216,-1.071933,-1.225249,44.049852,-2.686315,3.453197,6.906127,19.505987,-15.500985,-0.533587,-10.918567,-3.885390,-13.557960,18.314493,-4.771003,-0.200143,-0.975689,0.187374,1.681472,-4.906846,16.882532,-40.806473,65.488876,20.683756,11.460796,-7.761068,-6.038693,-14.362200,34.029968,63.907822,8.461636,3.760527,-5.448463
416.000000,2583.520508,2114.491455,77.958420,-1.203657,-1.441232,44.469931,-2.970978,3.863135,6.399716,21.225241,-16.650560,-0.884858,-10.959517,-3.609078,-13.549695,17.221741,-3.516550,-0.383055,-1.325834,0.409488,1.585990,-4.807031,16.766375,-40.735889,65.359856,20.591082,11.288772,-7.472647,-5.951608,-14.383643,33.818882,63.841808,8.531490,3.460408,-5.741015
417.000000,2583.976562,2114.585938,77.858559,-1.798417,-1.428576,44.907396,-3.545421,4.741040,5.703035,23.065845,-17.904024,-1.277652,-10.380678,-2.916722,-14.251768,16.805405,-3.962588,-0.588047,-1.697178,1.362436,1.015823,-4.446503,16.423611,-40.733345,65.317459,20.572557,11.269511,-7.108436,-5.694671,-14.566897,33.636417,63.857742,8.560613,3.275648,-6.019535
418.000000,2584.423096,2114.716064,77.807739,-2.471700,-1.438997,45.140208,-3.837489,5.780854,5.199651,24.382988,-18.920443,-1.682690,-9.695106,-1.976337,-14.860862,16.342365,-4.477703,-0.865206,-1.853194,2.600421,0.426101,-3.981313,15.995590,-40.740139,65.201210,20.596058,11.268236,-6.925014,-5.423908,-14.861968,33.537651,63.877796,8.564115,3.206554,-6.241890
419.000000,2584.857910,2114.822266,77.751389,-2.907189,-1.576231,45.317230,-3.771550,6.509719,4.860722,25.201429,-19.649130,-2.054082,-9.132640,-1.340511,-15.263371,16.334730,-5.131413,-1.118748,-1.978865,3.481082,0.088802,-3.589301,15.738998,-40.760315,65.031273,20.617079,11.270029,-6.852785,-5.256553,-15.108098,33.477291,63.861610,8.502026,3.120548,-6.356605
420.000000,2585.267334,2114.897461,77.691093,-3.172266,-1.832860,45.505866,-3.540683,6.963278,4.622752,25.681765,-20.128672,-2.352646,-8.691020,-0.976410,-15.539134,16.563675,-5.746447,-1.317872,-2.090987,4.008337,-0.005480,-3.342003,15.630747,-40.776142,64.882561,20.626406,11.269554,-6.797935,-5.156540,-15.294261,33.453396,63.808369,8.470229,2.970313,-6.431430
421.000000,2585.666748,2114.960938,77.628799,-3.449190,-2.103629,45.742222,-3.216460,7.488451,4.327106,26.234324,-20.667683,-2.729234,-8.111015,-0.564437,-15.883732,16.841698,-6.433390,-1.548575,-2.191945,4.561908,0.014706,-3.144387,15.564587,-40.779987,64.737206,20.630569,11.266776,-6.702892,-5.014330,-15.527210,33.412159,63.738945,8.467764,2.669169,-6.568479
422.000000,2586.040771,2115.006104,77.570312,-3.726114,-2.309096,45.982102,-3.082966,8.065947,4.105968,26.943052,-21.155344,-3.111243,-7.548666,-0.103779,-16.232216,16.917696,-6.935685,-1.758469,-2.205702,5.071022,0.052230,-3.052935,15.534667,-40.779804,64.637161,20.626331,11.264942,-6.561544,-4.857160,-15.767399,33.403419,63.690834,8.586739,2.287367,-6.714584
423.000000,2586.387451,2115.028564,77.521606,-3.953084,-2.442630,46.327513,-3.248262,8.684175,4.254822,27.953108,-21.502073,-3.531141,-7.066121,0.277319,-16.626770,16.960218,-7.376492,-1.938153,-2.240963,5.462362,0.147188,-3.053075,15.511545,-40.732159,64.583252,20.623632,11.265017,-6.344843,-4.719013,-15.977608,33.360695,63.684258,8.927111,1.874245,-6.889006
424.000000,2586.707764,2115.036865,77.512589,-3.962440,-2.550866,46.587302,-3.566858,9.102656,4.589499,29.074194,-21.446033,-3.777413,-6.675385,0.446111,-16.905394,17.014458,-7.762337,-2.050047,-2.177646,5.608458,0.295626,-3.090715,15.485597,-40.596836,64.539719,20.622192,11.265377,-6.070598,-4.543488,-16.139336,33.302612,63.685890,9.271744,1.515723,-7.126060
425.000000,2587.025635,2115.043945,77.568970,-3.724933,-2.597448,46.686590,-3.965720,9.207909,4.918475,30.245319,-20.782784,-3.853144,-6.330202,0.396234,-16.940144,16.957952,-8.030363,-2.118096,-1.893636,5.453974,0.429070,-3.107294,15.474218,-40.525074,64.532463,20.662144,11.267190,-5.708797,-4.331017,-16.248436,33.355824,63.691311,9.557971,1.252230,-7.453496
426.000000,2587.333496,2115.059082,77.675919,-3.362706,-2.551817,46.764677,-4.462217,9.109281,5.197375,31.328453,-19.708784,-3.932477,-6.005106,0.213392,-16.887281,16.644005,-8.101630,-2.177427,-1.609530,5.134360,0.483227,-3.016516,15.473601,-40.481350,64.533363,20.755489,11.273167,-5.375271,-4.122760,-16.306776,33.480389,63.697166,9.751713,1.125413,-7.765803
427.000000,2587.630371,2115.089844,77.793571,-3.036253,-2.458565,46.850259,-4.845273,8.978188,5.413715,32.036636,-18.607170,-4.013423,-5.643443,0.051507,-16.864683,16.121964,-8.040889,-2.249631,-1.392760,4.866846,0.487971,-2.877471,15.543653,-40.106087,64.445587,20.798435,11.295950,-4.944012,-3.920527,-16.339163,33.568188,63.706257,9.872240,1.019339,-8.054681
428.000000,2587.914062,2115.132812,77.895340,-2.795113,-2.331260,46.965003,-5.018001,8.902573,5.596328,32.261036,-17.766804,-4.097005,-5.278295,-0.022928,-16.898468,15.510061,-7.922568,-2.312800,-1.309615,4.712896,0.479770,-2.724304,15.675534,-39.827751,64.324394,20.858849,11.328374,-4.681626,-3.787316,-16.348969,33.710945,63.727200,9.914809,0.925177,-8.322499
429.000000,2588.173584,2115.184814,77.980827,-2.569689,-2.188944,47.108789,-5.022573,8.781536,5.678135,32.113697,-17.168648,-4.155920,-4.983694,-0.103118,-16.947908,14.993546,-7.842533,-2.347868,-1.319275,4.586515,0.502290,-2.597701,15.767060,-39.717304,64.287407,20.924614,11.370547,-4.518953,-3.741911,-16.346148,33.899521,63.820145,10.081423,0.751518,-8.542865
430.000000,2588.405518,2115.256836,78.057434,-2.348659,-2.032132,47.229674,-4.809688,8.573121,5.725724,31.519463,-16.696909,-4.195250,-4.726960,-0.218455,-16.953514,14.516598,-7.784857,-2.360673,-1.313956,4.444024,0.540313,-2.462644,15.783351,-39.675999,64.284630,20.967211,11.437206,-4.318756,-3.716253,-16.349627,34.099407,64.009300,10.493648,0.514662,-8.736430
431.000000,2588.603516,2115.347168,78.132507,-2.086479,-1.782207,47.313893,-4.508823,8.337507,5.808569,30.602394,-16.749239,-4.201039,-4.670969,-0.357408,-16.893036,14.273612,-7.766736,-2.347162,-1.284223,4.296177,0.520262,-2.335415,15.751621,-39.670486,64.292114,21.016441,11.468439,-4.162988,-3.689819,-16.346081,34.196064,64.162674,10.682754,0.349194,-8.838400
432.000000,2588.749268,2115.439453,78.202271,-1.836415,-1.467565,47.498049,-4.228277,7.937607,5.894976,28.646214,-16.532980,-4.202779,-4.735532,-0.613818,-16.884193,14.022447,-7.751659,-2.290206,-1.347327,4.071153,0.481126,-2.184758,15.672584,-39.647408,64.314117,21.135382,11.493557,-3.953930,-3.672543,-16.356731,34.210918,64.349922,10.717533,0.143861,-8.989596
433.000000,2588.831787,2115.529541,78.257439,-1.659159,-1.213396,47.714247,-4.196529,7.557297,5.949778,26.357075,-15.880960,-4.210350,-4.792448,-0.852133,-16.902044,13.794300,-7.716208,-2.200818,-1.350641,3.882515,0.593630,-2.180959,15.636655,-39.528732,64.330254,21.218611,11.538562,-3.684781,-3.683836,-16.428261,34.189728,64.529312,10.699678,-0.012155,-9.200829
434.000000,2588.868408,2115.640381,78.305229,-1.514243,-1.040225,47.905863,-4.386675,7.238738,6.052862,24.418123,-15.202014,-4.108236,-4.784323,-1.067415,-16.907267,13.605290,-7.681512,-2.074915,-1.319155,3.733819,0.812074,-2.227436,15.645423,-39.383232,64.335487,21.235294,11.556096,-3.400604,-3.727966,-16.517380,34.112648,64.702293,10.640392,-0.105732,-9.404600
435.000000,2588.883301,2115.792969,78.343491,-1.413633,-0.923779,48.042194,-4.669276,6.955244,6.149236,22.710203,-14.534265,-4.059344,-4.724100,-1.280995,-16.878557,13.445275,-7.671175,-1.894757,-1.284447,3.600230,0.997732,-2.207391,15.652110,-39.325100,64.342903,21.242422,11.580827,-3.113064,-3.757946,-16.610552,34.069458,64.903831,10.626047,-0.141505,-9.587330
436.000000,2588.901611,2116.003418,78.370773,-1.374664,-0.800718,48.005553,-4.692343,6.875796,6.714749,21.669714,-13.558000,-3.935776,-4.659122,-1.414123,-16.740961,13.307005,-7.670508,-1.702348,-1.186568,3.515954,0.955608,-2.076476,15.669609,-39.296238,64.393112,21.241846,11.642420,-2.831879,-3.695330,-16.673540,34.045906,65.105919,10.634159,-0.146838,-9.727386
437.000000,2588.928711,2116.262451,78.393028,-1.381219,-0.626687,47.914777,-4.384408,6.785892,7.124275,21.005289,-13.670012,-3.827428,-4.609288,-1.491749,-16.554321,13.124204,-7.656796,-1.504330,-1.147035,3.460301,0.667822,-1.757175,15.659318,-39.313911,64.454590,21.241890,11.724260,-2.687484,-3.534189,-16.717838,34.042633,65.275864,10.586891,-0.147823,-9.799430
438.000000,2588.932617,2116.517822,78.399506,-1.450029,-0.518821,47.838256,-3.958117,6.722994,7.415384,20.288130,-13.940335,-3.655609,-4.514960,-1.514997,-16.432734,12.945431,-7.645696,-1.323439,-1.177287,3.450327,0.404287,-1.481692,15.615120,-39.335815,64.508194,21.239807,11.793505,-2.578865,-3.324479,-16.812071,34.037403,65.344521,10.427847,-0.164887,-9.831544
439.000000,2588.903320,2116.748047,78.398079,-1.532513,-0.545850,47.712246,-3.447354,6.695788,7.757137,19.661392,-14.153996,-3.506294,-4.341730,-1.517390,-16.282719,12.826482,-7.635458,-1.176604,-1.164771,3.414391,0.375879,-1.396002,15.543427,-39.338322,64.625092,21.229977,11.815120,-2.456032,-3.212841,-16.919352,34.029423,65.354088,10.214561,-0.218593,-9.869176
440.000000,2588.858398,2116.951660,78.395554,-1.591444,-0.610196,47.571426,-2.828035,6.647196,8.194235,18.900963,-14.296852,-3.358494,-4.165441,-1.549225,-16.112888,12.771420,-7.640118,-1.033123,-1.139302,3.303259,0.427707,-1.399683,15.455011,-39.337006,64.801300,21.221897,11.818313,-2.291918,-3.089130,-17.025707,34.027500,65.360970,9.911023,-0.243738,-9.882192
441.000000,2588.805908,2117.132324,78.394371,-1.607013,-0.672872,47.350993,-2.232126,6.572771,8.660102,18.098164,-14.329012,-3.237319,-4.101537,-1.609374,-15.904122,12.835232,-7.674856,-0.923984,-1.039562,3.136771,0.476016,-1.430756,15.374965,-39.335091,64.950699,21.221739,11.816161,-2.154940,-2.934977,-17.100878,34.028397,65.362923,9.794807,-0.290657,-9.909510
442.000000,2588.758789,2117.284912,78.419838,-1.498258,-0.739583,47.000649,-1.641733,6.400764,9.106738,17.319607,-14.168600,-3.083159,-4.065697,-1.735712,-15.584309,12.905034,-7.689868,-0.818597,-0.842639,2.844306,0.540460,-1.459907,15.323126,-39.333275,65.083923,21.222273,11.806533,-2.000613,-2.748274,-17.137705,34.059875,65.365005,9.755994,-0.342115,-9.962756
443.000000,2588.717773,2117.421631,78.455429,-1.397731,-0.784348,46.759144,-1.033655,6.160696,9.509168,16.474754,-13.872820,-2.939475,-3.964948,-1.880602,-15.237837,12.800194,-7.612663,-0.687514,-0.633546,2.487617,0.577596,-1.497248,15.312833,-39.331112,65.288132,21.223328,11.801661,-1.786224,-2.494430,-17.162958,34.157715,65.368011,9.662503,-0.381153,-10.029426
444.000000,2588.672607,2117.553711,78.490303,-1.320114,-0.824417,46.605179,-0.543924,5.923920,9.717616,15.723757,-13.613531,-2.785313,-3.790833,-2.003891,-15.049845,12.539597,-7.482219,-0.540356,-0.604606,2.195893,0.578709,-1.551593,15.300801,-39.347893,65.584053,21.220938,11.790957,-1.688841,-2.320148,-17.177393,34.291260,65.382500,9.503519,-0.407757,-10.118749
445.000000,2588.621826,2117.681396,78.516602,-1.283773,-0.868056,46.432069,-0.067149,5.715216,9.924012,15.045144,-13.418458,-2.617033,-3.577673,-2.086978,-14.841705,12.211311,-7.314235,-0.387948,-0.523907,1.948005,0.577414,-1.627403,15.250445,-39.386650,65.916611,21.217600,11.780106,-1.633881,-2.175287,-17.219862,34.623142,65.462914,9.319950,-0.407591,-10.168413
446.000000,2588.557129,2117.808594,78.535416,-1.274082,-0.888551,46.332766,0.252536,5.551232,10.052410,14.601956,-13.324849,-2.449333,-3.391003,-2.147920,-14.698102,11.897427,-7.150874,-0.250799,-0.452555,1.788776,0.571616,-1.709592,15.136267,-39.393406,66.244659,21.222069,11.768246,-1.574157,-2.087226,-17.238068,34.892303,65.640633,9.110618,-0.400703,-10.186037
447.000000,2588.475098,2117.932861,78.546364,-1.264879,-0.888914,46.193074,0.462214,5.392766,10.173911,14.300116,-13.278199,-2.284979,-3.318729,-2.232838,-14.550699,11.735945,-7.042064,-0.131363,-0.317924,1.663800,0.575419,-1.853913,15.011244,-39.395008,66.593483,21.222528,11.761205,-1.494140,-2.043357,-17.239014,35.141441,65.855103,8.926715,-0.374312,-10.227112
448.000000,2588.376709,2118.044434,78.547180,-1.260411,-0.826961,46.001021,0.497987,5.268446,10.357854,14.220036,-13.315942,-2.121684,-3.433659,-2.323219,-14.340313,11.754446,-6.978110,-0.021095,-0.066631,1.566464,0.568014,-2.013443,14.911119,-39.395126,66.835220,21.217527,11.750086,-1.466111,-2.031138,-17.236927,35.428463,66.010094,8.873733,-0.303812,-10.308587
449.000000,2588.262695,2118.151611,78.545036,-1.253126,-0.757207,45.863764,0.448808,5.135807,10.485909,14.232861,-13.370664,-1.958683,-3.596937,-2.445091,-14.186417,11.848348,-6.942653,0.102405,0.093455,1.483636,0.603211,-2.137093,14.880263,-39.393829,66.913132,21.213333,11.744860,-1.450248,-2.033458,-17.194199,35.597263,66.065964,8.864506,-0.229156,-10.395640
450.000000,2588.131104,2118.272705,78.542313,-1.223026,-0.639432,45.742436,0.368169,4.990454,10.572506,14.227327,-13.398455,-1.809613,-3.793739,-2.586439,-14.069540,11.983623,-6.939918,0.224941,0.132367,1.414501,0.592449,-2.178874,14.869036,-39.392853,66.927521,21.208460,11.741217,-1.414791,-2.049178,-17.160177,35.625385,66.081520,8.842568,-0.183419,-10.445241
451.000000,2587.983398,2118.407227,78.538879,-1.173135,-0.535253,45.446000,0.341942,4.780727,10.830416,14.123777,-13.409910,-1.612188,-4.116755,-2.780658,-13.772928,12.238222,-6.951179,0.395416,0.240816,1.340911,0.581916,-2.190692,14.846266,-39.391125,66.945671,21.188494,11.738973,-1.304998,-2.094795,-17.151888,35.638836,66.087006,8.724624,-0.143666,-10.532262
452.000000,2587.824463,2118.553223,78.531303,-1.105430,-0.466411,45.160576,0.392974,4.551119,11.180681,13.967266,-13.412503,-1.410765,-4.470970,-2.994980,-13.394478,12.592675,-7.006711,0.568156,0.405005,1.265682,0.587706,-2.191655,14.810296,-39.388954,66.975945,21.104763,11.736993,-1.169761,-2.137998,-17.149965,35.753044,66.101494,8.421441,-0.077115,-10.673841
453.000000,2587.662109,2118.701904,78.514709,-0.999748,-0.435866,45.016882,0.443327,4.239095,11.380846,13.846820,-13.411655,-1.176381,-4.837979,-3.331755,-13.158236,13.185545,-7.221621,0.757868,0.430273,1.126262,0.614566,-2.193941,14.814876,-39.390259,66.985229,20.915066,11.737123,-0.992600,-2.185582,-17.148046,36.117199,66.128700,8.116389,0.043215,-10.828147
454.000000,2587.489258,2118.851074,78.489204,-0.866855,-0.432791,44.982576,0.456632,3.885691,11.482598,13.800611,-13.425871,-0.929478,-5.231421,-3.747302,-13.016788,13.948512,-7.541886,0.962038,0.405849,0.928005,0.642669,-2.216317,14.821779,-39.390736,66.988594,20.700071,11.735395,-0.779027,-2.253269,-17.146362,36.468933,66.133064,7.998616,0.162726,-10.943429
455.000000,2587.314697,2119.001709,78.459061,-0.727142,-0.470561,45.028493,0.484236,3.465555,11.511787,13.780318,-13.450756,-0.654975,-5.625636,-4.260570,-12.944363,14.863891,-7.944769,1.210021,0.338660,0.665316,0.683006,-2.271406,14.821198,-39.386688,66.992897,20.597393,11.730135,-0.530683,-2.346862,-17.114773,36.742908,66.158493,7.645508,0.345656,-10.989848
456.000000,2587.138916,2119.154053,78.424843,-0.565197,-0.510968,45.067971,0.530318,3.036936,11.544783,13.742496,-13.467961,-0.394436,-6.015902,-4.781138,-12.857675,15.787317,-8.348546,1.461381,0.334856,0.350766,0.682360,-2.336256,14.836884,-39.349327,66.984688,20.576529,11.698694,-0.314025,-2.395419,-17.025120,36.909531,66.184929,7.115216,0.575274,-10.994248
457.000000,2586.958496,2119.304199,78.381363,-0.322444,-0.599952,45.003107,0.719848,2.518468,11.692033,13.541389,-13.420424,-0.120263,-6.506207,-5.388205,-12.638774,16.963467,-8.863347,1.717078,0.436410,-0.083943,0.698685,-2.390113,14.876129,-39.225391,66.974075,20.598648,11.617091,-0.124585,-2.448126,-16.883070,36.966511,66.184219,6.404569,0.809738,-10.977667
458.000000,2586.765625,2119.459473,78.324638,-0.038013,-0.696313,44.862981,0.934836,1.944624,11.931883,13.351012,-13.395344,0.183172,-7.099357,-6.054736,-12.301047,18.326244,-9.447184,1.992675,0.575266,-0.582450,0.688649,-2.397068,14.903558,-39.070820,66.969398,20.686670,11.526592,0.040691,-2.531540,-16.723520,36.974854,66.185135,5.637860,1.004267,-10.926981
459.000000,2586.549072,2119.618652,78.261215,0.225184,-0.781683,44.681319,1.040028,1.548419,12.138455,13.295951,-13.421988,0.410652,-7.549352,-6.517225,-12.031273,19.282419,-9.822824,2.199980,0.675823,-0.921633,0.662669,-2.397393,14.939151,-38.912758,66.958458,20.765276,11.506922,0.161216,-2.618557,-16.614143,36.977837,66.187866,5.120917,1.120997,-10.881793
460.000000,2586.310791,2119.770996,78.198723,0.459848,-0.886528,44.503343,1.154879,1.010566,12.421087,13.274001,-13.481346,0.724606,-8.209869,-7.178379,-11.772494,20.666040,-10.275194,2.468347,0.751900,-1.367236,0.658263,-2.403759,15.029562,-38.694443,66.910698,20.843420,11.451777,0.245794,-2.797711,-16.441841,36.982697,66.192787,4.344383,1.291070,-10.838622
461.000000,2586.065186,2119.913086,78.140900,0.677277,-0.985060,44.290849,1.285698,0.516896,12.729820,13.222205,-13.519897,1.014047,-9.009127,-7.886350,-11.847747,22.309511,-10.615892,2.618009,0.761260,-1.780080,0.676821,-2.411040,15.234631,-38.623440,66.898827,20.904184,11.380902,0.277043,-3.021872,-16.222933,36.984253,66.197441,3.505874,1.476997,-10.829718
462.000000,2585.808105,2120.048828,78.091797,0.883678,-1.110450,44.071391,1.458551,0.038282,13.046732,13.073571,-13.493913,1.309460,-9.986212,-8.672465,-12.167063,24.300226,-10.793304,2.685661,0.764909,-2.198987,0.720332,-2.402818,15.461012,-38.434132,66.896660,20.917156,11.275833,0.433297,-3.242221,-15.958270,36.979595,66.197044,2.677230,1.692356,-10.825746
463.000000,2585.550293,2120.182373,78.044823,1.103365,-1.280342,43.872862,1.731696,-0.470501,13.361198,12.812491,-13.410876,1.620164,-11.084928,-9.553665,-12.547290,26.626177,-10.818546,2.730167,0.815119,-2.640824,0.814141,-2.394476,15.664447,-38.282284,66.896187,20.928459,11.150241,0.690228,-3.436077,-15.725573,36.975224,66.133385,1.836401,1.948214,-10.795912
464.000000,2585.289795,2120.326172,77.991707,1.307331,-1.437236,43.735004,1.942386,-0.956059,13.601573,12.637094,-13.372250,1.909285,-12.211367,-10.422571,-12.803584,28.987379,-10.693340,2.805683,0.842468,-3.068634,0.839876,-2.357237,15.849470,-38.237686,66.897202,20.920944,11.015654,0.920362,-3.639111,-15.678118,36.971985,66.001846,1.148814,2.146636,-10.610281
465.000000,2585.039307,2120.476807,77.945122,1.426403,-1.643341,43.705597,2.147056,-1.380245,13.754476,12.596854,-13.405647,2.199018,-13.327873,-11.277048,-12.996387,31.471071,-10.316204,2.932818,0.830525,-3.423878,0.889205,-2.326918,16.018059,-38.231461,66.900818,20.762806,10.864564,1.136869,-3.888395,-15.674308,36.971691,65.961868,0.539298,2.353096,-10.472613
466.000000,2584.809814,2120.633301,77.902649,1.516352,-1.880162,43.746563,2.364957,-1.737611,13.829604,12.603397,-13.458606,2.455492,-14.278996,-12.110888,-13.312609,33.774391,-9.805577,2.990662,0.807992,-3.710850,0.940512,-2.310586,16.149796,-38.233574,66.904076,20.478140,10.726327,1.328185,-4.108497,-15.662833,36.959888,65.955032,0.207739,2.599170,-10.395034
467.000000,2584.608154,2120.788086,77.858391,1.617013,-2.107293,43.801405,2.532958,-1.999445,13.880997,12.604649,-13.494781,2.630737,-14.946337,-12.751254,-13.588845,35.427086,-9.375261,2.992825,0.806493,-3.930195,0.959493,-2.301565,16.242277,-38.274704,66.906059,20.283396,10.618042,1.464299,-4.270985,-15.634507,36.924217,65.937836,0.033456,2.807189,-10.350158
468.000000,2584.432129,2120.942383,77.821808,1.674911,-2.317973,43.894929,2.749592,-2.312435,13.925311,12.632118,-13.555896,2.846759,-15.657510,-13.530376,-13.915594,37.285648,-8.762217,3.021399,0.789946,-4.188590,0.985860,-2.293935,16.350374,-38.365017,66.910477,20.060038,10.455116,1.637173,-4.500773,-15.583361,36.817635,65.885620,-0.264828,3.058393,-10.304096
469.000000,2584.268066,2121.094971,77.802841,1.646314,-2.469542,44.034029,2.867754,-2.506519,13.896006,12.719381,-13.639762,3.037367,-16.120834,-14.085767,-14.176420,38.521774,-8.092449,3.151017,0.754083,-4.319418,0.987033,-2.290763,16.425350,-38.393002,66.941010,19.847483,10.254834,1.769799,-4.713864,-15.538198,36.662437,65.868462,-0.613881,3.185436,-10.284316
470.000000,2584.108154,2121.236328,77.802467,1.524731,-2.571251,44.304818,2.848454,-2.598597,13.712724,12.941562,-13.763737,3.224614,-16.482824,-14.536199,-14.481880,39.492790,-7.258318,3.377656,0.605067,-4.355284,1.013546,-2.312146,16.559271,-38.484245,67.047813,19.516537,9.966716,1.841231,-5.015027,-15.470862,36.517082,66.000038,-0.988346,3.215074,-10.272832
471.000000,2583.956055,2121.373291,77.816734,1.345626,-2.629062,44.649519,2.737569,-2.608476,13.413110,13.216478,-13.874385,3.364651,-16.534803,-14.864989,-14.965547,39.889927,-6.630509,3.551885,0.404913,-4.309851,1.091217,-2.424617,16.710020,-38.661957,67.220291,18.948139,9.613826,1.859444,-5.253161,-15.455081,36.322487,66.123299,-1.234671,3.216883,-10.265182
472.000000,2583.821289,2121.504395,77.832153,1.207263,-2.567847,44.861964,2.575843,-2.632072,13.226640,13.345862,-13.907959,3.501052,-16.462971,-15.036487,-15.339897,39.758865,-6.333130,3.686699,0.377994,-4.288883,1.102327,-2.549770,16.888123,-38.882458,67.348007,18.433121,9.282651,1.864469,-5.408839,-15.466551,36.203533,66.238167,-1.530218,3.218808,-10.258145
473.000000,2583.690430,2121.629150,77.844765,1.094874,-2.411587,45.064930,2.316196,-2.691509,13.060070,13.436049,-13.907186,3.649582,-16.257004,-15.131687,-15.703849,39.184216,-6.365442,3.809040,0.400710,-4.290407,1.098116,-2.636889,17.080416,-38.999744,67.375137,18.086063,8.961808,1.867185,-5.537344,-15.500794,36.159592,66.369011,-1.945798,3.219000,-10.224361
474.000000,2583.563965,2121.747314,77.861427,0.951975,-2.123361,45.325843,1.992463,-2.710310,12.889656,13.563015,-13.917498,3.751023,-16.024855,-15.152861,-16.068026,38.488396,-6.523653,3.878004,0.371926,-4.255740,1.059118,-2.676378,17.199303,-39.020031,67.373291,17.917873,8.742544,1.869879,-5.584114,-15.539599,36.093353,66.458946,-2.186856,3.216917,-10.186775
475.000000,2583.436523,2121.855469,77.882133,0.802362,-1.755387,45.549503,1.427467,-2.707176,12.673457,13.742533,-13.917126,3.876952,-15.636877,-15.087805,-16.620523,37.182323,-6.854836,3.939171,0.331185,-4.167819,1.004598,-2.730975,17.335020,-39.084599,67.365700,17.776299,8.514410,1.874848,-5.613270,-15.592167,35.950386,66.585342,-2.343170,3.214292,-10.145578
476.000000,2583.317871,2121.952148,77.908104,0.658187,-1.409651,45.707116,0.943153,-2.697351,12.513350,13.818335,-13.869431,3.979820,-15.154891,-14.894073,-17.024475,35.652348,-7.218999,3.966942,0.311104,-4.058404,1.064994,-2.812508,17.427502,-39.264221,67.350616,17.739471,8.409287,1.877684,-5.647236,-15.625988,35.859825,66.717979,-2.482331,3.215389,-10.130395
477.000000,2583.221436,2122.043457,77.932205,0.571489,-1.015353,45.631532,0.538565,-2.702139,12.520232,13.713041,-13.751761,4.050670,-14.681316,-14.553003,-17.132048,33.899872,-7.611981,3.974763,0.430550,-3.981606,1.105232,-2.869369,17.512318,-39.532047,67.292160,17.600632,8.368190,1.875001,-5.655330,-15.617609,35.849705,66.854950,-2.614624,3.224684,-10.124924
478.000000,2583.141357,2122.121338,77.960953,0.428209,-0.564848,45.442491,0.094619,-2.623949,12.706026,13.631139,-13.667645,4.090440,-14.278835,-14.064237,-17.077478,31.991774,-7.851928,4.014108,0.717048,-3.867637,1.101264,-2.898867,17.576260,-39.682964,67.202087,17.251108,8.305497,1.868661,-5.658295,-15.577876,35.849663,66.946030,-2.593112,3.257097,-10.122756
479.000000,2583.068848,2122.181396,78.000366,0.231740,-0.102607,45.281444,-0.442643,-2.435890,12.839077,13.672852,-13.631813,4.121947,-13.853992,-13.474385,-17.054049,29.966200,-7.862836,4.054607,0.912377,-3.649488,1.089313,-2.932427,17.589258,-39.700695,67.145409,16.933180,8.214177,1.842872,-5.694006,-15.534212,35.846554,66.956749,-2.491417,3.268411,-10.120926
480.000000,2583.018311,2122.230713,78.047409,0.013621,0.262357,45.213483,-0.915517,-2.213940,12.866114,13.686289,-13.580109,4.137624,-13.319411,-12.852514,-17.070444,27.888102,-7.723957,4.067076,0.988741,-3.382565,1.139865,-2.994562,17.593088,-39.704498,67.113884,16.716787,8.098742,1.772132,-5.780036,-15.435415,35.844379,66.960030,-2.317495,3.269420,-10.118666
481.000000,2583.003906,2122.277832,78.096924,-0.205440,0.511464,45.211906,-1.197536,-1.997059,12.796116,13.659062,-13.534067,4.134893,-12.770116,-12.303035,-17.073885,26.177011,-7.479089,4.086391,0.992640,-3.132202,1.196427,-3.055512,17.594036,-39.707214,67.106316,16.588236,7.997253,1.696929,-5.839003,-15.270508,35.845615,66.958733,-2.143376,3.265357,-10.116052
482.000000,2583.029297,2122.326172,78.144730,-0.413319,0.709346,45.255466,-1.376394,-1.778957,12.671500,13.618166,-13.507122,4.118176,-12.248123,-11.817669,-17.110432,24.751839,-7.193104,4.119237,0.979309,-2.912741,1.165490,-3.088001,17.594967,-39.710632,67.099762,16.473118,7.918229,1.642305,-5.833770,-15.053357,35.850456,66.957405,-1.906207,3.253288,-10.110174
483.000000,2583.086426,2122.370605,78.190201,-0.601313,0.867679,45.307280,-1.475694,-1.566658,12.538101,13.543352,-13.486961,4.084169,-11.769081,-11.385438,-17.172480,23.546795,-6.910740,4.151854,0.971958,-2.741111,1.056432,-3.103431,17.597538,-39.714161,67.094917,16.329115,7.862598,1.609565,-5.805212,-14.806251,35.856842,66.956955,-1.548067,3.212437,-10.091328
484.000000,2583.171387,2122.408691,78.235878,-0.770986,0.965002,45.303025,-1.440606,-1.356104,12.468234,13.385856,-13.455198,4.019413,-11.296386,-10.978425,-17.220816,22.491678,-6.644003,4.173749,1.023697,-2.629670,0.932846,-3.113349,17.599464,-39.716274,67.091949,16.268417,7.835937,1.593490,-5.790785,-14.547873,35.882355,66.973907,-1.233150,3.146435,-10.034922
485.000000,2583.279297,2122.440430,78.287193,-0.998265,0.928993,45.303566,-1.313654,-1.119828,12.408101,13.302617,-13.471608,3.937239,-10.740374,-10.592454,-17.350342,21.532013,-6.389515,4.182999,1.081291,-2.521586,0.898040,-3.135854,17.586788,-39.716064,67.090553,16.267307,7.828334,1.586649,-5.793128,-14.339817,35.907398,66.987709,-0.982826,3.068271,-9.976257
486.000000,2583.410156,2122.476074,78.345970,-1.291210,0.756153,45.381394,-1.039485,-0.720928,12.277314,13.307887,-13.569212,3.802882,-9.771456,-10.030855,-17.710823,20.167530,-5.989632,4.181187,1.135213,-2.321759,0.923331,-3.160009,17.527416,-39.713505,67.110939,16.334686,7.822563,1.580185,-5.775239,-14.102630,35.911682,66.999672,-0.547963,2.914682,-9.922874
487.000000,2583.564697,2122.524170,78.407616,-1.602392,0.575098,45.517387,-0.716410,-0.296613,12.063027,13.322030,-13.681341,3.657204,-8.682309,-9.462096,-18.236227,18.744904,-5.535459,4.167830,1.161261,-2.088767,0.873783,-3.153810,17.375849,-39.658520,67.195435,16.562017,7.822227,1.574132,-5.674972,-13.880348,35.909691,67.061493,-0.005837,2.709962,-9.918594
488.000000,2583.726318,2122.578613,78.468040,-1.914776,0.407897,45.704082,-0.404555,0.117363,11.814175,13.327579,-13.793092,3.508007,-7.618801,-8.894738,-18.728380,17.355743,-5.051599,4.146226,1.170205,-1.839116,0.755818,-3.098445,17.162607,-39.557697,67.236771,16.814140,7.825833,1.571164,-5.583717,-13.737658,35.908039,67.189896,0.493322,2.514966,-10.022275
489.000000,2583.888916,2122.627686,78.525330,-2.192312,0.270783,45.935636,-0.120542,0.479628,11.531298,13.284386,-13.868212,3.361130,-6.646732,-8.370793,-19.138357,16.071939,-4.580273,4.121883,1.111168,-1.593144,0.628226,-3.028180,16.947968,-39.548069,67.235931,16.898874,7.826072,1.573150,-5.472899,-13.679502,35.909687,67.212509,1.134520,2.288510,-10.068426
490.000000,2584.046631,2122.661621,78.578255,-2.436230,0.148183,46.232797,0.156912,0.817756,11.170772,13.209037,-13.913622,3.220440,-5.661844,-7.871775,-19.622730,14.791153,-4.091614,4.084107,0.975023,-1.342394,0.548224,-2.984352,16.727631,-39.550838,67.227661,16.914146,7.820864,1.576967,-5.337571,-13.613685,35.914593,67.206703,1.757210,1.930144,-10.137684
491.000000,2584.196777,2122.682373,78.623405,-2.631399,0.059273,46.530741,0.340889,1.053223,10.870743,13.146448,-13.932500,3.116325,-4.970708,-7.526537,-20.011290,13.904744,-3.736108,4.050150,0.868748,-1.143757,0.532638,-2.968493,16.585283,-39.570728,67.140366,16.916826,7.815434,1.578975,-5.206841,-13.580130,35.938416,67.150185,2.142458,1.603328,-10.219975
492.000000,2584.343262,2122.693359,78.659782,-2.772519,0.006076,46.799750,0.538492,1.298671,10.521906,13.042212,-13.933188,2.988488,-4.242026,-7.160120,-20.431908,12.972281,-3.375723,4.011402,0.770024,-0.914086,0.536483,-2.939725,16.475019,-39.611622,66.905647,16.917351,7.806920,1.580350,-5.020060,-13.561007,35.996498,67.022102,2.540593,1.214350,-10.324077
493.000000,2584.489746,2122.702637,78.691521,-2.894760,-0.017107,47.117006,0.659690,1.475000,10.171627,12.956456,-13.924901,2.870423,-3.699546,-6.877727,-20.689108,12.286271,-3.133716,3.983692,0.612469,-0.697198,0.540605,-2.912418,16.403498,-39.633018,66.772598,16.810204,7.746630,1.584276,-4.888731,-13.553612,36.025337,66.983864,2.910425,0.884413,-10.395535
494.000000,2584.636475,2122.712158,78.718834,-2.971630,-0.020909,47.410584,0.756632,1.566883,9.928487,12.840796,-13.889780,2.779351,-3.383057,-6.708664,-20.761786,11.903835,-3.017525,3.969521,0.436071,-0.536573,0.541951,-2.878460,16.363253,-39.725723,66.763779,16.645943,7.718820,1.608664,-4.877548,-13.563532,36.011860,67.058929,3.197914,0.684595,-10.505030
495.000000,2584.793701,2122.722900,78.742699,-3.015946,0.007417,47.647943,0.917164,1.665167,9.636098,12.599343,-13.805197,2.640423,-2.998561,-6.497889,-20.791672,11.422707,-2.912409,3.950359,0.144442,-0.320496,0.530326,-2.787811,16.355085,-40.045223,66.763580,16.327194,7.722700,1.678046,-4.889379,-13.576076,35.975227,67.197868,3.644044,0.449513,-10.668178
496.000000,2584.961426,2122.737305,78.764015,-3.040503,0.055115,47.789064,1.085276,1.750817,9.445149,12.297422,-13.701221,2.504283,-2.669550,-6.285602,-20.758574,10.914805,-2.816529,3.931597,-0.062640,-0.090203,0.487435,-2.695220,16.355757,-40.451172,66.761681,15.927445,7.769159,1.739607,-4.893403,-13.611489,35.971870,67.362122,4.044860,0.260856,-10.774142
497.000000,2585.131348,2122.754395,78.780510,-3.062190,0.113262,47.842109,1.267003,1.846111,9.349822,11.992945,-13.618583,2.380236,-2.388637,-6.061886,-20.641590,10.434145,-2.733497,3.910998,-0.201315,0.183460,0.442945,-2.620434,16.349113,-40.889526,66.741692,15.641921,7.890003,1.759392,-4.897979,-13.692736,35.970444,67.492599,4.349906,0.119292,-10.801611
498.000000,2585.297852,2122.768555,78.791718,-3.088385,0.211356,47.879808,1.355450,1.961834,9.276746,11.799492,-13.595172,2.271846,-2.211100,-5.850185,-20.562162,10.061157,-2.679112,3.879102,-0.344690,0.512081,0.383386,-2.557642,16.326080,-41.265648,66.635841,15.409662,8.120035,1.763700,-4.901738,-13.841091,35.968681,67.556587,4.548030,0.058659,-10.838105
499.000000,2585.463623,2122.771729,78.799416,-3.105410,0.346096,47.884454,1.357157,2.076485,9.227356,11.691731,-13.594152,2.161208,-2.156730,-5.673234,-20.478420,9.834930,-2.675405,3.827836,-0.467039,0.838166,0.349059,-2.552302,16.310520,-41.545666,66.443893,15.151254,8.372887,1.761232,-4.915584,-14.031191,35.967705,67.601738,4.723494,0.051698,-10.905977
500.000000,2585.630127,2122.765381,78.807053,-3.135079,0.497623,47.896976,1.295081,2.225020,9.162938,11.641457,-13.611703,2.023738,-2.144098,-5.462728,-20.340818,9.618238,-2.670071,3.762940,-0.616348,1.212778,0.344317,-2.599874,16.294666,-41.740231,66.203323,14.833599,8.595538,1.745310,-4.914222,-14.266912,35.969944,67.640465,4.801142,0.064174,-11.050426
501.000000,2585.804199,2122.748047,78.810898,-3.178199,0.617591,47.941062,1.195138,2.403569,9.064180,11.729229,-13.693389,1.872472,-2.071526,-5.228924,-20.244534,9.361326,-2.669447,3.692638,-0.800749,1.583462,0.379842,-2.735170,16.261086,-41.795544,66.039017,14.659870,8.754635,1.668547,-4.937529,-14.498157,35.925285,67.625481,4.945988,0.062326,-11.181058
502.000000,2585.991943,2122.726562,78.810295,-3.243500,0.685482,48.044678,1.085424,2.619587,8.893227,11.971638,-13.860573,1.711992,-1.918736,-4.980630,-20.243555,9.133642,-2.699108,3.614889,-1.012717,1.983028,0.444877,-2.982527,16.185480,-41.802387,65.965523,14.624153,8.865969,1.566530,-4.959842,-14.726933,35.888275,67.622696,5.127311,0.072049,-11.304845
503.000000,2586.197510,2122.704346,78.805809,-3.302354,0.704676,48.198436,1.031296,2.784148,8.724928,12.183518,-14.005198,1.584955,-1.745577,-4.798396,-20.302414,8.971182,-2.754416,3.556490,-1.188036,2.277420,0.493163,-3.199785,16.115822,-41.804447,65.939064,14.608992,8.917802,1.508767,-4.980713,-14.885854,35.871605,67.635262,5.281164,0.093237,-11.396163
504.000000,2586.431396,2122.680176,78.797295,-3.340449,0.682561,48.351287,1.032414,2.981391,8.511889,12.405622,-14.177804,1.404621,-1.482353,-4.578207,-20.391949,8.786984,-2.893810,3.472310,-1.368940,2.604710,0.521667,-3.467545,16.036707,-41.805229,65.908852,14.593518,8.946992,1.469476,-4.990587,-15.057317,35.866669,67.645203,5.534199,0.106482,-11.539721
505.000000,2586.682617,2122.656250,78.786102,-3.381748,0.642713,48.575767,1.073818,3.202489,8.226155,12.650135,-14.382025,1.195669,-1.122489,-4.328870,-20.529589,8.574213,-3.083019,3.379216,-1.595919,2.940695,0.523870,-3.712240,15.948991,-41.808327,65.891342,14.578940,8.955232,1.454878,-4.978819,-15.204772,35.889767,67.668449,5.747912,0.158065,-11.702322
506.000000,2586.943115,2122.633301,78.771889,-3.432265,0.586056,48.828505,1.092808,3.426961,7.889810,12.951528,-14.617340,0.996198,-0.741080,-4.076582,-20.666599,8.368127,-3.279267,3.301244,-1.901371,3.276453,0.502081,-3.886093,15.864454,-41.849102,65.865646,14.574369,8.958676,1.446753,-4.971174,-15.327712,35.912357,67.664711,5.948405,0.173502,-11.872426
507.000000,2587.197021,2122.610596,78.751389,-3.480337,0.538542,49.044352,1.079715,3.666476,7.598092,13.339464,-14.901895,0.798242,-0.427604,-3.837941,-20.790310,8.288445,-3.524777,3.217364,-2.207600,3.647579,0.479751,-3.991982,15.774132,-41.967705,65.732300,14.769122,8.972672,1.440434,-4.981557,-15.471020,35.918919,67.646378,6.091444,0.177604,-12.049125
508.000000,2587.456543,2122.578369,78.724426,-3.533281,0.541379,49.238377,0.964128,3.919796,7.335237,13.813468,-15.217622,0.578001,-0.215640,-3.609736,-20.977520,8.278946,-3.812824,3.081771,-2.537353,4.044339,0.448628,-4.014239,15.722538,-42.092609,65.373795,15.216209,8.983492,1.406341,-4.974567,-15.648578,35.916981,67.594864,6.109704,0.180584,-12.256222
509.000000,2587.707031,2122.529785,78.695816,-3.565615,0.591953,49.355283,0.802225,4.166812,7.149718,14.248528,-15.499753,0.344983,-0.101569,-3.389578,-21.170156,8.275711,-4.106702,2.917239,-2.792826,4.404354,0.434804,-4.025321,15.711842,-42.140785,64.856430,15.744741,8.988694,1.343901,-4.927993,-15.844789,35.890202,67.558815,6.068844,0.173296,-12.486821
510.000000,2587.960693,2122.460449,78.663101,-3.551801,0.679282,49.388426,0.619831,4.397232,7.044076,14.630961,-15.751423,0.097759,-0.072540,-3.183787,-21.318338,8.291605,-4.474701,2.739228,-2.966541,4.710703,0.435875,-4.067827,15.721804,-42.142727,64.230362,16.283415,8.988554,1.287884,-4.851849,-16.071955,35.805962,67.502464,5.944165,0.155724,-12.760539
511.000000,2588.209961,2122.371582,78.620354,-3.559799,0.755612,49.402971,0.413303,4.590593,6.969260,15.036206,-15.990434,-0.085645,-0.089211,-3.023175,-21.416330,8.348657,-4.772173,2.595396,-3.041203,4.930337,0.467887,-4.152428,15.717793,-42.090122,63.775700,16.703945,8.977438,1.240649,-4.746155,-16.279478,35.757759,67.478394,5.719642,0.158257,-12.955575
512.000000,2588.465576,2122.265137,78.562431,-3.591897,0.774344,49.361186,0.110426,4.921075,6.923797,15.801689,-16.433701,-0.345496,-0.124646,-2.774674,-21.480213,8.559265,-5.237553,2.385717,-3.054151,5.247026,0.606496,-4.330912,15.694398,-41.918198,63.225044,17.331045,8.903773,1.200387,-4.597583,-16.623814,35.717300,67.461334,5.282470,0.207066,-13.165792
513.000000,2588.723633,2122.160645,78.498703,-3.598603,0.771221,49.308486,-0.152289,5.250857,6.904803,16.579384,-16.895622,-0.617438,-0.164955,-2.543698,-21.498514,8.865610,-5.802006,2.183714,-3.063067,5.532567,0.743119,-4.547690,15.657420,-41.716526,62.838974,17.849642,8.778336,1.192134,-4.374985,-17.001953,35.711693,67.464302,4.654483,0.361307,-13.295349
514.000000,2589.010742,2122.056641,78.424850,-3.592717,0.750721,49.259658,-0.366668,5.559104,6.883433,17.310305,-17.344851,-0.897251,-0.150877,-2.319891,-21.501198,9.122153,-6.406416,1.995772,-3.093205,5.769850,0.798542,-4.740779,15.626215,-41.527565,62.551853,18.125259,8.682383,1.192163,-4.060934,-17.358698,35.711922,67.534065,3.809490,0.570173,-13.415088
515.000000,2589.307861,2121.951172,78.339561,-3.576479,0.723919,49.212350,-0.606571,5.893128,6.858243,18.162876,-17.867043,-1.199789,-0.080262,-2.066986,-21.498644,9.330029,-7.100469,1.809277,-3.107474,6.012657,0.799723,-4.954269,15.569557,-41.304920,62.299137,18.206861,8.600693,1.197236,-3.648668,-17.744246,35.739582,67.733345,2.803390,0.811828,-13.561127
516.000000,2589.604492,2121.837646,78.238029,-3.554108,0.721118,49.196237,-0.944844,6.214567,6.800542,19.135363,-18.430086,-1.502580,-0.002213,-1.824302,-21.564735,9.477798,-7.845609,1.591710,-3.135481,6.264990,0.762588,-5.190512,15.480812,-41.127167,62.085339,18.213976,8.532623,1.235630,-3.191791,-18.175259,35.830246,67.929764,1.887347,1.099168,-13.694068
517.000000,2589.904785,2121.699707,78.113937,-3.413915,0.752415,49.164164,-1.406676,6.424706,6.773524,20.248728,-18.970417,-1.807564,0.004634,-1.703820,-21.599674,9.682751,-8.822427,1.358399,-3.140294,6.403572,0.699503,-5.449871,15.425686,-41.029213,61.813965,18.204626,8.501634,1.297053,-2.708900,-18.622484,36.020695,68.089493,0.952610,1.454947,-13.797276
518.000000,2590.179443,2121.552979,78.019119,-3.340876,0.704051,49.142681,-1.769959,6.600354,6.684587,21.175528,-19.321520,-2.020759,-0.003314,-1.606271,-21.600111,9.929846,-9.477822,1.204947,-3.158792,6.563841,0.736416,-5.665630,15.343487,-40.952782,61.596649,18.182344,8.494875,1.355494,-2.391719,-18.950615,36.149776,68.283806,0.171257,1.748425,-13.837440
519.000000,2590.450439,2121.414551,78.010574,-3.233669,0.557602,49.104642,-2.181570,6.857051,6.509857,22.439075,-19.395544,-2.243672,-0.003554,-1.481601,-21.563223,10.409788,-9.893415,1.037756,-3.195871,6.865637,0.896114,-5.946054,15.120977,-40.882858,61.437618,18.099150,8.473566,1.408959,-2.014189,-19.289501,36.176315,68.664673,-0.737081,2.195308,-13.876961
520.000000,2590.754883,2121.282227,78.060699,-2.893887,0.392482,48.947612,-2.677205,6.892716,6.499434,23.992596,-18.879190,-2.445853,0.073235,-1.585843,-21.371027,10.812892,-10.230935,0.861247,-3.180808,6.890551,0.973739,-6.133568,14.915799,-40.873741,61.390869,17.927504,8.421316,1.426049,-1.510076,-19.498301,36.184883,68.971550,-1.436938,2.786491,-13.901383
521.000000,2591.083496,2121.158447,78.136108,-2.451721,0.246288,48.622430,-3.171170,6.805507,6.626874,25.563200,-18.004251,-2.636590,0.186040,-1.777975,-20.988260,11.031173,-10.477900,0.666451,-3.059930,6.735492,0.912571,-6.145426,14.792377,-40.873295,61.386272,17.717770,8.378370,1.428122,-0.950092,-19.592707,36.202862,69.096626,-1.915732,3.349509,-13.908283
522.000000,2591.412354,2121.035156,78.204933,-2.046872,0.171386,48.207538,-3.799583,6.774884,6.774780,27.262144,-17.059422,-2.844950,0.268831,-1.889802,-20.517426,11.083149,-10.657041,0.442871,-2.888155,6.605100,0.743814,-6.068974,14.719450,-40.825993,61.387299,17.598831,8.362796,1.424989,-0.423797,-19.626787,36.224365,69.122421,-2.382605,3.848937,-13.907202
523.000000,2591.734863,2120.912109,78.260323,-1.709055,0.046728,47.744393,-4.366548,6.826742,6.896693,28.945646,-16.132637,-3.088463,0.436273,-1.895497,-20.000885,11.027637,-10.793581,0.210514,-2.740249,6.555999,0.672852,-5.949033,14.666128,-40.698395,61.391655,17.531233,8.357553,1.427160,-0.049630,-19.630653,36.228256,69.126640,-2.896190,4.225491,-13.874402
524.000000,2592.053467,2120.788086,78.291939,-1.453725,-0.066396,47.227374,-4.856067,7.027879,7.175618,30.468922,-15.350045,-3.351653,0.527908,-1.817975,-19.487762,11.092098,-10.962278,-0.030396,-2.665565,6.601753,0.648376,-5.792517,14.612566,-40.552547,61.467457,17.374474,8.352942,1.463916,0.137189,-19.630604,36.229866,69.124855,-3.381751,4.469948,-13.757966
525.000000,2592.363281,2120.666016,78.296219,-1.287843,-0.180810,46.724536,-5.158095,7.283622,7.492269,31.553314,-14.842550,-3.569998,0.558565,-1.707103,-19.084915,11.258052,-11.143897,-0.227468,-2.642381,6.680942,0.663657,-5.671732,14.573241,-40.482643,61.603035,17.166718,8.350176,1.527595,0.179945,-19.630661,36.275673,69.121498,-3.740016,4.614757,-13.623937
526.000000,2592.671631,2120.545654,78.276894,-1.191005,-0.255889,46.412864,-5.466571,7.626450,7.703199,32.660229,-14.423781,-3.843649,0.560379,-1.522336,-18.738348,11.551940,-11.429175,-0.465372,-2.698703,6.816164,0.670514,-5.530284,14.549409,-40.471916,61.760452,16.917948,8.349075,1.647187,0.175065,-19.631311,36.445278,69.115158,-4.121882,4.743887,-13.467783
527.000000,2592.968750,2120.429688,78.247169,-1.102829,-0.279050,46.331756,-5.824137,7.858936,7.572587,33.606743,-14.145767,-4.023866,0.540620,-1.379899,-18.629799,11.890355,-11.770413,-0.678261,-2.845680,6.916169,0.650157,-5.390112,14.542447,-40.468792,61.830959,16.802315,8.346965,1.825343,0.164227,-19.630047,36.698067,69.106979,-4.355298,4.842002,-13.337249
528.000000,2593.238037,2120.325928,78.220703,-1.015998,-0.233539,46.382860,-6.215087,7.956520,7.254199,34.238785,-14.549321,-4.047406,0.491590,-1.292785,-18.644337,12.199318,-12.096824,-0.849775,-2.932721,6.947715,0.609060,-5.293368,14.531653,-40.456692,61.874928,16.695793,8.332858,2.037410,0.143862,-19.628227,37.009068,69.105728,-4.379807,4.951896,-13.182497
529.000000,2593.455811,2120.221436,78.191910,-0.959812,-0.117087,46.589699,-6.757186,8.001190,6.827041,33.553093,-15.440337,-3.860793,0.359304,-1.220542,-18.783819,12.463546,-12.353188,-0.983223,-3.033500,6.959055,0.585221,-5.258358,14.531694,-40.454510,61.946323,16.663471,8.276402,2.233076,0.019849,-19.623693,37.341072,69.107399,-4.379317,5.067903,-12.996665
530.000000,2593.620361,2120.114746,78.172882,-0.820389,-0.089007,46.709924,-7.438245,7.866110,6.263284,31.827362,-16.729124,-3.779332,0.144860,-1.293521,-18.850702,12.979932,-12.687721,-1.067282,-3.071211,6.827098,0.768442,-5.281998,14.562943,-40.456223,62.137951,16.644564,8.158177,2.419082,-0.269941,-19.568359,37.579830,69.111168,-4.377653,5.182429,-12.733475
531.000000,2593.745117,2120.041748,78.174744,-0.615904,-0.153070,46.622934,-8.133658,7.640049,5.934870,29.961231,-17.075716,-3.767236,0.019093,-1.452419,-18.675703,13.454261,-12.966397,-1.098281,-2.966307,6.573474,1.080880,-5.268979,14.597074,-40.517689,62.473782,16.626526,8.079877,2.542291,-0.647048,-19.458815,37.619236,69.118782,-4.436791,5.270666,-12.451322
532.000000,2593.853516,2120.032959,78.196022,-0.410570,-0.184273,46.480754,-8.940170,7.338360,5.714913,28.047047,-16.185946,-3.769836,-0.000206,-1.624054,-18.439121,13.662358,-13.120978,-1.096120,-2.874688,6.283578,1.237198,-5.123977,14.605872,-40.724964,62.986649,16.513313,8.067754,2.630803,-1.003716,-19.334972,37.624489,69.136589,-4.493509,5.341172,-12.175915
533.000000,2593.956299,2120.093262,78.221924,-0.262215,-0.204968,46.343934,-9.544174,7.102359,5.583226,26.508396,-14.769403,-3.776407,0.083880,-1.724841,-18.293062,13.639583,-13.169561,-1.073181,-2.866067,6.082634,1.243399,-4.900117,14.605924,-40.938232,63.397614,16.374664,8.086129,2.691385,-1.213055,-19.248339,37.625114,69.146683,-4.551464,5.369032,-12.008587
534.000000,2594.033447,2120.207031,78.220230,-0.282355,-0.198708,46.315287,-10.295828,6.871114,5.371586,24.484650,-12.111581,-3.785304,0.255021,-1.736844,-18.228050,13.488399,-13.190219,-1.010437,-2.837898,5.972182,1.123679,-4.686011,14.673740,-40.969299,63.647469,15.997737,8.117516,2.761405,-1.305230,-19.208420,37.622898,69.152138,-4.728360,5.375470,-11.881691
535.000000,2594.096436,2120.351318,78.196877,-0.367459,-0.280319,46.222713,-10.881751,6.748188,5.220880,22.547079,-9.213814,-3.782816,0.494444,-1.641470,-18.197502,13.396478,-13.270087,-0.911205,-2.747381,5.948440,1.005137,-4.661164,14.848376,-40.956276,63.733658,15.783974,8.131841,2.940022,-1.314377,-19.190145,37.618561,69.162933,-5.044379,5.390542,-11.778929
536.000000,2594.196045,2120.529053,78.204956,-0.313818,-0.302279,46.008169,-10.817101,6.635071,5.235512,21.787455,-8.176142,-3.767190,0.709544,-1.686636,-18.023466,13.307222,-13.349137,-0.807625,-2.635754,5.676284,0.801526,-4.568211,15.022811,-40.983101,63.985756,15.765179,8.161439,3.116746,-1.265497,-19.035870,37.614819,69.205811,-5.399772,5.440844,-11.691017
537.000000,2594.319580,2120.722656,78.248993,-0.152787,-0.192012,45.878473,-10.366370,6.389245,5.318792,20.988573,-8.056285,-3.790325,0.926474,-1.863328,-17.851519,12.988909,-13.348005,-0.674144,-2.622000,5.120521,0.324919,-4.348545,15.197426,-41.073738,64.476830,15.752654,8.253652,3.316586,-1.106766,-18.743626,37.610111,69.241951,-5.829868,5.512503,-11.592015
538.000000,2594.414062,2120.895264,78.296272,-0.011451,-0.255115,45.988998,-9.753929,6.093250,5.293429,20.181393,-8.075786,-3.797883,1.424937,-2.033171,-17.949530,12.435947,-13.258983,-0.545787,-2.737868,4.564172,0.152990,-4.243510,15.272703,-41.140041,64.968307,15.748919,8.326055,3.489494,-0.958596,-18.501781,37.569397,69.242706,-6.220197,5.588174,-11.453674
539.000000,2594.475342,2121.053467,78.333229,0.103104,-0.304706,46.173711,-9.326920,5.816903,5.266893,19.632126,-8.020203,-3.766021,1.897253,-2.199025,-18.137745,11.932961,-13.183608,-0.423082,-2.706645,4.059493,0.115023,-4.116490,15.299300,-41.138874,65.225937,15.895429,8.347115,3.638477,-0.796349,-18.352209,37.542850,69.228668,-6.540851,5.720948,-11.265082
540.000000,2594.501465,2121.207764,78.360176,0.172523,-0.302559,46.317548,-9.102989,5.633092,5.274506,19.320290,-7.978725,-3.709208,2.198456,-2.306119,-18.253521,11.555626,-13.107462,-0.325020,-2.526028,3.707549,0.126761,-3.951438,15.305164,-41.134422,65.266342,16.148664,8.351474,3.727346,-0.698724,-18.296412,37.536934,69.214325,-6.728624,5.881580,-11.073586
541.000000,2594.498535,2121.355713,78.375862,0.200651,-0.256950,46.539362,-8.973113,5.458945,5.268445,19.066721,-7.959795,-3.611415,2.448143,-2.401729,-18.410076,11.194743,-13.023351,-0.212872,-2.265227,3.399370,0.185268,-3.778641,15.315966,-41.057800,65.268051,16.608215,8.384912,3.816288,-0.666357,-18.283360,37.534229,69.194984,-6.894960,6.115408,-10.856091
542.000000,2594.477539,2121.498779,78.388802,0.268923,-0.212639,46.695391,-8.809022,5.228885,5.427794,18.695408,-7.913242,-3.430947,2.648672,-2.591141,-18.612679,10.943429,-12.997080,-0.050736,-1.763358,3.011958,0.310634,-3.701219,15.359054,-40.824886,65.288818,17.311579,8.475111,3.916649,-0.643952,-18.281160,37.534142,69.130409,-7.086112,6.477463,-10.624897
543.000000,2594.462891,2121.645996,78.405830,0.386812,-0.138983,47.042929,-8.728123,4.932316,5.618625,18.378292,-7.757026,-3.220303,2.763155,-2.879534,-18.890305,10.859704,-13.050763,0.120907,-1.299306,2.590069,0.393298,-3.574936,15.357068,-40.554924,65.365059,17.701437,8.524433,3.925579,-0.638028,-18.238361,37.556129,68.977531,-7.253338,6.861954,-10.435228
544.000000,2594.461182,2121.793701,78.417236,0.510012,-0.078977,47.657359,-8.731987,4.563877,5.631372,18.108217,-7.561489,-3.008755,2.951958,-3.200481,-19.439444,10.780808,-13.150907,0.307761,-1.041098,2.137651,0.441460,-3.448431,15.440744,-40.291962,65.423859,18.015083,8.652127,3.931137,-0.638112,-18.122839,37.573498,68.786156,-7.457488,7.171434,-10.289812
545.000000,2594.462402,2121.954834,78.417152,0.613727,-0.030658,48.364816,-8.790776,4.167356,5.647686,17.940580,-7.429668,-2.750079,3.181789,-3.555441,-20.137852,10.766889,-13.319782,0.538052,-0.804650,1.674024,0.451210,-3.249992,15.538444,-40.001320,65.440712,18.337608,8.816816,3.932445,-0.668974,-17.969604,37.574875,68.592522,-7.741816,7.383595,-10.183359
546.000000,2594.455078,2122.138672,78.401642,0.687230,0.025449,49.124420,-8.976804,3.813812,5.665961,18.042267,-7.444808,-2.467762,3.371204,-3.896177,-20.856493,10.866892,-13.554112,0.772525,-0.526360,1.306740,0.408264,-2.986458,15.545664,-39.624352,65.428215,18.562717,8.967968,3.932591,-0.709167,-17.857483,37.572037,68.418770,-7.895173,7.488477,-10.118353
547.000000,2594.446777,2122.335205,78.374680,0.744692,0.009572,50.005526,-9.180986,3.420592,5.533449,18.314564,-7.554705,-2.163660,3.686708,-4.252503,-21.722710,10.987564,-13.844914,1.041640,-0.249218,0.987931,0.400594,-2.677310,15.552136,-39.197868,65.284416,18.624533,9.125175,3.953982,-0.711573,-17.803991,37.623333,68.223259,-7.913822,7.547852,-10.067918
548.000000,2594.449707,2122.550293,78.340996,0.851215,-0.060744,50.974947,-9.254825,3.062149,5.371112,18.441677,-7.629700,-1.930832,3.953210,-4.580040,-22.433556,11.184909,-14.140542,1.268606,0.022953,0.707920,0.402854,-2.461779,15.647831,-38.768635,65.086899,18.642311,9.230421,4.019708,-0.680930,-17.774599,37.697990,68.070061,-7.911664,7.606324,-10.008883
549.000000,2594.465820,2122.780518,78.306534,0.992226,-0.161244,51.875200,-9.233052,2.549324,5.139701,18.511143,-7.705924,-1.642530,4.301994,-5.061094,-23.290318,11.538583,-14.573551,1.576310,0.545653,0.274993,0.389785,-2.123687,15.782932,-38.115864,64.805634,18.658440,9.274160,4.094088,-0.606190,-17.766253,37.827511,67.854523,-7.900033,7.704374,-9.889484
550.000000,2594.487305,2123.033447,78.265854,1.115755,-0.247542,52.696913,-9.179888,2.033333,4.987199,18.623829,-7.866613,-1.331453,4.681554,-5.566926,-24.134912,11.934026,-15.043663,1.919414,1.261517,-0.230252,0.343685,-1.653139,16.004425,-37.588928,64.439072,18.675356,9.309369,4.214292,-0.603779,-17.766008,37.986034,67.643326,-7.878907,7.834763,-9.758737
551.000000,2594.502686,2123.299316,78.215492,1.214773,-0.328644,53.486947,-9.150757,1.608407,4.953757,18.805841,-8.125536,-1.022589,5.017619,-6.011075,-24.876299,12.320662,-15.486525,2.249134,1.924738,-0.706544,0.290515,-1.117789,16.271578,-37.320282,64.081200,18.629055,9.373577,4.328881,-0.720254,-17.782660,38.042183,67.314125,-7.837520,8.000079,-9.689537
552.000000,2594.505127,2123.574951,78.145271,1.261736,-0.460481,54.335287,-9.139462,1.212561,4.895715,19.148594,-8.529769,-0.699762,5.404524,-6.440898,-25.687555,12.787998,-15.984354,2.588789,2.447519,-1.156459,0.321362,-0.614798,16.537407,-37.284431,63.797024,18.368660,9.492235,4.397783,-0.965305,-17.825659,38.105217,66.803772,-7.713965,8.181466,-9.682982
553.000000,2594.496338,2123.874268,78.057007,1.272957,-0.631711,55.261985,-9.106197,0.840122,4.847607,19.566259,-9.098423,-0.353582,5.868165,-6.852797,-26.587044,13.293318,-16.519222,2.969434,2.874337,-1.553813,0.372161,-0.133276,16.722763,-37.272343,63.624413,18.008711,9.589807,4.414262,-1.265290,-17.870241,38.121513,66.278763,-7.456469,8.238325,-9.724706
554.000000,2594.475830,2124.204102,77.952850,1.370288,-0.800246,56.140274,-8.878026,0.383363,4.930545,19.657040,-9.682829,0.048976,6.181036,-7.440173,-27.396681,14.174643,-17.230131,3.389812,3.243066,-1.998055,0.373697,0.291858,16.855635,-37.091721,63.515850,17.749781,9.687820,4.522415,-1.557683,-17.888258,38.087986,65.763016,-7.305455,8.241641,-9.791921
555.000000,2594.445557,2124.558350,77.864548,1.705033,-0.985164,56.888927,-8.483142,-0.456500,4.676079,19.529747,-9.981279,0.401454,6.330302,-8.472860,-28.069555,15.573566,-18.181585,3.890664,3.568856,-2.736327,0.374931,0.689915,17.056654,-36.960651,63.456360,17.694559,9.746324,4.581587,-1.956746,-17.812361,37.932293,65.195686,-7.277610,8.218344,-9.836878
556.000000,2594.397217,2124.929688,77.788620,2.135815,-1.164472,57.458427,-8.014215,-1.382660,4.452041,19.278360,-10.082891,0.730886,6.360681,-9.650785,-28.479763,17.069859,-19.090281,4.380136,3.804842,-3.544400,0.358458,0.996965,17.282190,-36.823715,63.449863,17.614290,9.798273,4.625512,-2.484419,-17.678915,37.747368,64.743759,-7.264297,8.080159,-9.855723
557.000000,2594.308350,2125.308105,77.715118,2.443439,-1.285491,57.988691,-7.780067,-1.998702,4.289363,19.212124,-10.224235,0.979061,6.180389,-10.526506,-28.653646,18.452394,-19.693792,4.727154,3.882795,-4.025377,0.282672,1.172477,17.407742,-36.733856,63.451233,17.424517,9.823604,4.633104,-2.911736,-17.616863,37.594597,64.412033,-7.235869,7.929603,-9.881260
558.000000,2594.186523,2125.690918,77.674202,2.535240,-1.462456,58.587433,-7.490836,-2.650488,3.920754,19.277658,-10.478386,1.313436,5.735250,-11.634296,-28.796175,20.892843,-20.167385,5.164902,3.883347,-4.396704,0.261285,1.278342,17.477388,-36.638973,63.465069,17.154871,9.828176,4.630529,-3.391569,-17.607807,37.238609,63.897945,-7.168796,7.701494,-9.971136
559.000000,2594.054688,2126.082764,77.686760,2.411316,-1.664693,59.231526,-7.154711,-3.060590,3.415691,19.290831,-10.674724,1.617622,4.965356,-12.613121,-28.699259,24.004669,-20.025524,5.516947,3.818523,-4.526618,0.264980,1.326402,17.487186,-36.581188,63.524841,16.957914,9.795118,4.630027,-3.740529,-17.606600,36.885033,63.471340,-7.125864,7.452816,-10.086360
560.000000,2593.937012,2126.484375,77.754120,2.127131,-1.957139,59.870325,-6.585954,-3.288401,2.785305,19.128954,-10.794546,1.917468,3.936428,-13.522932,-28.276760,27.851906,-19.075373,5.829618,3.761521,-4.536519,0.365141,1.343781,17.493315,-36.574032,63.600094,16.824141,9.636730,4.633710,-4.012796,-17.600735,36.602684,63.060402,-7.116798,7.202955,-10.191834
561.000000,2593.853027,2126.876465,77.847366,1.861849,-2.229998,60.308787,-5.793761,-3.395426,2.335056,18.587399,-10.744487,2.147505,2.749632,-14.237196,-27.255033,31.569748,-17.525606,5.984974,3.814899,-4.619184,0.447906,1.366737,17.529886,-36.674911,63.791943,16.668121,9.379281,4.727515,-4.131553,-17.547184,36.282917,62.487595,-7.122323,7.080291,-10.260444
562.000000,2593.804199,2127.265137,77.945442,1.582100,-2.491959,60.806287,-4.962964,-3.470223,1.812032,17.953299,-10.653383,2.326826,1.484061,-14.719829,-25.829044,35.070961,-15.565673,5.939328,3.688371,-4.781916,0.509122,1.387824,17.571331,-36.820549,64.149803,16.474176,9.131131,4.835085,-4.195194,-17.326221,35.738815,61.790676,-7.129087,7.015491,-10.371947
563.000000,2593.798096,2127.623535,78.029694,1.271041,-2.617538,61.425533,-4.395092,-3.506053,1.108751,17.523884,-10.625992,2.483089,0.087505,-14.864154,-24.156311,38.237720,-13.581256,5.102985,3.382947,-5.006510,0.479805,1.357365,17.616947,-36.910267,64.604782,16.248159,8.958011,4.933182,-4.255832,-16.874866,34.982254,61.233353,-7.010922,6.886364,-10.517614
564.000000,2593.827148,2127.947021,78.115837,0.881934,-2.592756,61.947999,-4.161436,-3.430910,0.595703,17.344040,-10.665791,2.560252,-0.950383,-14.619470,-22.843594,39.871029,-13.160379,4.310256,3.232334,-5.134987,0.431880,1.303913,17.656633,-37.006786,64.871231,16.069296,8.831478,5.028949,-4.304875,-16.497793,34.442383,60.911652,-6.787253,6.749835,-10.588387
565.000000,2593.868408,2128.216064,78.207077,0.429160,-2.516725,62.358728,-3.972622,-3.167782,-0.046065,17.186701,-10.765506,2.606978,-2.558483,-13.979712,-21.478140,40.862938,-14.027648,3.514339,3.196778,-5.193970,0.457502,1.234697,17.723921,-37.189606,65.046501,15.794163,8.610623,5.213499,-4.427109,-16.045141,33.824726,60.439262,-6.336842,6.513669,-10.628600
566.000000,2593.919678,2128.440918,78.300240,-0.048704,-2.505078,62.720339,-3.817195,-2.790399,-0.647876,17.176329,-10.909996,2.572468,-4.149244,-13.319461,-20.921143,40.985542,-15.514485,3.111100,3.173561,-5.089550,0.730057,1.154080,17.807129,-37.373386,65.061050,15.550711,8.342174,5.344247,-4.646851,-15.701347,33.331028,60.009533,-5.932371,6.244549,-10.651948
567.000000,2593.990967,2128.655518,78.389862,-0.503293,-2.493340,62.999418,-3.642264,-2.371823,-1.118544,17.177197,-11.054580,2.483917,-5.785823,-12.724304,-20.677319,40.466770,-16.570709,2.873164,3.115758,-4.895765,1.085439,1.137325,17.905127,-37.580032,65.057884,15.404434,8.094981,5.397529,-4.946172,-15.348889,32.774727,59.691177,-5.635583,5.997391,-10.670547
568.000000,2594.091553,2128.877197,78.461845,-0.860520,-2.407681,63.234090,-3.544963,-2.003111,-1.468135,17.189735,-11.196026,2.379870,-7.377878,-12.271365,-20.592266,39.120861,-16.893997,2.783385,3.076051,-4.697878,1.314254,1.160451,18.005468,-37.887207,65.057343,15.329648,7.987525,5.370408,-5.234942,-15.028892,32.394444,59.558010,-5.298006,5.742733,-10.683718
569.000000,2594.238770,2129.110352,78.517868,-1.077022,-2.239456,63.488541,-3.455012,-1.777316,-1.765481,17.067585,-11.265904,2.298077,-8.645578,-11.738623,-20.153811,36.586643,-16.532990,2.757237,3.011618,-4.600416,1.359690,1.228001,18.102436,-38.102493,65.059586,15.314116,7.976583,5.260779,-5.373569,-14.738393,32.143791,59.514980,-4.979563,5.477515,-10.705552
570.000000,2594.429932,2129.354736,78.553864,-1.141821,-2.018306,63.885996,-3.376123,-1.725539,-2.063352,16.854710,-11.257356,2.248968,-9.415542,-11.301014,-19.698658,33.766983,-15.760473,2.701500,2.883301,-4.607799,1.318406,1.266893,18.177050,-38.225929,65.060242,15.288227,8.010438,5.116294,-5.368499,-14.553604,32.070881,59.485085,-4.684899,5.229313,-10.734097
571.000000,2594.652100,2129.596924,78.571594,-1.167355,-1.807032,64.318703,-3.302353,-1.726867,-2.450948,16.610542,-11.268427,2.183537,-10.099262,-10.695027,-19.029722,29.875523,-14.199614,2.557488,2.706825,-4.617279,1.225437,1.250806,18.244751,-38.403488,65.053055,15.169169,8.101727,4.865661,-5.243249,-14.402753,32.063431,59.479393,-4.313007,4.908694,-10.786655
572.000000,2594.903076,2129.824951,78.578552,-1.201218,-1.642347,64.761606,-3.240991,-1.677781,-2.828936,16.525454,-11.381140,2.079039,-10.502128,-9.916259,-18.205593,26.076910,-12.224876,2.409587,2.574762,-4.520253,1.177388,1.138866,18.318365,-38.681694,64.996132,14.927047,8.187823,4.526012,-5.047951,-14.337108,32.131348,59.478527,-4.012480,4.642879,-10.876291
573.000000,2595.201904,2130.038086,78.577690,-1.198020,-1.485809,65.258078,-3.185873,-1.631720,-3.277209,16.489532,-11.520340,1.928573,-10.724527,-9.092669,-17.339039,22.745853,-10.109576,2.321853,2.402961,-4.398008,1.144871,0.947643,18.471689,-39.057575,64.875656,14.598067,8.218647,4.147832,-4.879999,-14.298285,32.373734,59.519844,-3.611522,4.478234,-10.957549
574.000000,2595.550293,2130.241455,78.567581,-1.077384,-1.357780,65.695646,-3.012613,-1.644239,-3.654619,16.281738,-11.595767,1.747776,-10.763539,-8.462748,-16.727734,20.055222,-8.316423,2.226704,2.312481,-4.363621,1.102190,0.702607,18.658102,-39.294777,64.790947,14.165306,8.220979,3.801736,-4.756121,-14.245684,32.748783,59.644844,-3.086092,4.376792,-11.005789
575.000000,2595.962402,2130.460449,78.537010,-0.789885,-1.278433,66.040743,-2.591806,-1.768848,-3.917108,15.785336,-11.620786,1.522506,-10.436851,-8.031669,-16.444523,17.361612,-7.284086,2.033406,2.374436,-4.496733,0.974107,0.449619,18.875298,-39.341347,64.776901,13.797237,8.219046,3.486685,-4.606726,-14.131348,33.327503,59.872684,-2.430451,4.282203,-11.042233
576.000000,2596.414795,2130.696533,78.485474,-0.498640,-1.200021,66.486677,-2.249604,-1.924469,-4.233882,15.488834,-11.777152,1.296245,-9.831928,-7.760746,-16.390669,15.479503,-6.536388,1.720597,2.318279,-4.610540,0.727573,0.293629,19.090387,-39.346855,64.743301,13.642259,8.218919,3.284573,-4.490235,-13.950904,33.848747,60.259777,-1.631788,4.110885,-11.066134
577.000000,2596.850586,2130.960449,78.486130,-0.522057,-1.135149,66.968984,-1.955501,-1.732588,-4.672910,15.364399,-12.031584,1.048980,-9.076212,-7.406001,-16.640457,14.457968,-5.111372,1.490433,2.214288,-4.229418,0.461604,0.182839,19.130594,-39.350094,64.654205,13.621636,8.221550,3.164773,-4.396689,-13.832133,34.248299,60.885704,-0.760792,3.860675,-11.100286
578.000000,2597.281982,2131.230469,78.505501,-0.606363,-1.029856,67.399172,-1.744698,-1.502543,-4.981800,15.239556,-12.194333,0.852358,-8.459340,-7.136112,-17.031670,13.670938,-4.248115,1.393356,2.175515,-3.819065,0.257324,0.131878,19.155140,-39.350510,64.443451,13.615636,8.220370,3.091580,-4.349857,-13.763231,34.497540,61.460243,-0.225522,3.676736,-11.123615
579.000000,2597.699463,2131.469482,78.496201,-0.585724,-0.967615,67.695642,-1.489411,-1.316695,-5.228046,15.102169,-12.388176,0.601024,-7.735515,-6.935897,-17.491611,12.676311,-2.729125,1.321609,2.190430,-3.418195,0.120227,0.045859,19.240404,-39.323605,64.068031,13.610032,8.195879,3.045311,-4.365407,-13.678250,34.754963,62.170986,0.263903,3.476216,-11.141706
580.000000,2598.072510,2131.695068,78.521935,-0.815466,-0.998417,67.962342,-1.175441,-0.860896,-5.395504,15.102454,-12.696343,0.293225,-6.923431,-6.467330,-17.957106,11.869596,-2.410479,1.207029,2.268401,-2.691061,0.193556,-0.131214,19.192883,-39.223351,63.779728,13.639834,8.114656,3.033977,-4.443866,-13.662416,34.930943,62.930397,0.771002,3.238311,-11.149887
581.000000,2598.421387,2131.913086,78.562828,-1.015868,-0.973201,68.267450,-0.946079,-0.374820,-5.484037,15.103253,-12.885923,0.018071,-6.146042,-5.975770,-18.466095,11.091253,-2.586073,1.116604,2.238112,-1.909775,0.281112,-0.385053,18.983635,-39.081581,63.735584,13.698037,8.064154,3.027684,-4.464198,-13.682670,34.997128,63.607780,1.358862,2.971761,-11.155993
582.000000,2598.749512,2132.116211,78.597000,-1.159007,-0.971693,68.659423,-0.685440,0.078434,-5.112008,14.931599,-12.993207,-0.376215,-5.437096,-5.622383,-18.984247,10.457850,-2.761425,1.040192,2.073757,-1.241494,0.435701,-0.686751,18.756733,-38.956970,63.732723,13.773626,8.044860,3.018863,-4.467110,-13.750239,35.160786,64.174095,1.896946,2.699098,-11.161146
583.000000,2599.070068,2132.315430,78.618706,-1.260060,-0.935042,69.023619,-0.387327,0.465911,-4.776055,14.584558,-13.018517,-0.495031,-4.859637,-5.343255,-19.477579,10.024748,-2.958008,0.966034,1.834508,-0.669159,0.559165,-0.993822,18.578705,-38.928219,63.701080,13.879765,8.010920,3.007541,-4.401848,-13.893929,35.467491,64.614983,2.293131,2.399049,-11.168969
584.000000,2599.385498,2132.518311,78.634079,-1.329162,-0.859814,69.222937,-0.048598,0.789865,-4.575021,14.124813,-12.988276,-0.510558,-4.460244,-5.074216,-19.748522,9.708957,-3.135057,0.887633,1.666176,-0.226643,0.598571,-1.197176,18.484100,-38.915817,63.615334,13.919858,7.956778,3.001597,-4.275312,-14.043661,35.698883,64.986961,2.503721,2.066976,-11.192475
585.000000,2599.690674,2132.724854,78.647705,-1.365366,-0.795656,69.352532,0.380916,1.103488,-4.315830,13.544751,-12.928861,-0.592240,-4.086240,-4.821362,-19.945238,9.451711,-3.345905,0.804981,1.432072,0.157759,0.633732,-1.328814,18.416811,-38.909878,63.511536,13.934291,7.904547,2.997301,-4.102339,-14.236353,35.847794,65.367485,2.619860,1.714574,-11.294307
586.000000,2599.979492,2132.921143,78.659477,-1.374437,-0.706327,69.369103,0.773658,1.384918,-3.938286,12.985036,-12.841273,-0.733670,-3.845408,-4.605066,-20.013979,9.299118,-3.561643,0.716500,1.183632,0.421962,0.625545,-1.353539,18.381151,-38.905636,63.412258,13.947042,7.881094,2.994069,-3.975639,-14.449046,35.846405,65.453293,2.961270,1.284064,-11.557211
587.000000,2600.244141,2133.100098,78.664230,-1.408152,-0.607923,69.485084,0.998017,1.641103,-3.423166,12.609483,-12.848921,-1.001210,-3.674379,-4.445777,-20.138655,9.193353,-3.723281,0.659619,0.924699,0.603962,0.610539,-1.371897,18.336325,-38.903442,63.362820,13.960389,7.877687,2.989499,-3.925051,-14.628834,35.855545,65.407288,3.090943,1.005695,-11.846809
588.000000,2600.505859,2133.281006,78.669983,-1.425183,-0.491385,69.604322,1.252821,1.871137,-3.145999,12.197977,-12.754724,-1.054819,-3.475614,-4.280449,-20.301983,9.102647,-3.957509,0.592234,0.708155,0.745908,0.577357,-1.435827,18.243069,-38.840714,63.305504,13.980320,7.879279,2.979085,-3.750463,-14.899169,35.911518,65.340431,3.115537,0.836397,-12.254397
589.000000,2600.747559,2133.455566,78.669685,-1.459514,-0.361904,69.700390,1.465833,2.090429,-2.989770,11.823043,-12.720116,-1.148258,-3.329762,-4.104349,-20.431942,9.026105,-4.174205,0.533723,0.662279,0.847883,0.503837,-1.481225,18.094362,-38.633030,63.201622,14.009250,7.888559,2.971218,-3.415108,-15.191361,35.920853,65.225021,3.113606,0.795362,-12.665351
590.000000,2600.972168,2133.620361,78.666992,-1.490054,-0.255506,69.762920,1.688311,2.315338,-2.845282,11.469718,-12.713874,-1.304371,-3.194051,-3.916786,-20.518734,8.969529,-4.400221,0.473713,0.663463,0.921700,0.452417,-1.492053,17.908234,-38.378052,63.077614,14.069933,7.907201,2.964260,-3.046526,-15.487554,35.899757,65.024643,3.130003,0.759654,-13.157577
591.000000,2601.181885,2133.780518,78.664108,-1.511617,-0.169417,69.843238,1.852800,2.479152,-2.692239,11.245761,-12.715666,-1.397864,-3.068595,-3.787164,-20.595875,8.938684,-4.589924,0.433454,0.661365,0.952864,0.437974,-1.493384,17.728012,-38.196453,63.009586,14.130678,7.937613,2.955442,-2.724019,-15.707266,35.903023,64.901222,3.081465,0.758898,-13.524977
592.000000,2601.362793,2133.928223,78.657433,-1.548512,-0.088643,69.984084,2.000779,2.697113,-2.362028,11.038079,-12.773164,-1.578692,-2.900602,-3.638318,-20.749025,8.896330,-4.822688,0.397163,0.617473,0.999118,0.426714,-1.488877,17.485525,-38.012211,62.922218,14.185792,8.006997,2.936301,-2.312284,-15.959214,35.905296,64.781052,2.996428,0.759393,-13.982347
593.000000,2601.522705,2134.068115,78.655449,-1.560210,-0.054883,70.235468,2.078614,2.811571,-2.214281,10.998744,-12.801746,-1.642362,-2.665725,-3.572673,-20.984783,8.819580,-5.015898,0.397062,0.507438,1.014868,0.462631,-1.484247,17.271471,-37.870007,62.793537,14.206514,8.092511,2.922723,-1.998937,-16.138292,35.928757,64.735336,2.812227,0.778573,-14.399305
594.000000,2601.653076,2134.207275,78.650085,-1.563199,-0.017230,70.591549,2.101190,2.906534,-1.816062,10.979327,-12.856859,-1.741306,-2.468280,-3.588324,-21.302528,8.849579,-5.257095,0.423808,0.361558,1.026912,0.464098,-1.484864,17.039930,-37.784206,62.691338,14.232237,8.160362,2.920031,-1.684177,-16.283497,35.958858,64.763512,2.456893,0.876381,-14.693640
595.000000,2601.753662,2134.339844,78.644501,-1.555283,0.004653,70.900306,2.125156,2.950109,-1.500018,10.976508,-12.875737,-1.741327,-2.337840,-3.632155,-21.518829,8.933923,-5.466886,0.458036,0.310776,1.025759,0.462912,-1.474837,16.837002,-37.727737,62.612278,14.270034,8.227365,2.920311,-1.442823,-16.369059,35.977772,64.875275,2.048722,0.994396,-14.872625
596.000000,2601.838379,2134.463379,78.636726,-1.555477,0.017224,71.156266,2.160531,3.005563,-1.140120,10.975775,-12.917344,-1.710755,-2.207958,-3.669775,-21.727518,9.048097,-5.696548,0.497764,0.303736,1.026674,0.458665,-1.468040,16.756933,-37.661140,62.535923,14.512292,8.371926,2.923533,-1.214955,-16.412764,36.011246,65.146614,1.470415,1.157366,-14.992179
597.000000,2601.902100,2134.579346,78.628365,-1.556078,0.028211,71.308898,2.228708,3.071220,-0.661405,10.948390,-12.967101,-1.687907,-2.097168,-3.703323,-21.869131,9.191092,-5.938942,0.538950,0.355652,1.014350,0.452558,-1.447361,16.732792,-37.471642,62.511436,14.677441,8.504286,2.931323,-1.021658,-16.420448,36.037807,65.564651,0.779751,1.378063,-15.074821
598.000000,2601.947510,2134.682861,78.623650,-1.545365,0.009157,71.579515,2.280686,3.081882,-0.393745,10.967233,-12.991331,-1.661609,-1.947285,-3.764431,-22.044357,9.276737,-6.135262,0.594701,0.376344,0.963461,0.479879,-1.430257,16.724924,-37.219875,62.515709,14.877473,8.649432,2.938766,-0.922538,-16.414474,36.112034,65.949615,0.132608,1.660384,-15.129948
599.000000,2601.984375,2134.773682,78.624176,-1.476448,-0.072462,72.057467,2.323260,2.982113,-0.352734,10.993320,-12.930595,-1.633976,-1.736596,-3.974115,-22.440866,9.487181,-6.431478,0.687802,0.372489,0.807794,0.548832,-1.443035,16.687260,-36.862690,62.570786,15.247175,8.762347,2.913059,-0.841443,-16.420290,36.232552,66.164261,-0.194582,2.045674,-15.259371
600.000000,2602.020020,2134.868164,78.630028,-1.369342,-0.202486,72.679853,2.406789,2.800501,-0.385093,11.008209,-12.789914,-1.607888,-1.431087,-4.305963,-22.991678,9.800331,-6.814912,0.820207,0.413926,0.534102,0.610285,-1.453536,16.636774,-36.536167,62.747231,15.627329,8.855647,2.858377,-0.721614,-16.413019,36.492416,66.336517,-0.422957,2.559112,-15.284629
601.000000,2602.047607,2134.961426,78.639450,-1.229755,-0.323005,73.390220,2.430424,2.604973,-0.353304,11.052906,-12.636552,-1.566665,-1.172549,-4.651883,-23.516335,10.094427,-7.154219,0.958919,0.479646,0.236213,0.612212,-1.451655,16.618624,-36.432495,63.011024,15.767892,8.919143,2.755696,-0.665480,-16.404997,36.691483,66.444237,-0.454661,2.944554,-15.284552
602.000000,2602.063477,2135.045898,78.646835,-1.067874,-0.408327,74.278193,2.342689,2.379107,-0.336820,11.181640,-12.494279,-1.486039,-0.950420,-5.055920,-24.149359,10.448174,-7.527920,1.117646,0.564809,-0.091821,0.581184,-1.457600,16.681242,-36.332539,63.226913,15.837324,9.002239,2.651878,-0.598503,-16.401085,37.026802,66.612007,-0.512659,3.299310,-15.274046
603.000000,2602.057373,2135.134277,78.648743,-0.899253,-0.516835,75.293347,2.214589,2.077648,-0.160210,11.349149,-12.339355,-1.404611,-0.676987,-5.633940,-25.020372,10.990885,-8.043470,1.342669,0.734945,-0.501164,0.577587,-1.400385,16.765755,-36.248539,63.359406,15.933055,9.112102,2.548536,-0.490646,-16.408953,37.508205,66.891373,-0.686745,3.688010,-15.217324
604.000000,2602.032715,2135.227295,78.637436,-0.778697,-0.626471,76.540567,2.090574,1.860724,0.362384,11.405887,-12.266700,-1.390421,-0.354723,-6.188037,-26.039577,11.501466,-8.552668,1.583748,0.909211,-0.850588,0.570136,-1.309646,16.819651,-35.980247,63.374104,16.196852,9.269957,2.433127,-0.325140,-16.438583,37.878811,67.139809,-0.886867,4.097328,-15.066024
605.000000,2601.992676,2135.320557,78.607544,-0.699918,-0.717481,77.999219,1.912672,1.653469,1.044354,11.411038,-12.263775,-1.284052,0.032842,-6.826530,-27.408640,12.145619,-9.179012,1.873644,1.076030,-1.216157,0.546825,-1.257626,16.829718,-35.584293,63.386848,16.769640,9.465325,2.283171,-0.048701,-16.508465,38.191269,67.298637,-1.084668,4.610968,-14.849893
606.000000,2601.950928,2135.409424,78.572754,-0.565881,-0.817436,79.083043,1.861260,1.332268,1.121707,11.329100,-12.170544,-0.756177,0.207627,-7.490973,-28.414490,13.062718,-9.868258,2.126086,1.684558,-1.678116,0.540576,-1.221397,16.813156,-35.023457,63.427891,17.347366,9.597395,2.157588,0.224711,-16.589031,38.394958,67.311943,-1.339548,5.172193,-14.500567
607.000000,2601.908936,2135.501709,78.537437,-0.409803,-0.934296,79.872283,1.915282,0.966048,0.671372,11.295464,-12.109281,-0.432708,0.263440,-8.105226,-29.007870,14.013171,-10.502740,2.334745,2.489599,-2.221711,0.537738,-1.084039,16.873831,-34.605656,63.520477,17.661882,9.734530,2.085828,0.282197,-16.610577,38.494450,67.315262,-1.586931,5.675614,-14.130031
608.000000,2601.851562,2135.599609,78.494026,-0.246164,-1.028202,80.637342,1.890096,0.555465,0.059108,11.435140,-12.180677,-0.247585,0.278715,-8.782380,-29.591391,15.060474,-11.185312,2.587001,3.150818,-2.811222,0.492346,-0.852804,17.007435,-34.381954,63.637142,17.737610,9.898584,2.009633,0.170539,-16.638216,38.549011,67.317009,-1.783244,6.082476,-13.854779
609.000000,2601.763672,2135.702148,78.438957,-0.075446,-1.095467,81.402213,1.735139,0.129383,-0.538145,11.789733,-12.363350,-0.068694,0.228122,-9.483253,-30.120573,16.145987,-11.862505,2.859030,3.650265,-3.337906,0.419355,-0.572039,17.131025,-34.139198,63.691441,17.732319,10.051456,1.940154,-0.015898,-16.767984,38.551151,67.243294,-1.867333,6.389242,-13.679632
610.000000,2601.646729,2135.807373,78.376839,0.093768,-1.154789,82.197132,1.480727,-0.369487,-1.216992,12.331747,-12.623690,0.120981,0.175082,-10.280955,-30.703959,17.335247,-12.591388,3.165943,4.107125,-3.861213,0.357628,-0.263390,17.254860,-33.875168,63.699589,17.712061,10.165977,1.905816,-0.288472,-17.059803,38.549644,67.091377,-2.113176,6.660805,-13.507084
611.000000,2601.513184,2135.912598,78.314651,0.255227,-1.204049,83.024091,1.197296,-0.866695,-1.898718,12.896727,-12.872125,0.309470,0.153747,-11.042420,-31.270708,18.409498,-13.228225,3.456817,4.452760,-4.330181,0.334116,0.008991,17.378403,-33.642727,63.701374,17.691452,10.202262,1.901095,-0.670542,-17.382227,38.501152,67.025368,-2.506143,6.861667,-13.379996
612.000000,2601.375488,2136.012451,78.270172,0.287190,-1.240872,83.869257,0.942592,-1.152417,-2.421116,13.372540,-13.073355,0.415961,0.089323,-11.489635,-31.466276,19.221247,-13.556264,3.621624,4.625230,-4.584783,0.325501,0.203071,17.482515,-33.517948,63.703476,17.675154,10.203224,1.898609,-1.028968,-17.585541,38.323803,67.014420,-2.845724,7.011745,-13.324260
613.000000,2601.258057,2136.099121,78.256546,0.174365,-1.279827,84.820707,0.568747,-1.390188,-3.277184,14.069862,-13.341248,0.518419,-0.093002,-11.848982,-30.990496,20.491211,-13.777699,3.986585,4.647999,-4.794814,0.363290,0.394590,17.665840,-33.458424,63.742462,17.609848,10.184988,1.880664,-1.558286,-17.769066,37.818386,66.890259,-3.429405,7.244321,-13.305258
614.000000,2601.161621,2136.179443,78.282936,-0.080398,-1.312262,85.719625,0.271372,-1.448733,-4.167844,14.606226,-13.523730,0.608249,-0.488640,-12.035255,-30.168140,22.065147,-13.600803,4.231568,4.677252,-4.871285,0.440147,0.410118,17.803877,-33.309853,63.884880,17.454432,10.108607,1.846830,-1.980446,-17.886829,37.161026,66.531242,-4.047095,7.458168,-13.303642
615.000000,2601.081787,2136.262207,78.344421,-0.466015,-1.321449,86.615891,0.015712,-1.315577,-5.135594,15.034605,-13.657774,0.678821,-1.190867,-12.100616,-29.151537,24.123219,-12.939804,4.295812,4.779423,-4.810952,0.505561,0.376326,17.915339,-33.091190,64.077499,17.225845,9.940422,1.828463,-2.438340,-17.961170,36.390984,66.046051,-4.627834,7.584476,-13.303731
616.000000,2601.030273,2136.334717,78.411713,-0.842062,-1.273193,87.452161,-0.232508,-1.135238,-6.071601,15.327230,-13.709491,0.709459,-2.258746,-12.165355,-27.949560,26.587503,-12.135596,4.023228,4.838599,-4.742324,0.555147,0.315588,18.127560,-33.154366,64.122078,16.916498,9.708634,1.788119,-2.930124,-17.983019,35.866383,65.550049,-4.914012,7.596635,-13.307438
617.000000,2601.026611,2136.393799,78.467766,-1.161506,-1.202372,88.238796,-0.460837,-0.972103,-6.929698,15.570687,-13.737772,0.719444,-3.559312,-12.052676,-26.174459,29.047342,-11.487483,3.500450,4.789830,-4.724784,0.697991,0.218692,18.470879,-33.447212,64.097977,16.547491,9.391502,1.759748,-3.555375,-17.922453,35.439785,65.043510,-5.043261,7.575383,-13.330267
618.000000,2601.104248,2136.455811,78.531792,-1.548010,-0.820060,88.842716,-1.007666,-0.655053,-7.789589,15.823007,-13.782216,0.637727,-5.032677,-10.921739,-23.910675,29.575079,-12.310269,2.670180,4.750088,-4.686877,0.597153,0.083231,18.912910,-33.978104,64.091400,16.109035,9.098218,1.756528,-4.226387,-17.691895,34.958805,64.658447,-4.944523,7.454395,-13.454085
619.000000,2601.250244,2136.486328,78.604218,-1.963649,-0.465711,89.242320,-1.503612,-0.200510,-8.432096,15.972516,-13.813451,0.468329,-6.594745,-9.206107,-22.033184,28.446213,-13.480655,1.966837,4.799135,-4.578444,0.684911,-0.110482,19.353762,-34.443718,64.042633,15.469124,8.847785,1.760050,-4.996181,-17.428303,34.606186,64.300102,-4.730936,7.268901,-13.643168
620.000000,2601.442871,2136.518555,78.673637,-2.356473,-0.265856,89.728383,-1.856807,0.322053,-9.181829,16.103725,-13.839233,0.212206,-8.184157,-7.230174,-20.633766,26.371458,-13.875268,1.138662,4.650097,-4.356322,1.074042,-0.271379,19.829649,-34.843998,63.887913,14.769899,8.603851,1.761590,-5.852315,-17.156063,34.235725,63.820404,-4.467438,6.968734,-13.866156
621.000000,2601.665771,2136.602051,78.720566,-2.610867,-0.148338,90.212825,-1.988595,0.712527,-9.837007,16.110279,-13.846356,-0.052043,-9.583528,-5.513441,-19.571793,23.813993,-12.840255,0.342737,4.405820,-4.131261,1.479745,-0.329439,20.182259,-35.126766,63.783485,14.352986,8.440392,1.760133,-6.546749,-16.898809,33.867100,63.402142,-4.267610,6.604566,-14.042381
622.000000,2601.895508,2136.760498,78.723022,-2.655096,-0.020036,90.690626,-2.046245,0.880031,-10.373507,16.078650,-13.898033,-0.274866,-10.855684,-4.259726,-18.688911,21.092350,-10.910041,-0.323852,4.169742,-3.962624,1.661868,-0.295788,20.362371,-35.311386,63.771439,14.101040,8.388778,1.756843,-7.022554,-16.695290,33.641209,63.094292,-4.065446,6.217824,-14.181995
623.000000,2602.120117,2136.994629,78.676834,-2.547698,0.009491,91.183662,-2.014481,0.875589,-10.755101,16.144577,-14.042372,-0.425158,-11.543487,-3.656008,-18.317793,18.915415,-9.120254,-0.694029,4.025004,-3.829866,1.717875,-0.247562,20.401722,-35.444649,63.772511,14.017546,8.384782,1.749523,-7.205166,-16.585836,33.567043,62.936474,-3.845322,5.901021,-14.339047
624.000000,2602.360840,2137.331055,78.568962,-2.332962,-0.057530,91.659914,-1.920551,0.756154,-11.102139,16.514431,-14.473710,-0.588993,-12.036039,-3.215781,-17.855703,16.382090,-7.318085,-0.972844,3.998859,-3.620582,1.646078,-0.113932,20.356314,-35.611946,63.771935,14.085414,8.384719,1.724707,-7.183300,-16.470274,33.552456,62.887302,-3.636067,5.530590,-14.602269
625.000000,2602.621826,2137.752441,78.401741,-2.026158,-0.167557,92.210506,-1.862844,0.490205,-11.503003,17.334272,-15.250162,-0.749318,-12.158371,-2.884987,-16.829905,13.945124,-6.770844,-1.161420,3.915308,-3.366902,1.371614,0.147377,20.288933,-35.851540,63.769127,14.294437,8.388051,1.659020,-6.886596,-16.337936,33.593395,62.875637,-3.629076,5.216091,-14.911695
626.000000,2602.866699,2138.218750,78.224113,-1.979196,-0.393966,92.839590,-1.923501,0.346931,-11.987255,18.726704,-16.370775,-0.912067,-11.779398,-2.718328,-16.367992,13.083146,-5.723065,-1.446372,3.725885,-2.814437,1.075486,0.406062,20.131805,-36.125694,63.788013,14.387542,8.428843,1.587365,-6.463302,-16.267590,33.727303,62.870289,-3.766515,5.052121,-15.232072
627.000000,2603.066406,2138.708984,78.115257,-2.297376,-0.626551,93.509056,-1.954730,0.674435,-12.546822,20.149128,-17.504230,-1.118599,-10.975785,-2.469737,-17.143837,12.924431,-4.458746,-1.619963,3.494876,-1.663484,0.739561,0.664121,19.774199,-36.414230,63.823696,14.447772,8.498263,1.508506,-5.976032,-16.291056,33.788784,62.889744,-3.857689,4.998349,-15.456630
628.000000,2603.258301,2139.199707,78.052948,-2.542347,-0.814943,94.155943,-1.927494,1.041100,-12.844785,21.295630,-18.297653,-1.384401,-10.084616,-2.430752,-18.390518,12.838986,-3.827464,-1.687440,3.243407,-0.490016,0.389129,0.890814,19.384712,-36.663723,63.833271,14.544776,8.534198,1.427863,-5.504152,-16.302132,33.797630,63.099510,-3.860040,4.839616,-15.650022
629.000000,2603.454102,2139.660156,77.994064,-2.673603,-1.018644,94.923142,-1.920934,1.609188,-11.454180,22.018856,-18.941711,-2.184277,-9.265552,-2.519486,-19.488821,12.800249,-3.218426,-1.709209,2.981451,0.416883,0.222427,0.956294,19.048977,-36.734974,63.832500,14.761696,8.541894,1.382276,-5.096781,-16.347914,33.885151,63.437283,-3.824438,4.619641,-15.907366
630.000000,2603.666260,2140.098389,77.925476,-2.742979,-1.297184,95.890440,-1.910442,2.049355,-9.851151,22.539185,-19.221426,-2.187152,-8.609696,-2.657307,-20.270847,12.922119,-2.643119,-1.745462,2.797990,1.028718,0.240086,0.866941,18.812357,-36.742092,63.809078,15.056159,8.549102,1.367466,-4.711778,-16.432756,34.048805,63.737148,-3.800625,4.443978,-16.163374
631.000000,2603.865723,2140.504150,77.907326,-3.002354,-1.526248,96.921773,-1.987373,2.856394,-7.836066,23.238924,-19.536469,-2.231090,-7.801168,-2.599683,-21.319368,13.249314,-3.312305,-1.776845,2.632631,1.955692,0.330630,0.628707,18.473715,-36.739948,63.737381,15.410688,8.592093,1.353248,-4.173868,-16.648558,34.393333,64.159813,-3.786924,4.302640,-16.458256
632.000000,2604.067139,2140.867676,77.916183,-3.182670,-1.674769,97.861696,-2.212982,3.748246,-5.473933,23.916817,-19.667671,-2.391505,-7.013597,-2.474312,-22.288479,13.280700,-3.989849,-1.770070,2.618460,2.737052,0.397897,0.357130,18.229780,-36.739357,63.531696,15.538869,8.639505,1.335539,-3.664067,-16.872492,34.939751,64.609154,-3.772521,4.253681,-16.652241
633.000000,2604.285645,2141.222656,77.950562,-3.215168,-1.822422,98.732069,-2.353518,4.464291,-3.246809,24.413582,-19.482529,-2.427650,-6.247396,-2.453231,-23.107315,13.227299,-4.536395,-1.755066,2.642093,3.268316,0.534824,0.064976,18.031378,-36.740753,63.422512,15.566734,8.665795,1.325341,-3.340398,-16.957163,35.535480,65.321259,-3.768181,4.207685,-16.735651
634.000000,2604.499023,2141.562744,78.000336,-3.123027,-1.894290,99.445131,-2.402256,4.888074,-1.721459,24.645761,-19.121151,-2.465010,-5.643459,-2.516805,-23.714746,13.140582,-4.946328,-1.739035,2.651899,3.560148,0.596237,-0.123056,17.865610,-36.741302,63.395584,15.598404,8.734982,1.319702,-3.151768,-16.934889,36.108109,66.153725,-3.913059,4.165681,-16.749638
635.000000,2604.692871,2141.891602,78.051704,-2.981012,-1.961062,99.878186,-2.300173,5.191957,-0.481290,24.739182,-18.693876,-2.549187,-5.096106,-2.573040,-24.086283,13.056310,-5.325566,-1.737723,2.760590,3.787726,0.633580,-0.198161,17.655313,-36.740051,63.345474,15.806271,8.916469,1.309987,-2.972476,-16.888453,36.589825,67.007156,-4.263649,4.147080,-16.752045
636.000000,2604.866699,2142.222900,78.106445,-2.818666,-2.037289,100.170007,-2.091088,5.375170,0.380840,24.743387,-18.254248,-2.576375,-4.589248,-2.586479,-24.248657,12.895329,-5.607257,-1.746794,2.885679,3.996836,0.661191,-0.149788,17.389008,-36.685207,63.194424,16.198038,9.185582,1.251028,-2.735934,-16.877302,36.807621,67.694305,-4.769696,4.089435,-16.754091
637.000000,2605.023926,2142.544434,78.167580,-2.615422,-2.068721,100.414502,-1.819769,5.421813,0.929780,24.555840,-17.747017,-2.609217,-4.136014,-2.640891,-24.359976,12.701316,-5.850957,-1.757531,2.921779,4.130063,0.635587,0.034421,17.168705,-36.635460,62.785603,16.585238,9.483820,1.159907,-2.404683,-16.869474,36.921021,68.281868,-5.378786,4.038485,-16.783333
638.000000,2605.183838,2142.848389,78.233322,-2.352227,-2.023940,100.575012,-1.541219,5.404453,1.356164,24.158924,-17.312210,-2.674484,-3.888067,-2.734300,-24.405354,12.606597,-6.041588,-1.768854,2.897240,4.138763,0.585295,0.223693,17.086916,-36.629021,62.285305,16.817738,9.704103,1.062950,-2.127818,-16.870974,37.038944,68.603088,-5.793374,4.033045,-16.860561
639.000000,2605.354004,2143.113770,78.297272,-2.109560,-1.912371,100.764482,-1.214993,5.364532,1.819794,23.493483,-16.764679,-2.756881,-3.685372,-2.838496,-24.456202,12.449779,-6.209330,-1.794016,2.731005,4.087510,0.540680,0.404340,17.074488,-36.628811,61.575600,16.969099,9.884083,0.932445,-1.992910,-16.935997,37.198429,68.740753,-6.184931,4.045151,-17.037275
640.000000,2605.531494,2143.341553,78.353035,-1.909791,-1.743565,101.006051,-0.960420,5.331510,2.101291,22.736483,-16.234556,-2.858564,-3.512009,-2.897417,-24.612423,12.192417,-6.316320,-1.840036,2.462553,4.021801,0.543531,0.351998,17.065731,-36.631001,60.939949,17.005711,9.932615,0.854936,-1.936423,-17.029757,37.695435,68.878197,-6.807022,4.121329,-17.057762
641.000000,2605.704346,2143.546143,78.404465,-1.693059,-1.567540,101.123931,-0.655630,5.314460,2.461389,21.879551,-15.804835,-2.963678,-3.459718,-2.943631,-24.660738,12.029621,-6.393207,-1.892130,2.350050,3.926949,0.576742,0.127554,17.020472,-36.630516,60.544392,17.087585,9.937702,0.849374,-1.910951,-17.054813,38.054600,68.968651,-7.210358,4.288545,-17.007879
642.000000,2605.861572,2143.729492,78.446869,-1.498041,-1.354050,101.226373,-0.304703,5.302259,2.969498,20.781120,-15.295392,-3.083290,-3.489009,-3.005027,-24.695738,11.895529,-6.503484,-1.958770,2.216871,3.819584,0.594165,-0.235354,16.893576,-36.627895,60.157692,17.258778,9.939763,0.877373,-1.877393,-17.058996,38.359776,69.057251,-7.606865,4.535729,-16.887714
643.000000,2605.993164,2143.894775,78.482399,-1.311484,-1.238654,101.282646,0.100968,5.285020,3.509623,19.797955,-14.857826,-3.175986,-3.491046,-3.082482,-24.678240,11.869287,-6.638954,-1.999214,2.090845,3.734871,0.683019,-0.589410,16.690903,-36.624844,59.999336,17.439425,9.898653,1.026386,-1.855821,-17.018158,38.461956,69.152145,-7.838849,4.789431,-16.755861
644.000000,2606.101807,2144.067383,78.513527,-1.122913,-1.180971,101.217752,0.567148,5.279613,4.192150,18.936863,-14.473467,-3.248208,-3.465305,-3.155030,-24.542627,11.913024,-6.800188,-2.016108,2.027041,3.644322,0.744974,-0.806634,16.451866,-36.623966,59.990997,17.543791,9.857446,1.214903,-1.820629,-16.921518,38.488110,69.270012,-7.902370,5.080713,-16.618357
645.000000,2606.191162,2144.244141,78.538788,-0.944016,-1.151850,101.056649,0.957222,5.283062,4.833934,18.319485,-14.174440,-3.298484,-3.452723,-3.208061,-24.352812,11.997650,-6.954561,-2.029713,2.027200,3.550155,0.757729,-0.884403,16.252014,-36.623737,60.015877,17.578127,9.815594,1.355306,-1.767229,-16.830814,38.558601,69.317039,-7.924074,5.365274,-16.476042
646.000000,2606.267090,2144.411865,78.557678,-0.784312,-1.147185,100.893160,1.384097,5.285581,5.582253,17.744717,-13.850991,-3.359327,-3.441294,-3.276967,-24.099066,12.169872,-7.172333,-2.050027,2.038168,3.405634,0.757544,-0.897454,16.013121,-36.625088,60.131882,17.592924,9.752654,1.464956,-1.702382,-16.717987,38.779354,69.325363,-7.943459,5.706522,-16.269173
647.000000,2606.336426,2144.569336,78.567680,-0.666466,-1.149556,100.739878,1.753007,5.305694,6.217383,17.293482,-13.611547,-3.409968,-3.425821,-3.316716,-23.873158,12.349658,-7.388049,-2.068733,2.062520,3.257228,0.747240,-0.929665,15.904879,-36.662354,60.320961,17.628046,9.725681,1.515245,-1.666419,-16.611141,39.159443,69.331146,-7.955999,6.012415,-16.044481
648.000000,2606.386230,2144.710693,78.570816,-0.587112,-1.149868,100.602619,2.085857,5.343021,6.755478,16.901556,-13.462206,-3.449409,-3.412542,-3.321042,-23.660408,12.512722,-7.584975,-2.082616,2.105759,3.141439,0.720516,-1.014850,15.911688,-36.809448,60.614864,17.625872,9.722984,1.626359,-1.668801,-16.539118,39.677193,69.337112,-7.962619,6.305705,-15.791094
649.000000,2606.414307,2144.840088,78.577293,-0.512414,-1.195913,100.527503,2.420869,5.346624,7.160293,16.534073,-13.319061,-3.486655,-3.323830,-3.337899,-23.507467,12.606496,-7.744261,-2.080191,2.108240,3.028643,0.724695,-1.084576,15.917748,-37.007931,60.946480,17.622326,9.733869,1.759488,-1.687065,-16.467737,40.140404,69.368767,-7.994016,6.558305,-15.533190
650.000000,2606.420654,2144.963867,78.589249,-0.439154,-1.262399,100.538570,2.779646,5.299185,7.455284,16.153561,-13.133214,-3.512675,-3.144847,-3.392071,-23.420206,12.639444,-7.892545,-2.041362,2.082791,2.879744,0.721932,-1.110189,15.893537,-37.228191,61.297222,17.623415,9.783858,1.826152,-1.694081,-16.350298,40.570896,69.487755,-8.054175,6.830471,-15.226798
651.000000,2606.403320,2145.072510,78.599770,-0.388198,-1.306762,100.602250,3.002918,5.272351,7.783570,15.948494,-13.013035,-3.530221,-2.976592,-3.456990,-23.398455,12.643064,-8.006062,-1.977875,2.083717,2.744103,0.686097,-1.111651,15.795681,-37.308289,61.618130,17.628847,9.900832,1.844509,-1.689951,-16.240498,40.835327,69.581245,-8.083752,7.161864,-14.878594
652.000000,2606.359375,2145.159424,78.604797,-0.356077,-1.337671,100.613150,3.157896,5.278099,8.283116,15.855989,-12.969583,-3.535743,-2.871899,-3.517462,-23.316336,12.687856,-8.106830,-1.904118,2.178222,2.629747,0.643239,-1.116749,15.668849,-37.315327,61.904030,17.641081,10.079218,1.932414,-1.694935,-16.175707,40.911793,69.579117,-8.093331,7.479497,-14.542769
653.000000,2606.288330,2145.231934,78.606323,-0.342706,-1.397773,100.576100,3.296795,5.282696,8.664943,15.786823,-12.963454,-3.527712,-2.793826,-3.554091,-23.213871,12.728138,-8.169700,-1.842015,2.286480,2.558826,0.623678,-1.120535,15.609182,-37.316433,62.090336,17.654230,10.216007,2.060546,-1.732801,-16.145203,40.920189,69.570549,-8.101057,7.678846,-14.333457
654.000000,2606.191162,2145.286865,78.605972,-0.304448,-1.477300,100.460082,3.505213,5.249410,9.141685,15.702032,-12.958010,-3.487460,-2.729572,-3.638843,-23.015297,12.869709,-8.270405,-1.754632,2.472445,2.455573,0.617329,-1.095730,15.485091,-37.302624,62.367786,17.685362,10.357755,2.199010,-1.832930,-16.120319,40.926090,69.563629,-8.116176,7.897294,-14.114005
655.000000,2606.073486,2145.328125,78.605568,-0.199451,-1.576263,100.339004,3.731027,5.109237,9.622351,15.641664,-12.910079,-3.383482,-2.767747,-3.858395,-22.721502,13.263618,-8.476966,-1.638645,2.715975,2.260512,0.611776,-1.052033,15.375083,-37.203373,62.674988,17.748552,10.511917,2.376318,-1.984724,-16.076450,40.929390,69.557724,-8.135262,8.114753,-13.898435
656.000000,2605.940918,2145.362549,78.608040,0.029237,-1.713804,100.248235,3.989143,4.817825,9.967161,15.502497,-12.741189,-3.248570,-2.900376,-4.259852,-22.443869,13.933784,-8.822409,-1.497163,2.784282,1.931484,0.619880,-0.957812,15.366203,-37.143635,62.976074,17.767529,10.623589,2.512948,-2.196504,-15.966251,40.928654,69.545380,-8.225457,8.297236,-13.692162
657.000000,2605.801270,2145.390625,78.608147,0.303238,-1.875913,100.257046,4.368644,4.342198,10.320336,15.184197,-12.434877,-3.081353,-3.109666,-4.911178,-22.177412,14.970092,-9.362911,-1.303498,2.707837,1.374217,0.626172,-0.835963,15.396449,-37.110401,63.421001,17.800972,10.793246,2.617375,-2.485116,-15.770313,40.906715,69.453072,-8.514636,8.499537,-13.399403
658.000000,2605.638916,2145.406006,78.599876,0.487810,-1.999842,100.646571,4.533695,3.936815,10.414424,15.036778,-12.280886,-2.901146,-3.194593,-5.541552,-22.301617,15.804745,-9.835492,-1.071167,2.436857,0.879346,0.579276,-0.745283,15.442466,-37.063023,63.734322,17.957287,11.004737,2.630511,-2.667741,-15.618632,40.880039,69.283012,-8.947138,8.610692,-13.116600
659.000000,2605.453857,2145.398682,78.586411,0.621821,-2.112695,101.405601,4.518670,3.564415,10.235928,14.987145,-12.236381,-2.685691,-3.144681,-6.190498,-22.832157,16.457859,-10.250279,-0.789388,2.144253,0.474977,0.546969,-0.721343,15.523037,-37.002174,63.831299,18.334215,11.127184,2.591738,-2.736847,-15.522000,40.877937,69.160713,-9.562970,8.695430,-12.833909
660.000000,2605.248047,2145.370361,78.566254,0.768316,-2.196796,102.283527,4.516371,3.077430,9.936753,14.739146,-12.154849,-2.407945,-3.132976,-7.011004,-23.545753,17.278234,-10.746009,-0.455463,2.008456,0.007545,0.534229,-0.743766,15.631187,-36.931042,63.849133,18.892262,11.153760,2.569394,-2.776683,-15.430581,40.879406,69.060303,-10.301498,8.826279,-12.477499
661.000000,2605.028076,2145.323486,78.535217,0.972376,-2.251076,103.093197,4.549943,2.711688,9.790299,14.465880,-12.078611,-2.203189,-3.231666,-7.599580,-23.933212,17.946129,-11.109042,-0.238346,2.073261,-0.323406,0.530015,-0.756983,15.697714,-36.854294,63.853550,19.189896,11.156390,2.568515,-2.805368,-15.390521,40.881348,68.972908,-10.642971,8.912840,-12.227314
662.000000,2604.783447,2145.261230,78.495277,1.199579,-2.352221,103.980548,4.621370,2.052865,9.579929,14.045414,-11.962148,-1.833454,-3.396930,-8.661855,-24.564020,19.152376,-11.748173,0.154839,2.251855,-0.913069,0.562821,-0.763354,15.833109,-36.658997,63.913765,19.491032,11.160872,2.570421,-2.866297,-15.371198,40.884014,68.739807,-10.919772,9.034550,-11.764257
663.000000,2604.520264,2145.191650,78.439194,1.423489,-2.437959,104.805658,4.661227,1.446093,9.424497,13.769109,-11.921073,-1.493994,-3.556684,-9.667557,-25.102396,20.327003,-12.352589,0.528726,2.495456,-1.463671,0.582507,-0.730424,16.007305,-36.557911,64.015602,19.564810,11.178191,2.572630,-2.920488,-15.382683,40.885845,68.451645,-10.944622,9.130189,-11.344604
664.000000,2604.262451,2145.114258,78.365791,1.609906,-2.496115,105.614167,4.664175,0.885317,9.155443,13.545409,-11.987988,-1.167542,-3.799693,-10.589309,-25.512817,21.522825,-12.939698,0.863918,2.769053,-1.991631,0.568237,-0.568624,16.215546,-36.546398,64.027428,19.583740,11.195024,2.572974,-2.984050,-15.387303,40.887024,68.122032,-10.939401,9.188959,-11.038014
665.000000,2604.002686,2145.023193,78.274475,1.761729,-2.568179,106.572473,4.662351,0.250442,8.572803,13.261157,-12.164772,-0.805186,-4.044591,-11.632907,-26.049231,22.904896,-13.603833,1.264125,2.884446,-2.575826,0.567952,-0.322537,16.465593,-36.541840,64.023766,19.591301,11.203138,2.571002,-3.076381,-15.395941,40.882061,67.681969,-10.919190,9.245957,-10.846908
666.000000,2603.739258,2144.916992,78.160812,1.867202,-2.631742,107.641557,4.675753,-0.333107,7.913883,12.925990,-12.478604,-0.451420,-4.302326,-12.644162,-26.550695,24.376345,-14.256001,1.684888,2.884482,-3.099095,0.552827,-0.068124,16.664402,-36.540112,64.044777,19.599741,11.209299,2.571372,-3.162834,-15.412268,40.776489,67.227119,-10.905646,9.288540,-10.759363
667.000000,2603.465576,2144.781738,77.993462,1.923419,-2.651345,108.860598,4.678222,-0.881919,7.401711,12.471635,-13.063067,-0.117407,-4.788013,-13.632840,-26.498587,26.230366,-15.039254,2.179394,2.775463,-3.549628,0.500126,0.149068,16.740618,-36.544773,64.167160,19.652840,11.218234,2.577254,-3.309177,-15.410446,40.451431,66.942062,-10.901373,9.296241,-10.739539
668.000000,2603.185059,2144.602539,77.780937,1.929621,-2.653610,110.282429,4.576289,-1.340265,6.941272,12.064695,-14.005956,0.299329,-5.480808,-14.576929,-26.091894,28.477180,-15.836993,2.762515,2.554921,-3.871922,0.454910,0.275228,16.719687,-36.560711,64.302864,19.703455,11.226024,2.581958,-3.512033,-15.398399,39.983063,66.873955,-10.929890,9.299787,-10.737469
669.000000,2602.963135,2144.415771,77.680862,2.302129,-2.771712,111.201698,4.361902,-2.177181,6.294303,12.239075,-14.055844,0.764405,-6.415921,-15.762778,-24.934288,30.913172,-16.158415,3.155017,2.779800,-4.676663,0.684676,0.306101,16.766211,-36.603481,64.583496,19.728453,11.226086,2.594406,-3.785284,-15.184908,39.486839,66.877480,-11.108506,9.305300,-10.733872
670.000000,2602.752441,2144.247559,77.688179,2.375907,-2.864042,112.002280,4.094947,-2.693479,5.578290,12.512697,-13.891146,1.076698,-7.433147,-16.565653,-23.697636,33.230042,-15.523925,3.497725,3.131218,-5.239057,0.866396,0.265882,16.888939,-36.410358,64.906853,19.546774,11.219080,2.847651,-4.033582,-14.968842,39.081516,66.854622,-11.457403,9.301941,-10.733047
671.000000,2602.543945,2144.117432,77.760887,2.142567,-2.941989,112.865640,3.936719,-2.796436,4.960370,12.645413,-13.758328,1.262807,-8.045239,-16.833542,-23.033228,34.630600,-14.573086,3.723167,3.322811,-5.395890,0.900933,0.244253,17.002310,-36.379337,65.175858,19.473871,11.181129,2.890821,-4.114613,-14.844672,38.859833,66.832413,-11.733741,9.269506,-10.735481
672.000000,2602.331299,2144.012695,77.860283,1.759070,-3.052557,113.884250,3.787063,-2.764725,3.992458,12.806710,-13.620618,1.483802,-8.653987,-16.966120,-22.340265,36.221119,-13.072249,3.916406,3.428636,-5.441362,0.913685,0.259168,17.133694,-36.376663,65.597397,19.341986,11.102835,2.866258,-4.132164,-14.687838,38.553341,66.825935,-12.023604,9.186092,-10.739949
673.000000,2602.148193,2143.934082,77.943405,1.408575,-3.057240,114.899546,3.557360,-2.725226,2.970557,12.998629,-13.524949,1.671902,-9.206721,-16.961699,-21.551767,37.476921,-11.588538,4.218138,3.439339,-5.522007,0.835145,0.302613,17.322834,-36.457439,65.993698,19.053816,11.038280,2.798561,-4.071012,-14.543166,38.263943,66.751404,-12.127162,9.125046,-10.741503
674.000000,2601.997559,2143.855957,78.004639,1.094854,-2.994158,115.870611,3.174914,-2.698439,2.017865,13.338844,-13.519237,1.819611,-9.774253,-16.888884,-20.803371,38.518711,-10.414018,4.182350,3.402012,-5.638419,0.774668,0.385365,17.633383,-36.750690,66.104698,18.629086,10.996833,2.741306,-3.997823,-14.459700,37.916924,66.476120,-12.188345,9.112509,-10.741868
675.000000,2601.866943,2143.778320,78.049400,0.779790,-2.834454,116.789484,2.553749,-2.664058,0.988516,13.941124,-13.639598,1.978637,-10.473466,-16.651295,-19.924471,39.489899,-9.612196,3.758400,3.257317,-5.697594,0.725715,0.479448,17.986382,-37.326649,66.118042,17.989620,10.936744,2.695773,-3.962013,-14.428489,37.373890,66.027069,-12.397337,9.100517,-10.775698
676.000000,2601.760254,2143.717529,78.097931,0.438114,-2.448362,117.434005,1.769257,-2.536253,0.212392,14.511663,-13.793419,2.089908,-11.377382,-15.953267,-19.057650,39.468033,-10.034127,3.407538,3.240787,-5.632863,0.543848,0.598909,18.259996,-37.815277,66.038612,17.108414,10.890035,2.631536,-3.916156,-14.455436,36.907490,65.572098,-12.512771,9.011271,-10.901841
677.000000,2601.705811,2143.655273,78.144028,0.154776,-2.060352,117.845130,1.032167,-2.377439,-0.323681,14.924644,-13.883708,2.142651,-12.573709,-14.860099,-18.261198,38.478004,-11.224545,3.151914,3.354633,-5.538691,0.534387,0.641750,18.495651,-38.109848,65.799812,16.273661,10.868086,2.578589,-3.964797,-14.540359,36.628395,65.117577,-12.518346,8.811085,-11.069892
678.000000,2601.688965,2143.612793,78.180077,-0.034722,-1.747794,118.257172,0.439767,-2.287179,-0.836739,15.209712,-13.898848,2.162605,-13.846713,-13.759690,-17.696815,37.062542,-12.073433,2.888587,3.371160,-5.472694,0.744060,0.613837,18.670105,-38.212616,65.449501,15.823044,10.851179,2.557784,-4.052514,-14.645716,36.454487,64.685616,-12.565927,8.586773,-11.227644
679.000000,2601.691895,2143.624023,78.211586,-0.164033,-1.581849,118.597578,0.179025,-2.213034,-1.225173,15.281603,-13.859330,2.142905,-14.873762,-12.527437,-16.928808,35.083668,-12.253869,2.643196,3.392796,-5.413093,1.078133,0.583242,18.781391,-38.239491,65.107300,15.603609,10.811097,2.552811,-4.086385,-14.688145,36.195843,64.311012,-12.835550,8.456421,-11.317060
680.000000,2601.697021,2143.711182,78.228897,-0.213391,-1.446142,118.916870,0.073069,-2.176760,-1.506569,15.268348,-13.823400,2.098827,-15.549644,-11.470705,-16.240091,32.989712,-11.862032,2.417402,3.370331,-5.373908,1.291239,0.593497,18.835926,-38.290043,64.886452,15.368393,10.771769,2.550606,-4.076795,-14.677690,35.963051,64.036186,-13.187020,8.418363,-11.361166
681.000000,2601.702637,2143.870361,78.224167,-0.169526,-1.304736,119.210919,0.004475,-2.192113,-1.788419,15.206222,-13.811328,2.010584,-16.198465,-10.325425,-15.586389,30.163046,-10.788427,2.113235,3.319091,-5.366583,1.376678,0.653050,18.856350,-38.385727,64.708374,14.971429,10.743809,2.546892,-4.034789,-14.619740,35.721775,63.768986,-13.602968,8.404931,-11.422853
682.000000,2601.720459,2144.097412,78.206955,-0.124986,-1.150593,119.613401,-0.060979,-2.218534,-2.122336,15.209169,-13.883098,1.889971,-16.605076,-9.293154,-15.076762,27.332209,-9.268046,1.827888,3.168310,-5.346173,1.326337,0.744688,18.857359,-38.518555,64.577530,14.591170,10.735334,2.527197,-4.020841,-14.508178,35.536449,63.635094,-13.855107,8.383598,-11.529570
683.000000,2601.757324,2144.386963,78.186951,-0.120741,-0.968228,120.242098,-0.226675,-2.204632,-2.714232,15.392135,-14.065411,1.741153,-16.722466,-8.230269,-14.533168,24.511938,-7.784585,1.557799,2.913106,-5.245697,1.182226,0.785109,18.856895,-38.606644,64.418182,14.207341,10.724363,2.464755,-3.991087,-14.398100,35.514069,63.616714,-13.945627,8.358968,-11.670411
684.000000,2601.796387,2144.750488,78.156670,-0.123563,-0.813536,121.076772,-0.414870,-2.183457,-3.490471,15.708727,-14.340345,1.585848,-16.374187,-7.347592,-14.295338,21.579842,-6.910474,1.223080,2.597215,-5.067898,1.007669,0.771506,18.852449,-38.763416,64.254631,14.038806,10.686018,2.368907,-3.879691,-14.307149,35.570889,63.620079,-13.964048,8.349906,-11.864697
685.000000,2601.825684,2145.175293,78.100945,-0.037110,-0.789777,121.829510,-0.414287,-2.226173,-4.238270,16.021385,-14.710087,1.398878,-15.637020,-6.649703,-14.200550,18.788746,-6.475664,0.614971,2.395071,-4.885245,0.842198,0.755751,18.841339,-39.017612,64.137657,14.008738,10.588693,2.253428,-3.691449,-14.184359,35.674946,63.735523,-13.966597,8.299900,-12.100268
686.000000,2601.804688,2145.627686,78.078056,-0.207592,-0.872070,122.602883,-0.286438,-2.031794,-5.000763,16.486139,-15.204895,1.186905,-14.618006,-6.151818,-14.396873,17.472494,-5.081277,-0.305855,2.171175,-4.312397,0.729506,0.779358,18.663391,-39.264381,64.124840,13.983965,10.494297,2.162662,-3.490172,-14.110383,35.780491,64.069054,-13.964844,8.226593,-12.314198
687.000000,2601.744385,2146.084961,78.092087,-0.513762,-0.942888,123.119490,-0.035388,-1.585252,-5.545486,16.798101,-15.657752,0.967099,-13.623137,-5.712472,-14.986498,16.568192,-4.320549,-0.537015,2.128294,-3.423792,0.568612,0.884956,18.362053,-39.503151,64.130531,13.864527,10.391528,2.123098,-3.277306,-14.094519,35.947144,64.496262,-13.975905,8.202228,-12.475352
688.000000,2601.687500,2146.522217,78.094719,-0.653023,-0.957243,123.451971,0.241011,-1.262117,-5.787105,16.906860,-15.949869,0.758759,-12.899884,-5.507335,-15.542576,16.002043,-3.664740,-0.617894,2.130232,-2.691349,0.410414,0.997514,18.066093,-39.760395,64.210030,13.683269,10.288519,2.115945,-3.189617,-14.175965,36.032555,64.791801,-14.010135,8.202103,-12.569397
689.000000,2601.662109,2146.948975,78.067162,-0.585062,-0.991793,123.728893,0.515146,-1.144307,-5.763481,16.959351,-16.127296,0.558812,-12.361746,-5.535074,-15.930167,15.633875,-2.527376,-0.656493,2.129275,-2.306554,0.384876,1.014637,17.837818,-39.894814,64.409821,13.597960,10.198801,2.107105,-3.239895,-14.291555,36.070755,64.976692,-14.133043,8.191847,-12.675433
690.000000,2601.655762,2147.363770,78.022545,-0.579482,-0.961924,124.059466,0.677795,-0.961418,-5.345045,16.964622,-16.397272,0.234386,-12.023531,-5.540349,-16.202404,15.427703,-1.546486,-0.695813,2.083311,-2.056848,0.360069,1.015094,17.681334,-39.902111,64.573166,13.582930,10.151914,2.101846,-3.316473,-14.342688,36.101749,65.202782,-14.340570,8.127020,-12.793812
691.000000,2601.646240,2147.748779,78.040581,-0.804213,-0.913034,124.378512,0.814453,-0.557127,-5.235382,16.988194,-16.592743,0.164160,-11.669768,-5.276882,-16.586674,15.345855,-1.846374,-0.782381,2.048197,-1.568304,0.375996,1.004983,17.451448,-39.837940,64.685493,13.591579,10.137166,2.100418,-3.439016,-14.446592,36.104824,65.567917,-14.708110,8.001331,-12.884777
692.000000,2601.634277,2148.124756,78.083923,-1.044212,-0.812374,124.885334,0.962326,0.055280,-4.846478,16.842896,-16.738874,-0.190681,-11.095037,-4.913312,-17.236067,14.947718,-2.266918,-0.865092,1.909432,-0.956078,0.384991,1.006451,17.175095,-39.741505,64.718330,13.613459,10.114957,2.097946,-3.503857,-14.531787,36.072952,66.049110,-15.173094,7.911595,-13.048638
693.000000,2601.625732,2148.480713,78.133514,-1.217203,-0.745372,125.632848,1.077149,0.500542,-4.566607,16.593327,-16.682842,-0.465081,-10.488250,-4.756032,-18.042377,14.513050,-2.572207,-0.914210,1.527655,-0.528918,0.434726,0.975999,16.967752,-39.716888,64.735580,13.628029,10.087448,2.095312,-3.547459,-14.582885,36.091366,66.455719,-15.443277,7.896798,-13.178294
694.000000,2601.620605,2148.817139,78.171730,-1.335567,-0.701560,126.570595,1.128230,0.893192,-4.095936,16.381670,-16.635103,-0.802241,-9.924810,-4.774748,-19.001537,14.311726,-2.942758,-0.955061,0.996801,-0.189741,0.535913,0.864336,16.783571,-39.774021,64.794601,13.628633,10.080290,2.086177,-3.574944,-14.621672,36.147495,66.865021,-15.470540,7.897142,-13.269824
695.000000,2601.605713,2149.148682,78.200974,-1.433979,-0.713682,127.309610,1.301226,1.283226,-3.471938,16.099674,-16.522181,-0.991810,-9.330196,-4.785159,-19.869795,14.184953,-3.337886,-0.994926,0.597008,0.124404,0.682552,0.741025,16.631868,-39.846771,64.816658,13.632361,10.101301,2.006834,-3.523104,-14.633217,36.160965,67.255753,-15.479706,7.902104,-13.307694
696.000000,2601.577637,2149.480469,78.217834,-1.536987,-0.707056,127.814860,1.542626,1.651598,-2.930254,15.791532,-16.452085,-1.027418,-8.861962,-4.680022,-20.432690,14.083459,-3.679570,-1.031392,0.467521,0.435229,0.710406,0.672891,16.539879,-39.894306,64.843063,13.644522,10.203177,1.883056,-3.456722,-14.665139,36.179375,67.598946,-15.484914,7.945307,-13.348093
697.000000,2601.537598,2149.812988,78.228363,-1.655372,-0.669454,128.289468,1.763006,1.986783,-2.678289,15.510476,-16.430090,-0.981326,-8.428205,-4.535719,-20.963369,13.963127,-4.005239,-1.059134,0.342428,0.769992,0.647999,0.640266,16.479864,-39.921925,64.840919,13.658302,10.245426,1.608810,-3.316200,-14.700873,36.201412,67.867027,-15.547229,8.000774,-13.311995
698.000000,2601.489746,2150.132812,78.238785,-1.760287,-0.656896,128.656033,2.003584,2.202710,-2.661134,15.237634,-16.399435,-0.960858,-8.096191,-4.400030,-21.274506,13.839391,-4.221468,-1.078415,0.278676,1.018086,0.592538,0.638391,16.460777,-39.929035,64.812675,13.667125,10.281649,1.342111,-3.214541,-14.764138,36.203270,68.005516,-15.609939,8.045228,-13.284571
699.000000,2601.430420,2150.460693,78.247398,-1.855078,-0.625159,129.081019,2.317566,2.435051,-2.844202,14.876322,-16.384598,-1.069412,-7.676301,-4.258808,-21.696358,13.711807,-4.517143,-1.091594,0.099833,1.336692,0.512267,0.638993,16.457626,-39.942226,64.727638,13.672272,10.362952,0.971377,-2.996326,-14.829702,36.204681,68.122276,-15.689614,8.077336,-13.164060
700.000000,2601.366699,2150.750488,78.250450,-1.951575,-0.606109,129.487846,2.609601,2.653121,-3.162402,14.534863,-16.403763,-1.241401,-7.272445,-4.127723,-22.141211,13.618627,-4.845582,-1.101349,-0.152421,1.716801,0.435922,0.638270,16.457150,-39.996899,64.531158,13.667355,10.470950,0.573158,-2.768409,-15.008455,36.198906,68.139786,-15.734674,8.130086,-13.057114
701.000000,2601.295898,2151.037842,78.249756,-2.055998,-0.597772,129.952955,2.813621,2.855182,-3.482605,14.404583,-16.482420,-1.387876,-6.857241,-4.014560,-22.599201,13.545182,-5.167821,-1.104227,-0.479708,2.124824,0.424628,0.636810,16.458477,-40.158588,64.275627,13.654957,10.552028,0.234888,-2.521412,-15.180921,36.193218,68.146263,-15.744843,8.180781,-12.856078
702.000000,2601.224609,2151.314697,78.243843,-2.174052,-0.574998,130.371099,2.939366,3.073623,-3.780697,14.390009,-16.611647,-1.533978,-6.464149,-3.879883,-23.050371,13.462517,-5.480628,-1.103856,-0.813825,2.568118,0.419051,0.637377,16.458885,-40.399677,63.929016,13.639304,10.654456,-0.084097,-2.204871,-15.296064,36.189350,68.156586,-15.740437,8.277708,-12.667353
703.000000,2601.158691,2151.579834,78.229439,-2.299283,-0.532203,130.757216,2.991485,3.303489,-4.060936,14.478901,-16.809498,-1.683309,-6.147948,-3.720333,-23.440125,13.428733,-5.798723,-1.107947,-1.101203,3.028229,0.416195,0.641991,16.448763,-40.566429,63.505886,13.625013,10.720963,-0.351616,-1.938764,-15.449572,36.158344,68.165215,-15.737944,8.453952,-12.565119
704.000000,2601.103027,2151.855957,78.209412,-2.431300,-0.481516,131.246105,2.955933,3.513875,-4.465266,14.679789,-17.041573,-1.829542,-5.851859,-3.585087,-23.896748,13.437808,-6.133931,-1.116446,-1.438951,3.447037,0.417972,0.640494,16.433254,-40.654411,63.069267,13.627168,10.758912,-0.524543,-1.691285,-15.569741,36.143776,68.166573,-15.743382,8.638422,-12.397415
705.000000,2601.061035,2152.124756,78.183998,-2.537252,-0.413548,131.613381,2.811033,3.745515,-4.728686,15.092916,-17.337904,-1.974777,-5.634447,-3.439573,-24.290741,13.554477,-6.529864,-1.139422,-1.629595,3.847409,0.386726,0.590438,16.389585,-40.680180,62.610653,13.703698,10.787830,-0.655897,-1.442593,-15.699762,36.128677,68.157837,-15.754572,8.892135,-12.226757
706.000000,2601.031006,2152.391602,78.143959,-2.708744,-0.356448,131.939425,2.610380,3.987130,-4.713253,15.604980,-17.663679,-2.103731,-5.488945,-3.268260,-24.542789,13.630269,-6.803885,-1.178928,-1.657349,4.158931,0.357435,0.484485,16.346027,-40.680550,62.317364,13.762427,10.797117,-0.727411,-1.245076,-15.817751,36.122978,68.061401,-15.758573,9.076584,-12.031076
707.000000,2601.015869,2152.662109,78.091690,-2.927955,-0.313154,132.281358,2.242175,4.413322,-4.542786,16.506207,-18.243822,-2.325489,-5.267027,-2.956117,-24.920233,13.703080,-7.163631,-1.250870,-1.666294,4.623982,0.336573,0.246700,16.311460,-40.676319,61.951855,13.782597,10.802540,-0.790877,-0.916716,-16.013172,36.117889,67.722267,-15.772367,9.265713,-11.761395
708.000000,2601.006836,2152.921875,78.041306,-3.160053,-0.296971,132.647086,1.814099,4.888646,-4.160870,17.538963,-18.823673,-2.571926,-4.976612,-2.602124,-25.309345,13.653341,-7.457252,-1.310776,-1.640243,5.109304,0.334658,-0.124736,16.244635,-40.646637,61.730770,13.791337,10.796733,-0.819447,-0.671298,-16.331585,36.114697,67.414200,-15.795032,9.379606,-11.574618
709.000000,2601.006836,2153.187500,78.008270,-3.279328,-0.356518,132.935861,1.507664,5.272619,-3.713431,18.462984,-19.197798,-2.751025,-4.650508,-2.336045,-25.611824,13.630149,-7.749184,-1.364734,-1.551488,5.485390,0.368648,-0.529155,16.129452,-40.512108,61.705006,13.862213,10.790112,-0.822710,-0.512827,-16.495892,36.074986,67.364250,-15.804157,9.391116,-11.465296
710.000000,2601.018799,2153.477051,78.010979,-3.247798,-0.543177,133.204995,1.126188,5.517157,-3.166095,19.854525,-19.283848,-2.926555,-4.137400,-2.189888,-25.850174,13.562750,-8.069039,-1.429390,-1.408592,5.672884,0.475515,-0.898487,16.032070,-40.383129,61.705162,14.133058,10.789269,-0.817316,-0.332741,-16.520609,36.027046,67.421143,-15.817721,9.393123,-11.405419
711.000000,2601.027588,2153.796875,78.044937,-3.099120,-0.805863,133.381471,0.614478,5.601145,-2.665106,21.759825,-19.048920,-3.085631,-3.484900,-2.128630,-25.936647,13.374895,-8.322352,-1.486728,-1.231290,5.672656,0.558507,-1.069407,15.953626,-40.370300,61.710953,14.555636,10.815627,-0.809571,-0.147048,-16.443428,36.025734,67.610809,-15.829188,9.386628,-11.339054
712.000000,2601.027832,2154.147461,78.091408,-2.889897,-1.014567,133.512226,-0.151060,5.603255,-2.284477,24.081367,-18.585278,-3.235012,-2.871538,-2.112574,-25.957325,13.157813,-8.561622,-1.531228,-1.065707,5.601145,0.470824,-1.048326,15.845562,-40.324188,61.693687,15.037679,10.914241,-0.807975,0.113982,-16.310692,36.025005,67.833572,-15.830518,9.380600,-11.222278
713.000000,2601.021484,2154.504883,78.133682,-2.695806,-1.232700,133.593459,-0.753726,5.610954,-2.054984,25.896439,-18.143921,-3.345534,-2.395486,-2.077444,-25.936951,12.960889,-8.724857,-1.563186,-0.970901,5.574758,0.397725,-0.959474,15.751285,-40.266857,61.637188,15.324789,11.031617,-0.809428,0.308791,-16.261269,36.022297,67.950546,-15.825407,9.379246,-11.171237
714.000000,2601.011230,2154.859375,78.157715,-2.568146,-1.439040,133.715004,-1.567914,5.695953,-1.813660,28.222364,-17.551992,-3.510081,-1.785530,-1.975552,-25.970341,12.679585,-8.927292,-1.604825,-0.973207,5.633368,0.312394,-0.814813,15.620117,-40.205090,61.519970,15.548766,11.216919,-0.813892,0.565372,-16.244867,35.999626,67.990730,-15.746900,9.375266,-11.059937
715.000000,2601.001953,2155.191406,78.163704,-2.466255,-1.703320,133.772146,-2.545697,5.897114,-1.389681,31.008204,-16.816805,-3.715514,-1.128403,-1.837292,-25.977085,12.471968,-9.194508,-1.658322,-0.977811,5.799880,0.320734,-0.708955,15.407342,-40.056973,61.395195,15.744958,11.426760,-0.821100,0.744276,-16.301088,35.906414,68.014099,-15.469153,9.376049,-11.039667
716.000000,2600.989258,2155.520752,78.165001,-2.341004,-1.961756,133.789841,-3.389070,6.113256,-0.900500,33.437721,-16.004908,-3.957496,-0.599673,-1.758517,-25.922256,12.427425,-9.472736,-1.709286,-0.923565,5.940576,0.398497,-0.659727,15.188519,-39.767914,61.309345,16.050949,11.580319,-0.848278,0.806201,-16.348961,35.893517,68.097496,-15.151620,9.376900,-11.028170
717.000000,2600.957275,2155.849854,78.167747,-2.189853,-2.067181,133.889359,-4.350332,6.348653,-0.351507,35.839897,-15.021252,-4.254304,-0.133361,-1.738839,-25.919861,12.435719,-9.821746,-1.748051,-0.900189,6.095107,0.345123,-0.573993,15.050942,-39.321495,61.170475,16.608990,11.710768,-0.940222,0.880699,-16.399494,35.891205,68.278450,-14.668150,9.372236,-10.993598
718.000000,2600.918701,2156.159668,78.176414,-2.018900,-1.967575,134.411555,-5.323299,6.537220,0.117180,36.890316,-14.900040,-4.283298,0.123373,-1.884500,-26.292706,12.468682,-10.174187,-1.739045,-1.137092,6.170049,0.150665,-0.499840,15.027899,-38.969746,61.169941,16.959475,11.765344,-0.984845,1.077719,-16.476000,35.933441,68.314461,-14.278949,9.353581,-10.943868
719.000000,2600.906494,2156.420410,78.178062,-1.889613,-1.909402,135.359067,-6.549244,6.923341,0.828788,36.552757,-15.615968,-4.070867,0.447920,-2.102876,-27.129438,12.482567,-10.530556,-1.689240,-1.581110,6.203623,0.193947,-0.625571,15.065981,-38.691734,61.192646,17.056458,11.770846,-0.994535,1.207080,-16.550608,35.969597,68.327835,-13.835091,9.321645,-10.909034
720.000000,2600.896484,2156.636719,78.175697,-1.738429,-1.954757,136.249104,-7.908884,7.314292,1.722738,35.327267,-16.275972,-3.835631,0.810117,-2.416081,-27.997494,12.693225,-10.975019,-1.622474,-1.812163,6.172887,0.521876,-0.898214,15.156327,-38.630501,61.243870,17.124723,11.766286,-0.975408,1.236652,-16.594772,35.986691,68.389229,-13.415863,9.321440,-10.786619
721.000000,2600.848877,2156.817627,78.172897,-1.547477,-1.944479,136.843255,-8.791897,7.380957,2.165441,34.259300,-16.320229,-3.731164,0.898054,-2.669834,-28.368267,12.992930,-11.294745,-1.567426,-1.700358,6.120821,0.701443,-1.009996,15.198256,-38.550171,61.246590,17.113686,11.731030,-0.884974,1.218400,-16.634716,35.987862,68.438721,-13.110971,9.343831,-10.692034
722.000000,2600.750000,2156.981689,78.177162,-1.342731,-1.898435,137.329040,-10.214227,7.194315,2.711876,32.217205,-15.839744,-3.581965,0.971171,-3.111703,-28.825880,13.494336,-11.795471,-1.422612,-1.216398,6.040545,0.866722,-1.160300,15.335059,-38.037273,61.122894,17.034847,11.533986,-0.460920,1.219092,-16.734325,35.992596,68.525940,-12.608495,9.415068,-10.363238
723.000000,2600.594238,2157.153809,78.189941,-1.127595,-1.797818,137.974877,-11.578589,6.846949,3.474257,30.282015,-14.646733,-3.449422,1.095756,-3.577863,-29.380590,13.820240,-12.211980,-1.200094,-0.944351,5.898021,0.839237,-1.163454,15.531462,-37.886738,61.080303,17.054798,11.448644,-0.248420,1.240660,-16.801842,35.997047,68.557648,-12.195412,9.463082,-9.938792
724.000000,2600.395996,2157.330566,78.203918,-0.930728,-1.697570,138.780862,-12.846659,6.485049,4.462840,28.554991,-12.767540,-3.249545,1.336938,-4.042089,-30.093611,14.023866,-12.580210,-0.925349,-0.848633,5.681359,0.778678,-1.057825,15.701356,-37.875416,61.099297,17.146704,11.441747,-0.193942,1.288962,-16.844509,36.000282,68.562492,-11.897501,9.460707,-9.527796
725.000000,2600.162598,2157.518066,78.209251,-0.793884,-1.605953,139.745824,-14.081914,5.994803,5.469736,26.492947,-9.894783,-2.903991,1.754655,-4.517422,-31.126163,14.106548,-12.966455,-0.556732,-0.825696,5.367390,0.649709,-0.897673,15.939038,-37.800472,61.112602,17.233561,11.443915,-0.072095,1.448152,-16.864227,36.006561,68.562355,-11.703929,9.434303,-9.120634
726.000000,2599.878418,2157.719238,78.194321,-0.745739,-1.581336,140.677674,-14.845912,5.469861,6.000042,24.186293,-6.715171,-2.513748,2.310005,-4.839151,-32.125481,14.091817,-13.316798,-0.179051,-0.623525,5.030190,0.571891,-0.749356,16.105221,-37.797432,61.168392,17.561745,11.454976,-0.060630,1.680335,-16.879284,36.039936,68.559746,-11.553597,9.422480,-8.750597
727.000000,2599.553223,2157.917480,78.140465,-0.864852,-1.645770,141.407857,-15.305285,5.152295,6.200748,22.187881,-3.515008,-2.142373,2.958459,-4.920891,-32.941616,14.040807,-13.649154,0.182551,-0.238736,4.779509,0.579554,-0.461780,16.235533,-37.827122,61.203819,17.791136,11.467737,-0.020529,1.827052,-16.913416,36.114441,68.554649,-11.345182,9.426345,-8.382880
728.000000,2599.206299,2158.136475,78.090073,-0.912120,-1.745425,142.087268,-15.424694,4.930626,6.533365,21.327354,-2.387765,-0.891183,3.681030,-5.036238,-33.698906,14.035165,-14.037071,0.553486,0.064357,4.366668,0.605329,0.048774,16.456360,-37.979721,61.205425,17.817686,11.512025,0.033723,1.860712,-16.875048,36.270954,68.548553,-11.016788,9.451004,-8.048949
729.000000,2598.835938,2158.390137,78.077759,-0.783174,-1.618318,142.799762,-15.301206,4.646845,6.729262,20.965277,-2.151421,-0.171623,4.065271,-5.260775,-34.244659,14.013451,-14.303223,0.825357,0.187330,3.838392,0.428325,0.551179,16.667871,-38.129063,61.204346,17.792078,11.602692,0.049852,1.874863,-16.778360,36.397552,68.503891,-10.788450,9.486624,-7.801315
730.000000,2598.469238,2158.614258,78.081589,-0.591056,-1.417787,143.415947,-15.023219,4.168131,6.819258,20.396500,-2.247692,-0.073774,4.456845,-5.633579,-34.907360,13.957696,-14.620287,1.205016,0.460414,2.999056,0.175623,1.228070,16.897381,-38.231747,61.201355,17.622238,11.783600,0.055280,1.846338,-16.711464,36.458824,68.260262,-10.637814,9.515549,-7.480139
731.000000,2598.124023,2158.790039,78.080200,-0.428994,-1.223505,144.075551,-14.810397,3.757947,7.220960,19.952587,-2.458140,-0.010615,4.812484,-6.004260,-35.555408,13.884394,-14.886178,1.579295,0.770105,2.207623,0.083273,1.740902,17.023031,-38.157696,61.198090,17.284813,11.949185,0.104733,1.708755,-16.727745,36.462440,67.981949,-10.620520,9.525331,-7.279556
732.000000,2597.773438,2158.929199,78.060623,-0.316606,-1.041177,144.859140,-14.761737,3.449232,7.954634,19.740175,-2.731136,0.202104,5.170972,-6.335170,-36.309143,13.845941,-15.154864,1.960085,1.039497,1.537076,0.122802,1.983492,17.221001,-37.829857,61.195911,16.905466,12.151034,0.245987,1.454746,-16.826017,36.426235,67.694244,-10.624827,9.587759,-7.164562
733.000000,2597.415771,2159.021973,78.025337,-0.214836,-0.955082,145.595401,-14.694290,3.158340,8.848764,19.655724,-2.992022,0.761639,5.539065,-6.723640,-37.023579,13.997048,-15.495088,2.353746,1.330433,0.961566,0.340885,2.053496,17.349754,-37.703568,61.234829,16.622557,12.208306,0.254547,1.064433,-17.000851,36.277302,67.313728,-10.696205,9.729144,-7.112623
734.000000,2597.019775,2159.106445,77.976433,-0.038270,-0.945717,146.251952,-14.385930,2.729867,9.454179,19.389658,-3.347735,1.233936,5.861377,-7.288699,-37.616013,14.501843,-16.003059,2.769970,1.691405,0.409150,0.552424,2.042178,17.366575,-37.464615,61.454132,16.566843,12.215429,0.315813,0.595801,-17.107941,36.030548,67.133812,-10.912988,9.821649,-7.110590
735.000000,2596.573242,2159.187988,77.910324,0.128409,-0.900331,146.898492,-13.992623,2.170362,9.837035,19.061777,-3.948305,1.631164,6.175412,-7.984675,-38.256371,15.209075,-16.646721,3.275883,2.112623,-0.150093,0.570474,2.042313,17.318569,-37.208626,61.843185,16.568592,12.179801,0.330377,0.075653,-17.189358,35.672626,67.084953,-11.146128,9.863856,-7.115059
736.000000,2596.090088,2159.264648,77.853600,0.424276,-0.926415,147.432797,-13.587461,1.437010,9.795285,18.904465,-4.389748,2.122640,6.484761,-8.848234,-38.732780,16.044264,-17.322498,3.800798,2.549345,-0.766296,0.574467,2.063847,17.227793,-37.002007,62.327015,16.570301,12.104168,0.335629,-0.521182,-17.212015,35.202953,67.077011,-11.239617,9.876591,-7.152647
737.000000,2595.556152,2159.341064,77.813240,0.878222,-0.977941,147.771992,-12.996501,0.567200,9.823692,18.594721,-4.692536,2.465113,6.754438,-9.939370,-38.962353,17.009251,-18.009493,4.362882,2.959260,-1.484915,0.534448,2.251172,17.167702,-36.933418,62.766964,16.570442,12.021716,0.341069,-1.213625,-17.168903,34.630299,67.072739,-11.255873,9.856921,-7.301597
738.000000,2595.003906,2159.409912,77.769127,1.407377,-1.024269,147.971348,-12.458015,-0.147260,9.935337,18.220013,-4.904480,2.714071,6.880325,-10.885061,-39.012657,17.872766,-18.562649,4.803010,3.200937,-2.048435,0.439829,2.499025,17.155701,-36.866665,63.029896,16.568043,11.951744,0.376379,-1.729164,-17.117781,34.198654,67.000023,-11.263019,9.817601,-7.534927
739.000000,2594.431152,2159.470459,77.702347,1.945604,-1.116244,148.168903,-11.770141,-1.060538,10.079350,17.834387,-5.236639,3.016715,6.991082,-12.157577,-38.965622,19.171989,-19.316355,5.351142,3.475481,-2.751834,0.343360,2.734546,17.172041,-36.728642,63.358547,16.568747,11.849976,0.406188,-2.290542,-17.078276,33.830002,66.698059,-11.273972,9.713437,-7.941775
740.000000,2593.877686,2159.510254,77.630363,2.353367,-1.217253,148.461354,-11.152840,-1.992440,10.094333,17.681356,-5.696561,3.336657,6.945205,-13.555113,-38.632931,21.029221,-20.076332,5.911077,3.676073,-3.421205,0.272067,2.873773,17.219366,-36.664970,63.620663,16.571484,11.724319,0.442469,-2.839694,-17.055923,33.669621,66.262497,-11.282896,9.489618,-8.444510
741.000000,2593.333740,2159.521973,77.593864,2.538886,-1.351720,148.905997,-10.707250,-2.610299,9.903867,17.649862,-6.066554,3.596771,6.590410,-14.697701,-38.056324,23.322428,-20.343956,6.333329,3.698275,-3.750888,0.256564,2.885924,17.242815,-36.661289,63.794682,16.561529,11.605676,0.482344,-3.258111,-17.022491,33.620132,65.955353,-11.225567,9.245204,-8.911687
742.000000,2592.808350,2159.523193,77.619240,2.474231,-1.503801,149.436438,-10.075313,-3.177649,9.404241,17.514328,-6.449845,3.898858,5.682024,-16.108225,-36.939079,27.267588,-19.925316,6.726329,3.577380,-3.896559,0.274751,2.882700,17.250582,-36.692261,63.965946,16.501013,11.454654,0.595530,-3.681817,-16.941008,33.557961,65.628410,-11.060513,8.921097,-9.525986
743.000000,2592.284668,2159.544678,77.689171,2.345360,-1.719962,150.002484,-9.293927,-3.536951,8.882510,17.057138,-6.593322,4.130069,4.396808,-17.210909,-35.051327,31.390957,-18.676826,6.803236,3.452422,-3.969792,0.351752,2.875610,17.315590,-36.809086,63.996574,16.441063,11.266403,0.786003,-3.922927,-16.761057,33.481674,65.444138,-11.010381,8.652771,-10.023145
744.000000,2591.785645,2159.604004,77.765015,2.164354,-1.798451,150.795353,-8.690123,-3.864183,8.142819,16.607559,-6.652119,4.314114,2.939455,-17.947460,-32.846340,35.162239,-16.972784,6.496885,3.126560,-4.118712,0.294817,2.880910,17.465271,-36.915245,64.003586,16.428999,11.051661,0.980173,-3.962269,-16.516405,33.353416,65.344933,-11.109957,8.426425,-10.425212
745.000000,2591.320801,2159.696777,77.832527,2.013730,-1.853443,151.645413,-8.088170,-4.225870,7.229033,16.106409,-6.680586,4.473179,1.230426,-18.473167,-30.266207,39.025826,-14.887018,5.530513,2.741992,-4.415604,0.279199,2.837710,17.719778,-36.952728,64.008148,16.328787,10.776280,1.242664,-3.890321,-16.261574,33.197701,65.286415,-11.327111,8.199878,-10.800009
746.000000,2590.894775,2159.821289,77.888412,1.854167,-1.878686,152.381319,-7.602588,-4.475490,6.387973,15.764513,-6.794391,4.583717,-0.453200,-18.532335,-27.823380,41.925556,-13.628275,4.243465,2.520840,-4.757721,0.340403,2.733310,18.008036,-36.985935,64.078232,16.204424,10.496170,1.528452,-3.735353,-16.082247,33.095627,65.286301,-11.510988,8.064305,-11.115244
747.000000,2590.524414,2159.959473,77.928093,1.685835,-1.897307,152.904341,-7.243330,-4.570179,5.730314,15.686151,-7.052731,4.629252,-2.392667,-18.342495,-25.982555,44.053272,-13.715179,3.464440,2.469422,-5.072940,0.525895,2.588753,18.310858,-37.129353,64.132423,16.151831,10.295799,1.779478,-3.625226,-15.988145,33.076797,65.295494,-11.624156,8.033525,-11.354378
748.000000,2590.193604,2160.104248,77.963135,1.466199,-1.906979,153.388623,-7.084137,-4.549475,5.267499,15.812068,-7.319895,4.628418,-4.052716,-18.089069,-24.908327,45.416843,-14.259737,3.160545,2.387339,-5.221782,0.702821,2.473861,18.534256,-37.305325,64.120499,16.136276,10.212895,1.869255,-3.576763,-15.971848,33.073418,65.297508,-11.702661,8.034236,-11.499113
749.000000,2589.875244,2160.272705,78.005203,1.213597,-1.938232,153.981470,-6.907689,-4.490746,4.592511,16.040014,-7.654202,4.595989,-6.139068,-17.615183,-23.752949,46.653446,-15.057122,2.968707,2.128237,-5.312363,0.960284,2.299459,18.799692,-37.478245,64.045547,16.044910,10.177208,1.879932,-3.500509,-15.973351,33.060482,65.298111,-11.790233,8.063726,-11.661441
750.000000,2589.555664,2160.464600,78.058983,0.949020,-1.885959,154.619531,-6.741774,-4.400546,3.779639,16.226530,-7.963610,4.531721,-8.340355,-16.957600,-22.635187,47.177074,-15.873711,2.878487,1.806815,-5.306118,1.126891,2.109731,19.050539,-37.556000,63.881538,15.818600,10.163189,1.863324,-3.263087,-16.016953,32.999233,65.290993,-11.840532,8.124690,-11.774187
751.000000,2589.221436,2160.681152,78.125069,0.636353,-1.708307,155.434673,-6.749212,-4.280783,2.889158,16.392303,-8.209213,4.451296,-10.141046,-16.341068,-22.170906,46.361927,-16.398026,2.847336,1.513405,-5.161011,1.069565,1.880868,19.217155,-37.649220,63.655727,15.665407,10.162623,1.808327,-2.831706,-16.135756,32.962219,65.285721,-11.837323,8.209692,-11.852904
752.000000,2588.902100,2160.921631,78.190048,0.364817,-1.530909,156.244705,-6.745887,-4.173323,1.970032,16.495159,-8.416858,4.356146,-11.651938,-15.710575,-21.866261,44.590496,-16.584175,2.827661,1.234022,-4.977856,1.005433,1.556358,19.382479,-37.856812,63.363899,15.469065,10.166373,1.708615,-2.336364,-16.257990,32.959599,65.287491,-11.698822,8.327520,-11.942089
753.000000,2588.595459,2161.197998,78.247223,0.173216,-1.353263,156.924002,-6.669272,-4.070211,1.201346,16.488609,-8.598827,4.246337,-12.988639,-15.019029,-21.407780,42.093670,-16.272112,2.773964,1.066398,-4.857673,0.950410,1.142693,19.543461,-38.097431,63.144714,15.196911,10.167567,1.612007,-1.841441,-16.318508,32.959850,65.287796,-11.468568,8.457095,-12.000895
754.000000,2588.295654,2161.512695,78.292931,0.084747,-1.175043,157.503193,-6.526013,-4.008657,0.619032,16.363543,-8.727426,4.112684,-14.016541,-14.450734,-21.053938,39.131844,-15.429137,2.713579,0.950066,-4.832932,0.900688,0.757205,19.699743,-38.312500,62.976013,14.786601,10.167604,1.573344,-1.418159,-16.326742,32.960335,65.280464,-11.188649,8.537292,-12.032918
755.000000,2588.005615,2161.861084,78.320625,0.098709,-0.998482,157.992401,-6.372135,-3.986405,0.193900,16.216219,-8.827102,3.969690,-14.713953,-14.006672,-20.775764,36.200089,-14.279679,2.641670,0.886672,-4.863880,0.872688,0.466928,19.840811,-38.430119,62.760357,14.453008,10.167738,1.536591,-1.076941,-16.324808,32.961445,65.268303,-10.935619,8.568355,-12.053642
756.000000,2587.728271,2162.230469,78.328743,0.184669,-0.819849,158.401186,-6.190067,-3.995203,-0.228415,16.045794,-8.972796,3.761154,-15.365957,-13.576549,-20.547064,32.412174,-12.505569,2.506210,0.889821,-4.945978,0.840430,0.166231,20.001822,-38.454582,62.375908,14.292706,10.166015,1.454914,-0.696554,-16.324869,32.975323,65.263481,-10.658431,8.583261,-12.065282
757.000000,2587.447266,2162.639404,78.331093,0.286769,-0.676345,158.783797,-5.969663,-3.981788,-0.595619,15.885900,-9.158073,3.512334,-15.789614,-13.189887,-20.391331,28.746489,-10.503366,2.382284,0.962561,-4.990884,0.822883,-0.114885,20.106712,-38.460846,62.021503,14.274652,10.146546,1.383806,-0.363418,-16.328217,33.070198,65.302124,-10.429597,8.596318,-12.072596
758.000000,2587.156006,2163.089844,78.333923,0.409192,-0.555736,159.218720,-5.663764,-3.967038,-1.037297,15.661599,-9.334204,3.235284,-15.986279,-12.740481,-19.990671,25.364174,-8.474584,2.314592,0.967646,-4.986298,0.777751,-0.380475,20.120815,-38.471539,61.886436,14.280362,10.093780,1.334247,-0.042106,-16.328180,33.274258,65.448212,-10.282195,8.596127,-12.077502
759.000000,2586.846436,2163.575928,78.321548,0.570451,-0.469549,159.706619,-5.340457,-3.977769,-1.496167,15.481987,-9.551541,2.961924,-15.885460,-12.464124,-19.944912,22.446423,-6.852640,2.250537,0.887264,-4.959822,0.670487,-0.546686,20.119314,-38.559410,61.847481,14.277168,10.057185,1.305988,0.309494,-16.328777,33.453686,65.624863,-10.161877,8.593476,-12.077721
760.000000,2586.510742,2164.110840,78.274185,0.828339,-0.463898,160.164322,-4.927633,-4.048049,-1.933746,15.436635,-9.931522,2.657131,-15.457910,-12.302246,-20.140005,19.632332,-6.143536,2.157845,0.758093,-4.952638,0.543124,-0.607768,20.120399,-38.756790,61.820580,14.262020,10.048666,1.303681,0.765504,-16.335600,33.566292,65.713623,-9.999166,8.594392,-12.075361
761.000000,2586.149902,2164.660156,78.220276,1.036159,-0.581136,160.604290,-4.429187,-4.086133,-2.328454,15.556366,-10.446683,2.363491,-14.702791,-12.184569,-20.417110,18.265314,-5.334312,1.154166,0.620111,-4.856055,0.464729,-0.565347,20.053411,-38.919537,61.817089,14.251113,10.047594,1.320451,1.268080,-16.347635,33.633820,65.746307,-9.928680,8.596001,-12.070745
762.000000,2585.746826,2165.196045,78.233994,0.939185,-0.665155,160.924150,-3.884505,-3.735246,-2.702237,15.619616,-10.960150,2.030312,-13.843264,-11.796447,-20.764977,17.728926,-4.347651,0.867040,0.574158,-4.303493,0.300057,-0.389757,19.788074,-38.973103,61.816269,14.249682,10.045021,1.377126,1.817910,-16.399326,33.659431,65.851585,-9.932130,8.600563,-12.031889
763.000000,2585.351807,2165.708252,78.274811,0.820955,-0.739998,161.093296,-3.172078,-3.279917,-2.935965,15.322443,-11.280172,1.674677,-13.002515,-11.410407,-21.230909,17.338434,-3.953394,0.786536,0.625238,-3.686963,0.154303,-0.157496,19.509180,-38.989998,61.810936,14.251766,9.996658,1.441886,2.313950,-16.437635,33.688599,65.936409,-9.943613,8.626244,-11.905009
764.000000,2584.981201,2166.226807,78.288559,0.806047,-0.771654,161.398786,-2.723584,-3.042486,-3.136134,15.099629,-11.459657,1.420485,-12.425622,-11.272199,-21.679838,17.031120,-3.371609,0.752435,0.542065,-3.354979,0.078257,0.003081,19.394186,-39.036064,61.780254,14.255975,9.930951,1.466896,2.585371,-16.443750,33.733700,65.957306,-9.950128,8.641708,-11.748401
765.000000,2584.655273,2166.739746,78.262794,0.865926,-0.757705,161.761716,-2.250495,-2.842227,-3.469733,14.948869,-11.763629,1.060614,-11.698346,-11.209923,-22.289494,16.601837,-1.933335,0.714215,0.297563,-3.067834,0.054769,0.151601,19.363354,-39.138325,61.680450,14.268685,9.820698,1.476067,2.837787,-16.412752,33.810696,65.988777,-9.960756,8.647716,-11.456756
766.000000,2584.354004,2167.197510,78.280373,0.615526,-0.737244,161.971658,-1.932041,-2.311178,-3.706482,15.017029,-12.196422,0.700357,-11.173361,-10.770779,-22.739515,16.557735,-2.236049,0.554103,0.217180,-2.470346,0.142810,0.186143,19.213665,-39.144680,61.644634,14.335514,9.728517,1.483483,2.915959,-16.411915,33.840755,66.154640,-9.981813,8.651731,-11.146915
767.000000,2584.043457,2167.644775,78.314987,0.317337,-0.672922,162.138534,-1.632303,-1.647424,-3.887175,15.020787,-12.580873,0.329748,-10.634946,-10.154112,-23.175940,16.379873,-2.912814,0.390038,0.165481,-1.749136,0.188440,0.262046,18.993282,-39.142292,61.638767,14.531070,9.673155,1.490512,2.991489,-16.419416,33.866390,66.287086,-10.104887,8.701911,-10.774699
768.000000,2583.727295,2168.085693,78.344810,0.097556,-0.621558,162.292068,-1.239763,-1.075856,-4.013633,14.827607,-12.839164,-0.015796,-10.139687,-9.641904,-23.544823,16.261883,-3.520592,0.247994,0.053920,-1.150928,0.226042,0.432207,18.807650,-39.137878,61.578434,14.720310,9.654436,1.495360,3.101289,-16.413641,33.889690,66.316170,-10.333912,8.788483,-10.377952
769.000000,2583.421387,2168.502686,78.365219,-0.056765,-0.565778,162.460941,-0.836277,-0.613705,-4.114604,14.543031,-13.011866,-0.316650,-9.725251,-9.253051,-23.856735,16.234304,-4.052879,0.117816,-0.131732,-0.693989,0.233703,0.683386,18.683302,-39.133747,61.439987,14.800299,9.654133,1.497339,3.223520,-16.402388,33.927273,66.318169,-10.600202,8.877536,-9.989921
770.000000,2583.118408,2168.904297,78.378311,-0.215726,-0.544158,162.572138,-0.367276,-0.110079,-4.154135,14.247914,-13.212606,-0.626738,-9.247308,-8.808937,-24.130131,16.155115,-4.541128,-0.016142,-0.280299,-0.240700,0.267878,0.931952,18.557940,-39.132362,61.262779,14.824766,9.688316,1.469069,3.362561,-16.416782,34.074837,66.318146,-10.841177,9.009388,-9.595784
771.000000,2582.815430,2169.291748,78.387711,-0.393253,-0.589910,162.579739,0.171215,0.402937,-4.067780,13.963370,-13.424613,-0.905535,-8.712173,-8.312241,-24.283875,15.965634,-4.906597,-0.131092,-0.284693,0.171487,0.340035,1.105494,18.439604,-39.131763,61.100067,14.839398,9.733966,1.383506,3.486197,-16.436346,34.223778,66.319572,-10.943095,9.212289,-9.219253
772.000000,2582.529541,2169.646240,78.394882,-0.534682,-0.631275,162.486662,0.600403,0.777988,-3.897179,13.714523,-13.553021,-1.098909,-8.336846,-7.938560,-24.316586,15.815396,-5.153686,-0.210494,-0.257302,0.436062,0.359260,1.241031,18.369692,-39.130005,61.009247,14.847411,9.750110,1.279539,3.537136,-16.433332,34.253819,66.318726,-10.998458,9.396526,-8.936747
773.000000,2582.248047,2169.991211,78.399773,-0.634895,-0.625948,162.435340,1.110815,1.254866,-3.332634,13.361159,-13.688154,-1.376743,-7.927998,-7.516337,-24.331348,15.683693,-5.490082,-0.298671,-0.270518,0.714301,0.328093,1.408401,18.298750,-39.127136,60.934055,14.853012,9.774977,1.084651,3.536555,-16.432095,34.260078,66.280869,-11.189670,9.653814,-8.613309
774.000000,2581.999023,2170.301025,78.403954,-0.701038,-0.578962,162.491648,1.459064,1.648706,-2.616567,13.041659,-13.754326,-1.640220,-7.625958,-7.238758,-24.435686,15.639059,-5.827279,-0.356088,-0.403254,0.902561,0.277805,1.480310,18.261757,-39.126091,60.865143,14.860974,9.828240,0.820374,3.485842,-16.444664,34.258560,66.156723,-11.569104,9.882977,-8.377706
775.000000,2581.774170,2170.578857,78.407646,-0.768276,-0.504927,162.583742,1.764973,2.051564,-1.752115,12.689252,-13.775713,-1.884092,-7.342687,-6.963862,-24.559668,15.559819,-6.144587,-0.409926,-0.527784,1.077957,0.235627,1.479729,18.233835,-39.123222,60.781727,14.877741,9.897021,0.505856,3.362771,-16.465279,34.254780,65.996811,-12.093172,10.088333,-8.161970
776.000000,2581.565430,2170.831055,78.408829,-0.829095,-0.440486,162.611277,1.991235,2.350351,-1.057946,12.435223,-13.773147,-1.983626,-7.143815,-6.744310,-24.613482,15.494999,-6.371142,-0.458256,-0.553927,1.200323,0.224441,1.454858,18.212879,-39.112499,60.708584,14.926930,9.948171,0.247359,3.198725,-16.482889,34.251438,65.877258,-12.427158,10.211008,-7.999501
777.000000,2581.374268,2171.051270,78.405174,-0.879176,-0.401622,162.512889,2.321964,2.714495,-0.094409,12.111497,-13.782309,-2.078642,-6.937862,-6.455712,-24.547638,15.455739,-6.645336,-0.524218,-0.418346,1.327207,0.233095,1.436855,18.180429,-39.094990,60.621628,15.001048,9.995077,-0.035853,2.935680,-16.502367,34.249546,65.751793,-12.637736,10.320445,-7.820662
778.000000,2581.198486,2171.251953,78.413231,-0.924970,-0.463000,162.847898,2.502316,2.975662,0.651044,12.080229,-13.791209,-2.179701,-6.507491,-6.332602,-24.857372,15.313890,-6.870203,-0.539344,-0.521328,1.397176,0.353147,1.410239,18.095716,-38.868298,60.593868,15.065665,10.031913,-0.251732,2.689379,-16.505754,34.248322,65.611084,-12.664606,10.458637,-7.743502
779.000000,2581.022949,2171.430420,78.438965,-0.897184,-0.617731,163.532356,2.636172,3.072021,1.171790,12.142227,-13.658777,-2.237144,-5.886683,-6.445814,-25.489315,15.195481,-7.140575,-0.476158,-0.709213,1.359472,0.492692,1.362046,17.934769,-38.535473,60.595699,15.157781,10.123101,-0.405559,2.605151,-16.506931,34.246712,65.387947,-12.670659,10.644727,-7.720968
780.000000,2580.832764,2171.586914,78.470520,-0.812493,-0.818031,164.175796,2.810564,3.109673,1.758037,12.149050,-13.482906,-2.283041,-5.355221,-6.599645,-25.964796,15.150547,-7.387332,-0.391465,-0.699031,1.286218,0.557299,1.348632,17.764395,-38.339787,60.640697,15.232041,10.213779,-0.489012,2.574292,-16.498960,34.248280,65.266785,-12.665171,10.782529,-7.693336
781.000000,2580.641113,2171.716797,78.501740,-0.738651,-1.020442,164.824849,3.032219,3.156483,2.687410,12.177696,-13.259091,-2.309294,-4.688194,-6.796787,-26.502466,15.079385,-7.667962,-0.260540,-0.579436,1.199148,0.567046,1.378311,17.523561,-38.250404,60.820564,15.278480,10.332873,-0.570407,2.495884,-16.468317,34.250618,65.239937,-12.651797,10.927548,-7.672808
782.000000,2580.463379,2171.822021,78.531769,-0.699169,-1.219118,165.491235,3.218113,3.229855,3.619229,12.213198,-13.061801,-2.312256,-3.980230,-6.945960,-27.078728,14.877015,-7.868002,-0.111386,-0.524517,1.156011,0.549716,1.494299,17.318415,-38.238922,61.010422,15.303523,10.467346,-0.708706,2.317809,-16.422722,34.249092,65.238388,-12.647212,11.065284,-7.667771
783.000000,2580.307617,2171.916260,78.558701,-0.685435,-1.448278,166.190785,3.444416,3.308110,4.392914,12.176216,-12.865980,-2.284360,-3.211570,-7.045668,-27.690039,14.566669,-8.006285,0.045324,-0.414560,1.115358,0.561573,1.589597,17.170290,-38.136059,61.164288,15.322601,10.625203,-0.841444,2.087668,-16.351286,34.265785,65.245491,-12.644848,11.169974,-7.668512
784.000000,2580.175781,2172.003662,78.576111,-0.649736,-1.654791,166.900858,3.643413,3.328312,4.787430,12.132735,-12.701490,-2.203736,-2.545233,-7.171335,-28.287733,14.380623,-8.178938,0.187762,-0.166523,1.014064,0.561056,1.599030,17.145390,-37.891464,61.173759,15.326390,10.717294,-0.868976,1.881951,-16.259573,34.331997,65.264526,-12.470837,11.227793,-7.670408
785.000000,2580.062744,2172.078613,78.583954,-0.570068,-1.878277,167.621757,3.832073,3.251515,4.919604,12.128304,-12.539887,-2.105672,-1.947429,-7.427244,-28.915123,14.451112,-8.480069,0.340056,0.176531,0.818149,0.571045,1.608927,17.150352,-37.515869,61.169277,15.340843,10.754964,-0.891051,1.584795,-16.170013,34.365814,65.269295,-12.005942,11.246902,-7.667563
786.000000,2579.962891,2172.137695,78.580490,-0.435816,-2.091989,168.273010,4.012388,3.109003,5.062526,12.121700,-12.408703,-2.043682,-1.546213,-7.802856,-29.425365,14.839663,-8.900102,0.489784,0.507792,0.543099,0.561877,1.695280,17.191118,-37.178188,61.152813,15.358871,10.765887,-0.900668,1.204733,-16.079325,34.372536,65.272461,-11.690085,11.251451,-7.664649
787.000000,2579.882324,2172.176758,78.561691,-0.252056,-2.207781,168.820542,4.122289,2.915444,5.421210,12.070338,-12.302809,-1.975829,-1.450595,-8.315607,-29.792900,15.592016,-9.457013,0.630413,0.850613,0.184928,0.476513,1.884447,17.302290,-36.756062,61.008347,15.407943,10.770779,-0.831199,0.771696,-16.003763,34.375191,65.270592,-11.552699,11.247905,-7.665895
788.000000,2579.825439,2172.197998,78.533821,-0.102875,-2.286802,169.435054,4.140360,2.749974,5.866292,12.035845,-12.269128,-1.926590,-1.432739,-8.843633,-30.220249,16.396704,-10.022165,0.764076,1.054534,-0.188663,0.412285,2.100561,17.442482,-36.396648,60.871407,15.632907,10.771641,-0.812959,0.298737,-15.950038,34.375393,65.240387,-11.545702,11.238782,-7.668880
789.000000,2579.795166,2172.204102,78.495613,0.069424,-2.272284,170.183931,3.979957,2.544000,6.177337,12.051728,-12.261846,-1.809271,-1.555997,-9.447229,-30.746149,17.304873,-10.607963,0.907109,1.096196,-0.605245,0.339517,2.304790,17.607065,-35.998222,60.713165,15.903471,10.785013,-0.781418,-0.124606,-15.907745,34.329754,65.162384,-11.550942,11.228870,-7.671348
790.000000,2579.787354,2172.185547,78.449646,0.219022,-2.253429,171.025163,3.743032,2.287683,6.388654,12.072390,-12.294250,-1.658688,-1.708052,-10.166020,-31.427509,18.355976,-11.253282,1.082363,1.097191,-1.078858,0.334565,2.465324,17.786989,-35.637486,60.463715,16.275072,10.794437,-0.771310,-0.578756,-15.884190,34.198875,65.061424,-11.555816,11.224238,-7.672579
791.000000,2579.796143,2172.136230,78.385803,0.337572,-2.185033,171.756399,3.543674,2.097165,6.626125,12.017019,-12.407962,-1.523728,-1.965360,-10.745489,-31.884985,19.313759,-11.781684,1.207201,1.228816,-1.420215,0.327080,2.532454,17.901901,-35.404491,60.242321,16.527031,10.798160,-0.694964,-0.930485,-15.913612,34.132374,64.952293,-11.567197,11.225939,-7.676064
792.000000,2579.819092,2172.061768,78.292915,0.437810,-2.086501,172.306304,3.408403,1.895503,6.895868,11.815063,-12.598817,-1.367300,-2.384109,-11.353323,-32.191933,20.472223,-12.377427,1.320727,1.480591,-1.748078,0.314545,2.548356,18.000553,-35.280270,60.059959,16.756882,10.797631,-0.590365,-1.296503,-15.967079,34.117748,64.793167,-11.577880,11.228947,-7.702055
793.000000,2579.853516,2171.996582,78.217987,0.729886,-2.065096,172.819769,3.271800,1.470629,6.776167,11.664045,-12.703097,-1.113211,-2.905145,-12.201330,-32.393360,21.916588,-13.105184,1.482659,1.766693,-2.306442,0.377266,2.528318,18.148649,-35.159031,59.959686,16.961021,10.772758,-0.327798,-1.754232,-15.927662,34.120487,64.645195,-11.581116,11.195606,-7.816956
794.000000,2579.863281,2171.924805,78.168068,1.043746,-2.083452,173.364211,3.101470,0.930362,6.364053,11.777125,-12.643142,-0.884911,-3.200514,-13.074903,-32.591923,23.068443,-13.690456,1.678664,1.938662,-2.974557,0.467709,2.496969,18.299587,-35.077328,60.092430,17.263851,10.692035,-0.023787,-2.151253,-15.799849,34.124165,64.635735,-11.633469,11.106874,-7.992766
795.000000,2579.848145,2171.843262,78.134659,1.225764,-1.996993,173.951071,2.772439,0.469505,5.814367,11.994902,-12.632799,-0.711157,-3.446537,-13.800477,-32.866245,23.955511,-14.112980,1.856277,2.046038,-3.568148,0.392461,2.409512,18.363533,-34.949600,60.628532,17.595917,10.536479,0.305145,-2.426618,-15.678038,34.124538,64.642357,-11.725976,10.987027,-8.229249
796.000000,2579.829346,2171.746826,78.123856,1.253219,-1.877559,174.596292,2.345492,0.205869,5.209795,12.321997,-12.685815,-0.578964,-3.550285,-14.191010,-33.114994,24.379402,-14.238786,2.035348,2.077606,-3.941062,0.315464,2.286197,18.337833,-34.911880,61.272434,17.819941,10.475824,0.495674,-2.596213,-15.599639,34.112846,64.649460,-11.781754,10.900406,-8.490696
797.000000,2579.806641,2171.641846,78.125610,1.213033,-1.765048,175.343905,1.883653,0.013529,4.491819,12.688728,-12.745314,-0.446850,-3.550584,-14.320750,-32.896473,24.518900,-14.256448,2.363329,2.015337,-4.184253,0.307297,2.228654,18.322840,-34.840195,61.728561,17.879023,10.465022,0.635775,-2.690025,-15.564489,34.086823,64.653587,-11.925418,10.853183,-8.747167
798.000000,2579.788086,2171.538330,78.125854,1.178830,-1.665170,176.190954,1.403252,-0.220197,3.657570,13.072651,-12.781883,-0.321632,-3.563537,-14.344977,-32.000999,24.683941,-14.313376,2.829453,1.856235,-4.401960,0.374257,2.204611,18.358896,-34.871410,61.985672,17.872267,10.461482,0.708301,-2.703192,-15.556804,33.942295,64.653534,-12.017500,10.833613,-8.982891
799.000000,2579.776855,2171.436523,78.145477,1.077932,-1.585612,177.014777,1.111015,-0.334980,3.075427,13.282651,-12.769961,-0.247937,-3.638922,-14.316313,-31.266111,24.921518,-14.205488,3.042263,1.787813,-4.483288,0.482396,2.175701,18.444357,-34.947582,62.017849,17.813711,10.459674,0.744533,-2.702367,-15.557286,33.767220,64.653648,-12.028975,10.834469,-9.125179
800.000000,2579.771484,2171.336182,78.191345,0.854227,-1.489617,177.895600,0.672784,-0.399484,2.150300,13.555752,-12.721387,-0.147320,-3.862450,-14.189644,-30.170177,25.435320,-13.811067,3.278806,1.659504,-4.452586,0.637897,2.126491,18.535738,-35.183113,62.027962,17.578915,10.457039,0.743423,-2.694451,-15.586699,33.569721,64.645393,-12.045964,10.841582,-9.326478
801.000000,2579.774170,2171.238037,78.258392,0.547484,-1.319117,178.745021,0.182409,-0.332826,1.175838,13.824802,-12.663703,-0.044187,-4.447477,-14.071142,-29.090502,26.510050,-13.101621,3.302762,1.584562,-4.227159,0.761883,1.980936,18.553965,-35.516190,62.028572,17.319365,10.456326,0.711237,-2.660046,-15.677692,33.455807,64.625725,-12.070330,10.849705,-9.553734
802.000000,2579.789551,2171.161377,78.324173,0.262469,-1.026288,179.528151,-0.400429,-0.266193,0.288400,14.005239,-12.567006,0.068903,-5.670946,-14.044915,-27.612665,28.289415,-12.269833,3.116134,1.519046,-3.999913,0.774224,1.842013,18.619987,-36.022129,61.977886,17.230963,10.456250,0.625160,-2.659973,-15.740129,33.243317,64.569160,-12.095688,10.854848,-9.798918
803.000000,2579.792236,2171.167969,78.394066,-0.071931,-0.645163,-179.809578,-1.032783,-0.067617,-0.611062,14.158031,-12.491308,0.104746,-7.126398,-13.269737,-25.265118,29.548824,-12.321634,2.659471,1.446219,-3.776699,0.734889,1.737909,18.839878,-36.549992,61.764366,17.098555,10.461113,0.440260,-2.654979,-15.720838,33.111156,64.506012,-12.054015,10.839226,-10.065846
804.000000,2579.779297,2171.273193,78.470787,-0.457153,-0.134540,-179.344683,-1.720389,0.309609,-1.347445,14.256614,-12.443302,0.036251,-8.629527,-11.602531,-23.190987,28.869329,-12.899505,2.049322,1.543998,-3.606036,0.600045,1.697469,19.196257,-36.870682,61.361984,16.840881,10.465811,0.272361,-2.615456,-15.615324,33.100739,64.479988,-12.011064,10.804249,-10.288270
805.000000,2579.763916,2171.451660,78.543205,-0.796634,0.231378,-178.963209,-2.144048,0.671148,-1.905772,14.254753,-12.387797,-0.080527,-9.902958,-10.063334,-22.006275,27.429689,-13.197467,1.472930,1.643931,-3.495078,0.662257,1.637324,19.511658,-37.038555,61.004986,16.604023,10.469749,0.211829,-2.626874,-15.510155,33.100582,64.457138,-12.003691,10.747437,-10.452597
806.000000,2579.718262,2171.680908,78.591118,-1.012908,0.388755,-178.426340,-2.394624,1.014943,-2.662746,14.185677,-12.300168,-0.296147,-11.375317,-8.332536,-20.994026,25.106724,-12.616294,0.764794,1.585622,-3.443475,0.980460,1.521798,19.822613,-37.149738,60.681370,16.422014,10.475218,0.202193,-2.652014,-15.393114,33.104137,64.452461,-12.008541,10.649118,-10.602281
807.000000,2579.609375,2171.933350,78.599510,-1.054503,0.451428,-177.725667,-2.500901,1.151050,-3.543579,14.148733,-12.242286,-0.549132,-12.713197,-6.993917,-20.079481,22.542526,-11.093625,0.193282,1.393364,-3.474418,1.311429,1.404600,19.981968,-37.158527,60.470757,16.402687,10.478735,0.200928,-2.524915,-15.357512,33.106384,64.451996,-12.016795,10.576660,-10.698634
808.000000,2579.407715,2172.202881,78.551743,-0.885001,0.495456,-176.965476,-2.568819,1.041289,-4.371300,14.235073,-12.317061,-0.784278,-13.846655,-6.313325,-19.499699,19.914877,-9.021662,-0.133694,1.298448,-3.615495,1.407240,1.368341,20.008066,-37.156010,60.356903,16.434204,10.476203,0.200190,-2.121694,-15.385067,33.106277,64.473480,-12.020383,10.558084,-10.790254
809.000000,2579.124268,2172.491943,78.417053,-0.482563,0.455981,-176.198708,-2.686707,0.688138,-5.018525,14.766785,-12.713408,-0.972107,-14.695802,-6.261107,-18.910213,18.009377,-8.163798,-0.242000,1.328064,-3.869611,1.344563,1.408648,19.982311,-37.153934,60.320656,16.453711,10.473089,0.197684,-1.596864,-15.442577,33.108292,64.523170,-11.997684,10.557203,-10.851868
810.000000,2578.760254,2172.768066,78.233490,-0.144334,0.250599,-175.428909,-2.862447,0.306625,-5.664106,16.065002,-13.653010,-1.161542,-15.069331,-6.488660,-18.362545,17.745968,-6.962588,-1.052512,1.335290,-3.975097,1.212700,1.587426,19.885790,-37.173279,60.315430,16.452391,10.501940,0.191875,-0.958586,-15.549490,33.112171,64.557549,-11.846475,10.577786,-10.883278
811.000000,2578.296875,2172.992920,78.099068,-0.202617,0.203426,-174.869334,-3.098359,0.373382,-6.039570,17.185812,-14.488870,-1.322254,-14.934694,-6.406287,-18.367338,18.090319,-6.206244,-1.370284,1.377012,-3.608807,0.798011,1.892420,19.697508,-37.256195,60.332123,16.425468,10.547559,0.185674,-0.411565,-15.682267,33.115070,64.555779,-11.692787,10.607384,-10.888575
812.000000,2577.830078,2173.159424,78.018440,-0.474760,0.177642,-174.512979,-3.327113,0.763877,-6.384887,18.462240,-15.502548,-1.550249,-14.547506,-6.120975,-18.778790,18.337460,-6.070347,-1.472252,1.517269,-2.712764,0.141458,2.346416,19.362244,-37.436245,60.345345,16.304607,10.579909,0.169081,0.249145,-15.933347,33.119358,64.506485,-11.578593,10.629835,-10.891846
813.000000,2577.392334,2173.300049,77.950996,-0.745504,0.052659,-174.187626,-3.391460,1.204260,-6.607504,19.562691,-16.379309,-1.766298,-13.938383,-5.907842,-19.487698,18.379091,-5.893841,-1.473239,1.589715,-1.692188,-0.305190,2.708089,19.046379,-37.604458,60.321571,16.148956,10.587381,0.154782,0.737737,-16.227192,33.126099,64.399643,-11.549800,10.612456,-10.896180
814.000000,2576.992676,2173.434326,77.877739,-0.980983,-0.174496,-173.834268,-3.389418,1.609007,-6.534549,20.618187,-17.124203,-2.044433,-13.207847,-5.841739,-20.315266,18.299629,-5.382813,-1.462920,1.547698,-0.781476,-0.431356,2.917300,18.838015,-37.806801,60.230751,16.087885,10.608795,0.152335,0.971956,-16.412273,33.130676,64.400261,-11.537281,10.595096,-10.903103
815.000000,2576.630859,2173.567871,77.789886,-1.237132,-0.410626,-173.388778,-3.417751,2.341582,-5.376108,21.723444,-18.121645,-2.493379,-12.387465,-5.754373,-21.263351,18.243950,-4.716607,-1.479397,1.381380,0.221604,-0.380981,3.009581,18.656742,-37.996983,60.080738,15.960018,10.647015,0.157421,1.102766,-16.515934,33.197273,64.479088,-11.547898,10.589252,-10.910168
816.000000,2576.309570,2173.703613,77.727638,-1.601662,-0.653743,-172.936964,-3.511847,3.069830,-4.703225,22.806278,-18.716471,-2.575170,-11.766092,-5.443350,-21.931541,18.553875,-5.301915,-1.609363,1.267089,1.216739,-0.148542,2.915854,18.430515,-38.054203,60.048157,15.884195,10.665668,0.172712,1.114345,-16.527327,33.402992,64.700089,-11.571104,10.553360,-10.903214
817.000000,2575.999756,2173.853760,77.672203,-1.895010,-0.812007,-172.426739,-3.685158,3.813736,-3.651074,23.748035,-19.290682,-2.919406,-11.319575,-5.216486,-22.556343,19.005320,-6.070762,-1.734515,1.158565,1.994357,0.067077,2.803393,18.239687,-38.058277,60.044830,15.858489,10.676027,0.214327,1.126715,-16.442911,33.628178,65.026039,-11.580222,10.442408,-10.856892
818.000000,2575.699707,2174.022461,77.628746,-2.026167,-0.869596,-171.842749,-4.037592,4.467968,-2.160009,24.687433,-19.586082,-3.283048,-11.059135,-5.213294,-23.148779,19.601557,-6.850650,-1.847873,1.003411,2.420764,0.216670,2.768569,18.106127,-37.995087,60.046593,15.846224,10.686063,0.264089,1.190428,-16.293402,33.714493,65.350998,-11.591195,10.283852,-10.770963
819.000000,2575.428711,2174.184814,77.602806,-2.069324,-0.902294,-171.128433,-4.407528,4.896225,-0.845937,25.374758,-19.544893,-3.163836,-10.882534,-5.309999,-23.620522,19.990681,-7.353099,-1.902689,0.789192,2.582553,0.315598,2.767548,17.999722,-37.907017,60.048378,15.846524,10.718846,0.276042,1.198475,-16.340990,33.706387,65.510338,-11.644148,10.211355,-10.768742
820.000000,2575.161133,2174.349121,77.602455,-2.039933,-0.930343,-170.484417,-5.022248,5.385573,0.665487,26.641109,-19.429960,-3.319802,-10.559956,-5.478532,-24.234741,20.408653,-7.973827,-1.955853,0.577224,2.652035,0.464893,2.766831,17.839045,-37.805794,60.046936,15.853948,10.797331,0.277390,1.262934,-16.441957,33.702400,65.637512,-11.753576,10.080330,-10.614024
821.000000,2574.887939,2174.510498,77.634964,-1.941120,-0.924836,-170.032069,-5.621405,5.745928,1.885635,27.885054,-19.047499,-3.401983,-10.237331,-5.590786,-24.610628,20.539381,-8.382725,-1.979311,0.601544,2.577686,0.513233,2.804030,17.678358,-37.795704,60.045277,15.860728,10.913116,0.237069,1.351265,-16.523891,33.705173,65.651115,-11.881707,9.999325,-10.326457
822.000000,2574.616699,2174.662842,77.693863,-1.821110,-0.844216,-169.876051,-5.964606,6.080658,3.030161,28.572620,-18.515945,-3.415805,-9.956430,-5.557021,-24.720963,20.348387,-8.557650,-2.005538,0.852058,2.467533,0.427456,2.829527,17.662060,-37.623680,60.034191,15.860067,11.170757,0.269120,1.362943,-16.544012,33.719955,65.656738,-12.041961,9.969659,-10.057452
823.000000,2574.356689,2174.798584,77.770096,-1.741404,-0.729851,-169.751416,-6.169556,6.404467,4.008646,28.913774,-17.970741,-3.430057,-9.633221,-5.413481,-24.787567,19.856916,-8.549930,-2.042757,1.070774,2.422354,0.308879,2.834291,17.702616,-37.577766,60.032898,15.859966,11.376945,0.206474,1.251259,-16.547756,33.738670,65.656776,-12.124144,9.909990,-9.869857
824.000000,2574.125488,2174.909424,77.857086,-1.670303,-0.655936,-169.625983,-6.164036,6.626881,4.684619,28.898603,-17.458744,-3.447905,-9.217082,-5.246546,-24.866152,19.192240,-8.414802,-2.077162,1.120941,2.438851,0.300770,2.841671,17.693384,-37.576324,60.031273,15.862273,11.515935,0.076441,0.975145,-16.550926,33.743443,65.658546,-12.132510,9.817973,-9.759115
825.000000,2573.906982,2175.001221,77.951332,-1.554614,-0.518550,-169.520469,-5.959917,6.711971,5.221302,28.358591,-16.906023,-3.467163,-8.830429,-5.121592,-24.924183,18.427145,-8.203977,-2.102002,1.134690,2.441922,0.267319,2.842495,17.637775,-37.581169,60.035187,15.888441,11.680921,-0.066921,0.602676,-16.581491,33.852650,65.659538,-12.136264,9.670919,-9.701263
826.000000,2573.712158,2175.075439,78.041199,-1.439840,-0.359435,-169.346983,-5.724887,6.700559,5.487485,27.719234,-16.551357,-3.485127,-8.577992,-5.071355,-25.007637,17.885805,-8.041076,-2.109869,1.121899,2.449531,0.267028,2.808964,17.599403,-37.585529,60.045994,15.951312,11.847630,-0.142896,0.364152,-16.679886,34.116501,65.660767,-12.203306,9.581674,-9.678256
827.000000,2573.541016,2175.137451,78.122192,-1.333213,-0.198089,-169.075323,-5.385447,6.647071,5.777200,26.738941,-16.123035,-3.511805,-8.271665,-5.049198,-25.189882,17.223059,-7.843881,-2.110602,1.044480,2.478555,0.321486,2.730562,17.574045,-37.609299,60.050358,16.007872,11.943681,-0.238861,0.052452,-16.814978,34.368050,65.659851,-12.224730,9.426344,-9.672565
828.000000,2573.391846,2175.185059,78.189178,-1.234617,-0.086322,-168.837466,-4.941092,6.585605,6.116851,25.605053,-15.762798,-3.542766,-7.984778,-5.061806,-25.385567,16.676287,-7.695585,-2.097546,0.897158,2.525845,0.448716,2.634799,17.560471,-37.737457,60.061359,16.020855,11.995113,-0.292737,-0.279909,-16.921955,34.549580,65.661575,-12.242607,9.326545,-9.673890
829.000000,2573.257080,2175.217529,78.244957,-1.146496,0.016205,-168.666422,-4.468527,6.549479,6.551968,24.517559,-15.477913,-3.561759,-7.767583,-5.063665,-25.476738,16.252756,-7.580180,-2.071990,0.811597,2.588987,0.586240,2.529632,17.540482,-37.962868,60.117008,16.013636,12.033298,-0.299448,-0.593296,-16.997187,34.746677,65.678368,-12.253327,9.276233,-9.686545
830.000000,2573.136230,2175.238525,78.291595,-1.050915,0.136771,-168.550247,-3.970923,6.493951,7.054628,23.340517,-15.173377,-3.573389,-7.611603,-5.087345,-25.527571,15.886963,-7.490084,-2.030980,0.756787,2.644382,0.699201,2.390698,17.510189,-38.272575,60.239712,16.001209,12.047074,-0.299861,-0.920794,-17.045258,35.012917,65.746948,-12.261485,9.224211,-9.708887
831.000000,2573.020508,2175.254883,78.333984,-0.926395,0.236547,-168.530160,-3.397942,6.391308,7.581117,22.088205,-14.848806,-3.576933,-7.545519,-5.147411,-25.458214,15.675930,-7.457833,-1.986354,0.777622,2.610365,0.767220,2.287079,17.457790,-38.427177,60.440506,15.997458,12.045830,-0.301556,-1.180894,-17.037363,35.256645,65.831490,-12.296098,9.170470,-9.720372
832.000000,2572.904297,2175.265869,78.371902,-0.813985,0.313172,-168.530286,-2.808817,6.289634,8.081175,20.881498,-14.536859,-3.579991,-7.473454,-5.196327,-25.363417,15.506344,-7.445521,-1.941731,0.790780,2.538774,0.807554,2.234676,17.402508,-38.488884,60.630451,15.995022,12.043057,-0.304345,-1.358101,-17.005442,35.501720,65.880714,-12.373491,9.122575,-9.725318
833.000000,2572.798828,2175.268066,78.401222,-0.728318,0.379086,-168.506551,-2.313809,6.196372,8.483813,19.870911,-14.268818,-3.579348,-7.406242,-5.240492,-25.292347,15.378974,-7.451343,-1.889979,0.756681,2.461922,0.812838,2.205196,17.367655,-38.581829,60.760910,15.985796,12.040762,-0.308671,-1.448907,-16.954676,35.663471,65.907669,-12.421922,9.075669,-9.728242
834.000000,2572.705078,2175.260254,78.426987,-0.672579,0.337552,-168.425286,-1.919129,6.126182,8.671458,19.214926,-14.098521,-3.576306,-7.254845,-5.265083,-25.282261,15.268249,-7.458644,-1.840537,0.685503,2.416043,0.876121,2.168386,17.358730,-38.639469,60.866608,15.980345,12.043990,-0.314911,-1.484714,-16.898188,35.709682,65.950638,-12.464283,9.048757,-9.729179
835.000000,2572.609375,2175.236328,78.452576,-0.643764,0.273062,-168.220425,-1.378657,6.016380,8.810989,18.330725,-13.870692,-3.566604,-6.954329,-5.309698,-25.382088,15.062428,-7.467843,-1.750441,0.493036,2.369191,0.910360,2.124731,17.344988,-38.653168,60.997116,15.970520,12.041612,-0.344281,-1.488877,-16.782679,35.761658,66.128296,-12.570527,9.032831,-9.728028
836.000000,2572.527100,2175.197266,78.473427,-0.636641,0.192294,-168.027245,-0.861429,5.923195,8.955683,17.504562,-13.678947,-3.547197,-6.627490,-5.351977,-25.526054,14.849897,-7.469828,-1.657006,0.343126,2.346166,0.911382,1.990777,17.293980,-38.655258,61.145065,15.969716,12.029814,-0.379521,-1.417947,-16.693857,35.903168,66.335449,-12.641983,9.030878,-9.725253
837.000000,2572.455566,2175.145996,78.486565,-0.655782,0.126123,-167.892513,-0.317234,5.852324,9.120940,16.632774,-13.539748,-3.520694,-6.346481,-5.350469,-25.594908,14.651583,-7.459597,-1.567959,0.345359,2.342624,0.868695,1.800537,17.212868,-38.654678,61.292877,15.985176,12.017866,-0.402086,-1.239164,-16.658104,36.168930,66.460213,-12.649266,9.034005,-9.717449
838.000000,2572.401123,2175.086670,78.491386,-0.700314,0.072214,-167.771499,0.174617,5.805463,9.274845,15.816327,-13.461113,-3.488154,-6.118926,-5.330458,-25.652306,14.491164,-7.446922,-1.485813,0.358435,2.346775,0.818219,1.623746,17.155033,-38.653912,61.346603,16.005020,11.999553,-0.423395,-1.024234,-16.641691,36.447620,66.491646,-12.647556,9.040762,-9.676456
839.000000,2572.365234,2175.020508,78.488426,-0.766118,0.013300,-167.669707,0.510530,5.786564,9.384468,15.262607,-13.440296,-3.462616,-5.980944,-5.306299,-25.681705,14.407309,-7.438730,-1.432456,0.366957,2.350421,0.796723,1.506133,17.130106,-38.653469,61.354095,16.018888,11.967990,-0.440820,-0.884347,-16.628265,36.642216,66.495972,-12.641268,9.045726,-9.622487
840.000000,2572.346191,2174.947510,78.479347,-0.849017,-0.038491,-167.578813,0.970605,5.765646,9.498665,14.495577,-13.444036,-3.421903,-5.812551,-5.266738,-25.719357,14.323853,-7.428556,-1.358624,0.384398,2.347921,0.772198,1.336124,17.111897,-38.652840,61.355709,16.034067,11.908420,-0.468100,-0.697934,-16.610714,36.958336,66.496193,-12.622995,9.053439,-9.538254
841.000000,2572.350342,2174.865479,78.463745,-0.953434,-0.081465,-167.478127,1.307261,5.754138,9.543315,13.889442,-13.490221,-3.382577,-5.721340,-5.229946,-25.751661,14.286631,-7.415367,-1.298870,0.408369,2.345849,0.737783,1.182163,17.089558,-38.651543,61.357861,16.040310,11.884265,-0.480665,-0.606988,-16.641584,37.188034,66.494049,-12.606541,9.099434,-9.524375
842.000000,2572.370117,2174.778320,78.441086,-1.086805,-0.118114,-167.317463,1.710221,5.757910,9.559876,13.119322,-13.599374,-3.324217,-5.610428,-5.184356,-25.864330,14.269064,-7.405727,-1.220550,0.413793,2.342844,0.701266,0.942825,17.052393,-38.651249,61.361721,16.040649,11.872820,-0.490605,-0.487030,-16.672152,37.511917,66.485260,-12.589149,9.150928,-9.512015
843.000000,2572.395264,2174.694336,78.428726,-1.183669,-0.121858,-167.154979,1.965683,5.740238,9.493614,12.515207,-13.673642,-3.235182,-5.549193,-5.159679,-25.986074,14.225860,-7.373614,-1.132944,0.443662,2.283403,0.615980,0.770553,17.054794,-38.612278,61.266056,15.958417,11.866937,-0.492066,-0.291725,-16.636408,37.737396,66.416435,-12.578296,9.196801,-9.506706
844.000000,2572.412598,2174.611328,78.449432,-1.178356,-0.115642,-167.140888,2.109208,5.620891,9.484784,12.188733,-13.527875,-3.118006,-5.466784,-5.191991,-25.937010,14.031661,-7.236145,-1.036308,0.625924,2.071811,0.512187,0.716500,17.092407,-38.526768,61.060528,15.873796,11.862397,-0.482944,-0.050857,-16.538637,37.877228,66.297432,-12.575623,9.313467,-9.521052
845.000000,2572.431641,2174.515137,78.471451,-1.185854,-0.161150,-167.160320,2.292702,5.505528,9.511295,11.903989,-13.393607,-3.001557,-5.311724,-5.195294,-25.840425,13.748618,-7.041695,-0.941366,0.838810,1.869080,0.434218,0.711970,17.101833,-38.486225,60.832264,15.835198,11.857067,-0.446862,0.149456,-16.461824,38.002975,66.225502,-12.568922,9.441501,-9.529358
846.000000,2572.450928,2174.419189,78.485199,-1.198221,-0.236055,-167.167166,2.475788,5.406971,9.518037,11.709791,-13.325759,-2.905754,-5.151102,-5.214071,-25.763950,13.566548,-6.909560,-0.867539,0.992217,1.677226,0.405119,0.771237,17.102400,-38.339794,60.578381,15.828606,11.852277,-0.416853,0.285745,-16.354271,38.049309,66.219124,-12.561943,9.525699,-9.531696
847.000000,2572.465088,2174.320312,78.494202,-1.210676,-0.331176,-167.133565,2.607714,5.330666,9.498003,11.598830,-13.297744,-2.832436,-5.022272,-5.244663,-25.729126,13.466756,-6.839199,-0.802157,1.082399,1.529539,0.389065,0.875079,17.102173,-38.093586,60.326885,15.837321,11.848356,-0.395296,0.390468,-16.277582,38.054020,66.220932,-12.563114,9.586173,-9.522417
848.000000,2572.472656,2174.216553,78.498444,-1.195235,-0.487037,-167.117102,2.859923,5.200560,9.475113,11.424010,-13.254065,-2.734539,-4.842118,-5.339150,-25.670809,13.467011,-6.824115,-0.703599,1.213573,1.305809,0.396260,1.012244,17.103495,-37.698318,60.056210,15.888650,11.830662,-0.362100,0.554484,-16.171204,38.058258,66.222694,-12.568131,9.638674,-9.457072
849.000000,2572.475342,2174.107422,78.494553,-1.151851,-0.674973,-167.097031,3.159751,5.045053,9.479957,11.248084,-13.218778,-2.641374,-4.716929,-5.503785,-25.584322,13.681835,-6.924491,-0.600353,1.382170,1.066823,0.394806,1.068176,17.155872,-37.401917,60.030647,16.007643,11.826220,-0.355213,0.754260,-16.102646,38.068928,66.188904,-12.551188,9.692224,-9.300862
850.000000,2572.481201,2173.986328,78.483170,-1.087804,-0.886002,-167.054660,3.490466,4.829481,9.464263,11.114745,-13.214496,-2.512053,-4.624224,-5.780821,-25.493801,14.125757,-7.148141,-0.451771,1.540174,0.793971,0.392029,1.100643,17.224979,-37.155293,60.117237,16.036779,11.829860,-0.315612,0.994358,-16.088696,38.085804,66.089035,-12.474814,9.769057,-9.076622
851.000000,2572.492676,2173.852783,78.465424,-1.012049,-1.114641,-167.012777,3.790298,4.601292,9.451821,11.059240,-13.252352,-2.368936,-4.572441,-6.096449,-25.385860,14.672248,-7.424166,-0.290117,1.656945,0.539948,0.392414,1.119585,17.234213,-37.012405,60.332336,16.023697,11.835650,-0.170861,1.182926,-16.092159,38.094337,66.002998,-12.363449,9.873873,-8.843783
852.000000,2572.508545,2173.716797,78.443855,-0.925687,-1.364303,-166.947318,4.092732,4.348480,9.421019,11.051040,-13.318509,-2.207457,-4.517303,-6.454605,-25.279610,15.289022,-7.744224,-0.106565,1.699399,0.266208,0.412168,1.192545,17.234226,-36.972504,60.544147,15.996353,11.842803,0.013541,1.307704,-16.094175,38.097809,65.910515,-12.219512,9.976075,-8.663596
853.000000,2572.525146,2173.578125,78.414703,-0.789277,-1.640092,-166.848281,4.437505,4.022701,9.351974,11.001084,-13.362192,-2.028157,-4.501698,-6.928253,-25.192595,16.107862,-8.179368,0.092412,1.736802,-0.109948,0.447508,1.340835,17.232962,-36.830723,60.684021,15.975309,11.845735,0.174087,1.388162,-16.065895,38.105564,65.893929,-12.147371,10.032016,-8.430871
854.000000,2572.549561,2173.444092,78.371277,-0.593221,-1.793588,-166.766218,4.583675,3.651645,9.307195,11.059564,-13.440205,-1.836087,-4.761451,-7.508584,-25.061865,17.194143,-8.720926,0.274358,1.812178,-0.595340,0.367923,1.572919,17.259890,-36.537579,60.732693,15.992728,11.857147,0.318256,1.488395,-16.010107,38.106251,65.808128,-12.133617,10.119945,-8.140183
855.000000,2572.602783,2173.306885,78.313156,-0.346280,-1.942429,-166.700020,4.637967,3.308729,9.295410,11.191175,-13.538354,-1.664260,-5.083415,-8.061082,-24.917776,18.247705,-9.224728,0.426838,1.886887,-1.065285,0.341199,1.740874,17.380840,-36.336205,60.767799,16.029444,11.881120,0.441902,1.525730,-15.956944,38.105789,65.662148,-12.125885,10.213343,-7.888911
856.000000,2572.674072,2173.164551,78.252586,-0.099294,-2.053157,-166.625926,4.627616,2.853382,9.282399,11.427994,-13.682910,-1.444989,-5.536998,-8.793015,-24.739508,19.582916,-9.839296,0.617073,1.978242,-1.691115,0.352016,1.882047,17.484640,-36.141365,60.918133,16.042755,11.886894,0.625194,1.525809,-15.885665,38.091702,65.416107,-12.117290,10.326690,-7.606879
857.000000,2572.758545,2173.008057,78.191795,0.151508,-2.100980,-166.636338,4.554145,2.389148,9.329534,11.652035,-13.813276,-1.227129,-6.063650,-9.504182,-24.497677,20.837574,-10.369168,0.790093,2.136961,-2.311067,0.337332,1.991917,17.516317,-35.902649,61.141800,16.056437,11.890869,0.763958,1.488736,-15.826439,38.023582,65.136101,-12.117599,10.430720,-7.335992
858.000000,2572.863525,2172.844238,78.126419,0.431970,-2.144731,-166.706679,4.483187,1.905402,9.455055,11.808460,-13.902487,-1.009448,-6.669659,-10.200376,-24.147861,22.075769,-10.840715,0.941002,2.358213,-2.929946,0.344497,2.075088,17.667967,-35.576450,61.250942,16.080193,11.909382,0.929901,1.352879,-15.799885,37.928150,64.822357,-12.146304,10.494555,-7.063712
859.000000,2572.974609,2172.682373,78.042923,0.791328,-2.201145,-166.897350,4.472982,1.360608,9.685063,11.910488,-13.982062,-0.781655,-7.454639,-10.973034,-23.560230,23.634178,-11.383647,1.094043,2.586056,-3.585174,0.389803,2.142385,17.906382,-35.472733,61.271397,16.088446,11.911572,1.078974,1.099245,-15.771819,37.900692,64.609772,-12.173733,10.502055,-6.890557
860.000000,2573.079346,2172.517090,77.961479,1.078334,-2.331296,-167.050961,4.499451,0.825772,9.928644,12.135375,-14.153196,-0.546589,-8.338069,-11.769015,-22.746708,25.522825,-11.869678,1.281462,2.735991,-4.227611,0.483983,2.218257,18.153511,-35.365387,61.305992,16.089636,11.911777,1.263090,0.767749,-15.714500,37.870914,64.517227,-12.190147,10.469157,-6.825000
861.000000,2573.171143,2172.340576,77.895561,1.290135,-2.454399,-167.061278,4.482312,0.414433,10.006581,12.410643,-14.325802,-0.344165,-9.217163,-12.505796,-22.126513,27.488380,-12.059736,1.481445,2.697979,-4.702845,0.518336,2.230614,18.255320,-35.288692,61.520233,16.088696,11.909718,1.395141,0.509274,-15.602859,37.709629,64.617462,-12.207081,10.420464,-6.809730
862.000000,2573.248535,2172.168457,77.852539,1.435545,-2.466370,-166.997421,4.365162,0.066916,9.992645,12.608658,-14.428102,-0.146557,-10.283513,-13.233471,-21.623684,29.604368,-11.939916,1.665334,2.619325,-5.095925,0.427585,2.188550,18.271599,-35.186443,61.843761,16.062147,11.857057,1.554720,0.388554,-15.475042,37.431885,64.741920,-12.223724,10.399807,-6.764321
863.000000,2573.334229,2172.004883,77.829208,1.508662,-2.425237,-166.935696,4.221635,-0.131530,9.983114,12.747976,-14.481925,-0.004303,-11.174081,-13.724537,-21.256428,31.206022,-11.624449,1.787039,2.590371,-5.327146,0.375363,2.093470,18.268818,-35.171413,62.130730,16.049700,11.751002,1.653762,0.339315,-15.429911,37.236465,64.757973,-12.242456,10.393183,-6.697208
864.000000,2573.418945,2171.856201,77.829559,1.477686,-2.412398,-166.953063,4.097641,-0.262012,10.017845,12.885081,-14.530480,0.143433,-12.170835,-14.157791,-20.798964,32.934978,-10.991057,1.919447,2.614617,-5.513548,0.452421,1.918855,18.248089,-35.171120,62.521568,16.037132,11.548317,1.751539,0.240760,-15.411534,37.013126,64.759560,-12.266304,10.377477,-6.597375
865.000000,2573.491211,2171.719482,77.842010,1.389009,-2.290019,-166.970539,3.884532,-0.285051,10.087246,13.032603,-14.584133,0.271788,-13.108850,-14.428046,-20.443182,34.301117,-10.198084,2.028812,2.677046,-5.638781,0.511526,1.788184,18.246799,-35.172939,62.892487,16.022299,11.295024,1.808157,0.137893,-15.396708,36.731430,64.758072,-12.309825,10.338386,-6.489268
866.000000,2573.542969,2171.603516,77.861282,1.251851,-2.126094,-166.867751,3.544271,-0.243295,10.018616,13.276364,-14.667537,0.372811,-13.756474,-14.594107,-20.391306,35.098907,-9.532290,2.106225,2.633924,-5.714739,0.564861,1.725824,18.279190,-35.172600,63.062374,16.015797,11.117329,1.815110,0.066063,-15.381248,36.436539,64.754013,-12.393446,10.282576,-6.416079
867.000000,2573.572266,2171.497070,77.886475,1.098821,-1.922512,-166.773559,3.169895,-0.155722,9.906090,13.505855,-14.737678,0.449600,-14.097469,-14.552269,-20.327309,35.246288,-9.058181,2.200471,2.601557,-5.735948,0.593496,1.666034,18.349745,-35.252098,63.083164,16.005222,11.027452,1.814068,0.040475,-15.380060,36.300179,64.750725,-12.444772,10.267807,-6.370290
868.000000,2573.592773,2171.394287,77.914131,0.883803,-1.714108,-166.745104,2.770670,0.023623,9.858739,13.822495,-14.866329,0.502312,-14.225908,-14.246789,-20.091972,34.896412,-8.719802,2.273589,2.586224,-5.642832,0.641657,1.563722,18.417795,-35.547089,63.084206,15.860811,10.978502,1.814207,-0.012226,-15.377840,36.284950,64.746986,-12.482287,10.269824,-6.347191
869.000000,2573.597900,2171.294434,77.948364,0.618515,-1.495032,-166.803259,2.400730,0.280982,9.871019,14.151906,-15.022243,0.529187,-14.099728,-13.724959,-19.807905,34.035629,-8.518257,2.329346,2.620023,-5.437751,0.702951,1.450382,18.453455,-35.759747,63.083679,15.558593,10.906002,1.807571,-0.042732,-15.370728,36.282543,64.742928,-12.489597,10.271112,-6.342083
870.000000,2573.593994,2171.194092,77.983482,0.345039,-1.172779,-166.887919,1.890078,0.578723,9.899626,14.513137,-15.190236,0.544010,-13.841171,-13.096373,-19.662382,32.675339,-8.413448,2.385482,2.658086,-5.143896,0.701513,1.347738,18.456238,-35.903057,63.082867,15.167672,10.806198,1.761738,-0.047080,-15.369674,36.239758,64.740685,-12.482881,10.271188,-6.340544
871.000000,2573.591309,2171.104492,78.012276,0.102524,-0.800853,-166.814338,1.432694,0.759434,9.810686,14.819610,-15.309455,0.555678,-13.614330,-12.734062,-19.770857,31.635212,-8.389449,2.417343,2.553976,-4.904609,0.699873,1.248212,18.456568,-36.039738,63.082798,14.920404,10.766566,1.683805,-0.059576,-15.372569,36.203350,64.740242,-12.416441,10.271737,-6.347703
872.000000,2573.586670,2171.029785,78.033051,-0.112199,-0.436162,-166.720830,0.796833,0.956093,9.624292,15.237649,-15.458660,0.575299,-13.340556,-12.315830,-19.917028,30.329836,-8.373927,2.454360,2.360339,-4.574726,0.727678,1.054224,18.461996,-36.214230,63.070324,14.708529,10.753232,1.498590,-0.070728,-15.375387,36.193333,64.739799,-12.289991,10.273648,-6.360992
873.000000,2573.570557,2170.969971,78.045883,-0.305013,-0.096731,-166.724829,0.208490,1.176506,9.539956,15.668272,-15.642454,0.588207,-13.146815,-11.866193,-19.923000,29.153900,-8.320827,2.476236,2.298968,-4.202076,0.784735,0.853125,18.486864,-36.269520,62.995178,14.665344,10.737469,1.249687,-0.072896,-15.373657,36.180290,64.736794,-12.270074,10.275339,-6.377561
874.000000,2573.533936,2170.923340,78.055862,-0.517364,0.244018,-166.657530,-0.357989,1.399347,9.415592,16.116823,-15.844672,0.586920,-12.951467,-11.439019,-19.938261,28.069834,-8.273444,2.494852,2.161098,-3.816159,0.781731,0.731120,18.535120,-36.268501,62.882141,14.652202,10.726820,1.023389,-0.071858,-15.378470,35.994247,64.736351,-12.271677,10.313249,-6.498443
875.000000,2573.472900,2170.887207,78.077774,-0.823556,0.542130,-166.460582,-0.998708,1.751648,9.109996,16.718922,-16.119856,0.556872,-12.480806,-10.867484,-20.179253,26.594791,-8.143624,2.517653,1.846725,-3.256243,0.744315,0.611299,18.559969,-36.258926,62.816811,14.502933,10.721106,0.789113,-0.065358,-15.390824,35.692924,64.757408,-12.284840,10.341894,-6.611259
876.000000,2573.394775,2170.861816,78.098587,-1.136436,0.773908,-166.237481,-1.525359,2.119278,8.764720,17.287416,-16.398727,0.513427,-11.957231,-10.328363,-20.524048,25.257660,-7.964570,2.535608,1.522093,-2.663760,0.701186,0.518665,18.561642,-36.245190,62.754585,14.261502,10.718109,0.634659,-0.042280,-15.438392,35.491161,64.781197,-12.297303,10.347954,-6.673709
877.000000,2573.303711,2170.846436,78.103081,-1.459638,0.938388,-166.100537,-1.999974,2.538446,8.496481,18.002996,-16.795816,0.441688,-11.488480,-9.798696,-20.848936,24.193527,-7.810329,2.532381,1.374546,-2.054395,0.666379,0.427059,18.558838,-36.216644,62.589542,14.029013,10.714187,0.552775,0.019921,-15.625679,35.405300,64.770020,-12.381566,10.347349,-6.718958
878.000000,2573.195801,2170.844238,78.093994,-1.817274,0.958404,-166.136937,-2.236913,2.929866,8.412171,18.617785,-17.183800,0.356437,-11.093600,-9.339143,-21.033628,23.486105,-7.702057,2.508234,1.463709,-1.574433,0.699894,0.335319,18.541023,-36.169708,62.421001,13.911815,10.707606,0.531222,0.086919,-15.827130,35.405815,64.767204,-12.434757,10.346928,-6.730093
879.000000,2573.062988,2170.862305,78.070679,-2.175867,0.924943,-166.150505,-2.475000,3.457849,8.319175,19.456469,-17.733023,0.224461,-10.581845,-8.744423,-21.237772,22.718925,-7.625174,2.459331,1.629874,-0.978953,0.703611,0.253397,18.505861,-36.095661,62.171303,13.882448,10.683187,0.524251,0.186551,-16.037266,35.457214,64.788292,-12.454055,10.346814,-6.742870
880.000000,2572.913818,2170.903320,78.036652,-2.509388,0.883138,-166.026196,-2.756839,3.988513,8.052501,20.414442,-18.344969,0.064070,-10.034236,-8.182933,-21.535782,22.079882,-7.676972,2.391972,1.631155,-0.383974,0.654678,0.200796,18.472858,-36.029297,61.884701,13.882150,10.595404,0.523414,0.242279,-16.229483,35.557362,64.912323,-12.475858,10.344072,-6.753263
881.000000,2572.758301,2170.958252,78.004906,-2.809110,0.799956,-165.892372,-2.937512,4.472888,7.757428,21.228298,-18.886724,-0.107266,-9.519917,-7.683497,-21.812412,21.613544,-7.768660,2.319234,1.586212,0.176784,0.607415,0.104118,18.349815,-36.023495,61.799686,13.888567,10.458806,0.531307,0.254081,-16.312119,35.587383,65.180878,-12.487371,10.332513,-6.790463
882.000000,2572.598633,2171.016846,77.974136,-3.130650,0.690261,-165.742288,-3.066204,4.973577,7.461053,22.015108,-19.404396,-0.288672,-8.953822,-7.165384,-22.106741,21.122408,-7.823145,2.255716,1.549551,0.798583,0.591715,-0.001115,18.104334,-36.023857,61.813965,13.887839,10.324327,0.598947,0.256906,-16.398783,35.618282,65.486130,-12.489090,10.327689,-6.873652
883.000000,2572.437012,2171.086670,77.937515,-3.406549,0.590548,-165.634870,-3.174981,5.431214,7.231485,22.735237,-19.881035,-0.465438,-8.467692,-6.707379,-22.380743,20.734192,-7.927163,2.192410,1.517024,1.406542,0.582124,-0.045088,17.808317,-36.026413,61.823257,13.880916,10.181064,0.720499,0.255956,-16.545250,35.636112,65.677826,-12.491883,10.327847,-6.944319
884.000000,2572.281494,2171.177002,77.899246,-3.546586,0.532777,-165.542003,-3.219276,5.661095,7.107236,23.111511,-20.140150,-0.579796,-8.197453,-6.471256,-22.499434,20.541246,-8.085407,2.161668,1.455369,1.740723,0.570337,-0.031842,17.632021,-36.041882,61.811371,13.877625,10.076545,0.792936,0.237717,-16.641687,35.637703,65.758636,-12.501296,10.327072,-6.971400
885.000000,2572.132324,2171.288086,77.865509,-3.614441,0.513603,-165.459298,-3.265935,5.904370,6.950896,23.487921,-20.413578,-0.741528,-7.870172,-6.191987,-22.576557,20.266870,-8.369234,2.129427,1.286519,2.121359,0.545786,0.021823,17.444336,-36.135487,61.783653,13.878528,9.940397,0.876736,0.169490,-16.732794,35.636871,65.820190,-12.598719,10.323351,-7.016993
886.000000,2571.988281,2171.417236,77.834976,-3.650531,0.517320,-165.445222,-3.289765,6.118469,6.885051,23.736769,-20.617750,-0.901517,-7.605167,-5.926942,-22.589216,19.967031,-8.636161,2.076329,1.172914,2.431122,0.525425,0.078557,17.310520,-36.321674,61.765587,13.881595,9.860986,0.951506,0.104833,-16.821142,35.639160,65.831459,-12.811197,10.319213,-7.046847
887.000000,2571.854980,2171.559814,77.805588,-3.630756,0.538938,-165.461457,-3.293097,6.289627,6.883272,23.892336,-20.766487,-1.065802,-7.389391,-5.707817,-22.601099,19.682756,-8.935863,1.998702,1.130160,2.655648,0.514367,0.133962,17.220575,-36.509079,61.736637,13.879320,9.836669,0.999931,0.068142,-16.885567,35.669373,65.838531,-12.993834,10.315527,-7.075145
888.000000,2571.731445,2171.716309,77.773674,-3.548353,0.579800,-165.468157,-3.301559,6.385517,6.888786,23.977135,-20.860590,-1.228427,-7.223983,-5.566632,-22.616547,19.444708,-9.310678,1.908563,1.120875,2.778281,0.505481,0.170335,17.160557,-36.659954,61.727436,13.870796,9.832955,1.025914,0.063902,-16.917202,35.735596,65.840431,-13.051430,10.309660,-7.117440
889.000000,2571.618408,2171.883301,77.741737,-3.383480,0.633557,-165.464418,-3.288242,6.373622,6.905571,23.945324,-20.875948,-1.365247,-7.108870,-5.528883,-22.596378,19.259731,-9.740446,1.843167,1.107521,2.786627,0.503021,0.197963,17.146421,-36.797302,61.728611,13.863633,9.834634,1.034302,0.063362,-16.922533,35.802246,65.841125,-13.097476,10.304200,-7.139548
890.000000,2571.506592,2172.062256,77.719658,-3.105586,0.703705,-165.446211,-3.175453,6.215017,6.950403,23.643639,-20.739679,-1.501486,-6.950309,-5.587627,-22.538492,18.947468,-10.256482,1.797980,1.074781,2.661230,0.493136,0.218649,17.146790,-36.993095,61.801872,13.868523,9.847443,1.061480,0.062785,-16.894491,35.897552,65.843628,-13.157173,10.298865,-7.144842
891.000000,2571.410156,2172.227051,77.738228,-2.898775,0.783800,-165.485142,-2.993362,6.122792,7.040437,23.162149,-20.493896,-1.615270,-6.877079,-5.592518,-22.469900,18.694412,-10.432036,1.729040,1.054138,2.609355,0.479932,0.228801,17.092659,-37.237278,61.940632,13.897687,9.905378,1.087579,0.040550,-16.876965,35.954189,65.847504,-13.238168,10.295675,-7.142582
892.000000,2571.329590,2172.372559,77.797241,-2.785448,0.840878,-165.520869,-2.738431,6.099286,7.125017,22.541365,-20.158367,-1.726543,-6.801160,-5.528529,-22.436041,18.427921,-10.366731,1.636133,1.012626,2.641097,0.496936,0.243970,16.997467,-37.498047,62.082680,13.930520,9.994130,1.099809,0.008385,-16.869032,35.971405,65.850967,-13.334419,10.292544,-7.139489
893.000000,2571.247559,2172.509277,77.880455,-2.664340,0.840063,-165.494198,-2.263322,6.041685,7.194357,21.542303,-19.613430,-1.841660,-6.518491,-5.416733,-22.447271,17.837872,-10.106443,1.549187,0.915313,2.663839,0.551790,0.294809,16.864256,-37.725185,62.262527,13.950006,10.080545,1.106550,-0.005839,-16.849661,35.974445,65.852119,-13.424035,10.289913,-7.134479
894.000000,2571.167480,2172.631348,77.963654,-2.529780,0.828862,-165.456141,-1.748945,5.942307,7.231920,20.495335,-19.040329,-1.930548,-6.163947,-5.327346,-22.484772,17.175747,-9.839222,1.498387,0.800418,2.651894,0.560700,0.364679,16.710684,-37.785427,62.506008,13.962160,10.124745,1.109760,0.012509,-16.821163,35.971333,65.854843,-13.440116,10.290987,-7.129723
895.000000,2571.094482,2172.748535,78.037544,-2.361688,0.797799,-165.476662,-1.122552,5.801208,7.377155,19.287304,-18.386099,-2.026062,-5.836955,-5.280440,-22.444799,16.584734,-9.616915,1.430812,0.729897,2.570482,0.540028,0.460210,16.612452,-37.872311,62.763969,13.925523,10.150473,1.112802,0.029843,-16.757797,35.969822,65.855194,-13.447841,10.292484,-7.126629
896.000000,2571.043701,2172.859619,78.093460,-2.217249,0.758871,-165.500882,-0.631206,5.706967,7.625312,18.361094,-17.854738,-2.100315,-5.615196,-5.260643,-22.389530,16.204750,-9.481767,1.358075,0.666513,2.482389,0.522680,0.521327,16.596172,-38.029301,62.961487,13.870605,10.195202,1.114118,0.022148,-16.675920,35.971161,65.851898,-13.453570,10.292484,-7.125761
897.000000,2571.020264,2172.949463,78.128716,-2.117571,0.706032,-165.516953,-0.244531,5.682326,8.004219,17.663204,-17.490896,-2.148544,-5.454874,-5.236732,-22.348627,15.967206,-9.401765,1.297826,0.614148,2.461648,0.523253,0.516939,16.596386,-38.280949,63.079914,13.786113,10.269107,1.116585,-0.007310,-16.649200,36.043125,65.870316,-13.461838,10.297007,-7.131501
898.000000,2571.018311,2173.019775,78.154770,-2.027325,0.649337,-165.583324,0.050284,5.647270,8.319221,17.171375,-17.195494,-2.177776,-5.361391,-5.229595,-22.249060,15.828493,-9.346131,1.244914,0.608905,2.446817,0.523886,0.501779,16.603342,-38.589294,63.117817,13.704225,10.335256,1.119878,-0.077975,-16.643030,36.251751,65.934441,-13.460460,10.302679,-7.131741
899.000000,2571.042480,2173.076172,78.171082,-1.965425,0.612754,-165.561774,0.144392,5.633946,8.499597,16.982450,-17.056505,-2.187376,-5.326100,-5.235532,-22.225430,15.769544,-9.319052,1.216810,0.553925,2.447790,0.518886,0.465712,16.605267,-38.822697,63.120472,13.679991,10.360154,1.119932,-0.147923,-16.640467,36.418369,65.978706,-13.458434,10.306403,-7.128582
900.000000,2571.089111,2173.118408,78.185509,-1.880904,0.569894,-165.540510,0.220849,5.588523,8.752460,16.790558,-16.872742,-2.190819,-5.311188,-5.290240,-22.202324,15.755031,-9.299377,1.190792,0.451217,2.418366,0.519962,0.350856,16.603291,-39.139885,63.118477,13.662794,10.379318,1.117618,-0.271414,-16.633001,36.662952,66.027893,-13.464932,10.312054,-7.121036
901.000000,2571.154297,2173.150391,78.205978,-1.743522,0.520125,-165.603323,0.342032,5.480234,9.163815,16.529448,-16.607178,-2.177076,-5.372165,-5.417075,-22.065517,15.838830,-9.296638,1.175805,0.449384,2.277054,0.521567,0.173554,16.596581,-39.325653,63.116600,13.657011,10.399899,1.117864,-0.403288,-16.608376,36.957016,66.047882,-13.475962,10.319863,-7.116283
902.000000,2571.239746,2173.175049,78.229431,-1.584882,0.485408,-165.691733,0.468672,5.317719,9.562276,16.213976,-16.282663,-2.141630,-5.502860,-5.580871,-21.852257,15.976404,-9.290245,1.163496,0.483473,2.043038,0.518262,-0.061405,16.595646,-39.400742,63.123852,13.662860,10.415449,1.121984,-0.563223,-16.565744,37.267975,66.056412,-13.475529,10.324789,-7.116149
903.000000,2571.349121,2173.193848,78.251076,-1.446349,0.477110,-165.711867,0.536309,5.136149,9.848900,15.876936,-15.960718,-2.086813,-5.665739,-5.758459,-21.702120,16.105751,-9.265688,1.152988,0.467783,1.769607,0.517712,-0.409484,16.590153,-39.451340,63.194424,13.675131,10.421290,1.129404,-0.773968,-16.518383,37.484737,66.051872,-13.464311,10.305412,-7.118047
904.000000,2571.494385,2173.211426,78.260719,-1.290881,0.466024,-165.705873,0.478361,4.957025,10.130476,15.728649,-15.720851,-1.993526,-5.922593,-5.993659,-21.596979,16.407652,-9.301227,1.139848,0.453719,1.453285,0.566371,-0.884119,16.605141,-39.532093,63.410912,13.853276,10.439387,1.139003,-1.063030,-16.492134,37.686565,66.003922,-13.464187,10.287062,-7.111583
905.000000,2571.677002,2173.223389,78.253746,-1.087605,0.435139,-165.689065,0.334352,4.698378,10.421824,15.733138,-15.522851,-1.845834,-6.356561,-6.384747,-21.454094,17.079187,-9.481108,1.133257,0.459464,1.023059,0.695498,-1.464468,16.646219,-39.573086,63.704132,14.159536,10.470460,1.192078,-1.502956,-16.486431,37.927837,65.870056,-13.464228,10.280742,-7.102371
906.000000,2571.868896,2173.212891,78.230942,-0.849288,0.343513,-165.754009,0.354908,4.374074,10.736876,15.587601,-15.372977,-1.662282,-6.842722,-6.839784,-21.194950,17.966467,-9.766203,1.167450,0.542083,0.549223,0.844081,-1.938699,16.704309,-39.575371,63.835232,14.392210,10.480803,1.316106,-1.964665,-16.461248,38.034531,65.695244,-13.450902,10.256323,-7.097785
907.000000,2572.033447,2173.167725,78.197105,-0.672665,0.197243,-165.815320,0.493136,4.138103,10.932258,15.380282,-15.328016,-1.525240,-7.133110,-7.147020,-20.987581,18.604965,-9.983826,1.222321,0.560720,0.231518,0.903872,-2.134288,16.772762,-39.551926,63.952240,14.552499,10.475086,1.439553,-2.291206,-16.426199,38.042061,65.571266,-13.439165,10.195333,-7.097745
908.000000,2572.186035,2173.091309,78.165947,-0.489583,0.014040,-165.806020,0.725059,3.797844,11.051619,15.081071,-15.276880,-1.355083,-7.407408,-7.569384,-20.795700,19.385303,-10.263383,1.324813,0.538182,-0.189189,0.896470,-2.257337,16.822029,-39.457184,64.087128,14.656084,10.452395,1.683523,-2.635460,-16.348577,38.042110,65.473244,-13.430105,10.048958,-7.102358
909.000000,2572.325195,2172.992920,78.149757,-0.314897,-0.196993,-165.787909,0.944704,3.448079,11.091696,14.889334,-15.152385,-1.206804,-7.547386,-7.974744,-20.629040,19.974020,-10.451336,1.427159,0.534851,-0.611766,0.833934,-2.270669,16.914276,-39.353233,64.216713,14.845535,10.423801,1.886453,-2.874504,-16.210426,38.034584,65.460999,-13.424877,9.901040,-7.109403
910.000000,2572.466797,2172.877930,78.130394,-0.174554,-0.398151,-165.714840,1.123104,3.098764,11.097869,14.787014,-15.070498,-1.034207,-7.658077,-8.395952,-20.511503,20.542282,-10.608327,1.539574,0.500744,-1.033316,0.732030,-2.233388,16.965021,-39.222317,64.361710,14.982886,10.383990,2.186498,-3.074256,-16.032518,38.023895,65.457855,-13.422050,9.749061,-7.129496
911.000000,2572.613281,2172.756104,78.096222,0.017931,-0.620936,-165.588609,1.277399,2.696431,11.042716,14.753655,-15.041153,-0.827816,-7.817074,-8.926185,-20.452711,21.314606,-10.875241,1.672618,0.428275,-1.446932,0.686742,-2.220175,17.069408,-39.212334,64.378998,15.235126,10.377635,2.378500,-3.232059,-15.840175,38.022533,65.457893,-13.427960,9.639980,-7.194987
912.000000,2572.760498,2172.626953,78.039207,0.355424,-0.888759,-165.458031,1.541274,2.102693,11.002656,14.573898,-14.951880,-0.597187,-8.147365,-9.713737,-20.325829,22.560190,-11.376335,1.828658,0.383536,-1.995349,0.666984,-2.233688,17.213240,-39.195385,64.412010,15.478371,10.373715,2.635144,-3.297440,-15.601942,38.023716,65.454811,-13.461036,9.568446,-7.297097
913.000000,2572.897949,2172.492676,77.973198,0.725996,-1.140271,-165.427940,1.844743,1.461544,11.068612,14.369027,-14.863380,-0.361377,-8.583683,-10.555041,-20.063156,23.963579,-11.910248,2.003284,0.407050,-2.570257,0.627552,-2.242276,17.301695,-39.145409,64.522530,15.729947,10.368924,2.991579,-3.301510,-15.362526,38.021873,65.411934,-13.649356,9.541078,-7.333672
914.000000,2573.045410,2172.344482,77.905945,1.055968,-1.330502,-165.512780,2.032637,0.919019,11.237013,14.283916,-14.836263,-0.135940,-9.184206,-11.303988,-19.716667,25.421116,-12.281482,2.158548,0.438969,-3.013408,0.558531,-2.259867,17.327984,-39.128010,64.710480,15.946809,10.367949,3.325812,-3.325619,-15.213269,38.016426,65.265076,-13.914265,9.528694,-7.335986
915.000000,2573.212891,2172.184326,77.843399,1.338286,-1.481991,-165.614380,2.101447,0.501537,11.392702,14.303977,-14.843389,0.068874,-9.830279,-11.927527,-19.405590,26.792763,-12.461656,2.290758,0.429486,-3.316169,0.506447,-2.278379,17.326584,-39.128239,64.866928,16.007582,10.367414,3.647788,-3.385374,-15.154856,38.011765,65.078987,-14.098346,9.513144,-7.335894
916.000000,2573.391602,2172.023682,77.791992,1.542076,-1.597654,-165.614090,2.068629,0.057172,11.490213,14.456182,-14.887029,0.328107,-10.675258,-12.661212,-19.098303,28.517801,-12.480926,2.455404,0.323212,-3.588726,0.497983,-2.336420,17.344048,-39.134155,65.030060,16.052654,10.369403,3.995208,-3.518708,-15.143869,38.007130,64.920082,-14.226071,9.447891,-7.338481
917.000000,2573.573975,2171.862305,77.765152,1.615056,-1.703023,-165.557878,1.955305,-0.256092,11.492894,14.687365,-14.946078,0.552928,-11.441324,-13.264375,-18.903172,30.045998,-12.237969,2.596047,0.207736,-3.732215,0.563395,-2.477101,17.313059,-39.097549,65.162819,16.054508,10.334188,4.298904,-3.645745,-15.145507,37.913361,64.903320,-14.290496,9.372438,-7.342674
918.000000,2573.755127,2171.705811,77.766891,1.566572,-1.753738,-165.493118,1.781423,-0.391691,11.468020,14.921101,-14.986874,0.741078,-12.160038,-13.655732,-18.760880,31.314955,-11.662973,2.699386,0.197809,-3.730925,0.651263,-2.715388,17.199896,-38.981422,65.341080,16.058971,10.225663,4.504542,-3.694693,-15.143162,37.663277,64.933830,-14.393704,9.350502,-7.343693
919.000000,2573.931152,2171.562500,77.788048,1.478559,-1.792578,-165.350865,1.625702,-0.465693,11.371418,15.050834,-14.953087,0.903629,-12.779954,-13.973289,-18.747236,32.382687,-10.963653,2.774910,0.135097,-3.713660,0.788434,-2.985567,17.111376,-38.937954,65.564445,16.078560,10.080041,4.623635,-3.765147,-15.122238,37.410614,65.037437,-14.455900,9.338004,-7.329812
920.000000,2574.076904,2171.434814,77.831276,1.375849,-1.760372,-165.045036,1.475316,-0.576364,11.085507,14.940105,-14.757311,1.069596,-13.238036,-14.316726,-18.993637,33.131462,-10.213035,2.856079,-0.127078,-3.760272,0.871131,-3.203112,17.076973,-38.932972,65.835838,16.073801,9.814733,4.708563,-3.825429,-15.089786,37.082489,65.215202,-14.555645,9.311698,-7.298481
921.000000,2574.194336,2171.317139,77.893105,1.228258,-1.679574,-164.761168,1.369549,-0.619900,10.802732,14.661755,-14.485121,1.189237,-13.395676,-14.440370,-19.255068,33.210476,-9.561417,2.935601,-0.331928,-3.796490,0.907941,-3.325675,17.095093,-38.950813,66.010773,15.978124,9.595365,4.734265,-3.806506,-15.064026,36.840092,65.381111,-14.614333,9.294603,-7.291315
922.000000,2574.296387,2171.203125,77.952621,1.052513,-1.541575,-164.551447,1.185738,-0.594990,10.588589,14.479871,-14.273486,1.292096,-13.371076,-14.362053,-19.425226,32.783253,-9.068790,3.017339,-0.407057,-3.790916,0.925519,-3.416230,17.137499,-39.103493,66.087662,15.756320,9.442625,4.742440,-3.750646,-15.088193,36.759293,65.503342,-14.615353,9.286155,-7.288606
923.000000,2574.390625,2171.090332,78.006401,0.852219,-1.381906,-164.407008,1.008525,-0.536176,10.460559,14.434425,-14.171269,1.367127,-13.214571,-14.190577,-19.517059,32.158726,-8.792064,3.081880,-0.410110,-3.736402,0.963666,-3.513125,17.159903,-39.349541,66.164413,15.549438,9.338984,4.746412,-3.720239,-15.127682,36.754925,65.579315,-14.533891,9.282418,-7.285705
924.000000,2574.479492,2170.978271,78.061676,0.621496,-1.204803,-164.382041,0.761253,-0.408099,10.387747,14.404889,-14.072348,1.446599,-12.879327,-13.813467,-19.554401,30.973516,-8.502063,3.156532,-0.355247,-3.605780,1.024555,-3.661357,17.164064,-39.741779,66.283508,15.276569,9.217916,4.751165,-3.726411,-15.172053,36.755478,65.623764,-14.387365,9.280546,-7.270981
925.000000,2574.553955,2170.867676,78.115540,0.385200,-0.999586,-164.494375,0.506289,-0.213798,10.437147,14.362495,-13.991716,1.511604,-12.454160,-13.260067,-19.479843,29.418491,-8.182802,3.216660,-0.228946,-3.407913,1.065352,-3.733877,17.163218,-40.173717,66.342491,15.051103,9.088524,4.751335,-3.801348,-15.180615,36.754642,65.652641,-14.360057,9.275981,-7.216010
926.000000,2574.619873,2170.767822,78.162880,0.162887,-0.769821,-164.577849,0.227196,-0.027356,10.495063,14.368178,-13.942485,1.565674,-12.095666,-12.739749,-19.382563,27.972340,-7.856703,3.260671,-0.138599,-3.205231,1.079551,-3.736823,17.153538,-40.500572,66.360886,14.904381,8.956575,4.729037,-3.942066,-15.171174,36.751907,65.662079,-14.355817,9.251934,-7.152182
927.000000,2574.671631,2170.688232,78.201866,-0.027139,-0.542733,-164.619087,-0.104630,0.132917,10.474221,14.429296,-13.907726,1.609846,-11.782252,-12.287260,-19.318050,26.646557,-7.546636,3.299898,-0.084562,-3.028923,1.080836,-3.736997,17.135044,-40.588539,66.366409,14.822734,8.831463,4.666645,-4.085867,-15.144120,36.748859,65.663406,-14.353974,9.183708,-7.132154
928.000000,2574.708252,2170.620361,78.239746,-0.210244,-0.315683,-164.708758,-0.396198,0.307853,10.502915,14.463396,-13.880365,1.637150,-11.533365,-11.840875,-19.216740,25.442041,-7.201171,3.324397,0.097158,-2.851867,1.062441,-3.742157,17.119738,-40.598309,66.368866,14.774214,8.728867,4.561658,-4.210828,-15.118734,36.749088,65.666313,-14.349853,9.095701,-7.123925
929.000000,2574.730957,2170.565430,78.278961,-0.384294,-0.132071,-164.740690,-0.600865,0.457739,10.486908,14.449152,-13.839801,1.657985,-11.261908,-11.461650,-19.165173,24.381069,-6.874773,3.353822,0.207936,-2.691409,1.063227,-3.743111,17.116789,-40.623203,66.375031,14.725457,8.691417,4.461204,-4.368484,-15.081735,36.750446,65.671417,-14.339458,9.006029,-7.119884
930.000000,2574.732666,2170.521973,78.317322,-0.536595,0.002925,-164.674988,-0.752929,0.591002,10.378243,14.382854,-13.772176,1.680648,-10.885571,-11.098789,-19.171333,23.265381,-6.542475,3.398904,0.220507,-2.540796,1.066207,-3.745735,17.115082,-40.699032,66.392700,14.666943,8.681804,4.356127,-4.542530,-15.054127,36.770687,65.731956,-14.328063,8.913773,-7.131575
931.000000,2574.708008,2170.485107,78.357849,-0.721321,0.031935,-164.601075,-0.748509,0.761111,10.255492,14.321185,-13.744660,1.685221,-10.369293,-10.719432,-19.200251,22.203070,-6.221940,3.448078,0.240277,-2.377251,1.098535,-3.739506,17.078762,-40.744740,66.405968,14.632819,8.681005,4.244399,-4.651730,-15.036612,36.772266,65.852257,-14.301048,8.763977,-7.158624
932.000000,2574.643799,2170.450195,78.403267,-0.958160,0.020895,-164.487401,-0.693561,0.939690,10.132915,14.301634,-13.762538,1.673965,-9.864156,-10.395276,-19.332624,21.328657,-5.954899,3.478442,0.258384,-2.212570,1.071425,-3.700086,17.007015,-40.747704,66.406364,14.626530,8.682238,4.163640,-4.685931,-14.998622,36.758720,66.018906,-14.245071,8.633154,-7.216383
933.000000,2574.549072,2170.417480,78.449219,-1.191184,-0.015377,-164.353713,-0.566261,1.189931,9.935699,14.231450,-13.788657,1.638877,-9.133343,-9.963136,-19.605576,20.152193,-5.589550,3.505825,0.253148,-1.971650,0.930258,-3.561439,16.875303,-40.746162,66.376236,14.623697,8.682665,4.092351,-4.690248,-14.920070,36.734844,66.318733,-14.126935,8.512441,-7.379621
934.000000,2574.433350,2170.399170,78.491608,-1.423032,-0.092349,-164.118883,-0.402499,1.417909,9.680068,14.186445,-13.831487,1.587075,-8.382989,-9.576547,-19.900255,19.095800,-5.281776,3.533429,0.191719,-1.756211,0.780036,-3.406361,16.785742,-40.754761,66.327393,14.630138,8.691537,4.071604,-4.672967,-14.848571,36.716091,66.551804,-13.980190,8.470801,-7.556349
935.000000,2574.315186,2170.394287,78.528297,-1.646639,-0.186543,-163.764724,-0.259830,1.655671,9.258884,14.238947,-13.913080,1.525644,-7.499459,-9.192729,-20.338018,17.984909,-4.988491,3.568847,0.065180,-1.521919,0.650388,-3.299310,16.729389,-40.772686,66.297882,14.638027,8.699046,4.062639,-4.621964,-14.791458,36.730984,66.680077,-13.804557,8.464918,-7.825039
936.000000,2574.201416,2170.394775,78.564087,-1.852523,-0.271702,-163.384697,-0.138651,1.862257,8.812323,14.277363,-13.974543,1.459834,-6.666342,-8.844682,-20.762484,16.947001,-4.699455,3.601399,-0.048476,-1.269021,0.563951,-3.236614,16.680008,-40.818974,66.189163,14.687882,8.701967,4.013945,-4.571477,-14.775060,36.777935,66.716476,-13.674761,8.462826,-8.105042
937.000000,2574.093262,2170.398926,78.598442,-2.034946,-0.360130,-163.077478,0.016096,2.048659,8.453984,14.249635,-14.007121,1.389573,-5.926818,-8.502347,-21.012440,16.005423,-4.404532,3.638810,-0.082193,-0.999825,0.539870,-3.220205,16.638477,-40.897537,66.031273,14.730264,8.701827,3.945744,-4.562656,-14.776072,36.863991,66.760818,-13.592912,8.451516,-8.382547
938.000000,2573.981445,2170.403564,78.632072,-2.201925,-0.514932,-162.866291,0.308328,2.235795,8.213375,14.130321,-14.022264,1.312179,-5.158534,-8.136584,-21.125444,15.067495,-4.094164,3.680598,-0.051023,-0.704657,0.611428,-3.228939,16.567894,-40.962910,65.933388,14.741073,8.694363,3.885841,-4.582679,-14.777758,36.919758,66.865654,-13.496833,8.395468,-8.687077
939.000000,2573.855469,2170.408936,78.662407,-2.332243,-0.672079,-162.706025,0.575788,2.351478,8.083228,13.977263,-14.011321,1.254377,-4.620369,-7.889925,-21.163065,14.433969,-3.895733,3.709355,-0.021719,-0.498295,0.653085,-3.220751,16.504461,-41.011364,65.922836,14.739138,8.673643,3.833566,-4.578952,-14.779221,36.959801,66.969872,-13.428332,8.324577,-8.914107
940.000000,2573.714355,2170.420166,78.688873,-2.418879,-0.780259,-162.569031,0.965069,2.475449,7.918694,13.678069,-13.956567,1.169809,-3.938031,-7.590806,-21.193050,13.636976,-3.677006,3.745711,-0.013503,-0.237321,0.652277,-3.151868,16.449697,-41.085243,65.913300,14.705749,8.601622,3.722291,-4.518557,-14.795251,37.016525,67.092751,-13.413961,8.211163,-9.262622
941.000000,2573.575439,2170.441650,78.710884,-2.465723,-0.828992,-162.450459,1.254265,2.543768,7.806984,13.375123,-13.875613,1.098968,-3.489509,-7.393651,-21.201046,13.086584,-3.555024,3.771642,-0.012792,-0.056201,0.610463,-3.080755,16.430819,-41.122059,65.906036,14.639544,8.531998,3.598537,-4.443148,-14.810432,37.023338,67.182457,-13.409819,8.088675,-9.527918
942.000000,2573.443115,2170.476074,78.729454,-2.480910,-0.837880,-162.325399,1.571817,2.596524,7.661006,12.958349,-13.740760,1.011007,-3.021197,-7.192531,-21.210512,12.482569,-3.457918,3.799180,-0.014875,0.143347,0.566656,-3.040169,16.400520,-41.186089,65.905785,14.571134,8.487307,3.439112,-4.392654,-14.814864,37.026409,67.350601,-13.400099,7.913498,-9.817389
943.000000,2573.317383,2170.519043,78.745628,-2.492030,-0.840592,-162.219248,1.823090,2.635654,7.541166,12.591099,-13.613253,0.922795,-2.674961,-7.038992,-21.219820,12.029062,-3.411078,3.813466,0.002724,0.303871,0.572447,-3.038321,16.336281,-41.206787,65.907623,14.584798,8.470657,3.336466,-4.393298,-14.808933,37.027115,67.539154,-13.406363,7.747468,-10.051537
944.000000,2573.186035,2170.570801,78.758293,-2.509628,-0.835909,-162.186885,2.056022,2.707160,7.485537,12.273523,-13.526434,0.820396,-2.424907,-6.876984,-21.181761,11.709403,-3.394454,3.804513,0.042373,0.464418,0.575760,-3.000981,16.222307,-41.211552,65.911659,14.657894,8.472743,3.305527,-4.456800,-14.749420,37.024220,67.851349,-13.602716,7.582971,-10.262224
945.000000,2573.045410,2170.635498,78.765236,-2.532669,-0.814048,-162.176846,2.257894,2.814751,7.445154,12.024286,-13.492783,0.708352,-2.240910,-6.701117,-21.144892,11.500767,-3.434357,3.763564,-0.006093,0.632586,0.568754,-2.909320,16.095572,-41.260006,65.916924,14.697081,8.501700,3.304306,-4.592334,-14.639585,37.004948,68.237137,-13.977181,7.456908,-10.476991
946.000000,2572.896240,2170.711182,78.769508,-2.560691,-0.800721,-162.212205,2.445023,2.946805,7.435437,11.835887,-13.494805,0.586309,-2.088039,-6.516876,-21.129576,11.345340,-3.496454,3.696296,-0.061547,0.782955,0.572105,-2.873913,16.035240,-41.389008,65.922218,14.714718,8.612741,3.316511,-4.677964,-14.555672,36.985870,68.532158,-14.266689,7.376613,-10.702868
947.000000,2572.742920,2170.783447,78.770973,-2.604437,-0.808426,-162.289427,2.593068,3.068453,7.456604,11.738403,-13.525819,0.487484,-1.957514,-6.356844,-21.112879,11.216878,-3.533970,3.641348,-0.065478,0.919063,0.583756,-2.862830,15.966768,-41.467026,65.925430,14.724039,8.693105,3.315825,-4.712805,-14.537495,36.985088,68.737556,-14.362448,7.336353,-10.871368
948.000000,2572.577637,2170.858398,78.767654,-2.665150,-0.820008,-162.380820,2.757429,3.262901,7.493811,11.721449,-13.630960,0.344246,-1.778629,-6.123581,-21.094791,11.065991,-3.596956,3.557529,-0.065225,1.142240,0.588949,-2.851990,15.828815,-41.500980,65.939209,14.775401,8.854228,3.333238,-4.752187,-14.516619,36.986294,69.128563,-14.395659,7.325289,-11.069770
949.000000,2572.408691,2170.932129,78.759811,-2.723182,-0.833959,-162.523475,2.904708,3.460014,7.572872,11.751945,-13.764468,0.194667,-1.633915,-5.891463,-21.007320,10.956483,-3.690243,3.464458,-0.058222,1.373780,0.585333,-2.847811,15.674735,-41.507706,65.969147,14.830799,9.046968,3.342636,-4.773016,-14.527957,36.981461,69.462746,-14.395839,7.366910,-11.230044
950.000000,2572.230225,2171.009033,78.749794,-2.790026,-0.849048,-162.646418,3.068109,3.688560,7.659193,11.805156,-13.931418,0.015689,-1.463692,-5.606418,-20.784595,10.816376,-3.803248,3.374705,-0.114634,1.665798,0.580190,-2.834696,15.467794,-41.516705,65.995155,15.028022,9.299821,3.367893,-4.748255,-14.564301,36.973137,69.702858,-14.379882,7.523410,-11.408471
951.000000,2572.044434,2171.088379,78.740158,-2.867673,-0.867586,-162.684490,3.195759,3.913746,7.638158,11.901190,-14.102991,-0.163478,-1.235636,-5.326377,-20.641668,10.631937,-3.902412,3.299323,-0.325724,2.000989,0.579422,-2.824176,15.260388,-41.550919,65.997414,15.278282,9.544403,3.385712,-4.678523,-14.626583,36.984386,69.833496,-14.370354,7.733396,-11.560351
952.000000,2571.854492,2171.172607,78.727898,-2.942027,-0.897826,-162.658159,3.302609,4.132868,7.561073,12.046613,-14.291642,-0.334693,-0.973786,-5.064361,-20.592882,10.449887,-4.028202,3.214805,-0.579258,2.376777,0.587180,-2.855304,15.071349,-41.669289,65.995361,15.498855,9.730771,3.394575,-4.582347,-14.769305,37.181473,69.908279,-14.362716,7.954437,-11.661995
953.000000,2571.660400,2171.261475,78.709602,-2.985931,-0.933895,-162.724433,3.454526,4.336131,7.560543,12.151755,-14.475719,-0.502112,-0.767326,-4.828136,-20.454695,10.378371,-4.230295,3.124198,-0.747826,2.765528,0.588455,-2.889461,14.908456,-41.860107,65.896523,15.824270,9.828751,3.332098,-4.463098,-14.909935,37.390636,70.054665,-14.364990,8.223304,-11.719651
954.000000,2571.455078,2171.362061,78.685928,-3.019421,-1.001654,-162.773283,3.628851,4.530412,7.570166,12.271409,-14.667496,-0.669060,-0.553800,-4.619524,-20.345602,10.367020,-4.480986,3.045189,-0.931520,3.144811,0.605730,-2.891949,14.795268,-42.061852,65.714890,16.249718,9.865361,3.190915,-4.317255,-14.950288,37.548420,70.286125,-14.381183,8.518305,-11.725469
955.000000,2571.252930,2171.474121,78.650124,-3.005945,-1.056478,-162.863209,3.787062,4.707673,7.629016,12.458839,-14.904863,-0.856669,-0.410986,-4.458092,-20.222389,10.515267,-4.906671,2.947211,-1.117820,3.522290,0.599721,-2.885030,14.699629,-42.247707,65.456833,16.646940,9.905066,2.957785,-4.148974,-15.027460,37.605164,70.437950,-14.391834,8.916934,-11.774982
956.000000,2571.045410,2171.607910,78.604195,-2.991717,-1.122638,-163.020367,3.889598,4.856051,7.703732,12.654086,-15.117962,-1.011968,-0.345625,-4.342460,-20.133732,10.714056,-5.284907,2.845224,-1.200452,3.774607,0.596358,-2.874723,14.674942,-42.310558,65.196198,16.899279,9.962467,2.766824,-3.941887,-15.063302,37.621143,70.479271,-14.399305,9.171836,-11.742452
957.000000,2570.834473,2171.760254,78.547546,-3.012708,-1.179237,-163.294588,3.979932,5.128601,7.939113,13.048730,-15.500155,-1.245739,-0.304100,-4.119826,-19.964684,10.963974,-5.800133,2.662935,-1.209693,4.119111,0.566536,-2.818806,14.683089,-42.250549,64.749008,17.170834,10.038645,2.423409,-3.693416,-15.207572,37.618553,70.484703,-14.429364,9.444275,-11.702127
958.000000,2570.611816,2171.937744,78.482140,-3.072755,-1.235940,-163.604723,3.985355,5.511275,8.197013,13.659575,-16.008831,-1.520690,-0.229020,-3.797052,-19.841537,11.136722,-6.299898,2.440278,-1.186513,4.495612,0.529922,-2.788545,14.688593,-42.006802,64.338989,17.517408,10.075264,2.008895,-3.315717,-15.315947,37.568123,70.485840,-14.561035,9.618383,-11.566845
959.000000,2570.372314,2172.138672,78.404755,-3.118780,-1.344797,-163.889148,4.004616,5.900794,8.440470,14.317308,-16.540266,-1.804824,-0.087652,-3.456907,-19.708931,11.246985,-6.825933,2.220683,-1.224826,4.845536,0.520828,-2.795727,14.646823,-41.701149,64.148979,17.887232,10.097448,1.661732,-2.949567,-15.402390,37.363754,70.503014,-14.825680,9.807788,-11.475891
960.000000,2570.114990,2172.359619,78.308746,-3.100173,-1.475227,-164.072454,4.039262,6.264500,8.580864,15.094380,-17.142584,-2.116077,0.166527,-3.136276,-19.504547,11.376062,-7.580701,2.022205,-1.408712,5.153270,0.501046,-2.815430,14.542312,-41.338657,64.091705,18.247747,10.185843,1.346282,-2.449214,-15.433401,37.124008,70.546463,-15.028272,10.030592,-11.385761
961.000000,2569.857422,2172.606934,78.188675,-3.015430,-1.617100,-164.149241,3.975923,6.540535,8.592659,16.014204,-17.774223,-2.419254,0.418221,-2.938581,-19.413372,11.613652,-8.547140,1.839055,-1.673165,5.346351,0.483313,-2.861344,14.430923,-41.037968,64.061417,18.519575,10.314772,1.132537,-1.966622,-15.463394,36.976540,70.553856,-15.089272,10.330385,-11.260442
962.000000,2569.602051,2172.865967,78.069504,-3.006540,-1.777474,-164.255852,3.892939,6.901539,8.611040,17.027937,-18.449886,-2.750140,0.625875,-2.691839,-19.342543,11.975158,-9.504519,1.627595,-1.859336,5.601241,0.484468,-2.929647,14.288543,-40.873814,64.048965,18.602165,10.419446,1.037805,-1.416658,-15.481067,36.955681,70.553490,-15.110306,10.613571,-11.025723
963.000000,2569.351074,2173.120361,77.994225,-3.118821,-1.946067,-164.378206,3.830596,7.439328,8.618331,18.003740,-18.995352,-3.086050,0.726129,-2.304677,-19.257566,12.509412,-10.082863,1.407711,-1.966792,6.059667,0.508816,-2.968799,14.060627,-40.824211,64.046028,18.611908,10.478048,1.018805,-0.822535,-15.496699,36.950314,70.550438,-15.124131,10.882272,-10.768009
964.000000,2569.116455,2173.396240,77.959152,-3.033482,-2.075171,-164.567930,3.566241,7.765897,8.706930,19.190882,-19.150894,-3.356770,0.683185,-2.153719,-19.080727,13.136260,-10.624571,1.195812,-1.992165,6.269835,0.516485,-2.978193,13.880433,-40.807518,64.043671,18.590853,10.491904,1.013034,-0.314921,-15.490158,36.696014,70.436501,-15.001036,11.076993,-10.574197
965.000000,2568.912109,2173.684082,77.969879,-2.757084,-2.209288,-164.846287,3.122944,7.922714,8.862810,20.596039,-19.006374,-3.554508,0.634214,-2.164409,-18.841005,13.609803,-11.028125,1.017525,-1.998046,6.287943,0.558205,-2.974859,13.757163,-40.801750,64.060104,18.488026,10.496821,1.007496,-0.099587,-15.542677,36.337555,70.257996,-14.762268,11.166473,-10.504167
966.000000,2568.708252,2173.978027,78.013550,-2.397596,-2.299521,-165.144634,2.316706,8.053485,9.083678,22.743616,-18.501743,-3.781315,0.634328,-2.245361,-18.513147,13.966312,-11.391437,0.801622,-1.940317,6.232565,0.547677,-3.047168,13.773119,-40.796803,64.077606,18.388571,10.548261,0.907672,0.048160,-15.663729,36.176395,70.068420,-14.426517,11.173925,-10.320568
967.000000,2568.499268,2174.267090,78.078880,-1.998004,-2.380644,-165.484199,1.417024,8.139263,9.306918,25.006470,-17.669283,-4.002305,0.712691,-2.347668,-18.138601,14.084921,-11.613732,0.589487,-1.834422,6.155533,0.495288,-3.095451,13.901164,-40.736408,64.077522,18.281738,10.578702,0.852722,0.145839,-15.805015,36.117588,69.901474,-13.956100,11.112845,-10.145973
968.000000,2568.288330,2174.549561,78.150742,-1.589714,-2.446785,-165.851170,0.554044,8.199212,9.470807,27.128418,-16.623425,-4.225440,0.825850,-2.441649,-17.744102,14.088081,-11.760046,0.374249,-1.749043,6.099692,0.442288,-3.094551,13.983571,-40.632153,64.074913,18.190094,10.622631,0.846744,0.182934,-15.955898,36.096626,69.771805,-13.538046,10.952262,-10.037288
969.000000,2568.085449,2174.822754,78.215637,-1.258723,-2.476071,-166.158318,-0.233329,8.282310,9.522609,28.950886,-15.574526,-4.440959,0.957973,-2.469347,-17.421381,13.976544,-11.819479,0.170958,-1.714862,6.116982,0.411849,-3.094048,14.001994,-40.453125,63.988083,18.179457,10.703173,0.837972,0.173910,-16.096254,36.094128,69.698761,-13.384660,10.718023,-10.009007
970.000000,2567.896973,2175.090088,78.262817,-0.986942,-2.450885,-166.396368,-1.008443,8.396097,9.491797,30.572969,-14.538870,-4.670475,1.034366,-2.448470,-17.159319,13.878448,-11.887439,-0.049279,-1.709851,6.201016,0.400268,-3.092453,14.003800,-40.068169,63.687721,18.244493,10.772961,0.824127,0.126408,-16.232500,36.094101,69.666359,-13.248247,10.458769,-10.003114
971.000000,2567.716309,2175.355225,78.297623,-0.725085,-2.430818,-166.454085,-1.656802,8.444331,9.306684,31.812674,-13.642951,-4.868582,1.103147,-2.467073,-17.076786,13.871339,-12.025143,-0.253822,-1.842396,6.263194,0.457306,-3.093645,14.017827,-39.663013,63.262951,18.353544,10.798981,0.820425,0.066753,-16.335047,36.096546,69.638031,-12.909153,10.251522,-9.991531
972.000000,2567.536621,2175.599365,78.325089,-0.418371,-2.416542,-166.484626,-2.010093,8.311452,9.049778,32.452827,-13.056941,-4.753910,1.104187,-2.598496,-17.002110,14.072750,-12.271564,-0.410936,-1.979133,6.232118,0.539966,-3.104947,14.046917,-39.353058,63.019878,18.627337,10.821200,0.819927,0.029920,-16.409836,36.215275,69.612457,-12.554141,10.078420,-9.954949
973.000000,2567.369385,2175.810547,78.345596,-0.131243,-2.293910,-166.335889,-2.143122,8.072232,8.659696,32.202930,-13.560566,-4.523510,1.022015,-2.746798,-17.019165,14.285876,-12.481187,-0.491180,-2.093530,6.171703,0.541909,-3.145800,14.016602,-39.105743,62.953705,18.822865,10.804866,0.822817,0.027012,-16.447260,36.446255,69.609161,-12.391109,10.004683,-9.891467
974.000000,2567.254639,2176.004395,78.350502,0.075263,-2.110115,-165.949322,-2.579837,7.845843,8.233107,30.702589,-14.613621,-4.170867,0.831535,-2.926829,-17.294395,14.556133,-12.729555,-0.573976,-2.351564,6.094779,0.541500,-3.331289,13.948145,-38.907734,62.969585,18.993286,10.717294,0.849636,0.018451,-16.456818,36.704910,69.594398,-12.240313,9.929185,-9.771360
975.000000,2567.201416,2176.168945,78.342316,0.219641,-2.049400,-165.633320,-3.235450,7.731483,8.081454,28.675800,-15.336698,-3.980829,0.657313,-3.092559,-17.570410,14.933185,-12.998033,-0.649991,-2.494930,5.995290,0.828493,-3.673278,13.840480,-38.734474,63.020405,19.090233,10.588538,0.933655,-0.074870,-16.452938,36.745628,69.548676,-12.058642,9.818130,-9.614919
976.000000,2567.168457,2176.283936,78.329376,0.331366,-2.006173,-165.528766,-3.917711,7.581792,7.997353,26.503260,-15.056383,-3.923958,0.469784,-3.191626,-17.624464,15.326795,-13.226147,-0.693355,-2.415352,5.923310,1.174213,-3.991658,13.867443,-38.709980,63.072285,19.157267,10.509499,0.958747,-0.260336,-16.444479,36.750809,69.541939,-11.969737,9.760333,-9.449950
977.000000,2567.130127,2176.342773,78.319504,0.419965,-1.912208,-165.474719,-4.701733,7.299043,7.981145,24.088863,-13.778542,-3.923114,0.241571,-3.306389,-17.620800,15.666928,-13.419172,-0.690514,-2.382033,5.827048,1.360729,-4.114433,13.970601,-38.709404,63.093861,19.165178,10.428784,1.024965,-0.489084,-16.432186,36.753162,69.545464,-11.960268,9.748398,-9.265417
978.000000,2567.064209,2176.341797,78.306381,0.429032,-1.870510,-165.422051,-5.392215,6.974828,7.979516,21.589808,-10.688606,-3.937463,0.183872,-3.350721,-17.667053,15.810193,-13.553970,-0.625713,-2.356072,5.770392,1.409343,-4.116302,14.043715,-38.714329,63.168549,19.162861,10.413102,1.093305,-0.623903,-16.431126,36.754082,69.588425,-11.955300,9.727226,-9.116437
979.000000,2566.929932,2176.313965,78.316811,0.545497,-1.839636,-165.527530,-5.528774,6.747820,8.004648,20.423403,-9.199300,-4.359068,0.220546,-3.469154,-17.584879,15.890413,-13.694136,-0.536496,-2.163338,5.521472,1.243466,-4.015385,14.138554,-38.716213,63.364433,19.161743,10.400779,1.218989,-0.591612,-16.331827,36.755901,69.729988,-11.943805,9.707978,-8.956690
980.000000,2566.742432,2176.269043,78.358406,0.739724,-1.708868,-165.565199,-5.081248,6.426880,8.106949,19.263651,-8.765798,-4.386385,0.293691,-3.700645,-17.528017,15.773681,-13.780649,-0.415162,-2.051598,5.031613,0.728775,-3.749196,14.243737,-38.783955,63.766479,19.160488,10.395155,1.397684,-0.437627,-16.137234,36.758862,69.917625,-11.918742,9.699450,-8.749267
981.000000,2566.571289,2176.207764,78.404587,0.848155,-1.554916,-165.499226,-4.672263,6.220074,8.118487,18.371647,-8.759746,-4.382429,0.416965,-3.802084,-17.571175,15.480823,-13.733627,-0.333503,-2.053968,4.695531,0.336514,-3.550205,14.266373,-38.880791,64.099770,19.155416,10.394886,1.526899,-0.315716,-16.031725,36.760174,69.970062,-11.883230,9.695922,-8.639273
982.000000,2566.467773,2176.139404,78.438362,0.848729,-1.515623,-165.430611,-4.246072,6.084860,8.113315,17.558098,-8.779904,-4.372741,0.699774,-3.804087,-17.644842,14.964976,-13.571078,-0.249334,-2.007214,4.358641,0.095450,-3.422593,14.299160,-38.932751,64.390213,19.145035,10.396900,1.721579,-0.274798,-15.959018,36.759205,69.976562,-11.838570,9.691589,-8.578288
983.000000,2566.420166,2176.062500,78.463547,0.816029,-1.566015,-165.424288,-3.909968,6.028507,8.129467,17.112764,-8.790987,-4.358274,1.047406,-3.754649,-17.663605,14.454103,-13.372277,-0.185598,-1.859759,4.090673,0.135670,-3.407412,14.335711,-38.937550,64.529587,19.134264,10.397585,1.937928,-0.364306,-15.923285,36.733212,69.971779,-11.829226,9.688301,-8.571777
984.000000,2566.403076,2175.974365,78.482285,0.763830,-1.605419,-165.413397,-3.714905,6.005910,8.153506,16.883904,-8.797894,-4.335898,1.326912,-3.697964,-17.671930,14.014411,-13.180659,-0.138240,-1.712547,3.896058,0.232195,-3.404639,14.408242,-38.936634,64.548088,19.154119,10.397767,2.118464,-0.502015,-15.889186,36.637310,69.952927,-11.903887,9.688144,-8.574121
985.000000,2566.404297,2175.872314,78.496292,0.725488,-1.641471,-165.399479,-3.527362,5.953856,8.223555,16.643246,-8.796771,-4.278944,1.569174,-3.685097,-17.685833,13.637838,-13.018742,-0.078055,-1.573236,3.708402,0.351303,-3.386380,14.473879,-38.947674,64.552750,19.180237,10.397373,2.253646,-0.675707,-15.873234,36.558990,69.898338,-12.025119,9.687703,-8.586135
986.000000,2566.414307,2175.757812,78.507629,0.692048,-1.640501,-165.366413,-3.367960,5.880512,8.332929,16.365410,-8.796725,-4.191342,1.726745,-3.710141,-17.708351,13.354654,-12.891807,-0.003402,-1.427147,3.559509,0.415633,-3.365786,14.522330,-38.994064,64.560341,19.194241,10.395471,2.317527,-0.835415,-15.871253,36.550941,69.874428,-12.057935,9.685988,-8.632733
987.000000,2566.428467,2175.632568,78.518745,0.687659,-1.655129,-165.454596,-3.098710,5.802572,8.668329,15.937226,-8.776746,-4.078237,1.813920,-3.773271,-17.624413,13.186744,-12.799566,0.088338,-1.133580,3.409107,0.466141,-3.353484,14.560663,-39.016159,64.577988,19.200792,10.391575,2.370685,-0.954894,-15.869298,36.551720,69.868851,-12.074254,9.685007,-8.729359
988.000000,2566.439697,2175.496094,78.529724,0.703376,-1.683295,-165.641561,-2.717103,5.715738,9.168484,15.388135,-8.740516,-3.951873,1.854017,-3.863886,-17.425011,13.115592,-12.736342,0.193974,-0.714441,3.246536,0.497552,-3.322237,14.581055,-39.020691,64.626709,19.201391,10.387980,2.442988,-1.011031,-15.861054,36.555527,69.865906,-12.088269,9.682778,-8.876226
989.000000,2566.451416,2175.349121,78.538689,0.716309,-1.691054,-165.818766,-2.351806,5.605058,9.567333,14.830091,-8.702222,-3.837666,1.853760,-3.963071,-17.220024,13.093256,-12.692165,0.302426,-0.353409,3.090893,0.498016,-3.248777,14.576488,-39.023842,64.720139,19.199898,10.388501,2.537738,-1.029742,-15.842491,36.560478,69.865089,-12.096093,9.680406,-9.042539
990.000000,2566.473877,2175.195557,78.543701,0.718508,-1.665814,-165.961337,-2.009198,5.466353,9.927565,14.222178,-8.669643,-3.703563,1.795407,-4.081756,-17.027607,13.111725,-12.658085,0.425965,-0.023380,2.922470,0.489222,-3.183940,14.560233,-39.028023,64.856361,19.189075,10.396774,2.701391,-1.058496,-15.822888,36.608288,69.864357,-12.094476,9.680658,-9.197565
991.000000,2566.506836,2175.035400,78.543869,0.693036,-1.618741,-166.019424,-1.808261,5.353142,10.166575,13.782955,-8.676296,-3.576374,1.729701,-4.178391,-16.943398,13.126576,-12.628043,0.534766,0.157805,2.791692,0.487661,-3.145266,14.540307,-39.040146,64.978790,19.158375,10.406658,2.833094,-1.107310,-15.810655,36.713989,69.862671,-12.090438,9.683356,-9.284462
992.000000,2566.547852,2174.870605,78.537735,0.629293,-1.564675,-166.015339,-1.629797,5.237189,10.354569,13.316156,-8.747701,-3.420007,1.659894,-4.265562,-16.914316,13.120308,-12.576676,0.669305,0.303052,2.675071,0.495679,-3.127870,14.527450,-39.065273,65.100792,19.106474,10.430056,2.990804,-1.167187,-15.799596,36.857861,69.861008,-12.088232,9.687788,-9.355640
993.000000,2566.582764,2174.701660,78.527954,0.540813,-1.513745,-165.993202,-1.451073,5.133687,10.361593,12.861192,-8.861385,-3.270116,1.637140,-4.308044,-16.915573,13.055295,-12.511154,0.800038,0.422812,2.588012,0.491637,-3.090677,14.512059,-39.093388,65.202515,19.060257,10.433961,3.102224,-1.186011,-15.759742,36.917515,69.857338,-12.095165,9.696291,-9.377592
994.000000,2566.595947,2174.552979,78.539963,0.563948,-1.505318,-165.960176,-1.303160,4.980639,10.354670,12.554008,-8.799366,-3.157527,1.680511,-4.413208,-16.916798,12.976709,-12.463536,0.904181,0.510519,2.402914,0.498772,-3.052794,14.526138,-39.088242,65.348000,19.119858,10.433715,3.166065,-1.175483,-15.655337,36.922020,69.853157,-12.143740,9.705300,-9.374394
995.000000,2566.580078,2174.398926,78.557968,0.615909,-1.488323,-165.929202,-1.060715,4.716203,10.352029,12.086514,-8.641621,-3.008940,1.778439,-4.603782,-16.913578,12.836983,-12.398134,1.063934,0.652605,2.050682,0.441925,-2.875525,14.533154,-39.067753,65.622360,19.282333,10.434004,3.210718,-1.114545,-15.462108,36.923378,69.832474,-12.305075,9.712546,-9.312009
996.000000,2566.547852,2174.246582,78.570900,0.651960,-1.465231,-165.903859,-0.854893,4.488250,10.343823,11.701831,-8.538889,-2.875946,1.871439,-4.765764,-16.907024,12.707383,-12.348110,1.212759,0.796084,1.691116,0.332212,-2.574568,14.581176,-38.988430,65.833527,19.456707,10.465554,3.270576,-1.042718,-15.275740,36.922173,69.762573,-12.475972,9.716708,-9.153655
997.000000,2566.507324,2174.091064,78.577789,0.679048,-1.437541,-165.906650,-0.671427,4.287836,10.354608,11.409050,-8.504580,-2.747675,1.944923,-4.915900,-16.869583,12.627762,-12.322302,1.361575,0.959759,1.340228,0.224965,-2.139971,14.620245,-38.870930,65.944206,19.652281,10.528371,3.281032,-1.011607,-15.110930,36.902493,69.674019,-12.635545,9.718160,-8.936890
998.000000,2566.461426,2173.929199,78.580956,0.708554,-1.445707,-165.921126,-0.470846,4.083908,10.368461,11.159876,-8.502108,-2.617580,2.026132,-5.081615,-16.823696,12.602189,-12.323495,1.517395,1.173051,0.998469,0.158470,-1.593437,14.605891,-38.613590,65.955048,19.990362,10.616423,3.266921,-0.988171,-14.974930,36.863487,69.579491,-12.935193,9.718837,-8.709924
999.000000,2566.410889,2173.766357,78.580185,0.744698,-1.540547,-165.934733,-0.176486,3.879495,10.374245,10.944977,-8.525403,-2.496812,2.189884,-5.256689,-16.770235,12.631634,-12.358450,1.677579,1.480835,0.682894,0.190185,-1.089611,14.553967,-38.319683,65.952774,20.258362,10.710367,3.243400,-0.932441,-14.884791,36.868351,69.490997,-13.343757,9.719066,-8.505589
1000.000000,2566.362305,2173.599854,78.575630,0.793533,-1.671836,-165.891154,0.088367,3.688377,10.340478,10.763018,-8.541800,-2.389336,2.345084,-5.428341,-16.762461,12.708162,-12.424811,1.821898,1.787981,0.417484,0.225264,-0.802502,14.541685,-37.778893,65.835655,20.270737,10.754622,3.430881,-0.864213,-14.818172,36.911346,69.470650,-13.594029,9.719254,-8.352476
1001.000000,2566.317139,2173.425049,78.566185,0.856713,-1.812507,-165.936944,0.442098,3.443831,10.370499,10.556661,-8.582802,-2.242858,2.486063,-5.669703,-16.675547,12.921141,-12.561901,2.007533,2.276082,0.115651,0.241972,-0.706769,14.569030,-37.259224,65.706444,20.213970,10.794740,3.604600,-0.769125,-14.782284,37.021458,69.467239,-13.703948,9.720615,-8.160612
1002.000000,2566.276855,2173.235596,78.549278,0.925612,-1.955750,-166.074719,0.769849,3.213098,10.501711,10.475585,-8.706579,-2.076112,2.546413,-5.927586,-16.468767,13.262147,-12.754107,2.200684,2.753166,-0.131279,0.236482,-0.687322,14.589968,-36.920742,65.675743,20.080940,10.807489,3.717454,-0.727374,-14.786062,37.063946,69.439034,-13.729309,9.724657,-7.986297
1003.000000,2566.241455,2173.034180,78.526398,0.990762,-2.092138,-166.270481,1.037578,2.995973,10.697956,10.537008,-8.913506,-1.895501,2.540538,-6.197874,-16.189919,13.687231,-12.983068,2.407875,3.179430,-0.339753,0.218268,-0.647875,14.599051,-36.598701,65.672112,19.819313,10.832072,3.809289,-0.723695,-14.837474,37.083229,69.288826,-13.743518,9.731299,-7.848118
1004.000000,2566.201904,2172.830322,78.497269,1.056815,-2.257421,-166.387428,1.269095,2.783620,10.830521,10.682533,-9.156017,-1.732536,2.559513,-6.472181,-15.977132,14.132203,-13.238574,2.603773,3.464677,-0.538422,0.220242,-0.555778,14.613698,-36.350063,65.684372,19.548729,10.897772,3.884302,-0.746146,-14.879896,37.153069,69.111221,-13.763994,9.734468,-7.760520
1005.000000,2566.152344,2172.629883,78.459129,1.181195,-2.454896,-166.388894,1.575543,2.447888,10.857754,10.774749,-9.384444,-1.537641,2.578493,-6.898422,-15.873396,14.832657,-13.670315,2.836383,3.618737,-0.852467,0.231584,-0.407926,14.645633,-36.002670,65.717361,19.339117,10.967732,4.026140,-0.766235,-14.843676,37.209595,69.010460,-13.802898,9.733353,-7.683654
1006.000000,2566.094971,2172.426514,78.409782,1.376015,-2.658913,-166.335703,1.921272,2.009226,10.839738,10.749848,-9.542342,-1.338282,2.500138,-7.456241,-15.817900,15.800554,-14.255591,3.079773,3.647835,-1.255990,0.234641,-0.205418,14.709752,-35.611763,65.764282,19.309866,11.010884,4.205637,-0.773739,-14.729897,37.159008,68.983559,-13.967583,9.732146,-7.576691
1007.000000,2566.033936,2172.226562,78.354485,1.606921,-2.856872,-166.275617,2.195004,1.644502,10.829274,10.690032,-9.637871,-1.184605,2.408503,-7.919696,-15.774983,16.599121,-14.732994,3.275714,3.630038,-1.608845,0.239941,-0.039567,14.807520,-35.384098,65.811066,19.307861,11.025726,4.317523,-0.775620,-14.617915,37.120827,68.962959,-14.129027,9.729168,-7.486413
1008.000000,2565.978516,2172.028076,78.293190,1.867248,-2.961147,-166.255727,2.469685,1.136259,10.864053,10.628443,-9.766567,-0.952576,2.151632,-8.575308,-15.669715,17.737713,-15.389463,3.555555,3.638334,-2.149387,0.202185,0.187552,15.008142,-35.169022,65.880669,19.305765,11.032530,4.425849,-0.783144,-14.450772,37.111885,68.943336,-14.266158,9.723550,-7.344819
1009.000000,2565.936279,2171.815430,78.226662,2.129892,-3.029130,-166.264495,2.625601,0.646007,10.936099,10.657573,-9.926717,-0.701223,1.813777,-9.214684,-15.513937,18.838833,-16.000753,3.841172,3.643202,-2.679941,0.190490,0.433550,15.203314,-35.024860,65.967979,19.275373,11.047257,4.519556,-0.821009,-14.308764,37.067493,68.885353,-14.336317,9.719260,-7.200301
1010.000000,2565.914307,2171.565918,78.144699,2.440709,-3.065128,-166.457309,2.768047,0.064701,11.183390,10.715837,-10.146821,-0.404918,1.237031,-9.983606,-15.133374,20.261742,-16.723715,4.171280,3.786052,-3.267621,0.220537,0.692794,15.400594,-34.792133,66.067139,19.195330,11.098462,4.654258,-0.861170,-14.237502,36.927296,68.662003,-14.365721,9.715199,-7.022418
1011.000000,2565.906250,2171.296875,78.055794,2.746923,-3.122225,-166.705496,2.919289,-0.502655,11.506526,10.819389,-10.403090,-0.118596,0.645600,-10.730442,-14.653090,21.665676,-17.394415,4.485783,3.965431,-3.779110,0.321530,0.902537,15.523666,-34.674168,66.231659,19.117966,11.195622,4.739905,-0.963318,-14.242631,36.857918,68.418777,-14.382547,9.695340,-6.861163
1012.000000,2565.905029,2171.007080,77.963844,3.060664,-3.165610,-166.992405,3.029732,-0.948824,11.780575,10.879262,-10.589597,0.111309,0.115138,-11.325447,-14.282926,22.828997,-17.869024,4.731196,4.134630,-4.150135,0.381358,1.033370,15.606910,-34.593147,66.339569,19.035961,11.288726,4.811650,-1.081013,-14.244411,36.853313,68.333260,-14.401604,9.665575,-6.755719
1013.000000,2565.910889,2170.698486,77.881737,3.327614,-3.176271,-167.315328,3.186092,-1.531285,12.160171,10.886481,-10.800763,0.419503,-0.778785,-12.143571,-13.829460,24.659645,-18.366444,5.042777,4.370537,-4.602632,0.422838,1.214581,15.688983,-34.477879,66.446541,18.953970,11.401674,4.866584,-1.262246,-14.236190,36.850040,68.281967,-14.431035,9.638609,-6.649910
1014.000000,2565.929688,2170.383301,77.826912,3.453163,-3.238736,-167.471921,3.305522,-1.961937,12.383961,10.944790,-10.999002,0.697341,-1.786338,-12.836162,-13.441896,26.762516,-18.489994,5.307198,4.493246,-4.914155,0.489489,1.344260,15.719874,-34.274784,66.530922,18.948874,11.468993,4.915886,-1.412557,-14.234834,36.806545,68.148270,-14.448085,9.623297,-6.604215
1015.000000,2565.958008,2170.063477,77.796402,3.470515,-3.346092,-167.559089,3.453679,-2.308840,12.512060,11.041602,-11.199263,0.991721,-3.184703,-13.561267,-13.046247,29.764490,-18.155466,5.548905,4.543701,-5.157932,0.616040,1.376253,15.729911,-34.157017,66.723541,18.943293,11.478508,4.938379,-1.549873,-14.237047,36.717617,67.944939,-14.464046,9.571291,-6.592217
1016.000000,2565.970215,2169.742432,77.785995,3.412665,-3.459329,-167.593889,3.649793,-2.534645,12.581558,11.067539,-11.346460,1.261111,-4.596271,-14.151666,-12.643346,32.776741,-17.342472,5.762337,4.581519,-5.341417,0.695147,1.390923,15.729667,-34.141926,66.956573,18.936581,11.463840,4.940785,-1.610040,-14.234317,36.699955,67.738510,-14.479548,9.487778,-6.590960
1017.000000,2565.968994,2169.411377,77.787498,3.291732,-3.533869,-167.621458,3.814248,-2.683831,12.646452,11.066542,-11.476841,1.502146,-6.036687,-14.631593,-12.197592,35.653175,-16.163830,5.954625,4.654085,-5.519131,0.684234,1.414699,15.738109,-34.142651,67.219040,18.933443,11.410652,4.936106,-1.628560,-14.202577,36.694973,67.619278,-14.518611,9.348899,-6.594362
1018.000000,2565.963867,2169.099854,77.798851,3.112959,-3.600821,-167.628610,3.945186,-2.742055,12.684380,11.122505,-11.631890,1.724111,-7.381474,-14.989170,-11.787437,38.246559,-14.690969,6.129789,4.742474,-5.655707,0.689754,1.421006,15.742938,-34.145397,67.503044,18.939594,11.311835,4.924453,-1.647391,-14.146632,36.673012,67.597260,-14.615289,9.206002,-6.615699
1019.000000,2565.956787,2168.794922,77.811310,2.915650,-3.665878,-167.489908,3.989370,-2.773629,12.622684,11.222267,-11.759429,1.881257,-8.223744,-15.269845,-11.699315,39.900570,-13.573601,6.220750,4.718503,-5.753254,0.716653,1.442704,15.754467,-34.146202,67.657997,18.946970,11.238341,4.902088,-1.652112,-14.084528,36.527981,67.592804,-14.703885,9.126306,-6.639079
1020.000000,2565.945557,2168.507568,77.817223,2.764630,-3.716120,-167.282808,4.034847,-2.871678,12.424725,11.333860,-11.912228,2.104129,-9.379137,-15.759532,-11.725207,42.186550,-11.913715,6.305008,4.536477,-5.944517,0.786969,1.483984,15.835356,-34.142883,67.820747,18.954922,11.130234,4.876421,-1.653233,-13.936401,36.056072,67.590843,-14.946313,9.040890,-6.679641
1021.000000,2565.927979,2168.238281,77.813980,2.654603,-3.762088,-167.170089,4.125329,-3.014589,12.282923,11.361635,-12.033235,2.313924,-10.517858,-16.242355,-11.636039,44.331043,-10.245252,6.349292,4.378731,-6.166852,0.895275,1.502044,15.953462,-34.144787,68.029472,18.959742,10.959597,4.849733,-1.656144,-13.789582,35.631756,67.590225,-15.458746,8.994562,-6.732159
1022.000000,2565.889648,2167.968262,77.811600,2.468000,-3.837341,-167.128118,4.209758,-3.038532,12.217331,11.565049,-12.282849,2.499074,-11.478913,-16.518110,-11.459092,46.123573,-8.746771,5.905075,4.321030,-6.242691,1.031848,1.504298,16.004217,-34.180912,68.316597,18.951239,10.786982,4.830196,-1.654638,-13.700556,35.436367,67.661354,-15.865775,8.984363,-6.838791
1023.000000,2565.815430,2167.707520,77.812828,2.218981,-3.785424,-167.061188,4.093616,-2.943951,12.098559,11.986722,-12.639281,2.653241,-12.173098,-16.514719,-11.378862,47.094036,-8.467426,5.206217,4.244308,-6.202935,1.007501,1.521580,16.018568,-34.314190,68.589470,18.896872,10.723475,4.773505,-1.560623,-13.628316,35.371338,67.779327,-16.001188,8.984379,-6.937225
1024.000000,2565.741211,2167.493896,77.798927,2.065894,-3.667934,-167.092942,3.897011,-2.898537,12.066875,12.380816,-12.960130,2.768680,-12.872483,-16.400709,-11.412231,46.856911,-9.330523,4.677788,4.176181,-6.215040,0.966752,1.560143,16.093239,-34.609673,68.661949,18.764236,10.719357,4.736449,-1.494236,-13.593540,35.265385,67.779213,-15.960262,8.950713,-7.043665
1025.000000,2565.660400,2167.314697,77.784409,1.909054,-3.628595,-167.112583,3.792046,-2.846275,12.029962,12.717242,-13.230226,2.829500,-13.387686,-16.239580,-11.533431,46.109676,-10.642956,4.416676,4.042678,-6.209010,1.031926,1.590619,16.160967,-34.900719,68.669746,18.678335,10.717896,4.724886,-1.518214,-13.605139,35.020164,67.681602,-15.861715,8.883452,-7.247909
1026.000000,2565.550049,2167.162598,77.786736,1.674181,-3.617126,-167.040922,3.704051,-2.683657,11.918872,13.143754,-13.569118,2.861409,-13.903898,-15.907527,-11.817369,44.536293,-12.455765,4.213970,3.881588,-6.088514,1.126293,1.598334,16.186123,-35.164509,68.645134,18.630438,10.715428,4.689321,-1.536496,-13.683038,34.813629,67.546021,-15.776068,8.837331,-7.437108
1027.000000,2565.400635,2167.038086,77.811798,1.363312,-3.561987,-166.884306,3.612563,-2.407395,11.707111,13.545485,-13.888285,2.870105,-14.242290,-15.409101,-12.106458,42.215832,-13.630232,4.080557,3.718868,-5.823388,1.129544,1.599970,16.192944,-35.376637,68.509041,18.454628,10.712742,4.577556,-1.507651,-13.818382,34.692680,67.399765,-15.631107,8.817475,-7.609052
1028.000000,2565.220947,2166.953369,77.843185,1.103461,-3.441242,-166.737015,3.530899,-2.115960,11.517653,13.779652,-14.120900,2.855789,-14.440590,-14.841352,-12.426229,39.131611,-13.951396,3.990178,3.681234,-5.538894,1.032960,1.590269,16.241554,-35.462311,68.179688,18.087460,10.709800,4.398062,-1.423165,-13.932318,34.682560,67.323410,-15.383352,8.819860,-7.633303
1029.000000,2565.014160,2166.920410,77.867004,0.939911,-3.310444,-166.565499,3.527199,-1.923319,11.363019,13.801530,-14.240213,2.801431,-14.518516,-14.300747,-12.607706,35.923370,-13.431724,3.902633,3.644598,-5.377406,0.934660,1.532313,16.348995,-35.497482,67.843475,17.738773,10.705463,4.202639,-1.404575,-13.949433,34.681057,67.313324,-15.083572,8.828403,-7.631849
1030.000000,2564.781006,2166.943848,77.877388,0.874416,-3.195603,-166.334678,3.584855,-1.794069,11.140987,13.733661,-14.319806,2.695212,-14.485444,-13.646327,-12.519876,32.566368,-12.039629,3.773281,3.532339,-5.321151,0.877406,1.367645,16.511469,-35.574764,67.565186,17.396179,10.700699,4.034223,-1.408293,-13.886283,34.684319,67.310440,-14.874421,8.834442,-7.601334
1031.000000,2564.512451,2167.008301,77.881721,0.842764,-3.068214,-166.150031,3.696635,-1.674403,10.967294,13.594378,-14.388293,2.529223,-14.362863,-12.962684,-12.409891,29.719982,-9.955112,3.582190,3.441979,-5.310111,0.794530,1.191452,16.648985,-35.600170,67.401176,17.145771,10.697239,3.954134,-1.408559,-13.744995,34.710949,67.390434,-14.810740,8.836815,-7.562962
1032.000000,2564.207520,2167.099121,77.873596,0.854677,-2.919745,-165.953882,3.795057,-1.560777,10.806610,13.483677,-14.497772,2.328066,-14.130299,-12.340712,-12.589195,27.296680,-7.545445,3.382925,3.340163,-5.299543,0.645029,1.060405,16.735538,-35.605289,67.289803,16.955847,10.696219,3.935454,-1.414035,-13.612803,34.767609,67.592346,-14.803073,8.841662,-7.571095
1033.000000,2563.858154,2167.216309,77.845085,0.944376,-2.823858,-165.713382,3.964828,-1.516573,10.605216,13.389584,-14.648530,2.104086,-13.621928,-11.805133,-13.034855,25.159681,-4.030261,3.268925,3.179340,-5.335839,0.503383,0.981214,16.777000,-35.609062,67.233650,16.845215,10.696601,3.933901,-1.359354,-13.502913,34.843555,67.812012,-14.790608,8.847358,-7.573589
1034.000000,2563.476074,2167.302490,77.848167,0.815889,-2.772775,-165.538567,4.198615,-1.246368,10.433363,13.372317,-14.885215,1.866163,-12.688474,-11.403951,-13.697529,23.804131,-4.218123,3.138061,3.102433,-5.049132,0.354641,0.992985,16.639290,-35.611366,67.224380,16.822998,10.696289,3.937163,-1.126998,-13.510176,35.020412,67.945129,-14.780836,8.883496,-7.578989
1035.000000,2563.093994,2167.371094,77.906158,0.430277,-2.641435,-165.512023,4.354446,-0.769751,10.351181,13.358944,-15.094186,1.635997,-11.829965,-10.811300,-14.056931,22.539570,-4.648877,3.102169,3.121431,-4.526076,0.162225,1.071541,16.428307,-35.610264,67.203140,16.818110,10.694789,3.940259,-0.834338,-13.550910,35.230869,68.010139,-14.778910,8.951059,-7.583523
1036.000000,2562.761963,2167.453125,77.981766,-0.012811,-2.568195,-165.430030,4.559649,-0.092128,10.222996,13.297077,-15.293962,1.339392,-10.861369,-10.017015,-14.517964,21.104799,-4.779264,3.038959,3.067066,-3.788882,0.061249,1.164922,16.179680,-35.605000,67.110291,16.816957,10.692543,3.939739,-0.624509,-13.763970,35.385197,68.024925,-14.790300,9.157883,-7.677140
1037.000000,2562.455078,2167.569336,78.065964,-0.475208,-2.522156,-165.131687,4.720345,0.616696,9.861705,13.286883,-15.450039,1.040116,-9.888077,-9.275311,-15.219173,19.791328,-4.588542,2.927675,2.815510,-3.079564,0.135775,1.169089,16.036983,-35.599876,66.938515,16.814857,10.689268,3.908653,-0.479717,-13.959794,35.537525,68.026314,-14.791539,9.326987,-7.701904
1038.000000,2562.164062,2167.714844,78.140228,-0.829545,-2.434706,-164.747165,4.831923,1.212344,9.377452,13.176460,-15.499345,0.747597,-9.028919,-8.655007,-15.891503,18.624041,-4.367868,2.819864,2.491064,-2.555238,0.236135,1.108350,16.032223,-35.547894,66.661308,16.804220,10.685804,3.803334,-0.297794,-14.020260,35.687889,68.013748,-14.805332,9.477268,-7.731713
1039.000000,2561.887695,2167.876221,78.195190,-1.032815,-2.312237,-164.464848,4.999277,1.601397,9.035151,12.828798,-15.418144,0.485092,-8.416188,-8.211533,-16.379864,17.726154,-4.278062,2.695490,2.282435,-2.275270,0.313244,0.983539,16.079287,-35.486320,66.444695,16.742346,10.679567,3.712332,-0.186415,-14.046153,35.727417,68.003746,-14.919361,9.623327,-7.784530
1040.000000,2561.611816,2168.048340,78.235680,-1.176903,-2.153928,-164.214045,5.157386,1.950592,8.719933,12.408881,-15.308187,0.207830,-7.863742,-7.799595,-16.887682,16.847351,-4.267920,2.531145,2.043508,-2.074651,0.349296,0.890800,16.145039,-35.383244,66.193016,16.682894,10.673016,3.651064,-0.092458,-14.019289,35.732780,67.981445,-15.134253,9.687432,-7.791120
1041.000000,2561.352539,2168.207275,78.263298,-1.303453,-1.996140,-164.005946,5.240215,2.218799,8.500313,12.155287,-15.265429,-0.004751,-7.449379,-7.477566,-17.283321,16.150665,-4.285829,2.395661,1.802600,-1.901047,0.357335,0.883482,16.179760,-35.326431,65.892639,16.668015,10.669544,3.617758,-0.083894,-14.019569,35.681705,67.956230,-15.322646,9.706243,-7.810796
1042.000000,2561.103516,2168.355469,78.280807,-1.408722,-1.842052,-163.849863,5.305435,2.475994,8.309882,11.950092,-15.248821,-0.206307,-7.056308,-7.157527,-17.624216,15.470767,-4.318708,2.269237,1.565143,-1.714188,0.358722,0.874591,16.188915,-35.314228,65.565628,16.656363,10.656602,3.593130,-0.079323,-14.019462,35.657265,67.938705,-15.453394,9.710734,-7.815287
1043.000000,2560.864258,2168.489990,78.286407,-1.512154,-1.725030,-163.761941,5.371387,2.757782,8.156238,11.808253,-15.289598,-0.424050,-6.636764,-6.786206,-17.877684,14.745669,-4.396300,2.139411,1.345581,-1.481824,0.361463,0.820054,16.138113,-35.314831,65.299408,16.593424,10.578186,3.583890,-0.067699,-14.028874,35.615402,67.929848,-15.469558,9.713850,-7.862206
1044.000000,2560.618896,2168.605225,78.291512,-1.672527,-1.666330,-163.717014,5.469925,3.082111,8.056098,11.786937,-15.419000,-0.631884,-6.234902,-6.379171,-18.034113,14.158495,-4.451559,1.988289,1.200643,-1.156630,0.367225,0.765006,16.018961,-35.335918,65.224159,16.341049,10.438020,3.580742,-0.029399,-14.067114,35.590336,67.943695,-15.386406,9.714470,-7.985993
1045.000000,2560.363037,2168.702881,78.298302,-1.852900,-1.657946,-163.602662,5.637592,3.458699,7.895648,11.785817,-15.579490,-0.849034,-5.770656,-5.945957,-18.249321,13.649719,-4.487618,1.864989,0.925494,-0.711279,0.372235,0.759716,15.851360,-35.486420,65.216560,15.888961,10.363996,3.566545,-0.011342,-14.177672,35.586117,68.056328,-15.276597,9.719324,-8.110976
1046.000000,2560.101562,2168.799805,78.302315,-1.990003,-1.658283,-163.497626,5.868927,3.762553,7.727649,11.684803,-15.672000,-1.059516,-5.356052,-5.607456,-18.453442,13.310129,-4.594236,1.771381,0.641921,-0.316883,0.371116,0.766181,15.711653,-35.725822,65.226509,15.717570,10.352656,3.455625,0.031456,-14.197240,35.530548,68.324348,-15.074645,9.725398,-8.187166
1047.000000,2559.854248,2168.902832,78.301178,-2.091587,-1.624917,-163.461408,6.082304,4.032884,7.650807,11.540256,-15.735599,-1.263662,-5.075169,-5.301555,-18.562431,13.092990,-4.748263,1.675227,0.411081,0.005711,0.350628,0.772810,15.607718,-35.882507,65.286064,15.712183,10.349037,3.286276,0.018064,-14.198291,35.364994,68.530647,-14.836031,9.767235,-8.258053
1048.000000,2559.616943,2169.010254,78.296593,-2.174886,-1.584120,-163.458222,6.285930,4.289397,7.618310,11.386387,-15.792083,-1.461670,-4.865063,-5.012538,-18.622971,12.957578,-4.933660,1.568778,0.233904,0.271345,0.347204,0.772489,15.548800,-35.915596,65.361450,15.721678,10.347253,3.053689,-0.006414,-14.185743,35.252232,68.718323,-14.708941,9.839777,-8.245026
1049.000000,2559.382324,2169.112549,78.289047,-2.281828,-1.575562,-163.494550,6.500381,4.558985,7.627747,11.283498,-15.880530,-1.662397,-4.637412,-4.700714,-18.633335,12.804436,-5.086928,1.455801,0.096914,0.545153,0.379178,0.777711,15.492062,-35.922489,65.426567,15.733123,10.348262,2.795036,-0.018603,-14.182570,35.132290,68.850716,-14.659018,9.949211,-8.206848
1050.000000,2559.142578,2169.207275,78.277069,-2.410495,-1.549960,-163.555333,6.681211,4.881896,7.661409,11.271567,-16.035723,-1.890738,-4.405964,-4.331232,-18.620422,12.628088,-5.244145,1.319378,-0.075320,0.895971,0.376830,0.795263,15.396008,-35.940659,65.538513,15.741311,10.367655,2.486375,-0.019874,-14.202541,34.956604,68.915680,-14.652707,10.129875,-8.194143
1051.000000,2558.906250,2169.295654,78.262314,-2.551983,-1.549072,-163.599565,6.806420,5.124285,7.677601,11.304540,-16.170998,-2.057476,-4.217510,-4.059068,-18.621542,12.493245,-5.355497,1.214381,-0.237013,1.173414,0.384415,0.800833,15.306325,-35.985172,65.642509,15.738724,10.416512,2.276915,-0.019705,-14.238761,34.841812,68.923035,-14.649874,10.256446,-8.186552
1052.000000,2558.668945,2169.381592,78.242867,-2.697131,-1.556738,-163.575108,6.937723,5.458497,7.642542,11.453954,-16.404079,-2.272145,-3.940638,-3.705116,-18.670124,12.342253,-5.533889,1.082854,-0.516607,1.563591,0.388140,0.801318,15.158875,-36.103722,65.790657,15.725571,10.554042,2.033511,-0.001517,-14.304248,34.716091,68.934158,-14.643151,10.404945,-8.131197
1053.000000,2558.432129,2169.465576,78.220215,-2.832029,-1.554915,-163.432738,6.981824,5.767085,7.481509,11.710127,-16.669754,-2.458780,-3.674948,-3.414852,-18.821758,12.265998,-5.763055,0.979805,-0.881258,1.967349,0.387852,0.788105,14.998663,-36.286526,65.837090,15.709265,10.738977,1.836601,0.028273,-14.432182,34.647049,68.934494,-14.625512,10.538797,-8.061803
1054.000000,2558.196533,2169.545654,78.197006,-2.968480,-1.513131,-163.205294,6.929238,6.044092,7.227990,12.018561,-16.937037,-2.618315,-3.444820,-3.178993,-19.051613,12.210640,-5.991332,0.899802,-1.271060,2.379746,0.368724,0.751703,14.845470,-36.579041,65.787796,15.610336,10.903515,1.705883,0.123741,-14.572802,34.603565,68.933075,-14.448211,10.704390,-7.958261
1055.000000,2557.968994,2169.617920,78.175751,-3.098459,-1.438597,-162.921253,6.798062,6.336722,6.882398,12.388433,-17.231567,-2.778482,-3.197424,-2.933481,-19.353830,12.102339,-6.214842,0.833515,-1.731457,2.890825,0.338360,0.694289,14.707071,-37.017094,65.577873,15.328548,11.074644,1.548141,0.310240,-14.763728,34.589931,68.915352,-14.152459,10.910460,-7.781262
1056.000000,2557.750732,2169.692627,78.152237,-3.221246,-1.370185,-162.596007,6.628162,6.597135,6.487578,12.778534,-17.515287,-2.927804,-2.977568,-2.733186,-19.698902,12.038791,-6.447766,0.768615,-2.221376,3.398334,0.336947,0.617411,14.635814,-37.461853,65.290466,15.157046,11.271520,1.379716,0.506901,-14.949603,34.544556,68.896790,-13.900575,11.164978,-7.553930
1057.000000,2557.531006,2169.777832,78.121155,-3.364209,-1.309673,-162.321908,6.435581,6.897211,6.144781,13.259481,-17.853157,-3.106295,-2.793871,-2.503478,-20.013079,12.038341,-6.703335,0.667098,-2.638319,3.921060,0.345843,0.540225,14.634277,-37.639206,64.914467,15.001532,11.456166,1.112529,0.735701,-15.162883,34.437065,68.803070,-13.761554,11.447899,-7.293737
1058.000000,2557.313965,2169.881836,78.084702,-3.509138,-1.248249,-162.075714,6.209678,7.232293,5.843519,13.815557,-18.223839,-3.306908,-2.644817,-2.247353,-20.304329,12.080121,-6.981485,0.548245,-2.984287,4.423792,0.356789,0.423977,14.702202,-37.653099,64.390297,14.867024,11.542786,0.774629,1.019365,-15.376517,34.275055,68.632393,-13.678614,11.674688,-6.973262
1059.000000,2557.104492,2170.006836,78.043724,-3.637411,-1.180366,-161.882579,5.975627,7.556659,5.611871,14.361504,-18.572075,-3.508695,-2.575536,-2.009130,-20.540855,12.209924,-7.286690,0.427605,-3.302209,4.841328,0.365116,0.280948,14.856546,-37.657249,63.771149,14.831990,11.564672,0.439805,1.234818,-15.555492,33.995213,68.456963,-13.585562,11.853253,-6.690637
1060.000000,2556.897461,2170.149902,77.998405,-3.761191,-1.142299,-161.745956,5.739155,7.937770,5.431697,14.998164,-18.963436,-3.753947,-2.521863,-1.730659,-20.746645,12.422301,-7.650922,0.281103,-3.590803,5.264086,0.388344,0.006276,15.049689,-37.662975,63.082703,14.828456,11.574091,0.082006,1.430619,-15.732882,33.801548,68.301399,-13.533699,12.005321,-6.292532
1061.000000,2556.693604,2170.301025,77.956444,-3.852869,-1.195515,-161.633053,5.621140,8.204455,5.376324,15.495645,-19.218977,-3.928637,-2.427321,-1.540049,-20.860962,12.580901,-7.919434,0.180396,-3.772136,5.533848,0.448263,-0.269839,15.151912,-37.703358,62.658588,14.873181,11.576782,-0.095359,1.532369,-15.859635,33.682220,68.210526,-13.495134,12.108433,-6.073130
1062.000000,2556.476562,2170.461182,77.925186,-3.876149,-1.307940,-161.575379,5.479368,8.507611,5.376049,16.278532,-19.464617,-4.150081,-2.247545,-1.344429,-20.963453,12.825058,-8.305085,0.051323,-3.971970,5.802960,0.514291,-0.648126,15.234061,-37.892879,62.191505,14.993961,11.575212,-0.189696,1.686787,-15.975059,33.628693,68.128326,-13.497366,12.224352,-5.860166
1063.000000,2556.243652,2170.629883,77.909584,-3.803837,-1.469018,-161.689554,5.366161,8.731264,5.460096,17.224237,-19.556095,-4.365542,-2.061592,-1.204453,-20.876873,13.132777,-8.709790,-0.090382,-4.082732,5.955765,0.550305,-0.935597,15.301240,-38.213730,61.770412,15.118184,11.540332,-0.206953,1.801559,-16.035301,33.617741,68.099167,-13.511679,12.286340,-5.701015
1064.000000,2555.989258,2170.815186,77.911774,-3.658717,-1.636000,-161.879439,5.172544,8.868710,5.530791,18.358154,-19.483349,-4.562899,-1.885406,-1.118135,-20.676357,13.398980,-9.074737,-0.237688,-4.136032,6.000521,0.518172,-1.071987,15.337312,-38.442078,61.436504,15.279764,11.441957,-0.214188,1.888134,-16.065763,33.610916,68.082214,-13.532314,12.306953,-5.603765
1065.000000,2555.725098,2171.015625,77.933052,-3.456848,-1.806212,-162.111774,4.744423,8.977793,5.507073,20.039385,-19.249323,-4.766795,-1.618884,-1.033869,-20.414555,13.534285,-9.406149,-0.408536,-4.176056,5.991769,0.471822,-1.136464,15.342110,-38.568974,61.141037,15.410397,11.316997,-0.219303,2.009222,-16.087549,33.572647,68.038582,-13.646826,12.308299,-5.378057
1066.000000,2555.453613,2171.226562,77.969200,-3.201282,-1.991013,-162.411978,4.321000,9.012398,5.450993,21.724791,-18.795927,-4.956243,-1.319369,-0.979170,-20.073788,13.578387,-9.670039,-0.574197,-4.153675,5.928377,0.455097,-1.139584,15.330639,-38.598457,60.937004,15.537312,11.191552,-0.223666,2.131945,-16.096954,33.527130,68.015671,-13.777561,12.292654,-5.155876
1067.000000,2555.168457,2171.453613,78.008202,-2.978569,-2.196783,-162.660704,3.797425,9.079425,5.266641,23.604227,-18.242294,-5.154438,-0.896909,-0.863447,-19.793201,13.427198,-9.849208,-0.758898,-4.161529,5.892256,0.475045,-1.144822,15.297760,-38.629536,60.832024,15.720496,11.077867,-0.225231,2.276742,-16.100945,33.496361,68.012566,-13.860367,12.230597,-5.002772
1068.000000,2554.884033,2171.688965,78.038963,-2.766856,-2.341359,-162.952217,3.086836,9.194425,5.100791,25.758993,-17.589315,-5.370182,-0.538344,-0.715151,-19.484991,13.298892,-10.031309,-0.972608,-4.113920,5.873056,0.459460,-1.130091,15.276708,-38.657879,60.757957,15.825571,10.988930,-0.226795,2.494522,-16.111889,33.304699,67.931938,-13.883566,12.125122,-4.950098
1069.000000,2554.592773,2171.941162,78.059990,-2.564635,-2.441792,-163.297117,2.228665,9.340735,4.941270,28.032860,-16.865108,-5.583832,-0.303602,-0.556513,-19.165522,13.255422,-10.224834,-1.179578,-3.979824,5.892335,0.422951,-1.132130,15.354396,-38.608112,60.570339,15.929908,10.959646,-0.251216,2.760884,-16.180170,33.101524,67.712906,-13.896651,12.023221,-4.946562
1070.000000,2554.312256,2172.195312,78.073952,-2.381594,-2.511755,-163.645251,1.080199,9.533651,4.737546,30.803801,-15.883217,-5.829011,-0.093389,-0.366077,-18.816957,13.221335,-10.432005,-1.402348,-3.802458,5.954712,0.417747,-1.147388,15.433594,-38.398224,60.336338,16.152214,10.950820,-0.238933,2.991226,-16.306515,33.036366,67.474907,-13.903245,11.872808,-4.990223
1071.000000,2554.048340,2172.440186,78.086159,-2.195264,-2.592787,-164.028729,-0.094444,9.722177,4.589761,33.550922,-14.667769,-6.063053,0.085080,-0.195165,-18.441195,13.227611,-10.629952,-1.626380,-3.629479,6.028711,0.513169,-1.161146,15.435884,-38.159664,60.188553,16.424196,10.943079,-0.159803,3.060209,-16.422468,33.027676,67.353310,-13.897025,11.670934,-5.074710
1072.000000,2553.784424,2172.662842,78.096367,-2.022019,-2.629213,-164.383074,-0.976229,9.843323,4.462476,35.500656,-13.629384,-6.214629,0.191120,-0.082280,-18.174324,13.242517,-10.774830,-1.788100,-3.542946,6.111737,0.577154,-1.169835,15.403180,-38.035027,60.154819,16.586643,10.938128,-0.106384,3.063319,-16.525831,33.025311,67.282600,-13.827698,11.506953,-5.150595
1073.000000,2553.527344,2172.843506,78.094566,-1.917424,-2.540084,-164.612167,-2.168569,9.986037,4.177655,37.820099,-12.327688,-6.292039,0.250168,0.077063,-17.935959,13.243543,-10.952635,-1.976242,-3.513458,6.359202,0.560638,-1.209019,15.338524,-37.856884,60.148514,16.705624,10.932137,-0.082581,3.051009,-16.749861,33.025124,67.195648,-13.594185,11.299994,-5.244059
1074.000000,2553.280518,2172.986084,78.084854,-1.834909,-2.419895,-164.765127,-3.187688,10.033174,3.766056,39.603779,-11.781033,-5.906187,0.249879,0.206667,-17.787579,13.267846,-11.122319,-2.110203,-3.518203,6.685284,0.551691,-1.270888,15.215091,-37.771851,60.153111,16.777674,10.907910,-0.008064,2.988973,-17.034176,33.045658,67.099129,-13.289204,11.154561,-5.318116
1075.000000,2553.063477,2173.103516,78.068741,-1.740416,-2.291047,-164.752357,-4.249407,10.020371,3.535049,40.401863,-12.719821,-5.121458,0.186004,0.254981,-17.738686,13.422529,-11.377254,-2.206518,-3.553787,7.003728,0.578607,-1.393884,15.054834,-37.742756,60.190239,16.957008,10.809950,0.104144,2.865963,-17.358732,33.130348,66.964081,-12.887097,11.049631,-5.359406
1076.000000,2552.882080,2173.218506,78.056297,-1.575932,-2.293103,-164.628546,-5.355093,10.045299,3.741615,40.574959,-14.837272,-4.619928,0.159039,0.138519,-17.794514,13.797071,-11.738294,-2.269554,-3.618343,7.081362,0.817385,-1.628674,14.967831,-37.726852,60.292385,17.160326,10.660303,0.242204,2.647158,-17.558937,33.229717,66.855637,-12.394329,10.922806,-5.371643
1077.000000,2552.697510,2173.309570,78.055695,-1.368833,-2.257787,-164.539297,-6.559358,10.040030,4.001358,40.368408,-16.564138,-4.388203,0.109955,-0.058737,-17.828928,14.211203,-12.103930,-2.323170,-3.577527,7.004273,0.963682,-1.796100,15.072671,-37.649601,60.315998,17.268696,10.512180,0.285590,2.473942,-17.658018,33.244129,66.756744,-11.981833,10.767193,-5.374907
1078.000000,2552.500977,2173.364990,78.077118,-1.076478,-2.167015,-164.576278,-7.716591,9.912983,4.320024,39.430882,-17.716227,-4.312290,-0.005908,-0.354550,-17.735811,14.609422,-12.447730,-2.348571,-3.425652,6.782165,0.960007,-1.757242,15.237796,-37.610538,60.322117,17.322680,10.430995,0.568502,2.327215,-17.719080,33.246639,66.579468,-11.829950,10.606050,-5.374712
1079.000000,2552.301270,2173.376953,78.122894,-0.735782,-2.020559,-164.706634,-8.668638,9.631241,4.610620,37.627438,-18.184597,-4.312717,-0.123832,-0.686219,-17.547426,14.842958,-12.684628,-2.337422,-3.197149,6.492509,0.866363,-1.613684,15.423541,-37.569763,60.335327,17.354746,10.403355,0.856618,2.203866,-17.775364,33.247822,66.379868,-11.797487,10.394354,-5.380989
1080.000000,2552.108154,2173.340088,78.178368,-0.456867,-1.861227,-164.745306,-9.629544,9.073503,4.564823,34.881992,-18.003435,-4.322444,-0.134154,-1.018493,-17.417053,14.821321,-12.804308,-2.250313,-3.083338,6.201869,0.764853,-1.441948,15.635691,-37.635738,60.469193,17.361950,10.396965,1.167384,2.000733,-17.819675,33.250427,66.267830,-11.784444,10.104656,-5.391102
1081.000000,2551.930908,2173.250488,78.219589,-0.297801,-1.721406,-164.766991,-10.337244,8.547883,4.384579,32.383247,-17.090738,-4.321041,-0.062850,-1.200213,-17.355688,14.673015,-12.828881,-2.127030,-3.099517,6.063014,0.748071,-1.335046,15.724623,-37.834969,60.745983,17.289118,10.398983,1.363606,1.743838,-17.850336,33.252453,66.272606,-11.785685,9.881662,-5.403871
1082.000000,2551.761719,2173.110107,78.240608,-0.229098,-1.654457,-164.882205,-11.065739,7.924840,4.329492,29.186226,-15.255480,-4.305442,0.093737,-1.356013,-17.215004,14.494540,-12.859165,-1.936201,-3.012918,5.955322,0.817708,-1.228654,15.742087,-38.043262,61.113613,17.148382,10.406155,1.523281,1.440058,-17.902380,33.254665,66.306381,-11.789088,9.627057,-5.431112
1083.000000,2551.593994,2172.926025,78.242691,-0.211964,-1.515036,-164.941218,-11.608932,7.432589,4.162869,27.281876,-13.808135,-4.223969,0.135994,-1.452666,-17.146772,14.443752,-12.923287,-1.778634,-2.932803,5.899616,0.798396,-1.116548,15.722901,-38.124336,61.256943,17.071667,10.424676,1.578416,1.299304,-17.933840,33.256966,66.332153,-11.796245,9.520720,-5.443735
1084.000000,2551.421631,2172.707031,78.228958,-0.278611,-1.438355,-164.961906,-12.251126,6.815841,3.993884,25.052029,-11.877369,-4.066313,0.245077,-1.550559,-17.122671,14.376960,-13.025751,-1.558360,-2.844325,5.812308,0.819739,-0.966972,15.719966,-38.210285,61.301144,17.020662,10.449720,1.603268,1.153726,-17.946999,33.261269,66.340569,-11.814013,9.466719,-5.451663
1085.000000,2551.225586,2172.449707,78.185471,-0.472465,-1.408258,-165.011928,-12.758580,6.308819,3.936285,22.743616,-9.704493,-3.868752,0.476270,-1.516290,-17.110754,14.271958,-13.157207,-1.302887,-2.671912,5.779734,0.836791,-0.762252,15.711703,-38.235832,61.308445,16.997469,10.455739,1.614034,1.081052,-17.951912,33.267467,66.344727,-11.831644,9.435707,-5.456288
1086.000000,2550.996094,2172.150635,78.108475,-0.778952,-1.425489,-165.112852,-12.985847,6.002429,4.057184,20.807135,-7.889789,-3.682339,0.756777,-1.356942,-17.069868,14.243462,-13.360604,-1.045226,-2.462696,5.793862,0.822780,-0.494452,15.709072,-38.242188,61.310123,16.947891,10.457960,1.631485,1.073678,-17.952110,33.281242,66.348404,-11.840415,9.415723,-5.457029
1087.000000,2550.706299,2171.830078,78.037270,-1.018039,-1.450564,-165.386904,-12.874127,5.854266,4.084825,20.228266,-5.291953,-2.495055,1.064631,-1.199259,-16.870468,14.262833,-13.621443,-0.782849,-2.153709,5.695643,0.692706,-0.178953,15.751459,-38.154957,61.311825,16.685499,10.455551,1.906087,1.153327,-17.898405,33.293533,66.358543,-11.844742,9.403104,-5.456777
1088.000000,2550.378418,2171.554932,78.054291,-0.912509,-1.369172,-165.504502,-12.481572,5.614556,4.321743,20.016994,-5.460419,-2.199638,1.398018,-1.431646,-16.707291,14.077891,-13.802184,-0.491364,-2.022702,5.062664,0.338851,0.191629,15.992009,-38.123760,61.338947,16.480265,10.468393,2.045639,1.323029,-17.626953,33.304859,66.389610,-11.854761,9.394999,-5.458550
1089.000000,2550.067871,2171.283447,78.105682,-0.736957,-1.280884,-165.658917,-12.038895,5.338349,4.623660,19.683634,-5.836909,-2.244129,1.751616,-1.718971,-16.525784,13.693210,-13.803997,-0.233149,-1.892881,4.372532,0.083770,0.391151,16.252182,-38.120834,61.389530,16.269688,10.474134,2.069617,1.453325,-17.395508,33.320641,66.366730,-11.861496,9.354601,-5.456214
1090.000000,2549.802734,2171.013184,78.152565,-0.572397,-1.307043,-166.120650,-11.537413,5.190977,5.069478,19.401922,-6.147413,-2.248006,2.060817,-1.927995,-16.166395,13.402513,-13.773588,-0.032891,-1.569145,3.833394,0.056485,0.451235,16.459024,-38.116936,61.432713,16.006527,10.462093,2.102995,1.483285,-17.276487,33.361877,66.320023,-11.864290,9.308460,-5.453021
1091.000000,2549.555664,2170.740967,78.186607,-0.445338,-1.351045,-166.675650,-10.980099,5.113529,5.668000,19.174936,-6.475358,-2.198916,2.358897,-2.110040,-15.646974,13.136904,-13.732798,0.163678,-1.077073,3.357877,0.102410,0.486224,16.621208,-38.115513,61.527378,15.696884,10.426691,2.140199,1.463004,-17.232979,33.471012,66.266289,-11.867023,9.278074,-5.449402
1092.000000,2549.317383,2170.470947,78.203957,-0.355637,-1.349519,-167.157662,-10.412476,5.023945,6.358298,19.059107,-6.918430,-2.075215,2.684253,-2.327719,-15.049073,12.848773,-13.712933,0.422741,-0.567944,2.858223,0.141089,0.643997,16.788383,-38.115013,61.632442,15.292125,10.379340,2.193863,1.391941,-17.224648,33.574799,66.173080,-11.873891,9.264916,-5.445688
1093.000000,2549.084229,2170.209961,78.209427,-0.274108,-1.318071,-167.567038,-10.066234,4.928456,6.851904,19.091486,-7.316011,-1.937005,2.874099,-2.527094,-14.618081,12.721321,-13.769526,0.652510,-0.251477,2.481575,0.152251,0.872511,16.934610,-38.075382,61.645889,15.111818,10.358493,2.366364,1.335772,-17.233713,33.585999,65.990456,-11.877242,9.260991,-5.448059
1094.000000,2548.853516,2169.952393,78.208199,-0.190406,-1.262995,-167.952397,-9.793177,4.819780,7.281869,19.151892,-7.690638,-1.794137,2.986665,-2.733004,-14.228970,12.693683,-13.876353,0.874252,0.028711,2.156121,0.153115,1.116985,17.031681,-38.033573,61.651203,15.095412,10.352819,2.525465,1.315060,-17.247721,33.588676,65.781609,-11.877632,9.257298,-5.486355
1095.000000,2548.623291,2169.692871,78.203651,-0.103534,-1.199466,-168.302812,-9.526909,4.678346,7.717792,19.231306,-8.096856,-1.625442,3.089482,-2.974919,-13.838356,12.689330,-14.009354,1.129322,0.334417,1.838939,0.165098,1.389724,17.059423,-37.839355,61.676716,15.091557,10.339343,2.709150,1.312985,-17.263758,33.590630,65.537178,-11.888945,9.253181,-5.583925
1096.000000,2548.400635,2169.444336,78.198318,-0.008206,-1.106460,-168.563718,-9.319474,4.495028,8.057036,19.270462,-8.435246,-1.451194,3.163668,-3.232320,-13.549880,12.694324,-14.146977,1.380241,0.629978,1.548045,0.166796,1.584672,17.058603,-37.322239,61.733124,15.080224,10.285420,2.925433,1.328822,-17.263832,33.593613,65.322556,-11.907193,9.250147,-5.686148
1097.000000,2548.178711,2169.200439,78.191772,0.103887,-1.002808,-168.790855,-9.118206,4.274745,8.362999,19.252682,-8.726725,-1.278150,3.198566,-3.520340,-13.300675,12.760670,-14.313294,1.623925,0.956271,1.236721,0.183540,1.723864,17.059082,-36.828140,61.887363,15.078393,10.191553,3.010084,1.320055,-17.233280,33.597946,65.172707,-11.967082,9.231789,-5.780049
1098.000000,2547.968994,2168.966064,78.174362,0.194070,-0.872490,-168.870662,-9.055935,4.093507,8.503510,19.317703,-8.960894,-1.140151,3.187063,-3.746360,-13.204612,12.875879,-14.472274,1.806552,1.138586,1.004855,0.194753,1.813718,17.072416,-36.526688,62.018394,15.077930,10.144314,3.039554,1.267861,-17.183327,33.601143,65.145020,-12.009294,9.208277,-5.869380
1099.000000,2547.763184,2168.733887,78.149673,0.305376,-0.730867,-168.864292,-9.044093,3.820259,8.587775,19.448292,-9.255877,-0.955763,3.126642,-4.073711,-13.185930,13.141246,-14.742756,2.048979,1.263413,0.693851,0.239707,1.947957,17.126205,-36.215767,62.103348,15.069066,10.125698,3.056540,1.168484,-17.108555,33.604362,65.135292,-12.021607,9.166021,-6.030446
1100.000000,2547.549561,2168.497559,78.121857,0.461214,-0.558370,-168.856293,-9.020958,3.452265,8.693417,19.507841,-9.542283,-0.747844,2.973306,-4.512770,-13.162708,13.571071,-15.121659,2.338618,1.423749,0.275109,0.247607,2.150845,17.212410,-35.928360,62.118729,15.050367,10.121322,3.066308,1.130844,-17.045542,33.656677,65.083717,-12.025270,9.121275,-6.197154
1101.000000,2547.331543,2168.253418,78.090324,0.707624,-0.468560,-168.898679,-8.834448,3.002760,8.882233,19.397686,-9.743499,-0.534663,2.764214,-5.065886,-13.064076,14.255505,-15.622539,2.646438,1.607119,-0.264129,0.333975,2.313147,17.292898,-35.748581,62.210789,15.036944,10.121893,3.073597,1.125671,-17.016184,33.778820,64.884865,-12.024509,9.111961,-6.241460
1102.000000,2547.105713,2167.999756,78.050758,0.928687,-0.395734,-168.874976,-8.639348,2.539529,9.019813,19.346920,-9.981543,-0.328166,2.611854,-5.628167,-13.013385,14.952550,-16.141949,2.959797,1.681400,-0.828630,0.409182,2.474210,17.320936,-35.557598,62.409859,15.023293,10.135243,3.080612,1.151761,-17.000101,33.901279,64.601540,-12.018073,9.105033,-6.247400
1103.000000,2546.883301,2167.743408,78.007599,1.150913,-0.319498,-168.969588,-8.425914,2.115595,9.256329,19.300484,-10.248316,-0.132269,2.405496,-6.178889,-12.859352,15.701694,-16.668167,3.253494,1.857505,-1.404920,0.436805,2.584516,17.365189,-35.393154,62.622150,14.824242,10.174486,3.148325,1.178629,-16.987171,34.141815,64.367798,-12.003535,9.078060,-6.252887
1104.000000,2546.668701,2167.481934,77.957977,1.393219,-0.259664,-169.062909,-8.211439,1.702716,9.504869,19.248514,-10.501720,0.074284,2.097484,-6.752131,-12.743691,16.656700,-17.218727,3.531347,2.003183,-1.971646,0.467031,2.604982,17.473558,-35.309391,62.849445,14.570153,10.194479,3.205162,1.138158,-16.915455,34.350239,64.304611,-11.990289,9.018747,-6.259790
1105.000000,2546.470703,2167.215088,77.910950,1.624945,-0.235920,-169.204773,-7.909341,1.242671,9.826086,19.150425,-10.778683,0.314177,1.538656,-7.470984,-12.678490,18.218555,-17.850302,3.840114,2.102206,-2.589610,0.525964,2.608021,17.577255,-35.234692,63.160149,14.292624,10.181747,3.267172,1.048670,-16.789440,34.427753,64.298737,-11.979224,8.942496,-6.267578
1106.000000,2546.286621,2166.934570,77.875305,1.800080,-0.194793,-169.392665,-7.709847,0.960305,10.087417,19.069380,-10.969582,0.489884,0.868195,-8.002829,-12.612318,19.787523,-18.224192,4.054965,2.157014,-2.966894,0.513405,2.623342,17.611174,-35.171097,63.404034,14.054825,10.172387,3.355761,0.988766,-16.710772,34.437145,64.300117,-11.968005,8.893461,-6.272398
1107.000000,2546.106445,2166.635254,77.857468,1.943079,-0.200284,-169.539502,-7.358200,0.586280,10.372804,18.864454,-11.166542,0.738005,-0.264516,-8.745961,-12.472878,22.461039,-18.525333,4.343917,2.141224,-3.409012,0.522716,2.645711,17.625286,-35.131706,63.716972,13.777068,10.151245,3.532963,0.922366,-16.620565,34.439175,64.300644,-11.958252,8.860968,-6.278807
1108.000000,2545.918457,2166.324707,77.861946,2.035762,-0.251076,-169.607863,-6.880209,0.208252,10.553237,18.472958,-11.255970,0.985363,-1.575124,-9.491257,-12.255562,25.598776,-18.447880,4.640447,1.996782,-3.835070,0.527050,2.669410,17.628174,-35.123188,64.054924,13.615028,10.126269,3.714518,0.892434,-16.498379,34.436653,64.297104,-11.971469,8.858809,-6.284601
1109.000000,2545.722168,2166.006592,77.877663,2.069177,-0.292948,-169.705600,-6.402348,-0.082225,10.729889,18.068058,-11.331882,1.208488,-2.897255,-10.113536,-11.917728,28.636402,-17.974337,4.920660,1.914091,-4.216512,0.468587,2.677480,17.638611,-35.070221,64.378090,13.491321,10.113333,3.882644,0.911284,-16.354666,34.434414,64.290161,-11.989741,8.870874,-6.287676
1110.000000,2545.526611,2165.687256,77.892586,2.078109,-0.341483,-169.799586,-5.868999,-0.375053,10.910092,17.630867,-11.430606,1.446405,-4.422343,-10.737983,-11.405289,32.029182,-17.095280,5.224336,1.936271,-4.660745,0.399942,2.672146,17.647034,-34.932285,64.655090,13.462894,10.048987,4.049712,0.957552,-16.169436,34.432194,64.262306,-12.066664,8.914872,-6.289145
1111.000000,2545.344727,2165.373291,77.899727,2.129257,-0.381215,-169.882574,-5.355701,-0.708524,11.079641,17.143442,-11.469904,1.674958,-6.135662,-11.428904,-10.922606,35.629662,-15.874136,5.486522,1.991705,-5.164931,0.360045,2.616548,17.711973,-34.820377,64.956734,13.459394,9.921405,4.226825,0.948111,-15.952006,34.399788,64.172516,-12.252808,9.000479,-6.290252
1112.000000,2545.182373,2165.056641,77.907768,2.094567,-0.481571,-169.770331,-4.908033,-1.000528,11.040848,16.815647,-11.538490,1.897218,-7.892165,-12.090269,-10.562655,39.356392,-14.057509,5.724139,1.902183,-5.587071,0.456112,2.451357,17.770332,-34.772514,65.300804,13.464392,9.712329,4.327708,0.863466,-15.720576,34.295364,64.104271,-12.534153,9.035748,-6.292921
1113.000000,2545.028564,2164.749512,77.917793,2.022843,-0.628014,-169.580353,-4.462173,-1.255197,10.884073,16.569624,-11.626220,2.106564,-9.584114,-12.693902,-10.235627,42.931915,-11.720233,5.888969,1.770180,-5.937213,0.661183,2.188732,17.824322,-34.769760,65.709625,13.472754,9.475594,4.364444,0.742558,-15.484246,34.126778,64.099785,-12.887572,9.037598,-6.296328
1114.000000,2544.849854,2164.454346,77.930260,1.895963,-0.698657,-169.265458,-4.229689,-1.405571,10.674776,16.465630,-11.713237,2.241319,-10.658363,-13.052100,-10.076177,45.110878,-9.938831,5.929488,1.627057,-6.148183,0.742982,2.020599,17.896236,-34.771297,65.963104,13.470272,9.319018,4.372518,0.705314,-15.324604,33.965061,64.097488,-13.028342,9.034705,-6.298119
1115.000000,2544.641113,2164.192139,77.952682,1.710315,-0.664894,-168.896655,-4.022448,-1.551239,10.249453,16.355133,-11.850287,2.396389,-11.880595,-13.317864,-9.912519,47.442135,-8.318000,5.411879,1.351541,-6.397516,0.725888,1.870981,18.097040,-34.773739,66.107025,13.425527,9.131398,4.382139,0.717714,-15.102367,33.670544,64.095108,-13.055738,9.018471,-6.297853
1116.000000,2544.420410,2163.955566,77.975494,1.494535,-0.472183,-168.818601,-3.979592,-1.540081,10.032845,16.287989,-12.034314,2.490983,-13.080961,-13.323752,-10.026175,48.287216,-8.542386,4.618079,1.282429,-6.571632,0.546467,1.816767,18.371185,-34.782024,66.044037,13.234591,8.963095,4.421705,0.768911,-14.917102,33.422012,64.093796,-12.956202,8.978680,-6.301777
1117.000000,2544.231201,2163.740234,78.004166,1.164371,-0.378276,-168.950585,-3.971048,-1.283821,10.041965,16.500702,-12.371138,2.527429,-14.426194,-13.207086,-10.448367,48.519020,-10.545422,4.104882,1.467334,-6.507102,0.609168,1.686765,18.610477,-34.820358,65.750977,13.004877,8.886433,4.480245,0.741165,-14.876144,33.320034,64.031296,-12.679946,8.953694,-6.350042
1118.000000,2544.048096,2163.556396,78.038528,0.832617,-0.362104,-169.061194,-3.882970,-0.962143,10.061450,16.749157,-12.703475,2.533717,-15.650599,-13.010477,-10.953755,47.986343,-12.697268,3.758788,1.612981,-6.313982,0.853959,1.501617,18.811909,-34.918121,65.347298,12.927532,8.859396,4.502180,0.660223,-14.875542,33.273685,63.958870,-12.417492,8.953244,-6.423416
1119.000000,2543.848877,2163.397705,78.072754,0.548454,-0.258649,-169.085399,-3.844360,-0.716344,10.018783,16.895603,-12.941327,2.536765,-16.659418,-12.829549,-11.398582,46.516708,-14.008747,3.575808,1.644211,-6.104880,0.992115,1.269025,18.911333,-34.988907,65.080719,12.867805,8.828711,4.506396,0.620040,-14.897880,33.267662,63.906410,-12.206718,8.960138,-6.472513
1120.000000,2543.636719,2163.272461,78.104591,0.344590,-0.111220,-169.073538,-3.792001,-0.520475,9.963672,16.883228,-13.108228,2.534573,-17.604914,-12.626496,-11.860024,43.835365,-14.558628,3.482156,1.657085,-5.887146,1.064725,0.940445,18.947754,-35.023354,64.899429,12.789157,8.798126,4.512347,0.617959,-14.934571,33.264149,63.834591,-12.063385,8.968558,-6.552627
1121.000000,2543.394531,2163.184814,78.128555,0.266837,0.044163,-169.057744,-3.660506,-0.475903,9.945986,16.688026,-13.140279,2.522199,-18.077177,-12.485222,-12.119412,41.387589,-14.347727,3.421491,1.636299,-5.813110,1.086736,0.726296,18.970636,-35.036549,64.810661,12.743604,8.766615,4.527586,0.633260,-14.969191,33.223263,63.768349,-11.981313,8.972670,-6.715101
1122.000000,2543.115479,2163.135986,78.144058,0.261180,0.163407,-168.968255,-3.393794,-0.493004,9.907610,16.296051,-13.133597,2.475564,-18.421173,-12.333357,-12.526999,37.764442,-13.644035,3.321269,1.563619,-5.781886,1.072240,0.484107,18.980356,-35.042717,64.786568,12.701019,8.731794,4.552645,0.703624,-14.985521,33.188004,63.691628,-11.938226,8.972688,-6.848011
1123.000000,2542.792969,2163.125000,78.158447,0.226950,0.225775,-168.806983,-3.044100,-0.483214,9.770379,15.926229,-13.167607,2.374910,-18.334862,-12.008048,-12.813027,33.802238,-12.406269,3.188569,1.414452,-5.721560,1.032453,0.329058,18.972351,-35.048241,64.772125,12.684937,8.729507,4.557817,0.861931,-14.979968,33.150784,63.617226,-11.923218,8.970802,-6.918486
1124.000000,2542.410156,2163.154297,78.180374,0.096566,0.223469,-168.514988,-2.681678,-0.327202,9.498440,15.720965,-13.306177,2.200290,-17.807692,-11.411416,-13.008135,29.853308,-10.679025,3.057086,1.229365,-5.539925,0.949677,0.265235,18.946840,-35.090725,64.746124,12.673770,8.739665,4.556173,1.089302,-14.944967,33.145744,63.613632,-11.919192,8.971680,-6.988427
1125.000000,2541.980469,2163.222168,78.195831,-0.050798,0.203892,-168.228406,-2.275385,-0.071724,9.164899,15.612341,-13.552556,1.945397,-17.080957,-10.711413,-13.338725,26.135237,-8.732265,2.868185,1.102664,-5.275542,0.793927,0.243594,18.895864,-35.138611,64.722954,12.661877,8.748143,4.538709,1.416483,-14.906704,33.145752,63.614925,-11.917070,8.972281,-7.069711
1126.000000,2541.526123,2163.328857,78.199806,-0.162350,0.090260,-167.946758,-1.769918,0.197655,8.858774,15.548800,-13.850008,1.671219,-16.150955,-10.035151,-13.680317,23.175529,-7.203459,2.658057,1.077106,-5.014858,0.694096,0.281147,18.873621,-35.095882,64.634766,12.657773,8.751468,4.490489,1.734477,-14.852427,33.143822,63.648876,-11.918726,8.968790,-7.135134
1127.000000,2541.033447,2163.479492,78.176460,-0.134477,-0.014522,-167.678947,-1.342899,0.325344,8.649916,15.450655,-14.067547,1.454444,-15.391187,-9.596190,-13.887662,21.382463,-6.408976,2.445449,1.072038,-4.906883,0.580440,0.370810,18.902540,-35.032467,64.535934,12.681108,8.750451,4.444498,1.946728,-14.747610,33.134560,63.756622,-11.963945,8.964835,-7.175052
1128.000000,2540.504639,2163.673340,78.111931,0.024575,-0.054818,-167.455260,-0.839288,0.398215,8.449350,15.376014,-14.409289,1.151693,-14.393361,-9.088156,-14.041800,19.520882,-5.797677,2.109179,1.069300,-4.876223,0.340952,0.525861,18.987886,-34.988087,64.458176,12.800507,8.747823,4.358110,2.126898,-14.514913,33.124928,64.031898,-12.071218,8.961735,-7.228374
1129.000000,2539.995850,2163.864746,78.045708,0.072873,-0.119219,-167.221072,-0.502850,0.537513,8.275299,15.572925,-14.879527,0.852740,-13.487646,-8.616532,-13.988889,18.236103,-4.422086,1.971727,1.031683,-4.702401,0.155791,0.634498,19.026976,-34.980701,64.414787,12.947119,8.749664,4.253397,2.165388,-14.334330,33.122337,64.318642,-12.121186,8.959785,-7.282648
1130.000000,2539.504883,2164.027100,78.034897,-0.173131,-0.232850,-167.040466,-0.122298,1.032416,8.046138,15.937838,-15.460204,0.490485,-12.555504,-8.092178,-14.277597,17.425795,-3.103513,1.782254,1.023330,-4.003598,0.163398,0.672060,18.914167,-34.966190,64.326866,12.973782,8.751817,4.138837,2.076134,-14.275546,33.120110,64.683578,-12.158817,8.953547,-7.351937
1131.000000,2539.020996,2164.160400,78.098907,-0.607341,-0.331789,-166.868084,0.419736,1.752961,7.787554,15.865161,-15.756694,0.116372,-11.492620,-7.355808,-14.788889,16.537054,-3.219334,1.667840,0.993706,-2.971676,0.239470,0.735370,18.716488,-34.949421,64.112823,12.964080,8.757803,4.025171,1.928563,-14.517616,33.120682,65.122566,-12.320173,8.955773,-7.366334
1132.000000,2538.554199,2164.298584,78.171021,-0.987245,-0.375329,-166.624133,1.002113,2.388666,7.480640,15.449255,-15.840901,-0.252640,-10.430665,-6.660212,-15.343088,15.463289,-3.294792,1.563439,0.812644,-2.013996,0.280631,0.836307,18.623566,-35.005657,63.693996,12.917458,8.782755,3.929260,1.829538,-14.838235,33.122742,65.376877,-12.354578,8.965797,-7.401169
1133.000000,2538.110107,2164.451172,78.226685,-1.251427,-0.393841,-166.400966,1.618283,2.888792,7.209366,14.857703,-15.816554,-0.599723,-9.528826,-6.098548,-15.822523,14.594636,-3.391755,1.440908,0.541139,-1.239655,0.347459,0.881031,18.611580,-35.134155,63.234955,12.825536,8.798524,3.899805,1.749766,-15.122392,33.127720,65.420876,-12.354280,8.976832,-7.509780
1134.000000,2537.678467,2164.616455,78.269318,-1.421384,-0.410055,-166.224579,2.258999,3.255362,7.024580,14.144949,-15.697350,-0.913808,-8.830902,-5.671677,-16.166636,14.000669,-3.525291,1.313466,0.280769,-0.687419,0.414201,0.869843,18.612307,-35.254467,62.859947,12.749159,8.804756,3.899292,1.671380,-15.300779,33.169086,65.425842,-12.348699,8.982781,-7.681064
1135.000000,2537.258789,2164.792236,78.301834,-1.537826,-0.391874,-166.036272,2.930921,3.598080,6.822911,13.314147,-15.509880,-1.241709,-8.203048,-5.280747,-16.520321,13.533987,-3.729778,1.163500,-0.026817,-0.213918,0.451550,0.804398,18.593115,-35.384842,62.519062,12.714172,8.807202,3.904459,1.601173,-15.400194,33.248478,65.427223,-12.342891,8.988549,-7.911948
1136.000000,2536.868164,2164.971191,78.326401,-1.633174,-0.352053,-165.826741,3.330385,3.822840,6.677716,12.800595,-15.380814,-1.457661,-7.830270,-5.039702,-16.769972,13.283944,-3.891881,1.059662,-0.230753,0.047137,0.470674,0.693660,18.542543,-35.443787,62.355156,12.707580,8.805990,3.909605,1.561356,-15.414766,33.326576,65.427536,-12.342265,8.992449,-8.072928
1137.000000,2536.521729,2165.143311,78.346802,-1.694107,-0.272923,-165.616039,3.725561,4.097408,6.529128,12.250971,-15.206623,-1.726706,-7.437819,-4.762375,-17.079538,13.021365,-4.109296,0.927743,-0.451158,0.306211,0.476674,0.461408,18.421835,-35.485542,62.249950,12.696942,8.796426,3.929518,1.509762,-15.428775,33.510616,65.424904,-12.349627,8.999413,-8.263459
1138.000000,2536.209473,2165.308594,78.363808,-1.732677,-0.170250,-165.374016,3.993054,4.336478,6.471848,11.802297,-15.026209,-1.969522,-7.153067,-4.551054,-17.386292,12.849085,-4.334826,0.807464,-0.614068,0.478236,0.478635,0.146264,18.236168,-35.490906,62.239868,12.677860,8.787470,3.987561,1.489167,-15.478953,33.696278,65.417801,-12.360652,9.006346,-8.459286
1139.000000,2535.926514,2165.466064,78.379059,-1.745413,-0.063448,-165.173967,4.199650,4.528706,6.498637,11.414622,-14.843112,-2.171645,-6.956574,-4.392644,-17.631802,12.754081,-4.550668,0.706573,-0.707192,0.572771,0.483171,-0.145416,18.043083,-35.491375,62.236935,12.653967,8.768789,4.070414,1.488599,-15.488599,33.813099,65.411560,-12.367575,9.010156,-8.615069
1140.000000,2535.675537,2165.606201,78.394249,-1.761014,0.037098,-165.035759,4.382282,4.727103,6.582965,11.073956,-14.658341,-2.368829,-6.766003,-4.209708,-17.820047,12.611303,-4.731382,0.604889,-0.742168,0.651484,0.491889,-0.418839,17.812012,-35.490051,62.210869,12.595015,8.742838,4.142059,1.490994,-15.493114,33.904953,65.406944,-12.381861,9.015163,-8.744802
1141.000000,2535.458008,2165.720215,78.410011,-1.778600,0.113675,-164.992808,4.515816,4.895096,6.734274,10.874160,-14.525672,-2.521423,-6.588092,-4.028750,-17.898039,12.405303,-4.805349,0.526027,-0.708407,0.737154,0.503732,-0.621012,17.586920,-35.490875,62.160339,12.460141,8.733587,4.153184,1.492964,-15.522417,34.041454,65.404716,-12.392039,9.031490,-8.831021
1142.000000,2535.263428,2165.816406,78.427048,-1.783541,0.174551,-164.990858,4.660979,5.062925,6.947588,10.693777,-14.366935,-2.682329,-6.384552,-3.830579,-17.929884,12.145628,-4.859374,0.441335,-0.653723,0.837233,0.513600,-0.832356,17.294466,-35.491970,62.114002,12.321629,8.713210,4.159921,1.496171,-15.560329,34.217937,65.401329,-12.405659,9.061643,-8.923002
1143.000000,2535.093262,2165.890625,78.443321,-1.801775,0.219081,-164.960505,4.761921,5.198324,7.108340,10.599762,-14.254268,-2.806701,-6.160603,-3.664504,-17.980404,11.846662,-4.866715,0.383260,-0.649173,0.957455,0.515882,-0.997260,17.001314,-35.508865,62.101410,12.297754,8.672156,4.164532,1.507664,-15.616026,34.427715,65.387215,-12.441498,9.078659,-9.015766
1144.000000,2534.960938,2165.943359,78.453964,-1.819873,0.306134,-164.919464,4.763958,5.309502,7.268904,10.565577,-14.193352,-2.900790,-6.033820,-3.540472,-18.040506,11.612655,-4.870669,0.338181,-0.652244,1.105230,0.482246,-1.166058,16.710022,-35.524067,62.095875,12.262568,8.623490,4.163652,1.544821,-15.687227,34.570236,65.316803,-12.504677,9.092215,-9.049125
1145.000000,2534.862305,2165.979492,78.460640,-1.816416,0.390098,-164.889090,4.759886,5.368421,7.428315,10.508690,-14.138023,-2.955896,-5.990510,-3.480999,-18.076292,11.503678,-4.896065,0.308216,-0.649066,1.232306,0.476417,-1.335111,16.465607,-35.526245,62.085201,12.231038,8.570996,4.159795,1.567472,-15.765751,34.610577,65.240921,-12.585579,9.105315,-9.053604
1146.000000,2534.783203,2166.001953,78.463394,-1.808632,0.438489,-164.875293,4.815132,5.397776,7.599629,10.362211,-14.064770,-3.001201,-5.975863,-3.452696,-18.091240,11.477315,-4.953150,0.282552,-0.647799,1.369256,0.489449,-1.505910,16.215445,-35.524330,62.068779,12.213444,8.488868,4.154865,1.572834,-15.836926,34.615601,65.188873,-12.674007,9.112930,-9.054453
1147.000000,2534.713379,2166.019775,78.463135,-1.799656,0.468341,-164.870076,4.950187,5.427440,7.817895,10.102991,-13.972596,-3.059800,-5.965235,-3.422071,-18.089134,11.503843,-5.051283,0.250333,-0.674854,1.529020,0.495874,-1.675945,15.924603,-35.519341,62.061020,12.188573,8.365542,4.149220,1.574733,-15.876322,34.611515,65.171585,-12.870686,9.119552,-9.056673
1148.000000,2534.662354,2166.035156,78.456337,-1.795030,0.539660,-164.967522,5.043764,5.448564,8.087224,9.873482,-13.906973,-3.105427,-6.069983,-3.399081,-18.001896,11.634348,-5.160525,0.217705,-0.683168,1.626058,0.452706,-1.769114,15.703994,-35.518028,62.059265,12.022629,8.283451,4.144162,1.576549,-15.875873,34.611664,65.167442,-13.066836,9.135601,-9.058019
1149.000000,2534.637207,2166.051514,78.432533,-1.872502,0.656866,-165.055239,5.008872,5.568478,8.390152,9.781260,-14.028285,-3.157608,-6.267570,-3.287067,-17.906960,11.772680,-5.248639,0.164374,-0.639147,1.767033,0.399961,-1.884690,15.502644,-35.521042,62.056698,11.615085,8.260356,4.122200,1.569033,-15.919453,34.616730,65.172729,-13.077024,9.238501,-9.059909
1150.000000,2534.626221,2166.064941,78.390579,-2.029598,0.770616,-165.195915,4.987417,5.814482,8.853349,9.655269,-14.339206,-3.221882,-6.495169,-3.051282,-17.799088,11.897629,-5.320598,0.100193,-0.637215,1.998191,0.377515,-1.955979,15.339583,-35.652668,61.987755,11.196476,8.246136,4.100151,1.527619,-15.978791,34.617435,65.181503,-13.070599,9.381772,-9.115129
1151.000000,2534.623291,2166.081787,78.343292,-2.164707,0.876597,-165.436590,4.996320,6.038839,9.319751,9.535822,-14.669101,-3.249222,-6.803804,-2.822362,-17.587164,12.155920,-5.431024,0.026339,-0.647117,2.182787,0.372624,-1.958483,15.275466,-35.991310,61.920834,10.737653,8.224354,4.093502,1.457949,-15.976705,34.618958,65.204346,-13.065084,9.530271,-9.253517
1152.000000,2534.609863,2166.114014,78.326958,-2.176901,0.926853,-165.699265,5.000156,6.098711,9.543093,9.542566,-14.744054,-3.284933,-6.989668,-2.739684,-17.377487,12.337090,-5.498093,-0.031779,-0.669053,2.187761,0.387084,-1.966896,15.307104,-36.178650,61.914425,10.458493,8.219908,4.095784,1.417061,-15.923495,34.621471,65.227303,-13.064944,9.659307,-9.391973
1153.000000,2534.587158,2166.145996,78.317123,-2.189102,0.950194,-165.903839,4.984227,6.172011,9.754148,9.640869,-14.825495,-3.341036,-7.143194,-2.640494,-17.159428,12.490376,-5.552842,-0.098544,-0.765047,2.205732,0.387888,-1.984081,15.362218,-36.388668,61.915813,10.301074,8.219445,4.098272,1.408580,-15.848415,34.624249,65.235847,-13.067702,9.814291,-9.638299
1154.000000,2534.561279,2166.175537,78.305695,-2.222972,0.969059,-165.960140,4.882149,6.262779,9.806103,9.893771,-14.975207,-3.382706,-7.216353,-2.557095,-17.081327,12.591787,-5.612783,-0.146992,-0.967772,2.276634,0.372833,-2.003410,15.384980,-36.583614,61.939293,10.278524,8.221598,4.098121,1.400886,-15.769300,34.626785,65.242767,-13.069987,9.966226,-9.867376
1155.000000,2534.527588,2166.201904,78.293335,-2.292178,0.939605,-165.978011,4.762336,6.399846,9.760818,10.257721,-15.198298,-3.435882,-7.179898,-2.439627,-17.085293,12.612723,-5.665082,-0.196763,-1.250881,2.435131,0.379288,-2.031155,15.388188,-36.870419,61.973534,10.337883,8.225126,4.083476,1.368885,-15.705304,34.625629,65.272545,-13.070514,10.126036,-10.032285
1156.000000,2534.476807,2166.228027,78.277527,-2.393925,0.872406,-166.107515,4.753025,6.595938,9.829370,10.599392,-15.457489,-3.513240,-7.057450,-2.225389,-16.993694,12.531302,-5.669598,-0.261268,-1.363494,2.665772,0.378464,-2.041153,15.354906,-37.184559,61.988281,10.732736,8.238241,4.029531,1.270114,-15.641829,34.622997,65.426025,-13.152298,10.365098,-10.063083
1157.000000,2534.418457,2166.258545,78.256813,-2.507995,0.788170,-166.316615,4.767323,6.831132,9.981160,11.000647,-15.764129,-3.605685,-6.940937,-1.964321,-16.826115,12.473912,-5.678314,-0.346134,-1.355959,2.938063,0.367738,-2.057164,15.253830,-37.289055,62.022663,11.375911,8.244091,3.956327,1.123930,-15.588953,34.601547,65.644661,-13.404860,10.651701,-10.071926
1158.000000,2534.351807,2166.302734,78.231400,-2.612195,0.691379,-166.558309,4.805403,7.074240,10.167797,11.415151,-16.081707,-3.704159,-6.851313,-1.702664,-16.628632,12.501099,-5.736423,-0.441705,-1.317793,3.210201,0.367752,-2.075615,15.136390,-37.298218,62.071915,12.011225,8.248524,3.894221,0.948725,-15.527613,34.571136,65.832001,-13.875456,10.933171,-10.088785
1159.000000,2534.273438,2166.362549,78.202515,-2.746886,0.590217,-166.746083,4.796207,7.281054,10.261908,11.779650,-16.341436,-3.790323,-6.763615,-1.498399,-16.540243,12.498808,-5.782722,-0.522559,-1.311175,3.419899,0.373098,-2.091862,15.059378,-37.304867,62.111126,12.379812,8.270617,3.829516,0.843273,-15.513918,34.557243,65.908134,-14.174641,11.120981,-10.110312
1160.000000,2534.177979,2166.436768,78.169960,-2.886650,0.487693,-166.940621,4.788977,7.625394,10.399688,12.351036,-16.750305,-3.936900,-6.606572,-1.167949,-16.432928,12.489773,-5.869306,-0.651289,-1.270621,3.746768,0.389509,-2.099104,14.977324,-37.402035,62.182804,12.803094,8.355802,3.696607,0.753542,-15.571985,34.555767,65.938789,-14.465549,11.374876,-10.133883
1161.000000,2534.073486,2166.523682,78.133652,-3.021673,0.404289,-167.153676,4.786302,7.960583,10.554355,12.863143,-17.128626,-4.090093,-6.511090,-0.849647,-16.307264,12.552194,-5.997144,-0.778973,-1.213421,4.067202,0.393833,-2.119753,14.919340,-37.521053,62.237568,12.947117,8.475996,3.670964,0.666203,-15.662716,34.572906,65.944687,-14.518066,11.522519,-10.207648
1162.000000,2533.957031,2166.623047,78.088257,-3.162634,0.314514,-167.353422,4.758868,8.326818,10.699218,13.459098,-17.559229,-4.260394,-6.448070,-0.526596,-16.196859,12.718131,-6.196007,-0.921173,-1.177229,4.419761,0.416122,-2.127414,14.883545,-37.855377,62.354195,13.013073,8.684982,3.626813,0.561627,-15.821134,34.620380,65.953186,-14.526363,11.660073,-10.231093
1163.000000,2533.836914,2166.732910,78.034904,-3.319215,0.165682,-167.527276,4.722131,8.730173,10.802503,14.191289,-18.059620,-4.435426,-6.349201,-0.200250,-16.130159,12.956779,-6.450537,-1.067358,-1.200652,4.815915,0.520533,-2.148119,14.853806,-38.100361,62.381172,13.023497,8.924376,3.607537,0.373223,-15.977206,34.624535,65.960945,-14.528426,11.721380,-10.258721
1164.000000,2533.701172,2166.855957,77.964409,-3.518693,0.008767,-167.659181,4.589540,9.209706,10.850359,15.167795,-18.673328,-4.640345,-6.248501,0.160284,-16.101078,13.267461,-6.772764,-1.236804,-1.262397,5.237699,0.608846,-2.150736,14.861063,-38.548409,62.360825,13.141426,9.188537,3.554958,0.180457,-16.151951,34.665470,65.967033,-14.541494,11.784021,-10.262212
1165.000000,2533.550781,2166.998047,77.873047,-3.744385,-0.113570,-167.805712,4.286424,9.820664,10.874505,16.524166,-19.477255,-4.887171,-6.244566,0.584920,-16.081112,13.787612,-7.237055,-1.430804,-1.288962,5.713227,0.635565,-2.097554,14.869338,-38.914085,62.255463,13.427231,9.410474,3.449109,0.009274,-16.350098,34.678276,65.962982,-14.575125,11.801227,-10.264504
1166.000000,2533.397705,2167.161377,77.777473,-3.929328,-0.210529,-167.942504,3.827849,10.410949,10.920664,18.075459,-20.222813,-5.123634,-6.341749,0.946112,-16.059137,14.419250,-7.749619,-1.614021,-1.282055,6.104652,0.626457,-1.998597,14.881668,-39.043888,62.053844,13.741403,9.516264,3.342941,-0.138652,-16.519989,34.678768,65.936005,-14.612863,11.793974,-10.266677
1167.000000,2533.247314,2167.353271,77.712128,-3.937007,-0.335099,-168.102424,3.259728,10.851620,11.014606,19.860790,-20.640787,-5.344908,-6.463296,1.130416,-15.970494,15.140773,-8.295909,-1.793563,-1.223408,6.267554,0.667856,-1.941796,14.910534,-39.073689,61.880245,14.008759,9.545342,3.254796,-0.279680,-16.615650,34.677780,65.902267,-14.644266,11.758462,-10.270790
1168.000000,2533.093994,2167.573242,77.702774,-3.715152,-0.497655,-168.331076,2.432543,11.092819,11.082961,22.221796,-20.540276,-5.526602,-6.512184,1.114941,-15.733062,15.758550,-8.774726,-1.962892,-1.068824,6.141029,0.749058,-1.942532,14.932938,-39.080410,61.822144,14.223999,9.551688,3.213061,-0.390612,-16.629562,34.685196,65.885330,-14.696497,11.681433,-10.275796
1169.000000,2532.936768,2167.805908,77.742371,-3.377043,-0.656183,-168.569472,1.145096,11.254947,10.943237,25.410198,-19.936781,-5.678009,-6.425675,1.019421,-15.436996,16.054239,-9.072032,-2.128439,-0.893689,5.913069,0.781241,-2.044946,15.074187,-39.082153,61.816933,14.319427,9.557063,3.053273,-0.473210,-16.620121,34.687351,65.865036,-14.699941,11.499516,-10.346134
1170.000000,2532.758057,2168.028564,77.809288,-2.988428,-0.893042,-168.889055,-0.106981,11.370731,10.727217,28.534613,-19.014179,-5.807456,-6.222349,0.927608,-15.115821,16.162888,-9.254662,-2.271421,-0.731629,5.735967,0.796462,-2.174341,15.301353,-39.082951,61.844109,14.342936,9.561731,3.013328,-0.540279,-16.622066,34.686501,65.861549,-14.679359,11.281247,-10.470661
1171.000000,2532.532959,2168.236084,77.894218,-2.563505,-1.159865,-169.281499,-1.560726,11.447710,10.414312,32.281803,-17.310110,-5.969282,-5.808630,0.807239,-14.656183,16.128311,-9.407998,-2.420609,-0.606807,5.572467,0.766202,-2.192323,15.457474,-39.086540,62.029663,14.395217,9.599463,3.073128,-0.595532,-16.662207,34.718128,65.870712,-14.661765,11.009830,-10.688638
1172.000000,2532.291504,2168.427002,77.980408,-2.120219,-1.343680,-169.612668,-2.948454,11.442660,10.114843,35.600063,-15.193036,-6.112296,-5.433185,0.631042,-14.239522,16.068121,-9.553079,-2.532891,-0.674929,5.450734,0.638956,-2.075024,15.495647,-39.087723,62.250771,14.618438,9.741729,3.115608,-0.688801,-16.703859,34.716751,65.872269,-14.645061,10.658554,-10.946570
1173.000000,2532.068604,2168.596924,78.054634,-1.647641,-1.519313,-169.955243,-4.151391,11.236515,9.676773,38.355904,-13.017120,-6.014849,-5.161329,0.366689,-13.800063,16.187468,-9.776616,-2.615255,-0.801679,5.315835,0.612698,-1.972955,15.465231,-39.086273,62.340908,15.135398,9.972773,3.122539,-0.906348,-16.743736,34.713322,65.905655,-14.631405,10.330345,-11.194033
1174.000000,2531.856689,2168.733398,78.110275,-1.243591,-1.606118,-170.376880,-4.983173,10.883670,9.131785,39.986340,-12.196578,-5.384336,-5.044857,0.173640,-13.286623,16.370237,-9.992671,-2.688506,-0.767338,5.247383,0.598244,-1.943642,15.339390,-39.057404,62.395767,15.614326,10.117945,3.125320,-1.189830,-16.810692,34.714417,65.955109,-14.538708,10.097132,-11.405249
1175.000000,2531.682617,2168.844238,78.136200,-1.039190,-1.561479,-170.628956,-6.041012,10.580550,8.547089,40.466286,-13.370302,-4.595788,-5.024115,0.127015,-12.902244,16.444868,-10.150363,-2.763735,-0.750790,5.331481,0.566640,-2.043001,15.202031,-39.019352,62.455391,15.994884,10.164765,3.082015,-1.615609,-16.912785,34.738686,66.034927,-14.116242,9.880189,-11.637735
1176.000000,2531.551270,2168.944336,78.149666,-0.883651,-1.536677,-170.789147,-7.234669,10.378551,8.085309,40.212803,-15.337752,-4.133167,-5.016504,0.114497,-12.660955,16.524292,-10.289096,-2.832994,-0.746951,5.389472,0.719754,-2.300119,15.157681,-39.013924,62.557373,16.130125,10.168116,3.052591,-2.188487,-16.979601,34.791771,66.118454,-13.437574,9.703836,-11.835893
1177.000000,2531.418213,2169.023438,78.175644,-0.650535,-1.542339,-171.012018,-8.298422,10.149147,7.959671,39.037270,-16.961903,-3.944694,-5.020117,-0.001604,-12.349517,16.692924,-10.457629,-2.870891,-0.685650,5.281368,0.936409,-2.500636,15.175209,-39.013191,62.665379,16.326685,10.170194,3.066205,-2.792494,-16.993555,34.925678,66.161446,-12.852652,9.503713,-11.996209
1178.000000,2531.262695,2169.061035,78.216537,-0.396619,-1.503000,-171.166591,-9.016268,9.916928,7.967911,37.518276,-17.598251,-3.899695,-5.010184,-0.146394,-12.149673,16.780838,-10.573281,-2.874779,-0.688900,5.141386,1.023704,-2.538475,15.211047,-39.014122,62.703915,16.571377,10.184268,3.116462,-3.192326,-16.970343,35.011703,66.215248,-12.579148,9.306388,-12.093783
1179.000000,2531.091309,2169.049072,78.261742,-0.217785,-1.467823,-171.179648,-9.876734,9.527382,7.923862,35.185768,-17.592537,-3.883814,-4.894786,-0.336446,-12.027001,16.726357,-10.660268,-2.846956,-0.791220,4.986509,1.060047,-2.514791,15.225250,-39.016819,62.735031,16.883133,10.221252,3.180934,-3.574391,-16.927420,35.029449,66.308136,-12.390758,9.028336,-12.226871
1180.000000,2530.897217,2168.990234,78.303535,-0.122513,-1.396820,-171.121138,-10.760903,9.019318,7.789999,32.425220,-16.779322,-3.867445,-4.652856,-0.494831,-12.024393,16.476135,-10.689700,-2.754838,-0.896482,4.889646,1.010561,-2.480275,15.225286,-39.016876,62.742435,17.207613,10.284093,3.211591,-3.779211,-16.901993,35.031464,66.378189,-12.302032,8.768096,-12.394188
1181.000000,2530.692383,2168.894043,78.336845,-0.090173,-1.275973,-171.089816,-11.512316,8.492268,7.687443,29.624695,-15.108808,-3.805855,-4.424185,-0.592318,-12.060493,16.141119,-10.675274,-2.608880,-0.852131,4.813286,0.866010,-2.475336,15.194680,-39.017170,62.739491,17.459154,10.346914,3.232275,-3.796798,-16.872807,35.078449,66.426086,-12.284046,8.630524,-12.537425
1182.000000,2530.489990,2168.761719,78.351799,-0.151928,-1.154338,-171.088719,-12.033652,7.972589,7.572589,26.737226,-12.566520,-3.677917,-4.217789,-0.611396,-12.092178,15.812364,-10.647598,-2.417967,-0.762115,4.770429,0.738136,-2.478526,15.146138,-39.042900,62.729130,17.568476,10.441851,3.272745,-3.850458,-16.810951,35.286503,66.549210,-12.177471,8.591088,-12.654836
1183.000000,2530.286133,2168.591064,78.336243,-0.357533,-1.044101,-171.109858,-12.375631,7.600711,7.504526,24.214012,-9.654377,-3.573593,-3.992218,-0.485467,-12.155613,15.483689,-10.624621,-2.231006,-0.716779,4.823647,0.665702,-2.497971,15.074937,-39.121456,62.723297,17.592867,10.582751,3.356412,-3.939993,-16.732180,35.519249,66.661362,-11.941401,8.581475,-12.770160
1184.000000,2530.074951,2168.374512,78.281631,-0.722349,-0.981303,-171.221495,-12.487675,7.386658,7.396115,22.435629,-6.380545,-3.521630,-3.760037,-0.196982,-12.170939,15.229979,-10.637692,-2.068718,-0.641595,4.999783,0.652813,-2.507359,14.965510,-39.245819,62.718536,17.609024,10.696953,3.439776,-4.021740,-16.664021,35.682068,66.746651,-11.715245,8.538438,-12.906531
1185.000000,2529.832764,2168.169434,78.245705,-0.931236,-0.972761,-171.367530,-12.206351,7.392159,7.593881,21.818460,-6.135313,-3.236927,-3.525054,-0.037407,-12.119781,15.114078,-10.727163,-1.937837,-0.545554,4.970308,0.688711,-2.497591,14.911328,-39.325745,62.725708,17.639452,10.764760,3.512222,-4.047125,-16.489899,35.757473,66.870529,-11.542803,8.453465,-13.059438
1186.000000,2529.571289,2167.980225,78.254257,-0.950650,-0.789534,-171.386010,-11.564115,7.236394,7.762788,20.783712,-6.781353,-3.029539,-3.384079,-0.117077,-12.106546,14.971613,-10.856211,-1.776935,-0.509765,4.585736,0.477450,-2.419553,14.963771,-39.376610,62.806046,17.789865,10.881804,3.617405,-3.937943,-16.120493,35.824188,67.093582,-11.292459,8.322147,-13.256384
1187.000000,2529.343506,2167.780273,78.272209,-0.934910,-0.625552,-171.330644,-11.036895,7.035680,7.983477,19.852423,-7.226829,-2.882866,-3.260431,-0.270910,-12.142844,14.780136,-10.943057,-1.608305,-0.497766,4.170230,0.306803,-2.366568,15.060728,-39.415951,62.858547,17.946728,10.999285,3.749741,-3.817931,-15.809936,35.889439,67.282104,-11.083481,8.202213,-13.428742
1188.000000,2529.152588,2167.565430,78.309181,-0.824768,-0.625618,-171.251100,-10.595219,6.699966,8.104902,19.311733,-7.344683,-2.670082,-2.985529,-0.568428,-12.182682,14.601442,-11.029181,-1.397746,-0.474574,3.719840,0.409251,-2.395989,15.183547,-39.419647,62.872700,18.128941,11.067633,3.904361,-3.755924,-15.583240,35.899139,67.470009,-11.028366,8.109227,-13.558026
1189.000000,2528.962158,2167.319580,78.353790,-0.703269,-0.678758,-171.239445,-10.100636,6.354502,8.260850,18.841425,-7.349732,-2.478540,-2.611819,-0.879624,-12.154321,14.357747,-11.062182,-1.163680,-0.396045,3.383741,0.565448,-2.408155,15.237541,-39.421303,62.897308,18.289734,11.099336,4.126917,-3.706453,-15.480444,35.901917,67.661674,-11.006674,8.062912,-13.638538
1190.000000,2528.760986,2167.058838,78.402367,-0.584065,-0.716865,-171.286579,-9.462082,5.977526,8.503180,18.162374,-7.320824,-2.285507,-2.173603,-1.206606,-12.059355,13.990881,-11.040492,-0.880999,-0.293713,3.117306,0.643218,-2.401043,15.218940,-39.447208,63.018135,18.406874,11.126161,4.417072,-3.641671,-15.418417,35.902611,67.896400,-10.988258,8.048899,-13.729360
1191.000000,2528.552490,2166.798096,78.449257,-0.479913,-0.737642,-171.291729,-8.950595,5.665426,8.659883,17.578918,-7.286625,-2.124215,-1.785695,-1.460838,-12.023741,13.607781,-10.986560,-0.642022,-0.268127,2.973574,0.640365,-2.403176,15.157714,-39.480255,63.194519,18.428873,11.139524,4.634587,-3.579983,-15.385594,35.903709,68.087868,-10.957273,8.044683,-13.816062
1192.000000,2528.334717,2166.548828,78.496490,-0.357328,-0.750456,-171.296973,-8.233932,5.227278,8.860672,16.713720,-7.189703,-1.902254,-1.253706,-1.808287,-11.988562,13.063355,-10.902911,-0.324102,-0.246065,2.792703,0.594702,-2.405276,15.081767,-39.519901,63.444046,18.444721,11.152567,4.872361,-3.495146,-15.306299,35.906242,68.370514,-10.919341,8.040589,-13.954123
1193.000000,2528.112305,2166.315918,78.537270,-0.230231,-0.737447,-171.294718,-7.785433,4.936704,8.976562,16.143219,-7.114065,-1.756162,-0.936199,-2.037076,-11.973527,12.733065,-10.862304,-0.130127,-0.225550,2.666979,0.538489,-2.404201,15.055340,-39.576862,63.578621,18.454451,11.158180,4.970482,-3.449023,-15.215383,35.909843,68.580795,-10.904675,8.038227,-14.040548
1194.000000,2527.888184,2166.106934,78.568665,-0.102260,-0.787000,-171.342689,-7.204910,4.599428,9.124785,15.492573,-7.054459,-1.590745,-0.540984,-2.309052,-11.934326,12.409915,-10.859180,0.086713,-0.130515,2.485072,0.518063,-2.412224,15.057034,-39.649242,63.696442,18.467699,11.162151,5.062777,-3.397459,-15.080674,35.930676,68.851418,-10.894819,8.029087,-14.097659
1195.000000,2527.648193,2165.915283,78.591904,0.029162,-0.872479,-171.487998,-6.488907,4.280093,9.377116,14.826339,-7.037433,-1.446938,-0.108654,-2.583375,-11.790283,12.172692,-10.915485,0.306078,0.097497,2.245636,0.524599,-2.368793,15.057744,-39.661945,63.846725,18.481197,11.158386,5.090394,-3.292847,-14.936021,35.991890,69.101433,-10.899525,7.990492,-14.107418
1196.000000,2527.402588,2165.743164,78.605690,0.138712,-0.948558,-171.627476,-5.858240,4.028390,9.621275,14.327815,-7.090850,-1.339095,0.271933,-2.810257,-11.632257,12.019150,-11.014542,0.503819,0.318120,2.004260,0.500685,-2.220819,15.061417,-39.664486,63.987988,18.494883,11.152760,5.097571,-3.155638,-14.799197,36.035217,69.297333,-10.903501,7.917072,-14.102271
1197.000000,2527.161133,2165.580566,78.614357,0.235081,-1.023695,-171.893521,-5.253640,3.841710,9.943861,13.925598,-7.204827,-1.251245,0.602055,-2.992259,-11.380075,11.916615,-11.122504,0.686442,0.669905,1.780362,0.484991,-2.079205,15.033319,-39.662266,64.168831,18.517693,11.146255,5.099926,-2.982085,-14.717498,36.125114,69.431557,-10.908829,7.822379,-14.059841
1198.000000,2526.928223,2165.425781,78.616951,0.297453,-1.065617,-172.108946,-4.788298,3.704573,10.218488,13.692704,-7.382030,-1.173728,0.891669,-3.130084,-11.156789,11.796683,-11.212706,0.854233,1.061206,1.606278,0.462059,-1.966624,14.994776,-39.561619,64.317917,18.601820,11.143189,5.112126,-2.785131,-14.703980,36.254345,69.491425,-10.926368,7.743202,-13.960016
1199.000000,2526.702393,2165.276367,78.614197,0.348100,-1.036552,-172.178776,-4.579299,3.594850,10.305624,13.606678,-7.518036,-1.114258,1.056961,-3.233660,-11.090267,11.717576,-11.286886,0.974712,1.239834,1.499588,0.416404,-1.860571,14.984213,-39.470737,64.349258,18.631874,11.138927,5.094806,-2.665745,-14.702683,36.298080,69.509155,-10.997749,7.717664,-13.858245
1200.000000,2526.490723,2165.137207,78.609558,0.412431,-1.014761,-172.176937,-4.319701,3.389940,10.328616,13.463086,-7.687961,-1.018951,1.278409,-3.416461,-11.083530,11.635652,-11.428721,1.150901,1.365620,1.337577,0.354618,-1.704370,14.998905,-39.269833,64.357010,18.638712,11.132895,5.067154,-2.543362,-14.701088,36.308582,69.511147,-11.205885,7.703065,-13.697562
1201.000000,2526.269531,2164.995361,78.603645,0.535884,-1.083996,-172.215311,-3.890436,3.135535,10.397446,13.161534,-7.785614,-0.924398,1.509613,-3.653116,-11.032439,11.708899,-11.653892,1.319333,1.535809,1.140932,0.387144,-1.603850,15.027788,-38.931118,64.359787,18.636341,11.120264,5.059949,-2.467510,-14.702449,36.309719,69.512672,-11.448802,7.695716,-13.532652
1202.000000,2526.032227,2164.853271,78.593590,0.711673,-1.178014,-172.277766,-3.313237,2.796794,10.495559,12.691095,-7.814631,-0.822412,1.704218,-3.981395,-10.950175,12.003045,-12.011726,1.506970,1.709201,0.877783,0.389271,-1.456159,15.068912,-38.456020,64.391327,18.646500,11.089405,5.059863,-2.372938,-14.702576,36.306602,69.515594,-11.638698,7.688370,-13.318601
1203.000000,2525.784424,2164.705078,78.579025,0.881675,-1.275593,-172.350377,-2.712405,2.454355,10.626586,12.222390,-7.859248,-0.721034,1.879759,-4.322464,-10.830793,12.358199,-12.402279,1.704486,1.889695,0.606602,0.334984,-1.234937,15.095587,-38.142387,64.496704,18.659758,10.997640,5.056694,-2.274416,-14.705501,36.306206,69.518906,-11.686440,7.680436,-13.080584
1204.000000,2525.554199,2164.549561,78.547806,1.027638,-1.292899,-172.340012,-2.398126,2.155147,10.670366,12.103959,-8.045876,-0.595123,1.914161,-4.656148,-10.788315,12.833532,-12.841846,1.906249,1.952166,0.368431,0.217873,-0.956053,15.101513,-37.971878,64.549133,18.676304,10.947589,5.052893,-2.203414,-14.719755,36.309284,69.518326,-11.720769,7.665545,-12.869540
1205.000000,2525.344482,2164.379883,78.500191,1.181501,-1.300517,-172.298001,-2.219398,1.821678,10.679804,12.223443,-8.359468,-0.446994,1.791675,-5.075916,-10.775001,13.637009,-13.454309,2.125676,1.972736,0.101083,0.158127,-0.700500,15.091227,-37.864300,64.557739,18.703682,10.929713,5.037188,-2.182437,-14.762480,36.313839,69.514229,-11.750660,7.645401,-12.675054
1206.000000,2525.156494,2164.208740,78.444794,1.349992,-1.281523,-172.245227,-2.137679,1.483618,10.680861,12.411510,-8.678344,-0.301343,1.543251,-5.522967,-10.770566,14.586232,-14.111103,2.334810,2.006075,-0.180406,0.137527,-0.568297,15.126044,-37.740128,64.575409,18.826975,10.929878,5.029133,-2.180264,-14.819051,36.317215,69.509476,-11.765695,7.636834,-12.481136
1207.000000,2524.983887,2164.032471,78.382957,1.544224,-1.268523,-172.211480,-2.070685,1.108507,10.704885,12.615700,-8.995522,-0.132819,1.219972,-6.023015,-10.733554,15.663836,-14.813612,2.565651,2.082990,-0.493201,0.164074,-0.499998,15.187616,-37.584843,64.601089,18.887156,10.930224,5.023388,-2.180616,-14.884137,36.337788,69.498459,-11.809450,7.636930,-12.258925
1208.000000,2524.816162,2163.844727,78.310585,1.790084,-1.346295,-172.160126,-1.948824,0.776571,10.724169,12.747091,-9.221501,0.005230,0.999221,-6.457990,-10.702283,16.569328,-15.391371,2.762671,2.136756,-0.765327,0.261370,-0.472055,15.227015,-37.477345,64.624695,18.892012,10.929359,5.020918,-2.180399,-14.929961,36.373920,69.455574,-11.833826,7.649992,-12.067583
1209.000000,2524.639893,2163.647461,78.228668,2.099242,-1.457252,-172.074187,-1.709740,0.273899,10.736090,12.847306,-9.483095,0.200647,0.743466,-7.099272,-10.681861,17.820494,-16.194641,3.043840,2.148129,-1.179050,0.393177,-0.423252,15.314383,-37.370571,64.688187,18.890759,10.928460,5.019446,-2.149760,-14.960870,36.412407,69.338966,-11.827801,7.675904,-11.792583
1210.000000,2524.448242,2163.436035,78.138428,2.444397,-1.543026,-171.979375,-1.411266,-0.359610,10.750273,12.852230,-9.739416,0.437052,0.436810,-7.884225,-10.658148,19.241507,-17.114931,3.377658,2.154110,-1.704010,0.436740,-0.318932,15.418756,-37.207909,64.787285,18.913767,10.926049,5.017432,-2.035099,-14.964008,36.425217,69.169006,-11.817490,7.697348,-11.465429
1211.000000,2524.262695,2163.218262,78.045677,2.773248,-1.594236,-171.959884,-1.154948,-0.960026,10.818771,12.864745,-10.004447,0.648748,0.072353,-8.640539,-10.583038,20.633308,-17.968527,3.684965,2.203739,-2.227819,0.403743,-0.162424,15.524821,-36.964371,64.824059,18.928291,10.921238,5.018209,-1.906422,-14.944838,36.431576,69.014893,-11.810806,7.703236,-11.137775
1212.000000,2524.096436,2162.986816,77.951134,3.083320,-1.627092,-172.094807,-0.937455,-1.498615,11.033010,12.949072,-10.319929,0.872210,-0.449080,-9.375270,-10.426599,22.167976,-18.737389,3.989368,2.370342,-2.707566,0.363067,-0.066192,15.645044,-36.644966,64.830017,18.927597,10.907941,5.024833,-1.833929,-14.925270,36.438202,68.890526,-11.812634,7.706457,-10.822164
1213.000000,2523.948975,2162.725586,77.855461,3.405678,-1.654838,-172.387059,-0.697115,-2.037250,11.411337,13.004286,-10.630347,1.146424,-1.242244,-10.157015,-10.129935,24.087160,-19.412582,4.336583,2.639569,-3.172793,0.351787,-0.007350,15.737062,-36.332085,64.833549,18.929003,10.867148,5.023788,-1.841555,-14.914762,36.443428,68.772598,-11.930339,7.705689,-10.490102
1214.000000,2523.816162,2162.438477,77.782967,3.627702,-1.749671,-172.654192,-0.360591,-2.488550,11.732606,12.926555,-10.862679,1.395136,-2.161435,-10.884077,-9.950457,26.315817,-19.753052,4.632565,2.809276,-3.496231,0.394219,0.078152,15.807881,-35.987484,64.844078,18.932192,10.795142,5.025072,-1.889612,-14.911112,36.443230,68.680641,-12.063136,7.702844,-10.230839
1215.000000,2523.688232,2162.120117,77.741829,3.682406,-1.905813,-172.788196,0.049465,-2.847320,11.926231,12.867970,-11.116805,1.651692,-3.358086,-11.607162,-9.891869,29.294758,-19.621199,4.897136,2.855333,-3.657029,0.474504,0.173570,15.813357,-35.660507,64.940216,18.925446,10.604692,5.071118,-1.913761,-14.925026,36.439476,68.607948,-12.140056,7.697917,-10.031323
1216.000000,2523.553223,2161.789062,77.721504,3.666244,-2.089112,-172.807770,0.487514,-3.126671,11.975599,12.753131,-11.299284,1.883401,-4.534064,-12.256596,-9.925997,32.280598,-19.032200,5.119194,2.811352,-3.731803,0.539748,0.248617,15.786634,-35.571049,65.163155,18.917059,10.362813,5.159144,-1.887212,-14.938275,36.435722,68.587425,-12.245179,7.695830,-9.855376
1217.000000,2523.407471,2161.453125,77.707794,3.623257,-2.231557,-172.726828,0.884518,-3.402765,11.933625,12.587127,-11.434938,2.114019,-5.756577,-12.913228,-9.998600,35.245716,-18.119696,5.337523,2.708859,-3.838160,0.525151,0.334754,15.739219,-35.563713,65.490181,18.888987,10.140198,5.270937,-1.783643,-14.939868,36.431271,68.512466,-12.429599,7.699478,-9.682620
1218.000000,2523.269043,2161.139404,77.698051,3.573079,-2.365534,-172.627737,1.185011,-3.599123,11.880692,12.431789,-11.510101,2.284623,-6.678617,-13.389760,-10.013745,37.423397,-17.235788,5.510227,2.643072,-3.946202,0.528645,0.365457,15.719051,-35.560181,65.732689,18.763140,10.022420,5.402044,-1.659495,-14.938762,36.428757,68.379860,-12.576973,7.703574,-9.562507
1219.000000,2523.131104,2160.830811,77.689163,3.507073,-2.524930,-172.547180,1.586321,-3.822659,11.848011,12.228756,-11.599043,2.489064,-7.780671,-13.979787,-10.042865,40.004337,-15.943618,5.713717,2.641615,-4.111527,0.584177,0.367908,15.718670,-35.547970,65.991287,18.506647,9.900644,5.598374,-1.493659,-14.913015,36.413589,68.223045,-12.734735,7.707584,-9.434422
1220.000000,2522.997803,2160.547119,77.682953,3.426723,-2.707492,-172.497071,2.068508,-4.020036,11.818704,12.027493,-11.707134,2.693367,-8.893904,-14.609899,-10.138060,42.669899,-14.302434,5.892832,2.653645,-4.297985,0.723259,0.364266,15.721173,-35.526150,66.324829,18.276733,9.720710,5.810269,-1.368986,-14.788751,36.293438,68.186562,-12.903225,7.712139,-9.341642
1221.000000,2522.860840,2160.281982,77.677711,3.320640,-2.865390,-172.399521,2.420456,-4.144526,11.762733,11.915352,-11.816132,2.844024,-9.726300,-15.084977,-10.235037,44.627693,-12.860609,5.989206,2.611453,-4.473578,0.832857,0.367708,15.726853,-35.510830,66.685913,18.244081,9.576106,5.950770,-1.264739,-14.597848,36.039650,68.186485,-13.106014,7.716187,-9.296430
1222.000000,2522.713867,2160.028564,77.676277,3.169231,-2.976589,-172.211017,2.752641,-4.247734,11.551596,11.905706,-12.016522,3.044117,-10.724202,-15.726996,-10.603782,46.978271,-10.818599,6.153913,2.412671,-4.655301,0.919042,0.441396,15.751086,-35.500629,67.071526,18.227848,9.469414,6.073123,-1.072909,-14.325480,35.609554,68.190109,-13.520458,7.719790,-9.271695
1223.000000,2522.543701,2159.790039,77.684387,2.959563,-2.838877,-172.203553,2.786041,-4.199670,11.503908,11.942726,-12.244364,3.170103,-11.663854,-16.052042,-10.963116,48.519245,-10.053870,5.458503,2.307211,-4.713800,0.712464,0.697733,15.836049,-35.566631,67.132751,18.152611,9.452283,6.125520,-0.806953,-14.101558,35.217606,68.191338,-13.751160,7.724044,-9.266601
1224.000000,2522.391113,2159.573242,77.685371,2.793669,-2.522548,-172.611248,2.670963,-4.093196,11.866571,11.941274,-12.468624,3.244421,-12.705783,-16.201735,-11.543159,48.506779,-10.629423,4.586691,2.302344,-4.765939,0.447702,0.981457,15.980132,-35.799847,67.134094,17.934059,9.448338,6.136197,-0.760926,-14.052526,34.675556,68.129089,-13.754075,7.720635,-9.413251
1225.000000,2522.301758,2159.394531,77.669197,2.630496,-2.329081,-173.226832,2.546874,-3.945883,12.333631,12.141613,-12.766022,3.289555,-13.738912,-16.284025,-12.229359,48.115845,-11.694530,3.990096,2.262948,-4.769146,0.465081,1.114091,16.096657,-36.046268,67.131302,17.668295,9.449964,6.128060,-0.964027,-14.134566,34.321976,68.033623,-13.750618,7.711940,-9.463184
1226.000000,2522.225586,2159.240967,77.662079,2.370524,-2.254780,-173.870355,2.438247,-3.648552,12.852312,12.594085,-13.203535,3.306989,-14.820137,-16.177845,-13.090126,47.330021,-12.937282,3.492161,2.181795,-4.626185,0.750480,1.108344,16.160341,-36.222244,67.078316,17.344879,9.454745,6.091482,-1.247002,-14.299998,34.104500,67.931175,-13.752399,7.709022,-9.472491
1227.000000,2522.117920,2159.113525,77.668739,2.117162,-2.131674,-174.539861,2.350707,-3.189748,13.582515,13.072446,-13.711662,3.294888,-16.178726,-15.867717,-14.262103,45.596523,-14.183962,2.961524,2.057642,-4.325781,1.099337,1.051895,16.188580,-36.303257,66.932907,16.907223,9.466924,5.964665,-1.489118,-14.518578,33.683296,67.797173,-13.750607,7.709596,-9.487601
1228.000000,2521.965820,2159.023193,77.672462,1.967103,-1.874929,-175.286712,2.321933,-2.886093,14.323757,13.125505,-13.974277,3.253012,-17.408373,-15.580766,-15.269223,43.445671,-14.613124,2.574951,1.971185,-4.156164,1.164269,0.963091,16.239471,-36.338345,66.807228,16.574284,9.471803,5.747844,-1.541354,-14.712208,33.324707,67.573418,-13.753750,7.745290,-9.575274
1229.000000,2521.766602,2158.977295,77.676949,1.889680,-1.555557,-176.076327,2.390060,-2.677571,15.078920,12.887025,-14.092903,3.164450,-18.447725,-15.310779,-16.236990,40.844879,-14.345522,2.248248,1.935193,-4.080926,1.088654,0.848805,16.345516,-36.372406,66.714485,16.270521,9.468869,5.473584,-1.490608,-14.829484,33.086018,67.293404,-13.906660,7.799132,-9.608631
1230.000000,2521.532715,2158.972412,77.683273,1.797381,-1.251328,-176.960394,2.570220,-2.398846,16.023046,12.517028,-14.212922,2.984973,-19.423122,-14.834292,-17.233454,37.471294,-13.321712,1.869098,1.946202,-3.975503,0.955926,0.742194,16.547020,-36.431442,66.544304,16.067053,9.467171,5.168452,-1.446649,-14.863871,32.924686,67.085541,-14.041237,7.815917,-9.728004
1231.000000,2521.262451,2158.997803,77.688263,1.660464,-1.085178,-177.962651,2.937216,-2.024700,17.050346,12.214439,-14.409093,2.736590,-19.982388,-14.208743,-18.106985,34.140991,-11.517843,1.449306,1.986231,-3.756446,0.950462,0.695866,16.836149,-36.550014,66.177864,15.888211,9.467291,4.917992,-1.458493,-14.872113,32.919189,66.913490,-14.056207,7.817015,-9.905202
1232.000000,2520.945557,2159.050293,77.679268,1.531667,-0.975307,-178.977594,3.386791,-1.622918,18.119795,12.013853,-14.701083,2.439192,-20.219931,-13.609842,-19.075245,31.013565,-9.411462,1.016169,1.941519,-3.476982,0.926385,0.693417,17.170877,-36.637459,65.732620,15.629807,9.467111,4.676651,-1.460045,-14.903933,32.921906,66.740433,-14.062279,7.818841,-10.187243
1233.000000,2520.590088,2159.131836,77.651627,1.424716,-0.859143,-179.954161,3.713065,-1.317825,18.910742,11.954721,-14.990345,2.197412,-20.223665,-13.170917,-19.791548,28.830906,-7.932902,0.661546,1.839044,-3.239853,0.854516,0.678730,17.416344,-36.653362,65.433838,15.413539,9.465654,4.510747,-1.465448,-14.917359,32.924618,66.645752,-14.068808,7.811119,-10.373315
1234.000000,2520.195312,2159.248535,77.600517,1.369377,-0.769916,179.155642,4.113582,-0.960046,19.862324,11.981123,-15.429926,1.878101,-20.021004,-12.646092,-20.556803,26.382832,-6.494716,0.198577,1.610329,-2.941890,0.725204,0.594348,17.721216,-36.656662,65.159782,15.095212,9.457625,4.317859,-1.486520,-14.915295,32.927906,66.567802,-14.073098,7.755444,-10.599998
1235.000000,2519.751709,2159.406738,77.523109,1.368944,-0.687703,178.320761,4.571631,-0.619090,20.820057,12.109655,-15.992165,1.494842,-19.537182,-12.076609,-21.020803,24.099684,-5.614398,-0.280708,1.240015,-2.651269,0.558643,0.419409,18.078005,-36.655586,64.962044,14.573372,9.448625,4.097028,-1.494901,-14.902741,32.927582,66.539780,-14.060570,7.631647,-10.884761
1236.000000,2519.274658,2159.593750,77.442657,1.305248,-0.613727,177.574717,4.965993,-0.246750,21.647432,12.389081,-16.633509,1.089819,-18.942579,-11.463327,-21.165052,22.547718,-4.941837,-1.254952,0.844161,-2.331258,0.364022,0.222792,18.428011,-36.631886,64.728188,14.014137,9.443676,3.915535,-1.483092,-14.923103,32.915771,66.533669,-14.050139,7.529119,-11.174831
1237.000000,2518.785889,2159.782715,77.411133,0.995953,-0.588432,176.953635,5.370217,0.436354,22.276724,12.799675,-17.312790,0.643765,-18.414118,-10.664658,-21.157917,21.842228,-3.755610,-1.934362,0.310999,-1.667704,0.294859,-0.002710,18.634773,-36.527885,64.462662,13.657823,9.432034,3.813227,-1.470799,-15.035357,32.871201,66.486542,-14.049338,7.398940,-11.408772
1238.000000,2518.284912,2159.995117,77.407066,0.593521,-0.541907,176.428504,5.780968,1.253214,22.795462,13.137118,-17.899097,0.145633,-17.902803,-9.739465,-21.135878,21.343204,-3.234106,-2.270575,-0.237363,-0.906649,0.269306,-0.212147,18.807602,-36.430050,64.057045,13.431396,9.398906,3.787502,-1.435665,-15.277461,32.829567,66.298584,-14.051557,7.339355,-11.623623
1239.000000,2517.779297,2160.254150,77.399887,0.164675,-0.449639,176.158859,5.987657,2.092931,23.030167,13.632768,-18.471224,-0.351629,-17.395010,-8.935004,-21.335201,20.901567,-2.925723,-2.547361,-0.781519,-0.260128,0.253887,-0.489824,19.018606,-36.396000,63.538002,13.304514,9.334869,3.723209,-1.300141,-15.493332,32.828308,66.055328,-14.041029,7.277130,-11.768785
1240.000000,2517.279541,2160.561768,77.365562,-0.175989,-0.355138,175.991686,6.141707,2.982669,23.179955,14.300199,-19.136139,-0.921063,-16.859972,-8.205612,-21.674841,20.520315,-2.365678,-2.823828,-1.157598,0.244310,0.265974,-0.975644,19.268433,-36.236500,62.896935,13.268865,9.224589,3.609487,-1.025115,-15.639091,32.833996,65.793480,-14.022828,7.232887,-11.823156
1241.000000,2516.787354,2160.889893,77.332115,-0.636941,-0.237804,175.640332,6.203797,3.645988,23.369909,14.802612,-19.602077,-1.300455,-16.635023,-7.621542,-21.756067,20.451256,-2.526780,-2.977573,-1.216427,0.575987,0.279841,-1.303094,19.371700,-36.049004,62.478859,13.263599,9.155428,3.571254,-0.919331,-15.715459,32.836094,65.708260,-14.011013,7.224566,-11.826982
1242.000000,2516.313477,2161.224854,77.304161,-1.178423,-0.081303,175.282331,6.203662,4.951230,23.760036,15.831299,-20.450317,-1.953589,-16.263721,-6.426576,-21.844761,20.229572,-3.049896,-3.241132,-1.293425,1.209821,0.284639,-1.771184,19.485682,-35.647877,61.699924,13.266057,9.032511,3.542224,-0.903954,-15.895623,32.836380,65.652740,-13.995320,7.218240,-11.826337
1243.000000,2515.855225,2161.573486,77.274948,-1.635072,0.067532,175.073820,6.066920,6.121365,23.988899,16.927883,-21.145271,-2.525136,-15.946457,-5.449290,-22.013899,20.078430,-3.558722,-3.475858,-1.464268,1.687279,0.296753,-2.195263,19.502888,-35.204758,61.009159,13.268670,8.921938,3.534127,-0.933114,-16.031061,32.834728,65.597061,-13.983763,7.213875,-11.830267
1244.000000,2515.395996,2161.945068,77.252739,-1.917885,0.163455,175.071879,5.873148,7.038244,23.930618,18.075438,-21.577457,-3.031422,-15.666790,-4.843196,-22.263937,20.208448,-4.164855,-3.662885,-1.810519,1.943915,0.352075,-2.552799,19.524502,-34.969833,60.293007,13.270016,8.829418,3.530317,-0.941019,-16.088030,32.843990,65.518616,-13.973933,7.210392,-11.834059
1245.000000,2514.941162,2162.329346,77.247116,-2.022722,0.191703,175.076734,5.551147,7.888346,23.780617,19.690159,-21.758179,-3.569077,-15.368203,-4.447121,-22.479532,20.575729,-4.938272,-3.849642,-2.151278,2.001146,0.456552,-2.919579,19.543392,-34.835972,59.517365,13.263272,8.683907,3.528822,-0.874941,-16.072035,32.957027,65.488785,-13.933726,7.206617,-11.837409
1246.000000,2514.483154,2162.711426,77.264389,-2.081687,0.078332,174.850156,5.070052,8.830631,23.816528,22.104473,-21.704130,-4.090366,-14.890081,-3.976901,-22.431921,20.707081,-5.554744,-4.029051,-2.153226,2.032720,0.617645,-3.208923,19.530823,-34.826721,58.820152,13.248528,8.530772,3.533006,-0.728952,-16.076649,33.322975,65.477730,-13.751171,7.207991,-11.839523
1247.000000,2513.974365,2163.103271,77.310966,-2.045205,-0.111307,174.393501,4.520208,9.744983,23.829807,24.986063,-21.212162,-4.565691,-14.266425,-3.474967,-22.128038,20.654266,-6.076438,-4.164143,-1.984825,2.042623,0.699206,-3.273611,19.480185,-34.828835,58.184883,13.245835,8.415332,3.539705,-0.492723,-16.072195,33.699436,65.474854,-13.619748,7.209553,-11.834583
1248.000000,2513.443604,2163.478516,77.387337,-2.002073,-0.329981,173.976116,3.731532,10.628850,23.325296,28.318132,-20.221327,-4.979056,-13.431341,-2.955817,-21.813656,20.290991,-6.465408,-4.253022,-1.933244,2.134443,0.688450,-3.194664,19.328484,-34.830387,57.698326,13.248784,8.373988,3.544948,-0.186620,-16.075369,33.844090,65.474442,-13.603422,7.207960,-11.820778
