Frame,root_translateX,root_translateY,root_translateZ,root_rotateX,root_rotateY,root_rotateZ,left_hip_pitch_joint_dof,left_hip_roll_joint_dof,left_hip_yaw_joint_dof,left_knee_joint_dof,left_ankle_pitch_joint_dof,left_ankle_roll_joint_dof,right_hip_pitch_joint_dof,right_hip_roll_joint_dof,right_hip_yaw_joint_dof,right_knee_joint_dof,right_ankle_pitch_joint_dof,right_ankle_roll_joint_dof,waist_yaw_joint_dof,waist_roll_joint_dof,waist_pitch_joint_dof,left_shoulder_pitch_joint_dof,left_shoulder_roll_joint_dof,left_shoulder_yaw_joint_dof,left_elbow_joint_dof,left_wrist_roll_joint_dof,left_wrist_pitch_joint_dof,left_wrist_yaw_joint_dof,right_shoulder_pitch_joint_dof,right_shoulder_roll_joint_dof,right_shoulder_yaw_joint_dof,right_elbow_joint_dof,right_wrist_roll_joint_dof,right_wrist_pitch_joint_dof,right_wrist_yaw_joint_dof
0.000000,-1336.821045,-673.887634,78.671738,-0.611155,-1.124204,-32.722018,0.858126,3.261262,5.998056,11.527581,-11.006766,-1.612668,0.967433,-4.881323,-18.035070,9.928868,-8.454200,2.188164,1.282517,0.170624,0.202387,0.596390,16.466532,-35.681480,62.041111,16.256847,10.983942,3.032525,1.520460,-14.355594,36.354359,66.280869,-17.264709,11.339618,-9.134933
1.000000,-1336.821045,-673.887451,78.671776,-0.611623,-1.124267,-32.711245,0.854204,3.257438,5.985955,11.530526,-11.006119,-1.610654,0.970188,-4.880631,-18.044191,9.929193,-8.456085,2.186137,1.282090,0.170104,0.202645,0.597141,16.466604,-35.678272,62.040607,16.258724,10.983126,3.032693,1.520482,-14.354756,36.353477,66.281235,-17.265818,11.340060,-9.134819
2.000000,-1336.821411,-673.887634,78.671799,-0.611410,-1.124228,-32.698816,0.849544,3.252587,5.971830,11.533205,-11.005130,-1.608344,0.973459,-4.880683,-18.054716,9.929515,-8.458717,2.184478,1.282230,0.169609,0.202931,0.598276,16.466648,-35.674934,62.039936,16.260231,10.982139,3.033187,1.520308,-14.353903,36.352676,66.281960,-17.266870,11.340598,-9.134609
3.000000,-1336.822021,-673.888000,78.671799,-0.610704,-1.124294,-32.686219,0.845161,3.247458,5.958216,11.535531,-11.004114,-1.605905,0.976734,-4.881060,-18.064646,9.929900,-8.461839,2.183175,1.282340,0.169270,0.203317,0.599537,16.466591,-35.671818,62.039124,16.261412,10.981278,3.033828,1.520085,-14.353110,36.351799,66.282928,-17.267857,11.340873,-9.134587
4.000000,-1336.822266,-673.888123,78.671799,-0.609502,-1.124085,-32.687515,0.845000,3.244550,5.959111,11.534575,-11.004342,-1.603226,0.976535,-4.880403,-18.064808,9.930831,-8.463475,2.182748,1.283412,0.169473,0.203381,0.601223,16.466007,-35.669193,62.038422,16.260677,10.981514,3.034397,1.520014,-14.352576,36.349564,66.284378,-17.268196,11.340254,-9.134502
5.000000,-1336.821533,-673.887329,78.671776,-0.608253,-1.123961,-32.705324,0.850936,3.244622,5.980388,11.530337,-11.006283,-1.600088,0.971424,-4.877786,-18.049873,9.931835,-8.462432,2.182138,1.284047,0.170301,0.203280,0.602907,16.464861,-35.667240,62.038128,16.258537,10.983139,3.034414,1.520296,-14.352404,36.345722,66.285667,-17.268074,11.338441,-9.134604
6.000000,-1336.820801,-673.886230,78.671745,-0.608521,-1.123961,-32.718332,0.854681,3.244473,5.994130,11.529480,-11.008071,-1.597634,0.967848,-4.874474,-18.039026,9.931749,-8.461168,2.180009,1.281773,0.170886,0.203473,0.603495,16.464113,-35.665272,62.038044,16.258589,10.984371,3.033743,1.520851,-14.352108,36.342640,66.285789,-17.268721,11.336808,-9.135256
7.000000,-1336.820312,-673.885681,78.671753,-0.609746,-1.124013,-32.716246,0.853550,3.242970,5.990954,11.531429,-11.008485,-1.596349,0.968401,-4.872793,-18.041389,9.931575,-8.461415,2.178064,1.280258,0.170677,0.203822,0.603535,16.464033,-35.663258,62.037834,16.259945,10.984389,3.033318,1.521232,-14.351594,36.341427,66.285606,-17.269749,11.336441,-9.135595
8.000000,-1336.820190,-673.885559,78.671776,-0.610587,-1.123948,-32.707217,0.850003,3.239785,5.980095,11.534422,-11.008283,-1.594607,0.970770,-4.871591,-18.049822,9.931793,-8.462841,2.175807,1.279886,0.169951,0.204305,0.603945,16.464190,-35.660095,62.037388,16.261808,10.983685,3.033223,1.521391,-14.350736,36.340515,66.285667,-17.271090,11.336792,-9.135523
9.000000,-1336.820435,-673.885742,78.671806,-0.610718,-1.123710,-32.695404,0.845522,3.235618,5.966885,11.537160,-11.007554,-1.592655,0.973728,-4.871244,-18.059959,9.932051,-8.465064,2.173997,1.280336,0.169229,0.204714,0.604818,16.464361,-35.656796,62.036808,16.263288,10.982668,3.033510,1.521275,-14.349865,36.339809,66.286057,-17.272322,11.337464,-9.135209
10.000000,-1336.820557,-673.885864,78.671829,-0.610038,-1.123300,-32.691622,0.843285,3.232210,5.961473,11.537677,-11.007264,-1.590403,0.974970,-4.870851,-18.064749,9.932446,-8.466792,2.173004,1.281583,0.168983,0.204862,0.606195,16.464165,-35.653893,62.036270,16.263334,10.982190,3.033972,1.521123,-14.349197,36.338394,66.286949,-17.273127,11.337689,-9.134785
11.000000,-1336.819824,-673.885254,78.671829,-0.608905,-1.123092,-32.704314,0.846494,3.231599,5.973495,11.534907,-11.008537,-1.588045,0.972326,-4.869457,-18.057209,9.932932,-8.466314,2.172741,1.282779,0.169446,0.204729,0.607611,16.463398,-35.652149,62.036140,16.261663,10.983013,3.034110,1.521231,-14.348994,36.335777,66.287956,-17.273235,11.336829,-9.134475
12.000000,-1336.818481,-673.883850,78.671799,-0.608197,-1.123105,-32.729497,0.855449,3.233016,6.003919,11.529585,-11.011455,-1.584699,0.965263,-4.865679,-18.034748,9.933727,-8.463812,2.171558,1.283537,0.170570,0.204510,0.609188,16.462067,-35.650295,62.036358,16.259199,10.984868,3.033747,1.521651,-14.349016,36.331593,66.288788,-17.273615,11.334956,-9.134274
13.000000,-1336.817261,-673.882446,78.671776,-0.609338,-1.123070,-32.744042,0.860060,3.233979,6.020505,11.529012,-11.014076,-1.582375,0.961146,-4.861309,-18.021587,9.933126,-8.461357,2.168986,1.280981,0.171312,0.204462,0.609598,16.461344,-35.648327,62.036720,16.259378,10.985973,3.032628,1.522300,-14.348792,36.328522,66.288353,-17.274719,11.333619,-9.134556
14.000000,-1336.816528,-673.881653,78.671783,-0.610851,-1.122999,-32.743427,0.858802,3.232771,6.017387,11.531358,-11.014861,-1.581103,0.961690,-4.859360,-18.024130,9.932652,-8.461023,2.166909,1.279537,0.171153,0.204582,0.609569,16.461288,-35.646214,62.036747,16.260870,10.985783,3.031958,1.522727,-14.348304,36.327385,66.287910,-17.276077,11.333585,-9.134554
15.000000,-1336.816040,-673.881165,78.671822,-0.612067,-1.122759,-32.734374,0.854793,3.229522,6.006022,11.534732,-11.014784,-1.579216,0.964132,-4.858274,-18.033175,9.932650,-8.462088,2.164807,1.279392,0.170536,0.204730,0.610085,16.461395,-35.642841,62.036591,16.262938,10.984738,3.031763,1.522832,-14.347479,36.326637,66.287910,-17.277630,11.334352,-9.134047
16.000000,-1336.816162,-673.881104,78.671860,-0.612288,-1.122306,-32.721926,0.849837,3.225116,5.992447,11.537695,-11.014144,-1.576983,0.967037,-4.858250,-18.043690,9.932703,-8.464100,2.163332,1.279958,0.169962,0.204813,0.611091,16.461452,-35.639488,62.036274,16.264511,10.983510,3.032020,1.522649,-14.346673,36.326065,66.288414,-17.278908,11.335219,-9.133416
17.000000,-1336.816528,-673.881409,78.671883,-0.611768,-1.121925,-32.708877,0.844713,3.219960,5.978164,11.540365,-11.013171,-1.574521,0.970219,-4.858727,-18.054455,9.932753,-8.466939,2.162211,1.280419,0.169610,0.204948,0.612379,16.461390,-35.636223,62.035763,16.265797,10.982338,3.032504,1.522361,-14.345915,36.325394,66.289299,-17.280033,11.335856,-9.132950
18.000000,-1336.817139,-673.882019,78.671875,-0.610841,-1.121746,-32.695938,0.840082,3.214857,5.964616,11.542706,-11.012085,-1.572143,0.973342,-4.859247,-18.064482,9.933030,-8.470276,2.161263,1.280600,0.169449,0.205171,0.613689,16.461237,-35.633221,62.035069,16.266901,10.981366,3.033048,1.522087,-14.345221,36.324635,66.290367,-17.281015,11.336154,-9.132768
19.000000,-1336.817505,-673.882446,78.671852,-0.609493,-1.121481,-32.694902,0.839163,3.212408,5.962768,11.542460,-11.011971,-1.570259,0.973733,-4.858977,-18.066452,9.933693,-8.471976,2.160969,1.281352,0.169624,0.205154,0.614919,16.460823,-35.631268,62.034554,16.266592,10.981322,3.033417,1.521981,-14.344831,36.323288,66.291496,-17.281391,11.335826,-9.132624
20.000000,-1336.817139,-673.881958,78.671829,-0.608006,-1.121151,-32.712445,0.843724,3.212046,5.980293,11.538675,-11.013523,-1.567259,0.969318,-4.856811,-18.054668,9.934810,-8.471707,2.160721,1.282123,0.170478,0.204819,0.616709,16.459660,-35.629284,62.034222,16.264605,10.982731,3.033470,1.522174,-14.344645,36.319740,66.293076,-17.281101,11.334153,-9.132596
21.000000,-1336.816528,-673.880981,78.671799,-0.608062,-1.121004,-32.727490,0.849286,3.212677,6.000901,11.535954,-11.015549,-1.564542,0.963747,-4.853227,-18.038799,9.935355,-8.470187,2.158973,1.280587,0.171336,0.204684,0.617694,16.458601,-35.627518,62.034267,16.263817,10.984344,3.032839,1.522626,-14.344503,36.316265,66.293640,-17.281305,11.332189,-9.133047
22.000000,-1336.816162,-673.880554,78.671799,-0.609294,-1.121058,-32.725986,0.848308,3.211126,5.998513,11.538214,-11.016177,-1.563006,0.963899,-4.850733,-18.040518,9.935095,-8.470353,2.156355,1.278159,0.171237,0.204977,0.617718,16.458372,-35.625107,62.034103,16.265564,10.984596,3.032099,1.523164,-14.343908,36.314571,66.293480,-17.282398,11.331472,-9.133547
23.000000,-1336.816284,-673.880554,78.671822,-0.610209,-1.121039,-32.716646,0.844746,3.208204,5.987570,11.541207,-11.015913,-1.561569,0.966242,-4.849436,-18.049183,9.935347,-8.471791,2.154036,1.277675,0.170580,0.205258,0.618103,16.458498,-35.622097,62.033695,16.267452,10.983980,3.031892,1.523352,-14.343087,36.313755,66.293617,-17.283525,11.331790,-9.133447
24.000000,-1336.816650,-673.880737,78.671852,-0.610366,-1.120873,-32.704969,0.840261,3.204306,5.974306,11.543984,-11.015131,-1.559925,0.969201,-4.849043,-18.059515,9.935619,-8.473981,2.152146,1.278075,0.169947,0.205442,0.618943,16.458649,-35.618980,62.033142,16.268944,10.983044,3.032085,1.523276,-14.342259,36.313179,66.294075,-17.284611,11.332472,-9.133097
25.000000,-1336.817139,-673.881226,78.671867,-0.609871,-1.120751,-32.692569,0.835598,3.199587,5.960506,11.546477,-11.014026,-1.557911,0.972467,-4.849217,-18.069942,9.935778,-8.476851,2.150562,1.278487,0.169562,0.205636,0.620126,16.458677,-35.615894,62.032471,16.270138,10.982057,3.032564,1.523075,-14.341465,36.312500,66.294861,-17.285673,11.333061,-9.132852
26.000000,-1336.817383,-673.881409,78.671875,-0.608753,-1.120486,-32.692452,0.835241,3.196822,5.961192,11.545581,-11.014152,-1.555431,0.972397,-4.848577,-18.070505,9.936450,-8.478357,2.149952,1.279773,0.169816,0.205499,0.621831,16.458101,-35.613323,62.031940,16.269381,10.982179,3.033054,1.522991,-14.340953,36.310444,66.296265,-17.286036,11.332710,-9.132562
27.000000,-1336.816772,-673.880737,78.671852,-0.607422,-1.120353,-32.708825,0.839142,3.196662,5.975476,11.542581,-11.015409,-1.553232,0.969112,-4.846952,-18.060972,9.937078,-8.477811,2.149632,1.280399,0.170482,0.205289,0.623145,16.457233,-35.611885,62.031796,16.267801,10.983255,3.033090,1.523171,-14.340845,36.307747,66.297302,-17.285860,11.331553,-9.132499
28.000000,-1336.816040,-673.879700,78.671822,-0.607498,-1.120365,-32.722677,0.844692,3.197053,5.995164,11.539960,-11.017402,-1.550615,0.964292,-4.843752,-18.046213,9.937413,-8.476295,2.148014,1.279118,0.171397,0.205189,0.624139,16.456226,-35.610176,62.031822,16.266890,10.984739,3.032538,1.523657,-14.340741,36.304348,66.297798,-17.286165,11.329812,-9.132866
29.000000,-1336.815674,-673.879150,78.671822,-0.608686,-1.120459,-32.721173,0.843723,3.195399,5.992799,11.542254,-11.018059,-1.549011,0.964630,-4.841486,-18.048035,9.937079,-8.476403,2.145469,1.276869,0.171404,0.205450,0.624211,16.456026,-35.607841,62.031616,16.268471,10.984900,3.031833,1.524201,-14.340184,36.302689,66.297569,-17.287514,11.329225,-9.133327
30.000000,-1336.815552,-673.879028,78.671844,-0.609547,-1.120483,-32.712712,0.840173,3.192366,5.981949,11.545311,-11.017815,-1.547341,0.967047,-4.840313,-18.056601,9.937309,-8.477827,2.143216,1.276497,0.170771,0.205774,0.624611,16.456133,-35.604782,62.031216,16.270378,10.984211,3.031646,1.524386,-14.339353,36.301910,66.297707,-17.288908,11.329589,-9.133243
31.000000,-1336.815796,-673.879150,78.671875,-0.609701,-1.120357,-32.701178,0.835717,3.188251,5.968671,11.548019,-11.016949,-1.545408,0.970030,-4.840056,-18.066799,9.937654,-8.480114,2.141497,1.276874,0.170081,0.206063,0.625496,16.456247,-35.601578,62.030701,16.271990,10.983206,3.031907,1.524257,-14.338497,36.301342,66.298241,-17.289982,11.330222,-9.132963
32.000000,-1336.816284,-673.879578,78.671890,-0.609259,-1.120229,-32.689287,0.832310,3.184781,5.958612,11.549811,-11.016139,-1.543836,0.972363,-4.840180,-18.074383,9.937824,-8.482181,2.140432,1.277170,0.169699,0.206272,0.626343,16.456276,-35.599274,62.030231,16.272949,10.982459,3.032242,1.524086,-14.337893,36.300873,66.298820,-17.290680,11.330620,-9.132797
33.000000,-1336.816650,-673.879822,78.671898,-0.608186,-1.119974,-32.687459,0.830352,3.181255,5.953780,11.550096,-11.015759,-1.541479,0.973560,-4.839930,-18.078653,9.938359,-8.484262,2.139623,1.278160,0.169636,0.206318,0.627838,16.455944,-35.596565,62.029636,16.272913,10.982146,3.032732,1.523922,-14.337274,36.299408,66.300034,-17.291201,11.330556,-9.132555
34.000000,-1336.816162,-673.879211,78.671883,-0.606867,-1.119758,-32.702423,0.834798,3.180827,5.970713,11.546420,-11.017271,-1.538636,0.969586,-4.838007,-18.067440,9.939184,-8.483747,2.139388,1.279125,0.170402,0.206005,0.629578,16.454887,-35.594669,62.029427,16.270903,10.983405,3.032836,1.524093,-14.337094,36.296059,66.301460,-17.290842,11.329144,-9.132427
35.000000,-1336.814819,-673.877563,78.671852,-0.606277,-1.119811,-32.732229,0.844309,3.182991,6.003405,11.540894,-11.020247,-1.535546,0.961661,-4.833654,-18.042627,9.940203,-8.480925,2.137924,1.279488,0.171630,0.205697,0.631017,16.453564,-35.593102,62.029602,16.268570,10.985442,3.032334,1.524549,-14.337164,36.291927,66.302284,-17.290943,11.327042,-9.132460
36.000000,-1336.813477,-673.875977,78.671822,-0.607822,-1.119888,-32.747522,0.849168,3.184522,6.020854,11.540352,-11.022969,-1.533435,0.957270,-4.828879,-18.028584,9.939628,-8.478101,2.135096,1.276481,0.172307,0.205602,0.631312,16.452873,-35.591309,62.030014,16.268948,10.986699,3.031084,1.525208,-14.336911,36.288963,66.301811,-17.291779,11.325568,-9.132933
37.000000,-1336.812744,-673.875000,78.671852,-0.609656,-1.119896,-32.745513,0.847238,3.182961,6.015692,11.543510,-11.023841,-1.531969,0.958228,-4.826473,-18.032820,9.939143,-8.477611,2.132362,1.274775,0.171897,0.205728,0.631202,16.452868,-35.588562,62.030079,16.271080,10.986403,3.030234,1.525747,-14.336223,36.287762,66.301315,-17.293257,11.325629,-9.132923
38.000000,-1336.812378,-673.874512,78.671906,-0.610862,-1.119739,-32.736000,0.844196,3.180615,6.006881,11.546009,-11.023806,-1.530727,0.960174,-4.825733,-18.039974,9.939122,-8.478243,2.130780,1.274883,0.171345,0.205810,0.631540,16.453009,-35.586143,62.029964,16.272543,10.985637,3.030065,1.525840,-14.335605,36.287342,66.301308,-17.294333,11.326280,-9.132502
39.000000,-1336.812500,-673.874451,78.671944,-0.611095,-1.119389,-32.723750,0.839208,3.176414,5.993179,11.549129,-11.023190,-1.528728,0.963201,-4.825670,-18.050795,9.939061,-8.479956,2.129191,1.275590,0.170727,0.205818,0.632465,16.453150,-35.582901,62.029663,16.274078,10.984396,3.030230,1.525704,-14.334801,36.286903,66.301704,-17.295610,11.327306,-9.131806
40.000000,-1336.812988,-673.874634,78.671974,-0.610598,-1.119126,-32.710933,0.834071,3.171432,5.978942,11.551898,-11.022150,-1.526422,0.966471,-4.826184,-18.061680,9.938976,-8.482530,2.127996,1.276230,0.170379,0.205860,0.633701,16.453135,-35.579750,62.029205,16.275297,10.983180,3.030654,1.525438,-14.334056,36.286400,66.302490,-17.296772,11.328116,-9.131269
41.000000,-1336.813721,-673.875244,78.671967,-0.609703,-1.119089,-32.698427,0.829471,3.166418,5.965450,11.554276,-11.020969,-1.524129,0.969709,-4.826782,-18.071791,9.939154,-8.485703,2.127051,1.276562,0.170246,0.206017,0.635001,16.452984,-35.576832,62.028584,16.276377,10.982158,3.031174,1.525161,-14.333377,36.285778,66.303535,-17.297777,11.328550,-9.131027
42.000000,-1336.814209,-673.875549,78.671959,-0.608298,-1.118917,-32.698829,0.829305,3.163723,5.966653,11.553279,-11.021091,-1.521520,0.969411,-4.826234,-18.071920,9.940072,-8.487461,2.126872,1.277625,0.170594,0.205894,0.636682,16.452314,-35.574448,62.027985,16.275620,10.982378,3.031590,1.525063,-14.332930,36.283741,66.305107,-17.298019,11.327910,-9.130875
43.000000,-1336.813843,-673.874939,78.671928,-0.606774,-1.118758,-32.717469,0.835203,3.164018,5.988260,11.548930,-11.022841,-1.518486,0.964051,-4.823756,-18.056887,9.941249,-8.486577,2.126441,1.278222,0.171482,0.205580,0.638306,16.451082,-35.572731,62.027798,16.273550,10.984043,3.031458,1.525330,-14.332832,36.280132,66.306541,-17.297703,11.326024,-9.130944
44.000000,-1336.813354,-673.874023,78.671898,-0.606956,-1.118791,-32.730602,0.838923,3.164168,6.002243,11.547912,-11.024407,-1.516247,0.960225,-4.820514,-18.046003,9.941355,-8.485404,2.124426,1.275847,0.172093,0.205601,0.638823,16.450275,-35.571014,62.027847,16.273670,10.985348,3.030652,1.525858,-14.332608,36.277298,66.306793,-17.298018,11.324305,-9.131580
45.000000,-1336.813110,-673.873596,78.671898,-0.608182,-1.118961,-32.728192,0.837101,3.162371,5.996901,11.550530,-11.024656,-1.514894,0.961161,-4.818405,-18.050259,9.941318,-8.485900,2.121888,1.273992,0.171775,0.205899,0.638836,16.450190,-35.568523,62.027630,16.275562,10.985334,3.030010,1.526322,-14.331951,36.276024,66.306709,-17.299021,11.323913,-9.131927
46.000000,-1336.813354,-673.873535,78.671928,-0.609021,-1.119053,-32.719290,0.834376,3.160221,5.988479,11.552739,-11.024354,-1.513881,0.963005,-4.817553,-18.056984,9.941560,-8.486985,2.120221,1.273801,0.171272,0.206097,0.639146,16.450308,-35.566353,62.027336,16.276926,10.984822,3.029883,1.526420,-14.331348,36.275539,66.306862,-17.299776,11.324225,-9.131814
47.000000,-1336.813721,-673.873779,78.671959,-0.609156,-1.119039,-32.707683,0.830002,3.156446,5.975292,11.555512,-11.023501,-1.512321,0.966024,-4.817172,-18.067312,9.941854,-8.489105,2.118328,1.274203,0.170657,0.206295,0.639963,16.450468,-35.563343,62.026821,16.278421,10.983869,3.030048,1.526329,-14.330539,36.275059,66.307327,-17.300762,11.324935,-9.131474
48.000000,-1336.814453,-673.874268,78.671982,-0.608672,-1.119042,-32.695226,0.825471,3.151995,5.961744,11.557975,-11.022317,-1.510515,0.969280,-4.817316,-18.077673,9.942010,-8.491833,2.116749,1.274686,0.170277,0.206488,0.641072,16.450512,-35.560383,62.026207,16.279600,10.982862,3.030451,1.526129,-14.329779,36.274521,66.308067,-17.301727,11.325592,-9.131193
49.000000,-1336.814819,-673.874451,78.671989,-0.607488,-1.118868,-32.696150,0.825157,3.149384,5.962433,11.557082,-11.022364,-1.508159,0.969258,-4.816726,-18.078279,9.942670,-8.493278,2.116165,1.275968,0.170523,0.206360,0.642709,16.449959,-35.557972,62.025715,16.278847,10.982976,3.030889,1.526037,-14.329297,36.272598,66.309456,-17.301956,11.325258,-9.130917
50.000000,-1336.814331,-673.873718,78.671967,-0.606125,-1.118892,-32.713282,0.831153,3.149561,5.983724,11.552724,-11.024113,-1.505271,0.964410,-4.814408,-18.063751,9.943579,-8.492260,2.115646,1.276735,0.171467,0.206113,0.644371,16.448769,-35.556252,62.025608,16.276663,10.984531,3.030826,1.526300,-14.329224,36.269001,66.310783,-17.301634,11.323605,-9.130874
51.000000,-1336.813599,-673.872681,78.671936,-0.606262,-1.119029,-32.726083,0.834776,3.149762,5.996635,11.551382,-11.025460,-1.503491,0.961259,-4.812048,-18.053953,9.943661,-8.491185,2.114249,1.275264,0.172119,0.206100,0.644925,16.448095,-35.555038,62.025646,16.276342,10.985559,3.030289,1.526692,-14.329135,36.266659,66.311005,-17.301847,11.322339,-9.131257
52.000000,-1336.813232,-673.872131,78.671936,-0.607449,-1.119209,-32.724126,0.833763,3.148186,5.994051,11.553693,-11.026004,-1.502005,0.961693,-4.809866,-18.056051,9.943354,-8.491294,2.111697,1.273034,0.172117,0.206386,0.644937,16.447912,-35.552807,62.025455,16.277931,10.985714,3.029543,1.527230,-14.328597,36.265121,66.310799,-17.303066,11.321760,-9.131735
53.000000,-1336.813354,-673.872009,78.671967,-0.608340,-1.119304,-32.715056,0.830265,3.145362,5.983340,11.556715,-11.025689,-1.500507,0.964115,-4.808735,-18.064613,9.943586,-8.492637,2.109479,1.272706,0.171495,0.206733,0.645279,16.448040,-35.549904,62.025082,16.279800,10.985026,3.029317,1.527400,-14.327804,36.264469,66.310951,-17.304308,11.322130,-9.131666
54.000000,-1336.813721,-673.872192,78.671997,-0.608493,-1.119234,-32.703347,0.825851,3.141541,5.970258,11.559458,-11.024808,-1.498781,0.967063,-4.808458,-18.074827,9.943938,-8.494789,2.107749,1.273237,0.170777,0.207065,0.646050,16.448177,-35.546825,62.024605,16.281384,10.984015,3.029496,1.527279,-14.326977,36.264069,66.311447,-17.305325,11.322800,-9.131368
55.000000,-1336.814453,-673.872681,78.672020,-0.608010,-1.119150,-32.690806,0.821296,3.137082,5.956881,11.561840,-11.023611,-1.496861,0.970185,-4.808635,-18.085037,9.944159,-8.497527,2.106330,1.273760,0.170260,0.207391,0.647127,16.448231,-35.543835,62.024010,16.282629,10.982988,3.029891,1.527033,-14.326197,36.263557,66.312202,-17.306173,11.323382,-9.131124
56.000000,-1336.814697,-673.872925,78.672028,-0.606778,-1.118877,-32.691681,0.821048,3.134538,5.958086,11.560858,-11.023704,-1.494455,0.969968,-4.808026,-18.085238,9.944807,-8.498898,2.105870,1.275029,0.170433,0.207317,0.648734,16.447693,-35.541447,62.023525,16.281853,10.983117,3.030292,1.526920,-14.325718,36.261631,66.313599,-17.306253,11.322969,-9.130872
57.000000,-1336.814087,-673.872070,78.672005,-0.605350,-1.118744,-32.710355,0.826857,3.134752,5.979348,11.556578,-11.025469,-1.491604,0.965000,-4.805738,-18.070662,9.945659,-8.497851,2.105428,1.275775,0.171344,0.207051,0.650345,16.446543,-35.539791,62.023422,16.279676,10.984636,3.030193,1.527168,-14.325660,36.258110,66.314896,-17.305836,11.321310,-9.130835
58.000000,-1336.813354,-673.871033,78.671974,-0.605622,-1.118761,-32.722088,0.830501,3.134736,5.993047,11.555630,-11.027104,-1.489444,0.961533,-4.802767,-18.060213,9.945538,-8.496635,2.103476,1.273579,0.172101,0.207082,0.650873,16.445797,-35.538177,62.023464,16.279612,10.985779,3.029407,1.527701,-14.325501,36.255306,66.315041,-17.306234,11.319786,-9.131385
59.000000,-1336.813110,-673.870544,78.671974,-0.606864,-1.118862,-32.719408,0.828679,3.132905,5.987942,11.558263,-11.027469,-1.488027,0.962572,-4.800852,-18.064339,9.945331,-8.497054,2.101018,1.271848,0.171940,0.207403,0.650903,16.445742,-35.535809,62.023235,16.281326,10.985643,3.028762,1.528137,-14.324905,36.254074,66.314880,-17.307455,11.319509,-9.131711
60.000000,-1336.813110,-673.870422,78.671997,-0.607711,-1.118862,-32.710037,0.824872,3.129825,5.976482,11.561226,-11.027061,-1.486435,0.965137,-4.799944,-18.073439,9.945617,-8.498603,2.098941,1.271842,0.171273,0.207764,0.651360,16.445896,-35.532848,62.022861,16.283129,10.984796,3.028641,1.528193,-14.324096,36.253540,66.315102,-17.308628,11.320019,-9.131545
61.000000,-1336.813477,-673.870667,78.672028,-0.607805,-1.118729,-32.698410,0.821596,3.126918,5.966813,11.563182,-11.026414,-1.485100,0.967321,-4.799786,-18.080963,9.945855,-8.500249,2.097713,1.272262,0.170752,0.208026,0.651976,16.445997,-35.530579,62.022514,16.284248,10.984015,3.028790,1.528067,-14.323488,36.253227,66.315491,-17.309347,11.320520,-9.131313
62.000000,-1336.813599,-673.870728,78.672058,-0.607006,-1.118358,-32.696565,0.819528,3.123774,5.961961,11.563552,-11.026054,-1.482953,0.968430,-4.799413,-18.085493,9.946323,-8.501878,2.096805,1.273526,0.170495,0.208098,0.653314,16.445772,-35.527878,62.022083,16.284313,10.983582,3.029120,1.527884,-14.322862,36.251984,66.316498,-17.309811,11.320693,-9.130895
63.000000,-1336.812988,-673.870056,78.672050,-0.605743,-1.118058,-32.711887,0.823856,3.123424,5.978957,11.559909,-11.027567,-1.480132,0.964482,-4.797591,-18.074448,9.946917,-8.501006,2.096573,1.274646,0.171181,0.207737,0.655014,16.444767,-35.526035,62.022026,16.282280,10.984750,3.029120,1.528018,-14.322701,36.248772,66.317825,-17.309330,11.319472,-9.130591
64.000000,-1336.811890,-673.868774,78.672020,-0.605636,-1.117989,-32.727316,0.829355,3.123826,5.999087,11.557292,-11.029604,-1.477563,0.959621,-4.794695,-18.059523,9.947083,-8.499282,2.095222,1.273520,0.172152,0.207516,0.655978,16.443768,-35.524517,62.022240,16.281309,10.986135,3.028498,1.528459,-14.322683,36.245556,66.318314,-17.309425,11.317867,-9.130791
65.000000,-1336.811401,-673.868042,78.672012,-0.606839,-1.118034,-32.726376,0.828271,3.122146,5.996664,11.559668,-11.030316,-1.476042,0.960054,-4.792688,-18.061596,9.946617,-8.499314,2.092943,1.271334,0.172325,0.207668,0.656029,16.443563,-35.522358,62.022144,16.282831,10.986178,3.027723,1.528973,-14.322228,36.244057,66.318092,-17.310635,11.317393,-9.131133
66.000000,-1336.811279,-673.867798,78.672035,-0.607779,-1.118023,-32.717458,0.824649,3.119239,5.985958,11.562772,-11.030075,-1.474423,0.962489,-4.791712,-18.070110,9.946736,-8.500654,2.090908,1.270898,0.171903,0.207885,0.656450,16.443676,-35.519569,62.021801,16.284685,10.985393,3.027492,1.529080,-14.321498,36.243450,66.318283,-17.311813,11.317840,-9.131015
67.000000,-1336.811523,-673.867981,78.672058,-0.607920,-1.117906,-32.705603,0.820229,3.115258,5.972851,11.565510,-11.029273,-1.472474,0.965488,-4.791594,-18.080265,9.947044,-8.502873,2.089360,1.271341,0.171305,0.208147,0.657289,16.443758,-35.516529,62.021351,16.286299,10.984345,3.027678,1.528918,-14.320701,36.243076,66.318893,-17.312815,11.318488,-9.130725
68.000000,-1336.812134,-673.868469,78.672066,-0.607426,-1.117790,-32.693370,0.815858,3.110860,5.959903,11.567801,-11.028209,-1.470426,0.968498,-4.791882,-18.090071,9.947312,-8.505596,2.088179,1.271751,0.170811,0.208450,0.658336,16.443762,-35.513691,62.020813,16.287573,10.983371,3.028056,1.528648,-14.319955,36.242641,66.319756,-17.313519,11.318953,-9.130537
69.000000,-1336.812378,-673.868713,78.672073,-0.606254,-1.117481,-32.693320,0.815550,3.108366,5.960861,11.566839,-11.028318,-1.468029,0.968273,-4.791344,-18.090425,9.948007,-8.506980,2.087878,1.272949,0.170921,0.208354,0.659889,16.443228,-35.511402,62.020363,16.286882,10.983519,3.028413,1.528512,-14.319490,36.240833,66.321182,-17.313444,11.318494,-9.130287
70.000000,-1336.811768,-673.867981,78.672050,-0.604863,-1.117208,-32.710231,0.819449,3.108371,5.975677,11.563751,-11.029567,-1.465892,0.964746,-4.789804,-18.080521,9.948642,-8.506345,2.087739,1.273550,0.171547,0.208084,0.661129,16.442377,-35.510166,62.020267,16.285275,10.984639,3.028351,1.528668,-14.319429,36.238262,66.322258,-17.312967,11.317264,-9.130229
71.000000,-1336.811035,-673.866943,78.672020,-0.604893,-1.117115,-32.724091,0.824900,3.108956,5.995876,11.561093,-11.031541,-1.463431,0.959655,-4.786729,-18.065418,9.948945,-8.504720,2.086283,1.272184,0.172502,0.207878,0.662025,16.441395,-35.508736,62.020355,16.284334,10.986156,3.027671,1.529132,-14.319402,36.235043,66.322769,-17.312960,11.315475,-9.130604
72.000000,-1336.810669,-673.866394,78.672012,-0.606135,-1.117187,-32.722785,0.823864,3.107467,5.993550,11.563427,-11.032194,-1.462012,0.960000,-4.784584,-18.067333,9.948528,-8.504756,2.083845,1.269910,0.172605,0.208061,0.662006,16.441214,-35.506645,62.020199,16.285898,10.986310,3.026861,1.529664,-14.318916,36.233574,66.322571,-17.314068,11.314909,-9.131067
73.000000,-1336.810669,-673.866211,78.672035,-0.607094,-1.117205,-32.713690,0.820384,3.104774,5.983067,11.566465,-11.031994,-1.460587,0.962388,-4.783480,-18.075758,9.948659,-8.506036,2.081732,1.269568,0.172089,0.208305,0.662316,16.441336,-35.503895,62.019863,16.287731,10.985621,3.026583,1.529830,-14.318171,36.233009,66.322716,-17.315231,11.315310,-9.130985
74.000000,-1336.810913,-673.866455,78.672066,-0.607275,-1.117075,-32.701745,0.816003,3.101078,5.970141,11.569205,-11.031198,-1.458922,0.965326,-4.783230,-18.085899,9.948948,-8.508147,2.080091,1.270105,0.171433,0.208560,0.663057,16.441469,-35.500950,62.019421,16.289289,10.984611,3.026717,1.529701,-14.317381,36.232700,66.323227,-17.316175,11.316008,-9.130677
75.000000,-1336.811523,-673.867004,78.672081,-0.606777,-1.116980,-32.689398,0.811519,3.096676,5.956834,11.571584,-11.030082,-1.457008,0.968493,-4.783484,-18.096031,9.949134,-8.510893,2.078785,1.270531,0.170957,0.208828,0.664119,16.441523,-35.498127,62.018837,16.290510,10.983618,3.027095,1.529439,-14.316629,36.232273,66.324043,-17.316896,11.316548,-9.130486
76.000000,-1336.812012,-673.867432,78.672081,-0.605677,-1.116776,-32.685780,0.809701,3.093441,5.952385,11.571766,-11.029610,-1.454882,0.969654,-4.783289,-18.100098,9.949664,-8.512963,2.078065,1.271543,0.170935,0.208856,0.665535,16.441189,-35.495693,62.018299,16.290411,10.983327,3.027501,1.529249,-14.316077,36.231007,66.325279,-17.317207,11.316486,-9.130262
77.000000,-1336.811646,-673.866943,78.672066,-0.604225,-1.116645,-32.701026,0.815115,3.093503,5.971989,11.567411,-11.031240,-1.452153,0.965149,-4.781324,-18.087013,9.950637,-8.512196,2.077819,1.272800,0.171757,0.208542,0.667183,16.440063,-35.494091,62.018177,16.288103,10.984754,3.027451,1.529444,-14.316012,36.227745,66.326660,-17.316931,11.314981,-9.130098
78.000000,-1336.810425,-673.865479,78.672028,-0.603661,-1.116749,-32.730286,0.822311,3.095401,5.996753,11.563163,-11.033394,-1.450052,0.959228,-4.778111,-18.068352,9.951390,-8.510070,2.076782,1.273221,0.172705,0.208287,0.668178,16.439074,-35.493114,62.018360,16.286278,10.986292,3.026989,1.529781,-14.316119,36.224838,66.327255,-17.316973,11.313448,-9.130095
79.000000,-1336.808960,-673.863770,78.671997,-0.605082,-1.116876,-32.750388,0.829942,3.098468,6.023516,11.560620,-11.036655,-1.447927,0.952732,-4.772605,-18.047148,9.951252,-8.506504,2.074280,1.270967,0.173720,0.208032,0.668754,16.438162,-35.491756,62.018871,16.285667,10.988017,3.025733,1.530366,-14.316054,36.221519,66.327049,-17.317383,11.311637,-9.130503
80.000000,-1336.808228,-673.862671,78.672012,-0.607144,-1.116907,-32.749465,0.829024,3.097636,6.021777,11.563538,-11.037889,-1.446625,0.952883,-4.769789,-18.048618,9.950483,-8.505407,2.071484,1.268360,0.173546,0.208053,0.668433,16.438055,-35.489498,62.019077,16.287786,10.988085,3.024576,1.531019,-14.315501,36.220169,66.326408,-17.318575,11.311330,-9.130770
81.000000,-1336.807861,-673.862122,78.672066,-0.608504,-1.116750,-32.739558,0.825112,3.094956,6.010576,11.566966,-11.037929,-1.445272,0.955388,-4.768713,-18.057896,9.950336,-8.505988,2.069403,1.268289,0.172876,0.208108,0.668682,16.438253,-35.486553,62.018982,16.289804,10.987154,3.024185,1.531191,-14.314741,36.219780,66.326332,-17.319788,11.312132,-9.130316
82.000000,-1336.807983,-673.862000,78.672119,-0.608805,-1.116377,-32.726621,0.819985,3.090952,5.996689,11.570174,-11.037283,-1.443480,0.958485,-4.768756,-18.069017,9.950199,-8.507618,2.067925,1.269064,0.172285,0.208059,0.669520,16.438419,-35.483517,62.018707,16.291327,10.985909,3.024289,1.531034,-14.313985,36.219574,66.326759,-17.320854,11.313190,-9.129647
83.000000,-1336.808472,-673.862244,78.672142,-0.608298,-1.116126,-32.713316,0.814907,3.086283,5.982735,11.572924,-11.036230,-1.441411,0.961727,-4.769366,-18.079821,9.950066,-8.510043,2.066862,1.269770,0.171968,0.208066,0.670651,16.438429,-35.480648,62.018299,16.292484,10.984708,3.024653,1.530746,-14.313308,36.219292,66.327553,-17.321796,11.314033,-9.129136
84.000000,-1336.809204,-673.862915,78.672134,-0.607367,-1.116130,-32.700432,0.810316,3.081516,5.969289,11.575336,-11.035009,-1.439336,0.965004,-4.770077,-18.089993,9.950191,-8.513113,2.066019,1.270136,0.171861,0.208201,0.671855,16.438307,-35.477993,62.017731,16.293543,10.983671,3.025116,1.530442,-14.312693,36.218906,66.328575,-17.322607,11.314525,-9.128915
85.000000,-1336.810303,-673.863770,78.672119,-0.606347,-1.116284,-32.688777,0.806123,3.076977,5.956410,11.577513,-11.033698,-1.437376,0.968123,-4.770583,-18.099623,9.950686,-8.516613,2.065152,1.270174,0.171809,0.208473,0.673017,16.438131,-35.475471,62.016987,16.294594,10.982835,3.025569,1.530165,-14.312080,36.218422,66.329742,-17.323309,11.314673,-9.128993
86.000000,-1336.811035,-673.864380,78.672096,-0.604901,-1.116175,-32.689824,0.806147,3.074751,5.958038,11.576345,-11.033613,-1.435092,0.967635,-4.769930,-18.099382,9.951798,-8.518493,2.064896,1.271065,0.172074,0.208441,0.674498,16.437487,-35.473408,62.016338,16.293894,10.983209,3.025889,1.530076,-14.311657,36.216579,66.331329,-17.323236,11.313860,-9.129078
87.000000,-1336.810913,-673.864014,78.672073,-0.603341,-1.116076,-32.707766,0.812459,3.075440,5.980474,11.571418,-11.035053,-1.432357,0.962032,-4.767383,-18.083586,9.953130,-8.517609,2.064349,1.271655,0.172848,0.208222,0.675966,16.436279,-35.471970,62.016174,16.291845,10.985007,3.025699,1.530323,-14.311586,36.213169,66.332771,-17.322536,11.311870,-9.129291
88.000000,-1336.810547,-673.863098,78.672050,-0.603392,-1.116108,-32.722552,0.816298,3.076162,5.994342,11.569696,-11.036234,-1.430833,0.958330,-4.764707,-18.072786,9.953384,-8.516459,2.062873,1.269954,0.173367,0.208220,0.676396,16.435612,-35.470955,62.016270,16.291626,10.986217,3.025071,1.530670,-14.311494,36.210964,66.333015,-17.322348,11.310407,-9.129823
89.000000,-1336.810303,-673.862671,78.672058,-0.604652,-1.116273,-32.721247,0.815444,3.075042,5.992159,11.571734,-11.036590,-1.429821,0.958496,-4.762347,-18.074512,9.953132,-8.516487,2.060269,1.267508,0.173242,0.208513,0.676216,16.435463,-35.469013,62.016132,16.293283,10.986545,3.024234,1.531202,-14.310992,36.209599,66.332809,-17.322950,11.309682,-9.130420
90.000000,-1336.810547,-673.862671,78.672089,-0.605677,-1.116395,-32.712578,0.811965,3.072664,5.981424,11.574715,-11.036215,-1.428926,0.960949,-4.761059,-18.083271,9.953269,-8.517674,2.057913,1.267052,0.172673,0.208773,0.676448,16.435684,-35.466450,62.015736,16.295038,10.985948,3.023921,1.531382,-14.310262,36.209080,66.332870,-17.323788,11.310070,-9.130389
91.000000,-1336.810913,-673.862854,78.672119,-0.605926,-1.116429,-32.701035,0.807637,3.069056,5.968364,11.577447,-11.035291,-1.427591,0.964123,-4.760779,-18.093601,9.953439,-8.519728,2.056028,1.267496,0.172184,0.208964,0.677242,16.435873,-35.463661,62.015224,16.296429,10.984958,3.024092,1.531266,-14.309509,36.208752,66.333344,-17.324665,11.310833,-9.130131
92.000000,-1336.810913,-673.862793,78.672150,-0.605191,-1.116195,-32.700228,0.807249,3.066819,5.969162,11.576666,-11.035425,-1.425479,0.964119,-4.760156,-18.094368,9.953912,-8.520564,2.055308,1.269059,0.172341,0.208765,0.678735,16.435442,-35.461353,62.014885,16.295702,10.984941,3.024409,1.531171,-14.309047,36.207081,66.334503,-17.324863,11.310793,-9.129701
93.000000,-1336.810181,-673.861877,78.672150,-0.603957,-1.116167,-32.715857,0.811090,3.066761,5.983335,11.573718,-11.036642,-1.423405,0.961080,-4.758825,-18.085154,9.954329,-8.519686,2.055073,1.269862,0.172984,0.208529,0.679957,16.434639,-35.460125,62.014912,16.294094,10.985900,3.024373,1.531308,-14.308993,36.204666,66.335449,-17.324539,11.309855,-9.129524
94.000000,-1336.809326,-673.860657,78.672119,-0.603923,-1.116314,-32.729501,0.816717,3.067125,6.003105,11.571082,-11.038580,-1.420907,0.956629,-4.756234,-18.070765,9.954543,-8.517978,2.053818,1.268871,0.173948,0.208396,0.680849,16.433643,-35.458714,62.015144,16.293123,10.987260,3.023772,1.531755,-14.309007,36.201614,66.335922,-17.324608,11.308324,-9.129751
95.000000,-1336.808838,-673.859863,78.672112,-0.605139,-1.116452,-32.728481,0.815691,3.065508,6.000670,11.573385,-11.039193,-1.419437,0.957124,-4.754419,-18.072922,9.954174,-8.517943,2.051644,1.266811,0.174067,0.208603,0.680840,16.433458,-35.456692,62.015068,16.294634,10.987295,3.023002,1.532241,-14.308577,36.200272,66.335701,-17.325750,11.307880,-9.130114
96.000000,-1336.808716,-673.859497,78.672134,-0.606101,-1.116513,-32.720128,0.812092,3.062715,5.990005,11.576487,-11.038885,-1.417874,0.959566,-4.753537,-18.081451,9.954327,-8.519169,2.049711,1.266420,0.173584,0.208872,0.681201,16.433596,-35.454033,62.014748,16.296484,10.986512,3.022750,1.532317,-14.307864,36.199810,66.335876,-17.326838,11.308329,-9.130030
97.000000,-1336.808960,-673.859619,78.672165,-0.606329,-1.116488,-32.709116,0.808892,3.059932,5.980444,11.578567,-11.038305,-1.416505,0.961786,-4.753452,-18.088915,9.954550,-8.520658,2.048604,1.266736,0.173111,0.209094,0.681745,16.433683,-35.451889,62.014446,16.297703,10.985749,3.022837,1.532193,-14.307289,36.199627,66.336273,-17.327530,11.308813,-9.129843
98.000000,-1336.809448,-673.859985,78.672180,-0.605913,-1.116447,-32.697087,0.804541,3.055706,5.967470,11.580958,-11.037247,-1.414557,0.964842,-4.753760,-18.098822,9.954798,-8.523179,2.047467,1.267211,0.172569,0.209418,0.682693,16.433723,-35.449131,62.013969,16.299055,10.984739,3.023151,1.531915,-14.306556,36.199352,66.337082,-17.328201,11.309341,-9.129648
99.000000,-1336.809937,-673.860291,78.672180,-0.604811,-1.116242,-32.694722,0.802649,3.052509,5.962768,11.581238,-11.036816,-1.412404,0.966026,-4.753696,-18.103064,9.955319,-8.525131,2.046944,1.268167,0.172462,0.209501,0.684016,16.433418,-35.446812,62.013470,16.299074,10.984439,3.023514,1.531688,-14.306018,36.198231,66.338326,-17.328342,11.309245,-9.129454
100.000000,-1336.809448,-673.859619,78.672165,-0.603372,-1.116021,-32.709992,0.807204,3.052321,5.980312,11.577414,-11.038255,-1.409703,0.961910,-4.752000,-18.091503,9.956149,-8.524512,2.046969,1.269099,0.173232,0.209176,0.685626,16.432373,-35.445278,62.013332,16.297022,10.985760,3.023489,1.531809,-14.305936,36.195133,66.339790,-17.327581,11.307770,-9.129361
101.000000,-1336.808960,-673.858887,78.672127,-0.603417,-1.116033,-32.719647,0.810596,3.052169,5.993240,11.576331,-11.039716,-1.407665,0.958676,-4.749475,-18.082041,9.956099,-8.523540,2.045311,1.267473,0.173986,0.209180,0.686129,16.431614,-35.443825,62.013340,16.296761,10.986857,3.022705,1.532318,-14.305837,36.192551,66.340065,-17.327909,11.306335,-9.129793
102.000000,-1336.808838,-673.858582,78.672127,-0.604466,-1.116157,-32.716634,0.808762,3.050462,5.988103,11.578834,-11.039887,-1.406444,0.959756,-4.747738,-18.086325,9.955898,-8.524121,2.042990,1.265975,0.173917,0.209462,0.686134,16.431540,-35.441685,62.013142,16.298332,10.986710,3.022019,1.532706,-14.305317,36.191532,66.339951,-17.329056,11.306114,-9.130063
103.000000,-1336.809082,-673.858704,78.672150,-0.605191,-1.116202,-32.707351,0.805096,3.047749,5.977047,11.581663,-11.039326,-1.405148,0.962262,-4.746845,-18.095222,9.956167,-8.525731,2.041005,1.266016,0.173369,0.209784,0.686524,16.431665,-35.439018,62.012821,16.300034,10.985897,3.021823,1.532729,-14.304598,36.191181,66.340179,-17.330111,11.306630,-9.129897
104.000000,-1336.809692,-673.859192,78.672180,-0.605209,-1.116171,-32.695724,0.800912,3.044203,5.964444,11.584099,-11.038279,-1.403684,0.965189,-4.746659,-18.105110,9.956482,-8.528029,2.039437,1.266564,0.172787,0.210120,0.687294,16.431776,-35.436291,62.012390,16.301445,10.984892,3.021964,1.532518,-14.303874,36.190960,66.340729,-17.330912,11.307291,-9.129618
105.000000,-1336.809937,-673.859375,78.672203,-0.604286,-1.115871,-32.694787,0.800660,3.042110,5.965680,11.583057,-11.038284,-1.401580,0.964929,-4.745952,-18.105511,9.957076,-8.529060,2.038862,1.268055,0.172845,0.209990,0.688762,16.431309,-35.434048,62.012070,16.300728,10.984944,3.022192,1.532373,-14.303428,36.189308,66.341957,-17.330887,11.307089,-9.129192
106.000000,-1336.809326,-673.858704,78.672188,-0.602898,-1.115701,-32.711526,0.804515,3.042209,5.980158,11.579984,-11.039413,-1.399601,0.961656,-4.744518,-18.095991,9.957541,-8.528268,2.038626,1.268776,0.173467,0.209713,0.689948,16.430496,-35.432907,62.012104,16.299120,10.985964,3.022082,1.532501,-14.303401,36.186916,66.342926,-17.330414,11.306052,-9.129017
107.000000,-1336.808594,-673.857544,78.672157,-0.602895,-1.115748,-32.725143,0.810056,3.042790,6.000058,11.577252,-11.041253,-1.397308,0.956980,-4.741776,-18.081377,9.957745,-8.526635,2.037287,1.267682,0.174478,0.209487,0.690804,16.429495,-35.431625,62.012329,16.298140,10.987376,3.021400,1.532938,-14.303453,36.183922,66.343437,-17.330343,11.304452,-9.129241
108.000000,-1336.808228,-673.856934,78.672150,-0.604094,-1.115859,-32.723552,0.809058,3.041366,5.997758,11.579472,-11.041810,-1.396078,0.957416,-4.739872,-18.083441,9.957333,-8.526663,2.035024,1.265564,0.174711,0.209613,0.690764,16.429291,-35.429729,62.012276,16.299622,10.987447,3.020571,1.533437,-14.303075,36.182629,66.343239,-17.331398,11.303986,-9.129601
109.000000,-1336.808105,-673.856812,78.672180,-0.605068,-1.115930,-32.714969,0.805580,3.038847,5.987325,11.582512,-11.041594,-1.394792,0.959858,-4.738849,-18.091949,9.957402,-8.527845,2.032967,1.265222,0.174349,0.209815,0.691059,16.429419,-35.427204,62.011959,16.301359,10.986712,3.020219,1.533570,-14.302415,36.182198,66.343369,-17.332582,11.304435,-9.129491
110.000000,-1336.808472,-673.856934,78.672203,-0.605242,-1.115904,-32.703486,0.801289,3.035178,5.974472,11.585203,-11.040709,-1.393104,0.962865,-4.738747,-18.102003,9.957703,-8.529968,2.031446,1.265694,0.173797,0.210070,0.691808,16.429512,-35.424397,62.011562,16.302948,10.985675,3.020335,1.533389,-14.301679,36.182014,66.343956,-17.333454,11.305102,-9.129230
111.000000,-1336.809082,-673.857422,78.672218,-0.604768,-1.115869,-32.691239,0.797014,3.031008,5.961686,11.587461,-11.039570,-1.391268,0.965906,-4.739082,-18.111755,9.957962,-8.532627,2.030300,1.266129,0.173350,0.210368,0.692786,16.429522,-35.421761,62.011066,16.304211,10.984700,3.020656,1.533091,-14.300988,36.181759,66.344818,-17.334019,11.305588,-9.129066
112.000000,-1336.809448,-673.857666,78.672218,-0.603592,-1.115608,-32.691167,0.796837,3.028732,5.963100,11.586399,-11.039630,-1.389027,0.965612,-4.738615,-18.111809,9.958640,-8.533916,2.030058,1.267335,0.173508,0.210252,0.694267,16.428988,-35.419704,62.010662,16.303478,10.984874,3.020950,1.532932,-14.300588,36.180099,66.346245,-17.333786,11.305126,-9.128846
113.000000,-1336.808960,-673.856995,78.672203,-0.602160,-1.115380,-32.707834,0.800789,3.028876,5.978082,11.583241,-11.040804,-1.387033,0.962084,-4.737203,-18.101768,9.959284,-8.533234,2.029990,1.267960,0.174157,0.209983,0.695431,16.428152,-35.418663,62.010601,16.301853,10.985991,3.020850,1.533062,-14.300581,36.177704,66.347305,-17.333202,11.303919,-9.128802
114.000000,-1336.807617,-673.855347,78.672157,-0.601718,-1.115429,-32.737823,0.810017,3.031368,6.010468,11.577698,-11.043571,-1.384383,0.954252,-4.733251,-18.077457,9.960315,-8.530405,2.028834,1.268363,0.175436,0.209600,0.696677,16.426880,-35.417595,62.010841,16.299500,10.988042,3.020225,1.533467,-14.300784,36.174015,66.348137,-17.332901,11.301851,-9.128859
115.000000,-1336.806152,-673.853516,78.672127,-0.603144,-1.115560,-32.759437,0.817800,3.034699,6.037996,11.575212,-11.047050,-1.382348,0.947571,-4.727702,-18.055647,9.960152,-8.526505,2.026372,1.265798,0.176515,0.209303,0.697175,16.425999,-35.416431,62.011433,16.298950,10.989827,3.018865,1.534028,-14.300771,36.170784,66.347870,-17.333113,11.299994,-9.129333
116.000000,-1336.805054,-673.852173,78.672142,-0.605280,-1.115597,-32.759910,0.816965,3.033961,6.036469,11.578106,-11.048396,-1.381126,0.947708,-4.725127,-18.056999,9.959358,-8.525216,2.023769,1.263077,0.176393,0.209292,0.696776,16.425920,-35.414440,62.011688,16.301039,10.989933,3.017666,1.534649,-14.300287,36.169594,66.347214,-17.334112,11.299685,-9.129640
117.000000,-1336.804565,-673.851379,78.672188,-0.606816,-1.115456,-32.750584,0.812954,3.031250,6.025032,11.581639,-11.048454,-1.379760,0.950295,-4.724253,-18.066410,9.959185,-8.525681,2.021854,1.262846,0.175801,0.209307,0.697035,16.426149,-35.411682,62.011612,16.303125,10.988964,3.017298,1.534744,-14.299573,36.169331,66.347168,-17.335045,11.300530,-9.129226
118.000000,-1336.804443,-673.851135,78.672234,-0.607257,-1.115132,-32.738062,0.807992,3.027243,6.011325,11.584783,-11.047898,-1.377906,0.953430,-4.724531,-18.077307,9.959021,-8.527182,2.020600,1.263473,0.175288,0.209263,0.697860,16.426321,-35.408894,62.011360,16.304613,10.987757,3.017422,1.534530,-14.298877,36.169231,66.347656,-17.335896,11.301539,-9.128646
119.000000,-1336.804810,-673.851257,78.672256,-0.606874,-1.114910,-32.725137,0.803110,3.022607,5.997549,11.587511,-11.046988,-1.375808,0.956722,-4.725344,-18.087925,9.958882,-8.529510,2.019794,1.264044,0.175013,0.209304,0.698938,16.426336,-35.406273,62.010956,16.305759,10.986622,3.017782,1.534207,-14.298250,36.169064,66.348480,-17.336657,11.302301,-9.128240
120.000000,-1336.805420,-673.851746,78.672256,-0.606070,-1.114891,-32.712907,0.799662,3.019004,5.987308,11.589387,-11.046164,-1.374204,0.959244,-4.726019,-18.095673,9.958961,-8.531755,2.019323,1.264276,0.174915,0.209434,0.699794,16.426268,-35.404400,62.010532,16.306566,10.985867,3.018114,1.533953,-14.297803,36.168869,66.349266,-17.337170,11.302645,-9.128129
121.000000,-1336.806274,-673.852539,78.672226,-0.605091,-1.115003,-32.701126,0.795444,3.014502,5.974309,11.591665,-11.044971,-1.372245,0.962413,-4.726724,-18.105402,9.959359,-8.535098,2.018687,1.264301,0.174820,0.209734,0.700863,16.426142,-35.402069,62.009815,16.307638,10.985044,3.018534,1.533643,-14.297220,36.168549,66.350395,-17.337751,11.302810,-9.128243
122.000000,-1336.807495,-673.853638,78.672188,-0.604052,-1.115167,-32.689747,0.791519,3.010414,5.962005,11.593740,-11.043684,-1.370530,0.965307,-4.727101,-18.114582,9.960023,-8.538650,2.017890,1.264119,0.174657,0.210157,0.701832,16.426012,-35.399818,62.008953,16.308760,10.984413,3.018905,1.533372,-14.296606,36.168156,66.351540,-17.338230,11.302723,-9.128591
123.000000,-1336.808228,-673.854370,78.672173,-0.602570,-1.115010,-32.691629,0.791684,3.008496,5.963884,11.592436,-11.043516,-1.368473,0.964678,-4.726398,-18.114105,9.961202,-8.540542,2.017624,1.264908,0.174733,0.210277,0.703128,16.425426,-35.397964,62.008293,16.308146,10.984921,3.019176,1.533267,-14.296170,36.166462,66.353096,-17.337854,11.301782,-9.128850
124.000000,-1336.807983,-673.854004,78.672157,-0.600953,-1.114845,-32.711048,0.798224,3.009356,5.986333,11.586973,-11.044697,-1.366041,0.959050,-4.723920,-18.098282,9.962551,-8.539680,2.017106,1.265500,0.175355,0.210172,0.704455,16.424297,-35.396748,62.008137,16.306120,10.986785,3.018975,1.533487,-14.296115,36.163212,66.354469,-17.336838,11.299762,-9.129155
125.000000,-1336.807495,-673.853271,78.672142,-0.601170,-1.114793,-32.724590,0.802356,3.010113,6.001031,11.585217,-11.045917,-1.364529,0.955045,-4.720553,-18.086843,9.962618,-8.538366,2.014927,1.262892,0.175876,0.210320,0.704741,16.423630,-35.395542,62.008209,16.306177,10.988233,3.018052,1.533964,-14.295963,36.160645,66.354538,-17.336536,11.297982,-9.129975
126.000000,-1336.807373,-673.852905,78.672150,-0.602486,-1.114882,-32.722326,0.800641,3.008805,5.995851,11.587584,-11.046020,-1.363886,0.956053,-4.718550,-18.091106,9.962379,-8.538694,2.012308,1.260997,0.175639,0.210678,0.704546,16.423695,-35.393639,62.007973,16.307861,10.988250,3.017323,1.534390,-14.295437,36.159672,66.354256,-17.337172,11.297671,-9.130441
127.000000,-1336.807495,-673.852966,78.672173,-0.603495,-1.114923,-32.713397,0.797931,3.007034,5.987460,11.589781,-11.045708,-1.363327,0.958036,-4.717727,-18.097984,9.962445,-8.539649,2.010579,1.260870,0.175240,0.210921,0.704731,16.423906,-35.391811,62.007671,16.309093,10.987700,3.017140,1.534464,-14.294910,36.159420,66.354263,-17.337841,11.298091,-9.130404
128.000000,-1336.807739,-673.853271,78.672203,-0.603759,-1.114886,-32.701606,0.793697,3.003728,5.974543,11.592480,-11.044863,-1.362223,0.961205,-4.717451,-18.108301,9.962572,-8.541632,2.008721,1.261436,0.174719,0.211243,0.705382,16.424149,-35.389210,62.007198,16.310461,10.986664,3.017255,1.534321,-14.294196,36.159275,66.354599,-17.338776,11.298924,-9.130171
129.000000,-1336.808350,-673.853821,78.672218,-0.603362,-1.114841,-32.689403,0.789438,2.999798,5.961581,11.594768,-11.043702,-1.360801,0.964479,-4.717728,-18.118357,9.962647,-8.544209,2.007302,1.262046,0.174335,0.211626,0.706288,16.424265,-35.386688,62.006668,16.311577,10.985592,3.017594,1.534047,-14.293529,36.159103,66.355209,-17.339611,11.299637,-9.130013
130.000000,-1336.808472,-673.854065,78.672218,-0.602131,-1.114511,-32.690576,0.789271,2.997552,5.962852,11.593643,-11.043722,-1.358662,0.964349,-4.717317,-18.118591,9.963267,-8.545557,2.006944,1.263413,0.174473,0.211691,0.707737,16.423779,-35.384655,62.006245,16.310795,10.985669,3.017953,1.533868,-14.293119,36.157509,66.356514,-17.339600,11.299278,-9.129856
131.000000,-1336.807861,-673.853394,78.672203,-0.600729,-1.114272,-32.707856,0.795302,2.998025,5.984922,11.588933,-11.045362,-1.355993,0.959166,-4.715302,-18.103456,9.964234,-8.544473,2.006727,1.264249,0.175282,0.211581,0.709191,16.422672,-35.383347,62.006218,16.308601,10.987194,3.017797,1.534038,-14.293140,36.154274,66.357742,-17.338985,11.297574,-9.129915
132.000000,-1336.807007,-673.852295,78.672165,-0.600853,-1.114141,-32.721358,0.799113,2.998297,5.999260,11.587605,-11.046871,-1.354087,0.955481,-4.712595,-18.092592,9.964207,-8.543188,2.005036,1.262027,0.175938,0.211749,0.709538,16.421984,-35.382103,62.006332,16.308556,10.988356,3.016927,1.534494,-14.293064,36.151768,66.357811,-17.339128,11.295981,-9.130576
133.000000,-1336.806641,-673.851807,78.672157,-0.602137,-1.114109,-32.719519,0.798067,2.997263,5.996557,11.589337,-11.047197,-1.353214,0.955948,-4.711219,-18.094852,9.963984,-8.543300,2.003352,1.260518,0.175834,0.212056,0.709389,16.421953,-35.380684,62.006222,16.309814,10.988355,3.016326,1.534814,-14.292705,36.150982,66.357613,-17.339823,11.295624,-9.130959
134.000000,-1336.806396,-673.851685,78.672180,-0.603137,-1.114003,-32.710930,0.794685,2.994965,5.986533,11.592238,-11.047029,-1.352038,0.958180,-4.710157,-18.103010,9.964093,-8.544423,2.001419,1.260200,0.175208,0.212476,0.709530,16.422159,-35.378235,62.005943,16.311642,10.987640,3.015980,1.534913,-14.292005,36.150654,66.357689,-17.340763,11.295967,-9.130980
135.000000,-1336.806641,-673.851929,78.672203,-0.603402,-1.113778,-32.699861,0.790411,2.991615,5.974044,11.594890,-11.046317,-1.350596,0.961026,-4.709947,-18.112932,9.964304,-8.546395,1.999968,1.260769,0.174469,0.212878,0.710125,16.422375,-35.375557,62.005554,16.313177,10.986596,3.016039,1.534723,-14.291258,36.150562,66.358131,-17.341482,11.296618,-9.130759
136.000000,-1336.806519,-673.851929,78.672218,-0.602615,-1.113239,-32.700742,0.790050,2.989582,5.975350,11.593993,-11.046623,-1.348453,0.960738,-4.709390,-18.113293,9.964725,-8.547174,1.999658,1.262285,0.174412,0.212793,0.711472,16.422012,-35.373451,62.005287,16.312496,10.986586,3.016246,1.534560,-14.290815,36.149059,66.359283,-17.341324,11.296428,-9.130383
137.000000,-1336.805542,-673.851013,78.672203,-0.601329,-1.112792,-32.718076,0.795655,2.989934,5.996814,11.589718,-11.048544,-1.345691,0.955776,-4.707543,-18.098867,9.965291,-8.545753,1.999581,1.263240,0.175213,0.212440,0.712940,16.420973,-35.372124,62.005409,16.310272,10.987987,3.016032,1.534728,-14.290838,36.145912,66.360474,-17.340614,11.294958,-9.130194
138.000000,-1336.804443,-673.849792,78.672165,-0.601467,-1.112557,-32.730779,0.799078,2.990165,6.010029,11.588354,-11.050010,-1.344023,0.952544,-4.705679,-18.089096,9.965209,-8.544552,1.998667,1.261999,0.175881,0.212343,0.713365,16.420349,-35.371227,62.005615,16.309866,10.988905,3.015428,1.535065,-14.290867,36.143879,66.360672,-17.340546,11.293805,-9.130467
139.000000,-1336.803833,-673.849182,78.672150,-0.602765,-1.112433,-32.728587,0.797962,2.988753,6.007732,11.590627,-11.050773,-1.342729,0.952964,-4.703969,-18.091217,9.964669,-8.544532,1.996707,1.259952,0.176014,0.212543,0.713234,16.420229,-35.369457,62.005589,16.311291,10.988921,3.014588,1.535523,-14.290502,36.142735,66.360428,-17.341459,11.293342,-9.130847
140.000000,-1336.803589,-673.849060,78.672157,-0.603762,-1.112259,-32.719577,0.794320,2.986243,5.997131,11.593778,-11.050755,-1.341377,0.955423,-4.703069,-18.099911,9.964628,-8.545715,1.994904,1.259686,0.175530,0.212809,0.713459,16.420437,-35.367012,62.005295,16.313004,10.988123,3.014219,1.535614,-14.289832,36.142429,66.360519,-17.342543,11.293801,-9.130749
141.000000,-1336.803711,-673.849365,78.672180,-0.603965,-1.111954,-32.708068,0.789887,2.982775,5.984397,11.596614,-11.050121,-1.339757,0.958344,-4.703015,-18.110016,9.964786,-8.547762,1.993593,1.260292,0.174867,0.213082,0.714092,16.420612,-35.364349,62.004932,16.314522,10.987051,3.014265,1.535424,-14.289102,36.142395,66.361031,-17.343422,11.294502,-9.130466
142.000000,-1336.804077,-673.849976,78.672180,-0.603483,-1.111660,-32.695998,0.785514,2.978750,5.971770,11.598928,-11.049153,-1.337965,0.961292,-4.703424,-18.119726,9.964919,-8.550411,1.992697,1.260780,0.174319,0.213382,0.714992,16.420685,-35.361862,62.004467,16.315739,10.986055,3.014552,1.535102,-14.288418,36.142269,66.361855,-17.343903,11.294983,-9.130315
143.000000,-1336.804199,-673.850220,78.672173,-0.602238,-1.111136,-32.697116,0.785328,2.976590,5.973480,11.597840,-11.049365,-1.335757,0.960897,-4.703029,-18.119606,9.965501,-8.551731,1.992673,1.262014,0.174408,0.213258,0.716413,16.420197,-35.359951,62.004105,16.314966,10.986224,3.014817,1.534923,-14.288029,36.140713,66.363258,-17.343575,11.294501,-9.130106
144.000000,-1336.803589,-673.849670,78.672134,-0.600812,-1.110644,-32.714206,0.790964,2.977100,5.995103,11.593424,-11.051141,-1.333171,0.955646,-4.701103,-18.104836,9.966368,-8.550692,1.992670,1.262774,0.175253,0.212850,0.717839,16.419106,-35.358795,62.004112,16.312780,10.987773,3.014596,1.535110,-14.288079,36.137592,66.364555,-17.342781,11.292816,-9.130079
145.000000,-1336.802612,-673.848694,78.672096,-0.600899,-1.110336,-32.728057,0.794554,2.977416,6.009459,11.592315,-11.052822,-1.331312,0.951862,-4.698406,-18.094046,9.966241,-8.549437,1.991070,1.260493,0.176044,0.212744,0.718199,16.418394,-35.357647,62.004257,16.312693,10.988978,3.013667,1.535600,-14.288038,36.135117,66.364685,-17.342846,11.291249,-9.130664
146.000000,-1336.802124,-673.848206,78.672073,-0.602162,-1.110240,-32.726191,0.793473,2.976419,6.006713,11.594096,-11.053219,-1.330490,0.952353,-4.697068,-18.096376,9.965970,-8.549588,1.989443,1.258993,0.176044,0.212875,0.718069,16.418343,-35.356316,62.004173,16.313908,10.988996,3.013051,1.535936,-14.287708,36.134373,66.364517,-17.343521,11.290946,-9.130985
147.000000,-1336.802002,-673.848206,78.672096,-0.603205,-1.110102,-32.716978,0.789981,2.974116,5.996328,11.597105,-11.053096,-1.329348,0.954698,-4.696024,-18.104883,9.966063,-8.550803,1.987518,1.258696,0.175514,0.213095,0.718248,16.418522,-35.353897,62.003922,16.315737,10.988287,3.012692,1.536050,-14.287019,36.134106,66.364639,-17.344481,11.291376,-9.130931
148.000000,-1336.802246,-673.848511,78.672112,-0.603432,-1.109870,-32.705189,0.785706,2.970846,5.983680,11.599787,-11.052383,-1.327993,0.957604,-4.695847,-18.114956,9.966294,-8.552824,1.986102,1.259258,0.174837,0.213327,0.718856,16.418713,-35.351326,62.003567,16.317263,10.987276,3.012747,1.535873,-14.286293,36.134098,66.365120,-17.345205,11.292090,-9.130659
149.000000,-1336.802734,-673.849243,78.672119,-0.602991,-1.109665,-32.692835,0.781402,2.967049,5.970932,11.602084,-11.051344,-1.326524,0.960648,-4.696139,-18.124844,9.966407,-8.555374,1.985013,1.259779,0.174321,0.213557,0.719720,16.418827,-35.348923,62.003101,16.318453,10.986284,3.013006,1.535584,-14.285623,36.134033,66.365837,-17.345737,11.292697,-9.130457
150.000000,-1336.803101,-673.849792,78.672119,-0.601835,-1.109323,-32.690467,0.779573,2.964139,5.966602,11.602241,-11.050909,-1.324662,0.961794,-4.696071,-18.128941,9.966851,-8.557416,1.984508,1.260841,0.174256,0.213527,0.721011,16.418541,-35.346832,62.002636,16.318335,10.985997,3.013335,1.535356,-14.285126,36.133072,66.367058,-17.345827,11.292655,-9.130260
151.000000,-1336.802734,-673.849304,78.672096,-0.600277,-1.108975,-32.706480,0.784245,2.964224,5.984589,11.598207,-11.052294,-1.322220,0.957598,-4.694448,-18.117056,9.967667,-8.556865,1.984568,1.261846,0.175044,0.213106,0.722541,16.417507,-35.345570,62.002563,16.316246,10.987325,3.013278,1.535475,-14.285096,36.130188,66.368484,-17.345058,11.291234,-9.130171
152.000000,-1336.801270,-673.847839,78.672050,-0.599834,-1.109021,-32.737724,0.794165,2.967327,6.018478,11.592120,-11.055176,-1.319794,0.949574,-4.690132,-18.091639,9.968635,-8.553824,1.983272,1.262488,0.176312,0.212703,0.723710,16.416243,-35.344631,62.002918,16.313782,10.989401,3.012546,1.535910,-14.285306,36.126629,66.369194,-17.344990,11.289230,-9.130160
153.000000,-1336.799683,-673.846130,78.672012,-0.601159,-1.109094,-32.760913,0.802027,2.971035,6.046327,11.589527,-11.058652,-1.318024,0.942831,-4.684539,-18.069567,9.968483,-8.549969,1.980940,1.259862,0.177301,0.212357,0.724150,16.415407,-35.343704,62.003578,16.313263,10.991183,3.011162,1.536431,-14.285296,36.123604,66.368874,-17.345150,11.287394,-9.130658
154.000000,-1336.798706,-673.844910,78.672020,-0.603296,-1.109065,-32.761473,0.800825,2.970391,6.043867,11.592615,-11.059719,-1.317061,0.943131,-4.682046,-18.071596,9.967747,-8.548918,1.978372,1.256971,0.177074,0.212303,0.723706,16.415407,-35.341797,62.003902,16.315647,10.991138,3.009985,1.536974,-14.284795,36.122688,66.368187,-17.345833,11.287211,-9.130969
155.000000,-1336.798340,-673.844299,78.672066,-0.604900,-1.108909,-32.752258,0.796800,2.967919,6.032333,11.596074,-11.059791,-1.315955,0.945735,-4.681215,-18.081188,9.967590,-8.549414,1.976511,1.256857,0.176421,0.212255,0.723910,16.415665,-35.339214,62.003868,16.317720,10.990151,3.009609,1.537055,-14.284093,36.122631,66.368164,-17.346676,11.288088,-9.130537
156.000000,-1336.798218,-673.844116,78.672104,-0.605406,-1.108595,-32.740123,0.793107,2.965173,6.022097,11.598456,-11.059438,-1.314777,0.948080,-4.681362,-18.089445,9.967463,-8.550462,1.975551,1.257377,0.175982,0.212165,0.724454,16.415827,-35.337242,62.003716,16.318871,10.989242,3.009655,1.536910,-14.283572,36.122692,66.368492,-17.347279,11.288875,-9.130083
157.000000,-1336.798584,-673.844238,78.672127,-0.605074,-1.108377,-32.727244,0.788159,2.960829,6.008228,11.601279,-11.058578,-1.312921,0.951385,-4.682109,-18.100302,9.967270,-8.552611,1.974661,1.258054,0.175626,0.212094,0.725449,16.415895,-35.334732,62.003410,16.320070,10.988057,3.009949,1.536602,-14.282939,36.122719,66.369255,-17.348009,11.289744,-9.129608
158.000000,-1336.799194,-673.844788,78.672119,-0.604272,-1.108383,-32.714685,0.783648,2.956341,5.994858,11.603770,-11.057499,-1.311049,0.954716,-4.683004,-18.110523,9.967304,-8.555455,1.974038,1.258427,0.175474,0.212151,0.726519,16.415834,-35.332436,62.002930,16.321138,10.987041,3.010349,1.536276,-14.282368,36.122646,66.370277,-17.348619,11.290264,-9.129419
159.000000,-1336.800293,-673.845703,78.672096,-0.603266,-1.108535,-32.702473,0.779531,2.952148,5.982177,11.606029,-11.056306,-1.309344,0.957835,-4.683706,-18.120102,9.967672,-8.558705,1.973421,1.258477,0.175376,0.212346,0.727518,16.415728,-35.330318,62.002281,16.322189,10.986226,3.010732,1.535979,-14.281814,36.122498,66.371391,-17.349117,11.290451,-9.129524
160.000000,-1336.801514,-673.846924,78.672050,-0.602200,-1.108741,-32.690967,0.775599,2.948257,5.969889,11.608152,-11.055010,-1.307787,0.960725,-4.684115,-18.129316,9.968317,-8.562237,1.972642,1.258314,0.175149,0.212705,0.728406,16.415628,-35.328243,62.001469,16.323326,10.985611,3.011075,1.535717,-14.281199,36.122292,66.372551,-17.349495,11.290358,-9.129906
161.000000,-1336.802368,-673.847656,78.672028,-0.600628,-1.108616,-32.693383,0.775832,2.946530,5.972031,11.606808,-11.054796,-1.305884,0.960051,-4.683442,-18.128691,9.969483,-8.564055,1.972384,1.259124,0.175205,0.212739,0.729651,16.415052,-35.326565,62.000862,16.322697,10.986141,3.011317,1.535620,-14.280782,36.120728,66.374115,-17.349024,11.289415,-9.130167
162.000000,-1336.802246,-673.847229,78.672020,-0.599007,-1.108544,-32.713682,0.782500,2.947547,5.994774,11.601233,-11.055892,-1.303604,0.954409,-4.681026,-18.112671,9.970822,-8.563108,1.971874,1.259696,0.175822,0.212546,0.730921,16.413931,-35.325523,62.000767,16.320675,10.988028,3.011079,1.535853,-14.280751,36.117630,66.375481,-17.347931,11.287403,-9.130470
163.000000,-1336.801758,-673.846497,78.672005,-0.599324,-1.108589,-32.726279,0.786650,2.948461,6.009457,11.599444,-11.057024,-1.302283,0.950469,-4.677814,-18.101299,9.970899,-8.561735,1.969787,1.257145,0.176336,0.212588,0.731148,16.413284,-35.324539,62.000908,16.320723,10.989468,3.010144,1.536330,-14.280633,36.115261,66.375549,-17.347557,11.285675,-9.131266
164.000000,-1336.801758,-673.846130,78.672012,-0.600658,-1.108760,-32.723490,0.785010,2.947298,6.004453,11.601774,-11.057065,-1.301778,0.951458,-4.675922,-18.105452,9.970653,-8.561958,1.967222,1.255251,0.176111,0.212838,0.730891,16.413355,-35.322845,62.000725,16.322393,10.989506,3.009387,1.536767,-14.280141,36.114449,66.375267,-17.348106,11.285381,-9.131724
165.000000,-1336.801880,-673.846130,78.672043,-0.601704,-1.108888,-32.714029,0.781304,2.944992,5.992999,11.604733,-11.056548,-1.301139,0.954215,-4.674988,-18.114870,9.970733,-8.563193,1.965009,1.255243,0.175582,0.213057,0.731143,16.413651,-35.320549,62.000362,16.323999,10.988725,3.009166,1.536836,-14.279458,36.114315,66.375336,-17.348944,11.286036,-9.131626
166.000000,-1336.802246,-673.846375,78.672081,-0.601953,-1.108962,-32.702477,0.778129,2.942563,5.983263,11.606756,-11.055850,-1.300375,0.956658,-4.674889,-18.122663,9.970801,-8.564640,1.963699,1.255731,0.175197,0.213233,0.731631,16.413834,-35.318726,62.000042,16.324991,10.987933,3.009262,1.536714,-14.278939,36.114338,66.375618,-17.349596,11.286695,-9.131438
167.000000,-1336.802979,-673.846985,78.672096,-0.601543,-1.109044,-32.690189,0.773931,2.938805,5.970389,11.609095,-11.054652,-1.299076,0.959976,-4.675216,-18.132702,9.970844,-8.567074,1.962328,1.256364,0.174812,0.213527,0.732492,16.413960,-35.316380,61.999565,16.326097,10.986869,3.009575,1.536444,-14.278290,36.114323,66.376236,-17.350365,11.287445,-9.131271
168.000000,-1336.803467,-673.847351,78.672104,-0.600429,-1.108928,-32.687715,0.772149,2.935947,5.965841,11.609277,-11.054038,-1.297319,0.961315,-4.675241,-18.136942,9.971274,-8.568990,1.961676,1.257495,0.174764,0.213653,0.733717,16.413692,-35.314362,61.999119,16.326000,10.986495,3.009948,1.536205,-14.277808,36.113472,66.377350,-17.350636,11.287500,-9.131131
169.000000,-1336.803101,-673.846741,78.672096,-0.598879,-1.108809,-32.703324,0.776995,2.936007,5.983720,11.604990,-11.055159,-1.294890,0.957264,-4.673753,-18.125128,9.972145,-8.568348,1.961718,1.258576,0.175464,0.213456,0.735201,16.412682,-35.313133,61.999050,16.323936,10.987761,3.009934,1.536287,-14.277777,36.110676,66.378708,-17.349909,11.286101,-9.131104
170.000000,-1336.801758,-673.845276,78.672073,-0.598363,-1.109003,-32.733099,0.787350,2.939157,6.018222,11.598384,-11.057776,-1.292460,0.949176,-4.669507,-18.099192,9.973224,-8.565160,1.960449,1.259315,0.176619,0.213256,0.736330,16.411436,-35.312241,61.999413,16.321445,10.989830,3.009215,1.536687,-14.277989,36.107162,66.379387,-17.349802,11.284052,-9.131145
171.000000,-1336.800659,-673.843689,78.672050,-0.599774,-1.109125,-32.750337,0.792569,2.941519,6.037171,11.597510,-11.060360,-1.290931,0.944492,-4.664898,-18.084146,9.972690,-8.562060,1.957932,1.256152,0.177241,0.213182,0.736332,16.410824,-35.311161,61.999992,16.321815,10.991163,3.007748,1.537272,-14.277880,36.104733,66.378822,-17.350164,11.282513,-9.131749
172.000000,-1336.799927,-673.842651,78.672066,-0.601760,-1.109161,-32.749071,0.791510,2.940895,6.034594,11.599707,-11.061004,-1.290213,0.944912,-4.663219,-18.086401,9.972214,-8.561368,1.956030,1.254544,0.176992,0.213265,0.735962,16.410839,-35.309708,62.000179,16.323435,10.991073,3.006893,1.537684,-14.277507,36.104137,66.378349,-17.350893,11.282420,-9.131907
173.000000,-1336.799561,-673.842163,78.672119,-0.603180,-1.109056,-32.739613,0.787812,2.938749,6.023972,11.603007,-11.061016,-1.289229,0.947318,-4.662235,-18.095337,9.972019,-8.561727,1.954128,1.254519,0.176335,0.213384,0.736024,16.411097,-35.307236,62.000191,16.325394,10.990129,3.006411,1.537795,-14.276845,36.104099,66.378204,-17.351868,11.283221,-9.131511
174.000000,-1336.799683,-673.842041,78.672165,-0.603567,-1.108779,-32.727279,0.783046,2.935371,6.010855,11.606110,-11.060426,-1.287840,0.950354,-4.662332,-18.105991,9.971812,-8.563087,1.952860,1.255306,0.175758,0.213397,0.736657,16.411324,-35.304703,62.000015,16.326851,10.988894,3.006406,1.537591,-14.276193,36.104240,66.378563,-17.352676,11.284266,-9.130911
175.000000,-1336.800171,-673.842407,78.672180,-0.603155,-1.108596,-32.714587,0.778111,2.931150,5.997125,11.608895,-11.059409,-1.286104,0.953668,-4.663042,-18.116760,9.971579,-8.565347,1.951980,1.256050,0.175434,0.213452,0.737614,16.411398,-35.302250,61.999699,16.327972,10.987659,3.006669,1.537249,-14.275597,36.104324,66.379311,-17.353369,11.285125,-9.130448
176.000000,-1336.801025,-673.843079,78.672173,-0.602307,-1.108614,-32.702162,0.773714,2.926923,5.984196,11.611298,-11.058251,-1.284409,0.956913,-4.663847,-18.126671,9.971601,-8.568210,1.951344,1.256448,0.175312,0.213627,0.738613,16.411348,-35.300060,61.999222,16.328960,10.986624,3.007024,1.536899,-14.275073,36.104301,66.380280,-17.353909,11.285615,-9.130278
177.000000,-1336.802124,-673.844055,78.672134,-0.601273,-1.108745,-32.690178,0.769616,2.922872,5.971753,11.613510,-11.057042,-1.282786,0.959962,-4.664474,-18.136091,9.971992,-8.571568,1.950710,1.256492,0.175199,0.213966,0.739561,16.411259,-35.298000,61.998524,16.329954,10.985826,3.007368,1.536577,-14.274534,36.104160,66.381386,-17.354328,11.285709,-9.130458
178.000000,-1336.802856,-673.844666,78.672112,-0.599728,-1.108549,-32.692062,0.769736,2.921068,5.973931,11.612283,-11.056961,-1.280814,0.959372,-4.663988,-18.135496,9.972990,-8.573284,1.950649,1.257407,0.175424,0.213971,0.740844,16.410677,-35.296387,61.997971,16.329187,10.986217,3.007587,1.536440,-14.274202,36.102661,66.382935,-17.353987,11.284876,-9.130596
179.000000,-1336.802612,-673.844238,78.672089,-0.598060,-1.108330,-32.712020,0.776049,2.922032,5.996573,11.607089,-11.058232,-1.278414,0.953715,-4.661799,-18.119606,9.974281,-8.572335,1.950365,1.258072,0.176161,0.213753,0.742118,16.409546,-35.295418,61.997902,16.327103,10.987988,3.007322,1.536631,-14.274239,36.099651,66.384300,-17.353056,11.282924,-9.130828
180.000000,-1336.802124,-673.843445,78.672066,-0.598248,-1.108256,-32.725223,0.780118,2.922924,6.011763,11.605447,-11.059509,-1.276901,0.949547,-4.658696,-18.107861,9.974425,-8.570971,1.948464,1.255550,0.176726,0.213824,0.742312,16.408834,-35.294415,61.998089,16.327200,10.989408,3.006335,1.537088,-14.274160,36.097313,66.384422,-17.352726,11.281136,-9.131614
181.000000,-1336.801880,-673.843079,78.672066,-0.599553,-1.108318,-32.723120,0.778425,2.921765,6.006866,11.607762,-11.059604,-1.276280,0.950396,-4.656891,-18.111908,9.974256,-8.571222,1.946107,1.253678,0.176470,0.214118,0.742011,16.408871,-35.292736,61.997959,16.328936,10.989440,3.005543,1.537485,-14.273694,36.096573,66.384193,-17.353170,11.280781,-9.132060
182.000000,-1336.802002,-673.843079,78.672096,-0.600642,-1.108337,-32.714219,0.775723,2.920192,5.998647,11.609961,-11.059317,-1.275816,0.952280,-4.656127,-18.118687,9.974328,-8.572056,1.944546,1.253535,0.176055,0.214296,0.742119,16.409086,-35.291107,61.997719,16.330181,10.988925,3.005297,1.537539,-14.273211,36.096485,66.384247,-17.353655,11.281173,-9.132007
183.000000,-1336.802246,-673.843323,78.672119,-0.600969,-1.108299,-32.702613,0.771933,2.917504,5.987252,11.612446,-11.058613,-1.274996,0.955047,-4.655916,-18.127865,9.974400,-8.573652,1.943044,1.254021,0.175589,0.214469,0.742616,16.409323,-35.289024,61.997356,16.331390,10.988042,3.005318,1.537403,-14.272620,36.096542,66.384560,-17.354284,11.281910,-9.131776
184.000000,-1336.802979,-673.843933,78.672134,-0.600607,-1.108272,-32.690310,0.766311,2.913517,5.972981,11.615556,-11.057561,-1.273612,0.957931,-4.656306,-18.139080,9.974494,-8.576300,1.941636,1.254485,0.175193,0.214099,0.743513,16.409460,-35.286629,61.997028,16.332897,10.986931,3.005523,1.537222,-14.271941,36.096596,66.385231,-17.355038,11.282728,-9.131528
185.000000,-1336.805420,-673.842957,78.670265,-0.600315,-0.945479,-32.621258,0.550891,2.904274,5.914907,11.714165,-11.085617,-1.256043,0.807289,-4.670517,-18.193731,10.000102,-8.594161,1.943390,1.212893,0.171828,0.080579,0.745979,16.406132,-35.298489,62.037914,16.400774,10.988605,2.991727,1.559621,-14.269670,36.097672,66.387253,-17.361029,11.283907,-9.124191
186.000000,-1336.828125,-673.821533,78.667786,-0.579698,-0.644665,-32.520297,0.070075,2.859932,5.821422,11.878399,-11.105388,-1.205778,0.411660,-4.736165,-18.287172,10.110111,-8.644892,1.948397,1.140570,0.143972,-0.079572,0.637709,16.373129,-35.305283,62.135136,16.479954,10.992380,2.980284,1.546198,-14.268195,36.098461,66.388802,-17.369123,11.285556,-9.118408
187.000000,-1336.857056,-673.786621,78.667557,-0.550343,-0.371067,-32.503923,-0.256228,2.821728,5.816928,11.938542,-11.086471,-1.168393,0.068301,-4.795003,-18.290611,10.241041,-8.680445,1.947179,1.160895,0.116019,-0.084838,0.451611,16.333265,-35.329662,62.289341,16.576769,10.995631,2.974245,1.508017,-14.269326,36.099117,66.386848,-17.379183,11.287187,-9.114491
188.000000,-1336.874634,-673.746338,78.667702,-0.517358,-0.080557,-32.552673,-0.602235,2.773908,5.868141,11.957628,-11.045302,-1.126229,-0.358540,-4.867846,-18.236416,10.417927,-8.720033,1.945777,1.220707,0.071240,-0.037093,0.220369,16.261730,-35.325134,62.492893,16.605576,10.998292,2.976715,1.455090,-14.285642,36.089317,66.332970,-17.390266,11.290443,-9.116139
189.000000,-1336.860718,-673.712708,78.666283,-0.474526,0.171113,-32.639430,-0.924541,2.709643,5.986955,11.925145,-11.004296,-1.066466,-0.832755,-4.958834,-18.113600,10.635295,-8.786798,1.962896,1.329618,0.000481,0.058480,0.027429,16.236929,-35.315193,62.610039,16.619787,11.036807,2.981638,1.439441,-14.340236,36.083477,66.159843,-17.408970,11.307249,-9.116356
190.000000,-1336.801880,-673.686401,78.660866,-0.447965,0.335915,-32.660307,-1.107072,2.623782,6.051574,11.922469,-11.036031,-0.979669,-1.094137,-5.057143,-18.041929,10.773598,-8.886204,2.039209,1.456668,-0.063123,0.183557,-0.074398,16.227091,-35.294811,62.619934,16.623701,11.083161,3.015881,1.434909,-14.383824,36.082924,66.036163,-17.355659,11.346086,-9.111571
191.000000,-1336.694458,-673.669128,78.651421,-0.443543,0.445460,-32.616244,-1.235717,2.530923,6.017118,12.037519,-11.182300,-0.871710,-1.151079,-5.144156,-18.060629,10.791734,-8.998021,2.168775,1.665433,-0.089982,0.299931,-0.134858,16.198618,-35.180683,62.621685,16.617727,11.092906,3.082354,1.431528,-14.415014,36.081676,65.995773,-17.197105,11.444839,-9.094837
192.000000,-1336.519897,-673.656921,78.634445,-0.408965,0.468884,-32.488466,-1.200777,2.360114,5.909292,12.097724,-11.348407,-0.741264,-1.101109,-5.324600,-18.141949,10.964839,-9.241982,2.329781,1.850456,-0.128900,0.434800,-0.144317,16.169222,-35.067493,62.620354,16.606714,11.139136,3.143580,1.431598,-14.461931,36.083759,65.903069,-16.855864,11.664603,-9.062229
193.000000,-1336.286743,-673.644043,78.605476,-0.331158,0.519112,-32.383595,-1.134793,2.120203,5.818612,12.158345,-11.572239,-0.581040,-1.165100,-5.609258,-18.180929,11.425486,-9.636464,2.513119,2.021667,-0.193428,0.472087,-0.089325,16.163223,-35.050365,62.558033,16.593357,11.269736,3.152892,1.431623,-14.543543,36.092785,65.746284,-16.458073,11.914330,-9.041005
194.000000,-1335.993164,-673.617432,78.568130,-0.186230,0.645718,-32.458635,-1.096904,1.801018,5.775116,12.260411,-11.989728,-0.356472,-1.395677,-5.964367,-18.080610,12.077241,-10.108782,2.719401,2.290000,-0.293317,0.429543,-0.012814,16.170601,-35.017242,62.425964,16.588982,11.413988,3.100045,1.415573,-14.665560,36.098774,65.492210,-16.226007,12.150310,-9.035960
195.000000,-1335.653076,-673.581055,78.530602,0.036512,0.755456,-32.527148,-0.997590,1.208832,5.603707,12.371156,-12.787051,0.025372,-1.749147,-6.532368,-17.878445,13.031070,-10.769652,3.024290,2.639317,-0.497099,0.394306,0.056118,16.236788,-34.869865,62.201874,16.670052,11.537146,3.003984,1.320871,-14.886417,36.090878,65.022964,-16.269262,12.404712,-9.034525
196.000000,-1335.243530,-673.553345,78.483826,0.363995,0.793828,-32.556805,-0.700894,0.429742,5.382591,12.341353,-13.872061,0.439829,-2.087656,-7.319007,-17.722776,14.256776,-11.611543,3.361938,2.841053,-0.835689,0.375967,0.225937,16.364393,-34.746529,61.981667,16.866207,11.551459,2.731001,1.117594,-15.077334,35.937973,64.605644,-16.298277,12.561544,-9.048903
197.000000,-1334.767822,-673.547058,78.411133,0.768448,0.765799,-32.451638,-0.252957,-0.435626,5.224763,12.361165,-15.312481,0.825252,-2.417639,-8.328364,-17.635675,15.890469,-12.707445,3.713394,2.818550,-1.302147,0.331888,0.517483,16.508924,-34.698563,61.890091,17.012850,11.555755,2.390172,0.856684,-15.156515,35.517670,64.294342,-16.287951,12.618882,-9.143044
198.000000,-1334.270264,-673.557739,78.257980,1.323972,0.670892,-32.591885,0.199730,-1.351714,5.206498,12.541245,-16.712099,1.188464,-3.148273,-9.507550,-17.274372,18.406637,-14.193397,3.993861,2.914691,-1.897339,0.307014,0.772383,16.698673,-34.503578,61.882111,16.830116,11.558295,2.009976,0.575200,-15.162522,35.054539,64.114792,-16.266722,12.631186,-9.334132
199.000000,-1333.750366,-673.583862,78.037018,1.755475,0.480350,-32.950735,0.711685,-2.371225,5.195332,13.158176,-18.011986,1.636247,-4.445943,-10.955904,-16.767700,22.558367,-16.214827,4.124663,3.151286,-2.532709,0.334553,1.115511,16.993937,-34.241116,61.867271,16.245844,11.557628,1.524709,0.178213,-15.179533,34.516632,63.888813,-16.254105,12.654125,-9.590731
200.000000,-1333.229736,-673.560059,77.806625,1.821901,0.204689,-33.840799,0.883778,-3.048439,4.760457,14.130427,-19.135174,2.041050,-6.503225,-11.903258,-16.196995,27.641582,-17.232313,3.913456,3.445899,-2.603805,0.429714,1.419315,17.145672,-34.221790,61.804104,15.780632,11.566168,1.199474,-0.313852,-15.269947,34.020035,63.628128,-16.267673,12.706190,-9.764514
201.000000,-1332.687622,-673.617798,77.619232,1.484331,-0.143636,-34.565283,1.230290,-3.647674,3.529669,15.720654,-20.765453,2.723889,-9.520181,-12.197189,-14.658111,34.979271,-16.580736,2.584380,3.414096,-2.183239,0.856119,1.815411,17.295095,-34.222134,61.598694,15.351037,11.659156,0.714370,-1.159996,-15.391632,33.369778,63.171734,-16.297787,12.747129,-10.035588
202.000000,-1332.081543,-673.827576,77.519951,0.884003,-0.160022,-35.194094,1.461553,-3.728617,2.357590,17.023540,-22.585815,3.292731,-12.345310,-11.455579,-13.398621,40.152630,-18.013597,1.237345,3.049322,-1.550715,0.805855,2.196831,17.456003,-34.256100,61.373104,14.896206,11.900733,0.208400,-1.830736,-15.342230,32.904259,62.892673,-16.307901,12.682422,-10.399200
203.000000,-1331.475342,-674.162415,77.487854,0.248812,0.007049,-35.667480,1.732220,-3.569893,1.477572,17.704351,-24.291714,3.671069,-14.892462,-10.327030,-12.819457,42.501816,-19.486034,0.384144,2.617089,-1.070606,0.622758,2.315407,17.685183,-34.367111,61.155422,14.447401,12.142302,-0.142046,-2.391469,-15.191072,32.599121,62.807465,-16.345543,12.531955,-10.710783
204.000000,-1330.905151,-674.588867,77.492973,-0.354927,0.191342,-35.747504,2.259512,-3.223247,0.336663,17.924377,-25.736465,3.950249,-17.760248,-8.759853,-12.567411,43.600197,-20.425762,-0.355415,1.438990,-0.722894,0.590083,2.229740,18.205629,-34.523426,60.711533,13.991191,12.371750,-0.469292,-3.246458,-15.160040,32.091595,62.778996,-16.448023,12.310863,-10.888712
205.000000,-1330.289307,-675.122803,77.516281,-1.092975,0.337835,-35.620773,3.018677,-2.473685,-0.441794,17.633444,-26.219049,3.919465,-19.992762,-7.145286,-12.934723,42.665920,-20.082241,-0.847478,0.264976,-0.375194,0.791179,1.685516,18.710751,-34.536373,60.341377,13.919535,12.492283,-0.687142,-3.865222,-15.171770,31.587341,62.889877,-16.520956,12.084593,-11.328902
206.000000,-1329.616089,-675.752563,77.523163,-1.781279,0.436997,-35.383321,4.062622,-1.568276,-0.947119,16.946201,-26.261072,3.702621,-21.795572,-5.593230,-13.350268,40.549458,-19.114416,-1.210937,-0.840282,-0.086896,1.081277,0.883464,19.190197,-34.532578,60.070759,13.939403,12.559446,-0.750961,-4.237512,-15.158965,31.057354,63.130726,-16.524944,11.989931,-11.753623
207.000000,-1328.836914,-676.483215,77.473282,-2.430551,0.576494,-35.127428,4.971160,-0.816244,-1.127521,16.242680,-25.984283,3.444439,-22.934052,-4.478802,-13.620145,38.399765,-18.103775,-1.396747,-1.588170,0.132079,1.233042,0.258302,19.480247,-34.389881,59.862999,13.964653,12.614019,-0.727172,-4.308122,-15.197918,30.673319,63.259377,-16.484125,11.991693,-11.998379
208.000000,-1327.944702,-677.280518,77.320984,-3.151342,0.696710,-34.782917,6.051168,0.154924,-1.279303,15.451797,-25.046822,3.071579,-24.034506,-3.213594,-14.043817,35.658234,-16.849884,-1.585418,-2.387366,0.543121,1.315563,-0.409097,19.680761,-33.956348,59.528313,14.058889,12.683767,-0.595646,-4.164379,-15.368728,30.241772,63.270702,-16.348324,11.999850,-12.228697
209.000000,-1326.939575,-678.129639,77.043625,-3.936211,0.759049,-34.372123,7.280819,1.526712,-1.427471,14.829597,-22.832294,2.535073,-24.903023,-1.658831,-14.520524,32.675728,-15.637746,-1.745091,-3.339977,1.400062,1.296846,-1.029041,19.745632,-33.481430,58.939980,14.308210,12.830244,-0.305958,-3.809165,-15.736113,29.844875,63.264370,-16.088772,12.033319,-12.475279
210.000000,-1325.763916,-679.089661,76.679955,-4.431349,0.728537,-34.494863,8.630575,2.419641,-1.217230,15.150701,-23.975916,2.135741,-25.126335,-0.224668,-14.123464,30.649710,-15.246719,-1.796760,-3.647362,2.113754,0.899894,-1.244781,19.695621,-33.232880,58.246006,14.416285,13.147891,-0.031824,-3.167952,-16.130302,29.806431,63.276138,-15.687674,12.075443,-12.669900
211.000000,-1324.472900,-680.098022,76.198792,-5.021403,0.754471,-34.589857,9.572910,3.266806,-0.937586,16.639944,-26.575941,1.781726,-24.991911,1.230787,-13.444592,29.957867,-15.391928,-1.971287,-3.683563,3.094874,0.053401,-1.217289,19.409481,-32.941017,57.658779,14.610713,13.416566,0.248976,-2.292377,-16.639622,29.715717,63.282040,-15.169214,12.039423,-12.825248
212.000000,-1323.239380,-681.123657,75.605774,-5.177256,0.568403,-34.454133,9.036607,3.808141,-0.174880,21.592159,-29.415575,1.436451,-24.564362,2.386503,-11.871149,31.471188,-16.147751,-2.205892,-3.524193,3.731104,-0.470630,-1.601133,19.052216,-32.587910,57.424500,14.959949,13.507401,0.614034,-1.515165,-17.034121,29.399277,63.438629,-14.690613,11.889658,-12.991064
213.000000,-1322.066162,-682.185242,74.992065,-4.981300,-0.055529,-34.533461,7.249281,4.127275,1.306479,29.587452,-30.748503,0.870834,-24.142389,3.058181,-10.358865,34.353642,-17.081438,-2.920724,-2.857418,3.837548,-0.326864,-2.321885,18.678566,-32.130634,57.546833,15.478408,13.537000,1.025149,-1.122018,-17.125715,28.921700,63.905998,-14.295025,11.598856,-13.058048
214.000000,-1320.892090,-683.274292,74.516502,-5.077593,-1.026475,-34.639969,5.277955,4.891941,2.842885,38.094234,-29.586683,1.139619,-23.513739,3.558261,-9.696907,37.217312,-18.234505,-3.114755,-2.147730,4.159761,0.189943,-2.976357,18.235678,-31.782976,57.871807,15.970120,13.562874,1.461465,-0.954536,-17.161072,28.630203,64.419670,-13.937151,11.360922,-13.071925
215.000000,-1319.599854,-684.519714,74.225159,-5.198506,-1.773258,-34.888338,2.784438,6.240792,3.943914,47.852959,-24.632677,-0.887545,-22.154966,4.234961,-9.355442,39.709766,-20.594320,-3.317737,-1.252094,4.654058,0.423476,-3.268049,17.782990,-31.697208,58.547783,16.302858,13.553587,1.969749,-0.634233,-17.122625,28.649214,64.841751,-13.552837,11.187079,-13.071595
216.000000,-1318.197388,-685.892395,74.129471,-5.229653,-2.251496,-35.050985,0.379315,7.363780,4.464538,55.426758,-16.352621,-1.122444,-20.380722,4.765002,-9.148406,40.967167,-23.101353,-3.546574,-0.357526,4.958323,0.136330,-3.010911,17.398273,-31.587721,59.453289,16.526426,13.548234,2.374242,-0.281517,-17.038048,28.910646,65.096092,-13.064792,11.008963,-13.070147
217.000000,-1316.803589,-687.235291,74.093781,-5.434141,-2.430972,-34.820867,-2.144348,8.482094,4.246548,60.392319,-3.377797,-1.243907,-18.310162,5.212982,-9.336893,41.182693,-25.164310,-3.763319,0.260952,5.349021,-0.232965,-2.545019,17.103615,-31.458662,60.271111,16.755337,13.556124,2.605959,-0.199465,-17.077602,29.292519,65.213608,-12.419333,10.834417,-13.076171
218.000000,-1315.425171,-688.506409,74.035301,-5.464112,-2.353927,-34.447491,-4.877290,9.068994,3.672346,65.553665,0.852730,-1.079548,-16.604818,5.564149,-9.424472,40.980061,-26.142681,-3.951581,0.751934,5.670534,-0.394489,-2.182003,16.904829,-31.448528,60.822235,16.877041,13.597410,2.753538,-0.530857,-17.233805,29.395012,65.199478,-12.003390,10.706970,-13.126969
219.000000,-1314.103027,-689.681396,74.008484,-5.009586,-2.522233,-33.976645,-8.728038,9.134069,3.704766,71.729240,-3.220393,-0.400644,-14.423912,5.515350,-9.203846,40.557114,-26.301401,-4.106349,1.523128,5.583230,0.075042,-1.951722,16.688927,-31.395147,61.193901,17.191328,13.782836,2.864214,-1.338532,-17.456329,29.411623,65.132385,-11.906080,10.544477,-13.293127
220.000000,-1312.729248,-690.860107,74.038681,-4.247400,-2.688854,-33.438729,-12.541412,8.836715,4.567767,75.530083,-8.764043,0.615096,-12.095052,4.953255,-8.890938,39.804630,-25.594797,-4.127903,2.339965,5.047827,0.829304,-1.666011,16.469978,-31.177219,61.297153,17.425488,14.025894,2.881294,-2.105242,-17.615278,29.413568,65.026848,-11.893470,10.358129,-13.484732
221.000000,-1311.221680,-692.064026,74.152847,-3.647364,-2.691682,-32.847229,-16.550104,8.608850,5.598307,76.786514,-13.314198,1.619878,-9.704484,4.422115,-8.698274,38.956146,-26.758255,-4.040496,3.270598,4.624790,1.310391,-1.129220,16.086344,-30.809845,61.506054,17.616884,14.195599,2.883170,-2.692422,-17.695026,29.415705,64.929703,-11.714096,10.257835,-13.580998
222.000000,-1309.584473,-693.283447,74.342552,-3.148710,-2.587670,-32.429628,-20.527187,8.105056,6.297009,75.730911,-17.031166,2.361121,-6.978060,4.108725,-8.519156,37.293228,-28.156094,-3.879147,4.378765,4.424936,1.541141,-0.296541,15.600775,-30.522543,61.650700,17.752087,14.342423,2.839285,-3.082884,-17.724066,29.443287,64.679939,-11.044555,10.246162,-13.589232
223.000000,-1307.847290,-694.525452,74.594154,-2.581523,-2.291506,-32.341236,-23.805401,7.584141,7.373583,73.066559,-19.568783,2.667076,-4.343845,3.835829,-8.141224,35.044647,-28.838055,-3.663326,5.501011,4.135669,1.513081,0.730459,15.250644,-30.493019,61.802219,17.866207,14.375741,2.669848,-3.449379,-17.528131,29.482475,64.405037,-10.180305,10.280398,-13.511179
224.000000,-1305.994385,-695.823303,74.860886,-1.794598,-1.945725,-32.586667,-27.310642,6.842905,9.095508,68.670425,-21.581615,2.821306,-0.999842,3.372402,-7.368998,31.760897,-29.186455,-3.330790,6.898991,3.521741,1.467609,2.155534,14.941859,-30.487408,62.055386,17.986433,14.376104,2.368997,-4.069050,-16.987116,29.496212,63.939651,-9.235374,10.319033,-13.374705
225.000000,-1304.132446,-697.102661,75.099701,-0.975299,-1.530167,-32.729852,-29.861685,5.814275,10.571328,62.549538,-21.841572,2.738024,2.430577,2.691471,-6.790955,27.942867,-29.034914,-2.865268,8.018056,2.719516,1.422405,3.469126,14.759937,-30.436636,62.406357,17.837126,14.372341,1.949249,-4.657052,-16.242647,29.488764,63.333118,-8.669071,10.318006,-13.288009
226.000000,-1302.201050,-698.395630,75.241104,-0.005579,-1.027116,-33.039796,-31.823534,4.696864,11.946730,55.256592,-21.068140,2.298850,5.786430,1.783677,-6.254255,24.020113,-28.758642,-2.370231,9.227427,1.776640,1.353306,4.726301,14.722262,-30.396505,62.495251,17.457064,14.374078,1.486559,-5.165215,-15.559855,29.488911,62.404053,-8.391573,10.211197,-13.198775
227.000000,-1300.210693,-699.652954,75.246483,0.770648,-0.531459,-33.635012,-33.350842,3.824303,12.881773,48.114758,-19.485785,1.741920,8.629090,0.884657,-5.857880,21.078394,-28.334120,-1.844706,10.613625,1.077081,1.326251,5.805611,14.672782,-30.346535,62.500126,16.859745,14.360363,1.060163,-5.668633,-15.130350,29.497051,61.215218,-8.159278,9.966935,-13.105551
228.000000,-1298.137939,-700.858276,75.168289,0.856883,-0.300264,-34.208576,-34.115784,3.597612,13.059426,43.800900,-18.120512,1.314619,10.181895,0.583244,-5.835724,20.193321,-27.690771,-1.505463,11.470790,1.102756,1.367888,6.454677,14.543383,-30.316050,62.576836,16.350760,14.290185,0.804766,-6.037567,-14.979113,29.499065,60.401100,-7.978158,9.731183,-13.051939
229.000000,-1295.939575,-702.053040,75.069359,0.390495,-0.321125,-34.420686,-34.822994,3.455002,12.718605,37.782879,-15.914476,0.646584,12.079949,0.562399,-6.342970,20.693939,-25.942440,-0.895659,12.392936,1.811413,1.329340,7.398240,14.203413,-30.307526,62.995308,15.509047,14.068860,0.420962,-6.470535,-14.854729,29.600904,59.320850,-7.715056,9.340893,-12.971928
230.000000,-1293.638672,-703.278076,74.984230,-0.192812,-0.448125,-34.235229,-34.818344,3.040899,11.813270,32.985069,-14.043686,0.215330,13.164082,0.654123,-7.245001,23.215418,-23.419014,-0.178207,12.923308,2.662706,0.970460,8.241353,13.894919,-30.307362,63.668255,14.593711,13.831510,0.120839,-6.467581,-14.728399,29.873835,58.618225,-7.534928,9.104538,-12.867393
231.000000,-1291.178223,-704.604370,74.909866,-0.632420,-0.727722,-33.904537,-34.152451,2.276987,10.898439,29.127596,-12.540581,0.049604,13.666508,0.494564,-8.074581,27.318762,-19.672028,0.606123,13.073815,3.129057,0.392747,9.244566,13.858856,-30.360275,64.321693,13.498673,13.652293,-0.164647,-6.212035,-14.319555,29.993576,58.264343,-7.302356,8.977107,-12.708848
232.000000,-1288.591064,-706.033569,74.820930,-0.743550,-1.360468,-33.604419,-32.598808,1.382776,10.428497,26.777626,-10.912928,0.745232,13.780151,-0.128456,-8.392489,32.610977,-14.230615,1.409411,13.086699,3.002841,0.221264,10.172931,14.133190,-30.505352,64.808571,12.578043,13.551805,-0.472643,-5.935515,-13.750359,30.150085,58.190144,-7.110336,8.856396,-12.594954
233.000000,-1285.970703,-707.519836,74.634399,-0.378444,-1.846901,-33.480501,-31.255333,0.354350,10.175055,26.838432,-8.712226,2.474128,13.334292,-1.149678,-8.221849,37.209053,-4.011770,1.946668,13.040753,2.232574,0.059440,10.894289,14.613901,-30.564924,65.085487,11.960958,13.521914,-0.797291,-5.580213,-13.215459,30.231764,58.189991,-6.774412,8.649315,-12.473895
234.000000,-1283.421753,-709.012390,74.327896,0.253703,-2.198986,-33.297343,-29.834532,-1.218638,9.549810,29.369238,-5.991386,5.645771,12.143215,-2.479391,-7.243488,43.395618,5.303370,2.433152,12.767422,0.681686,0.093660,11.361977,15.364980,-30.688465,65.357620,11.397625,13.492387,-1.090708,-5.323631,-12.632805,30.336670,58.308632,-6.171267,8.257245,-12.348001
235.000000,-1281.036987,-710.374756,73.861435,0.691630,-2.504273,-33.166020,-29.321110,-2.517135,8.684748,33.625839,-6.494817,8.000380,9.772565,-3.444957,-6.348329,51.105640,6.333181,2.323178,12.192953,-0.422397,0.368747,11.197129,15.819551,-30.944410,65.603226,10.842820,13.383790,-1.196404,-5.569919,-12.468049,30.412699,58.761284,-5.646684,7.705160,-12.330206
236.000000,-1278.792847,-711.619263,73.357170,1.028829,-3.068141,-32.947398,-29.080725,-3.144558,8.345402,37.421371,-8.017232,7.825175,7.531432,-4.266333,-6.226140,57.371624,4.560126,2.190345,11.568955,-0.969560,0.914604,10.636271,15.942065,-31.146702,65.935646,10.626529,13.162953,-1.274717,-5.967360,-12.542070,30.336065,59.332684,-5.334957,7.291608,-12.335235
237.000000,-1276.514771,-712.830261,72.866547,1.205885,-3.629017,-32.610289,-28.355440,-3.876565,7.972207,41.927372,-10.732628,7.511575,4.182576,-5.336773,-6.386635,65.208984,1.168228,1.851014,10.606640,-1.336385,1.596193,9.520150,15.921351,-31.592148,66.740570,10.569868,12.728130,-1.438812,-6.393430,-12.910660,30.135326,60.414257,-4.969679,6.823124,-12.341240
238.000000,-1274.307495,-714.016418,72.501907,1.552433,-3.974015,-32.124483,-27.461901,-4.684446,7.693550,45.268478,-14.365014,7.436529,0.720728,-6.243801,-6.521309,71.200516,-2.741392,1.353839,9.661941,-1.668507,1.817542,8.251226,15.905295,-32.006237,67.666267,10.549791,12.376993,-1.566262,-6.393754,-13.495899,29.984123,61.575260,-4.791660,6.542459,-12.359919
239.000000,-1272.158203,-715.196472,72.308884,1.986712,-4.112707,-31.609824,-25.836166,-5.841860,7.482360,47.774075,-18.488049,7.530079,-3.998410,-7.210021,-6.363729,77.053551,-7.850791,0.617891,8.766971,-2.231842,1.798342,6.401614,15.965001,-32.273159,68.704979,10.736309,12.136219,-1.648711,-5.986090,-14.503693,29.959404,63.199772,-4.946462,6.316533,-12.381070
240.000000,-1269.996826,-716.388245,72.277466,2.078324,-4.145418,-30.836296,-23.918379,-6.768161,6.902556,48.854485,-21.456156,7.720757,-8.577188,-7.609424,-6.535697,80.637245,-12.853368,-0.167334,7.753575,-2.363322,1.539606,4.588868,16.029129,-32.309074,69.270714,11.446588,12.080239,-1.671626,-5.401947,-15.665751,29.958290,65.204765,-5.833411,6.150548,-12.518000
241.000000,-1267.839355,-717.605896,72.399826,1.873223,-4.212437,-29.994803,-21.612791,-7.368043,5.938206,49.151012,-23.884825,7.794982,-12.868476,-7.628741,-7.114959,82.262886,-17.253645,-0.835625,6.618830,-2.073884,1.282230,2.791865,16.142691,-32.306938,69.357422,12.464702,12.089895,-1.677603,-4.663522,-16.813356,29.913021,67.355431,-6.790498,6.257050,-12.843370
242.000000,-1265.703247,-718.867188,72.647003,1.493698,-4.312000,-29.075804,-18.867424,-7.732064,4.685291,48.707584,-25.925299,7.765062,-16.899544,-7.542089,-8.031392,82.056984,-20.666388,-1.359228,5.318851,-1.612574,1.085851,1.052418,16.355509,-32.194458,68.847145,13.763948,12.178699,-1.673626,-3.698645,-17.734554,29.764683,69.254204,-7.293182,6.734254,-13.182590
243.000000,-1263.614502,-720.167480,72.978157,0.995402,-4.400378,-28.164486,-16.114819,-7.814588,3.398357,47.737892,-27.439434,7.603168,-20.213253,-7.449027,-9.143420,80.345840,-22.756224,-1.644472,4.075696,-1.135189,0.973608,-0.437336,16.595369,-31.886515,67.841019,14.905766,12.308959,-1.611876,-2.507818,-18.306488,29.682819,70.309425,-7.392907,7.487496,-13.418983
244.000000,-1261.573608,-721.503540,73.370705,0.383707,-4.430201,-27.117502,-13.370611,-7.718755,2.016388,46.432255,-28.613977,7.382820,-22.916212,-7.460796,-10.617697,77.447845,-24.105907,-1.800959,2.814911,-0.644132,0.941629,-1.806953,16.789871,-31.439413,66.587433,15.709219,12.400103,-1.454333,-1.142320,-18.623777,29.646585,70.706787,-7.409232,8.294477,-13.539974
245.000000,-1259.545654,-722.898926,73.802887,-0.055360,-4.475030,-26.346401,-9.733025,-7.438468,0.440819,44.035290,-29.610289,7.103363,-25.677643,-7.609614,-12.475581,72.343521,-24.876925,-1.958632,1.319491,-0.229071,0.997082,-3.375430,16.944160,-30.732725,64.771698,16.119938,12.432448,-1.161584,0.651558,-18.566624,29.628376,70.742485,-7.410209,9.077258,-13.555836
246.000000,-1257.452271,-724.357239,74.253685,-0.596409,-4.475279,-25.670745,-5.751621,-6.840141,-0.848239,40.890152,-30.237453,6.774827,-27.716173,-7.625191,-14.139027,65.839355,-24.536776,-2.061385,-0.072566,0.159280,1.069826,-4.613716,16.913204,-29.946823,62.737953,16.110809,12.412278,-0.833111,2.379985,-18.143194,29.631845,70.768517,-7.420428,9.497566,-13.465355
247.000000,-1255.387573,-725.800354,74.657784,-1.196793,-4.338807,-24.791277,-1.781917,-6.017841,-2.388500,37.322769,-30.513025,6.336320,-28.953236,-7.459476,-15.714895,58.071850,-23.334639,-1.963082,-1.824743,0.730219,0.928675,-5.628748,16.601997,-29.331821,60.775230,15.866710,12.309510,-0.578041,4.054915,-17.541763,29.644663,70.924057,-7.382183,9.658090,-13.250650
248.000000,-1253.276001,-727.300903,74.993248,-1.567466,-4.188649,-24.065085,1.655026,-5.144283,-3.009002,34.170929,-30.170160,5.956310,-29.549152,-7.202842,-16.551449,50.665367,-21.219425,-1.625072,-3.180426,1.068295,0.794846,-6.521433,16.179504,-28.985525,59.121330,15.437333,12.060309,-0.488477,5.500896,-16.962231,29.722075,71.135216,-7.220071,9.665173,-12.947034
249.000000,-1251.127930,-728.865845,75.245422,-1.430132,-4.154882,-23.575274,4.268649,-4.513093,-2.829602,32.425873,-29.060978,5.561469,-29.831518,-7.025419,-16.658592,44.118412,-19.114168,-1.210711,-4.134386,1.035727,0.775262,-7.365180,15.751464,-28.775110,57.656494,14.957511,11.706654,-0.464009,6.784502,-16.457844,29.855824,71.218513,-6.852540,9.622005,-12.653548
250.000000,-1248.979736,-730.438599,75.441139,-0.904498,-4.380994,-23.438130,6.530484,-4.148214,-1.737380,32.548981,-26.499376,4.964701,-29.588238,-7.006215,-16.190372,37.278286,-16.764591,-0.843806,-4.697762,0.558003,0.946953,-8.308315,15.127196,-28.600714,56.225784,14.343757,11.146267,-0.450717,8.101633,-15.932059,30.130671,71.438690,-6.091974,9.413526,-12.343677
251.000000,-1246.862061,-731.972412,75.608017,-0.406035,-4.698077,-23.414616,7.768978,-3.855333,-0.437628,34.952614,-22.771915,4.236728,-28.720804,-7.039510,-15.948757,31.832993,-14.750911,-0.711949,-4.967425,0.150226,1.058657,-8.990692,14.340816,-28.542181,55.383842,13.953196,10.547079,-0.445365,9.100258,-15.594031,30.634216,72.055832,-5.241734,9.087649,-12.113492
252.000000,-1244.494385,-733.690552,75.755104,-0.021856,-5.240334,-23.269881,8.002525,-3.332134,0.599895,39.446724,-17.421438,3.456059,-27.086960,-6.838231,-15.470492,27.707733,-12.860806,-0.750567,-5.190094,0.037890,1.111704,-9.366198,13.528046,-28.503031,54.911266,13.714732,9.971808,-0.439306,10.077252,-15.492053,31.113323,72.581528,-4.187653,8.822188,-12.058699
253.000000,-1242.082153,-735.463867,75.806313,0.105059,-5.783897,-23.163500,7.667919,-2.487396,1.555200,44.101471,-10.595644,2.958431,-25.195944,-6.304495,-14.660782,25.266233,-11.318431,-1.074322,-5.183942,0.179011,0.948351,-9.400840,12.895105,-28.498781,54.839630,13.648617,9.487964,-0.425541,11.018324,-15.545196,31.444881,72.858131,-3.484919,8.681434,-12.062071
254.000000,-1239.703857,-737.215271,75.641182,-0.245007,-6.001451,-22.909716,6.546657,-0.830595,1.978974,49.255451,2.505275,1.346712,-23.081934,-5.248514,-14.157293,24.251387,-9.284952,-2.028486,-5.053346,0.970917,0.295743,-9.252237,12.260030,-28.501085,54.985397,13.637094,9.043105,-0.361697,12.183539,-15.852996,31.794085,72.927521,-2.931085,8.501969,-12.092009
255.000000,-1237.436279,-738.902588,75.224640,-1.008789,-6.162176,-22.864468,5.158491,0.575998,1.895454,53.989166,6.114484,0.512134,-22.438728,-4.142540,-14.039482,26.260689,-7.386132,-4.144127,-4.617431,1.947461,-0.009728,-9.334931,11.908936,-28.507298,55.302601,13.645369,8.727766,-0.125353,12.628382,-16.188456,31.984398,72.967163,-2.748585,8.296434,-12.116657
256.000000,-1235.351318,-740.493591,74.613892,-1.924034,-6.495797,-22.771873,2.709734,2.411546,1.427647,60.753704,5.202943,-0.137594,-22.144554,-2.922626,-14.287022,30.567015,-6.304118,-4.998560,-3.801031,3.305577,0.298938,-9.855485,11.673546,-28.543631,56.032146,13.648082,8.265843,0.344371,12.511083,-16.620308,32.147964,73.033798,-2.736055,7.985107,-12.127490
257.000000,-1233.337891,-742.094971,73.898026,-2.598677,-6.919596,-22.828011,-0.578871,3.818537,0.893068,68.161156,1.350687,-0.367913,-22.003559,-2.044145,-14.678168,35.809353,-8.082557,-5.081924,-2.726524,4.317688,1.018533,-10.489373,11.858021,-28.567200,57.029789,13.608792,7.837646,0.830905,11.772461,-17.027092,32.339779,73.036652,-2.751879,7.658552,-12.099810
258.000000,-1231.392822,-743.672852,73.257484,-3.075441,-7.124926,-22.845499,-4.230539,4.780761,0.707495,74.049461,-3.338658,-0.267062,-21.795444,-1.445690,-15.001746,40.091209,-10.958804,-5.280639,-1.912465,4.788396,1.321876,-10.707088,12.498430,-28.698551,58.223343,13.385867,7.520120,1.318693,10.765109,-17.368597,32.637730,73.036858,-2.764763,7.391019,-12.007174
259.000000,-1229.464844,-745.209839,72.802750,-3.519770,-7.350377,-23.019394,-8.785205,5.621903,0.520645,79.178886,-8.569799,-0.023102,-20.952036,-0.452808,-15.245893,44.350410,-16.056482,-5.596279,-0.968671,5.254900,1.559500,-10.558270,13.624452,-28.966818,60.011116,12.997276,7.301803,1.875575,9.177345,-17.841484,33.160202,73.096001,-2.851940,7.120761,-11.885704
260.000000,-1227.524292,-746.719421,72.571487,-3.815476,-7.447308,-23.300962,-12.169128,5.739465,0.376554,81.314972,-12.087811,0.290340,-19.884562,0.346735,-15.276467,46.044041,-19.068850,-5.819462,-0.314802,5.407701,1.496091,-10.117848,14.625525,-29.316683,61.451939,12.851196,7.244459,2.301358,7.855717,-18.132650,33.548302,73.220177,-3.226952,7.048931,-11.772476
261.000000,-1225.569702,-748.222656,72.541992,-3.671467,-7.564025,-23.866939,-16.463720,5.520083,0.741398,82.483986,-16.642452,0.706179,-17.975960,1.274547,-14.932285,47.144642,-22.206789,-6.012670,0.679088,5.156097,1.398361,-9.264398,16.069143,-29.896778,63.535236,12.976097,7.250089,2.868228,5.935491,-18.373764,33.853710,73.319183,-4.064099,7.089793,-11.629045
262.000000,-1223.607422,-749.694092,72.679176,-3.157372,-7.657877,-24.590085,-20.505468,5.185442,2.005518,81.564392,-20.676744,1.134012,-15.702436,1.900282,-14.097116,47.376118,-24.710957,-6.087028,1.735740,4.343782,1.271756,-8.019269,17.437384,-30.350811,65.724289,13.150436,7.500665,3.465496,3.864508,-18.427349,33.871037,73.272049,-5.082294,7.234059,-11.595678
263.000000,-1221.587891,-751.117615,72.938492,-2.524059,-7.681124,-25.573273,-23.863159,5.010154,3.465829,79.012550,-22.931871,1.505751,-13.376200,2.370893,-13.058098,46.835201,-26.481329,-6.055613,2.864107,3.512224,1.146572,-6.602077,18.313765,-30.734121,67.416557,13.182814,8.115310,3.933949,1.935299,-18.456100,33.841087,73.017494,-6.343909,7.485533,-11.609243
264.000000,-1219.548340,-752.426575,73.261421,-1.998924,-7.625866,-26.840417,-27.478043,5.175043,5.211771,74.184624,-24.299057,1.762034,-10.346797,3.084517,-11.471095,45.346413,-28.040482,-5.932806,4.610628,2.828511,1.030248,-4.639391,18.688620,-31.114378,68.928452,13.175140,9.134717,4.313684,-0.558493,-18.600126,33.683655,72.447495,-8.016923,7.903245,-11.688201
265.000000,-1217.404663,-753.684448,73.623817,-1.758783,-7.495763,-28.100055,-30.217175,5.646757,6.461771,67.566925,-23.830805,1.774498,-7.209454,3.916228,-9.996979,43.010757,-28.895435,-5.823638,6.089381,2.745052,1.071696,-2.640758,18.372717,-31.407705,69.778015,13.012945,10.024115,4.336495,-3.108696,-18.868256,33.214626,71.360435,-8.929178,8.206986,-11.915728
266.000000,-1215.272705,-754.867432,73.949448,-1.624379,-7.227966,-29.425240,-32.342178,6.158522,7.441953,59.570618,-22.306570,1.583047,-4.101858,4.731556,-8.452303,40.245975,-29.413568,-5.743764,7.468104,2.882840,1.141077,-0.707350,17.672573,-31.599813,70.268677,12.618370,10.588126,4.080138,-5.753979,-19.068436,32.639385,69.860352,-9.121670,8.264566,-12.248124
267.000000,-1213.090088,-756.049805,74.210846,-1.522970,-6.981820,-30.750577,-33.720909,6.513408,8.119948,51.024319,-19.998102,1.228440,-0.845670,5.405374,-6.838574,37.222210,-29.760382,-5.655091,8.824701,3.029986,1.301939,1.023902,16.757795,-31.612312,70.654160,12.031075,10.768016,3.583397,-8.416585,-19.030752,32.129833,68.308502,-9.111337,8.029507,-12.636587
268.000000,-1210.935181,-757.213501,74.370064,-1.516629,-6.767561,-31.887026,-34.301739,6.703998,8.423254,45.414055,-18.353273,0.868173,1.536101,5.777449,-5.816129,34.987934,-29.924150,-5.546232,9.709337,3.116191,1.385878,2.036854,16.088814,-31.571182,70.997063,11.627548,10.715315,3.139402,-10.089318,-18.846828,31.880764,67.344688,-9.072792,7.690941,-12.918382
269.000000,-1208.649048,-758.456177,74.408318,-1.314821,-6.402689,-33.221377,-34.910637,6.926796,8.740550,37.177723,-16.023228,0.097265,5.159128,6.036584,-4.245186,31.572630,-30.276205,-5.296425,11.242895,3.019373,1.197900,3.477712,15.106753,-31.480095,71.725807,10.983242,10.494851,2.371849,-12.452318,-18.332676,31.553812,65.852562,-8.979654,7.088228,-13.240745
270.000000,-1206.327393,-759.702637,74.339851,-1.093913,-6.103932,-34.477020,-34.997982,6.956907,8.689547,30.528727,-14.202207,-0.696586,8.268659,5.764222,-3.154466,29.175568,-30.554979,-4.916354,12.382516,2.708898,0.919244,4.874905,14.378588,-31.391838,72.405586,10.355330,10.250988,1.640402,-14.708222,-17.572065,31.125368,64.499336,-8.882726,6.479247,-13.287534
271.000000,-1203.956665,-760.942383,74.201134,-1.076425,-6.072084,-35.347012,-34.690384,7.017512,8.586202,25.604561,-12.728442,-1.232538,11.222019,5.366216,-2.925370,27.751368,-30.289719,-4.380011,12.928261,2.632740,0.814126,6.135474,13.765882,-31.233828,72.943527,9.760041,10.147083,0.927670,-16.844116,-16.807581,30.541739,63.319019,-8.874716,5.734773,-13.293944
272.000000,-1201.565552,-762.154663,74.047920,-1.091927,-6.417908,-35.946055,-33.776688,7.023772,8.736008,22.608044,-11.310180,-1.397958,13.881511,4.716282,-3.380501,27.941725,-29.332426,-3.591027,13.230270,2.651729,1.064402,7.063416,13.280826,-31.209616,73.446190,9.245469,10.107192,0.273382,-18.652870,-16.193047,29.684069,62.236858,-8.815362,4.959764,-13.298301
273.000000,-1199.016724,-763.416077,73.909668,-0.957930,-6.729558,-36.385088,-33.006027,6.817323,8.732290,21.490334,-10.235374,-1.271905,15.093950,4.027922,-3.928188,29.336016,-28.204889,-2.910890,13.362473,2.533717,1.090537,7.648729,13.058369,-31.215677,73.733032,9.014495,10.121183,-0.133504,-19.557917,-15.823035,29.007982,61.567417,-8.772780,4.478264,-13.306151
274.000000,-1196.278198,-764.743103,73.813675,-0.591691,-7.009258,-36.712732,-31.400745,6.149919,8.938604,20.819923,-8.307989,-0.820436,16.092503,2.426693,-5.069735,33.360153,-25.330378,-1.731823,13.393122,2.003958,0.985361,8.560419,12.899895,-31.272821,73.979988,8.848642,10.184658,-0.719871,-20.388000,-15.233296,27.831562,60.533115,-8.754580,3.855065,-13.349563
275.000000,-1193.445068,-766.087463,73.760941,-0.073798,-7.100175,-36.796928,-29.570732,5.185108,9.464831,21.268700,-6.383024,-0.120193,16.016130,0.307864,-6.466349,38.684525,-20.281536,-0.393679,13.198203,1.153678,0.519816,9.336864,12.889352,-31.355894,74.271561,8.738940,10.268244,-1.250992,-20.379139,-14.707550,26.656139,59.573605,-8.667107,3.427391,-13.392889
276.000000,-1190.552246,-767.448425,73.732452,0.618423,-7.106287,-36.980320,-27.539185,4.118146,10.541159,22.682589,-4.916737,0.769090,15.115858,-2.302344,-7.514625,44.422611,-11.846059,2.204323,12.871089,-0.053906,-0.093181,9.974189,13.067419,-31.488014,74.507202,8.614935,10.402650,-1.755662,-19.868565,-14.179218,25.640326,58.777218,-8.422976,3.107508,-13.485553
277.000000,-1187.570801,-768.867615,73.674500,1.688232,-7.224022,-37.183084,-25.741791,2.714864,11.412976,25.091446,-3.291904,3.141819,13.711517,-5.091654,-7.620358,49.121487,2.658563,2.332924,12.455722,-1.656942,-0.214452,10.220955,13.470765,-31.697052,74.508263,8.596422,10.544790,-2.168555,-19.419895,-13.660888,25.060949,58.527622,-8.108398,2.759880,-13.701671
278.000000,-1184.847900,-770.135620,73.522240,2.663151,-7.511734,-37.383833,-24.877611,1.558186,11.967755,28.412798,-2.437791,3.946154,11.689833,-7.299249,-6.936006,54.630379,9.385881,1.424721,11.970448,-3.043897,0.487872,9.806363,13.871247,-31.906521,74.243484,8.585845,10.613713,-2.326966,-19.376591,-13.428559,24.877773,58.612431,-7.765998,2.451995,-13.944684
279.000000,-1182.269287,-771.264954,73.344437,3.136511,-7.782584,-37.537431,-24.128927,0.759902,12.182870,31.621634,-2.429889,4.420167,9.129350,-8.785965,-6.473655,59.818642,10.728521,0.489078,11.380001,-3.746555,1.250340,9.083554,14.081923,-32.164234,73.914177,8.579849,10.647208,-2.372015,-19.248207,-13.477816,24.811323,58.885010,-7.411977,2.204583,-14.158062
280.000000,-1179.760864,-772.341003,73.251328,3.250439,-8.032983,-37.316183,-23.082550,-0.143980,11.991076,34.894840,-3.865748,4.734641,4.776289,-10.002978,-6.474536,66.954132,5.856528,-0.447975,10.452386,-4.011662,1.959863,7.905195,14.233958,-32.563766,73.595100,8.795181,10.589643,-2.427914,-18.617060,-13.806800,24.805311,59.316189,-6.659415,2.098785,-14.229832
281.000000,-1177.358398,-773.444641,73.362495,3.318451,-8.329914,-36.754536,-21.653671,-1.165582,11.466857,37.675194,-7.753275,4.969357,0.237693,-10.577782,-7.107675,72.637733,-0.533846,-1.321164,9.143690,-4.106351,2.487027,6.431707,14.525631,-32.816887,73.496712,9.421522,10.445178,-2.503153,-17.251181,-14.220732,24.763165,60.023788,-6.051569,2.137287,-14.221437
282.000000,-1174.903809,-774.627686,73.658707,3.278924,-8.428260,-36.104088,-19.573557,-2.165859,10.928846,38.944687,-11.430701,5.166077,-4.662667,-10.531088,-7.707200,76.188881,-7.420547,-2.043846,7.928516,-4.124795,2.437474,4.986856,15.018651,-32.838234,73.436600,10.175707,10.247581,-2.533498,-15.073491,-14.719105,24.647682,60.897610,-5.643669,2.350840,-14.131278
283.000000,-1172.422729,-775.825378,74.079460,3.094793,-8.372951,-35.429758,-17.297083,-2.976350,10.329148,38.929581,-13.951796,5.349819,-9.089468,-10.311748,-8.604823,77.199707,-12.855172,-2.382531,6.722288,-3.863891,1.924280,3.833577,15.502331,-32.835861,73.211533,11.182044,10.182873,-2.554211,-12.815331,-15.384093,24.500803,62.013485,-5.552987,2.570491,-14.028844
284.000000,-1169.898560,-777.021973,74.561134,2.704815,-8.213134,-34.645203,-14.278914,-3.775797,9.398566,38.077168,-16.343723,5.518900,-14.171612,-9.753782,-9.724606,76.000549,-17.941048,-2.535300,5.059624,-3.102583,1.073406,2.573405,16.082550,-32.796165,72.508797,12.570467,10.178455,-2.658008,-10.091866,-16.562027,24.315392,63.706921,-5.533426,2.846299,-13.974970
285.000000,-1167.407471,-778.194336,75.024139,2.128141,-8.120011,-33.556462,-11.810930,-4.165682,8.559571,36.635761,-16.382280,5.597145,-17.257120,-9.301866,-10.698986,73.421585,-20.284664,-2.540388,3.539105,-2.250685,0.585619,1.706664,16.504988,-32.736362,71.582962,13.639421,10.228046,-2.824241,-8.245569,-17.609001,24.176294,64.965210,-5.533175,3.130715,-14.042657
286.000000,-1164.948242,-779.405090,75.468536,1.872609,-8.199105,-32.583471,-8.336117,-4.946806,7.327408,34.682232,-18.023144,5.677541,-20.673864,-9.146739,-11.905972,68.421249,-21.904312,-2.399853,1.574264,-1.395138,0.381963,0.380615,17.142036,-32.462944,69.897530,15.078775,10.346372,-3.127350,-5.858032,-18.865322,23.911312,66.451843,-5.501535,3.723117,-14.321466
287.000000,-1162.521118,-780.680237,75.846931,1.739500,-8.269541,-31.548150,-4.470083,-5.790550,6.087159,32.057484,-19.552603,5.696575,-23.475859,-9.180031,-12.985056,61.713654,-22.042578,-2.096019,-0.296234,-0.850821,0.456333,-0.979992,17.908052,-31.761515,67.495377,16.436504,10.408932,-3.505336,-3.262435,-19.750137,23.506014,67.496841,-5.395408,4.581997,-14.739998
288.000000,-1160.143799,-782.010620,76.111176,1.541655,-8.237875,-30.185053,-1.069806,-6.434757,4.604006,29.556648,-20.563786,5.699277,-25.412008,-9.448880,-14.372769,54.804081,-21.227049,-1.778831,-2.107268,-0.468111,0.611088,-2.450948,18.546612,-30.978796,65.120186,17.208517,10.397002,-3.870805,-0.741707,-20.197451,23.302246,68.101997,-5.342281,5.448748,-15.068316
289.000000,-1157.807861,-783.402710,76.244049,1.394595,-8.128382,-28.756601,2.951505,-6.980195,2.683490,26.454960,-21.441675,5.687349,-27.232971,-9.858950,-16.021908,46.023808,-19.453842,-1.404443,-4.199553,-0.168311,0.795851,-4.423559,19.195839,-29.960644,62.187782,17.606169,10.215736,-4.290630,2.414572,-20.281706,23.131351,68.666107,-5.199126,6.425837,-15.216516
290.000000,-1155.394897,-784.902100,76.249062,1.237081,-7.947897,-27.246885,6.619829,-7.176519,0.919519,23.614635,-22.222343,5.531730,-28.262980,-10.277088,-17.343096,37.922592,-17.272642,-1.039407,-5.938056,-0.000039,0.867044,-6.335524,19.582333,-29.100174,59.701336,17.612339,9.742600,-4.588801,5.310954,-19.963226,23.088675,69.252365,-4.641067,7.143533,-15.129546
291.000000,-1153.045044,-786.411255,76.104370,1.022389,-7.755623,-25.762989,9.149187,-7.053212,-0.248624,21.909496,-22.949163,5.357372,-28.814552,-10.538927,-17.963964,32.848717,-15.904864,-0.759809,-7.059979,0.155476,0.864855,-7.857755,19.681698,-28.536770,58.148499,17.360193,9.250153,-4.757470,7.412941,-19.600176,23.141994,69.709229,-3.988998,7.573578,-14.935941
292.000000,-1150.642334,-788.018250,75.842926,0.766110,-7.673138,-24.104538,12.094815,-6.444000,-0.938130,20.648317,-24.076979,4.800351,-29.051607,-10.841222,-18.124100,27.847643,-14.426549,-0.482512,-8.286164,0.322497,0.931921,-9.950969,19.614611,-27.791216,56.418076,16.731680,8.525303,-4.937836,10.039704,-19.005754,23.380745,70.407646,-2.895513,7.948519,-14.544860
293.000000,-1148.240723,-789.681946,75.560066,0.519153,-7.629343,-22.731803,14.037569,-5.589410,-0.631355,21.078871,-24.870377,4.243800,-28.783794,-10.924590,-17.711664,24.933556,-13.178717,-0.376184,-9.111208,0.398113,0.896963,-11.621860,19.388609,-27.258171,55.196774,16.129292,7.880887,-4.973263,12.070601,-18.320457,23.693819,71.313759,-1.678119,8.171452,-14.153859
294.000000,-1145.753052,-791.451843,75.327942,0.276566,-7.701834,-21.849237,15.242135,-4.268567,0.346688,24.338346,-25.097176,3.332716,-27.905024,-10.419758,-16.856606,23.100609,-11.542483,-0.545342,-9.443235,0.614685,0.759920,-13.090198,18.825174,-26.654278,54.121231,15.523274,7.130958,-4.872576,14.092216,-17.459818,24.258022,72.518372,-0.182061,8.515114,-13.756396
295.000000,-1143.232666,-793.285095,75.195297,0.016359,-8.024131,-21.569147,15.408850,-2.751797,1.794334,29.959602,-23.479511,2.246357,-26.191120,-9.410690,-16.001146,22.771328,-9.760303,-1.225167,-9.154345,0.889471,0.682856,-13.682656,18.147589,-26.191366,53.603050,15.202927,6.379258,-4.640557,15.560480,-16.760393,25.083889,73.419022,1.039412,8.871231,-13.468545
296.000000,-1140.672729,-795.182678,75.164345,-0.548918,-8.453002,-21.477000,14.647039,-0.602350,3.239756,37.365978,-19.059458,1.199810,-23.497364,-7.812450,-15.904817,22.703133,-8.061123,-2.274056,-8.553235,1.595088,0.620163,-13.589444,17.371738,-25.826380,53.541477,15.228036,5.696752,-4.335230,16.786428,-16.358471,26.145021,73.740959,1.788862,9.251040,-13.214602
297.000000,-1138.004639,-797.215576,75.193062,-1.244841,-8.844222,-21.788944,13.360059,2.074917,4.840483,44.667065,-10.006233,0.077190,-20.284628,-5.667386,-15.905292,22.736893,-6.816556,-3.164759,-7.703128,2.487485,0.379252,-12.743494,16.705454,-25.466805,53.629730,15.388106,5.268090,-3.987166,17.645824,-16.144201,27.042702,73.765915,2.005332,9.508078,-13.020786
298.000000,-1135.347290,-799.233093,75.211403,-2.443552,-9.022767,-22.204894,12.309988,4.356137,5.709274,48.603939,-0.826630,-0.980725,-18.353188,-3.807291,-15.860396,22.773933,-4.999403,-4.800149,-7.076475,3.451441,0.168921,-11.909353,16.267300,-25.228580,53.936218,15.598572,5.023689,-3.666970,17.818295,-16.163549,27.483820,73.761993,2.013483,9.582258,-12.952412
299.000000,-1132.804321,-801.168518,75.099930,-4.048231,-9.076539,-22.317711,9.653359,8.135684,5.610106,55.436081,9.296343,-0.847595,-16.163385,-1.095443,-16.633930,24.005312,-3.235455,-5.430707,-6.391623,5.546193,0.180348,-10.972998,15.569316,-24.986401,54.911304,15.961554,4.656745,-3.043817,17.375410,-16.392061,27.800760,73.677727,1.802960,9.537364,-12.894884
300.000000,-1130.411865,-803.070801,74.934441,-5.128968,-9.160483,-22.511173,6.007124,10.635156,4.848979,62.621956,7.583852,-0.084738,-14.605548,0.875427,-17.159107,26.186255,-4.129731,-5.529216,-5.436665,6.887926,0.672426,-10.519048,15.254535,-24.979927,56.387226,16.071119,4.364995,-2.264223,16.077547,-16.546556,27.893204,73.576492,0.930940,9.399782,-12.754352
301.000000,-1128.229736,-804.872986,74.845383,-5.609029,-9.254562,-22.653402,1.384566,11.884958,4.238703,69.301285,2.099038,0.596289,-13.017806,2.132471,-17.397087,28.273741,-6.023308,-5.750377,-4.512642,7.233256,1.294068,-10.020728,15.449129,-25.120295,58.251469,15.958087,4.200875,-1.412616,14.160439,-16.686686,28.120779,73.255203,-0.431585,9.228743,-12.529780
302.000000,-1126.067505,-806.654541,74.930283,-5.861908,-9.324437,-22.844444,-3.712458,12.422335,4.019449,73.824608,-4.066384,1.128770,-11.097001,3.290421,-17.365456,29.811298,-9.712347,-5.999842,-3.858232,7.150013,1.804153,-9.249760,16.089472,-25.663631,60.628819,16.075209,4.172944,-0.600827,11.805421,-16.921053,28.393476,72.931641,-1.919233,8.900149,-12.284422
303.000000,-1123.848877,-808.440979,75.196548,-5.675159,-9.146659,-23.367382,-8.487229,11.973889,4.230255,75.460396,-9.379470,1.545508,-9.025447,4.229840,-16.832909,29.864157,-12.382754,-6.134135,-3.027781,6.612666,1.747969,-8.213552,16.924490,-26.671560,63.189983,16.669729,4.289520,0.108212,9.502636,-17.108477,28.523918,72.811722,-3.597830,8.625185,-12.070317
304.000000,-1121.630005,-810.184204,75.552811,-5.096405,-8.890224,-24.294423,-14.002554,10.976545,5.261208,75.324837,-14.569510,1.915467,-6.217575,5.121597,-15.593394,28.896736,-14.738587,-6.189983,-1.687954,5.485921,1.424965,-6.457893,18.032059,-27.863598,66.117882,17.393452,4.759353,0.829106,6.545507,-17.285986,28.556803,72.689789,-5.676222,8.412161,-11.950559
305.000000,-1119.305298,-811.912231,75.956436,-4.347424,-8.565820,-25.585720,-18.530142,10.084296,6.904041,72.176720,-17.250235,2.110487,-3.271602,5.797922,-13.956362,26.997080,-16.123386,-6.176815,-0.133588,4.353154,1.024213,-4.349421,18.672697,-28.630693,68.466728,17.750160,5.663651,1.396965,3.615380,-17.451633,28.380358,72.474754,-7.802429,8.353979,-12.010228
306.000000,-1117.012939,-813.496277,76.301430,-3.784350,-8.390888,-26.979996,-21.352493,9.621967,8.155370,68.404907,-18.178045,2.182866,-0.674131,6.343388,-12.589189,24.974829,-16.780066,-6.131265,1.136189,3.757954,0.986464,-2.688312,18.752439,-29.098270,69.866501,17.738457,6.533218,1.684618,1.343764,-17.632685,28.105940,72.037827,-9.092998,8.369857,-12.240403
307.000000,-1114.673828,-815.014282,76.527168,-3.351768,-8.220055,-28.790555,-24.500399,9.493106,9.896200,62.066036,-18.573887,2.222024,2.914872,7.132393,-10.475559,21.912086,-17.351524,-6.038691,3.211707,3.359534,1.029873,-0.368462,18.392019,-29.568977,70.988182,17.454868,7.776899,1.806060,-1.605367,-17.906464,27.806087,70.975784,-10.027725,8.404669,-12.830754
308.000000,-1112.308838,-816.492554,76.587662,-3.028755,-7.973655,-30.629637,-26.822731,9.708722,11.359730,55.454899,-18.057957,2.228435,6.059059,7.716551,-8.431416,19.245687,-17.854996,-6.006254,5.279278,3.224456,1.104181,1.767974,17.777159,-29.843346,71.336327,16.857084,8.732663,1.709896,-4.205146,-18.063517,27.792974,69.575493,-10.101166,8.398448,-13.426785
309.000000,-1109.982544,-817.914978,76.469704,-2.895656,-7.696940,-32.337430,-29.176022,10.071118,12.664117,47.038464,-16.561024,2.221013,9.623466,8.222136,-6.357717,16.470671,-18.643387,-5.915946,7.472964,3.251341,1.229548,4.150760,16.857714,-29.964186,71.516144,15.697712,9.450974,1.356692,-7.349771,-18.043493,27.844723,67.597221,-9.832529,8.195664,-13.926345
310.000000,-1107.594238,-819.342041,76.225800,-3.013489,-7.508384,-33.921695,-30.539454,10.463171,13.242203,38.790051,-14.333177,1.928509,12.656304,8.649543,-4.904803,14.742823,-19.347973,-5.909420,9.304136,3.580419,1.377587,5.921526,15.827579,-29.918659,72.004303,14.361389,9.590158,0.855867,-10.176282,-17.797482,27.853645,65.920471,-9.118889,7.533370,-14.188415
311.000000,-1105.152954,-820.769104,75.905647,-3.348696,-7.431842,-35.218362,-31.281626,10.656634,13.049697,31.413185,-12.557945,1.295186,15.338338,9.020417,-3.962413,14.084705,-19.927361,-5.720879,10.831221,4.099335,1.412427,7.288332,14.787358,-29.801842,72.896027,13.122150,9.467724,0.316822,-12.696214,-17.346260,27.857512,64.813560,-8.353796,6.625347,-14.340646
312.000000,-1102.602417,-822.254395,75.556664,-3.677291,-7.390999,-36.043121,-31.507015,10.567919,12.717937,26.707882,-11.479680,0.725983,17.250778,9.129066,-3.708441,14.111935,-20.208378,-5.421637,11.670696,4.404597,1.290700,8.207717,14.126300,-29.671782,73.687180,12.228996,9.352769,-0.078728,-14.265152,-16.884825,27.857040,64.218208,-7.899219,5.905618,-14.385100
313.000000,-1099.979248,-823.786804,75.217308,-3.792087,-7.349213,-36.596204,-31.480658,10.245525,12.556889,22.386810,-10.386085,0.162300,19.339670,8.923027,-3.751087,14.715396,-20.321692,-4.940835,12.271137,4.441206,0.965380,9.327680,13.603427,-29.595858,74.506317,11.118301,9.293510,-0.520652,-15.688888,-16.225750,27.821796,63.585205,-7.541757,5.130784,-14.331781
314.000000,-1097.350830,-825.312927,74.915108,-3.662534,-7.356655,-37.166184,-31.004990,9.721659,12.271116,19.042841,-9.189597,-0.215049,21.438622,8.153028,-4.037096,16.530649,-20.069054,-4.147379,12.837959,4.077426,0.559496,10.604493,13.262753,-29.578651,75.282089,9.752251,9.284039,-0.989311,-16.749264,-15.424048,27.609467,62.574120,-7.377344,4.409595,-14.120624
315.000000,-1094.444702,-826.972778,74.647522,-3.131827,-7.661912,-37.716518,-29.762062,8.912944,12.071345,17.736235,-7.578960,0.045769,22.913090,6.654541,-4.756848,19.893583,-19.100842,-3.033717,13.147496,3.275545,0.585095,11.584595,13.166505,-29.572876,75.734009,8.899464,9.328329,-1.405068,-16.981993,-14.713400,27.008987,61.406807,-7.372441,3.758165,-13.854676
316.000000,-1091.493042,-828.584656,74.437035,-2.390031,-7.811442,-38.304656,-28.345995,7.867666,12.078962,18.042231,-5.537555,0.787621,23.194653,4.595616,-5.587666,25.111612,-16.861248,-1.762167,13.398304,2.232092,0.415918,12.433557,13.153555,-29.568649,75.911308,8.503601,9.462223,-1.770629,-16.542124,-14.157202,26.397907,60.413094,-7.553999,3.199370,-13.579455
317.000000,-1088.350220,-830.206604,74.231392,-1.662514,-7.895341,-38.758210,-27.196228,6.934488,12.092022,19.282597,-3.956752,1.588694,22.738775,2.847413,-6.158875,29.952389,-13.529954,-0.685662,13.491253,1.493190,0.179108,12.960537,13.130833,-29.566795,75.919403,8.347371,9.569578,-1.983986,-15.890484,-13.928782,26.085112,59.858715,-7.707676,2.867975,-13.401336
318.000000,-1085.170410,-831.793518,73.956726,-0.893186,-7.750307,-39.167790,-25.779125,5.689901,12.072949,21.605946,-2.779276,2.577754,21.614008,0.570398,-6.758255,35.851849,-6.671042,1.010187,13.483308,0.670297,-0.269799,13.439109,13.104848,-29.566675,75.881340,8.220873,9.654773,-2.163506,-14.878911,-13.831299,25.906635,59.532356,-7.810975,2.545237,-13.250756
319.000000,-1082.116577,-833.363647,73.588493,0.500826,-7.537536,-39.347461,-25.078548,3.637595,12.283433,25.565208,0.622398,4.729244,19.393053,-2.773923,-7.100369,43.091782,2.988572,1.953809,13.020378,-1.108677,-0.446438,13.525249,13.299233,-29.570335,75.694054,8.204359,9.697667,-2.240847,-13.913063,-13.579923,25.733589,59.662094,-7.999691,2.296241,-13.185980
320.000000,-1079.374756,-834.732910,73.172203,2.026331,-7.559651,-39.462355,-24.965645,1.640900,12.911208,30.605759,0.500869,5.364398,15.961173,-6.162126,-6.955888,51.558189,5.051764,1.577898,12.225986,-2.968228,0.460874,12.584114,13.466408,-29.625647,75.532166,8.158452,9.679555,-2.193555,-13.681683,-13.526954,25.710203,60.309380,-7.923248,2.024093,-13.187794
321.000000,-1076.737671,-836.007812,72.875664,2.977573,-7.550211,-39.223094,-24.540874,-0.006272,13.182024,34.902542,-1.867170,5.898982,11.501292,-8.384424,-6.826065,60.340565,2.543504,0.761858,11.096560,-3.951127,1.303949,11.023950,13.514403,-30.012699,75.617081,8.133742,9.602321,-2.107351,-13.136374,-13.905421,25.734051,61.052544,-7.815188,1.900814,-13.226752
322.000000,-1074.262207,-837.236511,72.882454,3.784772,-7.463040,-38.720993,-23.836451,-1.287941,13.343958,37.358440,-5.560173,6.235334,7.610556,-9.610457,-6.795096,66.280609,-0.632504,0.008031,10.229985,-4.554594,1.768873,9.472608,13.650629,-30.435846,75.838295,8.170276,9.469271,-2.012235,-12.295419,-14.359402,25.786764,61.774940,-7.836714,1.887288,-13.267281
323.000000,-1071.816406,-838.458252,73.168823,4.214733,-7.199438,-38.059349,-22.348068,-2.722214,13.269735,38.529072,-9.060648,6.580762,2.659984,-10.386965,-6.866512,71.852028,-4.972025,-0.901107,9.185419,-4.853005,1.822940,7.609087,13.866730,-30.913275,76.170853,8.360904,9.234128,-1.863942,-10.883335,-15.092645,25.979364,63.084957,-8.111915,1.880414,-13.270507
324.000000,-1069.328369,-839.696716,73.670021,4.319218,-6.912886,-37.323755,-19.859447,-4.277190,12.767792,38.244041,-12.065379,6.944447,-3.284777,-10.776056,-7.296601,76.484070,-10.138622,-1.829603,7.688030,-4.630067,1.435721,5.662189,14.199682,-31.452063,76.330666,8.892457,8.966972,-1.652090,-8.917938,-16.210764,26.220633,65.268890,-8.975198,1.882222,-13.263934
325.000000,-1066.881836,-840.918701,74.282845,4.157280,-6.717644,-36.663372,-16.786846,-5.415266,12.016875,36.663403,-13.955112,7.116183,-8.425778,-10.780403,-7.910521,78.329590,-14.178690,-2.414379,6.238685,-3.889650,0.920358,4.198746,14.612737,-31.589811,76.064232,9.557017,8.808645,-1.522229,-6.816172,-17.493729,26.262865,67.533310,-9.867676,2.076470,-13.259403
326.000000,-1064.470337,-842.185181,74.940231,3.832636,-6.668925,-35.970024,-13.147154,-6.279793,11.002836,34.230293,-15.209362,7.149032,-12.709873,-10.713540,-8.946809,77.541283,-17.367388,-2.626289,4.807174,-2.959817,0.507887,3.006414,15.184184,-31.439400,75.375221,10.245381,8.763951,-1.486685,-4.318961,-18.780869,26.262066,69.126900,-10.356404,2.744888,-13.258530
327.000000,-1062.099609,-843.535034,75.572975,3.427177,-6.737859,-35.148182,-9.111863,-6.980094,9.666484,31.173780,-16.037220,7.137543,-16.265553,-10.608693,-10.334389,74.846352,-19.504469,-2.655503,3.255338,-2.129983,0.282687,1.999127,16.006445,-31.262793,74.240448,10.681736,8.767296,-1.483826,-1.519612,-19.734327,26.257524,69.991905,-10.478742,3.688738,-13.248093
328.000000,-1059.807007,-844.957764,76.129272,2.965108,-6.831217,-34.244621,-6.235063,-7.306431,8.618256,28.880938,-16.426666,7.074526,-18.262115,-10.437624,-11.347242,71.897491,-20.330011,-2.609435,2.130856,-1.663614,0.263329,1.382923,16.693056,-31.234798,73.219162,10.850451,8.768239,-1.486473,0.428937,-20.066418,26.246864,70.280235,-10.396633,4.369147,-13.181543
329.000000,-1057.555786,-846.460083,76.557091,2.439586,-6.695714,-33.289750,-1.871994,-7.555698,6.835799,25.063374,-16.959780,6.806235,-21.217617,-9.889875,-12.789115,65.585457,-20.962870,-2.477755,0.291952,-1.069607,0.148923,0.495038,17.899572,-31.226831,71.292908,10.996370,8.754187,-1.530873,3.421219,-20.139627,26.213432,70.449684,-10.100151,5.344256,-12.896484
330.000000,-1055.454224,-847.955994,76.809937,2.116417,-6.540583,-32.365073,1.886572,-7.649518,5.325853,21.742870,-17.299028,6.592818,-23.645525,-9.375025,-13.810748,58.530594,-20.522226,-2.375635,-1.447866,-0.866842,0.295393,-0.434725,19.142872,-31.223112,69.180016,11.081026,8.627146,-1.634080,5.807098,-19.769966,26.065331,70.449715,-9.872611,5.956225,-12.486483
331.000000,-1053.441772,-849.434448,76.906113,1.921842,-6.293684,-31.277938,5.302746,-7.700503,3.896597,18.779541,-17.629665,6.375942,-25.590437,-9.093793,-14.773475,50.545891,-18.948648,-2.323725,-3.391379,-0.902752,0.510662,-1.421197,20.304028,-31.219000,67.238441,11.078375,8.213849,-1.745306,7.839117,-19.210707,25.707754,70.448662,-9.796659,6.131718,-12.041849
332.000000,-1051.464600,-850.901428,76.874207,1.850858,-6.051755,-30.175867,8.217063,-7.722646,2.637893,16.714809,-18.025547,6.123887,-26.998549,-8.929147,-15.324370,42.684383,-16.897766,-2.253733,-5.208859,-1.069688,0.753048,-2.423315,21.228403,-31.122787,65.534988,11.069948,7.696969,-1.876014,9.620761,-18.696100,25.240320,70.555321,-9.770173,6.021933,-11.617337
333.000000,-1049.493530,-852.356079,76.758942,1.870084,-5.820483,-29.075288,9.920224,-7.691870,1.907068,15.906970,-18.335886,5.925340,-27.591698,-8.926673,-15.624108,37.634869,-15.478707,-2.102831,-6.313898,-1.174192,0.854132,-3.025364,21.680536,-31.044840,64.489738,11.035122,7.335695,-1.950242,10.738993,-18.431503,24.951841,70.761345,-9.760818,5.857279,-11.389660
334.000000,-1047.494751,-853.823303,76.599411,1.920890,-5.615745,-28.020246,12.211023,-7.539400,1.064272,15.571203,-18.814472,5.528416,-28.081768,-9.003160,-15.857897,30.487869,-13.441060,-1.716486,-7.794149,-1.284161,0.841051,-3.828301,22.159258,-31.015171,63.009476,10.761195,6.787674,-2.056683,12.479057,-18.113342,24.710114,71.288651,-9.636050,5.556020,-11.193024
335.000000,-1045.278320,-855.446838,76.412750,1.976390,-5.589424,-27.034220,14.078325,-7.162140,0.866938,16.460730,-19.079496,5.018737,-27.867865,-8.951875,-15.429905,25.314020,-11.798053,-1.229051,-8.722324,-1.258680,0.775338,-4.358072,22.299944,-30.993031,61.855282,10.254194,6.346303,-2.109449,14.081554,-17.892738,24.645060,72.057289,-9.398793,5.271258,-11.121242
336.000000,-1042.977295,-857.117676,76.233971,1.759652,-5.752742,-25.989899,15.241529,-6.601479,0.799393,17.984470,-19.167299,4.514878,-27.258839,-8.887740,-15.112490,22.571491,-10.536531,-1.054372,-9.253448,-1.012562,0.688241,-4.574615,22.152040,-30.840885,61.158775,10.019545,6.096262,-2.122734,15.268139,-17.773436,24.654078,72.744713,-9.180387,5.147105,-11.083810
337.000000,-1040.497437,-858.919983,76.067795,1.205604,-5.953063,-24.937658,16.263645,-5.316778,0.850502,21.329659,-19.020493,3.701029,-25.939579,-8.528289,-14.915937,20.356812,-8.820607,-1.222651,-9.650690,-0.243373,0.436610,-4.633189,21.606634,-30.444798,60.507160,9.922513,5.847993,-2.124053,16.975206,-17.649038,24.684143,73.524239,-8.782372,5.182345,-11.043140
338.000000,-1038.107910,-860.694580,75.917801,0.523694,-6.253762,-24.071395,16.530071,-3.784100,1.176164,25.725685,-18.022198,2.912116,-24.304039,-7.871905,-14.643145,19.363752,-7.285855,-1.691678,-9.736627,0.665965,0.122514,-4.425523,21.007677,-30.094212,60.145195,10.028559,5.641671,-2.118488,18.522970,-17.564678,24.728390,73.814690,-8.464307,5.390915,-10.957583
339.000000,-1035.584106,-862.634766,75.732407,-0.289761,-6.727523,-23.579282,16.231110,-1.525686,1.992413,32.480225,-14.918562,1.686199,-21.887150,-6.485189,-14.059505,19.361158,-5.574283,-2.470920,-9.432726,1.842891,-0.109201,-3.998521,20.326717,-29.633177,59.920071,10.427475,5.525597,-2.079539,20.111807,-17.450569,24.994724,73.822952,-7.922295,5.765182,-10.846335
340.000000,-1033.138306,-864.542175,75.528465,-1.407657,-7.240344,-23.563811,15.340405,1.160684,3.125702,39.427330,-8.817372,1.173756,-19.631920,-4.560586,-13.960289,20.789965,-3.575732,-3.204111,-8.622795,3.275064,-0.188863,-3.461931,19.703432,-29.200218,60.018944,11.033463,5.490292,-1.905466,21.084293,-17.426691,25.562595,73.679764,-7.513505,6.091102,-10.728169
341.000000,-1030.697510,-866.435730,75.325760,-3.158257,-7.703471,-23.235156,13.579447,4.569318,3.291475,46.297165,1.401599,-1.150918,-17.595633,-2.509604,-15.148640,22.919752,-1.845800,-3.642311,-7.871356,5.356383,0.097762,-3.041785,18.991682,-28.746916,60.480339,11.699135,5.444529,-1.499278,21.257921,-17.523619,26.273144,73.706909,-7.291111,6.213346,-10.577310
342.000000,-1028.468994,-868.237671,75.084312,-4.604634,-8.027295,-22.886073,10.715911,7.496313,2.811137,54.067833,5.870086,-1.368140,-15.847481,-0.650007,-16.275583,25.275812,-2.303802,-3.997738,-7.113513,7.039821,0.503298,-2.897204,18.561380,-28.586329,61.396950,12.346613,5.290063,-0.948106,20.762184,-17.521505,26.724043,73.711586,-7.345400,6.221483,-10.342175
343.000000,-1026.371338,-870.006958,74.909569,-5.521619,-8.317208,-22.500749,7.325561,9.377665,2.494822,60.891598,4.191028,-0.995288,-14.288193,0.527134,-17.000952,27.282421,-3.794213,-4.232129,-6.411526,7.673387,0.856088,-2.786669,18.454542,-28.673977,62.755932,12.623013,5.208149,-0.298933,19.812773,-17.411232,26.934284,73.575127,-7.446410,6.218030,-10.078440
344.000000,-1024.353394,-871.685120,74.942993,-6.218397,-8.482537,-22.306356,2.538395,11.083761,2.253312,67.850227,0.400059,-0.335101,-12.225218,1.974968,-17.522541,29.141407,-7.930233,-4.403509,-5.432257,8.064857,1.091059,-2.388224,18.325657,-29.072514,64.717529,12.676867,5.330853,0.451222,18.259476,-17.453146,27.434141,73.188522,-7.659106,6.211718,-9.763737
345.000000,-1022.401123,-873.299683,75.145630,-6.282755,-8.584276,-22.383753,-1.067805,11.631864,2.526914,71.298126,-2.846872,0.155291,-10.507676,2.735451,-17.484146,29.525785,-10.402234,-4.442843,-4.463723,7.737997,1.049331,-1.849209,18.293194,-29.467531,66.084206,12.682015,5.565182,0.830470,16.982361,-17.518478,27.984241,72.853844,-7.942855,6.173350,-9.554959
346.000000,-1020.458496,-874.879761,75.474411,-5.913913,-8.709242,-22.385277,-5.782065,11.920356,3.456342,74.051071,-7.508346,0.769733,-7.846846,3.300867,-17.200418,29.112349,-12.873134,-4.436171,-3.111167,6.690874,1.000961,-0.816779,18.288198,-29.886215,67.671501,12.740813,5.951187,1.164075,15.108878,-17.612278,28.674212,72.470230,-8.398710,6.041203,-9.344811
347.000000,-1018.577576,-876.351196,75.858627,-5.339735,-8.709972,-22.350693,-10.502790,12.039482,4.788669,74.747185,-11.942088,1.282987,-4.836966,3.575853,-16.871021,27.668581,-14.565270,-4.406590,-1.933526,5.338010,0.941129,0.583203,18.265965,-30.192621,68.941574,12.899142,6.373916,1.278964,12.998548,-17.749609,29.047987,72.212776,-9.066114,5.835442,-9.232290
348.000000,-1016.614319,-877.793335,76.248817,-4.762466,-8.503565,-22.409453,-14.661234,12.251312,6.309524,73.165649,-14.810008,1.667658,-2.071858,3.837591,-16.486483,25.608334,-15.484864,-4.308581,-0.950240,4.228994,0.819758,2.082191,18.107088,-30.153242,69.829239,12.960326,6.813520,1.251013,10.836863,-17.960293,28.941935,72.131569,-10.182799,5.594620,-9.168144
349.000000,-1014.693848,-879.102600,76.540825,-4.231801,-8.313052,-22.798215,-19.264963,12.610791,8.205905,69.500404,-17.363575,1.942721,1.244055,4.230018,-15.732420,22.841534,-16.286413,-4.103320,0.542849,3.187166,0.937334,3.803652,17.728580,-29.953739,70.575211,12.917582,7.371983,1.117668,7.962740,-18.473455,28.637268,71.865601,-11.574508,5.359936,-9.142941
350.000000,-1012.736023,-880.324585,76.730522,-3.966141,-8.072183,-23.425570,-21.897026,12.989158,9.387528,65.425911,-18.205420,1.963158,3.601496,4.688696,-15.080754,20.590727,-16.542494,-3.938925,1.821135,2.849337,1.110074,4.898139,17.319191,-29.688225,70.907166,12.722458,7.691548,0.945911,5.945859,-19.030088,28.402103,71.405365,-12.462364,5.317039,-9.140574
351.000000,-1010.790344,-881.459717,76.769226,-3.894769,-7.719539,-24.120226,-25.125418,13.517202,10.560843,58.724541,-18.477270,1.946323,6.618353,5.449710,-14.193625,17.504255,-16.797941,-3.729364,3.629694,2.800045,1.242988,6.331002,16.688620,-29.178734,71.227814,12.179406,7.961510,0.620015,3.112949,-19.938513,27.994671,70.464622,-13.246289,5.270443,-9.173450
352.000000,-1008.815125,-882.573792,76.658737,-3.918487,-7.420064,-24.833857,-27.691031,13.924932,11.386005,51.415585,-17.947107,1.855026,9.409671,6.122571,-13.470229,14.898848,-17.210714,-3.431839,5.238341,2.926236,1.470873,7.608500,16.111603,-28.552118,71.546577,11.407688,8.089786,0.229065,0.207804,-20.794121,27.568117,69.231705,-13.565689,5.097326,-9.331631
353.000000,-1006.804077,-883.680542,76.428864,-3.949302,-7.154850,-25.585327,-29.339710,14.131360,12.070037,43.989101,-16.591394,1.464091,11.803141,6.554359,-13.196307,13.002767,-17.809254,-3.130898,6.717738,3.027364,1.618850,8.733059,15.697779,-27.901510,71.812172,10.840847,8.167160,-0.153989,-2.390705,-21.367069,27.388807,68.051453,-13.582674,4.749502,-9.634262
354.000000,-1004.771423,-884.753967,76.101128,-4.128407,-6.971095,-26.201843,-30.984037,14.243617,12.572369,35.994572,-14.956390,0.927890,14.515741,7.045486,-13.130910,11.452308,-18.678370,-2.688970,8.394201,3.284044,1.657045,10.133820,15.326459,-27.292561,72.035614,10.322659,8.276750,-0.621063,-5.385902,-21.805681,27.357176,66.768311,-13.572790,4.184269,-9.970328
355.000000,-1002.617065,-885.849731,75.740097,-4.295527,-6.837796,-26.398068,-31.946470,13.726696,12.608543,29.438992,-13.347060,0.417325,16.935289,7.237861,-13.861077,10.784496,-19.444937,-1.952444,9.425051,3.428811,1.489477,11.515367,15.129027,-26.921799,72.248772,9.666760,8.536958,-1.109858,-7.882556,-21.866924,27.356789,65.882843,-13.482229,3.403627,-10.147859
356.000000,-1000.320435,-886.981506,75.384377,-4.254661,-6.787002,-26.456515,-32.279392,13.088794,12.864683,25.404583,-12.326127,0.126357,18.698332,7.106140,-14.623590,10.740469,-19.956648,-1.245096,10.092464,3.322172,1.299737,12.505902,15.077298,-26.750908,72.411507,9.115940,8.899506,-1.500645,-9.460291,-21.720121,27.302595,65.372513,-13.280497,2.722929,-10.218163
357.000000,-997.925293,-888.114441,75.076653,-3.944966,-6.752998,-26.432912,-32.236095,11.995176,13.628241,21.533823,-11.065014,-0.096865,20.818674,6.469077,-15.628254,11.353703,-20.465151,-0.169507,10.937944,2.837283,0.983019,13.711530,15.099300,-26.682779,72.571327,8.550936,9.599101,-2.035964,-11.062849,-21.340181,27.063898,64.660690,-12.966393,1.884772,-10.234364
358.000000,-995.404175,-889.243591,74.837601,-3.464575,-6.874247,-26.362536,-31.625980,10.755583,14.607913,19.294464,-9.776682,-0.129164,22.452442,5.499978,-16.422125,12.823513,-20.503269,0.901381,11.522097,2.170834,0.742551,14.669876,15.151891,-26.705557,72.609741,8.067141,10.415776,-2.514297,-12.004239,-20.840567,26.633873,63.796394,-12.883236,1.261536,-10.234283
359.000000,-992.790405,-890.332764,74.681839,-2.963867,-7.172336,-26.184385,-30.063513,9.042911,15.669203,17.544828,-7.829482,0.052672,24.111904,3.953746,-17.257114,15.901077,-19.632490,2.268031,12.047918,1.342406,0.626428,15.642362,15.147475,-26.927128,72.579399,7.388947,11.459927,-3.050375,-12.623652,-20.163616,25.934607,62.560856,-12.923022,0.528938,-10.230557
360.000000,-989.992554,-891.442749,74.603745,-2.262505,-7.311173,-25.647996,-28.305546,6.956204,16.762400,16.773758,-5.635610,0.768577,24.748198,2.003886,-18.141724,20.459732,-17.501419,3.605646,12.045737,0.303687,0.393241,16.321562,15.105543,-27.261433,72.512199,7.124568,12.459296,-3.566726,-12.708153,-19.315752,24.939480,61.564732,-13.375496,-0.105093,-10.228299
361.000000,-987.098877,-892.537231,74.603271,-1.513511,-7.427250,-24.973176,-26.265327,4.642126,18.128260,16.492373,-3.487034,1.810046,24.491236,-0.237289,-18.587479,26.309963,-13.291804,4.770201,11.898375,-0.949088,0.178042,16.593445,15.071852,-27.537088,72.401375,7.352975,13.492393,-4.052325,-12.384488,-18.409925,23.883432,60.595337,-14.054861,-0.539296,-10.224779
362.000000,-984.077332,-893.632141,74.640457,-1.044746,-7.491677,-23.979679,-24.065920,2.437671,19.265045,16.688433,-1.908823,3.165184,23.725344,-2.209258,-18.569719,32.116062,-5.184488,6.943596,11.559615,-1.990982,-0.040343,16.519291,15.061466,-27.872704,72.069885,7.870013,14.516027,-4.461692,-11.912839,-17.576925,23.186359,59.967636,-14.587248,-0.901467,-10.230124
363.000000,-981.024719,-894.741821,74.590546,-0.676855,-7.316827,-23.198390,-22.803268,1.114744,19.552053,17.655779,-1.661987,4.248032,22.866154,-3.337666,-18.313309,35.207939,4.296417,7.084404,11.403472,-2.648261,-0.251739,16.246189,15.137896,-28.008572,71.685806,8.246893,15.164708,-4.649513,-11.613905,-17.068375,23.062885,59.848545,-14.754280,-1.144733,-10.265967
364.000000,-978.196594,-895.821777,74.311592,0.024292,-7.016903,-22.672412,-22.107151,-1.155655,18.081501,20.822134,-1.499506,8.043872,20.169916,-5.522812,-17.252537,41.619129,15.083654,5.183839,11.508723,-4.128688,-0.266225,15.267355,15.450903,-28.140446,70.803299,8.694054,16.007706,-4.751009,-11.728955,-16.259310,23.241240,60.019035,-14.808451,-1.514739,-10.393257
365.000000,-975.674622,-896.809021,73.876709,0.667898,-7.014127,-22.057959,-22.384890,-3.121060,15.926718,25.640196,-1.977125,11.653135,16.861219,-7.426843,-15.914371,49.218765,15.008524,2.390418,11.238624,-5.461223,0.888462,13.323204,15.763606,-28.380812,70.025017,9.126137,16.473433,-4.741595,-12.840012,-15.559202,23.735088,60.893600,-14.862814,-1.945346,-10.547257
366.000000,-973.193237,-897.802856,73.495636,1.021458,-7.044116,-20.246789,-22.512842,-4.998054,13.790074,29.717464,-2.117377,11.900287,12.852359,-8.287097,-15.007328,57.109177,10.906869,0.486458,9.896463,-6.473322,2.098814,10.676661,16.075310,-28.492577,69.743790,10.151735,16.585270,-4.605083,-13.854327,-14.786266,23.838139,62.238434,-14.981966,-2.244427,-10.658777
367.000000,-970.783875,-898.767822,73.398430,1.188536,-6.868216,-17.487394,-22.294184,-7.231279,11.192488,32.943989,-4.596530,11.804092,8.037516,-8.274442,-14.628668,64.377960,4.718169,-0.906067,7.941432,-7.250671,2.720424,7.429694,16.453169,-28.495388,69.910339,11.959243,16.440960,-4.055506,-14.081996,-14.127175,23.859163,63.984177,-15.349771,-2.235578,-10.685308
368.000000,-968.391296,-899.648193,73.602386,1.033509,-6.461456,-14.350432,-21.493128,-9.190187,8.578603,34.508396,-7.388916,11.867385,3.384898,-7.737799,-14.521039,69.152718,-1.249278,-1.784575,6.121778,-7.461451,2.609148,4.469047,16.713793,-28.419392,70.037766,13.889551,16.206665,-3.281202,-13.527027,-13.852975,23.892881,65.776932,-15.964247,-2.163565,-10.599796
369.000000,-965.909668,-900.433044,74.037323,0.533434,-6.091517,-11.270120,-20.159517,-10.716110,5.919479,35.055714,-9.457794,11.957938,-0.900392,-7.109917,-14.604800,72.173386,-6.229865,-2.374200,4.551826,-7.066528,2.179294,1.879210,16.801838,-28.305408,69.956833,15.618101,15.935375,-2.525746,-12.632820,-13.930333,23.898611,67.594254,-16.764032,-2.112828,-10.466603
370.000000,-963.366028,-901.133179,74.632965,-0.061767,-5.729229,-8.678987,-17.694397,-11.952332,2.854928,34.472004,-11.242549,12.093159,-5.925713,-6.364966,-14.391553,73.378265,-11.073587,-2.752524,3.101717,-6.034425,1.298145,-0.742288,16.765965,-28.280434,69.167877,17.851824,15.746334,-1.679172,-11.363024,-14.361415,23.897434,70.398491,-18.269365,-2.136193,-10.397818
371.000000,-960.833008,-901.774414,75.293488,-0.803263,-5.507415,-6.122347,-14.583340,-12.688124,-0.287910,33.023495,-12.437612,12.120478,-10.317635,-5.452708,-13.840604,72.171631,-14.748742,-2.946259,1.628921,-4.688306,0.420265,-2.787904,16.687225,-28.276117,67.482719,20.065020,15.851893,-1.026289,-10.021903,-15.021011,23.891338,73.231323,-19.436140,-2.131932,-10.446308
372.000000,-958.306763,-902.407288,75.955864,-1.598787,-5.463682,-3.307045,-10.907191,-13.157006,-3.931387,31.014227,-13.279515,12.019784,-13.886077,-4.477617,-13.274779,68.710136,-17.350748,-2.926181,-0.111007,-3.245506,-0.105268,-4.665297,16.548716,-28.140985,64.923187,21.828775,16.200222,-0.529704,-8.490837,-15.771193,23.840467,75.674683,-20.121479,-2.001462,-10.617568
373.000000,-955.761414,-903.064148,76.575462,-2.257434,-5.521472,-0.515881,-7.217851,-13.274885,-7.210034,28.717676,-13.759604,11.821294,-16.313606,-3.983454,-12.949837,63.504765,-18.264357,-2.676165,-1.715171,-2.165760,-0.181856,-6.288800,16.275002,-27.869858,62.073303,22.635036,16.598305,-0.185906,-7.052368,-16.252995,23.748636,77.414597,-20.307976,-1.758479,-10.840795
374.000000,-953.292297,-903.727234,77.041466,-2.744646,-5.539017,1.937794,-2.892424,-13.026632,-10.744274,25.892258,-14.378033,11.594195,-18.902321,-3.841929,-12.612073,56.334270,-18.334541,-2.175788,-3.453318,-1.160183,-0.030262,-8.286378,15.729735,-27.632254,58.605778,22.849276,16.868090,0.063533,-5.398715,-16.549606,23.709238,79.010849,-20.160797,-1.484051,-11.108125
375.000000,-950.886230,-904.400757,77.345222,-3.196204,-5.484106,4.267774,-0.163678,-12.616419,-13.082802,24.336987,-15.022064,11.589022,-20.174908,-3.837547,-12.369267,50.250389,-17.088247,-1.456520,-4.688119,-0.556657,0.239316,-9.772163,15.181372,-27.588274,56.434437,22.543972,16.919460,0.097239,-4.259016,-16.555086,23.782640,79.673340,-19.768314,-1.351490,-11.351966
376.000000,-948.402771,-905.135986,77.476357,-3.467514,-5.216381,6.609565,2.820482,-12.047398,-15.974207,22.893629,-16.146862,11.668418,-21.590988,-3.988378,-11.704147,41.933987,-14.982842,-0.282680,-6.228673,-0.049228,0.463944,-11.748746,14.360040,-27.633478,54.008537,21.644508,16.874332,0.100558,-2.691909,-16.307213,24.029657,80.124359,-19.272963,-1.348175,-11.694217
377.000000,-945.909912,-905.906677,77.416534,-3.579922,-4.921544,9.069482,5.293713,-11.534842,-18.854235,22.211163,-17.625868,11.528232,-22.595558,-4.406983,-10.582464,34.009319,-12.666636,1.014242,-7.902598,0.144367,0.632329,-13.641392,13.534853,-27.886383,51.915306,20.664471,16.791584,0.095423,-1.293761,-15.757147,24.240854,80.691963,-18.866505,-1.603376,-12.007002
378.000000,-943.390625,-906.686096,77.190224,-3.611678,-4.691314,11.564961,7.195049,-11.023518,-21.149788,22.446119,-19.430258,11.452749,-22.980162,-4.859591,-9.037516,27.672745,-10.734619,2.230582,-9.417185,0.182876,0.762782,-15.182516,12.832044,-28.432796,50.308487,19.862772,16.547117,0.099580,-0.144397,-15.117910,24.439915,81.568321,-18.386372,-2.097622,-12.239552
379.000000,-940.807800,-907.458862,76.831924,-3.540592,-4.464736,13.773818,9.100469,-10.326479,-23.031164,23.528982,-21.870979,11.437087,-23.192595,-5.555136,-7.084750,21.807768,-9.088963,3.459154,-10.822027,0.135500,0.666670,-16.656181,11.948929,-29.159422,48.809948,18.862366,16.095737,0.132712,1.376854,-14.368902,24.802849,82.643082,-17.710331,-2.716635,-12.416638
380.000000,-938.144897,-908.231079,76.360527,-3.493465,-4.342539,15.795575,10.147886,-9.690596,-24.019438,26.264332,-24.213415,11.134109,-23.086859,-6.014212,-5.000875,18.726551,-8.006964,4.517907,-11.547485,0.167078,0.508046,-17.536137,11.070072,-29.642248,47.849083,17.815405,15.484929,0.311781,2.997694,-13.864640,25.486694,83.338173,-17.031549,-3.208566,-12.503891
381.000000,-935.446289,-909.002380,75.789734,-3.639390,-4.260425,17.626664,10.299623,-9.157952,-24.300797,29.648853,-25.891054,10.574553,-22.985634,-6.085626,-3.295711,18.103155,-7.530437,5.152213,-11.815076,0.342465,0.304728,-17.892687,10.428797,-29.899996,47.502670,17.169506,14.924142,0.548411,4.290457,-13.597825,26.090769,83.602112,-16.573380,-3.445653,-12.523643
382.000000,-932.639526,-909.815613,75.085800,-4.190343,-4.310784,19.052755,9.815049,-7.955256,-23.540974,35.840981,-27.688826,9.483258,-22.719349,-5.560069,-1.969176,19.573677,-7.378598,5.704176,-11.698016,0.937203,0.154236,-18.008223,9.687061,-30.063370,47.448757,16.509239,14.249220,0.979799,5.870303,-13.341620,26.976254,83.749191,-16.044962,-3.574566,-12.528647
383.000000,-929.818909,-910.665527,74.255882,-5.327442,-4.486103,19.976343,8.673599,-6.011211,-21.578592,42.687469,-28.019358,7.612787,-22.753983,-4.573071,-2.892872,23.176626,-6.822302,6.588593,-11.025978,1.919922,0.114357,-17.823837,9.218543,-30.082207,47.754765,16.139069,13.735710,1.431786,7.001030,-13.202773,27.829084,83.732727,-15.560595,-3.580263,-12.527656
384.000000,-927.186218,-911.479492,73.491432,-7.085102,-4.983376,21.247161,6.842237,-2.666678,-19.372931,51.915833,-25.749426,5.761536,-22.824646,-2.761552,-6.082040,29.010601,-4.569988,5.972718,-10.369523,3.844495,0.850350,-17.600273,8.868073,-30.175993,48.813293,16.071371,13.090319,2.083261,7.603941,-13.164195,28.781521,83.627487,-14.980371,-3.516154,-12.527342
385.000000,-924.626526,-912.233521,72.863327,-8.421058,-5.260048,22.635458,4.171022,0.005237,-18.139833,60.886913,-21.770782,2.603271,-22.409857,-1.470821,-9.094418,33.732422,-4.956755,4.925876,-9.967818,5.275025,1.145434,-17.113678,8.771015,-30.547979,50.644634,16.094158,12.476427,2.683784,7.741806,-13.145113,29.721991,83.603645,-14.754461,-3.465838,-12.513528
386.000000,-922.133667,-912.872803,72.537521,-9.664396,-5.371500,24.276182,0.884459,2.203908,-17.131542,68.758545,-19.396702,0.491749,-21.487513,-0.321112,-11.698410,37.523098,-9.391420,3.924985,-9.375210,6.496563,1.184499,-16.292589,8.724820,-30.953060,52.864742,16.113770,11.965276,3.169749,7.558051,-13.282358,30.571478,83.610687,-14.724603,-3.459287,-12.411258
387.000000,-919.820312,-913.406006,72.534355,-10.359767,-5.461984,25.884142,-2.762646,3.576232,-16.272411,75.021111,-17.858234,-0.479590,-19.675871,0.444838,-13.930482,39.249077,-13.096418,3.171838,-8.474999,7.099488,1.084845,-15.214639,9.027008,-31.507662,55.172455,16.016542,11.551001,3.426971,7.132202,-13.467385,31.087090,83.614433,-14.714262,-3.469106,-12.159284
388.000000,-917.580811,-913.890198,72.751511,-10.542468,-5.605012,27.349279,-5.207851,4.135548,-15.607733,78.169121,-17.091503,-0.733098,-18.139891,0.836556,-15.091022,39.545853,-14.912957,2.638960,-7.769786,7.097732,1.018618,-14.367993,9.612597,-31.880999,56.752670,15.865055,11.287356,3.512547,6.601760,-13.601428,31.177198,83.662842,-14.711274,-3.530460,-11.932582
389.000000,-915.420227,-914.321228,73.111481,-10.399574,-5.748238,28.686547,-9.214630,4.897054,-14.294141,81.693245,-16.306541,-0.873069,-15.317113,1.346835,-16.675348,39.079277,-17.120358,1.808275,-6.676025,6.679722,0.992343,-12.967035,11.114435,-32.473621,59.468670,15.531759,10.982087,3.609757,5.416900,-13.941340,31.206203,83.681694,-14.717323,-3.726928,-11.557978
390.000000,-913.325012,-914.679626,73.558807,-10.028523,-5.979915,29.693803,-12.876849,5.797278,-12.581880,83.255814,-16.147373,-0.826116,-12.364664,1.833680,-17.743191,37.688431,-18.459600,1.147533,-5.419191,5.990127,1.096423,-11.681210,13.006067,-33.168331,62.042076,15.308131,10.935026,3.763315,4.149301,-14.500595,31.196012,83.362419,-14.827577,-3.937085,-11.256237
391.000000,-911.295898,-914.934631,74.055786,-9.382351,-6.210104,30.368231,-16.210190,6.646451,-10.674436,83.346054,-16.636810,-0.595505,-9.374936,2.278036,-18.290997,35.777477,-19.316986,0.804314,-3.933853,5.175425,1.253787,-10.260862,14.991066,-33.768803,64.404175,15.278620,11.136766,3.991692,2.677928,-15.204746,31.036671,82.972221,-15.096035,-4.098941,-11.016633
392.000000,-909.309937,-915.075378,74.585747,-8.505918,-6.359135,31.062640,-19.401346,7.262814,-8.665440,81.825378,-17.768661,-0.148794,-6.377147,2.362870,-18.737192,33.560032,-19.897390,0.885813,-2.546658,4.234748,1.402829,-8.545758,16.803417,-33.998398,66.254929,15.147047,11.753154,4.203787,1.025490,-15.987354,30.523611,82.530670,-15.377074,-4.210210,-10.831272
393.000000,-907.392761,-915.086060,75.110077,-7.612492,-6.464392,31.940983,-22.129766,7.731341,-6.795099,79.199654,-18.854692,0.385831,-3.569355,2.219511,-19.322794,31.252239,-20.184824,1.356964,-1.492319,3.481894,1.590175,-6.785937,18.065447,-34.008312,67.350304,14.744009,12.528438,4.320695,-0.531192,-16.809752,29.925554,81.923897,-15.705584,-4.249944,-10.697007
394.000000,-905.564087,-914.975525,75.572433,-6.759189,-6.420026,32.750787,-25.206917,8.343804,-4.452980,74.646523,-19.893217,1.087148,-0.243125,2.040234,-20.111279,28.177267,-20.330126,2.170837,-0.141684,2.828318,1.688515,-4.470960,19.041338,-33.820816,67.998100,13.981215,13.402678,4.340792,-2.358421,-17.934916,29.323444,81.035004,-15.943687,-4.330723,-10.554173
395.000000,-903.851318,-914.793884,75.939453,-6.121071,-6.328063,33.575955,-27.654346,9.168941,-2.131720,68.711571,-20.121187,1.585134,2.748514,2.073823,-20.990688,25.085022,-20.098982,2.627505,1.006362,2.548206,1.786582,-2.179623,19.477993,-33.173546,68.116844,12.973323,13.838000,4.190830,-4.179215,-19.051443,28.612778,79.879539,-15.952780,-4.503020,-10.362958
396.000000,-902.162842,-914.558899,76.216255,-5.614629,-6.215705,34.283306,-29.529816,10.049546,0.035241,61.746136,-19.673185,1.847603,5.360651,2.310573,-21.776808,22.414371,-19.576702,2.618901,2.040843,2.496207,1.933977,-0.020379,19.610626,-32.375519,68.123764,11.949844,13.944232,3.832269,-6.162618,-20.157816,28.095530,78.428741,-15.862990,-4.764528,-10.117046
397.000000,-900.569641,-914.289673,76.390289,-5.392491,-6.130766,35.085356,-30.623753,10.625303,1.391440,55.949364,-18.897076,1.924111,7.303579,2.654249,-22.631645,20.473251,-18.971218,2.337139,2.700563,2.598927,2.085776,1.492131,19.608681,-31.718079,68.109901,11.130086,13.936425,3.429171,-7.831939,-20.982470,27.940399,77.251541,-15.703175,-5.106991,-9.934377
398.000000,-898.950073,-913.969727,76.484123,-5.260786,-6.046307,35.958313,-31.610355,11.127878,2.856786,48.844810,-17.659853,1.850295,9.477612,3.255915,-23.532154,18.421440,-18.103302,1.715678,3.418390,2.783740,2.184441,3.074643,19.583227,-30.998169,68.096825,10.114364,13.891133,2.838631,-9.913598,-21.818480,27.921213,76.127136,-15.386411,-5.735008,-9.817134
399.000000,-897.292114,-913.586060,76.494911,-5.078995,-5.839188,36.909324,-32.476421,11.185611,4.515863,40.154175,-16.086124,1.558311,11.881324,4.066392,-23.698502,16.316818,-17.385662,1.515906,4.274364,2.801656,2.041033,4.734629,19.625046,-30.233418,68.100426,8.847765,13.820868,2.099919,-12.396737,-22.550220,27.887070,75.213036,-14.722641,-6.635000,-9.762768
400.000000,-895.610840,-913.144226,76.420341,-4.835592,-5.660102,37.956293,-33.045631,10.587640,5.613405,32.791103,-14.703060,1.215787,13.969786,4.747375,-23.443272,14.686357,-17.053799,1.684226,5.073201,2.592452,1.759347,5.926342,19.765820,-29.618324,68.104759,7.591265,13.793901,1.470147,-14.558052,-23.034784,27.795225,74.631653,-13.859117,-7.456664,-9.709557
401.000000,-893.992065,-912.684448,76.297005,-4.253099,-5.670234,38.755950,-33.080143,9.500134,6.951871,26.289368,-13.403811,0.643734,16.034555,4.977800,-22.939075,13.724774,-17.125414,1.751006,6.099012,1.921029,1.732232,6.738720,20.058947,-29.278660,68.105255,6.424416,13.815262,0.947232,-16.629936,-23.343622,27.595179,74.065292,-12.989178,-8.236561,-9.699878
402.000000,-892.255676,-912.128174,76.126381,-3.447223,-5.722007,39.552972,-32.816833,8.055249,8.530310,21.235132,-12.323409,0.109382,17.937899,4.845620,-22.163195,13.312521,-17.495213,1.998351,7.194144,0.936235,1.826103,7.296726,20.399073,-29.162327,68.010406,5.619048,13.962975,0.554626,-18.457106,-23.471178,27.111389,73.391159,-12.360557,-8.960901,-9.701509
403.000000,-890.566345,-911.494995,75.944328,-2.678015,-5.796678,40.313197,-32.550858,6.990111,9.764689,18.710638,-11.554541,-0.149935,19.141027,4.713865,-21.423180,13.314729,-17.656096,2.171412,8.000067,0.271728,1.924993,7.519389,20.566139,-29.137421,67.895073,5.246433,14.151084,0.360758,-19.431339,-23.545868,26.682529,72.760315,-12.089731,-9.451831,-9.761162
404.000000,-888.855713,-910.752869,75.773636,-1.848588,-5.812613,41.064627,-31.978859,5.065544,11.840401,15.974357,-10.130014,-0.335480,20.764313,4.422234,-19.748419,13.912560,-17.612980,2.224639,9.498016,-0.776976,2.018747,7.631895,20.703684,-29.127661,67.634987,4.846551,14.577845,0.121138,-20.391983,-23.665024,26.015629,71.519508,-11.879662,-10.148326,-9.971048
405.000000,-887.080505,-909.903320,75.629997,-0.891175,-5.715896,41.771074,-31.110830,2.956241,14.153014,14.339069,-8.550149,-0.094065,21.878119,3.788822,-18.431274,15.331438,-17.347937,2.531599,11.146399,-1.979216,1.979915,7.629243,20.828072,-29.148357,67.118011,4.807880,15.131679,-0.047809,-20.686901,-23.563065,25.273537,70.121140,-11.863150,-10.676276,-10.182509
406.000000,-885.207825,-908.933472,75.501366,0.020794,-5.617685,42.933241,-30.070972,0.605590,16.722126,13.575145,-6.668631,0.609040,22.758238,3.073910,-17.957312,17.213823,-16.391832,2.786624,12.546273,-3.275022,1.941397,7.562295,21.065662,-29.491577,66.349846,4.840288,15.785572,-0.141937,-20.619696,-23.224213,24.479853,68.752060,-11.877463,-11.097960,-10.391352
407.000000,-883.305725,-907.852661,75.390480,0.676995,-5.470991,44.442138,-28.881897,-1.870548,19.055195,13.380827,-4.833923,1.649013,23.299952,2.612965,-17.940510,19.703516,-14.348104,3.083628,13.562975,-4.364999,1.830076,7.449281,21.319740,-30.102390,65.417336,4.877862,16.568645,-0.170480,-20.283035,-22.746326,23.733702,67.498215,-11.897005,-11.467731,-10.588607
408.000000,-881.347473,-906.630249,75.298683,1.051768,-5.377419,46.037504,-27.370636,-3.890047,21.041815,13.205153,-3.412340,2.716180,23.400698,2.409330,-17.975107,22.611055,-11.185124,3.195727,14.301786,-5.057730,1.675499,7.377437,21.471806,-30.726065,64.556824,4.881269,17.309790,-0.125325,-19.925116,-22.149151,23.068686,66.723549,-11.914144,-11.833858,-10.678588
409.000000,-879.343201,-905.264465,75.208527,1.120538,-5.350925,47.789300,-25.588179,-5.576905,22.689695,12.999716,-2.496611,3.708289,23.297935,2.417905,-18.109966,25.563824,-6.903474,3.094226,14.751681,-5.441430,1.469801,7.352679,21.511673,-31.374578,63.880722,4.940655,17.999186,-0.058551,-19.612396,-21.465601,22.563301,66.409599,-11.930861,-12.227119,-10.772874
410.000000,-877.373108,-903.828247,75.072311,0.841889,-5.285561,49.675720,-23.224178,-7.294546,23.992317,13.063618,-2.230078,4.787930,22.741146,2.884459,-18.085251,29.188295,0.470357,3.157906,14.966858,-5.557056,0.960548,7.293983,21.480577,-32.152332,63.266140,5.073919,18.839888,0.028344,-19.126427,-20.590267,22.316036,66.618668,-11.948438,-12.756134,-10.966071
411.000000,-875.325867,-902.275940,74.777473,0.467797,-5.088036,51.404711,-21.024906,-8.667039,23.873363,13.985653,-3.153638,5.703729,21.496782,3.467204,-17.929523,32.984097,9.709181,4.227678,15.169930,-5.416128,0.306637,7.095924,21.453001,-32.706017,62.716862,5.104216,19.648167,0.120185,-18.578136,-19.871040,22.493675,67.205154,-11.955231,-13.287996,-11.167724
412.000000,-873.397522,-900.772766,74.116554,0.222884,-4.762103,52.278165,-19.899271,-9.875286,20.602400,17.375469,-6.062536,6.915956,19.089422,2.524146,-18.188829,39.164505,14.586365,4.982813,15.578518,-5.188629,-0.182477,6.826778,21.372520,-32.940147,62.099640,5.120496,20.386887,0.321743,-18.806715,-19.337433,23.401136,68.103882,-11.953221,-13.769109,-11.304624
413.000000,-871.616150,-899.488159,73.304543,0.601840,-4.780844,54.039470,-20.137575,-11.620885,17.577358,20.658863,-4.542437,12.475976,16.694645,0.277221,-19.169605,46.519417,12.232233,4.715856,14.598458,-5.493825,0.293059,6.021477,21.349550,-33.002228,61.880898,5.149774,20.938576,0.558773,-19.572697,-18.735403,24.441599,68.974625,-11.942667,-14.065444,-11.514908
414.000000,-869.922546,-898.373901,72.614304,1.315053,-5.231356,56.396875,-20.423124,-13.023830,15.691703,24.326780,-2.645638,15.557459,14.749163,-1.884749,-19.606363,53.163879,9.163966,4.346448,13.161169,-6.053022,1.462163,4.655205,21.452589,-33.012199,61.906666,5.275437,21.422880,0.779965,-20.075117,-18.099369,25.414375,69.765747,-11.916890,-14.234382,-11.750419
415.000000,-868.230469,-897.228882,72.315346,2.211954,-5.295263,59.274004,-20.797359,-15.126377,13.734974,28.713751,-5.069496,15.750043,11.490380,-4.737220,-19.299004,61.040501,3.982843,3.656840,11.332147,-7.515339,2.547560,2.395897,21.529495,-33.015774,62.592323,5.977329,21.671110,1.307311,-19.709808,-17.143778,26.724022,71.257286,-11.855273,-14.206225,-12.029977
416.000000,-866.674316,-896.004272,72.452858,2.185856,-4.890876,62.212970,-20.556868,-16.700314,11.009361,31.152697,-7.798395,15.574519,7.177513,-6.087131,-18.227137,67.674767,-1.527174,2.979787,9.523946,-8.058293,2.515932,0.272013,21.180759,-33.017231,63.515591,6.863564,21.692478,2.051650,-18.370295,-16.320992,27.977840,73.277107,-12.012592,-13.956891,-12.103382
417.000000,-865.243896,-894.685242,72.960007,1.342571,-4.341246,64.836820,-19.570011,-17.219500,7.858631,32.067070,-9.677891,15.508574,2.386768,-6.513487,-17.388597,72.818436,-6.540586,2.462279,7.892584,-7.349317,1.790375,-1.325473,20.576235,-33.010872,63.990978,7.866759,21.708899,2.688547,-16.402203,-15.780215,28.767277,75.605042,-12.676428,-13.724392,-12.105380
418.000000,-863.879272,-893.298523,73.723518,0.412988,-3.776228,66.993627,-17.873875,-17.191408,5.036511,31.393133,-10.516841,15.513168,-1.937976,-6.550839,-16.333965,75.230927,-9.855050,2.070277,6.894300,-6.313396,1.019271,-2.401654,20.044701,-32.831532,63.869984,9.125568,21.762789,2.978544,-14.352863,-15.646997,28.964222,77.928543,-13.832128,-13.674750,-12.075082
419.000000,-862.582947,-891.914917,74.577873,-0.462821,-3.374714,68.949896,-15.024967,-16.940557,1.563309,29.298576,-10.819601,15.461887,-6.950631,-6.579953,-14.999562,76.265907,-12.816116,1.628116,5.896696,-4.979138,0.335234,-3.556670,19.509443,-32.361927,63.206238,10.763625,21.890882,3.188579,-11.776093,-15.978593,28.952118,80.557198,-15.176625,-13.547369,-11.916402
420.000000,-861.276733,-890.542969,75.425621,-1.224064,-3.082743,71.176657,-11.866795,-16.688572,-1.871307,26.557060,-10.522203,15.348369,-11.050618,-6.648515,-13.953351,75.232758,-14.861315,1.157491,4.662507,-3.939570,0.130828,-4.473341,19.271276,-31.871834,61.841259,12.107544,22.266285,3.386269,-9.439725,-16.583122,28.807529,82.210579,-15.840852,-13.237115,-11.702128
421.000000,-859.976013,-889.229126,76.170311,-1.846405,-2.889893,73.307140,-9.362554,-16.336399,-4.465395,24.338675,-10.141092,15.149644,-13.906271,-6.676406,-13.275330,73.332062,-16.203350,0.841443,3.562399,-3.282892,0.225707,-5.187884,19.231567,-31.600483,60.465385,12.799079,22.603312,3.500544,-7.715585,-17.069063,28.732262,83.052841,-16.006422,-12.979253,-11.626007
422.000000,-858.609131,-887.892029,76.800972,-2.388202,-2.864021,75.363397,-6.107705,-15.685819,-7.576628,21.678627,-10.079243,14.646724,-17.175728,-6.731792,-12.556838,69.546638,-17.410271,0.478528,2.279345,-2.645344,0.652486,-6.161707,19.199215,-31.250883,58.496880,13.419583,22.976978,3.566666,-5.615673,-17.523441,28.722412,83.815765,-16.039371,-12.566984,-11.575697
423.000000,-857.258606,-886.583496,77.251595,-2.845254,-2.703133,77.352772,-3.558945,-14.907073,-10.265419,19.805447,-10.031506,14.121714,-19.707962,-6.702131,-12.330582,65.007034,-17.760748,0.279513,0.870188,-2.148258,0.973887,-6.932208,19.121641,-31.026712,56.683243,13.659019,23.153233,3.573607,-3.862535,-17.646656,28.720804,84.231247,-15.972870,-12.187819,-11.551402
424.000000,-855.831421,-885.186096,77.580299,-3.200236,-2.393627,79.218715,-1.102866,-13.966116,-13.241723,18.386860,-10.930623,13.544140,-22.374571,-6.571569,-12.170028,57.941624,-17.344465,0.280962,-0.701369,-1.727690,1.119190,-7.813687,18.873007,-30.853626,54.625519,13.713838,23.193932,3.520626,-1.771070,-17.442131,28.670397,84.654190,-15.771417,-11.881473,-11.542384
425.000000,-854.415710,-883.759277,77.771172,-3.409480,-2.115897,80.770667,0.810048,-13.031144,-15.514260,17.654348,-12.113153,13.080029,-24.055332,-6.257591,-11.882808,49.587410,-15.874356,0.596105,-2.052898,-1.451151,1.127116,-8.497217,18.557152,-30.849630,52.792038,13.741045,23.190107,3.302337,-0.018760,-16.915487,28.380896,85.130722,-15.706851,-11.815020,-11.540166
426.000000,-852.982300,-882.240295,77.812012,-3.351850,-1.904046,82.151063,2.612226,-12.312279,-17.361233,17.209890,-13.484060,12.664836,-25.018322,-6.039403,-10.963377,41.050049,-14.237599,1.169765,-3.297327,-1.411967,1.022143,-9.014749,18.196377,-30.895515,51.211700,13.756161,23.079914,3.084204,1.495327,-16.258167,28.024780,85.791077,-15.596094,-11.968072,-11.543502
427.000000,-851.521606,-880.575073,77.700043,-3.062621,-1.729029,83.421205,3.962989,-11.912148,-18.597406,17.031725,-14.692081,12.405071,-25.359316,-6.021492,-9.759486,35.006100,-13.117205,1.774784,-4.169326,-1.484991,0.788878,-9.327844,17.862555,-31.028294,50.301704,13.736650,22.867268,2.987337,2.620290,-15.780552,27.848755,86.391083,-15.353916,-12.198294,-11.590564
428.000000,-850.068848,-878.771484,77.455963,-2.822139,-1.623936,84.389558,5.559494,-11.366237,-19.762829,17.036861,-16.401705,11.981722,-25.470184,-5.986372,-7.958553,28.977053,-12.013040,2.592413,-4.970736,-1.452451,0.348344,-9.560550,17.399944,-31.289412,49.576019,13.674420,22.486982,2.951155,3.990076,-15.350101,27.776310,87.021324,-14.982772,-12.496915,-11.740262
429.000000,-848.649780,-876.864075,77.102318,-2.771821,-1.607365,85.075122,7.438217,-10.515482,-20.812834,17.568943,-18.936033,11.657343,-25.307665,-5.750033,-5.521592,23.730452,-11.115717,3.529213,-5.637282,-1.056881,-0.300805,-9.569116,16.747347,-31.566862,49.061256,13.607381,22.004467,2.946594,5.622384,-15.053906,27.762043,87.666885,-14.615852,-12.825733,-12.044970
430.000000,-847.271362,-874.923340,76.636559,-3.053007,-1.677322,85.791992,8.989253,-9.405413,-21.614998,18.952183,-21.878819,11.236544,-24.803726,-5.273102,-3.441642,21.424568,-10.573954,4.305599,-6.078536,-0.177066,-0.871155,-9.340943,16.095665,-31.737305,48.801414,13.475385,21.656601,3.017162,7.027365,-14.984715,27.832655,88.103737,-14.225171,-12.998725,-12.461515
431.000000,-845.870422,-872.987488,75.989510,-3.593071,-1.816998,86.470547,9.819160,-8.118832,-21.781668,22.052162,-25.454817,10.456960,-24.279793,-4.614485,-1.990637,21.999855,-10.443143,4.789994,-6.365250,0.969512,-1.204058,-9.215502,15.528399,-31.848782,48.795116,13.127915,21.370283,3.208393,8.199855,-15.016372,28.039461,88.132912,-14.061357,-13.008277,-12.944760
432.000000,-844.414246,-871.171875,75.127022,-4.395469,-2.276375,86.843062,9.146055,-6.505703,-19.137442,28.763237,-29.465548,9.018718,-23.945761,-3.775509,-2.699059,26.088745,-11.283438,5.323591,-6.075276,2.172922,-0.920086,-9.522364,15.119223,-31.792049,49.175812,12.972259,21.042019,3.560651,9.009245,-14.983197,28.143126,87.690552,-14.042900,-12.886453,-13.495522
433.000000,-843.009460,-869.514099,74.311691,-5.918367,-3.152842,87.208944,7.709748,-4.381279,-16.482382,37.016953,-28.602230,7.561207,-23.817945,-2.095154,-4.455580,30.364328,-10.676376,5.030377,-5.553945,3.755720,0.041437,-10.066234,14.709792,-31.426180,50.375130,13.190249,20.530533,4.095665,9.084223,-14.915210,28.158247,87.140923,-14.052540,-12.694141,-13.988829
434.000000,-841.582092,-867.825195,73.644539,-7.005467,-4.036973,87.570958,5.706081,-2.064633,-14.282135,47.820099,-28.307423,5.569829,-23.190411,-0.263490,-6.521327,35.059525,-10.956545,3.977921,-5.098205,5.078179,0.943182,-10.409897,14.456069,-30.890949,52.626427,13.635899,19.961050,4.753961,8.762306,-14.514405,28.246796,86.805321,-14.060500,-12.447025,-14.473450
435.000000,-840.155334,-866.053772,73.205818,-7.609696,-4.571616,88.139281,2.853203,-0.280716,-12.585826,57.526917,-24.495962,2.435059,-22.225761,0.845931,-8.036384,38.185673,-12.478359,3.080609,-4.885273,5.395931,0.767248,-10.123927,14.591086,-30.639893,55.402027,14.069966,19.429466,5.410226,8.237810,-13.941216,28.703533,86.787415,-14.054226,-12.187431,-14.735992
436.000000,-838.826111,-864.229614,72.998497,-8.167902,-5.054962,88.929462,0.541596,1.001349,-11.791426,63.801170,-20.453697,0.186942,-20.928984,1.595741,-9.142806,39.459770,-13.660027,2.578068,-4.708822,5.541943,0.458130,-9.692447,14.823103,-30.697273,57.600498,14.358315,19.063570,5.836686,7.777932,-13.630548,29.090782,86.789169,-14.057019,-12.027407,-14.821122
437.000000,-837.683655,-862.471497,73.003693,-8.715393,-5.631816,89.622979,-2.746585,2.579701,-10.996249,70.666374,-16.781982,-1.615067,-18.671806,2.758622,-10.342472,40.257046,-16.166548,1.921878,-4.127825,5.822982,0.131949,-8.966179,15.194954,-31.020559,60.442719,14.700750,18.743998,6.305809,6.974095,-13.493476,29.308210,86.750473,-14.140205,-11.813901,-14.831776
438.000000,-836.665710,-860.729980,73.174706,-8.916416,-6.429778,90.002721,-5.648149,3.684273,-10.119523,75.426682,-14.788850,-2.205400,-16.122612,3.793673,-10.878184,40.088383,-18.172550,1.340095,-3.227010,5.908467,0.186151,-8.106434,15.658709,-31.665951,62.659058,15.084513,18.730427,6.645988,5.895817,-13.628116,29.323790,86.536995,-14.478571,-11.491642,-14.823133
439.000000,-835.752686,-858.983704,73.472038,-8.658653,-7.226731,90.175397,-9.238402,4.553356,-8.826710,79.423477,-13.327057,-2.166554,-12.719392,4.691043,-10.976190,39.182522,-19.985006,0.666866,-1.989151,5.593462,0.440049,-6.652596,16.275702,-32.653652,65.008034,15.430386,19.006926,6.966123,4.209474,-14.043398,29.322107,85.861519,-15.284415,-10.954635,-14.781970
440.000000,-834.990112,-857.292847,73.849777,-8.180168,-8.044686,90.325091,-12.594450,5.112328,-7.446808,81.109360,-12.980848,-1.634939,-9.271662,5.096460,-10.774130,37.643799,-21.042110,0.232047,-0.904934,5.109293,0.979015,-4.979659,16.605902,-33.475151,66.598335,15.171521,19.664545,7.039602,2.318809,-14.701133,29.156761,84.747375,-16.052284,-10.489753,-14.755342
441.000000,-834.318054,-855.537292,74.282982,-7.367757,-8.653804,90.187250,-15.980081,5.763772,-5.531224,80.963936,-13.482957,-0.905268,-5.983853,5.136675,-10.257811,35.810154,-21.793592,-0.033431,0.336810,4.505576,1.405696,-2.996268,16.657705,-34.067486,67.567360,14.499504,20.423326,6.837446,0.288985,-15.414268,28.903378,83.508049,-16.807728,-10.179336,-14.840730
442.000000,-833.751099,-853.789551,74.716309,-6.447043,-8.944336,89.914216,-19.400848,6.515959,-3.416587,79.237686,-14.383377,-0.133205,-2.971834,4.959034,-9.552956,33.736012,-22.339092,-0.243158,1.658328,3.869802,1.568659,-0.747767,16.532312,-34.279606,67.952202,13.550805,21.051594,6.335941,-1.820268,-15.998379,28.637985,82.313614,-17.247780,-10.006751,-15.002187
443.000000,-833.252625,-852.012451,75.127609,-5.591805,-9.026599,89.591407,-22.365782,7.288907,-1.653982,76.462730,-15.156775,0.518788,-0.353665,4.796316,-8.895537,31.540380,-22.625536,-0.367948,2.875559,3.407620,1.595445,1.340954,16.336788,-34.222454,67.961235,12.613386,21.376791,5.731499,-3.712130,-16.378157,28.431419,81.154411,-17.295599,-9.956805,-15.124960
444.000000,-832.798889,-850.255371,75.484444,-4.790080,-8.968425,89.246308,-24.857851,7.991262,-0.166934,72.880531,-15.651832,0.924296,2.056773,4.637219,-8.271641,29.329473,-22.772110,-0.433083,3.993738,2.970980,1.626398,3.272852,16.223974,-34.083229,67.772224,11.768207,21.538139,5.108298,-5.473218,-16.590740,28.359591,79.945381,-17.247061,-9.967704,-15.178488
445.000000,-832.370483,-848.437012,75.767258,-4.104798,-8.723610,88.882345,-27.542027,8.763725,1.291695,67.137749,-15.925101,1.129269,4.828331,4.506917,-7.516911,26.483822,-22.817150,-0.449091,5.235718,2.477991,1.585774,5.517270,16.181387,-33.683296,67.390663,10.782917,21.626795,4.318158,-7.632940,-16.638546,28.327200,78.375603,-17.087627,-10.192266,-15.177226
446.000000,-831.993774,-846.633423,75.942833,-3.645892,-8.391830,88.460989,-29.746357,9.570858,2.383832,60.378098,-15.705032,1.150654,7.416854,4.534223,-6.798749,23.653881,-22.806940,-0.151814,6.480565,2.205570,1.539735,7.457360,16.118515,-32.809467,67.067482,9.957991,21.647299,3.578937,-9.720144,-16.631149,28.273434,76.786362,-16.922565,-10.697446,-15.166899
447.000000,-831.658386,-844.799683,75.998459,-3.389166,-7.962324,88.130792,-31.535118,10.297134,3.050251,52.704948,-14.984884,0.982392,9.878258,4.692598,-6.203439,20.876297,-22.813566,0.490995,7.699381,2.136283,1.503098,9.066330,16.105433,-31.617315,66.755501,9.233360,21.685047,2.879889,-11.880318,-16.607437,28.258982,75.442169,-16.692026,-11.442066,-15.134624
448.000000,-831.382202,-842.972534,75.940964,-3.113376,-7.510469,87.900091,-32.625999,10.464298,3.280449,45.054710,-13.698033,0.476719,11.997745,4.724817,-5.783341,18.597195,-22.954742,1.070349,8.629090,2.042251,1.484238,10.246409,16.123695,-30.567150,66.644646,8.503988,21.736771,2.368043,-13.873928,-16.552864,28.248699,74.607529,-16.233202,-12.246462,-15.100779
449.000000,-831.164551,-841.052368,75.744125,-2.870713,-7.073359,87.668201,-33.674744,10.421449,3.390459,36.567078,-12.270958,-0.226109,14.441965,4.676536,-5.310867,16.261097,-23.403246,1.739857,9.737807,1.963528,1.465505,11.435186,16.136635,-29.489231,66.621704,7.650107,21.895109,1.874496,-16.216091,-16.548355,28.233173,73.832397,-15.537030,-13.119420,-15.093285
450.000000,-831.018799,-839.056580,75.433113,-2.531243,-6.665302,87.596514,-34.221943,9.826904,3.312777,29.403450,-10.926741,-0.998967,16.541082,4.359498,-5.194937,14.748508,-24.093508,2.140558,10.674868,1.798843,1.476475,12.226350,16.131401,-28.758059,66.620964,7.112938,22.129877,1.461226,-18.079453,-16.675632,28.234924,73.227806,-14.675529,-13.738166,-15.124405
451.000000,-830.964539,-837.062744,75.067963,-2.177652,-6.424323,87.635416,-34.370354,9.173504,3.266521,24.822821,-10.010077,-1.525463,18.061930,3.994273,-5.288827,14.073465,-24.633802,2.240374,11.371284,1.684513,1.536055,12.660320,16.069834,-28.269991,66.640259,6.941153,22.281630,1.155949,-19.192169,-16.887617,28.212189,72.802994,-14.133768,-14.096157,-15.210919
452.000000,-830.999268,-835.030945,74.709625,-1.828311,-6.294921,87.691401,-34.294327,8.281493,3.603624,20.247547,-8.846910,-2.009106,19.953957,3.399704,-5.564530,13.848897,-25.094625,2.082822,12.203747,1.583856,1.523127,13.143771,15.860819,-27.736814,66.804939,6.918359,22.434900,0.779608,-20.155005,-17.205683,28.102737,72.241394,-13.605544,-14.402628,-15.391793
453.000000,-831.119812,-832.752625,74.381798,-1.321569,-6.244267,87.774210,-33.892170,7.329329,4.196520,17.740715,-7.655301,-2.191912,21.490631,2.606488,-5.901744,14.394361,-25.152506,1.819765,12.840753,1.361661,1.369021,13.525312,15.586946,-27.475752,67.171577,6.894169,22.575348,0.427156,-20.397976,-17.371527,27.843758,71.679756,-13.170878,-14.486390,-15.581680
454.000000,-831.315796,-830.331604,74.139244,-0.639242,-6.270118,87.858649,-32.942337,5.855015,5.089444,16.119566,-5.902774,-2.128375,23.007114,1.215583,-6.436696,16.288486,-24.949106,2.640281,13.425918,0.825529,1.017543,14.011906,15.250458,-27.391430,67.609589,6.859989,22.858763,-0.118371,-20.035625,-17.394653,27.574738,71.073479,-13.002889,-14.466353,-15.839126
455.000000,-831.560730,-827.804077,73.986443,0.403209,-6.368000,87.877027,-31.528776,4.009664,6.052045,15.959065,-3.776743,-1.615117,23.576275,-0.777651,-7.141933,20.111195,-24.212337,3.734480,13.953875,-0.208500,0.799872,14.318151,15.101171,-27.392197,67.774261,6.868999,23.227055,-0.790865,-19.086796,-17.217951,27.316372,70.539154,-12.991521,-14.357653,-16.068176
456.000000,-831.863708,-825.282959,73.914864,1.482114,-6.400599,87.864746,-30.235111,2.500129,6.954172,16.120375,-2.146048,-1.087146,23.318470,-2.552941,-7.717446,24.196651,-22.790508,4.496072,14.243606,-1.147239,0.604944,14.438777,14.987591,-27.410475,67.901970,7.089151,23.469913,-1.317402,-18.175684,-16.916718,26.941698,70.323563,-13.023079,-14.233807,-16.192961
457.000000,-832.282227,-822.535522,73.909019,2.353400,-6.529445,88.122936,-28.108177,0.449551,8.075162,16.342752,-0.126707,-0.184604,22.429064,-4.880771,-8.615479,30.530111,-18.565546,4.755393,14.298317,-2.171056,0.483394,14.411256,14.695538,-27.460218,68.083603,7.831621,23.759583,-1.965080,-16.859880,-16.503571,26.351688,70.277626,-13.132671,-13.999160,-16.290476
458.000000,-832.778442,-819.726257,73.968353,2.911990,-6.670053,88.792198,-25.850136,-1.388607,8.894424,16.391373,1.373905,0.877287,21.299385,-6.607253,-9.244309,36.389194,-11.571621,5.922596,13.982806,-2.690180,0.386409,14.179907,14.387938,-27.467789,68.095558,8.793056,24.013943,-2.522280,-15.350218,-16.313459,25.914997,70.376801,-13.247155,-13.778557,-16.400528
459.000000,-833.294800,-816.794861,73.968651,3.678638,-6.670116,89.244382,-23.001493,-3.759846,10.127781,16.556396,2.264479,2.378227,19.163179,-9.365556,-9.534839,42.151829,9.868816,7.375908,14.019380,-3.764021,0.337885,13.643136,14.311026,-27.469118,67.820473,10.145357,24.202885,-3.085295,-13.477037,-16.157936,25.772732,70.811226,-13.428000,-13.606508,-16.589172
460.000000,-833.739258,-813.982422,73.890282,4.487946,-6.465377,89.795955,-21.681627,-5.875953,10.080023,18.102526,3.756694,5.768611,16.615227,-11.649017,-9.634738,46.925220,23.942593,4.987055,13.710356,-4.975462,0.547949,12.699736,14.561100,-27.470400,67.402946,10.978654,24.164671,-3.317769,-12.174469,-15.904101,25.948702,71.842590,-13.529598,-13.546297,-16.834913
461.000000,-834.143066,-811.471741,73.682907,5.203246,-6.210816,90.077927,-21.804193,-7.042975,10.549979,21.715206,4.163924,6.721206,12.435092,-13.647276,-8.867780,54.013981,22.498407,2.401378,13.054710,-6.003517,1.466228,11.055531,14.779819,-27.492872,67.096626,11.423709,23.842173,-3.316893,-12.065625,-15.738024,26.497499,73.396629,-13.549707,-13.555922,-17.066109
462.000000,-834.542664,-809.179504,73.531715,5.311164,-6.118649,91.041908,-22.018036,-7.627742,10.380529,24.810839,3.234081,7.256506,8.467086,-14.269178,-8.606618,60.659950,15.941108,0.984506,11.769706,-6.108488,2.198322,9.431314,14.799348,-27.528881,67.139664,11.879455,23.467718,-3.252374,-12.092038,-15.837628,26.976852,74.704063,-13.631969,-13.496615,-17.227942
463.000000,-834.929077,-806.903381,73.627701,5.307513,-6.136981,92.325886,-21.810741,-8.683043,9.635234,28.002865,-0.416315,7.821546,3.555100,-14.479772,-8.515153,67.453247,6.900286,-0.451815,9.903833,-6.131183,2.875489,7.230384,14.885798,-27.530172,67.369125,12.710998,22.978260,-3.092160,-11.603999,-16.062971,27.549385,76.325890,-13.840591,-13.182651,-17.399750
464.000000,-835.346313,-804.585083,73.946640,4.941864,-5.975229,93.330614,-20.707439,-9.548901,8.535436,30.239811,-4.397089,8.502867,-2.668497,-13.860016,-8.682773,73.253731,-3.654709,-1.941431,7.797210,-5.524518,2.844093,4.787124,15.042922,-27.528831,67.475029,13.816767,22.371964,-2.893848,-10.143534,-16.525293,28.526964,78.410988,-14.083063,-12.493792,-17.507887
465.000000,-835.788147,-802.191284,74.425011,4.444831,-5.581620,93.942196,-18.993649,-9.866147,7.603513,30.726440,-7.232368,8.922078,-8.631853,-12.998618,-9.278647,75.445572,-11.049914,-2.877885,6.226395,-4.493468,1.945348,2.983657,15.209390,-27.527180,67.175560,14.960171,21.837151,-2.745122,-7.834660,-17.065722,29.313402,79.946617,-14.449018,-11.424527,-17.510147
466.000000,-836.217896,-799.699524,74.989410,3.890306,-5.409500,94.528499,-16.494987,-10.092328,6.489153,30.125694,-9.310961,9.017550,-13.801407,-12.145490,-10.282095,74.834198,-16.024698,-3.293132,4.695705,-3.340281,1.109993,1.428819,15.455889,-27.521235,66.397720,16.064875,21.388355,-2.618672,-5.051658,-17.549374,29.701746,80.766891,-14.760715,-10.039786,-17.396982
467.000000,-836.584839,-797.154541,75.565697,3.358177,-5.433355,95.210521,-13.350629,-10.321623,5.128573,28.712830,-10.819189,8.906589,-18.147533,-11.203613,-11.279354,71.923660,-18.969158,-3.413203,3.077331,-2.298862,0.475174,-0.055463,15.837026,-27.458870,65.215042,16.966074,21.014290,-2.515402,-2.022126,-17.793446,29.826580,81.019356,-14.792397,-8.516008,-17.064789
468.000000,-836.875122,-794.604248,76.089455,2.977052,-5.642208,96.001006,-10.869303,-10.512334,4.114391,27.341011,-11.589623,8.784980,-20.526535,-10.647664,-11.880442,68.777710,-19.879946,-3.420728,1.882911,-1.773396,0.248665,-1.046499,16.170919,-27.418846,64.210831,17.490831,20.763622,-2.456995,-0.030399,-17.767962,29.819633,81.051117,-14.786088,-7.560904,-16.663527
469.000000,-837.115112,-792.023254,76.510277,2.736215,-5.913701,96.915445,-6.713731,-10.859965,2.460581,24.761055,-12.582268,8.556272,-23.650864,-10.034767,-12.668571,62.343689,-20.071053,-3.333054,-0.112243,-1.249564,0.054784,-2.628257,16.729460,-27.409184,62.449783,18.073364,20.314966,-2.412850,2.895513,-17.543030,29.697989,81.000786,-14.771675,-6.307500,-15.822255
470.000000,-837.328125,-789.518127,76.784691,2.620539,-6.226484,97.920111,-2.633795,-11.230359,0.745615,22.061718,-13.341079,8.351542,-25.757715,-9.794453,-13.322177,55.045914,-19.115141,-3.146926,-2.116086,-1.007158,0.137951,-4.188141,17.166571,-27.406399,60.660500,18.162312,19.744095,-2.409757,5.338806,-17.277494,29.386005,80.773781,-14.774055,-5.453347,-15.020185
471.000000,-837.544922,-787.010315,76.912384,2.632152,-6.442591,98.695455,1.349049,-11.529756,-0.745516,19.297743,-14.090496,8.286228,-27.260008,-9.852255,-14.021864,47.282459,-17.499460,-2.929464,-3.772483,-0.903235,0.328249,-5.817879,17.335373,-27.355293,59.064037,18.166590,18.977585,-2.426457,7.388728,-17.109165,29.101765,80.559975,-14.864655,-4.899347,-14.325763
472.000000,-837.758911,-784.528259,76.894524,2.593450,-6.560500,99.407602,5.022799,-11.636824,-2.078398,16.926521,-15.036517,8.385312,-28.150923,-9.818532,-14.537436,39.149742,-15.474392,-2.532881,-5.131137,-0.759488,0.541874,-7.388636,17.343493,-27.310879,57.614883,18.159433,18.045322,-2.550458,8.963746,-17.077175,28.936539,80.651817,-14.975083,-4.619532,-13.793334
473.000000,-837.968567,-781.955811,76.733307,2.443274,-6.690638,100.134981,8.022623,-11.509987,-3.216405,15.455906,-16.256428,8.340273,-28.488424,-9.782462,-14.943403,32.782654,-13.900148,-2.032248,-6.177198,-0.558115,0.830188,-8.734023,17.285030,-27.357601,56.452030,18.124098,17.194427,-2.687557,10.067276,-17.143732,28.927069,80.841331,-14.878050,-4.468874,-13.501457
474.000000,-838.154785,-779.379700,76.468071,2.082893,-6.842849,101.041428,11.339039,-11.006062,-4.671131,14.517196,-18.169991,8.193577,-28.340998,-9.768361,-15.516430,26.742506,-12.328087,-1.442170,-7.379495,-0.162167,1.202201,-10.268399,17.111481,-27.527571,55.430286,18.014259,16.262863,-2.798106,11.198251,-17.261080,28.999142,81.160576,-14.495307,-4.389307,-13.331993
475.000000,-838.313171,-776.782654,76.124519,1.506660,-6.804072,101.883171,13.264424,-10.349215,-5.550564,14.478916,-19.834082,8.059863,-28.080065,-9.594950,-15.684183,24.008196,-11.400321,-1.238332,-8.034106,0.264216,1.255701,-11.101027,16.914051,-27.642241,54.916542,17.964876,15.701540,-2.836299,11.970948,-17.320572,29.049219,81.382637,-14.115235,-4.349411,-13.308354
476.000000,-838.425171,-774.083740,75.706406,0.875930,-6.647695,102.580017,14.972740,-9.197466,-5.688961,15.679813,-22.294378,7.697670,-27.754568,-9.143464,-15.581136,22.350618,-10.395985,-1.254411,-8.468418,0.900807,1.178816,-11.857554,16.640993,-27.643892,54.366520,17.971069,15.020658,-2.839908,12.909217,-17.330170,29.054363,81.466621,-13.648244,-4.244639,-13.327050
477.000000,-838.456848,-771.390320,75.328323,0.528396,-6.632575,102.876102,15.611355,-8.106501,-4.343491,19.439526,-24.222603,6.953288,-27.011921,-8.567609,-14.859257,22.639391,-9.328290,-1.697059,-8.421948,1.135396,1.190078,-12.236790,16.453114,-27.577940,54.161442,18.050146,14.385760,-2.776607,13.616811,-17.095201,29.053555,81.445679,-13.205195,-4.055460,-13.382983
478.000000,-838.418396,-768.522949,75.018280,0.191730,-6.775973,102.756703,15.058438,-7.006684,-2.229532,25.324585,-24.753746,6.045106,-25.842045,-7.714769,-14.283779,23.917873,-8.406974,-2.534473,-7.919967,1.212595,1.195105,-12.196589,16.274166,-27.498745,54.464542,18.502079,13.932668,-2.646260,14.017997,-16.732794,29.058861,81.349289,-12.754646,-3.738848,-13.486845
479.000000,-838.335632,-765.628357,74.816551,-0.280178,-6.918266,102.055456,13.887896,-5.165277,0.918408,33.528271,-22.584724,5.772172,-23.780569,-5.925430,-13.767590,25.451426,-7.113154,-4.041075,-6.748602,1.443313,0.935195,-11.540011,16.055130,-27.380508,55.299236,19.304182,13.557831,-2.421453,14.358474,-16.247490,29.181711,81.142006,-12.295887,-3.282851,-13.630983
480.000000,-838.265869,-762.757996,74.783554,-1.450052,-7.292970,101.052834,12.838290,-3.053762,2.830734,39.739792,-18.992090,4.515268,-22.286774,-3.960533,-13.647435,26.333843,-5.145305,-4.851527,-5.856819,2.303118,0.936162,-10.692026,15.914936,-27.312794,56.194481,19.806351,13.287257,-2.097677,14.264502,-16.143997,29.360758,80.703575,-12.153924,-2.895415,-13.762778
481.000000,-838.165649,-759.698181,74.867989,-3.018823,-7.598251,100.343948,11.270465,0.181589,4.302348,46.880005,-7.237180,3.644852,-19.866594,-1.266562,-14.083946,27.277996,-4.417631,-5.242928,-5.153213,3.774658,0.940152,-9.162726,15.919823,-27.258736,57.625565,20.291805,13.002003,-1.651099,13.857995,-16.157789,29.669043,79.860107,-12.135035,-2.451804,-13.936398
482.000000,-838.022339,-756.669373,74.931686,-4.330987,-7.603772,99.800315,8.571126,3.244591,4.491682,54.033363,3.911448,2.102261,-17.639936,1.268163,-14.587274,27.958532,-5.409593,-5.547614,-4.606141,5.095209,0.504763,-7.705379,16.081631,-27.249449,59.214676,20.861506,12.892092,-1.208921,13.313903,-16.162249,30.009537,78.978226,-12.258360,-2.207116,-14.085588
483.000000,-837.855835,-753.860291,74.958214,-4.959273,-7.608080,99.271804,5.594339,4.935910,4.319101,60.122158,5.184848,1.245876,-15.858097,2.994367,-14.312948,28.617064,-6.490046,-5.929987,-3.712785,5.432739,0.289497,-6.822456,16.396065,-27.355549,60.832386,21.312204,12.873990,-0.572297,12.435248,-16.069616,30.036629,78.173134,-12.582617,-2.003593,-14.143253
484.000000,-837.735657,-751.195496,75.022690,-5.244634,-7.923035,98.617129,1.295660,6.452278,4.441426,67.218636,1.930610,0.820756,-13.432007,4.644271,-13.557449,29.587650,-8.795141,-6.310442,-2.478765,5.424303,0.679104,-6.027452,16.777578,-27.862692,63.041634,21.546873,12.868337,0.360766,10.694164,-16.231586,30.044485,76.929436,-13.196449,-1.711836,-14.130909
485.000000,-837.690552,-748.604492,75.198074,-5.164837,-8.142808,97.829003,-2.069187,7.067965,4.723105,70.697861,-1.681637,0.882521,-11.658071,5.452129,-12.827710,30.084503,-11.104967,-6.369177,-1.631590,5.244090,0.954817,-5.318419,16.933048,-28.522863,64.649185,21.559666,12.870034,0.914688,9.100701,-16.548521,30.044157,76.071541,-13.952579,-1.504588,-14.086868
486.000000,-837.715820,-745.966797,75.488495,-4.644737,-8.324023,96.799825,-6.662137,7.278429,5.474762,73.244675,-6.440073,1.064954,-9.092653,6.058896,-11.455371,30.082232,-13.625795,-6.271470,-0.361843,4.650054,1.226648,-4.058205,16.932339,-29.231937,66.491730,21.542671,12.889537,1.312323,6.770819,-17.084515,30.023071,74.997375,-15.037656,-1.305681,-14.037990
487.000000,-837.814636,-743.311218,75.854530,-3.816108,-8.318338,95.546801,-11.372395,7.172256,6.630687,73.763077,-10.855360,1.280301,-6.364123,6.275683,-9.687574,29.326607,-15.502374,-6.083845,1.075251,3.811203,1.339134,-2.499569,16.648340,-29.457331,68.032639,21.539003,12.898394,1.390217,4.254570,-17.654049,29.851519,73.997765,-16.133179,-1.144064,-13.976423
488.000000,-837.988770,-740.669678,76.228813,-3.029761,-8.191187,94.162145,-15.521106,7.098939,7.675159,72.472260,-13.861423,1.441372,-3.761309,6.324893,-7.916180,28.016388,-16.745129,-5.874901,2.457795,3.134370,1.333010,-0.967026,16.148521,-29.446020,69.210129,21.581095,12.885353,1.278982,1.933043,-18.172115,29.418917,72.982079,-17.156073,-0.993299,-13.949557
489.000000,-838.198975,-738.112854,76.549477,-2.399650,-8.045101,92.733402,-20.046396,7.374351,8.946989,68.612640,-16.134418,1.540803,-0.279232,6.397747,-5.701880,25.643839,-17.795877,-5.585454,4.201069,2.586047,1.323183,0.945929,15.449896,-29.378824,70.276985,21.376755,12.786808,0.872288,-0.961974,-18.665716,28.746630,71.633553,-18.008446,-0.759830,-13.989536
490.000000,-838.414978,-735.485962,76.769981,-1.926641,-7.755625,91.219284,-23.476603,8.007668,10.115042,62.271759,-16.671329,1.547928,3.000809,6.479917,-3.652920,23.001972,-18.475624,-5.440574,5.886435,2.261210,1.219154,2.549850,14.900711,-29.171606,71.052673,20.605209,12.541614,0.266031,-3.651792,-18.814659,28.147520,70.049324,-18.135401,-0.389834,-14.149371
491.000000,-838.643738,-732.847717,76.815704,-1.670419,-7.485081,89.782128,-26.188995,8.734683,10.869297,54.770916,-16.225925,1.391866,6.177455,6.571512,-1.806984,20.488731,-19.173634,-5.324486,7.414125,2.176191,1.237448,3.840906,14.453730,-28.693367,71.675171,19.579502,12.232180,-0.355824,-6.430777,-18.777891,27.505936,68.310318,-18.125198,-0.185487,-14.307961
492.000000,-838.891113,-730.220093,76.674805,-1.581931,-7.292498,88.365944,-27.724131,9.239681,11.127192,48.658203,-15.349216,1.141969,8.537407,6.622317,-0.456453,18.823898,-19.828381,-5.185694,8.504552,2.248304,1.363040,4.649510,14.181492,-28.195278,72.017822,18.812351,12.002481,-0.807050,-8.658356,-18.710400,27.218145,67.042236,-18.049086,-0.185909,-14.465896
493.000000,-839.158813,-727.551514,76.364502,-1.564759,-7.045832,87.021947,-29.177624,9.745426,11.175951,41.313347,-13.969585,0.688168,11.160412,6.593372,0.996142,17.237108,-20.870066,-5.108392,9.810631,2.389848,1.427849,5.471198,13.952594,-27.473272,72.301849,18.067514,11.697453,-1.293334,-11.258061,-18.634314,27.171272,65.599174,-17.800289,-0.283473,-14.721309
494.000000,-839.460205,-724.836670,75.931625,-1.702066,-6.866922,85.842279,-30.491541,10.225499,10.968017,32.878136,-12.328331,-0.089102,14.053758,6.466063,2.299951,16.065407,-22.310654,-4.956264,11.312601,2.676641,1.395032,6.250526,13.756430,-26.460426,72.704720,17.194071,11.195875,-1.726848,-14.020130,-18.647711,27.161459,63.633148,-17.266510,-0.411709,-15.064528
495.000000,-839.780823,-722.109619,75.447159,-1.931234,-6.783605,84.962751,-31.233244,10.433998,10.228539,26.329632,-11.085033,-0.901425,16.564442,6.280167,3.042211,15.834968,-23.514090,-4.666801,12.500304,3.041730,1.265404,6.865318,13.668847,-25.704693,73.170792,16.294041,10.704578,-1.968883,-16.155653,-18.694056,27.195129,61.829956,-16.686777,-0.509905,-15.358182
496.000000,-840.121765,-719.218506,74.947586,-2.018105,-6.851429,84.150649,-31.480545,10.406607,9.447238,21.553303,-10.208491,-1.671949,18.915346,5.767127,3.214544,16.388329,-24.408840,-4.189778,13.503041,3.154447,1.104721,7.434411,13.703997,-25.174206,73.718704,15.494569,10.278872,-2.209728,-17.819424,-18.717741,27.243998,60.194221,-16.215649,-0.622739,-15.551391
497.000000,-840.482117,-716.233521,74.473228,-2.011467,-6.944730,83.538794,-31.485603,10.231373,8.681359,19.039490,-9.511555,-2.073059,21.043625,4.927062,2.785003,17.670973,-24.720640,-3.494531,14.288472,3.005899,0.800797,8.101862,13.855862,-24.877314,74.191940,14.746478,9.980960,-2.514400,-18.901011,-18.730066,27.230049,58.639439,-15.851282,-0.717431,-15.684364
498.000000,-840.876892,-713.165344,74.036591,-1.833796,-7.135830,82.989170,-31.301430,9.961928,8.045604,18.520140,-8.882995,-2.126295,22.268923,4.140543,2.270022,19.157381,-24.503712,-2.837163,14.645655,2.750754,0.609256,8.609672,13.990560,-24.847757,74.398483,14.340801,9.880403,-2.757119,-19.346367,-18.691534,27.099363,57.675678,-15.548141,-0.789895,-15.756670
499.000000,-841.325256,-709.874329,73.632256,-1.298571,-7.286973,82.188185,-30.582556,9.367595,7.262916,19.196039,-7.512132,-1.899580,23.560942,2.364990,1.365784,22.885824,-23.421595,-1.468260,15.255675,1.996727,0.319045,9.384568,14.158658,-24.833105,74.704681,14.001228,9.801127,-3.135321,-19.595575,-18.502337,26.714750,56.486862,-14.951139,-0.916352,-15.909221
500.000000,-841.804016,-706.506775,73.257416,-0.490875,-7.317954,81.445233,-29.641468,8.531308,7.272901,21.755909,-5.990944,-1.252180,23.911448,-0.082997,0.126599,27.843937,-20.920580,0.176701,15.721616,0.728901,-0.090701,10.102240,14.307670,-24.773037,75.017349,13.874507,9.755269,-3.475914,-19.342321,-18.172987,26.446409,55.951988,-14.410387,-0.973494,-16.020077
501.000000,-842.328369,-703.046692,72.865189,0.459200,-7.227120,80.770261,-28.800943,7.450323,7.828749,26.107586,-4.777829,-0.026009,23.074427,-2.920089,-1.005715,34.301826,-15.842104,2.761276,15.903926,-0.781442,-0.527435,10.726772,14.458214,-24.552486,75.088150,13.862433,9.742013,-3.836399,-18.688965,-17.741180,25.949282,55.703091,-14.100284,-0.927275,-16.066013
502.000000,-842.814270,-699.620789,72.538971,1.889374,-7.342735,80.358745,-28.331635,5.884570,8.947121,30.811565,-1.920070,0.749488,21.596111,-6.085785,-1.622535,40.712330,-5.108646,4.239919,15.781671,-2.866259,-0.147333,10.567823,14.757675,-24.349878,75.096146,13.874901,9.688686,-4.108058,-17.882664,-17.296967,25.485819,55.616840,-13.835393,-0.783525,-16.183273
503.000000,-843.291199,-696.533752,72.280678,2.908406,-7.392144,80.147741,-27.953138,4.577865,9.725006,35.088284,-2.234792,0.932023,19.256144,-8.270065,-1.556120,47.580723,1.168096,3.750210,15.418776,-4.328449,0.459708,9.874303,14.902808,-24.310051,75.043839,13.882733,9.578401,-4.217031,-17.205551,-17.073395,25.355303,55.812386,-13.497189,-0.631299,-16.277319
504.000000,-843.803711,-693.622986,72.131577,3.310404,-7.481416,79.927534,-27.301111,3.631569,10.091878,38.306908,-3.000310,1.107814,16.149654,-9.690904,-1.791413,54.509075,2.653567,2.933633,14.999089,-4.961259,0.917559,8.924666,14.840937,-24.342051,74.995522,13.888377,9.456318,-4.268312,-16.455326,-17.037386,25.338314,56.299953,-13.263778,-0.490760,-16.339687
505.000000,-844.248474,-690.809692,72.224083,3.710077,-7.751129,80.052591,-25.907278,2.524375,10.420067,41.647289,-7.203381,1.522787,11.848941,-11.007047,-2.792415,62.695812,1.048666,1.774034,14.249382,-5.298829,1.596375,7.305175,14.803154,-24.359718,74.951340,14.012948,9.229665,-4.289751,-15.106096,-17.045547,25.342548,57.263306,-13.165492,-0.171903,-16.381302
506.000000,-844.611816,-688.005859,72.586914,3.985942,-7.745322,80.507900,-23.843081,1.152249,10.562177,42.904537,-11.032929,1.937704,7.038558,-11.718365,-3.774573,69.408508,-2.397424,0.615631,13.323277,-5.640060,1.731452,5.575120,15.042120,-24.386702,74.873230,14.435723,8.918576,-4.282705,-12.990577,-17.104036,25.421644,58.370590,-13.277209,0.287309,-16.249289
507.000000,-844.912903,-685.318054,73.124428,4.048198,-7.735432,81.240031,-21.198984,-0.292394,10.284454,42.513794,-13.701521,2.423826,2.024504,-11.826062,-4.957959,74.370125,-6.695033,-0.341432,12.105889,-5.692321,1.548551,3.861263,15.457029,-24.402922,74.558807,15.105908,8.652123,-4.176640,-10.513840,-17.390329,25.682251,59.858387,-13.720181,0.710263,-15.919823
508.000000,-845.202942,-682.680969,73.753044,3.899558,-7.629371,81.980848,-18.513277,-1.414006,9.836904,41.233459,-15.321350,2.846642,-2.496776,-11.760013,-6.215852,76.902443,-10.626034,-1.001306,10.921877,-5.393491,1.212753,2.445272,15.887019,-24.404503,73.882935,15.872430,8.497243,-3.987081,-8.272758,-17.897293,25.936844,61.712669,-14.335187,1.048010,-15.592129
509.000000,-845.497131,-680.041504,74.416046,3.603054,-7.513403,82.643383,-14.991952,-2.484086,9.195936,39.026836,-16.796085,3.290954,-7.895986,-11.673084,-7.863048,77.847252,-15.039123,-1.486582,9.527735,-4.630923,0.856279,0.772507,16.421316,-24.382870,72.636192,16.910406,8.327487,-3.852478,-5.596365,-18.830421,26.204643,64.063438,-14.887708,1.667382,-15.188288
510.000000,-845.754700,-677.496399,75.044701,3.110346,-7.535704,83.311236,-12.298249,-2.998092,8.606190,37.173840,-17.626453,3.523385,-11.280018,-11.484550,-9.093861,76.916557,-17.384657,-1.631968,8.422004,-3.834062,0.803832,-0.311536,16.829727,-24.353067,71.430199,17.674860,8.233379,-3.836482,-3.835745,-19.514891,26.273804,65.581734,-15.030149,2.310547,-14.927155
511.000000,-845.946777,-674.898560,75.632729,2.535703,-7.525724,84.206057,-8.640537,-3.526019,7.555849,34.429703,-18.519548,3.684093,-15.253420,-11.154036,-10.843818,74.040985,-19.598948,-1.710258,6.672446,-2.734162,0.764560,-1.556163,17.458132,-24.300325,69.500099,18.548803,8.108253,-3.832226,-1.469825,-20.203348,26.285597,67.244835,-15.054353,3.394392,-14.648126
512.000000,-846.050049,-672.341370,76.126839,2.101019,-7.420580,85.362202,-5.018268,-4.131338,6.202679,31.306700,-19.057072,3.743457,-18.687994,-11.206057,-12.783991,69.587944,-20.878216,-1.684802,4.678075,-1.927233,0.718520,-2.794802,18.132759,-24.242430,67.403503,19.164894,7.929478,-3.837177,1.074231,-20.593153,26.285288,68.330093,-15.048568,4.544321,-14.383664
513.000000,-846.077942,-669.814087,76.520500,1.825544,-7.119985,86.553547,-1.766634,-4.690711,4.933993,28.049232,-19.248013,3.914382,-21.317419,-11.390670,-14.401198,63.587795,-21.080076,-1.573326,2.779104,-1.500427,0.603423,-3.888861,18.747866,-24.221622,65.333458,19.332962,7.649375,-3.889566,3.424668,-20.635530,26.182108,68.967812,-15.031994,5.424922,-14.072477
514.000000,-846.046997,-667.300964,76.754692,1.656523,-6.782720,87.813995,2.001673,-5.266701,3.375195,24.201414,-19.438124,4.051082,-24.161949,-11.685987,-16.106133,55.525990,-20.649948,-1.431227,0.476874,-1.194369,0.600284,-5.437372,19.373846,-24.117092,62.867832,19.361675,7.119070,-4.003510,6.147544,-20.452768,25.971491,69.506279,-15.009731,6.194118,-13.686926
515.000000,-845.965210,-664.761719,76.834938,1.611478,-6.484348,88.931350,4.676619,-5.555876,2.377040,21.576246,-19.562469,4.073691,-25.692312,-11.848553,-17.122765,49.395607,-19.497795,-1.316579,-0.965290,-1.090226,0.742000,-6.665586,19.675045,-24.040785,61.341713,19.332172,6.544470,-4.058263,7.937506,-20.196533,25.774542,69.874420,-15.007689,6.468621,-13.404608
516.000000,-845.842468,-662.226746,76.749413,1.638929,-6.114948,90.122168,7.861384,-5.786860,1.427132,18.582146,-19.877062,3.976541,-27.427017,-12.117382,-18.326181,41.657845,-17.711658,-1.137505,-2.687104,-1.059155,0.816549,-8.257736,19.916428,-23.943813,59.546753,19.269943,5.643114,-4.109257,10.148128,-19.844002,25.490509,70.363823,-15.001306,6.601216,-12.997234
517.000000,-845.670715,-659.680969,76.546196,1.802415,-5.819819,91.371064,10.621091,-5.944019,0.663290,16.577038,-20.276896,3.791636,-28.649712,-12.443652,-19.029907,34.563858,-15.908346,-0.945345,-4.278400,-1.195437,0.878191,-9.825320,19.981009,-23.701433,57.913620,19.208000,4.769792,-4.218105,12.272775,-19.491421,25.125761,70.836540,-14.990705,6.610249,-12.595228
518.000000,-845.458008,-657.114746,76.288460,2.001118,-5.695423,92.409212,12.897335,-5.935695,0.433767,15.603870,-20.596067,3.453488,-29.233561,-12.652723,-19.184668,29.259090,-14.425685,-0.782535,-5.368536,-1.389762,0.917299,-11.041151,19.932501,-23.573561,56.570671,19.029324,4.045701,-4.278687,14.027291,-19.190197,24.927475,71.412148,-14.916135,6.609358,-12.297349
519.000000,-845.210571,-654.428223,76.030800,2.019716,-5.726505,93.107296,15.471698,-5.504696,0.745304,15.559054,-20.872406,2.783192,-29.259056,-12.438087,-19.135078,24.328436,-12.695848,-0.656730,-6.145803,-1.376292,0.875839,-12.178555,19.661058,-23.545742,55.388298,18.707815,3.173167,-4.286454,16.017635,-18.908604,24.881605,72.134605,-14.549948,6.754626,-11.972719
520.000000,-844.921204,-651.582642,75.823402,1.703292,-5.929427,93.412759,17.472143,-4.431976,1.726060,17.043388,-20.818705,1.884657,-28.409124,-11.488781,-19.085987,21.331736,-10.809566,-0.915868,-6.341726,-0.856781,0.760901,-12.622892,19.196905,-23.545801,54.743057,18.580395,2.487970,-4.252131,17.690914,-18.812943,24.941225,72.310310,-13.760025,7.227971,-11.689880
521.000000,-844.561768,-648.712708,75.688431,1.279653,-6.277226,93.614642,18.376600,-3.402780,2.514524,19.565329,-20.291271,1.139548,-27.356333,-10.569758,-19.026615,20.004900,-9.327690,-1.364904,-6.401047,-0.380574,0.636682,-12.597713,18.859762,-23.532967,54.471233,18.629341,2.077318,-4.196186,18.668072,-18.736162,25.079151,72.321922,-13.131276,7.636076,-11.545770
522.000000,-844.122681,-645.757751,75.640892,0.809656,-6.830362,93.585125,18.907946,-1.776606,3.720437,24.694471,-18.218884,0.158363,-25.144482,-9.070893,-18.911789,18.975029,-7.197505,-2.297368,-6.336242,0.252282,0.626308,-12.223212,18.446638,-23.523338,54.472443,18.914530,1.744668,-4.039151,19.506731,-18.539255,25.456453,72.322876,-12.396984,8.214100,-11.476866
523.000000,-843.599976,-642.600891,75.660393,0.343945,-7.390223,93.197801,18.761164,-0.118442,4.940626,30.348028,-13.952389,-0.722270,-22.540007,-7.381030,-18.988516,18.161009,-5.299539,-3.324169,-5.964149,0.869223,0.418902,-11.345069,18.114788,-23.521906,54.736046,19.290960,1.595268,-3.770609,19.956554,-18.344332,25.923513,72.257515,-11.824945,8.737806,-11.487787
524.000000,-843.020081,-639.281433,75.637726,-0.530903,-7.777838,92.952439,17.839598,2.547518,6.034536,36.859940,-0.701847,-1.764463,-19.041719,-4.868075,-18.991671,17.336210,-3.349712,-4.466399,-5.610415,1.991487,-0.093683,-9.826415,17.782444,-23.582159,55.361320,19.525900,1.496204,-3.313429,20.251585,-18.214552,26.364655,71.850967,-11.480139,9.322735,-11.607000
525.000000,-842.502197,-636.209351,75.439651,-1.830096,-8.126876,92.363014,16.496534,5.336712,6.339872,43.154316,9.037991,-1.926538,-16.679007,-1.909399,-18.243504,17.839798,0.159343,-6.906799,-4.877198,3.757511,-0.118106,-8.672760,17.416794,-23.653702,56.207695,19.595331,1.413345,-2.647922,19.935442,-18.308647,26.553370,71.281837,-11.415882,9.585316,-11.853121
526.000000,-842.002869,-633.309326,75.112778,-3.425257,-8.377315,91.703261,14.222126,8.060083,5.948405,50.688068,11.058539,-1.202432,-15.557512,0.614971,-18.198246,20.547834,1.174820,-7.499423,-4.013431,5.807387,0.353949,-7.870391,17.155468,-23.662128,57.417362,19.602633,1.318049,-1.696923,18.659662,-18.478273,26.564871,70.838631,-11.631218,9.645171,-12.036696
527.000000,-841.478088,-630.628845,74.846718,-4.656963,-8.703500,91.036875,10.982198,10.031610,5.395631,58.344479,8.368523,-0.512348,-14.512115,2.665298,-18.142799,23.702324,-0.683311,-7.857903,-3.319898,7.211373,1.105137,-7.209975,17.171753,-23.767445,59.276676,19.632847,1.320710,-0.611433,16.671211,-18.504244,26.623789,70.474281,-12.210620,9.612224,-12.103141
528.000000,-840.922363,-627.998657,74.812515,-5.486100,-8.815901,90.210073,8.160967,10.894843,5.093100,63.039677,5.822703,-0.048904,-13.725937,3.958395,-17.924513,25.500378,-3.470265,-8.051575,-2.853700,7.787829,1.371250,-6.639632,17.261705,-23.958876,60.932983,19.723274,1.456964,0.120624,15.094521,-18.458384,26.762249,70.311844,-12.713838,9.539296,-12.107305
529.000000,-840.325806,-625.422424,75.018753,-5.492344,-8.829523,89.238645,3.240192,11.157596,5.056445,68.806274,1.150383,0.571107,-12.024777,5.459900,-17.066048,26.942698,-7.128353,-8.294374,-1.978389,7.602994,1.391472,-5.456509,17.610262,-24.517548,63.710552,19.878349,1.892106,1.125881,12.524025,-18.214525,27.118261,70.109375,-13.535988,9.365239,-12.101229
530.000000,-839.732361,-622.931213,75.402435,-4.844843,-8.823290,88.126205,-1.530451,10.526715,5.753369,72.193977,-3.659045,1.027614,-9.869452,6.207194,-15.677366,27.052183,-9.625573,-8.396392,-0.954615,6.346281,1.234861,-3.967550,18.073866,-25.320738,66.167252,19.879612,2.387052,1.862078,10.025723,-17.911125,27.590448,69.975998,-14.195059,9.167680,-12.092835
531.000000,-839.179626,-620.478027,75.883430,-3.960629,-8.821584,86.949251,-6.168987,9.676064,6.871320,73.491707,-7.899064,1.412158,-7.238237,6.606822,-13.963447,26.116440,-11.345297,-8.371148,0.221031,4.681229,1.049444,-2.131870,18.482401,-26.314129,68.165817,19.897657,2.826205,2.265954,7.524169,-17.692806,28.014343,69.850586,-14.773518,9.017120,-12.088168
532.000000,-838.710510,-618.033691,76.385864,-3.318117,-8.763447,85.875680,-10.589439,9.063944,7.806092,72.550575,-10.941786,1.766723,-3.992764,7.088336,-12.283058,23.813141,-12.237375,-8.242354,1.347056,3.339357,0.842615,-0.051489,18.522192,-27.021299,69.804810,19.934200,3.163691,2.343691,5.168250,-17.661692,27.994476,69.482674,-15.622929,8.972688,-12.153906
533.000000,-838.323242,-615.602417,76.815117,-2.816582,-8.630334,84.516283,-14.211872,8.864503,8.657233,69.981476,-13.070361,1.990096,-0.869980,7.627497,-10.567751,21.073730,-12.579877,-8.102781,2.689713,2.516587,0.657256,1.867579,18.221844,-27.293192,70.950089,19.915409,3.396698,2.265209,3.245446,-17.840548,27.753082,68.655937,-16.332006,9.019506,-12.330971
534.000000,-838.009094,-613.174072,77.108391,-2.515317,-8.500848,83.041796,-18.080320,9.001209,9.517217,65.473701,-15.006137,2.088800,2.981633,8.322039,-8.377090,17.480095,-12.770904,-7.969063,4.424317,2.006101,0.611817,4.118155,17.617880,-27.339832,71.869446,19.479338,3.621948,1.989375,0.930075,-18.263712,27.411598,67.179848,-16.682396,9.065230,-12.616927
535.000000,-837.751892,-610.827332,77.223846,-2.331875,-8.290850,81.583939,-20.494787,9.240513,10.004705,61.505051,-15.667468,2.082504,5.445290,8.704983,-6.872449,15.269824,-13.020820,-7.869731,5.587053,1.878044,0.660807,5.545632,17.112288,-27.338158,72.338287,18.786421,3.683274,1.683534,-0.772823,-18.602133,27.277967,65.933960,-16.525921,9.085500,-12.837357
536.000000,-837.510132,-608.464905,77.175133,-2.207064,-8.086969,80.193225,-23.222313,9.612986,10.557640,55.275471,-15.691392,1.951482,8.343865,9.017705,-5.111361,13.075002,-13.713624,-7.780274,7.021408,1.830309,0.887448,7.090544,16.410826,-27.254301,72.964851,17.698408,3.665035,1.195294,-3.063622,-18.982023,27.212122,64.045998,-15.991463,9.095469,-13.109305
537.000000,-837.281494,-606.103638,76.980614,-2.222210,-7.889119,79.015107,-25.359442,9.922917,10.975382,48.060635,-14.958330,1.670207,10.916539,9.237062,-3.549738,11.587998,-14.785859,-7.658638,8.268396,1.900901,1.158514,8.382976,15.750086,-26.937325,73.547127,16.772423,3.566511,0.651169,-5.377356,-19.182491,27.182051,62.123333,-15.425413,9.050591,-13.308610
538.000000,-837.081177,-603.705566,76.645805,-2.404825,-7.695646,78.029724,-26.924843,10.108349,11.161254,41.411797,-13.708476,1.320819,13.031633,9.441589,-2.314175,10.810913,-16.078672,-7.555608,9.169504,2.153448,1.330805,9.390361,15.151106,-26.508604,74.156174,15.979549,3.383238,0.168951,-7.561432,-19.181076,27.141172,60.761826,-14.907729,8.852962,-13.464681
539.000000,-836.910645,-601.288757,76.203728,-2.640807,-7.504823,77.228059,-28.474449,10.065230,11.012002,34.077267,-11.996264,0.736411,15.338778,9.612940,-1.058733,10.504810,-17.970427,-7.420621,10.121808,2.579927,1.369179,10.328619,14.481534,-26.010580,75.127052,14.901694,3.099165,-0.425409,-10.080645,-19.099579,27.134933,59.625015,-14.157430,8.426984,-13.611596
540.000000,-836.750000,-598.769958,75.694870,-2.843379,-7.363610,76.600165,-29.453901,9.638051,10.347004,28.005093,-10.600677,-0.048854,17.361359,9.552911,-0.461637,10.725290,-19.845592,-7.185330,10.933565,2.932047,1.286828,10.973978,14.035584,-25.550224,76.028099,13.957110,2.881610,-0.964522,-11.961634,-19.041080,27.144131,58.846634,-13.448334,7.931456,-13.763256
541.000000,-836.599731,-596.227478,75.182381,-2.952347,-7.367194,75.962405,-30.023849,9.171614,9.364416,23.370899,-9.593581,-0.829425,19.359535,9.245774,-0.307924,11.427973,-21.583391,-6.832813,11.811710,3.192131,1.199883,11.443090,13.713383,-25.202433,76.951363,13.407447,2.782700,-1.398534,-13.344857,-19.009363,27.155165,58.220871,-13.119070,7.500117,-13.894598
542.000000,-836.442078,-593.537903,74.687904,-2.984609,-7.466372,75.221791,-30.238934,8.964924,8.414187,20.774370,-8.797660,-1.266533,21.250957,8.688009,-0.386510,12.679435,-22.915712,-6.335522,12.629156,3.312728,1.091962,11.879419,13.509124,-25.076962,77.853035,12.964100,2.775881,-1.775895,-14.284357,-18.880934,27.159601,57.815781,-12.973001,7.140767,-14.015996
543.000000,-836.262329,-590.722412,74.251900,-2.773496,-7.483493,74.665124,-30.277069,8.810504,7.928925,20.108831,-8.142042,-1.341622,22.382698,8.068199,-0.736778,13.875460,-23.520714,-5.819657,12.953332,3.169458,0.919444,12.284241,13.466284,-25.012495,78.321587,12.645742,2.818841,-2.008898,-14.611767,-18.647903,27.089823,57.688881,-12.879985,6.915344,-14.112724
544.000000,-836.072998,-587.825562,73.899330,-2.169288,-7.403066,74.107191,-30.088251,8.198710,7.477347,20.399630,-6.957207,-1.234532,23.584040,6.520986,-1.636352,16.851448,-24.066063,-4.724437,13.233028,2.382360,0.523624,12.983981,13.506633,-24.798309,78.817062,12.324169,3.014057,-2.328661,-14.555587,-18.104105,26.836931,57.647709,-12.830760,6.711888,-14.237263
545.000000,-835.885498,-584.687012,73.600266,-1.295477,-7.295135,73.462149,-29.578375,7.329757,7.102595,22.527567,-5.898772,-0.901919,23.801493,4.462349,-2.523392,21.462296,-23.780336,-3.390067,13.494342,1.169137,0.087398,13.599911,13.588821,-24.676699,79.111404,12.252041,3.279007,-2.626780,-13.882328,-17.534554,26.628242,57.687584,-12.801079,6.701000,-14.287240
546.000000,-835.736938,-581.486328,73.358131,-0.374289,-7.176141,72.951544,-28.669390,6.303544,7.096683,26.112347,-5.254365,-0.468807,23.173456,2.058151,-3.466120,27.711498,-21.792433,-1.731714,13.551037,-0.163372,-0.368419,14.020020,13.562506,-24.663460,79.499084,12.229232,3.626770,-2.941999,-12.739080,-17.016506,26.452673,57.881943,-12.712837,6.760807,-14.349133
547.000000,-835.610229,-578.490051,73.210289,0.654692,-7.357301,72.936175,-27.804216,4.750633,7.665998,29.796135,-3.293241,0.875989,21.875622,-0.662650,-4.477241,35.081566,-16.497820,0.791088,13.119461,-1.700472,-0.374498,13.996762,13.541278,-24.658936,79.672134,12.221455,4.022853,-3.210086,-11.358928,-16.593534,26.173300,58.198406,-12.475773,6.973087,-14.472496
548.000000,-835.494324,-575.485962,73.139885,1.959584,-7.510047,72.502232,-26.565895,3.387910,8.785408,32.545620,-2.721466,1.408497,19.791512,-3.303324,-4.524496,42.204235,-7.200007,1.461862,13.104058,-3.199483,0.037644,13.473608,13.537566,-24.659506,79.641556,12.223664,4.230062,-3.293560,-10.179393,-16.377485,26.148218,58.814770,-12.200384,7.243481,-14.594372
549.000000,-835.422607,-572.556519,73.099312,2.938523,-7.448454,72.099932,-25.042784,1.769111,9.735920,35.164612,-3.338088,1.972044,16.313303,-5.986784,-4.054701,50.642532,0.821742,1.639147,13.042565,-4.507027,0.352129,12.487709,13.426998,-24.755314,79.469292,12.231791,4.296354,-3.303621,-8.848389,-16.429243,26.320658,59.868225,-11.884493,7.579836,-14.703919
550.000000,-835.371033,-569.858093,73.157227,3.682424,-7.469113,71.932907,-23.554522,0.300762,10.128678,37.238968,-6.047033,2.369484,11.970224,-7.952820,-3.994739,59.151367,0.466888,1.286724,12.622894,-5.110508,0.839462,10.997793,13.222267,-25.177263,79.409645,12.284867,4.290704,-3.246855,-7.952577,-16.741159,26.832142,61.364498,-12.006134,7.852136,-14.821416
551.000000,-835.260132,-567.354797,73.409058,4.284497,-7.545928,72.231264,-22.046432,-0.873136,10.313074,37.965233,-8.499116,2.601024,8.399792,-9.093355,-4.178969,64.898628,-1.263318,0.907613,11.940047,-5.473226,1.249792,9.605820,13.192701,-25.550453,79.404800,12.439759,4.280666,-3.148929,-7.212363,-16.918779,27.188910,62.689774,-12.410305,8.140095,-14.855642
552.000000,-835.104919,-564.903137,73.836266,4.441856,-7.503812,72.807930,-19.712601,-2.244815,10.110240,37.770302,-10.976188,2.932247,3.357685,-9.906629,-4.730022,70.810532,-4.576201,0.344273,10.776189,-5.507134,1.450960,7.663967,13.293266,-25.907598,79.306122,12.951076,4.259912,-2.947502,-5.852723,-17.213655,27.575844,64.403915,-13.212825,8.605547,-14.836179
553.000000,-834.902100,-562.501221,74.379044,4.285113,-7.471222,73.466407,-17.279678,-3.173316,9.550333,36.768452,-12.553342,3.259143,-1.281438,-10.048273,-5.468513,74.291557,-8.083543,-0.203339,9.514523,-5.077963,1.433220,5.879698,13.557425,-26.117508,78.958511,13.932725,4.268925,-2.723020,-4.407591,-17.504467,27.900930,66.034691,-13.952987,9.082709,-14.742775
554.000000,-834.629822,-560.059570,74.990089,3.950601,-7.343200,74.170780,-14.085009,-3.998945,8.689048,34.819771,-13.916324,3.571639,-6.791715,-10.003969,-6.577973,76.240967,-12.255451,-0.780320,7.868242,-4.360411,1.228494,3.798580,14.083642,-26.231438,78.157394,15.550632,4.353058,-2.367772,-2.559347,-17.693483,28.220209,68.101051,-14.593936,9.826044,-14.517803
555.000000,-834.289368,-557.667725,75.581192,3.553613,-7.126541,74.794160,-11.020809,-4.465274,7.823270,32.537033,-14.880685,3.721884,-11.719889,-9.998341,-7.949419,75.612228,-15.384396,-1.129839,6.212183,-3.653034,0.922773,1.991876,14.742537,-26.201361,76.852631,17.357426,4.634795,-2.009713,-0.737389,-17.605091,28.246031,69.670547,-14.740608,10.754308,-14.239299
556.000000,-833.883972,-555.324341,76.108276,3.063680,-7.047780,75.559962,-7.811277,-4.736226,6.761533,30.092833,-15.659126,3.770588,-15.889616,-9.986832,-9.579672,72.963280,-17.585403,-1.267288,4.347278,-2.954724,0.825209,0.187105,15.446600,-26.171547,75.213570,19.090139,5.001211,-1.702143,1.086644,-17.316904,28.244175,70.792938,-14.767154,11.690330,-13.917683
557.000000,-833.411865,-552.992371,76.548347,2.664842,-7.013735,76.337324,-5.183192,-4.906527,5.884128,27.996679,-16.120661,3.769130,-18.639688,-9.982220,-10.755332,69.666153,-18.551893,-1.297461,2.860988,-2.534696,0.855120,-1.248467,15.988983,-26.168413,73.734512,20.266182,5.269001,-1.522588,2.554624,-16.974215,28.212900,71.353989,-14.778998,12.356732,-13.616361
558.000000,-832.894043,-550.626587,76.871239,2.287958,-6.832473,77.349711,-2.204648,-5.091595,4.745835,25.481182,-16.594652,3.721848,-21.523115,-10.008719,-11.986220,64.489227,-19.019867,-1.309020,1.031388,-2.165389,0.789851,-2.959466,16.517279,-26.163309,71.734314,21.340294,5.521256,-1.376893,4.329807,-16.521992,28.147131,71.752365,-14.790725,12.993957,-13.186516
559.000000,-832.396790,-548.385681,77.044014,2.055841,-6.657895,78.523104,1.169757,-5.361914,3.156278,22.613110,-17.159306,3.657660,-24.359089,-10.307327,-13.358148,56.870338,-18.724941,-1.305496,-1.375604,-1.820137,0.796947,-5.185759,16.821541,-26.146057,69.116112,21.974760,5.664803,-1.335797,6.254297,-16.042088,27.970900,72.205124,-14.794059,13.420808,-12.649896
560.000000,-831.891602,-546.071899,77.087898,2.010914,-6.426118,79.464074,4.318429,-5.657402,1.937703,19.833555,-17.648043,3.699754,-26.318283,-10.821228,-14.420896,48.576180,-17.450544,-1.234984,-3.332630,-1.638854,0.847464,-7.386322,16.660765,-26.139355,66.959732,22.051424,5.393811,-1.335742,7.750720,-15.745102,27.589247,72.780815,-14.790775,13.494591,-12.198453
561.000000,-831.380920,-543.734375,76.983902,2.090067,-6.197630,80.172473,7.449032,-5.902067,1.074753,17.153879,-18.235575,3.703872,-27.888485,-11.396210,-15.300967,40.531425,-15.912998,-1.101921,-4.861259,-1.508374,0.905380,-9.588647,16.153587,-26.135527,65.174385,22.006285,4.782986,-1.361842,9.068333,-15.672642,27.249876,73.354889,-14.767536,13.480723,-11.878586
562.000000,-830.833557,-541.340027,76.751495,2.197969,-6.054585,80.931569,10.478897,-6.027919,0.385538,14.941622,-18.967117,3.518922,-28.937843,-12.028992,-15.993376,33.401882,-14.280721,-0.826968,-6.243492,-1.395516,1.017456,-11.666818,15.455975,-26.173262,63.592815,21.857416,4.017585,-1.484938,10.258296,-15.776199,27.043661,73.971970,-14.475957,13.388755,-11.716678
563.000000,-830.220154,-538.905212,76.436272,2.216371,-5.996210,81.864367,12.944539,-5.873875,0.103303,13.752756,-19.814108,3.199364,-29.387581,-12.452208,-16.195974,28.012821,-12.898010,-0.422572,-7.461221,-1.270120,1.099476,-13.387991,14.762402,-26.229889,62.405781,21.435308,3.229320,-1.670838,11.341413,-15.924397,26.970861,74.503777,-13.952777,13.307229,-11.616855
564.000000,-829.526245,-536.451355,76.115524,2.119860,-6.114909,82.734989,15.073403,-5.482862,0.072549,13.401327,-20.599585,2.751752,-29.326508,-12.651850,-16.196602,24.023523,-11.664674,-0.153084,-8.410519,-1.127343,1.176450,-14.781589,14.105666,-26.251656,61.550014,20.863043,2.469851,-1.846029,12.415019,-16.004938,26.951969,74.989578,-13.407195,13.249697,-11.528585
565.000000,-828.735474,-533.918518,75.838112,2.014481,-6.259481,83.312602,17.288958,-4.723547,0.552008,14.020070,-21.189009,1.971133,-28.792015,-12.649503,-16.245127,20.985811,-10.251148,-0.053883,-9.095971,-0.923641,1.025187,-15.906698,13.348373,-26.254766,60.848705,20.087234,1.631771,-1.990627,13.771382,-15.963519,26.946014,75.701454,-12.656279,13.229946,-11.381657
566.000000,-827.834351,-531.248474,75.644798,1.629186,-6.618986,83.648559,18.916037,-3.481539,1.637451,16.392193,-21.272593,0.937544,-27.635654,-12.144546,-16.342592,19.588612,-8.622577,-0.379036,-9.367815,-0.480045,0.905242,-16.443565,12.626853,-26.253313,60.466213,19.435825,0.923288,-2.002000,15.157440,-15.917656,26.948332,76.045486,-11.743362,13.392071,-11.155639
567.000000,-826.817200,-528.480408,75.552925,1.109193,-7.093919,83.637278,19.874548,-1.801277,2.966406,20.568314,-20.304811,-0.170017,-25.735224,-11.045688,-16.707102,19.066515,-6.787242,-1.179091,-9.208251,0.186155,0.804102,-16.352465,11.989668,-26.199852,60.364075,19.249062,0.418770,-1.939086,16.574823,-15.876489,27.074657,75.882706,-10.891859,13.664798,-10.932137
568.000000,-825.632751,-525.533813,75.560852,0.525042,-7.609184,83.317222,20.035933,-0.082771,4.056961,25.708187,-17.664139,-1.090114,-23.440027,-9.570437,-17.065397,18.570347,-5.013009,-2.128978,-8.751834,0.814994,0.642019,-15.680379,11.564965,-25.946140,60.415512,19.330448,0.154956,-1.756897,17.726877,-15.783937,27.307680,75.445755,-10.358854,13.959070,-10.751018
569.000000,-824.331116,-522.531555,75.638397,0.004639,-8.060853,82.641361,19.615078,2.109151,5.295949,32.452782,-11.250523,-2.451041,-20.336452,-7.293722,-17.097389,18.063864,-3.203876,-3.145881,-7.987079,1.515468,0.269598,-14.217194,11.355181,-25.566221,60.719929,19.584919,0.030767,-1.379370,18.774137,-15.630433,27.610096,74.794022,-9.976803,14.277787,-10.593804
570.000000,-822.982788,-519.521729,75.722054,-0.828826,-8.513035,82.035989,18.739269,4.709347,6.168509,38.391247,-1.140308,-5.319653,-17.222481,-4.637535,-16.740076,17.900646,-1.735423,-4.770600,-7.475873,2.486000,0.006920,-12.481603,11.405126,-25.332251,61.413200,19.768471,0.025028,-0.759984,19.207275,-15.535635,27.757534,74.284775,-9.789209,14.466326,-10.562572
571.000000,-821.683899,-516.596375,75.679504,-2.604852,-8.694397,82.112310,17.287294,7.589461,6.075219,42.367237,10.481373,-3.873905,-15.395336,-2.542500,-17.354576,18.366531,-0.152852,-5.531864,-7.437645,4.029922,-0.025700,-11.398254,11.391923,-25.118479,62.195236,19.781927,0.075652,-0.277432,19.170246,-15.610647,27.767403,73.875626,-9.733045,14.521536,-10.563434
572.000000,-820.458130,-513.965149,75.481049,-4.103256,-8.783641,81.859481,14.569472,10.640745,5.114203,49.417175,15.036543,-1.944682,-13.798170,-0.078723,-18.047552,20.243660,0.043219,-5.974948,-6.744331,5.868924,0.522671,-10.661127,11.549574,-24.734148,63.322067,19.766479,0.259640,0.395022,18.553596,-15.631121,27.729977,73.255753,-9.789858,14.528904,-10.532192
573.000000,-819.243896,-511.479370,75.299194,-4.980919,-8.935319,81.122563,11.150691,12.201125,4.476467,56.684147,11.570075,-0.643264,-12.782519,1.794938,-17.834360,22.523937,-1.462023,-6.395712,-5.585296,6.765921,1.339749,-10.255075,12.103042,-24.438152,64.509293,19.682190,0.487688,1.231280,17.292410,-15.614509,27.672060,72.587059,-9.951631,14.525622,-10.413322
574.000000,-818.113586,-509.169342,75.303452,-5.482659,-8.883133,80.187991,6.160304,13.054945,4.059440,64.407944,5.333003,0.560939,-11.526038,3.805748,-17.240774,24.823011,-5.131186,-6.903454,-4.185265,7.334013,2.018891,-9.404453,13.160948,-24.346554,66.223579,19.543900,0.804140,2.354337,15.193438,-15.756151,27.659405,71.759529,-10.418979,14.450237,-10.205798
575.000000,-816.931458,-506.780853,75.508621,-5.315004,-8.397283,79.208394,0.464901,12.453559,3.947917,69.454643,-0.820213,1.387168,-10.266382,5.024625,-16.350723,25.683466,-8.107755,-7.260546,-3.101279,6.879912,1.773057,-8.073435,14.508033,-24.949259,68.181618,19.741138,1.283001,3.327723,12.746667,-15.830327,27.661276,71.385651,-11.648956,14.257210,-9.952205
576.000000,-815.781372,-504.413513,75.863525,-4.646481,-8.086400,78.058707,-4.974247,11.180280,4.674752,71.787720,-6.785685,1.951128,-8.370584,5.729049,-15.012924,25.470264,-10.275162,-7.485130,-1.830487,5.685349,1.510752,-6.503265,15.741403,-25.839500,70.254272,20.180656,1.929728,4.099046,10.038627,-15.887656,27.660233,71.095825,-13.188219,14.098719,-9.782146
577.000000,-814.714600,-502.045380,76.282318,-3.891707,-7.886902,76.749845,-9.993123,9.971774,6.025405,71.645172,-11.467088,2.286585,-5.809023,6.313424,-13.322687,24.166992,-11.714594,-7.540994,-0.283216,4.396479,1.264451,-4.608621,16.452459,-26.440489,72.248566,20.724089,2.646833,4.611154,7.295777,-16.115273,27.489311,70.599762,-14.853930,13.993218,-9.740596
578.000000,-813.725769,-499.633453,76.686821,-3.190573,-7.702489,75.222906,-14.090176,9.211840,7.517441,69.617996,-14.148194,2.459967,-3.129874,6.850208,-11.540592,22.303047,-12.614516,-7.539384,1.340425,3.456147,1.004213,-2.599705,16.575869,-26.699877,73.752190,20.978144,3.297827,4.797827,4.864250,-16.513697,27.194050,69.862297,-16.203249,13.917997,-9.801856
579.000000,-812.810303,-497.221863,77.003769,-2.614068,-7.633250,73.596733,-17.466949,8.774095,8.958461,66.333694,-15.827062,2.534243,-0.316761,7.316964,-9.748679,20.207842,-13.227713,-7.419077,2.968340,2.764775,0.904131,-0.608423,16.406458,-26.839653,74.858315,20.920156,3.878065,4.753469,2.572438,-16.982008,26.907259,68.819351,-17.209019,13.878848,-9.920434
580.000000,-811.912537,-494.717346,77.176521,-2.138021,-7.584287,71.620061,-20.887203,8.746668,10.667328,60.838985,-16.875668,2.509997,3.055850,7.844925,-7.415767,17.743219,-13.971366,-7.404065,5.141688,2.262385,0.879674,1.775193,15.913528,-26.848215,75.637772,20.550903,4.479063,4.387693,-0.141848,-17.606230,26.606264,66.937141,-17.842926,13.876141,-10.118213
581.000000,-811.067993,-492.254150,77.165131,-1.888838,-7.606313,69.673315,-23.673044,9.134847,12.159274,54.396423,-16.857229,2.321558,6.288336,8.320681,-5.029532,15.703067,-14.865305,-7.455359,7.343243,2.100626,1.029454,4.031990,15.278229,-26.754595,75.940643,19.930058,4.835437,3.782471,-3.104712,-18.091106,26.366646,64.854568,-17.723560,13.821162,-10.374829
582.000000,-810.268860,-489.858856,76.977295,-1.854473,-7.612659,68.011911,-25.972660,9.553633,13.017781,47.248032,-15.855643,1.954825,9.306606,8.752446,-2.925326,14.170592,-16.041937,-7.510697,9.145981,2.258558,1.185183,5.998415,14.518539,-26.486141,76.260193,18.906933,4.923406,3.038845,-6.386328,-18.346216,26.233101,62.895588,-17.074234,13.636828,-10.599050
583.000000,-809.449646,-487.397095,76.634682,-1.972300,-7.561699,66.667916,-27.592550,9.720607,13.305408,40.132458,-14.170946,1.447732,11.844813,9.070510,-1.317076,13.211542,-17.404440,-7.543931,10.357864,2.511917,1.240105,7.462248,13.859883,-26.111591,76.839867,17.848717,4.669761,2.323395,-9.374504,-18.412239,26.225821,61.043659,-16.209660,13.266351,-10.698214
584.000000,-808.598633,-484.860474,76.136742,-2.172928,-7.547320,65.441663,-29.187937,9.950611,13.415012,32.406395,-12.435374,0.765932,14.734570,9.404579,0.407947,12.587820,-19.390411,-7.568054,11.637346,2.887200,1.265025,8.849938,13.216652,-25.479635,77.794777,16.671459,4.194016,1.523970,-12.840905,-18.331947,26.229609,59.015373,-15.328665,12.574450,-10.739108
585.000000,-807.783691,-482.449432,75.586739,-2.229811,-7.594763,64.313561,-29.887905,9.913260,13.135322,27.712734,-11.441513,0.102013,16.593052,9.398936,1.370777,12.711726,-21.038771,-7.565069,12.529126,3.009418,1.313064,9.621819,12.942636,-24.931999,78.536430,15.900956,3.814887,1.065058,-15.101115,-18.176086,26.232103,57.828949,-14.888999,12.027917,-10.744360
586.000000,-806.892883,-479.800232,74.962791,-2.241513,-7.628751,63.168642,-30.578510,9.829599,12.438219,23.046320,-10.554948,-0.689096,18.823889,9.188952,2.295660,13.409053,-23.171061,-7.487521,13.556423,3.077901,1.261682,10.588344,12.744990,-24.287323,79.514214,15.001907,3.405406,0.637032,-17.702631,-17.956591,26.190647,56.219303,-14.478493,11.407249,-10.744229
587.000000,-805.992310,-477.113831,74.377655,-2.162855,-7.612453,62.199441,-31.003029,9.752980,11.625005,20.294090,-9.873479,-1.201897,20.815990,8.673767,2.630166,14.775829,-24.937689,-7.223445,14.367831,2.954473,1.028355,11.566596,12.686412,-23.686214,80.458138,14.249710,3.234699,0.370689,-19.637476,-17.709421,26.016397,54.337326,-14.307998,10.896177,-10.745604
588.000000,-805.057495,-474.267090,73.845390,-1.962814,-7.714894,61.268681,-31.122282,9.580002,10.516738,19.945816,-9.142658,-1.330253,22.226654,7.889390,2.372260,17.071581,-25.954668,-6.700793,14.834476,2.669959,0.881859,12.460736,12.718737,-23.324686,81.049370,13.607132,3.257753,0.186335,-20.802301,-17.374298,25.526159,52.555538,-14.195722,10.496543,-10.734529
589.000000,-804.119202,-471.347137,73.421494,-1.549363,-7.702544,60.423358,-30.767633,9.163432,9.268101,20.837126,-7.913192,-1.187015,23.275200,6.452880,1.564909,21.095083,-26.150698,-5.679005,15.133542,2.003764,0.502531,13.660882,12.809425,-22.999548,81.405647,13.065564,3.414295,-0.044486,-21.419622,-16.804958,24.768831,50.609478,-14.043779,10.032066,-10.706760
590.000000,-803.155396,-468.253052,73.062706,-0.723870,-7.709357,59.829111,-30.070282,8.158091,8.764171,23.512373,-6.426774,-0.570011,23.401182,4.310147,0.076824,26.539299,-24.995756,-4.080148,15.002698,0.840680,0.167828,14.623477,12.889524,-22.915262,81.516510,12.773339,3.776971,-0.288455,-21.360531,-16.200083,24.139452,49.278992,-13.729612,9.678173,-10.583737
591.000000,-802.199341,-464.989899,72.751236,0.293346,-7.500895,59.221295,-29.395067,7.280365,8.921416,26.189817,-5.801430,-0.090722,22.730469,2.376557,-0.940626,31.656990,-22.701445,-2.778512,14.884031,-0.173484,-0.292783,15.208612,12.887549,-22.912935,81.580078,12.642272,4.104105,-0.500026,-20.949635,-15.768804,23.699451,48.538979,-13.373176,9.562297,-10.427453
592.000000,-801.268555,-461.785187,72.526146,1.599991,-7.643192,58.938197,-28.733873,5.727520,9.611740,30.289394,-3.226694,1.336047,21.372671,-0.619134,-2.140346,39.013557,-16.476107,-0.100597,14.487939,-1.775846,-0.308013,15.336960,12.908861,-22.913200,81.525101,12.576632,4.531580,-0.755960,-20.230240,-15.298356,23.117765,47.777386,-12.773216,9.544022,-10.300616
593.000000,-800.365356,-458.607208,72.402763,2.941370,-7.739160,58.468836,-27.761795,4.470124,10.787336,33.973129,-2.697857,1.761613,19.776268,-3.387621,-2.710004,45.015568,-6.674757,0.098920,14.230440,-3.228616,0.093981,14.927313,12.946996,-22.913624,81.295189,12.506432,4.836112,-0.871987,-19.490372,-14.969070,22.914124,47.692638,-12.224755,9.539319,-10.272395
594.000000,-799.563721,-455.624969,72.340302,3.880376,-7.516495,58.040381,-26.603415,2.994466,11.871637,37.531994,-4.231993,2.211058,16.274931,-6.395886,-2.752451,52.903526,2.787453,0.501597,13.899082,-4.563819,0.197177,14.087112,12.927574,-22.990671,80.733559,12.488862,5.015292,-0.910182,-18.456884,-14.720608,22.895847,48.121181,-11.731228,9.511421,-10.187110
595.000000,-798.815613,-452.794708,72.417717,4.266969,-7.542992,57.951020,-25.165947,1.784671,12.016994,39.982044,-6.732024,2.394889,11.897403,-8.154943,-3.198921,61.459862,1.772265,0.377572,12.940588,-4.821967,0.572814,12.727838,12.871225,-23.481380,80.079300,12.640581,4.982362,-0.923595,-17.422329,-14.701218,22.920563,48.888718,-11.457077,9.485230,-10.085764
596.000000,-798.040833,-450.192963,72.746948,4.548251,-7.717427,58.139394,-22.948618,0.636738,12.121029,41.243198,-10.386807,2.546394,7.181295,-9.249453,-3.789020,68.763962,-1.572482,0.090518,11.700591,-4.922989,1.179836,10.758363,13.106297,-24.157923,79.621758,12.975637,4.880933,-0.925467,-15.948392,-14.704514,22.925606,49.948917,-11.225344,9.522956,-9.992840
597.000000,-797.217102,-447.660126,73.281548,4.548181,-7.860848,58.496896,-20.113630,-0.408622,11.903565,40.933754,-13.107333,2.727516,2.250555,-9.549657,-4.417483,73.877052,-5.700892,-0.340530,10.426104,-4.740089,1.535572,8.513074,13.585120,-24.715700,79.242371,13.654656,4.773941,-0.879702,-14.123231,-14.784485,22.926802,51.432110,-10.948286,9.747132,-9.823321
598.000000,-796.374146,-445.187561,73.917099,4.387192,-7.778411,58.845693,-18.029612,-1.018293,11.664616,40.041878,-14.436289,2.868678,-1.286563,-9.574011,-4.983995,76.139748,-8.669042,-0.613702,9.564835,-4.462764,1.510494,6.981194,14.005084,-24.990948,78.885605,14.427114,4.732615,-0.807683,-12.743386,-14.956062,22.930235,52.585880,-10.883068,10.018509,-9.668919
599.000000,-795.512939,-442.703949,74.596977,4.111511,-7.700158,59.152035,-14.467552,-1.815521,11.259223,37.880558,-15.964362,3.056872,-6.732115,-9.558595,-6.068017,77.687340,-13.087001,-0.947993,8.244125,-3.804368,1.405486,4.666869,14.765048,-25.207388,77.953903,15.878939,4.682068,-0.662895,-10.595677,-15.576049,23.011992,54.521206,-11.173553,10.378877,-9.492806
600.000000,-794.650940,-440.244476,75.247177,3.829194,-7.609940,59.445452,-10.803537,-2.487534,10.833426,35.117615,-16.938318,3.232701,-11.450772,-9.454162,-7.022829,76.973114,-16.483948,-1.132588,6.957617,-2.992120,1.302655,2.670778,15.508128,-25.198660,76.668640,17.257036,4.644907,-0.534050,-8.875014,-16.497213,23.152706,56.981453,-11.924692,10.473940,-9.488969
601.000000,-793.744873,-437.740326,75.846085,3.548509,-7.457133,60.021829,-6.979885,-3.248908,10.208973,31.735186,-17.516542,3.324489,-15.562950,-9.522267,-8.142882,74.035683,-18.930777,-1.180549,5.202407,-2.187928,1.061302,1.060899,16.257566,-25.187044,74.969902,18.572519,4.636217,-0.463720,-7.266074,-17.485598,23.129011,59.678673,-12.365550,10.585194,-9.625683
602.000000,-792.830261,-435.312073,76.319916,3.208959,-7.157993,60.688003,-3.282170,-3.890116,9.395432,28.131529,-17.909904,3.388031,-19.286423,-9.557344,-9.327404,69.257591,-20.321579,-1.181841,3.151190,-1.336594,0.739123,-0.455956,16.963600,-25.225687,72.990265,19.657272,4.650792,-0.460682,-5.428490,-18.514343,22.922182,61.717476,-12.472128,10.981087,-9.931563
603.000000,-791.844055,-432.838287,76.672379,2.742791,-6.882633,61.618711,-0.015460,-4.265818,8.423945,24.959454,-18.234440,3.448914,-21.985991,-9.652472,-10.756533,63.214516,-20.710361,-1.162580,1.169131,-0.522956,0.678462,-1.915519,17.550964,-25.230129,70.870705,20.265533,4.659533,-0.483210,-3.558184,-19.350861,22.570562,62.957867,-12.290657,11.470652,-10.326336
604.000000,-790.814270,-430.489502,76.851746,2.530722,-6.650423,62.616689,3.040853,-4.661757,7.436551,21.996584,-18.422140,3.389435,-24.066177,-9.959183,-12.111111,56.890232,-20.438414,-1.133593,-0.691147,-0.027615,0.816463,-3.307873,18.134203,-25.233860,68.710297,20.491776,4.551638,-0.541041,-1.710432,-19.870537,22.064156,63.711693,-11.991023,11.979559,-10.680634
605.000000,-789.692566,-428.153839,76.853653,2.529544,-6.334461,63.631535,6.533223,-5.148820,6.518546,18.575773,-18.617840,3.115523,-26.297104,-10.538036,-13.433213,49.161190,-19.407484,-1.101154,-2.882508,0.135787,0.940459,-5.023026,18.869881,-25.271137,66.269745,20.508728,4.075500,-0.658404,0.622121,-20.081818,21.264971,64.114761,-11.584912,12.607566,-10.966181
606.000000,-788.507507,-425.862305,76.714859,2.692370,-6.111825,64.620166,9.762448,-5.518741,6.052081,15.809500,-18.812769,2.894171,-28.138004,-11.242398,-14.591146,41.750214,-17.807306,-1.030010,-4.826694,0.028627,1.080021,-6.881009,19.480286,-25.329981,64.309853,20.503822,3.332980,-0.848769,2.878191,-19.980217,20.522743,64.484421,-11.225901,13.010438,-11.066022
607.000000,-787.269775,-423.602661,76.494530,2.914641,-5.968203,65.530446,12.713455,-5.780272,5.726431,13.947879,-18.970276,2.578633,-29.451273,-11.929270,-15.536036,34.952671,-15.925927,-0.922365,-6.479071,-0.234290,1.145870,-8.818438,19.855894,-25.334715,62.861465,20.449852,2.538617,-1.184288,4.997887,-19.579744,19.841063,65.240677,-10.937140,13.189527,-11.074011
608.000000,-785.927124,-421.249756,76.241570,3.006666,-5.912250,66.247894,15.156209,-5.633827,5.867590,13.140677,-19.142817,1.992656,-30.072668,-12.132631,-16.132359,29.482405,-14.181220,-0.865817,-7.525419,-0.301026,1.075586,-10.410045,19.960245,-25.334229,61.737564,20.327438,1.843323,-1.532918,6.954904,-19.209179,19.595705,65.991776,-10.343582,13.279155,-11.055883
609.000000,-784.453918,-418.762878,75.987450,2.998909,-5.934139,66.870811,17.911186,-5.116306,6.249485,12.964440,-19.082319,1.087057,-30.212219,-12.153237,-16.850780,24.485527,-12.464031,-0.840175,-8.419002,-0.207889,0.786162,-11.916539,19.904892,-25.335117,60.449936,20.177967,1.067122,-1.925715,9.293990,-18.753023,19.556528,66.960632,-9.397437,13.426783,-10.942893
610.000000,-782.936218,-416.267303,75.783012,2.734763,-6.179093,67.349183,19.736786,-4.395856,6.694757,13.474094,-18.770214,0.320714,-29.663340,-11.944861,-17.451443,22.132177,-11.282580,-0.970863,-8.866457,0.097455,0.631877,-12.589602,19.763214,-25.302105,59.601437,19.957016,0.561457,-2.128694,10.826633,-18.484915,19.557150,67.528229,-8.489816,13.599793,-10.791246
611.000000,-781.306946,-413.688568,75.635422,2.307610,-6.505144,67.689814,21.700594,-3.015891,7.391788,15.492336,-17.813557,-0.808136,-28.321106,-11.209084,-18.085207,19.986937,-9.518027,-1.326799,-9.234423,0.760692,0.364599,-12.980687,19.472075,-25.106934,58.534416,19.690073,-0.065230,-2.258416,12.771844,-18.177080,19.670912,68.227997,-7.288024,13.844450,-10.530618
612.000000,-779.528931,-410.982941,75.544701,1.881814,-7.027347,67.797111,22.948856,-1.404902,8.008339,19.277010,-15.689152,-1.932187,-26.228653,-10.045086,-18.274843,18.644758,-7.496058,-2.050534,-9.285076,1.467473,0.214317,-13.014894,18.994650,-24.691904,57.829823,19.688498,-0.480984,-2.275244,14.436724,-17.893740,20.137396,68.899414,-6.306666,14.130595,-10.307436
613.000000,-777.689880,-408.272736,75.496132,1.350306,-7.659596,67.691221,23.313351,0.328205,8.490958,24.290346,-12.076079,-2.945789,-23.774565,-8.496294,-18.016211,18.061928,-5.386985,-3.137310,-9.138418,2.240043,0.195618,-12.732054,18.399477,-24.223080,57.631985,20.023327,-0.728874,-2.206218,15.626115,-17.727394,20.773939,69.361710,-5.453218,14.534857,-10.123829
614.000000,-775.762024,-405.505524,75.434433,0.983680,-8.165767,67.238747,23.144533,2.434916,9.079101,30.585100,-4.131225,-5.285771,-20.675325,-6.438042,-17.628626,18.231901,-3.350958,-4.346179,-8.741279,3.147022,-0.040029,-11.795977,17.714628,-23.709764,57.667263,20.631765,-0.888563,-2.040684,16.784220,-17.650843,21.465384,69.639984,-4.757848,15.050402,-9.925391
615.000000,-773.846558,-402.752960,75.278534,0.181115,-8.497355,66.691612,22.248356,4.927981,9.711140,35.924969,7.476539,-5.605096,-18.463711,-4.228843,-17.063385,19.580748,-0.378639,-6.384461,-8.287216,4.468994,-0.129019,-10.719263,17.020815,-23.224108,58.031471,20.971893,-1.017524,-1.649066,17.271437,-17.811178,21.922585,69.657387,-4.590707,15.439817,-9.726931
616.000000,-772.091614,-400.216187,75.028000,-1.266891,-8.770901,66.180473,20.612253,7.178443,9.585432,41.416637,11.784792,-4.379283,-17.660976,-2.575023,-17.127394,22.052530,0.651328,-6.928368,-7.868557,6.021990,0.292111,-10.211363,16.414845,-22.872490,58.517979,21.059395,-1.101547,-1.261183,17.014280,-18.075880,22.116302,69.634079,-4.615479,15.551384,-9.547349
617.000000,-770.397888,-397.913208,74.783020,-2.465863,-9.008214,65.695667,17.326492,9.715785,8.944068,49.490475,11.343513,-2.489479,-16.658735,-0.583613,-17.270105,25.614794,-0.522779,-7.403003,-7.159424,7.623290,1.210311,-9.800925,15.837192,-22.547045,59.517895,21.054735,-1.131583,-0.667573,16.096809,-18.257822,22.297142,69.532364,-4.844046,15.557201,-9.260934
618.000000,-768.700867,-395.710846,74.708488,-3.416046,-9.123534,64.981021,13.317699,11.363520,8.362732,56.750988,8.320531,-1.084750,-15.638780,1.151363,-17.201183,28.428318,-4.096118,-7.806423,-6.369267,8.510732,1.846197,-9.288548,15.645422,-22.628969,60.945435,21.041798,-1.138696,0.001186,14.831905,-18.318106,22.651257,69.393448,-5.344031,15.499566,-8.932588
619.000000,-766.991150,-393.612610,74.848160,-3.743632,-8.989341,64.082734,7.648380,12.119433,7.817256,64.007751,3.334936,0.224805,-13.955538,2.959497,-16.658243,30.102346,-8.084635,-8.222926,-5.409213,8.547219,1.929062,-8.166029,15.982761,-23.120981,63.239025,21.038176,-1.120721,0.740414,12.988707,-18.270611,23.247320,69.204239,-6.188396,15.329162,-8.472183
620.000000,-765.229614,-391.527618,75.162216,-3.554280,-8.682678,63.040875,2.000647,11.865802,7.820740,68.673294,-2.127584,1.047705,-11.994254,4.178076,-15.691971,30.151857,-10.704325,-8.469793,-4.358651,7.583957,1.469402,-6.761676,16.709858,-23.928770,65.574829,21.353710,-0.868684,1.343231,11.147266,-18.146072,23.839231,69.016525,-7.014450,15.066184,-8.108208
621.000000,-763.443604,-389.423004,75.597069,-3.174362,-8.444684,62.068900,-3.484428,11.376428,8.166996,71.164009,-7.106665,1.654775,-9.380352,5.166511,-14.591335,28.953630,-12.444367,-8.584895,-3.340369,6.237340,1.060993,-5.115965,17.529297,-24.864832,67.673981,21.890205,-0.322979,1.835774,9.152892,-18.063913,24.216286,68.803528,-7.914826,14.801146,-7.878401
622.000000,-761.709778,-387.318939,76.070786,-2.702407,-8.325872,60.941879,-7.299862,11.002403,8.696108,71.491379,-10.106430,2.008485,-6.992586,5.860732,-13.573110,27.381849,-13.324028,-8.602156,-2.444996,5.159118,0.869066,-3.753149,18.029938,-25.488964,69.053352,22.275131,0.239990,2.069632,7.589095,-18.070763,24.313211,68.552742,-8.741638,14.643942,-7.820706
623.000000,-760.060669,-385.195099,76.513214,-2.191176,-8.162492,59.371002,-11.499750,10.590948,9.596949,70.285576,-12.910729,2.282130,-3.934055,6.694322,-11.933211,24.960056,-13.980143,-8.565081,-0.915518,3.976962,0.649291,-2.027645,18.311867,-25.947573,70.415596,22.588915,1.052228,2.174638,5.752003,-18.211153,24.327209,67.975540,-9.870032,14.556087,-7.841056
624.000000,-758.574463,-383.139862,76.844887,-1.764628,-7.955091,57.567198,-16.099224,10.297107,10.821224,66.910233,-15.620150,2.415968,-0.200991,7.640703,-9.515807,21.669598,-14.439854,-8.541828,1.343739,2.884351,0.462136,0.207953,18.216053,-26.123003,71.454056,22.597063,2.075684,2.162888,3.491093,-18.633772,24.328272,66.677643,-11.201140,14.541313,-7.956965
625.000000,-757.161438,-381.055298,77.039261,-1.462287,-7.773305,55.705906,-19.818247,10.285662,11.859526,62.166225,-17.088461,2.408103,3.236097,8.335758,-7.209115,18.654383,-14.808274,-8.535745,3.412062,2.305663,0.536757,2.248915,17.697018,-26.052078,71.985870,22.427603,2.813533,2.001585,1.128240,-19.209787,24.323935,64.998383,-11.928819,14.538699,-8.118042
626.000000,-755.820740,-378.996796,77.072990,-1.404902,-7.584089,54.018788,-22.973585,10.525726,12.627137,55.911018,-17.135012,2.256194,6.589649,8.915752,-5.147292,15.789283,-15.226489,-8.519431,5.401947,2.113858,0.703005,3.942067,16.812372,-25.613623,72.620667,21.954914,3.205755,1.612608,-1.419133,-19.735706,24.346394,63.132671,-11.911065,14.534766,-8.281412
627.000000,-754.514282,-376.952789,76.924858,-1.507704,-7.445601,52.494977,-24.993753,10.783427,12.963767,50.590878,-16.458971,2.073932,9.019731,9.303859,-3.861877,13.955523,-15.718090,-8.536353,6.803981,2.183447,0.917369,4.983840,16.050089,-25.135956,73.086876,21.378168,3.310199,1.212425,-3.492726,-20.004118,24.407803,61.740372,-11.684650,14.458948,-8.438576
628.000000,-753.197449,-374.874603,76.614258,-1.729666,-7.272812,50.919306,-27.037453,11.174652,13.280567,44.060272,-15.109708,1.753645,11.611216,9.659062,-2.614505,12.415784,-16.723099,-8.549747,8.500029,2.373586,1.085935,6.080376,15.169225,-24.536539,73.600029,20.716101,3.261625,0.696224,-6.075696,-20.115719,24.595461,60.199623,-11.171653,14.244139,-8.627668
629.000000,-751.802917,-372.673706,76.173256,-1.990682,-7.112088,49.418255,-28.915850,11.597853,13.422517,36.375519,-13.253441,1.119882,14.377016,9.970939,-1.370495,11.457655,-18.300789,-8.480677,10.370197,2.681994,1.138935,7.322905,14.248065,-23.680149,74.222557,20.168623,2.952152,0.098838,-9.048262,-20.076889,24.958855,58.322796,-10.585793,13.837831,-8.719766
630.000000,-750.387207,-370.428589,75.660316,-2.232706,-7.074396,48.080347,-30.021132,11.766983,13.225731,30.087139,-11.780579,0.289689,16.753050,9.996934,-0.633143,11.319817,-20.032431,-8.326582,11.867862,2.930229,1.072454,8.315972,13.590837,-22.811010,75.068176,19.753134,2.493964,-0.414030,-11.583457,-19.885288,25.252333,56.798615,-10.464603,13.333535,-8.719466
631.000000,-748.979370,-368.174286,75.134727,-2.498799,-7.135823,46.992003,-30.674589,11.792417,12.600110,25.219564,-10.722532,-0.587767,19.001978,9.846996,-0.370796,11.870961,-21.627733,-7.987983,13.153678,3.224612,0.906860,9.117730,13.072010,-21.975094,76.208885,18.897810,2.174439,-0.824542,-13.806626,-19.625290,25.427576,55.521286,-10.354898,12.826579,-8.704511
632.000000,-747.494934,-365.784668,74.618355,-2.623945,-7.248195,46.099915,-30.983103,11.423980,11.316997,22.112183,-9.892635,-1.229851,20.966362,9.349983,-0.605425,13.315785,-22.955772,-7.370616,14.066963,3.359575,0.715392,9.882346,12.738019,-21.419678,77.286697,17.965042,2.120136,-1.136957,-15.689029,-19.256701,25.435745,54.437088,-10.321679,12.369238,-8.604948
633.000000,-745.951233,-363.310547,74.161682,-2.421380,-7.445493,45.312674,-30.818184,10.898864,10.497043,20.886543,-8.938409,-1.397949,22.546011,8.386512,-1.126732,15.327043,-23.772396,-6.504509,14.689482,3.112077,0.593271,10.600695,12.621457,-21.132315,78.044945,17.065609,2.230902,-1.329433,-16.925987,-18.883169,25.397980,53.583908,-10.308609,11.918336,-8.450606
634.000000,-744.327515,-360.695679,73.773071,-1.880640,-7.587362,44.411941,-30.456621,10.350965,10.125427,21.059866,-7.875451,-1.254152,23.515341,7.074224,-1.705435,18.128456,-24.158075,-5.477194,15.236895,2.575207,0.401643,11.334330,12.606744,-21.015972,78.518379,16.304901,2.436231,-1.429782,-17.595533,-18.480951,25.197149,52.838703,-10.298257,11.545205,-8.277017
635.000000,-742.630920,-357.941833,73.444519,-1.053162,-7.576536,43.665978,-29.778339,9.297647,9.649128,22.905277,-6.499999,-0.745761,23.916008,4.879110,-2.694999,22.961714,-23.654123,-3.871049,15.647317,1.500008,0.072761,12.336266,12.635610,-21.000206,78.851944,15.568370,2.758620,-1.494179,-17.789831,-17.810102,24.625830,52.025085,-10.291565,11.226864,-8.041292
636.000000,-740.896729,-355.071320,73.157539,-0.166876,-7.499619,43.169877,-28.925591,7.838027,9.381040,26.013630,-5.610067,-0.075147,23.453274,2.308927,-3.853967,29.082579,-21.292133,-2.058568,15.591267,0.155337,-0.404412,13.294037,12.648997,-20.995550,79.092117,14.891968,3.202802,-1.591328,-17.444910,-17.090466,24.095802,51.484543,-10.245718,10.953251,-7.827878
637.000000,-739.175537,-352.238251,72.932793,0.897093,-7.641351,43.105172,-27.987177,6.071918,9.560085,29.816776,-3.739567,1.338786,22.339977,-0.512853,-4.803907,36.190475,-15.503009,0.573115,15.149449,-1.370055,-0.555341,13.837039,12.728816,-20.994053,79.102188,14.399645,3.729967,-1.709576,-16.754452,-16.483133,23.805647,51.298725,-10.116506,10.743766,-7.679245
638.000000,-737.470886,-349.484924,72.727448,2.527425,-7.739369,42.605576,-26.970423,4.552697,10.784881,33.213127,-2.666251,1.860170,20.618401,-3.545742,-4.831248,42.484055,-4.086554,0.957950,15.025869,-3.272000,-0.158166,13.730216,12.966853,-21.058340,78.957703,14.052727,4.091704,-1.735988,-16.057930,-15.979314,23.768026,51.447704,-10.018913,10.681169,-7.594990
639.000000,-735.918823,-346.900848,72.550613,3.699157,-7.615380,42.397637,-25.737127,2.582350,11.808158,36.480984,-3.129369,2.297632,17.282082,-6.464687,-4.076449,51.054104,3.430337,0.960847,14.586140,-5.178882,0.233020,13.051897,13.130686,-21.394665,78.689590,13.766800,4.394760,-1.718758,-15.289400,-15.513217,23.789074,52.131954,-9.931548,10.667592,-7.574504
640.000000,-734.523682,-344.522919,72.545181,4.329605,-7.710491,42.608024,-24.479568,1.012651,11.953927,39.160622,-6.250241,2.571675,13.193557,-8.192771,-4.230650,59.695576,2.258251,0.707222,13.796878,-5.900562,0.845785,11.571369,13.104889,-21.942938,78.576698,13.628222,4.460132,-1.677630,-14.418590,-15.510269,23.849346,53.005562,-9.890604,10.681808,-7.578227
641.000000,-733.171143,-342.287506,72.814453,4.587733,-7.837016,43.086254,-23.064426,-0.020764,11.915115,40.331108,-9.180807,2.703323,9.678464,-9.002046,-4.632614,65.539444,0.068299,0.427539,13.125104,-6.081285,1.294867,10.051243,13.141562,-22.322239,78.516266,13.782840,4.453030,-1.606070,-13.401827,-15.627750,23.896713,53.820961,-9.887411,10.781421,-7.528998
642.000000,-731.817383,-340.122681,73.312462,4.501387,-7.854860,43.753336,-20.694092,-1.213690,11.504739,40.394012,-12.033229,2.904053,4.753994,-9.422460,-5.400680,71.508408,-3.788019,0.016384,12.013277,-5.870857,1.537409,7.962104,13.284680,-22.660547,78.414085,14.361439,4.383451,-1.393886,-11.787328,-15.825863,23.903519,55.176476,-9.967448,11.037433,-7.353645
643.000000,-730.438110,-337.965454,73.973938,4.215560,-7.833496,44.572254,-18.104204,-2.180283,10.849959,39.257874,-13.712934,3.174936,0.262670,-9.588026,-6.418950,75.015488,-7.744038,-0.381170,10.653387,-5.336180,1.496153,6.120218,13.538657,-22.892122,78.213783,15.261825,4.292014,-1.112415,-10.248548,-16.112524,23.904331,56.835155,-10.394799,11.222768,-7.197604
644.000000,-729.090759,-335.884155,74.676811,3.907363,-7.738595,45.365883,-14.605373,-3.272404,9.950219,36.815548,-14.930851,3.643801,-5.030996,-9.722181,-7.496467,76.989334,-12.298903,-0.754003,8.844911,-4.505567,1.236043,4.018308,14.013080,-23.112036,77.629272,16.669203,4.252264,-0.767476,-8.395236,-16.754013,23.947721,59.366901,-11.483169,11.335645,-7.082795
645.000000,-727.694885,-333.781769,75.371269,3.609454,-7.553054,46.050548,-11.084281,-4.122806,9.163736,33.806171,-15.622156,4.011449,-9.830921,-9.822979,-8.284479,76.385666,-15.907952,-0.896806,7.046707,-3.666590,0.868335,2.268558,14.594592,-23.225151,76.578026,18.278959,4.310406,-0.469027,-6.747448,-17.528915,23.987915,62.060360,-12.605295,11.539720,-7.081358
646.000000,-726.256348,-331.702606,75.991402,3.207433,-7.439875,46.863968,-7.427939,-4.765803,8.169071,30.549347,-16.100996,4.187450,-14.077938,-9.836292,-9.267056,73.621590,-18.593002,-0.946840,5.016045,-2.769478,0.655880,0.639678,15.236731,-23.232744,75.013138,20.017570,4.480911,-0.237709,-4.966874,-18.326895,23.988605,64.313583,-13.327966,12.060509,-7.224756
647.000000,-724.776978,-329.693878,76.491371,2.739281,-7.398958,47.818128,-3.740954,-5.209268,6.922389,27.282770,-16.480402,4.204405,-17.663755,-9.740046,-10.390863,69.178101,-19.905333,-0.956016,2.960767,-1.934277,0.687853,-1.056733,15.914392,-23.231295,73.058716,21.463652,4.615955,-0.097685,-2.811323,-18.997463,23.990776,65.774673,-13.524712,12.838734,-7.445937
648.000000,-723.256042,-327.769653,76.849655,2.313507,-7.327853,48.942142,-1.230360,-5.437789,5.919788,25.040840,-16.723467,4.281194,-19.704433,-9.709833,-11.291165,65.198059,-20.208603,-0.954561,1.502406,-1.479560,0.792497,-2.267768,16.375547,-23.228985,71.600601,22.040234,4.630361,-0.061396,-1.195533,-19.229126,23.921614,66.495064,-13.537971,13.405992,-7.525380
649.000000,-721.655579,-325.862976,77.053535,2.067109,-7.138217,50.184530,2.523234,-5.804229,4.308452,21.567141,-17.035582,4.315074,-22.546726,-9.895738,-12.726973,57.617634,-19.970594,-0.939001,-0.937556,-1.090749,0.906874,-4.164973,17.050797,-23.226414,69.206146,22.328178,4.535310,-0.054008,1.339622,-19.196337,23.615362,67.376282,-13.483651,14.174457,-7.549860
650.000000,-720.023438,-323.994171,77.084099,1.977327,-6.937468,51.382280,5.798556,-6.121009,2.843810,18.649857,-17.412184,4.273345,-24.720427,-10.217405,-13.846259,49.769722,-18.925030,-0.894911,-3.144897,-1.000453,1.057668,-6.123028,17.483759,-23.213985,67.173851,22.354042,4.172238,-0.070615,3.621155,-18.859991,23.143595,67.989265,-13.259380,14.633693,-7.548731
651.000000,-718.338318,-322.115875,76.945602,1.967934,-6.652747,52.601298,8.764952,-6.291443,1.575701,16.274969,-18.090567,4.134613,-26.514875,-10.639458,-14.895551,42.073841,-17.278503,-0.781654,-5.064659,-0.971325,1.093637,-8.239897,17.646439,-23.212528,65.629890,22.235876,3.459221,-0.155718,5.822921,-18.415253,22.709244,68.613243,-12.918657,14.813703,-7.516979
652.000000,-716.616699,-320.261108,76.679565,2.049191,-6.403332,53.844105,11.346924,-6.375494,0.474110,14.728259,-19.004116,3.943447,-27.895584,-11.093759,-15.454964,34.977757,-15.350245,-0.560080,-6.840995,-1.041395,1.041784,-10.317333,17.664680,-23.215988,64.403412,21.915930,2.607119,-0.359020,7.806810,-17.867758,22.117834,69.420029,-12.550480,14.827445,-7.399712
653.000000,-714.807861,-318.360504,76.358070,2.127197,-6.374562,54.869850,13.592375,-6.207872,0.086475,14.117866,-19.874191,3.577834,-28.516041,-11.267428,-15.434437,29.366943,-13.651010,-0.289718,-8.094974,-1.063943,1.085166,-12.002223,17.604502,-23.219738,63.395252,21.484745,1.791681,-0.599488,9.477774,-17.399359,21.627472,70.243622,-12.180462,14.773732,-7.235181
654.000000,-712.929565,-316.433228,76.038055,2.193706,-6.339171,55.640885,16.009037,-5.789603,0.090030,14.212175,-20.697353,2.979995,-28.820671,-11.276711,-15.077397,24.274759,-11.977835,-0.004211,-9.133466,-0.973653,0.856469,-13.554124,17.401169,-23.235258,62.443035,20.809410,0.896833,-0.808728,11.498732,-16.953413,21.302849,71.137337,-11.640836,14.746536,-6.979164
655.000000,-710.916870,-314.437347,75.760056,2.167990,-6.624220,56.135637,18.016479,-5.105433,0.431785,15.611831,-20.976177,2.247440,-28.250284,-10.875089,-14.211170,21.253424,-10.405973,0.094175,-9.530212,-0.770123,0.769498,-14.415565,17.140043,-23.257734,61.655315,20.274351,0.200235,-0.860900,13.381362,-16.696484,21.274984,71.400169,-11.072708,14.813441,-6.634976
656.000000,-708.804810,-312.405579,75.563683,1.853589,-6.968900,56.753654,19.182983,-3.930796,0.858943,18.951992,-20.750233,1.378500,-26.926144,-10.353085,-13.819362,19.642815,-8.704704,-0.120031,-9.867495,-0.271415,0.597475,-14.588930,16.839758,-23.263676,60.890095,19.937958,-0.245384,-0.865410,15.006606,-16.511187,21.279127,71.568047,-10.564159,14.852505,-6.342444
657.000000,-706.614136,-310.359741,75.450340,1.195714,-7.383265,57.307002,19.458967,-2.151858,1.449046,24.170067,-19.512236,0.456131,-24.860842,-9.338031,-13.734437,18.914858,-6.738505,-0.860092,-9.977435,0.627354,0.439708,-14.271004,16.451624,-23.263414,60.194767,19.897449,-0.373051,-0.862957,16.298574,-16.373861,21.465511,71.784668,-10.112170,14.884346,-6.216289
658.000000,-704.282776,-308.255493,75.387367,0.336489,-7.870779,57.546123,19.244997,-0.644962,2.035408,28.541353,-17.461470,-0.170609,-23.098154,-8.279360,-13.728559,18.814438,-5.420458,-1.498152,-9.742044,1.398728,0.342591,-13.813086,16.139032,-23.245005,59.868027,19.949869,-0.396515,-0.801648,17.020815,-16.299473,21.811733,71.866470,-9.903827,14.959736,-6.191125
659.000000,-701.851501,-306.134369,75.329056,-0.591620,-8.259085,57.507049,18.382236,2.097897,3.198384,35.794353,-11.251094,-2.349221,-20.069677,-6.248796,-13.739127,19.209389,-3.874545,-2.307776,-9.079932,2.667993,0.072798,-12.688312,15.717917,-23.214367,59.715492,19.969448,-0.416001,-0.564228,17.788698,-16.233763,22.542358,71.908340,-9.750356,15.112261,-6.157115
660.000000,-699.502014,-304.077759,75.246147,-2.049757,-8.587135,57.315984,16.977160,5.398786,4.221756,41.934883,0.224314,-3.021199,-17.921923,-3.953742,-14.324685,20.495880,-0.705339,-3.101662,-8.388047,4.489964,-0.019438,-11.287430,15.400527,-23.215420,59.847630,19.973793,-0.394714,-0.163071,17.712223,-16.486614,23.248472,71.868515,-9.736235,15.130939,-6.142737
661.000000,-697.375916,-302.276428,75.086624,-3.472901,-8.844191,57.534395,14.729437,8.678349,4.124235,48.871918,7.656416,-2.649060,-16.257727,-2.023519,-15.682841,22.995632,0.058454,-3.716485,-7.903451,6.346364,0.445871,-10.285293,15.211486,-23.314898,60.440948,20.095383,-0.327747,0.271230,16.892462,-16.829409,24.068584,71.766396,-9.768633,14.963601,-6.109707
662.000000,-695.245667,-300.583862,74.900169,-4.440629,-8.992874,58.096029,10.849927,11.130925,3.690588,56.924580,6.548522,-1.332408,-14.971360,-0.932038,-17.028994,25.964277,-1.376875,-4.352089,-7.492807,7.251557,1.041573,-9.815620,15.297458,-23.686684,61.694939,20.272936,-0.156195,0.843725,15.547315,-16.972168,24.591375,71.572205,-9.975510,14.584312,-5.940969
663.000000,-693.131958,-298.909912,74.888840,-5.354714,-9.185532,58.639880,7.728683,12.409607,3.273489,62.070461,4.373652,-0.558629,-13.923596,-0.088903,-17.722977,27.772648,-4.164323,-4.633907,-7.139566,7.710098,1.545596,-9.550694,15.400309,-24.042416,62.957333,20.354893,-0.004484,1.317711,14.383911,-17.134058,24.914351,71.322624,-10.203209,14.269043,-5.779576
664.000000,-691.094238,-297.308228,75.087540,-5.657442,-9.063471,58.844472,2.278821,13.252511,2.775858,68.467636,0.043196,0.459275,-11.921897,1.129328,-18.349043,29.035522,-7.969503,-4.939767,-6.185912,7.779796,1.750294,-8.830989,15.798837,-24.871395,65.283371,20.716503,0.310766,1.983099,12.510084,-17.350813,25.585028,70.958626,-10.621642,13.728917,-5.558575
665.000000,-689.118774,-295.781403,75.418732,-5.459108,-8.935275,58.891418,-3.002684,13.210384,3.268350,72.350311,-4.402111,1.152456,-9.667081,1.964194,-18.393671,28.857927,-10.556531,-5.117625,-4.998323,6.940568,1.557762,-7.603254,16.595396,-25.828444,67.380211,21.256229,0.770233,2.544045,10.543895,-17.414953,26.112432,70.793953,-11.097194,13.229589,-5.397896
666.000000,-687.126282,-294.212158,75.832603,-4.968200,-8.659904,58.942611,-8.151284,13.015277,4.509749,73.941849,-8.478450,1.628714,-7.141451,2.491250,-18.319988,27.735165,-12.353777,-5.138752,-3.902913,5.629264,1.211494,-5.905469,17.507336,-26.784786,69.110756,21.767199,1.510331,3.002949,8.402624,-17.430168,26.467203,70.777710,-11.797923,12.751119,-5.305530
667.000000,-685.203674,-292.611908,76.263611,-4.487053,-8.492909,58.959011,-12.874537,12.869272,6.128335,73.229080,-11.915186,2.037307,-4.098435,3.071962,-18.109528,25.566084,-13.506416,-5.091794,-2.690839,4.334278,1.070958,-3.933113,18.181524,-27.508137,70.431046,22.054075,2.462606,3.284272,6.069541,-17.549223,26.646635,70.816124,-12.711749,12.283111,-5.291054
668.000000,-683.364868,-290.967621,76.640427,-4.036704,-8.196785,58.783990,-16.793253,12.814659,7.689204,70.846870,-14.046080,2.360765,-1.283741,3.689570,-17.758324,23.040419,-14.129100,-5.025882,-1.421144,3.395066,0.956720,-2.003585,18.433384,-27.885578,71.245697,22.107300,3.417575,3.358736,3.885728,-17.804203,26.721785,70.823692,-13.564612,11.887013,-5.303980
669.000000,-681.660278,-289.330139,76.904259,-3.682076,-7.924834,58.210793,-20.790884,12.988738,9.665864,66.249245,-15.820768,2.567534,2.060884,4.584075,-16.929529,19.791208,-14.563206,-4.934950,0.534396,2.625152,1.020839,0.333471,18.372028,-27.985487,71.626793,21.920431,4.588109,3.233920,1.182413,-18.302349,26.769426,70.528549,-14.534102,11.509604,-5.348365
670.000000,-680.100647,-287.720428,77.023224,-3.524680,-7.690259,57.478087,-23.051357,13.226737,10.869248,62.055393,-16.483133,2.612446,4.372848,5.310875,-16.145576,17.502249,-14.761819,-4.813053,1.965993,2.411754,1.200253,1.896912,18.109304,-27.914625,71.640579,21.569023,5.258977,2.992020,-0.768463,-18.787325,26.769032,69.973793,-14.897195,11.275348,-5.430382
671.000000,-678.562988,-286.043152,77.004547,-3.582958,-7.415686,56.714594,-25.627937,13.604892,12.145155,55.633812,-16.718254,2.618108,7.216317,6.311660,-15.191279,14.816033,-15.014298,-4.632190,3.696326,2.479234,1.421861,3.761177,17.562908,-27.707987,71.637451,20.934799,5.919005,2.465718,-3.397977,-19.457367,26.769827,68.938507,-14.913639,10.815989,-5.589376
672.000000,-677.080505,-284.371643,76.886208,-3.839584,-7.133058,56.288009,-27.709986,13.679307,12.898585,48.077461,-15.930746,2.570038,9.739674,7.260386,-14.716712,12.809580,-15.217097,-4.426132,5.037305,2.763146,1.587898,5.309270,16.984350,-27.456406,71.636162,20.079670,6.375498,1.747683,-6.050607,-19.967806,26.825203,67.810020,-14.698463,10.051641,-5.740817
673.000000,-675.614502,-282.663574,76.694366,-4.196094,-6.928234,56.099659,-29.173044,13.379064,13.104039,41.422169,-14.759516,2.417377,11.807358,8.059741,-14.391659,11.708104,-15.444861,-4.173111,5.816964,3.088491,1.699862,6.485116,16.576605,-27.436432,71.636864,19.092577,6.629364,1.101068,-8.415760,-20.229134,27.020502,66.898819,-14.238877,9.081464,-5.845647
674.000000,-674.164124,-280.927002,76.467552,-4.477797,-6.801701,55.989393,-30.245752,12.912344,13.144455,35.713722,-13.685781,2.192361,13.712752,8.722769,-14.072453,11.078332,-15.710510,-3.854438,6.474453,3.343048,1.718565,7.465420,16.301151,-27.431257,71.639427,18.076981,6.822730,0.530101,-10.524526,-20.297468,27.273293,66.185532,-13.715996,8.053766,-5.904198
675.000000,-672.632874,-279.036499,76.230698,-4.472502,-6.612006,55.813042,-30.744514,11.891358,13.335323,29.176037,-12.542133,1.658719,15.789086,8.971827,-13.901362,10.897256,-16.210081,-3.261847,7.343666,3.232927,1.477649,8.382545,16.116533,-27.380476,71.653702,16.962828,7.232564,-0.114082,-12.506772,-20.131474,27.520777,65.613480,-13.142210,6.682261,-5.914662
676.000000,-671.094360,-277.065979,75.978722,-4.171121,-6.455709,55.574893,-30.845755,10.669147,13.581111,23.678818,-11.695539,1.105225,17.781536,8.777109,-13.912806,10.987566,-16.769388,-2.567641,8.373422,2.800459,1.046167,9.065090,15.983014,-27.268757,71.708633,16.286198,7.772002,-0.633056,-13.955345,-19.860136,27.602909,65.066254,-12.732252,5.365448,-5.868915
677.000000,-669.542236,-274.985046,75.721336,-3.636481,-6.434684,55.230763,-30.470018,9.265816,13.975138,19.792938,-10.699595,0.757886,19.766237,8.082761,-13.834996,11.563540,-17.347923,-1.796011,9.333483,2.088134,0.813724,9.544728,15.855588,-27.251976,71.785660,15.947038,8.403606,-1.030135,-15.121027,-19.441027,27.315216,64.600342,-12.631295,4.106652,-5.783133
678.000000,-668.066284,-272.890717,75.487587,-3.066345,-6.734282,55.053925,-29.577131,8.089666,14.997018,17.619429,-9.234702,0.843293,21.545307,7.180713,-13.967808,12.832456,-17.536022,-1.004040,9.969697,1.488352,1.028448,9.738019,15.682820,-27.272331,71.780685,15.544245,9.138986,-1.375841,-15.956868,-19.005228,26.728563,64.250443,-12.813873,2.964418,-5.758823
679.000000,-666.600586,-270.664276,75.285080,-2.588119,-6.931387,55.041462,-28.223652,6.605198,16.431068,16.069166,-7.235422,1.209847,23.189606,5.926967,-14.522335,15.366434,-17.009207,0.023163,10.432692,0.910948,1.120672,9.865020,15.363181,-27.324627,71.759201,15.216309,10.067460,-1.744044,-16.395515,-18.516466,25.924332,63.807304,-13.197560,1.766205,-5.741164
680.000000,-665.112000,-268.256409,75.125435,-2.136015,-7.126551,55.232445,-26.683414,5.048223,17.555119,15.533976,-4.988271,2.147164,23.989132,4.492437,-15.336441,19.134159,-15.433512,1.045188,10.620889,0.473353,1.077886,9.911665,15.028693,-27.459900,71.671005,15.002709,10.895291,-2.060682,-16.157820,-18.106804,24.986984,63.403118,-13.533246,0.770034,-5.725328
681.000000,-663.601685,-265.696686,75.011086,-1.622412,-7.304487,55.611930,-25.318562,3.694697,18.417202,15.465587,-3.269917,3.086757,24.154499,3.214299,-15.916345,22.753983,-13.226231,1.792454,10.596488,0.096763,0.949783,9.922245,14.853596,-27.783705,71.553703,14.776546,11.509083,-2.281008,-15.640714,-17.788666,24.331675,63.256989,-13.743983,0.066841,-5.729874
682.000000,-662.075134,-263.026703,74.920105,-1.154018,-7.468923,56.206536,-23.241093,1.726845,19.484953,15.759519,-1.486264,4.390098,23.990383,1.380554,-16.537237,28.015141,-8.328105,2.728674,10.419679,-0.452610,0.686751,9.924602,14.739078,-28.413944,71.257736,14.562649,12.375721,-2.522979,-14.590672,-17.379475,23.787426,63.389309,-14.016707,-0.744195,-5.770194
683.000000,-660.491699,-260.196381,74.778610,-0.815723,-7.504348,56.803881,-21.329113,0.020713,20.109123,16.568392,-0.829825,5.595712,23.372744,-0.217600,-16.869442,32.655891,-0.781563,3.020334,10.272346,-0.901039,0.220507,9.928512,14.760432,-28.823332,70.748711,14.551058,13.192741,-2.657753,-13.314585,-17.099335,23.647449,63.884285,-14.202312,-1.398913,-5.820026
684.000000,-658.917603,-257.459930,74.518433,-0.019873,-7.386171,57.058674,-19.734825,-2.171646,19.244730,18.485600,0.602404,9.214047,21.864376,-2.703429,-16.883854,38.210308,10.614257,4.638139,10.148177,-1.838193,-0.183065,9.740551,15.064031,-29.231340,69.962036,14.568392,14.004309,-2.704858,-11.985103,-16.741089,23.725924,64.874161,-14.237167,-2.113694,-5.889752
685.000000,-657.479126,-254.958008,74.129242,1.232277,-7.284046,56.793736,-19.274733,-4.526117,17.761906,21.766716,0.569231,13.287794,18.736265,-5.929816,-15.796336,45.703045,13.020521,2.972118,10.171235,-3.287915,0.259584,8.893044,15.382765,-29.593952,69.464355,14.733515,14.520930,-2.568727,-11.627116,-16.438150,24.002014,66.110138,-14.235185,-2.634653,-6.089006
686.000000,-656.146545,-252.688522,73.846466,2.374275,-7.283084,57.452340,-18.914564,-6.527381,16.801260,25.327444,-0.762132,13.386676,14.742756,-8.358886,-14.544765,53.903477,9.591444,1.595890,9.129327,-4.651035,1.203129,7.400885,15.622312,-29.784374,69.362823,15.143620,14.820323,-2.265606,-11.453695,-16.232790,24.202816,67.463699,-14.574218,-2.899938,-6.485396
687.000000,-654.873718,-250.467865,73.829521,3.147572,-7.212921,58.934115,-18.151199,-8.450508,15.697922,28.047960,-4.499953,13.175879,9.982507,-9.478065,-13.121011,61.443748,4.683468,0.430305,7.562923,-5.600801,1.927330,5.438488,15.744372,-29.834641,69.537102,15.936615,14.905869,-1.857082,-10.769346,-16.343800,24.484106,69.003632,-15.484801,-2.943424,-6.952593
688.000000,-653.706421,-248.268005,74.068436,3.232714,-6.890344,60.644655,-17.308939,-9.499330,14.589583,28.868664,-6.507325,13.159117,6.354607,-9.556533,-12.401692,65.773148,1.060146,-0.291719,6.460004,-5.635514,1.942849,4.133412,15.728089,-29.899288,69.616257,16.629333,14.904522,-1.548007,-9.951450,-16.638449,24.732351,70.273323,-16.308928,-2.913492,-7.191929
689.000000,-652.625732,-246.075470,74.502808,2.797937,-6.516190,62.206084,-15.418748,-10.638447,12.562128,28.962353,-8.871158,13.205092,0.572936,-9.126971,-11.704826,70.766663,-4.490926,-1.348718,4.658432,-4.914586,1.526326,2.339015,15.635871,-30.091413,69.573425,17.725744,14.868271,-1.066052,-8.400897,-17.228065,25.003727,72.538818,-17.559061,-2.730526,-7.413676
690.000000,-651.579102,-243.901581,75.056511,2.219202,-6.235196,63.561841,-12.859464,-11.212401,10.588410,27.800278,-10.309153,13.172357,-4.470435,-8.456796,-11.337569,72.774948,-9.028201,-2.176530,3.030036,-3.725865,1.059779,0.905462,15.544400,-30.238192,69.199059,18.695042,14.895823,-0.735932,-6.798844,-17.718176,25.032528,74.742867,-18.342125,-2.364506,-7.564634
691.000000,-650.485657,-241.693832,75.650780,1.552128,-6.027277,64.916165,-9.724900,-11.535264,8.442979,25.804886,-11.290030,12.977172,-9.095615,-7.811680,-11.377475,72.489479,-12.479562,-2.643862,1.290876,-2.491758,0.681366,-0.475340,15.589071,-30.280594,68.449692,19.634453,15.003698,-0.546555,-4.954991,-17.977617,25.033232,76.575996,-18.621948,-1.802876,-7.643507
692.000000,-649.342651,-239.508606,76.200638,0.843449,-5.982353,66.375318,-7.101339,-11.612700,6.702442,24.050247,-11.831379,12.673450,-12.104271,-7.293588,-11.607729,71.040558,-14.317337,-2.800774,-0.064774,-1.646324,0.618296,-1.541743,15.724539,-30.212217,67.568848,20.307249,15.158485,-0.462927,-3.408603,-17.984697,25.011639,77.533531,-18.641878,-1.396173,-7.636010
693.000000,-648.149231,-237.342865,76.651970,0.201861,-5.888682,68.000130,-3.934247,-11.621875,4.482707,21.855280,-12.432190,12.476151,-15.330704,-6.739136,-12.037696,68.167000,-15.916336,-2.871159,-1.812917,-0.833542,0.630257,-2.814165,15.978433,-30.124100,66.102783,20.853249,15.389619,-0.388197,-1.394864,-17.764217,24.894361,78.167366,-18.559196,-1.000485,-7.543657
694.000000,-646.955566,-235.260345,76.953918,-0.307265,-5.704613,69.606354,-0.314948,-11.495481,1.852990,19.267492,-13.163127,12.155763,-18.837879,-6.269448,-12.739053,63.201180,-17.125607,-2.828723,-4.004238,-0.132164,0.670542,-4.344900,16.322344,-30.026091,63.859009,21.010912,15.615507,-0.338920,1.074016,-17.236443,24.504831,78.333069,-18.246138,-0.734514,-7.350785
695.000000,-645.765686,-233.228683,77.102867,-0.619031,-5.580723,71.142351,2.792321,-11.328393,-0.356433,17.267290,-13.930087,11.975028,-21.482260,-5.998785,-13.262533,57.320145,-17.292906,-2.643102,-5.994395,0.190303,0.909349,-5.910941,16.517870,-29.860756,61.561584,20.867104,15.715250,-0.323425,3.025405,-16.536469,24.062931,78.486679,-17.992716,-0.850114,-7.161368
696.000000,-644.537659,-231.106049,77.120247,-0.833389,-5.455286,72.766827,5.659795,-11.108211,-2.299949,15.715822,-14.855751,11.841331,-23.234724,-5.954708,-13.900719,49.983334,-16.417734,-2.195781,-8.035951,0.347112,1.152573,-7.540644,16.505001,-29.885895,59.481853,20.319004,15.689363,-0.298506,4.597821,-15.827607,23.582413,79.023788,-17.883305,-1.364953,-7.016252
697.000000,-643.341614,-229.024551,76.984016,-0.871218,-5.292840,74.178901,8.268292,-10.855731,-3.684091,14.610238,-16.088478,11.740024,-24.599195,-6.016521,-14.269273,42.436382,-14.961594,-1.611688,-9.870717,0.330265,1.240658,-9.308924,16.308798,-30.003445,57.788952,19.489862,15.489997,-0.279821,6.069070,-15.251035,23.082733,79.663177,-17.827244,-2.090389,-6.959576
698.000000,-642.138245,-226.909561,76.733376,-0.713290,-5.191469,75.273927,10.437283,-10.662329,-4.356531,14.105821,-17.288662,11.599690,-25.513235,-6.055599,-14.054905,36.134109,-13.416035,-1.060903,-11.087375,0.135158,1.257994,-10.949039,15.975348,-30.112066,56.717815,18.771761,15.131868,-0.238106,7.325402,-14.883424,22.785336,80.277405,-17.602270,-2.786863,-6.954703
699.000000,-640.941528,-224.773224,76.420677,-0.448223,-5.110116,76.190243,12.166454,-10.505004,-4.639622,14.270080,-18.420244,11.451216,-26.107952,-6.063657,-13.359848,30.865845,-12.005086,-0.420263,-11.991895,-0.103541,1.170428,-12.350153,15.567696,-30.243423,56.022945,18.127048,14.720874,-0.151668,8.422000,-14.653617,22.688084,80.912354,-17.094954,-3.400894,-6.957064
700.000000,-639.701233,-222.505402,76.070000,-0.202885,-5.117208,77.062529,13.881699,-10.258801,-4.706868,15.412293,-19.723938,11.177803,-26.394955,-6.062716,-11.981940,25.960514,-10.538712,0.350611,-12.888965,-0.347914,0.986891,-13.683857,15.028698,-30.444897,55.476765,17.329214,14.165596,-0.027193,9.647324,-14.502376,22.676760,81.754333,-16.180820,-4.110655,-7.001033
701.000000,-638.438416,-220.137604,75.712929,-0.155549,-5.237917,78.049849,15.241258,-9.735520,-4.628380,17.646803,-20.955112,10.655556,-26.186359,-6.114879,-10.608266,22.932760,-9.206885,0.851457,-13.673056,-0.336250,0.748703,-14.573324,14.335064,-30.541832,55.255653,16.814447,13.624290,0.123161,10.885777,-14.464076,22.674339,82.660088,-15.241858,-4.751024,-7.145988
702.000000,-637.131348,-217.663696,75.338280,-0.344539,-5.389341,79.051057,16.105452,-8.813663,-4.431065,21.221760,-22.032864,9.773364,-25.520672,-6.014573,-9.188565,21.821798,-7.960561,1.003531,-14.301325,-0.021082,0.401341,-14.954677,13.553970,-30.547634,55.242702,16.414497,13.167302,0.344164,12.319110,-14.460322,22.672874,83.347137,-14.360665,-5.148633,-7.372658
703.000000,-635.801514,-215.143204,74.914238,-1.107164,-5.579709,79.794901,16.016066,-7.364927,-3.857695,26.350113,-22.867626,8.518227,-24.851170,-5.315626,-8.275920,22.997387,-6.890169,0.546293,-14.487622,0.782833,0.150978,-14.970949,12.862052,-30.559273,55.277317,16.174849,12.875968,0.569744,13.660707,-14.502637,22.672073,83.586235,-13.743737,-5.249322,-7.569032
704.000000,-634.508240,-212.634369,74.556717,-2.506080,-5.933546,79.982386,15.470583,-4.680153,-2.693382,33.732132,-22.366774,6.977098,-23.828211,-3.398988,-8.902236,26.053818,-3.629414,-0.365964,-14.196168,2.637193,0.293645,-14.603528,12.088275,-30.595741,55.500011,16.134733,12.669842,0.901234,14.768579,-14.674715,22.732687,83.668129,-13.079804,-5.234265,-7.779593
705.000000,-633.211731,-210.180801,74.289345,-4.012242,-6.267945,80.137405,13.814481,-1.901784,-1.808754,41.853436,-17.066128,5.241435,-22.524431,-1.274170,-9.912663,28.854053,-3.331430,-1.016896,-13.969009,4.489874,0.529778,-14.038740,11.573774,-30.685993,56.217968,16.124456,12.488834,1.287469,15.171091,-14.762058,22.883110,83.669724,-12.265438,-5.214915,-7.982638
706.000000,-631.959839,-207.880325,74.048767,-5.163561,-6.523284,80.314078,11.171398,0.399053,-1.377605,50.558712,-10.816650,2.064996,-21.160273,0.598081,-10.659071,31.240639,-4.239205,-1.411591,-13.673158,5.811574,0.687429,-13.475937,11.387733,-30.992111,57.293106,15.881637,12.344157,1.781122,15.037953,-14.760448,23.080202,83.616631,-11.594357,-5.220086,-8.165811
707.000000,-630.860229,-205.829956,73.893433,-5.990996,-6.894485,80.351346,8.968754,1.717631,-1.191938,56.892998,-8.473976,0.230103,-20.028666,1.792922,-11.055887,32.950630,-5.848320,-1.700615,-13.294189,6.471008,0.875878,-13.031226,11.447783,-31.412260,58.303135,15.543764,12.180437,2.213368,14.540618,-14.795907,23.301786,83.571495,-11.344987,-5.224539,-8.280758
708.000000,-629.772705,-203.726654,73.884949,-6.785568,-7.193347,80.222172,5.927670,3.109794,-1.259494,63.567509,-7.456999,-1.060283,-18.381538,3.273556,-11.451499,34.421566,-8.929612,-2.066284,-12.672070,7.212386,1.057580,-12.356889,11.693746,-32.067825,59.912231,15.101230,11.856590,2.710638,13.536545,-14.964465,23.562536,83.431915,-11.253529,-5.201720,-8.386565
709.000000,-628.726807,-201.692551,74.008873,-7.362303,-7.460778,79.918808,1.818145,4.626975,-1.280894,69.947212,-7.449211,-1.760109,-15.972607,5.040759,-11.561843,34.812397,-11.822911,-2.564841,-11.691467,7.768050,1.063967,-11.250051,12.372502,-32.781952,62.142056,14.715444,11.434276,3.231381,12.105713,-15.320994,23.755373,82.763222,-11.248510,-5.168687,-8.426439
710.000000,-627.715820,-199.719727,74.225700,-7.712278,-7.643883,79.527956,-2.388009,5.991582,-1.265275,74.244286,-8.491726,-1.801328,-13.481540,6.496448,-11.343992,34.115364,-13.622948,-2.990831,-10.715261,7.902978,0.954664,-10.070492,13.334277,-33.471622,64.651878,14.741682,11.196633,3.847100,10.472462,-15.732686,23.770864,81.871078,-11.621892,-5.147344,-8.436906
711.000000,-626.772522,-197.852173,74.503769,-7.539998,-7.920797,78.867757,-5.638274,6.711310,-1.166769,76.353844,-9.885100,-1.648138,-11.467450,7.305719,-10.771168,33.363098,-14.716664,-3.319944,-9.832866,7.582261,0.937555,-8.989838,14.273065,-34.108212,66.686050,15.060747,11.262965,4.336589,8.841584,-16.011654,23.767033,81.275032,-12.258280,-5.143376,-8.503974
712.000000,-625.850342,-195.921509,74.854538,-6.779248,-8.277996,77.929034,-9.788966,7.297862,-0.651412,77.439468,-12.381167,-1.267303,-8.734504,7.778987,-9.515329,32.407021,-16.139322,-3.538687,-8.582435,6.592534,0.983818,-7.100177,15.536543,-34.704956,69.179581,15.664681,11.764073,4.922590,6.281383,-16.252592,23.524828,80.705360,-13.438651,-5.146104,-8.678935
713.000000,-625.026855,-193.946503,75.250443,-5.708977,-8.652747,76.634383,-13.259653,7.802658,0.309176,76.741394,-14.968917,-0.787133,-6.192099,7.775081,-7.932148,31.438772,-17.279549,-3.619802,-7.161386,5.497009,1.063172,-4.930748,16.328348,-34.763344,71.025734,15.886652,12.620275,5.368552,3.821768,-16.475716,22.928160,80.171722,-14.786993,-5.144348,-8.879375
714.000000,-624.344849,-191.969666,75.640381,-4.670911,-8.884536,75.094252,-17.138485,8.918808,1.883106,74.034203,-17.792042,-0.182483,-3.100403,7.636834,-5.698667,29.872286,-18.343992,-3.578635,-5.019727,4.492233,1.098409,-1.911934,16.670668,-34.616356,72.600471,15.718124,13.935637,5.643339,0.849115,-16.898508,22.195490,79.261177,-16.597414,-5.061415,-9.203961
715.000000,-623.756042,-189.958282,75.995445,-3.787150,-8.929793,73.662603,-20.364090,10.206477,3.159991,69.348862,-19.125397,0.254409,-0.282376,7.383523,-3.746655,28.001324,-19.026255,-3.472327,-3.133086,3.957890,1.081905,1.273520,16.573381,-34.147446,72.993233,14.909762,15.238223,5.590292,-1.789919,-17.340225,21.431656,77.553482,-17.850368,-4.775138,-9.481823
716.000000,-623.230591,-187.904938,76.264885,-3.278485,-8.847226,72.421503,-22.580555,11.326008,3.837334,64.781837,-19.456125,0.409536,1.898735,7.270115,-2.459378,26.288593,-19.381954,-3.377232,-1.800286,3.844056,1.121899,3.605891,16.316948,-33.696423,73.006073,14.076593,16.020912,5.371700,-3.717931,-17.645491,21.144997,75.797089,-18.102007,-4.684875,-9.700021
717.000000,-622.766846,-185.899765,76.407555,-3.090756,-8.761458,71.330390,-25.168505,12.949319,4.419940,57.648537,-18.920916,0.441933,4.840904,7.312688,-0.934723,23.716795,-19.661987,-3.252568,-0.010745,4.051841,1.246514,6.352189,15.845275,-33.024155,72.976685,12.911939,16.777037,4.828817,-6.400249,-17.857233,21.053867,73.485580,-17.778690,-4.798373,-9.971085
718.000000,-622.328918,-183.847244,76.425171,-2.975139,-8.657238,70.207117,-26.948328,14.103802,4.561819,50.677151,-17.597471,0.266237,7.374031,7.326043,0.401493,21.613554,-19.992128,-3.037122,1.604520,4.322585,1.409197,8.506027,15.440508,-32.475044,72.972725,11.877788,17.219107,4.182199,-8.984052,-17.769932,20.997648,71.604195,-17.223328,-5.125480,-10.124427
719.000000,-621.916077,-181.776932,76.323616,-2.865332,-8.456486,69.040266,-28.446524,15.078996,4.433187,42.072517,-15.654998,-0.286373,10.048842,7.183385,2.040475,19.716038,-20.691885,-2.557790,3.560122,4.592067,1.456805,10.867305,15.072632,-31.678829,72.968147,10.541886,17.611904,3.311755,-12.135268,-17.411697,20.928427,69.379082,-16.429001,-5.659841,-10.178758
720.000000,-621.523560,-179.647980,76.121864,-2.663160,-8.214375,68.235832,-29.199541,15.343777,4.289233,33.992584,-13.849936,-1.085936,12.273281,6.703989,3.150342,18.482561,-21.701862,-1.989317,4.844047,4.639504,1.338053,12.871286,14.832283,-30.818987,72.985939,9.447951,17.961853,2.471491,-15.026663,-16.875652,20.732346,67.509277,-15.436173,-6.351129,-10.174998
721.000000,-621.180237,-177.478592,75.836075,-2.330407,-7.993574,67.693824,-29.632477,14.995542,4.196059,27.118513,-12.433450,-1.932176,14.355512,5.839532,3.772254,17.725792,-23.017612,-1.276486,5.752260,4.500005,1.148881,14.613597,14.614096,-29.989676,73.019531,8.592678,18.420057,1.667968,-17.656143,-16.373240,20.416544,65.686493,-14.702978,-7.092468,-10.171484
722.000000,-620.892151,-175.175705,75.499825,-1.897597,-7.880346,67.410056,-29.725183,14.320618,4.108016,23.069849,-11.405037,-2.491218,15.923888,4.962129,3.948418,17.492373,-24.029125,-0.616959,6.239705,4.335507,1.042951,15.746059,14.428519,-29.426079,72.984718,8.068871,18.868858,1.089183,-19.422163,-16.094536,20.110849,64.302589,-14.256180,-7.649541,-10.170932
723.000000,-620.654663,-172.795242,75.182114,-1.339810,-7.938876,67.225097,-29.479374,13.240870,4.389639,19.691385,-9.997168,-2.909202,17.733238,3.717234,4.021689,17.772707,-24.998823,0.165492,6.663166,4.039817,0.951676,16.909365,14.222685,-28.977783,72.834808,7.497562,19.465668,0.456030,-21.167973,-15.843679,19.746094,62.778095,-13.608763,-8.294357,-10.179240
724.000000,-620.453430,-170.244675,74.931206,-0.644825,-8.076012,67.003579,-28.567368,11.727764,5.273321,17.443039,-8.011688,-3.099329,19.465801,1.935097,3.868071,19.422653,-25.546368,1.025288,7.033607,3.485180,0.796376,18.180248,14.007803,-28.860317,72.441101,6.984576,20.145620,-0.224984,-22.564766,-15.575103,19.426699,60.993687,-12.952801,-8.904777,-10.265444
725.000000,-620.302002,-167.571945,74.783157,0.145356,-8.327958,66.850066,-27.000038,10.088118,6.504361,16.581280,-5.790573,-2.869771,20.308361,-0.069053,2.978433,22.825335,-25.041142,2.154109,7.283585,2.799612,0.623788,18.985882,13.694354,-28.728884,72.204041,6.935856,20.667444,-0.793146,-22.957968,-15.404093,19.166100,59.403919,-12.704185,-9.298185,-10.460423
726.000000,-620.212280,-164.846481,74.717117,0.869027,-8.492749,66.928526,-25.206247,8.286088,7.875636,16.307705,-3.630995,-2.399306,20.187950,-2.191404,1.526747,27.893177,-22.999332,3.382834,7.197762,2.095366,0.275183,19.400717,13.256033,-28.630840,72.166573,7.167499,21.071524,-1.339816,-22.698717,-15.214246,18.692411,58.048557,-12.588686,-9.469274,-10.549303
727.000000,-620.185181,-162.163330,74.719063,1.392586,-8.746697,67.485787,-23.664164,6.711019,8.625959,16.324701,-2.024620,-1.771642,19.740683,-3.791912,0.127354,32.400871,-19.778093,4.108384,6.699386,1.625768,0.097396,19.467899,12.870625,-28.626097,72.054398,7.603158,21.377499,-1.772729,-22.192402,-15.070631,18.227007,57.146252,-12.569990,-9.481806,-10.593716
728.000000,-620.206299,-159.543549,74.783585,1.845743,-9.058322,68.134578,-21.494463,4.713515,9.476551,16.369820,-0.324798,-0.803763,18.877613,-5.785022,-1.683175,37.943691,-12.845147,3.681345,5.996561,1.116230,-0.069627,19.230789,12.475544,-28.696491,71.702789,8.347231,21.674311,-2.328605,-21.200005,-15.020427,17.760473,56.465782,-12.504172,-9.522543,-10.729057
729.000000,-620.257263,-156.748672,74.881287,2.307613,-9.373038,68.778307,-19.197365,2.872832,10.371419,16.506634,0.732256,0.232899,17.804066,-8.035728,-3.195969,42.937435,-3.483686,6.797586,5.452927,0.607371,-0.220355,18.768269,12.175434,-28.910051,71.369087,9.153987,21.807116,-2.827883,-20.072449,-15.046155,17.564911,56.359348,-12.382443,-9.558733,-10.875232
730.000000,-620.257202,-153.732132,74.948318,3.348457,-9.331567,69.023562,-17.046587,0.457961,11.298467,17.370888,1.163733,3.117706,15.855408,-11.085017,-4.005686,46.884670,13.307078,6.317437,5.266422,-0.677574,-0.624673,17.844534,12.188063,-29.050848,70.905693,10.391401,21.818335,-3.354491,-18.450666,-14.933868,17.599297,56.947250,-12.230680,-9.652062,-11.152442
731.000000,-620.250366,-150.943268,74.843369,4.458272,-9.310705,69.165367,-16.334793,-1.560825,12.123087,20.401550,0.968354,4.303234,12.608837,-13.505185,-3.009346,53.012913,19.051743,2.999808,5.036430,-2.473146,-0.095264,16.077557,12.589326,-29.054646,70.236496,11.598329,21.712372,-3.619866,-17.685892,-14.615258,18.025496,58.393307,-11.955256,-9.803864,-11.358055
732.000000,-620.284607,-148.358047,74.638527,4.756739,-9.430075,69.634388,-16.049204,-2.608917,12.500999,24.147476,0.167563,5.110799,8.237638,-14.171689,-2.123473,60.560402,14.041579,0.636700,4.248490,-3.333618,1.001472,13.352539,12.976228,-28.998024,69.937851,12.832248,21.402523,-3.704565,-17.320330,-14.485138,18.621714,60.441536,-11.631061,-9.873640,-11.420915
733.000000,-620.290833,-145.815903,74.523972,4.727674,-9.620087,70.714786,-15.785483,-3.260338,12.305320,26.625204,-1.466910,5.631121,4.956611,-14.012772,-2.151501,65.541199,8.882688,-0.475535,3.313767,-3.628451,1.684950,11.159016,13.324448,-28.927988,69.924751,13.797815,21.124128,-3.716320,-16.782166,-14.447547,18.923550,61.991428,-11.407750,-9.793991,-11.395861
734.000000,-620.267029,-143.319138,74.602036,4.555639,-9.563189,71.996858,-15.036020,-4.597886,11.533397,29.632675,-5.554839,6.534070,-0.441520,-13.198967,-2.541347,71.475845,0.236001,-1.870167,1.637084,-4.007552,2.199081,7.658319,14.065292,-28.716019,69.915329,15.447551,20.559975,-3.683944,-15.209625,-14.513506,19.316105,64.574615,-11.125131,-9.475467,-11.242395
735.000000,-620.262939,-140.746826,74.826134,4.121492,-9.302877,73.362369,-13.867912,-5.701880,10.474981,31.056845,-8.792846,7.385618,-5.620837,-11.923299,-3.625487,74.481384,-7.334025,-2.805648,-0.077783,-3.763012,2.009183,4.513838,14.730966,-28.465969,69.687607,17.109476,20.004148,-3.541954,-13.068560,-15.055993,19.697672,67.286255,-11.082569,-9.120082,-10.959638
736.000000,-620.278381,-138.111389,75.161530,3.598252,-8.913476,74.773071,-12.154419,-6.750763,9.233815,31.122461,-11.093157,7.966221,-10.501017,-10.671412,-5.213990,74.720116,-12.882824,-3.353067,-1.799742,-3.148998,1.481797,1.669152,15.330791,-28.442766,68.891273,18.654375,19.509422,-3.364395,-10.407833,-16.064806,19.974901,69.881317,-11.066419,-8.562045,-10.655040
737.000000,-620.295349,-135.499100,75.528870,3.114021,-8.497381,75.956689,-9.940297,-7.677927,7.995650,30.232393,-12.774037,8.265977,-15.033648,-9.450241,-6.837155,72.807686,-16.541710,-3.604046,-3.304009,-2.348156,0.931793,-1.008354,15.807649,-28.393145,67.602684,19.809107,19.047857,-3.151865,-7.341412,-17.324377,20.133915,72.015190,-10.874434,-7.610433,-10.447182
738.000000,-620.277771,-132.775742,75.902603,2.647325,-8.154962,77.222207,-7.515381,-8.491149,6.707835,28.816559,-13.932106,8.415977,-18.548843,-8.424855,-8.303596,69.280022,-18.329342,-3.667562,-4.630253,-1.652325,0.636195,-3.281487,16.137178,-28.123699,65.908775,20.393875,18.756577,-2.952515,-4.342447,-18.325502,20.235792,73.362419,-10.523784,-6.431075,-10.378118
739.000000,-620.206238,-130.119110,76.224358,2.251984,-7.999890,78.572361,-4.098470,-9.464598,4.879133,26.552261,-15.037556,8.611569,-21.905296,-7.315478,-9.976239,63.302135,-19.031975,-3.662196,-6.296093,-1.004008,0.616205,-5.887741,16.444683,-27.771286,63.299183,20.595490,18.408485,-2.816845,-0.603254,-19.095093,20.318306,74.405106,-10.061157,-4.895925,-10.252301
740.000000,-620.084473,-127.408363,76.476692,2.005502,-7.994087,79.870274,-1.285824,-10.116408,3.545239,24.537153,-15.646108,8.857182,-23.575102,-6.730363,-11.068388,58.159954,-18.685301,-3.539590,-7.460498,-0.728102,0.839927,-7.640570,16.543673,-27.661539,61.385303,20.416893,18.019646,-2.767835,1.923292,-19.291410,20.349157,74.847099,-9.742585,-3.831420,-10.047001
741.000000,-619.927551,-124.728584,76.602806,1.789270,-7.836291,81.178275,2.391577,-10.848988,1.771468,21.677883,-16.309868,9.190215,-25.385601,-6.233344,-12.603677,50.731728,-17.715738,-3.281893,-9.061038,-0.475890,0.938699,-9.708364,16.539206,-27.624983,58.934196,19.753305,17.288181,-2.751132,5.072887,-19.261654,20.242212,75.176788,-9.474097,-2.644891,-9.599305
742.000000,-619.738464,-122.038528,76.576363,1.560865,-7.625305,82.466385,5.838676,-11.335392,-0.066601,19.176516,-17.099106,9.477663,-26.783930,-5.760747,-13.929976,43.286568,-16.325361,-2.948825,-10.819392,-0.255690,0.973927,-11.576730,16.499403,-27.620125,56.604843,18.857971,16.334585,-2.786952,7.823664,-19.086863,19.876087,75.463074,-9.410871,-1.934415,-9.015680
743.000000,-619.528687,-119.337128,76.386726,1.304041,-7.388522,83.699347,8.711522,-11.554274,-1.616706,17.437635,-18.093861,9.694715,-27.734926,-5.243525,-14.611290,37.057999,-15.000693,-2.586007,-12.322533,-0.086000,1.013695,-13.221056,16.414654,-27.622520,54.804985,18.105721,15.374975,-2.831587,9.856545,-18.931103,19.459225,75.947319,-9.269180,-1.689660,-8.482805
744.000000,-619.297241,-116.609253,76.052788,1.034504,-7.189132,84.960298,11.743587,-11.560348,-3.105610,16.349684,-19.771286,9.926668,-28.465393,-4.766057,-15.167498,30.688866,-13.507334,-2.131185,-14.005233,0.090886,1.097309,-15.175904,16.238426,-27.629608,53.002712,17.193668,14.310571,-2.839936,11.870534,-18.866867,19.120182,76.670364,-8.987492,-1.637868,-7.972449
745.000000,-619.035400,-113.895058,75.673935,0.820013,-7.122044,85.945455,14.026146,-11.350694,-3.463572,16.737089,-21.329174,9.980681,-28.528574,-4.363087,-15.063929,26.257204,-12.160202,-1.895977,-15.057582,0.112633,1.207012,-16.852472,15.912416,-27.631781,51.980934,16.222324,13.374791,-2.786901,13.475579,-18.839943,19.046225,77.384674,-8.498676,-1.685740,-7.753460
746.000000,-618.728394,-111.096863,75.311501,0.632655,-7.125583,86.908567,15.480717,-11.018141,-3.260384,18.952797,-22.548018,9.757378,-28.182774,-4.158717,-14.688514,23.699518,-10.904677,-1.841387,-15.754344,0.067637,1.193746,-18.105225,15.386627,-27.568457,51.515224,15.443100,12.500487,-2.638299,14.932997,-18.752237,19.039423,78.037338,-7.788711,-1.699596,-7.693706
747.000000,-618.393372,-108.387886,75.039642,0.348588,-7.242416,87.578285,16.075956,-10.538627,-2.611862,21.956900,-22.948200,9.357439,-27.485466,-3.870147,-14.136991,22.749039,-9.841075,-2.084007,-16.026314,0.095752,1.138811,-18.602262,14.889585,-27.506538,51.405972,15.118961,11.860480,-2.478485,15.958350,-18.621307,19.039244,78.453552,-7.198049,-1.689320,-7.693257
748.000000,-617.981934,-105.360687,74.831116,-0.180409,-7.357416,88.056150,16.113708,-9.546301,-1.246482,26.872946,-22.417015,8.743544,-26.193777,-3.254807,-13.685958,22.371811,-8.592272,-2.728705,-16.049444,0.361219,0.931831,-18.585472,14.278899,-27.494089,51.579613,15.067711,11.103408,-2.268807,16.990974,-18.423809,19.108528,78.787506,-6.591896,-1.565755,-7.712193
749.000000,-617.536987,-102.303574,74.687729,-0.982400,-7.485068,88.310402,15.284718,-7.624399,1.136863,34.336140,-19.530146,8.455126,-23.952255,-2.138289,-13.468556,22.542612,-7.253119,-3.793203,-15.740149,1.074734,0.567712,-17.917053,13.507010,-27.492224,52.344505,15.076035,10.297166,-1.962427,17.995075,-18.227776,19.450819,78.813805,-5.908538,-1.256309,-7.778753
750.000000,-617.084595,-99.212715,74.588112,-2.197347,-7.643075,87.935345,13.895021,-4.971943,3.624949,41.839581,-13.711121,7.790011,-21.847801,-0.267867,-13.516508,23.488695,-4.983322,-5.586709,-14.953602,2.356250,0.308298,-16.661610,12.930866,-27.492863,53.336781,15.103419,9.776937,-1.588535,18.358299,-18.210238,19.959249,78.576813,-5.470479,-0.977272,-7.871379
751.000000,-616.654663,-96.214523,74.505409,-3.779935,-7.878719,87.743668,11.984313,-1.869084,4.699323,48.896622,-2.937245,4.474931,-19.943022,1.686739,-14.370536,25.166544,-3.333548,-6.106061,-14.408529,4.103258,0.571103,-15.204173,12.654729,-27.492390,54.522602,15.115536,9.388140,-1.123808,17.833597,-18.387291,20.301619,78.031998,-5.233214,-0.820186,-7.914843
752.000000,-616.202332,-93.363106,74.353806,-4.996134,-8.064148,87.628137,9.939761,0.298452,5.009778,54.676331,2.164459,1.914703,-18.788166,2.794384,-15.091060,26.984743,-3.730104,-6.295153,-14.034059,5.130600,0.830091,-14.221780,12.696713,-27.517004,55.575653,15.075301,9.187552,-0.757987,16.987387,-18.481606,20.454781,77.469353,-5.230236,-0.809791,-7.931604
753.000000,-615.711182,-90.585686,74.181763,-5.655032,-8.251532,87.602619,6.943786,2.342401,5.107804,61.386692,2.471674,0.075724,-17.403828,3.525822,-15.665976,29.174656,-4.478359,-6.425097,-13.404611,5.565663,1.136504,-13.192522,13.094956,-27.659410,57.127632,14.898571,8.966341,-0.201202,15.492670,-18.471910,20.702850,76.791199,-5.466643,-0.848908,-7.938898
754.000000,-615.281982,-88.006958,74.150505,-6.261244,-8.526580,87.561123,2.670144,4.684888,4.906639,68.858932,-0.513787,-0.799763,-15.612408,4.514315,-15.822285,31.806526,-7.983615,-6.429723,-12.533456,5.891192,1.601214,-12.012729,13.814711,-28.131176,59.512657,14.506980,8.659082,0.635941,13.019520,-18.541632,20.948545,76.130737,-6.182518,-0.917629,-7.946263
755.000000,-614.888977,-85.487892,74.276993,-6.453587,-8.566416,87.377899,-1.959986,6.135313,4.263834,73.831306,-4.570427,-0.743089,-13.636436,5.301885,-15.545899,33.109810,-11.536221,-6.288660,-11.700734,5.926161,1.678268,-10.657299,14.770461,-28.819159,62.038525,14.236210,8.375147,1.392319,10.207759,-18.695644,20.966377,75.656570,-7.427675,-0.953374,-7.966681
756.000000,-614.524597,-82.969498,74.551758,-6.137336,-8.616823,86.841385,-6.723198,7.048093,4.134539,76.626427,-9.600969,-0.413640,-11.343083,5.748276,-14.630661,33.374172,-14.233532,-5.975401,-10.549829,5.426322,1.555645,-9.065509,15.973305,-29.580374,64.719017,14.192565,8.237800,2.195540,7.036811,-18.839197,20.827620,75.297295,-8.944819,-1.081735,-8.053970
757.000000,-614.226135,-80.464676,74.935844,-5.620285,-8.636048,86.092732,-11.373103,7.891421,4.419654,77.280792,-13.980717,-0.035726,-8.618753,6.033125,-13.317651,32.551460,-16.083588,-5.582695,-9.252530,4.774037,1.413984,-7.157443,17.121899,-30.149576,67.256409,14.469138,8.475746,2.957564,3.707186,-19.014114,20.627113,74.932480,-10.470583,-1.315245,-8.303459
758.000000,-614.002747,-77.954414,75.378456,-4.904896,-8.705945,85.153516,-15.234584,8.556529,4.851884,75.747307,-17.018148,0.296912,-5.807555,6.089876,-11.856702,31.124115,-17.297382,-5.175932,-7.871459,4.124907,1.370184,-5.188152,17.880939,-30.306385,69.161507,14.643395,9.034314,3.532782,0.785691,-19.164801,20.289198,74.290138,-11.806630,-1.493724,-8.593916
759.000000,-613.857788,-75.427414,75.820633,-4.156885,-8.735152,83.997053,-18.444374,9.238549,5.378948,72.726028,-18.951883,0.534207,-3.004243,6.045812,-10.318699,29.365047,-18.156767,-4.783822,-6.356044,3.578645,1.362439,-3.224051,18.290043,-30.326492,70.578873,14.595711,9.757296,3.924962,-1.693646,-19.295732,19.915518,73.215195,-12.714006,-1.593904,-8.884098
760.000000,-613.784607,-72.945747,76.198105,-3.432074,-8.631329,82.625393,-21.799843,10.226410,6.173371,67.355209,-19.994446,0.688018,0.317445,5.896775,-8.310185,26.848192,-18.857922,-4.284340,-4.172241,3.111464,1.259948,-0.712587,18.411190,-30.271069,71.474747,14.149697,10.793389,4.112022,-4.313221,-19.407883,19.698486,71.305138,-13.135005,-1.606182,-9.210684
761.000000,-613.758728,-70.403137,76.490509,-2.784254,-8.455149,81.175572,-24.410728,11.234039,6.940629,60.164906,-19.600334,0.730188,3.589554,5.585887,-6.317960,24.140253,-19.366503,-3.768548,-1.909605,2.747190,1.214527,1.885478,18.344347,-30.172222,71.618294,13.292574,11.704954,4.065628,-6.958201,-19.323397,19.664940,69.138657,-13.157300,-1.624400,-9.388792
762.000000,-613.788147,-67.875893,76.634071,-2.386942,-8.212398,79.780773,-26.479948,12.250838,7.341184,52.073742,-18.389097,0.642686,6.707153,5.301686,-4.425884,21.481771,-19.783482,-3.264201,0.196641,2.660344,1.215906,4.352818,18.043892,-29.901262,71.627197,12.489378,12.259124,3.846715,-9.766336,-19.112373,19.669062,66.955032,-12.837852,-1.851158,-9.434977
763.000000,-613.879089,-65.363762,76.625351,-2.379100,-8.017343,78.794781,-28.001799,12.973760,7.026004,44.518223,-16.747293,0.461237,9.488704,5.133163,-3.248857,19.252880,-20.010841,-2.809445,1.696351,2.935460,1.313847,6.349206,17.561642,-29.385040,71.683571,11.964031,12.526061,3.458468,-12.475624,-18.871706,19.664150,65.302742,-12.241676,-2.359753,-9.439557
764.000000,-614.023010,-62.834930,76.498871,-2.625220,-7.902778,77.850050,-29.032055,13.700162,6.654368,37.801205,-15.181758,0.084651,11.845496,5.015388,-2.440459,17.780617,-20.141605,-2.330853,3.044781,3.411991,1.418651,7.974775,17.059490,-28.946880,71.753487,11.575359,12.678178,2.962883,-14.957246,-18.654877,19.682053,63.963924,-11.688155,-2.847762,-9.439842
765.000000,-614.180908,-60.236919,76.299141,-2.764833,-7.819856,77.123461,-29.684328,14.256572,6.176007,30.538628,-13.551733,-0.564941,14.426759,4.623832,-1.932447,16.794235,-20.351761,-1.577324,4.571693,3.908424,1.394874,9.733589,16.580381,-28.529669,71.794899,10.948501,12.762205,2.297825,-17.588793,-18.437895,19.865538,62.300159,-11.025442,-3.280633,-9.435705
766.000000,-614.355408,-57.443821,76.044724,-2.643956,-7.824620,76.641440,-29.789148,14.091963,5.831272,24.530478,-12.313014,-1.236646,16.902580,3.665485,-1.927016,16.440695,-20.698065,-0.598707,5.818556,3.906892,1.185940,11.354270,16.259212,-27.850227,71.968765,10.207728,12.805120,1.730446,-19.669218,-18.227289,20.003286,60.512646,-10.261877,-3.621217,-9.386557
767.000000,-614.563232,-54.584946,75.776123,-2.264933,-7.878787,76.215768,-29.417585,13.496710,5.763958,20.286247,-11.088207,-1.757653,19.067076,2.267772,-1.982062,17.069950,-20.920450,0.528112,6.819366,3.574539,0.879486,12.926316,15.999866,-27.215969,72.111244,9.777444,13.034082,1.248793,-21.325022,-17.955055,19.783909,58.660461,-9.819332,-3.934751,-9.318119
768.000000,-614.821533,-51.678783,75.517563,-1.805576,-8.087014,76.006087,-28.629835,12.673282,6.024794,17.897278,-9.763157,-1.935959,20.775145,0.738849,-2.345222,18.471931,-20.616606,1.649204,7.363627,3.123738,0.708715,14.185729,15.766431,-26.879881,72.117706,9.550111,13.384192,0.862532,-22.564423,-17.673483,19.469391,57.255302,-9.691597,-4.304466,-9.267545
769.000000,-615.163147,-48.554832,75.280014,-1.389114,-8.378237,75.909455,-27.597542,11.958320,6.868294,16.570745,-8.146450,-1.839700,21.970594,-0.812148,-2.890772,20.804636,-19.628521,2.772242,7.732097,2.724713,0.560835,15.189865,15.475024,-26.666004,72.118797,9.380035,13.757591,0.521227,-23.451450,-17.425097,19.052923,56.138664,-9.651049,-4.713022,-9.239189
770.000000,-615.560486,-45.372913,75.096664,-0.925712,-8.687296,75.969483,-25.950842,10.999156,8.308888,16.159386,-5.791656,-1.421644,22.751545,-2.812921,-3.773293,24.839827,-17.015551,4.207405,7.999914,2.203281,0.406408,16.049833,15.071655,-26.511126,72.120880,9.292850,14.168287,0.146288,-23.804174,-17.161196,18.345037,55.026817,-9.638970,-5.145383,-9.235895
771.000000,-615.995911,-42.241032,74.952408,-0.412863,-8.826378,76.246687,-24.140343,9.502395,9.440453,16.626350,-3.339126,-0.709527,22.800835,-5.254998,-4.994115,29.795555,-11.924747,6.651223,8.090560,1.463794,0.025163,16.638041,14.684662,-26.489008,72.120949,9.371022,14.476814,-0.300477,-23.524389,-16.914373,17.680462,54.261505,-9.644504,-5.449743,-9.238260
772.000000,-616.512024,-38.783379,74.790169,0.145159,-8.845390,76.704252,-22.331127,7.621379,10.168723,17.957180,-1.387310,0.309878,22.102642,-7.798116,-6.020531,35.193485,-3.921166,8.667998,7.804505,0.617195,-0.474205,16.986349,14.347759,-26.508404,72.082558,9.608643,14.707159,-0.779363,-22.889505,-16.542320,17.047501,53.867641,-9.641294,-5.552133,-9.245324
773.000000,-617.036804,-35.318935,74.537300,1.044641,-8.675489,76.942166,-20.755667,5.694021,10.928669,20.103207,-0.387389,1.629704,20.892870,-10.443667,-6.675607,39.527435,6.746524,7.354081,7.640597,-0.470121,-0.930811,16.990385,14.215927,-26.569096,71.924248,9.752576,14.918157,-1.182516,-22.040358,-16.257677,16.859884,53.726780,-9.595296,-5.654156,-9.352759
774.000000,-617.501221,-32.156174,74.160309,2.520208,-8.580994,77.224568,-20.326998,3.102574,11.959620,24.235041,2.096504,2.896007,18.357624,-13.893167,-6.148088,46.144444,15.333458,4.209219,7.375627,-2.783547,-0.582279,16.008518,14.448489,-26.804369,71.634201,9.961892,15.069303,-1.464039,-21.357344,-15.813133,17.022104,53.988949,-9.542886,-5.872067,-9.610833
775.000000,-617.966431,-29.424309,73.772926,3.465630,-8.662762,77.638850,-20.463076,1.656889,12.371641,28.091883,1.576672,3.796525,15.594861,-15.546218,-5.465212,52.790977,13.192839,2.213491,7.009864,-3.950563,0.215804,14.644126,14.511214,-27.165705,71.545074,10.327272,15.086472,-1.510966,-21.169945,-15.620199,17.423325,54.722980,-9.509852,-6.067624,-9.789886
776.000000,-618.410522,-26.674662,73.596069,4.052163,-8.924248,78.526153,-20.316313,-0.163039,12.452770,33.019741,-3.144683,4.787799,11.453782,-16.557758,-4.824708,61.204388,7.938048,0.151519,6.126290,-5.055322,1.388761,12.361817,14.590994,-27.424463,71.615700,11.050149,14.970778,-1.517625,-20.449417,-15.271862,17.889540,55.985081,-9.456528,-6.046110,-9.911076
777.000000,-618.821655,-23.935322,73.726936,3.993358,-8.884553,79.648825,-19.325026,-1.649928,11.956532,35.754875,-7.635499,5.559953,6.391214,-15.605262,-4.260145,68.422424,1.202930,-1.441662,4.825894,-5.339301,1.894721,9.960169,14.748838,-27.726389,71.770004,12.037974,14.675585,-1.517630,-18.886990,-14.786778,18.346613,57.561928,-9.459232,-5.750571,-9.845799
778.000000,-619.241333,-21.200022,74.081612,3.602479,-8.625361,80.681315,-17.837877,-2.678300,11.320655,36.577736,-10.581706,6.111039,1.560892,-14.261824,-4.669775,72.740875,-4.503041,-2.408157,3.572703,-4.967412,1.730225,7.989979,14.884660,-27.854378,71.749825,13.146442,14.435232,-1.512148,-16.805788,-14.467069,18.509058,59.074070,-9.456272,-5.411041,-9.615352
779.000000,-619.686646,-18.508532,74.543213,3.094797,-8.351997,81.532234,-15.431133,-3.665470,10.548867,36.303589,-13.222996,6.500211,-4.170197,-12.615622,-5.786601,75.537132,-10.314834,-3.185607,2.102727,-4.011390,1.284414,5.812548,15.047700,-27.875137,71.371025,14.523987,14.224469,-1.491302,-13.980416,-14.530240,18.520599,61.003933,-9.446346,-5.050028,-9.288512
780.000000,-620.131042,-15.873978,75.029564,2.809907,-8.065044,82.331135,-13.330124,-4.484146,10.059874,35.197731,-14.445551,6.687453,-7.946872,-11.589009,-6.467720,75.826645,-13.614945,-3.457207,1.045265,-3.347248,0.933785,4.400508,15.268839,-27.873196,70.688019,15.737106,14.166040,-1.488484,-12.010833,-14.978254,18.512154,62.590069,-9.394500,-4.891230,-9.125818
781.000000,-620.591614,-13.137666,75.509941,2.537435,-7.833757,83.435642,-10.226998,-5.759637,9.157332,33.037987,-15.639869,7.103587,-12.426070,-10.323925,-7.367737,74.438606,-17.252073,-3.615966,-0.610379,-2.516231,0.590847,2.495427,15.666353,-27.765106,69.368469,17.735199,14.133446,-1.481109,-9.418208,-15.997924,18.376644,64.674690,-9.292358,-4.571976,-9.097500
782.000000,-621.026672,-10.471466,75.917328,2.140832,-7.600996,84.927554,-6.983538,-7.023426,7.714200,30.502207,-16.499931,7.598022,-16.228363,-9.124758,-8.590843,71.152664,-19.820072,-3.616948,-2.536318,-1.605937,0.405464,0.406721,16.057600,-27.451038,67.626625,19.690166,14.158410,-1.429829,-6.724543,-17.309113,18.068377,66.496986,-9.288487,-4.000514,-9.306517
783.000000,-621.405151,-7.859328,76.262299,1.866111,-7.404966,86.494788,-3.794749,-8.137868,6.103502,27.722225,-16.942263,8.032615,-19.016071,-8.278322,-9.963455,66.247459,-20.733099,-3.417789,-4.466799,-0.924819,0.428824,-1.527923,16.466129,-27.258163,65.531052,20.450188,14.188155,-1.350871,-4.197573,-18.329321,17.796026,67.632690,-9.275821,-3.102371,-9.800104
784.000000,-621.734375,-5.274429,76.490959,1.685512,-7.209923,87.847908,0.206104,-9.272722,4.286834,24.064320,-17.326210,8.406528,-22.003103,-7.447398,-11.551183,59.408157,-21.009094,-3.130633,-6.597166,-0.349185,0.616978,-3.888919,16.918480,-27.143248,62.741898,20.516121,14.093605,-1.239337,-1.102723,-19.197283,17.605021,68.313957,-9.140393,-1.927379,-10.450683
785.000000,-622.017700,-2.660038,76.596291,1.452852,-6.956818,88.929680,3.087723,-9.726029,3.279052,21.417957,-17.641533,8.676555,-23.673458,-6.748246,-12.617087,53.713078,-20.276850,-2.898520,-7.939410,0.059048,0.782339,-5.479125,17.121567,-27.114866,60.913433,20.181091,13.767934,-1.137614,1.009963,-19.487513,17.444685,68.401878,-9.013513,-1.125736,-10.824917
786.000000,-622.239685,-0.012029,76.545631,1.253399,-6.590457,90.136502,6.406080,-10.138483,2.113599,18.631887,-18.167139,8.995277,-25.646080,-6.072741,-14.100019,46.277580,-18.771763,-2.574899,-9.744026,0.414336,0.824971,-7.499721,17.356127,-27.058199,58.732758,19.367371,13.144441,-1.108205,3.619584,-19.459885,17.147223,68.463402,-8.841029,-0.413276,-11.143040
787.000000,-622.395508,2.675182,76.366516,1.189162,-6.352492,91.529997,9.255980,-10.400617,1.282708,17.004297,-18.865294,9.172432,-27.050354,-5.727878,-15.386247,39.397385,-16.876623,-2.218474,-11.638614,0.476875,0.897231,-9.451548,17.603701,-27.058558,56.696423,18.430889,12.417006,-1.109156,6.086370,-19.100943,16.880646,68.554985,-8.422610,-0.173879,-11.282334
788.000000,-622.497070,5.255724,76.135582,1.283425,-6.224619,92.741949,11.543315,-10.632567,0.772794,16.460606,-19.420328,9.215532,-27.819675,-5.478205,-15.759537,33.868629,-15.165037,-1.921622,-13.241338,0.259774,0.876796,-11.140244,17.720360,-27.077610,55.430244,17.384399,11.654142,-1.110252,8.175688,-18.535139,16.523504,68.794792,-7.990250,-0.159149,-11.301218
789.000000,-622.582397,7.992903,75.889603,1.370370,-6.260160,93.711967,14.026285,-10.688022,0.707829,16.917234,-19.854109,9.017854,-28.029232,-5.072263,-15.717685,28.396063,-13.257154,-1.719512,-14.698121,0.003827,0.758024,-12.815782,17.626070,-27.094225,54.452091,16.104670,10.701829,-1.106029,10.571268,-17.844646,16.300406,69.208580,-7.370160,-0.213792,-11.302760
790.000000,-622.651123,10.931711,75.664200,1.289434,-6.573357,94.469453,15.986708,-10.298223,1.157942,18.854477,-19.873978,8.516218,-27.253880,-4.489929,-15.515697,24.773590,-11.401351,-1.859261,-15.456225,-0.039903,0.693802,-13.820642,17.243687,-27.073328,53.924576,15.326966,9.840430,-1.042919,12.641264,-17.229420,16.285553,69.799171,-6.405971,-0.275438,-11.304228
791.000000,-622.700745,13.932517,75.480644,1.024159,-6.877572,95.241344,16.945290,-9.494511,1.880352,22.816776,-19.276211,7.909490,-25.972685,-3.802422,-14.946029,22.657667,-9.777927,-2.299512,-15.913290,0.162571,0.430748,-14.209624,16.629185,-27.039785,53.618237,15.027924,9.062037,-0.969492,14.577406,-16.682411,16.340014,70.355133,-5.428326,-0.276585,-11.301881
792.000000,-622.745056,16.942490,75.333794,0.582443,-7.239732,95.873037,17.103125,-8.574532,2.640390,26.955299,-17.988506,7.420149,-24.598244,-3.176247,-14.421911,21.814943,-8.613111,-2.912687,-15.993694,0.510439,0.234705,-14.204189,16.027246,-27.016987,53.593040,15.017601,8.523917,-0.919919,15.870406,-16.371000,16.478373,70.725029,-4.805406,-0.245186,-11.300145
793.000000,-622.790405,20.082851,75.177727,-0.161561,-7.493562,96.362975,16.633415,-7.027970,3.830155,32.838142,-14.865402,7.108593,-22.657986,-2.205872,-13.903592,21.451141,-7.317952,-3.787009,-15.823393,1.240239,-0.039781,-13.847775,15.270763,-27.000349,53.779793,15.031758,7.954550,-0.835747,17.130316,-16.135094,16.753939,71.064598,-3.967177,-0.133296,-11.317777
794.000000,-622.862671,23.226635,75.013718,-1.433753,-7.776743,96.468326,15.366363,-4.309426,5.276819,40.567276,-8.572791,6.119097,-20.456102,-0.344000,-13.844830,22.547014,-3.821415,-6.140289,-15.257660,2.898680,-0.048665,-13.074823,14.413662,-26.999876,54.183685,15.081366,7.427679,-0.610749,17.993132,-16.150957,17.224449,71.252441,-2.907743,0.037000,-11.401824
795.000000,-622.927002,26.244385,74.793488,-2.929917,-8.059165,96.503054,13.525299,-1.385441,5.765810,47.623882,0.530495,2.649307,-18.703098,1.488049,-14.407784,24.648098,-2.009441,-6.785676,-14.637984,4.780574,0.379048,-12.250095,13.876801,-27.006374,54.817863,15.143637,7.014311,-0.239821,17.964672,-16.361786,17.826706,71.275505,-2.205420,0.083677,-11.518725
796.000000,-622.925842,29.026094,74.503799,-4.120726,-8.234105,96.812305,10.589410,1.087247,5.263443,55.250057,3.665644,0.257118,-17.270205,2.780638,-15.159824,27.149134,-1.878012,-6.857010,-14.090467,6.070007,0.852481,-11.601143,13.765672,-27.105770,55.760651,15.206703,6.686892,0.207629,17.323137,-16.430172,18.343197,71.289764,-1.950782,0.064648,-11.635188
797.000000,-622.904846,31.698631,74.318275,-5.339540,-8.585037,96.972418,7.909707,3.024461,4.849835,61.127171,2.772900,-0.518226,-16.190914,3.842922,-15.572389,29.462057,-4.634234,-6.873124,-13.575890,6.876758,1.413758,-11.170751,13.831708,-27.272696,56.862751,15.259900,6.508153,0.702757,16.347548,-16.491325,18.784418,71.402779,-2.061109,0.056493,-11.688748
798.000000,-622.842957,34.270954,74.339790,-6.046745,-8.789048,96.927730,4.211394,4.854627,4.176564,67.169098,0.541951,-0.860223,-14.490555,5.060785,-15.749700,31.220537,-8.340963,-6.886718,-12.865581,7.368078,1.767143,-10.387610,14.195566,-27.668812,58.581619,15.297519,6.353672,1.350062,14.793968,-16.547140,19.487865,71.754456,-2.425369,0.045079,-11.700664
799.000000,-622.744202,36.850475,74.551407,-6.121568,-8.902102,96.620122,-0.632563,6.135907,3.640475,72.705223,-3.261542,-0.852366,-12.029489,6.095875,-15.338493,31.956610,-11.810922,-6.880934,-11.696933,7.013485,1.637713,-9.067321,15.048265,-28.031740,61.014172,15.418015,6.190020,2.129964,12.783718,-16.542646,20.373585,72.206833,-3.055670,0.026359,-11.699916
800.000000,-622.647217,39.341698,74.897652,-5.786928,-9.051066,96.030852,-5.084671,6.892902,3.674569,75.753914,-7.373691,-0.619194,-9.243582,6.735741,-14.382530,31.352499,-14.005836,-6.788547,-10.273541,6.031125,1.321156,-7.597215,16.143133,-28.138248,63.553539,15.844201,6.142431,2.913036,10.885354,-16.533670,20.936201,72.526260,-4.056926,-0.011969,-11.701710
801.000000,-622.591614,41.834179,75.338699,-5.393545,-9.112844,95.445973,-9.427808,7.754917,3.830839,76.584259,-11.615355,-0.161108,-5.967418,7.303503,-13.231510,29.467402,-15.313705,-6.585859,-8.903215,4.989765,0.985541,-5.767571,17.296389,-28.195358,66.060150,16.792046,6.429227,3.874836,8.910949,-16.549622,21.202406,72.864189,-5.546252,-0.055688,-11.755548
802.000000,-622.615845,44.342533,75.811142,-4.832478,-9.190792,94.713656,-13.444031,8.527334,4.074552,75.191261,-14.757511,0.291515,-2.392047,7.623672,-11.884570,26.840412,-16.092054,-6.306490,-7.530312,3.956595,0.834983,-3.636743,18.237013,-28.235273,68.117043,17.615294,7.235010,4.819816,6.940269,-16.629164,21.243179,72.927742,-7.223202,-0.065823,-11.905569
803.000000,-622.759888,46.815586,76.232948,-4.227619,-9.108345,93.660782,-16.008499,9.115450,4.438522,73.185852,-16.282982,0.552525,0.008720,7.739312,-10.768038,24.845537,-16.411226,-6.080926,-6.381299,3.394455,0.775833,-2.023088,18.596567,-28.184475,69.094269,17.888203,8.044106,5.340537,5.619805,-16.776577,21.245262,72.811852,-8.349433,-0.071480,-12.055737
804.000000,-623.025085,49.186836,76.548820,-3.611928,-8.971634,92.463782,-19.734497,10.044223,5.137059,68.606018,-18.037758,0.828160,3.664073,7.726244,-8.853703,21.611736,-16.782854,-5.736484,-4.329117,2.792075,0.827019,0.681902,18.676138,-27.925331,69.803886,17.819580,9.478994,5.840665,3.559001,-17.166084,21.246569,72.292709,-9.819843,-0.061770,-12.375951
805.000000,-623.389587,51.489002,76.744942,-3.100512,-8.767087,91.059201,-22.672153,10.901243,5.835946,62.847229,-18.809942,0.973456,6.840174,7.500259,-6.957465,18.809282,-17.103645,-5.283879,-2.081988,2.561767,1.051613,3.132214,18.158216,-27.415276,69.887413,17.322647,10.609130,5.961732,1.756379,-17.692219,21.248816,71.184059,-10.523877,-0.049555,-12.710233
806.000000,-623.816101,53.800415,76.809021,-2.781543,-8.422149,89.729160,-25.196344,11.904379,6.425370,56.069462,-18.450855,1.035438,9.651174,7.181155,-5.520999,16.288960,-17.431835,-4.706197,0.114693,2.610813,1.235437,5.441394,17.270342,-26.758718,69.883377,16.651564,11.289826,5.886263,-0.048417,-18.158978,21.282778,69.657051,-10.629860,-0.065523,-12.991183
807.000000,-624.270569,56.116707,76.761986,-2.768557,-8.174764,88.825837,-27.117800,12.698244,6.505134,48.383503,-16.941631,1.004554,12.324502,6.916189,-4.716720,14.249145,-17.633381,-4.172229,1.729742,2.855744,1.518412,7.502410,16.278952,-26.198425,69.883728,15.871842,11.737975,5.489156,-1.886460,-18.428358,21.403669,67.912369,-10.346389,-0.262472,-13.219573
808.000000,-624.742249,58.453793,76.632401,-2.838245,-7.912351,88.320647,-28.406126,13.018386,6.324805,41.268959,-15.222813,0.747605,14.480270,6.625031,-4.360909,13.083273,-17.860434,-3.568700,2.747404,3.069260,1.592111,9.174391,15.420398,-25.900688,69.910202,14.970389,12.046661,4.932697,-3.480718,-18.434647,21.517673,66.460228,-9.987922,-0.656641,-13.294172
809.000000,-625.246155,60.863541,76.449379,-2.903962,-7.687874,87.853051,-29.145679,13.147731,6.314441,34.944538,-13.675257,0.240678,16.272882,6.251188,-4.027453,12.587051,-18.135345,-2.946097,3.606828,3.184867,1.529575,10.533735,14.687464,-25.765936,69.970078,14.142943,12.285725,4.335632,-4.846723,-18.280228,21.580257,65.267365,-9.633605,-1.098403,-13.296806
810.000000,-625.801575,63.425274,76.222923,-2.921527,-7.560889,87.473693,-29.453516,13.047927,6.203829,28.280922,-12.036592,-0.509873,18.361084,5.658938,-3.732093,12.418125,-18.363935,-2.114449,4.606544,3.242771,1.296332,11.937556,13.927240,-25.583393,70.049423,13.230148,12.433703,3.591678,-6.252167,-17.972824,21.592304,64.060692,-9.213330,-1.683134,-13.259283
811.000000,-626.398010,66.049904,75.978874,-2.791946,-7.544276,87.099334,-29.233730,12.640830,6.078120,22.986174,-10.633696,-1.213238,20.418945,4.762719,-3.783254,12.658587,-18.439365,-1.155336,5.500045,3.128456,0.944661,13.155731,13.293225,-25.395882,70.219002,12.412748,12.458923,2.929592,-7.383406,-17.590139,21.506121,63.193943,-9.002389,-2.321209,-13.199666
812.000000,-627.069397,68.788559,75.740181,-2.559743,-7.679130,86.625141,-28.437363,12.224891,6.555840,19.316347,-9.269003,-1.694401,22.241119,3.537822,-3.935887,13.789599,-18.234644,-0.025327,6.295828,2.909310,0.638443,14.228519,12.708880,-25.372183,70.449448,11.881555,12.508456,2.372512,-8.271831,-17.167227,21.214455,62.482738,-8.988691,-2.875510,-13.121585
813.000000,-627.797729,71.563156,75.531456,-2.223748,-7.965753,86.333837,-27.260983,11.724602,7.442141,17.439360,-7.828258,-1.737082,23.669497,2.166252,-4.364230,15.663532,-17.489067,1.143806,6.705043,2.666355,0.501672,15.086115,12.205385,-25.370319,70.584122,11.454061,12.596306,1.925095,-8.800841,-16.774685,20.706770,61.904972,-9.038822,-3.360129,-13.070368
814.000000,-628.592102,74.441879,75.353226,-1.799465,-8.242927,86.226025,-25.517662,10.732099,8.635597,16.566097,-5.804084,-1.406487,24.841841,0.198443,-5.125699,19.092213,-15.691806,2.595201,6.793871,2.168686,0.282818,15.959064,11.651594,-25.366608,70.799309,11.184908,12.709200,1.462911,-9.003054,-16.270420,19.803871,61.473938,-9.204656,-3.928417,-13.030447
815.000000,-629.445862,77.388863,75.213005,-1.163333,-8.410384,86.310593,-23.818239,9.287678,9.709927,17.087845,-3.660755,-0.609786,24.852812,-2.036253,-5.956890,24.038343,-12.583189,4.049896,6.700953,1.420605,0.006004,16.483503,11.261165,-25.363516,70.871300,11.165230,12.901576,0.998117,-8.682719,-15.893307,18.888735,61.335636,-9.458599,-4.323257,-13.060057
816.000000,-630.369934,80.429871,75.103859,-0.451449,-8.526785,86.673066,-22.411415,7.836311,10.600062,17.863365,-2.358461,0.153007,24.396324,-4.024309,-6.774467,28.327572,-8.294121,6.112206,6.475170,0.676807,-0.200520,16.694380,11.052483,-25.363398,70.876999,11.305386,13.038098,0.625906,-8.120331,-15.683104,18.182940,61.332897,-9.710163,-4.489635,-13.118734
817.000000,-631.332886,83.497673,74.998512,0.151899,-8.552679,87.195377,-20.558414,5.772727,11.334430,19.373146,-1.193197,1.750324,23.241833,-6.543517,-7.623085,34.101517,0.392806,8.076511,6.058130,-0.182892,-0.496247,16.717278,10.820901,-25.375441,70.877228,11.768131,13.158438,0.152416,-7.038426,-15.613047,17.454651,61.436375,-9.950664,-4.571784,-13.271920
818.000000,-632.276611,86.615959,74.895180,1.414716,-8.547761,87.263196,-19.474508,3.815394,11.851610,21.653309,0.942701,3.045374,21.605021,-9.348465,-8.087021,38.793400,11.066804,6.784449,5.930697,-1.582502,-0.440196,16.276848,10.896722,-25.471363,70.868317,12.218446,13.185792,-0.134460,-6.106517,-15.505352,17.235785,61.932034,-9.906360,-4.575144,-13.507117
819.000000,-633.178406,89.463402,74.688644,2.775340,-8.411505,86.958750,-18.621078,1.519392,12.909661,25.203018,0.845375,4.000142,18.059195,-12.814077,-7.233400,45.859051,18.241188,3.042272,5.994689,-3.580429,0.076323,15.194306,11.113551,-25.771074,70.845764,12.514751,13.189110,-0.272503,-5.608990,-15.396994,17.275957,62.864346,-9.801656,-4.530059,-13.764509
820.000000,-634.068237,92.128792,74.521950,3.447410,-8.355466,87.321091,-18.096935,-0.327331,12.896967,28.646566,-1.595436,4.921131,13.443874,-14.380397,-6.473485,54.535126,13.053605,0.727136,5.216218,-4.481837,0.854256,13.548882,11.189399,-25.991631,71.031792,12.961433,13.132524,-0.302881,-5.459702,-15.567015,17.305908,63.969036,-10.131599,-4.405303,-14.018026
821.000000,-634.852478,94.627983,74.567566,3.831555,-8.307197,88.178336,-17.095251,-2.084311,12.592428,31.157415,-5.791014,5.684661,8.413706,-14.600493,-5.955612,62.352371,5.737976,-0.900678,3.882498,-5.024315,1.481511,11.567064,11.449770,-26.053555,71.369415,13.848761,13.018557,-0.310632,-5.035538,-15.776134,17.311749,65.370384,-11.010284,-4.115824,-14.156777
822.000000,-635.635376,97.232124,74.801376,3.844022,-8.121816,89.361804,-15.528397,-3.662776,11.831517,32.022083,-8.945997,6.367817,3.231146,-13.929466,-6.171551,68.015976,-1.404366,-2.091222,2.326556,-5.015704,1.543934,9.674101,11.910443,-26.066545,71.520256,14.851621,12.923878,-0.311261,-4.134699,-16.120981,17.316761,66.977135,-11.955259,-3.675820,-14.170053
823.000000,-636.398438,99.826385,75.155258,3.586663,-7.841370,90.425636,-14.169665,-4.536123,11.208366,31.935747,-10.608702,6.718173,-0.332795,-13.280991,-6.732160,70.461304,-5.862891,-2.687496,1.312181,-4.710666,1.355233,8.455794,12.312701,-26.070162,71.485771,15.508556,12.859028,-0.303016,-3.251623,-16.450306,17.317619,68.076881,-12.494652,-3.308208,-14.167207
824.000000,-637.122986,102.382996,75.558121,3.200262,-7.592896,91.308952,-11.581736,-5.591491,10.216088,31.008812,-12.641518,7.075814,-5.763653,-12.105588,-7.915852,72.206429,-11.883927,-3.360570,-0.160878,-3.963474,1.014901,6.673100,13.042048,-26.074129,71.117111,16.480999,12.815032,-0.260820,-1.702953,-16.972889,17.315773,69.755432,-13.201259,-2.599133,-14.132318
825.000000,-637.776428,104.902588,75.950188,2.820493,-7.409844,92.243094,-8.681837,-6.455841,9.122673,29.371315,-14.060886,7.329239,-10.466374,-10.972601,-9.272928,71.718216,-16.010843,-3.705131,-1.722431,-3.240597,0.744362,5.268928,13.946207,-26.152378,70.151398,17.222740,12.808159,-0.219762,-0.071395,-17.278008,17.313477,71.021996,-13.500310,-1.826429,-14.055302
826.000000,-638.376587,107.483223,76.322548,2.330515,-7.102768,93.348632,-5.684807,-7.165246,7.757770,27.273607,-15.143580,7.508598,-14.616083,-9.630732,-10.607687,68.847389,-18.633173,-3.800172,-3.538510,-2.596718,0.408623,4.140684,14.989686,-26.326239,68.651146,17.735201,12.806192,-0.178660,1.752040,-17.258160,17.311548,71.976791,-13.527432,-1.093153,-13.931017
827.000000,-638.923889,110.060738,76.618721,1.911791,-6.897548,94.650166,-2.442191,-7.822452,6.139810,24.793482,-15.965926,7.722067,-18.166754,-8.444625,-12.048805,64.094147,-19.881777,-3.721555,-5.516891,-2.141483,0.370575,2.888079,16.004852,-26.452049,66.798775,18.263346,12.824096,-0.157776,3.677853,-16.994081,17.306585,72.517723,-13.524781,-0.403717,-13.711222
828.000000,-639.433838,112.591705,76.804230,1.591528,-6.675067,96.225514,0.529983,-8.449576,4.413110,22.377922,-16.513908,7.992170,-20.775627,-7.750419,-13.526140,58.463406,-19.990128,-3.464839,-7.573359,-1.955234,0.478161,1.624414,16.750074,-26.574591,64.941147,18.717865,12.872692,-0.154543,5.342564,-16.620949,17.260248,72.831802,-13.527172,0.003433,-13.420369
829.000000,-639.938416,115.091911,76.854889,1.404409,-6.402681,97.721399,4.096543,-9.130663,2.373506,19.380192,-17.120827,8.185971,-23.420944,-7.177766,-15.203292,50.829685,-19.155998,-3.155059,-9.925111,-1.879078,0.638942,-0.068839,17.301001,-26.643480,62.687119,18.933577,12.876457,-0.157442,7.207437,-16.218256,17.061512,73.183037,-13.537856,0.232226,-12.990938
830.000000,-640.445496,117.542580,76.759560,1.322984,-6.139454,98.925228,6.535156,-9.501266,1.198238,17.461094,-17.608747,8.385651,-24.943958,-6.831839,-16.119003,45.443558,-18.007177,-2.915253,-11.265599,-1.882641,0.782101,-1.352732,17.419077,-26.647955,61.258072,18.943027,12.746048,-0.160041,8.364727,-16.053957,16.819077,73.436943,-13.550238,0.275803,-12.671595
831.000000,-640.969360,120.069298,76.527069,1.209708,-5.862068,100.229665,9.409534,-9.756253,0.153655,15.649274,-18.549757,8.709439,-26.577496,-6.326059,-16.832861,38.578110,-16.099197,-2.455147,-12.951928,-1.849677,0.870518,-3.042591,17.314501,-26.684641,59.738586,18.898233,12.315409,-0.164229,9.673593,-16.011477,16.432455,73.895897,-13.571011,0.202133,-12.347181
832.000000,-641.474426,122.629997,76.224899,1.211792,-5.669969,101.720382,11.845512,-9.929665,-0.712988,15.018322,-19.576435,8.877344,-27.600922,-5.985743,-16.796150,32.301273,-14.038568,-1.928920,-14.796286,-1.966573,0.843065,-4.662583,17.037355,-26.894205,58.788425,18.750597,11.716645,-0.181406,10.869024,-16.011053,15.956733,74.518326,-13.588202,-0.042173,-12.260362
833.000000,-641.981018,125.298798,75.920059,1.127987,-5.645044,103.332388,13.587752,-9.871631,-1.247396,15.851818,-20.486851,8.856988,-27.865877,-5.758649,-16.266455,27.597099,-12.062922,-1.483442,-16.371740,-2.063427,0.736490,-5.918472,16.649103,-27.369473,58.150364,18.630949,11.259643,-0.218904,12.060461,-16.056583,15.680840,75.168022,-13.465559,-0.407211,-12.254380
834.000000,-642.493530,128.078110,75.647888,0.988348,-5.711853,104.757718,15.261829,-9.490959,-1.440390,18.175659,-21.217680,8.640370,-27.556292,-5.408266,-15.267772,23.665342,-10.081500,-1.149991,-17.754946,-2.010347,0.362545,-6.993848,15.940612,-28.082439,57.587883,18.494478,10.774454,-0.291419,13.715716,-16.124271,15.629418,76.148575,-13.213153,-0.832664,-12.255487
835.000000,-643.025269,130.987030,75.401390,0.656108,-5.900904,105.972030,16.031061,-8.926418,-1.259828,20.934341,-21.364016,8.218415,-26.882303,-4.948915,-14.209454,21.997606,-8.839170,-1.157680,-18.290323,-1.776508,0.073732,-7.515290,15.302476,-28.538605,57.402073,18.366518,10.384950,-0.373093,14.978249,-16.126719,15.632113,76.857056,-13.039896,-1.012770,-12.256835
836.000000,-643.578979,133.970840,75.152275,0.051392,-6.134648,107.106004,16.438604,-7.772038,-0.765818,25.814178,-20.875767,7.494228,-25.745554,-4.133835,-12.750978,21.244854,-7.531438,-1.497703,-18.497097,-1.095492,-0.277565,-7.931739,14.374588,-28.978514,57.303570,18.301516,9.842296,-0.440692,16.653376,-16.121103,15.739038,77.617752,-12.763864,-1.065734,-12.257104
837.000000,-644.153442,136.962479,74.887672,-0.903720,-6.411260,108.069849,16.083353,-5.993294,0.027428,32.292068,-18.944769,6.873537,-24.250103,-3.082174,-11.701892,22.376806,-6.168046,-2.385081,-18.383749,0.096049,-0.384708,-8.075903,13.445536,-29.270996,57.299442,18.269506,9.387736,-0.462781,18.221260,-16.181831,16.118885,78.092178,-12.233130,-1.056060,-12.255912
838.000000,-644.752808,139.930939,74.635025,-2.297633,-6.814407,108.551683,15.346285,-3.727287,0.924127,38.823860,-15.364595,5.792135,-22.707228,-1.480492,-11.768573,24.421942,-3.319094,-4.223420,-17.798950,1.813480,-0.092246,-8.010911,12.690112,-29.465353,57.337379,18.219545,9.103351,-0.406063,19.292854,-16.405064,16.688454,78.105675,-11.620925,-1.037701,-12.254766
839.000000,-645.346680,142.877609,74.367058,-3.773141,-7.148104,108.768970,13.864885,-0.879646,1.549578,46.651321,-7.971748,2.790195,-20.864580,0.490240,-12.351800,27.012033,-1.264167,-4.505208,-16.939560,4.040332,0.341998,-7.726538,12.103329,-29.787231,57.558643,18.067928,8.848824,-0.178640,19.841045,-16.690166,17.559954,78.021141,-10.826623,-1.024708,-12.257129
840.000000,-645.864929,145.602524,74.088745,-4.993856,-7.496106,109.276523,11.467345,1.593833,1.736142,54.348412,-4.372665,-0.141765,-19.321568,1.606451,-13.385676,29.907867,-2.220945,-4.148443,-16.347277,5.542487,0.915874,-7.753806,11.982586,-30.246948,58.275047,17.714872,8.579841,0.228953,19.465511,-16.753784,18.431648,77.962936,-10.435898,-1.073152,-12.237508
841.000000,-646.338196,148.031601,73.995590,-6.233780,-7.716814,110.045483,8.975754,3.552807,1.613180,60.182827,-4.311089,-1.211069,-18.115166,2.446654,-14.281445,32.042133,-5.549955,-4.080191,-16.072744,6.589210,1.428369,-7.848812,11.962994,-30.614801,59.199322,17.366686,8.416322,0.644718,18.583672,-16.763422,19.119488,78.048592,-10.355540,-1.143834,-12.201546
842.000000,-646.782532,150.410751,74.090416,-7.038354,-7.759653,110.942882,4.902198,5.640287,1.142868,66.859039,-5.422652,-1.759962,-16.076141,3.236397,-15.362592,33.420815,-9.323391,-4.009053,-15.656311,7.357223,1.733313,-7.869725,12.103796,-31.117739,60.679459,16.930317,8.286120,1.106460,17.051716,-16.660994,20.108507,78.198845,-10.281804,-1.273312,-12.086801
843.000000,-647.194031,152.717270,74.341591,-7.337926,-7.683719,111.549732,0.817278,7.201938,1.120322,71.516182,-7.285767,-1.684833,-13.974500,3.747585,-15.879979,33.460781,-11.721661,-3.912921,-14.880063,7.399529,1.655804,-7.731456,12.487195,-31.371378,62.329941,16.848879,8.010674,1.511898,15.434550,-16.507666,20.569878,78.211838,-10.430851,-1.414670,-11.875212
844.000000,-647.588989,154.933441,74.694107,-7.221345,-7.672604,111.775457,-3.964479,8.905848,1.596442,75.239212,-9.872953,-1.410285,-11.205430,4.209052,-15.884366,32.643616,-13.805042,-3.754349,-13.569529,6.832360,1.509698,-7.319735,13.402598,-31.470354,64.409401,16.904823,7.703873,2.023819,13.109813,-16.382416,20.769602,78.191078,-10.901863,-1.631658,-11.673259
845.000000,-648.017212,157.084442,75.110336,-7.044293,-7.633560,111.782962,-8.284735,10.558417,1.904567,76.654449,-12.589471,-1.009095,-8.346642,4.722093,-15.600768,30.823376,-14.905828,-3.520023,-12.081649,6.232838,1.393072,-6.720668,14.518123,-31.531799,66.352455,17.383507,7.615335,2.566383,10.677299,-16.451643,20.944254,78.188019,-11.799750,-1.845398,-11.628104
846.000000,-648.491516,159.122742,75.535721,-6.782422,-7.488004,111.784152,-12.488968,12.036196,1.941720,76.238167,-15.240426,-0.619423,-5.413645,5.090699,-15.280616,28.407341,-15.527719,-3.178303,-10.590845,5.651417,1.269180,-5.765596,15.717427,-31.563864,67.921387,17.868330,7.881218,3.178857,8.092319,-16.695154,21.035913,78.187103,-12.883451,-2.059370,-11.627921
847.000000,-649.062317,161.142838,75.954330,-6.424219,-7.355330,111.809231,-15.507254,13.033289,1.968162,74.768143,-16.950132,-0.367192,-3.089218,5.208254,-15.081385,26.325184,-15.779023,-2.800884,-9.501246,5.235763,1.292302,-4.815626,16.555456,-31.568422,68.715179,17.985800,8.411397,3.600046,5.992643,-16.997950,21.057074,78.177849,-13.697536,-2.214418,-11.646330
848.000000,-649.734802,163.077728,76.322739,-5.968867,-7.242822,111.616852,-18.778036,14.064636,2.119468,71.865791,-18.495911,-0.119012,-0.366726,5.153618,-14.860320,23.873240,-15.901624,-2.256933,-7.993208,4.832495,1.401880,-3.441495,17.321209,-31.571585,69.114555,17.873146,9.301348,3.939678,3.437746,-17.522467,21.115782,78.046913,-14.598374,-2.341052,-11.701424
849.000000,-650.508911,164.938309,76.642731,-5.499572,-7.225689,111.041233,-21.917620,15.163668,2.483866,66.904716,-19.664642,0.109379,2.741750,4.869363,-14.776095,21.184273,-15.798911,-1.561324,-5.721026,4.541961,1.660027,-1.616868,17.765451,-31.471458,69.185127,17.435793,10.369516,4.152582,0.494404,-18.349880,21.215536,77.378036,-15.624949,-2.372788,-11.773333
850.000000,-651.343018,166.722244,76.905350,-5.261403,-7.184047,110.421427,-24.109587,16.236340,2.858623,61.119991,-19.861261,0.213496,5.499978,4.623632,-14.911588,18.804649,-15.324383,-0.933058,-3.421276,4.588187,1.874059,0.268912,17.653297,-31.100264,69.184143,16.909502,11.136982,4.170933,-2.028434,-19.159185,21.223381,76.145653,-16.097261,-2.383173,-11.873422
851.000000,-652.226135,168.551376,77.133888,-5.075373,-7.080077,110.047087,-25.736998,17.018744,2.945909,54.020332,-18.780357,0.225219,8.120413,4.373650,-15.402813,16.633007,-14.561445,-0.314746,-1.503703,4.670570,1.941639,2.353619,17.353928,-30.479362,69.091675,16.139673,11.765048,3.979131,-4.443173,-19.654419,21.226316,74.826813,-16.139233,-2.619541,-12.000569
852.000000,-653.134949,170.383636,77.296440,-4.932116,-6.985015,109.877518,-26.870472,17.464413,3.002395,46.497498,-17.127495,0.133107,10.645433,4.114183,-15.640647,14.763828,-13.764710,0.367010,0.057516,4.600932,1.914515,4.508215,17.124237,-30.082624,68.785683,15.122325,12.391231,3.490094,-6.855808,-19.770441,21.285639,73.763680,-15.748714,-3.152624,-12.067438
853.000000,-654.111389,172.288315,77.386841,-4.667551,-6.916678,109.728657,-27.408081,17.614979,3.300177,39.776447,-15.444543,-0.164129,12.827373,3.702787,-15.715062,13.455419,-13.246504,1.113253,1.479182,4.328734,1.808341,6.280998,16.967587,-29.769510,68.557304,13.949977,12.888056,2.898252,-8.814447,-19.661345,21.387753,72.902435,-15.118188,-3.758833,-12.085624
854.000000,-655.171997,174.241821,77.396591,-4.323185,-6.939113,109.793311,-27.564287,17.288914,3.697934,32.284195,-13.441716,-0.737008,15.463801,2.972944,-15.873813,12.278332,-12.812257,2.110553,2.976526,3.831450,1.688942,8.130110,16.775040,-29.424002,68.504967,12.451389,13.490871,2.119910,-10.943625,-19.389177,21.453203,72.020248,-14.534479,-4.577761,-12.091222
855.000000,-656.304626,176.178146,77.327896,-3.996546,-6.962430,110.076688,-27.462143,16.820007,4.173675,27.695961,-12.129764,-1.031250,17.161026,2.331372,-16.120689,11.935332,-12.600598,2.892042,3.775301,3.479437,1.575770,9.259321,16.623850,-29.272776,68.501816,11.651045,13.988239,1.552504,-12.260265,-19.157846,21.353157,71.468010,-14.217814,-5.173646,-12.094456
856.000000,-657.561462,178.164429,77.191223,-3.602056,-7.102155,110.449835,-27.166311,15.986320,5.166338,22.982567,-10.479816,-1.247687,19.156675,1.293143,-16.603218,12.236984,-12.415802,4.042744,4.765255,3.014369,1.500383,10.421865,16.366808,-28.968763,68.503853,11.046288,14.719868,0.874382,-13.698065,-18.863174,20.910692,70.752625,-13.805215,-5.929941,-12.101484
857.000000,-658.923889,180.147247,77.026718,-3.140934,-7.343772,110.896841,-26.485041,14.724533,6.551529,19.859026,-8.519994,-1.326819,20.911783,-0.096571,-16.918352,13.530590,-12.176255,5.361074,5.761436,2.498646,1.558093,11.272800,16.031700,-28.726234,68.517616,10.689251,15.452585,0.315775,-14.805518,-18.566099,20.146456,70.079544,-13.575109,-6.621040,-12.134376
858.000000,-660.410645,182.165405,76.855782,-2.714463,-7.636933,111.608918,-25.595316,13.205597,7.849751,18.004663,-6.428552,-1.089929,22.197218,-1.468881,-17.169195,15.527246,-11.465668,6.588686,6.343483,2.111665,1.592436,11.881062,15.703555,-28.710081,68.518005,10.283834,16.066416,-0.131094,-15.445155,-18.269485,19.442539,69.469467,-13.626422,-7.158812,-12.228900
859.000000,-662.022827,184.239990,76.697937,-2.365053,-7.980429,112.578289,-24.145157,11.068476,9.696939,16.675356,-3.518680,-0.380567,23.375225,-3.251570,-17.456009,18.948961,-9.566579,8.054750,6.666046,1.680704,1.564745,12.473346,15.275733,-28.738344,68.517982,9.888956,16.811199,-0.616758,-15.761992,-17.807896,18.622478,68.905128,-13.867569,-7.758930,-12.393302
860.000000,-663.742065,186.374146,76.558022,-1.999341,-8.261793,113.944834,-22.583096,8.778055,11.715496,16.011707,-0.655973,0.788132,23.887566,-4.971898,-17.537470,23.135441,-6.143276,9.379617,6.535366,1.211489,1.406550,12.836450,14.913538,-28.784916,68.490318,9.791373,17.516245,-1.001350,-15.602281,-17.221958,17.848604,68.682289,-14.102530,-8.269531,-12.602675
861.000000,-665.596558,188.628525,76.413223,-1.743312,-8.446826,115.648235,-21.005264,6.447029,14.007661,15.827798,1.418642,2.257028,23.945559,-6.474471,-17.140190,27.506838,-0.246458,11.179658,6.132205,0.681782,1.088305,12.993064,14.685081,-28.792555,68.325249,9.912975,18.228531,-1.376017,-14.979207,-16.573511,17.182646,68.666145,-14.374529,-8.716430,-12.892457
862.000000,-667.442932,190.867081,76.221748,-1.584510,-8.561144,117.246666,-19.423058,4.234540,15.495255,16.401608,2.130855,3.871175,23.588028,-7.724448,-16.530561,31.690702,7.883547,11.742312,5.772937,0.117864,0.719855,12.919433,14.621358,-28.795086,68.103798,10.117967,18.830673,-1.624705,-14.110886,-15.915359,16.975531,68.891563,-14.620069,-9.117722,-13.207848
863.000000,-669.336548,193.154404,75.866158,-1.282098,-8.407759,118.420261,-18.592428,2.772806,15.800489,17.702202,1.536321,5.095233,22.874079,-8.589757,-16.085577,34.522259,14.046425,10.006332,5.690274,-0.360574,0.323278,12.736004,14.631712,-28.795303,67.999153,10.311340,19.215767,-1.706362,-13.515722,-15.452685,17.073818,69.304962,-14.696473,-9.405333,-13.430941
864.000000,-671.152283,195.318192,75.187469,-0.676614,-7.960891,119.159078,-17.993940,0.266474,15.299724,21.082245,-0.261112,7.952642,20.725615,-10.533521,-15.014495,39.785103,21.101048,5.334073,5.824876,-1.439215,-0.193635,12.095521,14.759606,-28.795034,67.739464,10.763254,19.775661,-1.770730,-13.070208,-14.814104,17.701979,70.195320,-14.701558,-9.797711,-13.821379
865.000000,-672.677979,197.246521,74.365982,0.595215,-7.851655,120.597160,-18.986151,-2.223513,14.358538,26.278112,0.080053,9.936233,18.001856,-12.697206,-13.690275,47.038250,18.525425,2.169382,5.254743,-3.316156,0.526559,10.293455,15.224305,-28.790171,67.685982,11.439015,20.100813,-1.772274,-13.322296,-14.151666,18.457005,71.140907,-14.690358,-10.053179,-14.266352
866.000000,-674.078674,199.129303,73.730873,2.225125,-7.779014,123.098051,-19.857309,-5.554989,13.383285,31.461109,-4.342600,10.886925,14.405248,-13.954391,-11.227462,56.055248,11.848321,0.070271,3.928101,-5.924747,1.822533,7.425725,15.901887,-28.748371,68.148392,12.525375,20.166807,-1.556077,-13.526550,-13.326004,18.853790,72.439537,-14.700163,-10.135096,-14.635585
867.000000,-675.417358,200.832367,73.470123,2.987600,-7.328779,125.880669,-20.008884,-8.595650,11.618208,34.079136,-7.705845,11.722288,9.813328,-13.337690,-9.148697,64.195503,4.702569,-1.445940,2.409247,-7.385212,2.131262,4.380095,16.232698,-28.696201,68.854462,13.918481,20.066483,-1.045396,-13.055794,-12.890252,19.505836,74.173065,-14.865349,-10.033048,-14.751155
868.000000,-676.910950,202.547867,73.539948,3.088778,-6.719131,128.665925,-19.647261,-10.213825,10.150347,34.805840,-9.293567,12.227432,6.391624,-12.393039,-8.262932,68.598053,0.398630,-2.210719,1.473832,-7.571444,1.879628,2.532332,16.222748,-28.631874,69.074593,15.050200,19.945415,-0.632541,-12.450281,-12.855421,19.948614,75.636597,-15.316497,-9.915059,-14.722670
869.000000,-678.468750,204.183823,73.887619,2.803406,-6.262964,131.072588,-18.153967,-12.136767,7.715930,34.664631,-11.027588,12.775667,1.091180,-10.756182,-7.301210,73.318802,-5.106195,-3.124473,0.199076,-7.040016,1.219982,0.128793,16.001255,-28.454771,68.945274,16.789198,19.662357,-0.007213,-11.260210,-13.083470,20.293240,78.209892,-16.498281,-9.725293,-14.545452
870.000000,-680.076721,205.778198,74.422020,2.124514,-5.981092,133.373409,-15.803164,-13.311368,5.113622,33.442959,-12.016095,12.973433,-3.469570,-8.986146,-6.665565,75.420898,-9.027074,-3.692634,-1.024728,-5.838531,0.562140,-1.642075,15.700801,-28.321972,68.310417,18.161182,19.464008,0.453337,-9.874089,-13.581380,20.355669,80.564270,-17.574230,-9.521523,-14.332977
871.000000,-681.649414,207.329651,75.042389,1.280723,-5.995096,135.738152,-12.713088,-14.019649,2.154778,31.589104,-12.639425,13.011795,-7.387636,-7.202659,-6.340312,75.420540,-12.302723,-3.975458,-2.533552,-4.381908,0.225502,-3.092042,15.518039,-28.219810,67.011696,19.154459,19.496677,0.788104,-8.283875,-14.160781,20.351263,82.422043,-18.372194,-9.251521,-14.194515
872.000000,-683.172058,208.884460,75.696404,0.410488,-6.115737,138.376324,-9.031247,-14.539025,-1.279793,29.026247,-12.828595,13.006026,-10.664276,-5.727385,-6.423425,73.314224,-14.641425,-4.021092,-4.526719,-3.128802,0.147406,-4.356399,15.493131,-28.211592,65.059845,19.340923,19.723728,1.056118,-6.413877,-14.518855,20.320955,83.718109,-18.735764,-9.000278,-14.100363
873.000000,-684.650757,210.441132,76.307640,-0.419913,-6.144315,140.913966,-5.622711,-14.645789,-4.384507,26.401320,-12.844254,12.982800,-13.507218,-4.686762,-6.654515,70.190811,-15.862415,-4.022210,-6.258133,-2.195781,0.176322,-5.577470,15.378812,-28.208508,63.109695,19.110752,19.957323,1.223771,-4.484038,-14.609955,20.293365,84.438782,-18.989998,-8.853518,-14.043059
874.000000,-686.106201,212.013428,76.821411,-1.246004,-6.075582,143.327967,-1.794841,-14.316727,-7.837986,23.421368,-12.888591,12.762833,-16.646248,-3.681564,-7.094104,65.099068,-16.716938,-3.808499,-8.078197,-1.244715,0.337740,-7.156930,15.058842,-28.207243,60.753784,18.363312,20.114645,1.325351,-2.074228,-14.480556,20.158895,84.786743,-19.313143,-8.772892,-13.923646
875.000000,-687.461060,213.526886,77.171471,-1.968062,-5.850404,145.498171,0.503290,-13.876760,-9.947065,21.707783,-13.097460,12.711205,-18.644125,-3.093145,-7.463879,60.710667,-16.834509,-3.456465,-9.250633,-0.731834,0.461563,-8.306279,14.769161,-28.258915,59.198120,17.471703,20.127838,1.342528,-0.503866,-14.210285,20.015390,84.846222,-19.441156,-8.803699,-13.842916
876.000000,-688.806885,215.100784,77.375717,-2.543503,-5.521197,147.740180,3.047424,-13.202400,-12.365266,20.070343,-13.751730,12.837401,-20.994276,-2.515094,-8.228023,54.168266,-16.369583,-2.815092,-10.858905,-0.314812,0.625495,-9.851604,14.429452,-28.490126,57.237759,15.999048,20.117445,1.347176,1.296397,-13.667012,19.752581,84.949371,-19.624537,-9.065658,-13.802408
877.000000,-690.088867,216.634827,77.426514,-2.929880,-5.233538,149.844259,5.181340,-12.523703,-14.340553,19.125568,-14.758343,12.857145,-22.745150,-2.054703,-9.003655,47.079453,-15.317739,-2.083301,-12.672168,-0.201093,0.817408,-11.224170,14.264638,-28.977459,55.276993,14.556546,19.988272,1.346724,2.755810,-13.046695,19.239557,85.217484,-19.949734,-9.700990,-13.799712
878.000000,-691.404480,218.187241,77.353172,-3.058665,-4.938927,151.641072,6.795302,-11.999777,-15.506065,18.863977,-15.887055,12.856920,-23.776770,-1.744048,-9.509641,40.271294,-13.917538,-1.321931,-14.035642,-0.331072,0.868560,-12.389421,14.125629,-29.564800,53.873348,13.310649,19.621105,1.353205,4.056378,-12.630721,18.773222,85.522362,-20.068096,-10.571805,-13.862209
879.000000,-692.753723,219.746307,77.158638,-2.908814,-4.681016,153.035567,8.411263,-11.659359,-16.384718,19.212091,-17.390030,12.862136,-24.728710,-1.445164,-9.567631,32.966007,-12.359818,-0.354457,-15.152798,-0.757039,0.740885,-13.597914,13.913651,-30.172489,52.597137,12.148551,19.056108,1.358590,5.630196,-12.371092,18.377022,85.825027,-20.028606,-11.612382,-14.038364
880.000000,-694.205566,221.339493,76.870506,-2.671384,-4.520593,154.397344,9.618229,-11.527904,-16.982439,20.423809,-18.928778,12.858469,-25.043085,-1.149896,-8.692943,27.374014,-11.062300,0.642796,-15.950815,-1.136713,0.529946,-14.423499,13.627102,-30.704325,51.875591,11.368036,18.410173,1.397274,7.139458,-12.388835,18.289825,86.076797,-19.635363,-12.546121,-14.441719
881.000000,-695.737671,222.922546,76.508118,-2.519484,-4.349199,155.983088,10.234838,-11.422709,-17.365051,21.991186,-20.227064,12.785803,-25.154299,-1.078199,-7.663434,24.566978,-10.324654,1.399498,-16.632118,-1.236766,0.238362,-14.836700,13.361238,-31.138695,51.580235,10.737874,17.944962,1.415206,8.325926,-12.540567,18.284874,86.308701,-19.165829,-13.203732,-14.845868
882.000000,-697.345337,224.507599,76.077972,-2.547724,-4.256765,157.665655,10.697289,-11.109360,-17.583576,25.148054,-22.097164,12.483223,-25.004625,-0.980703,-5.820293,22.850035,-9.532686,2.223796,-17.532953,-1.081595,-0.101149,-15.143314,12.933386,-31.613699,51.401649,10.014441,17.438540,1.430380,9.972093,-12.837937,18.318087,86.631241,-18.585316,-13.948133,-15.442526
883.000000,-699.070862,226.147369,75.534607,-2.814476,-4.236430,159.108325,10.713598,-10.455792,-16.857559,29.033405,-23.855360,11.886200,-24.732159,-0.760064,-4.304695,23.452984,-9.017802,2.618521,-17.923235,-0.585029,-0.437294,-15.102010,12.514587,-32.022572,51.361584,9.514817,17.068871,1.484072,11.596555,-13.147247,18.414274,86.955879,-18.232906,-14.483083,-15.997593
884.000000,-700.735718,227.700668,74.898621,-3.522634,-4.288086,160.080840,10.104028,-8.926192,-14.905053,35.187389,-25.894020,10.466057,-24.540058,-0.095064,-4.251035,26.545683,-8.289955,2.009229,-17.886646,0.614073,-0.687852,-14.737541,12.085563,-32.348907,51.515041,9.088287,16.699772,1.626093,13.394273,-13.539723,18.570063,87.377808,-17.913036,-14.892719,-16.516117
885.000000,-702.420288,229.259537,74.226173,-5.021448,-4.685615,161.298998,8.566581,-6.406237,-12.601304,43.178181,-26.806314,8.059873,-24.261429,1.108765,-6.399567,30.637707,-7.568186,0.930257,-17.877403,2.499928,-0.056947,-14.469639,11.716467,-32.376400,52.077267,8.932305,16.417471,1.829445,14.405084,-13.851169,18.868975,87.720543,-17.403011,-14.974378,-16.815809
886.000000,-704.025391,230.735596,73.649681,-6.310547,-5.008366,162.458008,6.353644,-4.134018,-11.052268,51.704536,-24.126570,3.959312,-23.708838,2.177177,-8.438776,34.248867,-8.552920,0.260022,-17.781233,4.158537,0.397369,-14.033127,11.512256,-32.572945,52.916096,8.731233,16.224134,2.058124,15.030686,-13.998939,19.476446,88.149940,-16.639091,-14.980474,-16.935816
887.000000,-705.564453,232.108810,73.198471,-7.027966,-5.204681,163.402483,4.260699,-2.884601,-10.269739,58.165268,-21.760399,0.832738,-23.149359,2.696461,-9.671379,36.508408,-9.390570,0.008177,-17.468304,5.056097,0.402201,-13.494720,11.514927,-33.003300,53.671024,8.365837,16.112179,2.321499,15.310811,-14.062378,20.196672,88.477463,-16.019066,-14.964115,-16.944639
888.000000,-707.062073,233.361130,72.917923,-7.613441,-5.614156,164.180150,1.690033,-1.734609,-9.355037,64.886093,-19.583241,-1.975725,-22.128656,3.206735,-10.808874,38.789680,-11.466861,-0.195721,-16.830719,5.882154,0.471312,-12.777563,11.629442,-33.760353,54.797474,7.687752,15.898548,2.683373,15.274163,-14.190046,21.154228,88.769028,-15.283072,-14.899630,-16.903189
889.000000,-708.559265,234.548401,72.834488,-8.162908,-6.069860,164.992260,-1.539698,-0.384620,-8.555616,71.930107,-17.454803,-3.876385,-20.212278,3.967733,-11.969557,40.466969,-14.701716,-0.510471,-15.922389,6.783885,0.640343,-11.813864,11.804424,-34.573147,56.857151,7.100588,15.394450,3.063596,14.763923,-14.372313,22.094721,89.068398,-14.440262,-14.721604,-16.745394
890.000000,-710.022827,235.704376,72.922005,-8.684470,-6.536738,166.077807,-4.801358,1.041493,-8.296859,76.976364,-16.066790,-4.295979,-17.769274,4.633677,-13.142339,40.583004,-16.940964,-0.866401,-15.144291,7.400841,0.760921,-10.886706,12.208551,-35.113621,59.537186,6.604158,14.701790,3.309941,13.962838,-14.479463,22.568714,89.106216,-14.156918,-14.380710,-16.564413
891.000000,-711.425842,236.838394,73.113129,-8.830511,-7.023007,166.796387,-8.079520,2.630451,-7.858363,80.172546,-15.585280,-4.089187,-15.152205,5.220252,-13.875427,40.032543,-18.562597,-1.215198,-14.038449,7.491219,0.816639,-9.845074,13.136223,-35.515545,62.329788,6.348019,14.284457,3.468109,12.816488,-14.480668,22.825365,88.999580,-14.136500,-14.007186,-16.329470
892.000000,-712.776978,237.906601,73.364067,-8.745995,-7.569410,167.214811,-11.310492,4.470985,-7.231699,81.831886,-15.812450,-3.598228,-12.415575,5.782713,-14.127691,39.045795,-19.762058,-1.484460,-12.709624,7.246900,0.997682,-8.573185,14.545780,-35.830212,64.868401,6.484614,14.231505,3.667918,11.236053,-14.514167,22.869534,88.736984,-14.171041,-13.674708,-16.136866
893.000000,-714.122925,238.904312,73.663330,-8.338451,-8.037677,167.476398,-14.237469,6.046023,-6.745885,82.081703,-16.342617,-2.880628,-9.968833,5.998930,-14.150137,37.979053,-20.658245,-1.545406,-11.405933,6.779876,1.121476,-7.194269,15.953738,-35.986496,66.940544,6.785226,14.508383,3.843354,9.554646,-14.612395,22.868984,88.360916,-14.401800,-13.377905,-16.030785
894.000000,-715.456055,239.778992,74.005074,-7.720329,-8.527388,167.590870,-16.738144,7.434833,-6.247611,81.378761,-17.165627,-2.146294,-7.652000,5.971099,-14.022688,36.847019,-21.333546,-1.486996,-10.110765,6.225166,1.332635,-5.732143,17.174639,-36.009186,68.410950,6.971146,15.050080,4.019379,7.818546,-14.782871,22.741234,87.886635,-14.971195,-13.093279,-15.944124
895.000000,-716.830566,240.524475,74.386978,-6.796891,-8.796480,167.437325,-19.564333,8.895514,-5.492484,79.155052,-18.440472,-1.301143,-5.101690,5.603038,-13.572596,35.457066,-22.004410,-1.015168,-8.482941,5.556664,1.483249,-3.499891,18.348068,-36.008476,69.386055,6.944477,15.912392,4.168861,5.451681,-15.211520,22.383835,87.070671,-16.111643,-12.723984,-15.821234
896.000000,-718.209045,241.108185,74.781487,-5.818390,-8.981792,167.126301,-22.132530,10.160949,-4.530929,75.464066,-19.538214,-0.600384,-2.779279,4.942801,-12.917861,34.007732,-22.518921,-0.420579,-6.796278,4.993056,1.661689,-1.021512,18.981707,-35.986446,69.770126,6.639212,16.761585,4.175879,2.706204,-15.877904,21.883663,86.013115,-17.421606,-12.348289,-15.661874
897.000000,-719.562927,241.549652,75.151779,-4.892973,-9.035258,166.558111,-24.299723,11.531624,-3.448122,70.402252,-20.054638,-0.121338,-0.575944,4.315528,-12.008153,32.337357,-22.815756,0.234681,-5.040234,4.750345,1.849264,1.665796,19.012396,-35.792988,69.790321,6.170666,17.458862,3.954804,-0.368690,-16.736927,21.257355,84.706245,-18.617350,-12.068050,-15.590082
898.000000,-721.028442,241.958969,75.522987,-4.167126,-8.821170,166.140410,-25.963923,12.768273,-2.717560,64.160782,-19.548574,0.031611,1.336049,3.869085,-11.301044,30.426989,-22.832003,0.753381,-3.466703,4.738071,1.804511,4.036578,18.694260,-35.203312,69.696404,5.845788,17.915728,3.402815,-3.038379,-17.499084,21.053505,83.071983,-19.193403,-11.885847,-15.590490
899.000000,-722.452271,242.312714,75.807365,-3.623315,-8.511319,165.928452,-27.770475,13.944118,-2.385930,56.136402,-18.426615,-0.016611,3.540484,3.430591,-10.733223,28.017284,-22.807648,1.492315,-1.866564,4.828795,1.696253,6.657079,18.207245,-34.550884,69.510651,5.197708,18.304146,2.612951,-6.254492,-18.188730,20.894138,80.859657,-19.435324,-11.841952,-15.632386
900.000000,-723.869263,242.665436,76.020164,-3.018890,-8.210338,165.676029,-28.493620,14.503284,-2.174459,49.992111,-16.878279,-0.250795,5.003971,3.046944,-10.349193,26.492430,-22.848644,1.925845,-0.814954,4.694820,1.658764,8.231446,17.983282,-34.242020,69.380005,4.348521,18.536945,1.970634,-8.532506,-18.348740,20.883293,79.455788,-19.169813,-11.944880,-15.714142
901.000000,-725.298157,243.007874,76.135101,-2.491427,-7.870761,165.613313,-29.223715,15.010238,-2.138021,41.924496,-14.680960,-0.735232,6.857137,2.532619,-9.961110,24.626909,-23.024748,2.462170,0.449975,4.399010,1.518215,10.065770,17.813543,-33.924099,69.326553,2.929602,18.872444,1.055614,-11.686565,-18.215118,20.876871,78.038010,-18.511974,-12.361085,-15.879485
902.000000,-726.807739,243.339111,76.162109,-2.018771,-7.651117,165.779037,-29.609385,15.221685,-2.096599,34.476391,-12.665894,-1.485091,8.767831,2.094344,-9.475222,23.037579,-23.295296,2.756396,1.210950,4.007860,1.469833,11.663795,17.771597,-33.860149,69.267281,1.593403,19.320309,0.201204,-14.873704,-17.801228,20.827242,77.011955,-17.897285,-12.953971,-16.046835
903.000000,-728.383484,243.627167,76.123283,-1.502212,-7.563979,166.087952,-29.529388,15.166862,-1.584403,28.546391,-11.059303,-2.389798,10.704226,1.756655,-8.262586,21.720783,-23.630056,3.034738,1.856817,3.549536,1.441127,12.832372,17.736778,-33.725250,69.242668,0.548723,19.862513,-0.479166,-17.226669,-17.441330,20.676374,75.925560,-17.333895,-13.505579,-16.245209
904.000000,-730.047668,243.858963,76.037376,-0.931684,-7.466351,166.495509,-29.289978,14.666200,-0.604245,23.216208,-9.413151,-3.326426,13.014171,1.206604,-6.566669,20.432203,-24.120033,3.650683,2.659735,2.913337,1.220126,14.018552,17.670588,-33.583832,69.212379,-0.404597,20.537794,-1.196599,-19.345594,-17.108950,20.424150,74.426712,-16.845814,-14.080328,-16.479231
905.000000,-731.809875,244.029419,75.937378,-0.142440,-7.483428,167.171776,-28.682497,13.296235,0.426870,19.765808,-7.754633,-3.848592,15.166715,0.316171,-5.093597,19.718290,-24.480833,4.137956,3.263859,2.036444,1.114950,14.806893,17.551041,-33.499813,69.161209,-0.795452,21.224075,-1.761598,-20.719860,-16.831404,19.863710,73.013107,-16.565577,-14.522017,-16.664284
906.000000,-733.628601,244.110992,75.844208,0.643252,-7.616130,168.077292,-28.052773,11.953729,1.467117,17.886055,-6.391378,-4.018258,16.736162,-0.435566,-4.119085,19.592974,-24.487276,4.416523,3.581906,1.355001,1.158786,15.186790,17.348169,-33.448975,69.152489,-0.942395,21.769686,-2.129840,-21.475607,-16.662245,19.179573,72.021835,-16.352577,-14.829516,-16.811783
907.000000,-735.500366,244.077774,75.791023,1.235632,-7.738532,169.086857,-27.104973,9.965868,2.928818,16.397682,-4.381674,-4.044496,18.539766,-1.356577,-2.790358,20.099014,-23.918144,4.909793,3.965575,0.646532,1.156566,15.483992,16.907551,-33.468166,69.110672,-0.962830,22.531939,-2.628878,-22.081053,-16.544218,18.193882,70.892891,-16.045546,-15.105727,-17.073792
908.000000,-737.515442,243.918030,75.804451,1.611754,-7.913593,170.246714,-26.031404,8.103623,4.306606,15.817524,-2.453521,-3.839946,19.608786,-2.074031,-2.105695,21.757933,-22.529316,5.378908,4.307083,0.355810,1.141195,15.542733,16.403355,-33.552200,68.904327,-0.866521,23.185392,-3.115880,-22.179729,-16.587185,17.338745,70.027031,-15.804070,-15.199071,-17.405226
909.000000,-739.627991,243.647339,75.905548,1.993427,-8.046731,171.424564,-24.307110,5.610631,6.035270,15.343131,-0.105819,-3.204722,19.972231,-3.073440,-2.146012,25.466280,-19.523651,5.527081,4.580929,0.159343,1.037761,15.573336,15.757092,-33.770870,68.332779,-0.514970,23.909151,-3.654598,-21.931257,-16.608904,16.408802,69.397530,-15.620548,-15.201478,-17.823908
910.000000,-741.748169,243.301941,76.079651,2.441240,-8.243515,172.724446,-22.243536,2.868405,7.614697,14.893092,2.074129,-1.926994,19.589106,-4.271860,-2.747462,30.047722,-14.723855,4.792290,4.655664,-0.122765,0.916071,15.589580,15.254930,-33.942448,67.393005,0.157449,24.567051,-4.201934,-21.254522,-16.593409,15.849646,69.230797,-15.581630,-15.204955,-18.242432
911.000000,-744.068054,242.866852,76.333443,2.756248,-8.335848,174.372250,-19.920185,0.161248,9.728539,14.189453,3.897703,-0.389967,18.852049,-5.464563,-3.755972,34.642250,-7.753185,5.615165,4.480197,-0.299173,0.557535,15.542993,14.894444,-34.101372,66.305237,1.120659,25.093077,-4.744854,-19.874678,-16.591717,15.350676,69.323975,-15.626616,-15.215022,-18.664183
912.000000,-746.583191,242.351837,76.636444,2.993071,-8.477870,176.334118,-17.849751,-1.959069,11.186280,13.271735,4.970786,0.966955,18.216835,-6.265101,-4.561071,37.618496,-0.223368,5.701257,4.280900,-0.406801,0.308747,15.376656,14.746902,-34.238358,65.459236,1.970280,25.395214,-5.080953,-18.517899,-16.594418,14.985970,69.669601,-15.644109,-15.223468,-18.997112
913.000000,-749.134094,241.822525,76.870453,3.252404,-8.518212,178.363098,-15.223924,-4.554739,12.863443,12.244318,5.754539,2.746133,17.255125,-7.147877,-5.187242,40.219109,12.455258,7.041324,4.077247,-0.636520,0.052639,14.943429,14.754619,-34.306458,64.455315,3.194122,25.672577,-5.364199,-16.756735,-16.609852,14.760752,70.547508,-15.639039,-15.226017,-19.425810
914.000000,-751.625366,241.330078,76.807526,3.706304,-8.135177,179.901295,-12.613896,-7.479734,14.668310,12.123934,5.711590,4.840032,15.212751,-8.302648,-4.978478,42.856003,26.413343,6.270064,4.218103,-1.307156,-0.164491,13.907353,15.162278,-34.103329,63.272751,4.827726,25.896755,-5.543963,-15.109272,-16.579979,15.022252,72.229004,-15.649922,-15.230687,-19.840347
915.000000,-753.856934,240.885071,76.331558,3.659254,-7.687724,-178.865528,-10.821811,-9.104328,15.181396,14.165528,4.940395,6.763867,11.797522,-8.937833,-4.166668,47.657040,24.924500,3.984162,4.103299,-1.539108,0.181711,12.380588,15.632296,-33.418301,62.365074,6.444258,25.939116,-5.536576,-14.778413,-16.541941,15.776279,74.349289,-15.822199,-15.288119,-20.007343
916.000000,-755.897827,240.528778,75.482956,3.340088,-7.101650,-177.008179,-9.921642,-10.090914,14.050112,17.306232,-1.327364,9.526797,6.919610,-9.152155,-3.843191,56.241272,16.596794,2.212298,2.713245,-1.486493,0.782654,10.377487,16.231842,-32.432621,61.726780,8.736116,26.021778,-5.474916,-15.131073,-16.371775,16.315123,76.854851,-16.618723,-15.488547,-20.067135
917.000000,-757.680908,240.371109,74.709618,4.424662,-7.032175,-174.295005,-10.875071,-11.949912,12.881104,21.374647,-5.848452,11.158580,3.391227,-10.606973,-3.726244,62.447998,9.614192,1.182753,0.827048,-3.055610,1.818818,8.091805,17.105312,-31.577612,61.500114,10.681683,26.133583,-5.249794,-15.310585,-15.848042,16.384954,78.869873,-17.313490,-15.542733,-20.112457
918.000000,-759.524414,240.149338,74.189171,4.950899,-7.038550,-171.942998,-11.908173,-13.684867,11.782482,26.503315,-9.636978,12.470273,-0.743634,-11.279927,-2.322388,68.158127,0.795159,0.017538,-1.155223,-4.631072,3.256665,5.102283,17.930098,-30.488577,61.300972,12.973440,26.299385,-4.712259,-15.008667,-15.329723,16.552149,81.352631,-18.005302,-15.535966,-20.091856
919.000000,-761.606079,239.747482,74.092972,4.174257,-6.464963,-169.494971,-12.387778,-14.532409,9.666347,30.460306,-13.100497,13.624361,-6.385199,-10.292755,-1.833846,72.402786,-9.098490,-1.387416,-3.526192,-4.543807,3.392030,2.017274,18.044960,-29.309795,61.143196,15.240234,26.343477,-3.989468,-13.003796,-15.231704,17.059587,84.037239,-18.449345,-15.274284,-19.883997
920.000000,-763.813171,239.253235,74.352936,2.892516,-5.639081,-167.483595,-11.816576,-14.436215,7.172087,31.911800,-15.465328,14.108735,-11.811941,-8.577254,-2.640014,73.775063,-15.573921,-2.603535,-5.563474,-3.145844,2.294307,-0.119056,17.716200,-28.661575,60.439308,16.262753,26.342402,-3.584021,-9.608461,-15.433918,17.514505,85.784164,-18.508972,-14.514126,-19.475842
921.000000,-766.052979,238.758896,74.787666,1.689707,-5.018027,-165.808835,-10.023038,-14.084682,4.630087,31.593803,-17.143660,14.131837,-16.794392,-6.982550,-3.844637,73.091476,-19.664015,-3.431623,-7.496643,-1.651834,0.993622,-1.829171,17.436323,-28.508411,59.122066,16.339380,26.325792,-3.462448,-5.439488,-15.586320,17.977108,86.578316,-18.484802,-13.301984,-18.901524
922.000000,-768.424500,238.281006,75.294891,0.758414,-4.855918,-164.092657,-6.932704,-13.905329,1.928371,29.813787,-18.104023,13.872388,-20.600567,-5.986255,-5.322089,69.693520,-21.278658,-3.640028,-9.480005,-0.705573,0.256738,-3.535844,17.300301,-28.524860,57.136166,15.921438,26.257595,-3.455961,-1.041385,-15.543828,18.119802,86.499596,-18.244284,-12.004109,-18.142006
923.000000,-770.751160,237.848572,75.740433,-0.008296,-4.993881,-162.423469,-3.536251,-13.701349,-0.562741,27.602694,-18.599665,13.473217,-23.113623,-5.161038,-6.474711,64.670929,-21.426563,-3.336768,-11.158724,-0.247184,0.139695,-5.438019,17.169043,-28.548990,55.213871,15.063128,25.952223,-3.467074,2.774219,-15.377581,18.132982,86.143448,-18.074598,-11.117081,-17.467554
924.000000,-773.053711,237.437256,76.066971,-0.625280,-5.265183,-160.905010,0.731874,-13.322578,-3.342939,24.711420,-18.975454,13.050372,-25.240341,-4.173022,-7.613750,57.170246,-20.509117,-2.677560,-12.934177,-0.029306,0.412955,-7.995942,16.901703,-28.603548,53.208641,13.941581,25.197662,-3.481251,6.815289,-15.097815,17.972023,85.684616,-18.031986,-10.440734,-16.677818
925.000000,-775.239807,237.034653,76.234741,-1.108775,-5.431909,-159.502986,3.662268,-12.977899,-5.179481,22.712872,-19.348640,12.997331,-26.272766,-3.607484,-8.392442,51.374237,-19.239916,-2.145501,-14.274910,0.008936,0.672165,-9.746088,16.627428,-28.679768,52.084377,13.353344,24.407192,-3.472203,9.137139,-14.928838,17.566948,85.523987,-18.033007,-10.272018,-16.162292
926.000000,-777.557861,236.588577,76.249954,-1.606804,-5.424720,-157.940057,7.026974,-12.417628,-7.510950,20.610472,-20.060240,12.961715,-27.282423,-2.964241,-9.209636,43.803917,-17.159384,-1.308401,-16.329807,0.068841,0.861726,-11.855443,16.190502,-28.846523,51.019726,12.831292,23.284306,-3.437156,11.602010,-14.846530,16.724699,85.493858,-18.061686,-10.264112,-15.692407
927.000000,-779.848083,236.133453,76.101959,-2.073562,-5.251540,-156.271341,9.621880,-11.776685,-9.714756,19.667133,-21.223537,12.911070,-27.924231,-2.438506,-9.678099,37.067520,-14.990707,-0.399098,-18.547981,0.145369,0.926509,-13.780633,15.760141,-29.228184,50.196220,12.246595,22.316288,-3.361031,13.593604,-14.891094,15.998273,85.492775,-18.090216,-10.386580,-15.507422
928.000000,-782.136414,235.664124,75.836906,-2.403218,-5.174708,-154.834435,11.347801,-11.182383,-10.920538,20.165678,-22.555435,12.784359,-28.118521,-2.020987,-9.613067,32.330315,-13.274824,0.304135,-20.217451,0.148340,1.022671,-15.321780,15.348862,-29.785330,49.525391,11.556645,21.541092,-3.182498,15.153006,-14.953896,15.546823,85.619537,-18.083708,-10.759155,-15.485025
929.000000,-784.453796,235.159302,75.514793,-2.631328,-5.069242,-153.500209,12.469182,-10.608309,-11.523643,22.767450,-24.115408,12.566489,-27.952515,-1.587238,-8.725484,28.336521,-11.781434,0.958405,-21.769386,0.156670,0.944176,-16.694685,14.694002,-30.599386,48.946709,10.571041,20.642733,-2.872488,16.914726,-14.997251,15.169542,85.887772,-17.774231,-11.289248,-15.486182
930.000000,-786.820129,234.605713,75.170883,-2.835475,-5.010626,-152.431966,12.665254,-10.212377,-11.368289,25.810871,-24.880089,12.242697,-27.553699,-1.328290,-7.857784,26.798420,-11.073881,1.171345,-22.490345,0.293484,0.766165,-17.277384,14.110036,-31.253267,48.817402,9.782276,20.033466,-2.701252,18.094320,-15.016532,14.981944,86.017937,-17.327269,-11.623839,-15.539134
931.000000,-789.338867,233.977158,74.787674,-3.267996,-4.936819,-151.594646,12.177528,-9.434114,-10.277957,31.321085,-25.157894,11.531329,-26.778395,-0.926620,-7.043425,26.204607,-10.487303,1.189235,-22.872902,0.815454,0.471412,-17.589365,13.218466,-32.073380,48.848518,9.005915,19.337015,-2.606061,19.553713,-15.033229,14.954051,86.130440,-16.707191,-12.011084,-15.730608
932.000000,-791.912781,233.311707,74.365166,-4.152380,-4.956464,-151.037383,10.863147,-7.910583,-8.335374,38.539673,-24.236685,10.408400,-25.696812,-0.158898,-7.176605,27.411827,-9.895607,0.604124,-22.779245,1.945974,0.325935,-17.522421,12.268692,-32.880909,49.003220,8.837161,18.888248,-2.583702,20.770311,-15.057055,15.181049,86.205070,-16.174709,-12.320001,-16.004633
933.000000,-794.424500,232.643631,73.970245,-5.629216,-5.263181,-150.559458,9.180872,-5.655723,-6.640513,46.248478,-21.801754,7.879494,-24.709618,1.059740,-8.693167,29.700546,-8.060841,-0.341780,-22.508595,3.575584,0.763642,-17.339819,11.497512,-33.464531,49.591240,8.796729,18.378065,-2.429083,21.219168,-15.080357,15.666317,86.210976,-15.609603,-12.455855,-16.275223
934.000000,-796.906860,231.982040,73.572548,-7.035579,-5.439814,-150.224955,6.890560,-2.869431,-5.473370,54.578629,-13.224113,2.642956,-23.458920,2.577042,-10.595303,32.475166,-7.236355,-1.172115,-21.994684,5.569248,1.104534,-16.858004,10.733516,-34.121159,50.781097,8.722604,17.852549,-2.166323,21.232515,-15.041611,16.471155,86.197968,-14.934303,-12.611201,-16.601263
935.000000,-799.264832,231.385620,73.168816,-7.690698,-5.639843,-150.205438,4.278980,-1.129497,-4.639303,62.317776,-8.771866,-1.418810,-22.507484,3.537707,-11.498537,35.178974,-7.475025,-1.571355,-20.972651,6.564721,1.029840,-16.321732,10.449583,-34.902489,52.275921,8.397108,17.409916,-1.840718,20.572813,-14.824954,17.497620,86.188080,-14.356627,-12.690825,-16.790487
936.000000,-801.525391,230.789230,72.873131,-8.301485,-6.044702,-149.927957,1.314133,0.571928,-4.229144,69.464531,-7.698808,-3.318874,-21.198133,4.295855,-12.211444,37.768135,-9.845032,-1.717353,-20.041410,7.181825,1.240597,-15.783257,10.423570,-35.753181,54.187637,7.950316,16.921133,-1.472236,19.046806,-14.630117,18.642967,86.179901,-14.065962,-12.701704,-16.836300
937.000000,-803.592773,230.179550,72.811302,-9.051367,-6.312186,-149.382285,-1.382480,2.069530,-4.424404,74.159958,-7.897783,-3.780092,-19.802338,4.995421,-12.868112,38.938744,-12.573677,-1.781315,-19.447170,7.810175,1.412820,-15.260445,10.426369,-36.363190,55.973713,7.560602,16.520000,-1.225927,17.477848,-14.594558,19.415085,86.133331,-14.041246,-12.702459,-16.843437
938.000000,-805.569824,229.569504,72.932991,-9.370592,-6.593264,-149.019994,-4.872926,3.624326,-4.628831,78.502670,-8.586497,-3.648513,-17.786564,5.702879,-13.309552,39.341145,-15.121664,-1.847283,-18.379688,8.223962,1.446218,-14.443112,10.616426,-36.722294,58.241295,7.065905,16.091276,-1.004936,15.351799,-14.586943,20.015606,85.937912,-14.033745,-12.704978,-16.854515
939.000000,-807.468628,228.955505,73.197159,-9.263127,-6.933670,-148.899204,-9.122994,4.915436,-4.900193,82.079239,-10.091965,-3.077495,-15.031309,6.268304,-13.244401,38.986183,-17.368837,-1.924817,-16.713079,8.112700,1.447201,-13.212009,11.415293,-36.742111,60.840786,6.708912,15.623083,-0.781533,12.451965,-14.649193,20.355101,85.562592,-14.294558,-12.708660,-16.956732
940.000000,-809.298157,228.320862,73.565468,-8.740914,-7.301152,-149.297666,-12.906135,5.818748,-4.879851,83.263451,-12.474284,-2.301251,-12.348598,6.604958,-12.485055,38.010559,-18.760796,-1.954069,-14.859853,7.602427,1.448241,-11.804044,12.845825,-36.461639,63.162846,6.446631,15.223548,-0.543380,9.199862,-14.800480,20.169222,85.476288,-15.587646,-12.678647,-17.180006
941.000000,-811.040894,227.642792,73.985519,-8.108881,-7.600465,-149.982743,-16.551163,6.740248,-4.718997,82.765923,-15.007533,-1.536007,-9.621954,6.858388,-11.265821,36.541405,-19.698044,-1.934708,-13.009688,7.010559,1.494705,-10.171455,14.709039,-36.260258,65.482178,6.434887,15.106113,-0.193750,5.566643,-15.126982,19.635725,85.263786,-17.590441,-12.565657,-17.446407
942.000000,-812.711304,226.909988,74.422989,-7.252627,-7.921528,-151.096601,-19.747952,7.706372,-4.346676,80.561073,-17.191515,-0.802121,-6.880495,6.925161,-9.577306,34.869656,-20.380455,-1.807585,-10.924885,6.340029,1.605243,-8.311850,16.572468,-36.154503,67.594803,6.765111,15.477345,0.303673,1.883428,-15.563198,19.040068,84.631615,-19.726656,-12.333508,-17.737497
943.000000,-814.404785,226.060196,74.888489,-6.288627,-8.231482,-152.431790,-21.569838,8.437220,-3.947742,78.095146,-18.305738,-0.424732,-4.945013,6.829526,-8.270260,33.577038,-20.715885,-1.660652,-9.374427,5.887218,1.721155,-6.825323,17.679804,-36.047215,68.538658,6.821568,16.117197,0.668554,-0.481379,-15.893627,18.701298,83.777199,-20.988071,-12.068568,-17.933956
944.000000,-816.111938,225.090927,75.354195,-5.288029,-8.423765,-153.938627,-24.070215,9.791990,-3.069807,72.708389,-19.478539,0.007225,-1.785230,6.460063,-6.081275,31.188261,-21.063250,-1.288434,-6.716465,5.279647,1.783998,-4.040268,19.046988,-35.781971,69.203293,6.318837,17.430935,1.150045,-3.844564,-16.447252,18.407761,81.527847,-22.270254,-11.641294,-18.231716
945.000000,-817.840088,224.019455,75.772575,-4.347320,-8.502153,-155.476559,-25.785120,11.200278,-2.285018,66.262794,-19.604197,0.203345,1.127129,5.906348,-4.050563,28.744303,-21.225729,-0.845007,-4.003693,4.858525,1.700544,-1.248880,19.687889,-35.244427,69.330643,5.278417,18.540876,1.421048,-6.533386,-16.844515,18.420538,78.833694,-22.428963,-11.471938,-18.469912
946.000000,-819.537537,222.901733,76.095871,-3.558036,-8.439353,-156.726711,-27.056732,12.458727,-1.830271,58.877518,-18.634922,0.180829,4.034142,5.180501,-2.326126,26.071781,-21.316889,-0.422654,-1.583362,4.520343,1.506115,1.614808,19.811850,-34.615376,69.337685,4.085223,19.408146,1.470825,-9.126945,-16.922592,18.481226,76.044159,-22.435143,-11.493287,-18.667562
947.000000,-821.196533,221.746140,76.290146,-3.086883,-8.271662,-157.448730,-28.026180,13.416961,-1.953830,50.558437,-16.583454,-0.090383,6.976043,4.435511,-1.150891,23.160513,-21.330750,0.171150,0.081183,4.361765,1.276815,4.489283,19.627516,-34.137897,69.198227,3.018630,20.206329,1.198795,-12.076747,-16.641443,18.485893,73.751923,-22.272221,-11.885031,-18.749050
948.000000,-822.837158,220.524002,76.343445,-2.720799,-8.209972,-158.083360,-28.476665,14.073700,-2.320366,43.048336,-14.671546,-0.680611,9.470609,3.779746,-0.159629,21.012186,-21.399408,0.609170,1.259283,4.317623,1.261996,6.799118,19.293283,-33.851677,69.056824,1.958087,20.858566,0.664053,-15.002191,-16.211464,18.454296,72.047050,-21.867062,-12.488737,-18.777365
949.000000,-824.471924,219.218445,76.272346,-2.527532,-8.163116,-158.572962,-28.743486,14.664480,-2.959780,34.901939,-12.789752,-1.526075,12.161716,3.042586,0.975212,19.203529,-21.614529,1.304499,2.497894,4.419665,1.285759,9.158283,18.687248,-33.606846,69.023560,0.762936,21.571840,-0.156205,-18.465950,-15.668349,18.403397,70.169357,-21.198357,-13.225523,-18.810577
950.000000,-826.090210,217.867859,76.126877,-2.351336,-8.196143,-158.583486,-28.625534,14.750648,-3.322109,29.555904,-11.611842,-2.250033,14.025508,2.413221,1.445308,18.289883,-21.771252,1.774944,3.059705,4.432335,1.329629,10.506998,18.236002,-33.474209,69.066292,0.087676,22.048182,-0.831832,-20.652840,-15.296650,18.338978,68.893707,-20.444815,-13.735271,-18.850107
951.000000,-827.716736,216.443848,75.933151,-2.004546,-8.142450,-158.504855,-28.465796,14.615582,-3.057145,23.676487,-10.290620,-3.157921,16.167465,1.363018,1.799828,17.730846,-22.042339,2.422508,3.586591,4.268305,1.222997,11.957704,17.640524,-33.319103,69.254990,-0.652399,22.594160,-1.682206,-23.121475,-14.816543,18.002516,67.288940,-19.346712,-14.337967,-18.931372
952.000000,-829.381958,214.900299,75.725815,-1.439360,-8.139568,-158.438596,-28.023378,14.069356,-2.040020,19.387394,-8.930827,-3.913765,18.023834,-0.114540,2.094763,17.902048,-22.318439,3.203307,4.144435,3.783349,1.115381,13.130555,17.044975,-33.178566,69.423836,-1.084319,23.048658,-2.439293,-25.104479,-14.413672,17.413099,65.440414,-18.713505,-14.639702,-19.032532
953.000000,-831.066528,213.251205,75.539322,-0.746702,-8.287630,-158.323312,-27.252331,13.195798,-0.789605,16.883394,-7.299573,-4.192707,19.626402,-1.722900,2.078477,18.610495,-22.196899,4.053810,4.574365,3.172009,1.168201,13.920448,16.549574,-33.081646,69.447205,-1.422127,23.400860,-3.123470,-26.502310,-14.188251,16.995525,63.796188,-18.338139,-14.809142,-19.187492
954.000000,-832.789307,211.470871,75.396690,-0.155712,-8.398654,-158.106665,-26.091928,11.925024,0.824219,15.153467,-5.189811,-4.277703,21.150644,-3.678424,1.761263,20.319725,-21.160049,5.196413,4.913633,2.486708,1.084353,14.647837,15.933181,-32.992409,69.452736,-1.811334,23.664900,-3.891413,-27.637518,-14.006138,16.503418,62.100357,-17.953783,-15.019809,-19.333946
955.000000,-834.572021,209.526306,75.324997,0.365562,-8.653007,-157.668144,-24.516552,10.523513,2.445749,14.365057,-2.848204,-3.947038,21.991970,-5.476944,1.046379,23.319418,-18.818331,6.279942,4.887906,1.927846,1.061906,15.034579,15.349296,-32.967468,69.452408,-1.891097,23.712786,-4.572721,-28.046265,-13.787390,15.765001,60.941784,-17.605753,-15.235739,-19.453987
956.000000,-836.396606,207.427673,75.325546,0.842576,-8.783841,-157.026082,-23.234035,9.272665,3.558740,13.998743,-1.070910,-3.455099,22.039791,-6.834070,0.422208,26.444885,-15.895402,7.068072,4.709223,1.533566,0.853904,15.174971,14.900120,-33.005871,69.453079,-1.888051,23.716873,-5.041407,-27.913300,-13.661960,15.249416,60.310627,-17.417234,-15.326257,-19.568975
957.000000,-838.290283,205.129745,75.385460,1.371261,-8.929520,-156.421438,-21.180927,7.395027,5.085768,13.666734,1.090615,-2.556362,21.531729,-8.893236,-0.636292,31.353001,-9.922192,8.096807,4.440736,1.022922,0.532353,15.155951,14.258627,-33.076199,69.441666,-1.772797,23.712370,-5.601191,-27.187757,-13.618420,14.754470,59.589840,-17.306761,-15.334603,-19.737589
958.000000,-840.214905,202.700760,75.446793,1.828667,-9.053062,-156.045371,-19.001314,5.749017,6.417932,13.603917,2.501197,-1.536098,20.667961,-11.306784,-2.222520,35.687458,-1.009958,10.815177,4.322290,0.707883,0.137503,15.055454,13.623723,-33.088894,69.392769,-1.349443,23.678473,-6.119103,-26.187447,-13.612446,14.546240,59.378204,-17.174803,-15.331687,-19.896179
959.000000,-842.182434,200.183441,75.417587,2.296014,-8.919632,-155.763176,-16.572540,3.764294,7.796762,14.501780,2.997551,-0.081924,19.236612,-14.157862,-3.644675,39.940701,12.000352,10.292984,4.069336,0.356104,-0.525561,14.786307,12.949232,-33.117405,69.374863,-0.388842,23.574915,-6.817404,-24.678690,-13.593232,14.571101,59.520302,-17.098583,-15.328965,-20.133318
960.000000,-844.029785,197.843475,75.142036,3.667623,-8.595223,-155.738470,-15.805470,1.373791,9.172353,17.162828,3.692373,1.183082,16.978851,-17.376646,-3.558882,43.467731,22.352264,5.309950,3.857081,-1.174142,-0.679177,13.828602,12.909723,-33.118839,69.362419,0.704724,23.370985,-7.473238,-23.717873,-13.306988,14.857648,60.231529,-16.871017,-15.420238,-20.503302
961.000000,-845.591431,195.778610,74.672096,4.843017,-8.667500,-155.663689,-16.344124,-0.541898,10.476657,22.260124,3.245586,2.488178,13.383948,-19.474508,-1.946810,50.362713,19.914995,2.247143,3.403879,-2.864885,0.664611,11.602550,13.283674,-33.111874,69.511604,1.749745,23.015142,-7.925555,-23.450056,-12.975931,15.224197,61.311798,-16.554201,-15.459105,-20.835743
962.000000,-847.114075,193.845718,74.277611,5.669329,-8.832167,-154.808261,-17.070759,-2.435884,10.806494,27.882177,-1.321053,3.584713,8.956985,-19.987185,-0.646222,59.104416,12.431239,-0.040591,2.121089,-4.288840,2.237210,8.746495,13.962247,-33.111256,69.995880,2.703248,22.497532,-8.157692,-22.875086,-12.564263,15.674151,62.570881,-16.384802,-15.170679,-20.965590
963.000000,-848.657898,191.977646,74.134903,5.797305,-8.516945,-153.518402,-17.381811,-3.895777,10.449468,31.212420,-5.270698,4.589199,4.351025,-19.009764,-0.338232,65.943031,4.574275,-1.792204,0.495767,-4.836540,2.610258,6.276234,14.650401,-33.111927,70.536072,3.607378,21.994328,-8.215292,-21.496132,-12.239817,16.217682,63.894123,-16.310562,-14.642110,-20.849276
964.000000,-850.191711,190.127335,74.221123,5.559253,-8.106359,-152.504575,-17.079954,-4.930986,10.047537,33.048374,-8.179408,5.457402,0.016492,-17.646248,-0.728032,70.559166,-2.137958,-3.054486,-0.827253,-4.758354,2.512147,4.149564,15.245471,-33.064388,70.874130,4.495338,21.541491,-8.224541,-19.712542,-12.142088,16.629433,65.406715,-16.090273,-14.176883,-20.566879
965.000000,-851.775146,188.212509,74.457405,5.264583,-7.682725,-151.710260,-15.876646,-5.974321,9.620019,33.771049,-10.759088,6.198835,-4.949888,-15.911819,-1.733357,73.618080,-8.728296,-4.069749,-2.066047,-4.183889,1.999950,1.926036,15.909547,-32.954861,70.866486,5.564958,21.043102,-8.222113,-17.148546,-12.429001,16.983938,67.755997,-15.734407,-13.654968,-20.070784
966.000000,-853.403198,186.236359,74.782646,4.999766,-7.317371,-151.030693,-13.984209,-7.048770,9.159194,33.317249,-12.668068,6.746989,-9.469897,-14.396897,-3.115710,74.597847,-13.903566,-4.631975,-3.182873,-3.400657,1.292970,0.078407,16.560577,-32.932564,70.226898,6.731418,20.642504,-8.214246,-14.320506,-13.270494,17.347839,70.280602,-15.628595,-13.055097,-19.608965
967.000000,-854.928955,184.393890,75.129707,4.769250,-7.048625,-150.386530,-11.468390,-8.200285,8.535397,31.864992,-14.075328,7.303302,-13.518204,-12.931066,-4.604671,73.618980,-17.862530,-4.853231,-4.214257,-2.512187,0.616686,-1.494339,17.147322,-32.789307,68.926872,8.204776,20.289820,-8.164831,-11.195848,-14.586280,17.602917,72.591866,-15.585222,-12.178261,-19.184999
968.000000,-856.530029,182.494598,75.495453,4.467346,-6.984844,-149.564510,-9.394653,-8.988104,7.881159,30.461357,-14.781528,7.646624,-15.841433,-11.974116,-5.801657,71.941856,-19.782183,-4.851803,-5.059875,-1.890864,0.406050,-2.531272,17.514816,-32.627243,67.776405,8.969614,20.109638,-8.097325,-8.994494,-15.578805,17.707350,73.794136,-15.505031,-11.356946,-18.935097
969.000000,-858.206360,180.581253,75.837143,4.070794,-6.967817,-148.545793,-5.880705,-10.112521,6.561060,27.841475,-15.599561,8.163656,-19.082087,-10.482059,-7.905473,67.932877,-21.663260,-4.656446,-6.472833,-0.991110,0.307619,-4.214670,18.062456,-32.322178,65.640198,9.505254,19.856596,-8.023587,-5.447159,-17.028097,17.983252,75.186958,-15.189044,-9.917927,-18.578182
970.000000,-859.851440,178.772858,76.097397,3.696103,-6.954939,-147.488187,-2.432553,-11.005987,5.108921,25.065664,-16.128832,8.661157,-21.688280,-9.279732,-10.124696,62.940273,-22.146866,-4.421476,-7.996401,-0.302335,0.445697,-5.900975,18.386564,-32.019718,63.698627,9.612799,19.487003,-8.007150,-2.246297,-17.983131,18.104860,76.077332,-14.782175,-8.601011,-18.253551
971.000000,-861.363770,177.167450,76.251503,3.404080,-6.860504,-146.712636,1.055965,-11.685562,3.829369,22.033661,-16.526207,9.084898,-24.010344,-8.356508,-12.498749,57.050793,-21.667269,-4.174663,-9.553123,0.218873,0.621771,-7.598419,18.507305,-31.881142,61.982979,9.539724,19.007412,-8.011578,0.637152,-18.447502,18.110826,76.861366,-14.465576,-7.488791,-17.980850
972.000000,-863.047791,175.450760,76.320206,3.077652,-6.665252,-146.179977,4.485283,-12.083285,2.814749,18.968792,-16.913370,9.404730,-25.850975,-7.243855,-14.665131,50.072987,-20.232504,-3.810852,-10.826102,0.645534,0.782472,-9.298870,18.522211,-31.858109,60.485413,9.337481,18.318041,-8.055899,3.312376,-18.599035,18.108564,77.564796,-14.196835,-6.705445,-17.659172
973.000000,-864.750549,173.779205,76.241737,2.635682,-6.378621,-145.611613,6.630387,-12.166385,2.207113,17.191566,-17.401539,9.555099,-26.846586,-6.404840,-16.101294,45.212219,-19.053452,-3.536678,-11.650261,0.947312,0.862862,-10.453535,18.505907,-31.815922,59.513779,9.240314,17.823627,-8.114300,5.009790,-18.606205,18.105843,78.095459,-14.011082,-6.438312,-17.424803
974.000000,-866.468628,172.159927,76.024574,2.208587,-6.120911,-144.748742,9.495502,-12.209645,1.217886,15.426558,-18.542686,9.837215,-28.048965,-5.253895,-17.894587,38.302837,-17.194920,-3.114447,-13.108830,1.265701,0.926529,-12.243152,18.495211,-31.710077,57.960682,9.211000,17.141354,-8.184708,7.481855,-18.498623,18.097422,79.115631,-13.646576,-6.321318,-17.058857
975.000000,-868.188843,170.594101,75.716156,1.816004,-5.974690,-143.729226,11.786557,-12.087566,0.745725,14.926689,-19.986980,9.968213,-28.652563,-4.393473,-18.813675,33.154652,-15.591310,-2.871434,-14.607557,1.375211,0.995675,-13.910518,18.463324,-31.661995,56.710045,9.170924,16.435678,-8.172001,9.669003,-18.337139,18.089106,80.101837,-13.185937,-6.314533,-16.707445
976.000000,-870.027649,168.985168,75.391541,1.553281,-6.006232,-142.822075,13.557094,-11.900672,0.852553,15.941143,-21.285852,9.769992,-28.645105,-3.702840,-19.088854,29.515175,-14.157069,-2.857060,-15.825456,1.244103,1.072185,-15.383658,18.321737,-31.658461,55.985435,9.050540,15.490100,-7.977975,11.741138,-18.133196,18.090429,80.894676,-12.334645,-6.245207,-16.415747
977.000000,-871.986572,167.321701,75.121750,1.410560,-6.129625,-142.373924,14.647214,-11.623920,1.906838,18.665098,-21.934391,9.292632,-28.052811,-2.987106,-18.918678,27.297043,-12.798553,-3.176184,-16.477541,0.988036,0.972213,-16.313118,17.969725,-31.640471,55.691441,9.003859,14.464680,-7.604011,13.708297,-17.915918,18.097689,81.453712,-11.246523,-6.057747,-16.261562
978.000000,-874.023315,165.607910,74.947380,1.127329,-6.333085,-142.313767,14.751215,-11.006079,3.614905,23.117186,-21.687923,8.660890,-26.967501,-2.050618,-18.439739,26.253489,-11.641060,-3.904896,-16.615093,0.986791,0.797157,-16.613895,17.345110,-31.427925,55.767891,9.176298,13.578472,-7.203736,15.338960,-17.829052,18.271635,81.629387,-10.207144,-5.717138,-16.221155
979.000000,-876.091675,163.892944,74.871758,0.732492,-6.680052,-142.403022,14.016246,-9.803699,5.969949,30.366766,-19.314537,8.455427,-24.892923,-0.682534,-17.421059,25.811575,-10.531214,-5.055064,-16.516216,1.216582,0.635132,-16.459461,16.356977,-31.020922,56.293098,9.478388,12.582891,-6.693286,16.877607,-17.804470,18.733910,81.627220,-9.198753,-5.209849,-16.231323
980.000000,-878.249939,162.110123,74.877327,0.122185,-6.988074,-142.773351,13.099417,-8.607988,7.536469,35.949993,-15.840123,7.999117,-23.085375,0.407070,-16.607491,25.865959,-9.727568,-6.163580,-16.284348,1.639171,0.417977,-15.981459,15.595194,-30.844894,57.002121,9.583340,11.942734,-6.317587,17.615679,-17.859362,19.202854,81.603722,-8.484285,-4.902027,-16.285662
981.000000,-880.510315,160.203583,74.966660,-0.959699,-7.398998,-143.694081,11.772168,-6.509773,9.111298,42.937359,-8.702095,6.342882,-20.693554,2.347270,-15.870339,26.294439,-8.113461,-8.094315,-15.564144,2.907967,0.356212,-14.947402,14.579476,-30.712191,58.129929,9.667389,11.235867,-5.822381,18.014168,-18.128298,19.900908,81.465950,-7.489571,-4.512846,-16.410383
982.000000,-882.777283,158.323685,75.027748,-2.177312,-7.718028,-144.629092,10.149668,-4.139101,9.919318,48.794411,2.968872,2.551828,-18.077356,4.424055,-15.330089,26.591269,-7.594721,-9.476100,-14.739368,4.442263,0.397745,-13.550323,13.781117,-30.442429,59.270535,9.816174,10.730778,-5.407548,17.957865,-18.489834,20.488375,80.888832,-7.030094,-4.174611,-16.516890
983.000000,-884.899597,156.606400,74.921997,-3.400928,-7.841846,-145.269490,7.720313,-1.751040,10.188152,54.654732,10.412171,-0.868182,-16.151419,6.148833,-15.036621,27.150337,-7.958543,-10.198876,-14.146491,5.788467,0.423377,-12.470415,13.473728,-30.207279,60.329617,9.839923,10.340244,-5.040319,17.475809,-18.680548,20.708765,80.099052,-6.958378,-4.028473,-16.574150
984.000000,-886.854736,155.078445,74.723457,-4.185143,-8.159030,-146.230639,4.111760,0.637213,9.913904,62.523903,8.735974,-2.429232,-14.246426,7.841168,-14.172054,28.792515,-8.918679,-9.849688,-12.854959,6.688670,0.939796,-11.540331,13.806282,-30.165379,61.735889,9.719249,9.813582,-4.411007,16.093075,-18.643803,20.750107,79.046150,-7.108141,-3.909982,-16.594696
985.000000,-888.872437,153.564529,74.542206,-4.719047,-8.239031,-147.347155,-0.332933,2.509762,9.097947,69.546028,2.952775,-2.458843,-12.828636,9.065294,-13.073809,30.461170,-10.599679,-9.579059,-11.757009,6.993621,1.134079,-10.486668,14.852010,-30.622435,63.419853,9.458343,9.294174,-3.640327,14.082487,-18.555466,20.753527,78.100517,-7.820302,-3.860400,-16.599850
986.000000,-890.900208,152.074692,74.519188,-4.878303,-8.309050,-148.713313,-3.859096,3.677885,8.264158,73.274887,-1.888646,-2.233007,-11.660611,9.879521,-11.959681,31.576527,-12.919667,-9.455147,-11.000428,6.984254,1.151178,-9.496377,15.909448,-31.293928,65.064705,9.386718,9.022247,-3.042299,12.177938,-18.473236,20.754822,77.574158,-8.640177,-3.872111,-16.603193
987.000000,-892.923157,150.599655,74.677872,-4.322340,-8.506714,-150.635530,-8.410245,4.643987,7.533278,75.869980,-8.284056,-1.770424,-9.675163,10.476238,-9.742517,32.505032,-15.700006,-9.262010,-9.738281,6.278955,1.107889,-7.897523,17.386835,-32.339344,67.654861,9.746813,8.989661,-2.239480,9.311110,-18.262466,20.756590,77.071983,-9.956400,-3.931271,-16.607309
988.000000,-894.930664,149.091461,74.989388,-3.350966,-8.674578,-152.792956,-12.291994,5.358983,7.403490,76.073853,-13.227022,-1.352745,-7.474185,10.559514,-7.105588,32.692841,-17.670027,-8.974282,-8.257162,5.212035,0.987513,-6.015814,18.427324,-32.956245,69.974159,10.313187,9.331289,-1.541858,6.622134,-18.040133,20.739069,76.706215,-11.307240,-3.970867,-16.619455
989.000000,-896.919434,147.511185,75.387543,-2.212512,-8.688788,-155.072450,-16.711197,6.244430,7.383502,73.741379,-17.733583,-0.959530,-4.513385,10.165444,-3.676572,32.133240,-19.534540,-8.395501,-6.403260,3.892250,0.713511,-3.209893,19.048780,-33.152557,72.377808,10.694112,10.123040,-0.832936,3.537605,-17.892403,20.641460,75.876862,-13.254386,-3.879921,-16.681181
990.000000,-899.012573,145.715256,75.811295,-1.328889,-8.604227,-157.299729,-20.249878,7.567450,7.448861,68.775436,-19.311731,-0.810408,-1.477312,9.597899,-0.612567,30.703564,-20.709394,-7.751874,-4.739565,3.114938,0.579447,-0.324837,18.960436,-33.161346,73.772156,10.454861,11.121308,-0.518259,0.869810,-17.914747,20.253262,74.194458,-14.792367,-3.484664,-16.854055
991.000000,-900.989990,143.895691,76.126259,-0.724047,-8.427260,-159.394218,-23.186264,9.163740,7.461033,62.078369,-19.369146,-0.781739,1.590095,8.946616,2.194848,28.812090,-21.589159,-7.102828,-3.092632,2.833889,0.666000,2.378398,18.356224,-33.156700,74.611183,9.900088,11.929872,-0.491665,-1.774906,-17.972811,19.724747,71.909889,-15.472340,-3.046018,-17.203829
992.000000,-902.874756,142.072952,76.292145,-0.513796,-8.262645,-161.300105,-25.461857,10.879514,7.161794,54.375744,-18.184139,-0.838360,4.702710,8.337333,4.824104,26.593555,-22.273743,-6.461337,-1.359214,3.016256,0.952639,4.718372,17.348459,-32.921505,75.295303,9.341239,12.384404,-0.660407,-4.523288,-17.965599,19.217188,69.401550,-15.591826,-2.737285,-17.641626
993.000000,-904.817993,140.172485,76.304314,-0.469368,-8.031105,-162.906188,-26.955856,12.119319,6.393637,46.918751,-16.468983,-1.001795,7.438212,7.677657,6.822328,24.561596,-22.918837,-5.852063,0.010743,3.352350,1.184690,6.522920,16.336569,-32.501240,75.882133,8.850122,12.537601,-1.050550,-7.019947,-17.855606,18.904806,67.079765,-15.586685,-2.623446,-18.013313
994.000000,-906.756104,138.283463,76.141541,-0.400520,-7.713256,-164.460316,-28.224615,13.376074,5.572719,38.392532,-14.531592,-1.434783,10.332739,6.623769,8.924825,22.634010,-24.092495,-5.067935,1.604412,3.637387,1.319805,8.329603,15.251813,-31.924480,76.515404,8.407645,12.571728,-1.640413,-9.979113,-17.559341,18.667282,64.308319,-15.494316,-2.601064,-18.381176
995.000000,-908.762939,136.339401,75.858620,-0.392262,-7.471972,-165.735754,-28.526415,13.990134,5.023795,32.614937,-13.244285,-1.998592,12.158415,5.709236,9.947137,21.818977,-24.979780,-4.458880,2.644539,3.784395,1.378793,9.346933,14.570152,-31.431553,77.057014,8.173948,12.476989,-2.033314,-11.942761,-17.283007,18.499960,62.431244,-15.192703,-2.619012,-18.612188
996.000000,-910.817749,134.357224,75.501343,-0.521653,-7.405049,-166.521303,-28.686951,14.560445,4.554528,26.398520,-12.009109,-2.718524,14.379677,4.495388,10.451294,21.417858,-25.884094,-3.586472,3.554515,4.056499,1.349256,10.484377,13.785499,-30.804777,77.858574,7.750336,12.293748,-2.469595,-14.248240,-16.908461,18.204119,60.243992,-14.674227,-2.744647,-18.942375
997.000000,-913.037964,132.229919,75.112137,-0.551154,-7.450148,-167.059161,-28.409016,14.675950,4.336842,22.040188,-11.002566,-3.334676,16.364595,3.128121,10.576592,22.097687,-26.392519,-2.560926,4.275595,4.220086,1.213027,11.510921,13.133723,-30.249769,78.538498,7.466208,12.195512,-2.828591,-16.165771,-16.532364,17.649864,58.467583,-14.318801,-2.928743,-19.251703
998.000000,-915.324890,130.042664,74.728233,-0.423186,-7.512941,-167.423147,-27.953773,14.309393,4.166040,19.914587,-10.199190,-3.661759,17.756680,1.634854,10.308648,23.696695,-26.328773,-1.469620,4.745708,4.152941,0.845976,12.506038,12.688002,-29.956480,78.827011,7.286641,12.179741,-3.125939,-17.449366,-16.317860,17.249002,57.082008,-14.029959,-3.045492,-19.394773
999.000000,-917.636230,127.819168,74.361290,-0.132756,-7.661319,-167.822052,-27.099155,13.581154,4.094992,19.601206,-9.000950,-3.783975,18.788870,-0.447792,9.537662,27.094999,-25.345869,0.056296,5.236873,3.810636,0.388692,13.629419,12.298628,-29.774603,78.828598,7.369424,12.158264,-3.503116,-18.442713,-16.246292,16.814461,55.465511,-13.621171,-3.095994,-19.466196
1000.000000,-920.041870,125.488388,73.991173,0.327734,-7.796740,-168.121826,-26.067516,12.520341,4.232674,21.447973,-7.529875,-3.758547,18.898266,-2.725933,8.312143,31.939278,-22.849569,1.649745,5.624001,3.228070,-0.085376,14.458648,12.047128,-29.492783,78.668335,7.644151,12.061604,-3.890482,-18.839811,-16.280594,16.310581,54.356823,-13.224236,-3.127042,-19.634645
1001.000000,-922.370117,123.197212,73.573227,1.051674,-7.791405,-168.592563,-25.075571,11.203249,5.120412,25.471424,-6.638103,-3.694058,17.790720,-5.769544,6.594658,38.399830,-17.956375,4.761084,5.864673,2.238417,-0.604871,15.091498,11.881775,-29.368063,78.432938,7.782432,11.954982,-4.299273,-18.916563,-16.273603,15.938561,53.550720,-12.525293,-3.136490,-19.886177
1002.000000,-924.724670,120.890686,73.110947,2.341468,-7.908142,-168.888447,-24.760164,9.468752,6.837407,30.164351,-4.085365,-4.289546,16.161329,-9.156960,5.521014,45.001869,-10.040853,5.230783,5.767331,0.468270,-0.566333,15.040874,11.997371,-29.248604,78.100731,7.856905,11.851578,-4.581622,-18.879854,-16.154261,15.781796,53.150146,-11.687646,-3.135937,-20.369362
1003.000000,-926.899353,118.767891,72.664818,3.774093,-7.954967,-169.565327,-24.717810,8.320625,8.398883,33.693008,-3.895668,-3.771082,14.308443,-11.444243,5.581438,50.100243,-5.549313,4.312859,5.967423,-1.015686,-0.293209,14.546061,12.190291,-29.190947,77.909798,7.889819,11.734252,-4.645879,-18.847486,-16.021851,15.878249,53.239101,-11.156167,-3.129780,-20.715151
1004.000000,-928.984924,116.737320,72.334602,4.498035,-8.030876,-169.976982,-24.365082,6.794973,10.085173,38.537323,-5.555152,-2.919648,10.725293,-13.890089,5.187533,58.010296,-3.525788,2.932864,5.834379,-2.626384,0.223656,13.279690,12.400312,-29.177549,77.786476,7.918113,11.514136,-4.655712,-18.533209,-15.855987,16.358374,53.933903,-10.434791,-3.120900,-21.091940
1005.000000,-930.917542,114.929878,72.240433,4.822600,-8.413846,-170.005108,-23.335165,5.482029,10.857639,42.146690,-9.271371,-2.009028,6.936521,-15.027607,4.015422,65.236465,-4.940914,1.689811,5.180462,-3.379943,0.931784,11.550717,12.645651,-29.236698,77.718246,7.986496,11.305365,-4.643449,-17.644661,-15.770611,17.003864,55.102314,-10.088652,-3.007797,-21.187559
1006.000000,-932.883423,113.233391,72.435585,5.041873,-8.658764,-170.002042,-21.426329,4.190338,11.567324,43.810745,-12.986704,-1.210075,2.666912,-15.440835,2.709465,71.451035,-7.895756,0.480103,4.572189,-3.965596,1.407270,9.453249,13.184368,-29.314064,77.625023,8.417948,11.159402,-4.607115,-15.859690,-15.656642,17.577240,56.493832,-9.955062,-2.614072,-21.118111
1007.000000,-934.886719,111.602760,72.875481,5.099872,-8.800281,-169.864859,-18.861959,2.877898,12.071373,43.627491,-15.506804,-0.467083,-1.794784,-15.254013,1.159483,75.741432,-11.310849,-0.352960,3.926399,-4.231805,1.538152,7.248203,13.944699,-29.315481,77.306938,9.132898,10.979385,-4.458447,-13.451664,-15.695226,18.062799,58.289684,-9.869098,-2.141389,-20.867476
1008.000000,-936.866394,110.012390,73.451141,4.981909,-8.777180,-169.723376,-16.248730,1.773975,12.427768,42.381790,-17.001862,0.225100,-5.929829,-14.794001,-0.343664,77.840309,-14.290557,-0.807238,3.264680,-4.070170,1.413756,5.268817,14.661219,-29.303751,76.805984,9.969609,10.805549,-4.272045,-11.175900,-16.037998,18.517036,60.436871,-9.911596,-1.628239,-20.605463
1009.000000,-938.840210,108.432808,74.095169,4.816739,-8.679409,-169.482695,-12.849504,0.360451,12.667356,39.942101,-18.224594,0.982408,-10.735758,-14.293858,-2.342732,78.340698,-17.537380,-1.026790,2.233918,-3.549446,1.206866,2.997919,15.488886,-29.088045,75.780075,11.261411,10.672256,-4.065552,-8.550084,-16.783661,18.971182,63.324299,-10.184962,-0.788861,-20.380157
1010.000000,-940.808777,106.894577,74.754425,4.635562,-8.606126,-169.207563,-10.210683,-0.680792,12.712078,37.597305,-18.693672,1.514245,-13.791293,-13.994266,-3.848113,77.312012,-19.231848,-1.049250,1.355290,-3.047880,1.135672,1.602009,16.071095,-28.753452,74.633530,12.327562,10.604955,-3.943309,-6.745664,-17.398802,19.077202,65.244949,-10.415721,0.003564,-20.312393
1011.000000,-942.835022,105.380798,75.392868,4.261995,-8.446246,-168.698393,-6.640562,-1.950106,12.486916,34.061153,-19.005138,2.119105,-17.413141,-13.537385,-6.114455,74.433815,-20.845716,-1.054453,-0.033956,-2.187754,0.998851,0.001536,16.813906,-28.313303,72.691902,13.761878,10.510014,-3.843840,-4.247884,-18.194427,19.103788,67.296768,-10.544744,1.352710,-20.274485
1012.000000,-944.831299,103.973152,75.934753,3.857246,-8.152645,-168.084083,-3.148208,-3.106634,11.929976,30.152691,-19.007280,2.663206,-20.645239,-13.046915,-8.590261,69.901962,-21.806231,-1.037515,-1.694720,-1.284848,0.805714,-1.583661,17.523363,-27.968212,70.577721,14.837586,10.367024,-3.846725,-1.659341,-18.782478,19.102953,68.661560,-10.508505,2.951559,-20.258047
1013.000000,-946.854004,102.624664,76.370079,3.619512,-7.844457,-167.589067,0.167478,-4.150116,11.459859,26.212263,-18.755444,2.955644,-23.122494,-12.778848,-10.827546,64.167183,-21.782845,-1.023155,-3.040962,-0.678736,0.810881,-3.082195,18.166035,-27.684851,68.509857,15.103964,10.018480,-3.892729,0.605548,-19.025028,19.100723,69.518898,-10.399737,4.341258,-20.165066
1014.000000,-948.812378,101.385963,76.619400,3.432476,-7.493923,-166.896316,3.924229,-5.387486,10.629349,21.697968,-18.452782,2.955662,-25.801352,-12.595319,-13.405175,56.571312,-21.300577,-0.962756,-4.786610,-0.162737,0.931323,-5.008274,18.927919,-27.516142,65.946716,15.137923,9.329645,-4.030578,3.166882,-19.037834,19.071383,70.262062,-10.241329,5.709049,-19.895006
1015.000000,-950.822083,100.205437,76.702415,3.366507,-7.295248,-165.975316,7.273059,-6.547033,9.358074,18.016424,-18.145462,2.961714,-27.414848,-12.396835,-15.425463,48.838337,-19.821419,-0.880099,-6.419415,0.001212,1.240981,-7.072077,19.541351,-27.497499,64.005615,14.723738,8.311610,-4.296368,5.478345,-18.897886,19.044186,70.462212,-10.068379,6.664387,-19.424189
1016.000000,-952.858765,99.107857,76.632980,3.434046,-7.175636,-165.078403,9.615767,-7.378911,8.200963,15.843642,-17.987640,2.966667,-28.183144,-12.169772,-16.679482,43.121460,-18.312466,-0.853919,-7.437285,-0.057208,1.405045,-8.698978,19.890394,-27.558525,62.912273,14.089287,7.436404,-4.542710,7.222828,-18.751038,19.045372,70.474861,-9.850161,7.145781,-19.020573
1017.000000,-954.983154,98.051247,76.466484,3.519252,-7.144628,-164.404633,12.481837,-8.245583,7.148274,13.896220,-17.882011,3.005086,-28.673716,-11.626021,-18.140871,35.918655,-15.982496,-0.984440,-8.412189,-0.222677,1.423136,-10.684940,20.150431,-27.618128,61.715538,13.192091,6.263612,-4.877491,9.523123,-18.514551,19.048737,70.531883,-9.444633,7.574200,-18.503435
1018.000000,-957.208618,97.020615,76.244499,3.529772,-7.181270,-163.948800,15.014320,-8.706573,6.815364,13.068393,-18.003807,2.906073,-28.587410,-10.674187,-19.493513,29.767927,-13.543971,-1.462908,-9.062987,-0.265003,1.191922,-12.162743,20.196012,-27.722889,60.733097,12.533341,5.147658,-5.155294,11.580616,-18.294262,19.137482,70.667068,-9.152584,7.973414,-18.036242
1019.000000,-959.493347,96.015640,75.999588,3.354253,-7.338411,-163.473182,17.227337,-8.741243,6.899752,13.400057,-18.347881,2.675180,-27.874489,-9.472249,-20.700047,24.973480,-11.184829,-2.301211,-9.705272,-0.091294,0.834147,-13.115176,20.132317,-28.057055,59.838978,11.976279,4.144134,-5.409114,13.285293,-18.176132,19.434673,70.776939,-8.667649,8.455780,-17.650723
1020.000000,-961.857605,95.011124,75.727341,3.041258,-7.847218,-163.051104,19.271173,-8.330067,7.512559,15.011259,-18.774092,2.403285,-26.452160,-8.220330,-21.838207,22.068464,-8.994459,-3.562833,-10.184791,0.298516,0.768940,-13.801589,19.872995,-28.308073,59.234463,11.314686,3.166512,-5.654699,14.627312,-18.166914,20.032764,70.782623,-7.772608,8.995399,-17.504969
1021.000000,-964.319153,94.016487,75.431435,2.731133,-8.427990,-162.651428,20.667358,-7.662502,8.610206,18.197279,-18.897720,2.246524,-24.669123,-7.094098,-22.732252,20.951597,-6.830184,-5.056651,-10.370549,0.708443,0.709896,-14.072145,19.432173,-28.358425,58.667053,11.029538,2.327313,-5.754699,15.701000,-18.188246,21.170769,70.703880,-6.766921,9.563859,-17.481119
1022.000000,-966.855896,93.029716,75.102325,2.450470,-8.896898,-162.295434,21.145916,-6.756619,9.911435,23.037338,-18.401871,2.190086,-22.611574,-6.069162,-23.472025,20.948616,-4.689500,-6.712215,-10.274327,1.191942,0.441404,-13.975389,18.750820,-28.277161,58.323364,11.022363,1.514011,-5.759359,16.632578,-18.208225,22.602306,70.516747,-6.078558,10.105636,-17.496820
1023.000000,-969.395264,92.065285,74.685463,2.241617,-9.128588,-162.050562,20.757139,-6.022141,10.565306,27.792055,-17.528206,1.727530,-21.315796,-5.200614,-23.172697,21.870491,-3.295993,-7.918660,-9.981188,1.621567,0.002097,-13.714459,18.106495,-28.193750,58.275791,11.128883,0.910167,-5.730627,17.152147,-18.214943,23.717186,70.386719,-5.731649,10.499598,-17.505299
1024.000000,-971.916748,91.078773,74.130249,1.896985,-9.279914,-161.871803,19.589342,-4.891277,11.045089,34.939400,-15.509906,0.737170,-20.273079,-3.917439,-21.400793,24.301857,-1.252638,-10.618766,-9.465123,2.347759,-0.426303,-13.342064,17.192535,-28.115114,58.320271,11.399446,0.221314,-5.617148,17.389961,-18.245068,25.058470,70.252388,-5.353248,10.975752,-17.512974
1025.000000,-974.246094,90.018013,73.560562,0.732656,-9.705357,-161.878045,18.207859,-3.060411,10.950447,42.416481,-13.014020,-0.920347,-20.339245,-3.086724,-20.245474,29.218168,0.031262,-11.352367,-8.641497,4.071741,0.129161,-13.244333,15.899399,-27.983191,58.569271,11.552467,-0.325681,-5.306066,16.863941,-18.576941,26.080032,70.003067,-5.072978,11.368561,-17.521385
1026.000000,-976.265808,89.032219,73.242584,-0.858074,-10.023250,-161.794536,16.263178,-0.694418,9.883289,48.676525,-14.131098,-2.075410,-20.166504,-2.072530,-20.440569,34.295853,-4.579968,-10.999659,-7.950638,6.628096,1.095475,-13.049838,14.467116,-27.994297,58.994888,11.609108,-0.675234,-4.782118,15.560772,-19.093397,26.965395,69.880470,-4.943772,11.552957,-17.526030
1027.000000,-978.137573,88.233727,73.336807,-1.077761,-10.024357,-162.101469,13.293692,0.419607,9.426213,53.578339,-18.571404,-2.169760,-19.446148,-1.714365,-19.984968,36.810009,-7.980865,-10.651902,-7.457593,7.516134,1.562718,-12.220474,13.645881,-28.227919,59.587433,11.652879,-0.925227,-4.021159,13.540988,-19.125231,27.925957,70.002007,-5.241874,11.425287,-17.485249
1028.000000,-979.863464,87.613350,73.823135,-0.324784,-9.873179,-162.720806,10.012156,0.885895,10.201749,56.712620,-22.250847,-1.910491,-18.295671,-1.937040,-18.721525,37.416313,-9.899533,-10.363823,-6.984107,6.745415,1.691952,-10.913679,13.436441,-28.511072,60.438332,11.567575,-1.021982,-3.312601,11.284445,-18.737656,28.726528,70.075386,-6.007154,10.951570,-17.439949
1029.000000,-981.471069,87.094025,74.577179,0.619414,-9.474344,-163.513360,6.749543,1.401222,11.085343,57.675159,-24.534044,-1.671960,-16.746502,-2.090307,-17.246044,36.233482,-10.579273,-10.021615,-6.398910,5.428528,1.407497,-9.395813,13.480134,-28.694628,61.639160,11.229832,-1.035054,-2.680167,9.353774,-18.199455,29.025436,70.065086,-7.013128,10.239160,-17.434540
1030.000000,-982.990662,86.623337,75.471512,1.350071,-8.945302,-164.254600,3.714731,2.153572,11.330743,56.493797,-25.546736,-1.597230,-14.733127,-1.944394,-15.974895,33.492020,-10.300896,-9.597893,-5.827426,4.139441,0.930328,-7.892930,13.734154,-28.844915,63.092442,10.668937,-1.033222,-2.029280,7.768444,-17.657120,29.042095,70.016998,-8.134846,9.610109,-17.482813
1031.000000,-984.342957,86.186378,76.343536,1.654527,-8.318861,-164.877367,1.643526,2.873319,10.960574,54.433712,-25.694910,-1.738147,-12.979411,-1.589083,-15.295620,30.612677,-9.534481,-9.289824,-5.451877,3.383351,0.590845,-6.880346,14.067369,-28.896299,64.150688,10.217186,-1.003525,-1.510396,6.733780,-17.309860,29.027431,69.968666,-8.962648,9.304619,-17.565411
1032.000000,-985.615234,85.714691,77.190262,1.536103,-7.685568,-165.710747,-0.803418,4.061528,9.950018,50.629845,-25.327234,-2.123848,-10.593341,-0.713827,-14.726707,26.200832,-7.659432,-8.897792,-4.881195,2.858413,0.356366,-5.765465,14.652099,-28.897654,65.373627,9.587664,-0.936596,-0.713244,5.403450,-17.061676,28.987915,69.720802,-9.902176,9.150531,-17.671595
1033.000000,-986.754822,85.216019,77.951424,1.114611,-7.180366,-166.731477,-2.754802,5.430191,8.802122,46.199764,-24.101233,-2.599417,-8.280473,0.430166,-14.481586,21.816711,-4.915618,-8.509521,-4.280631,2.762844,0.590654,-4.915773,15.403063,-28.870197,66.437767,8.923253,-0.896272,0.262278,3.935449,-17.034851,28.984049,69.283531,-10.739629,9.152398,-17.748234
1034.000000,-987.799744,84.715118,78.595421,0.768488,-6.716633,-167.959402,-4.157996,6.556514,7.856779,41.001884,-21.647295,-2.967331,-6.162481,1.458391,-14.448133,17.735811,-1.995592,-8.221124,-3.551624,2.669443,0.911624,-4.162089,16.227097,-28.863066,67.354019,8.337390,-0.820054,1.434421,2.538412,-17.053919,29.096201,68.721489,-11.397068,9.266635,-17.841383
1035.000000,-988.804626,84.198883,79.105881,0.511994,-6.196911,-169.225094,-5.348813,7.404262,7.278287,35.739082,-18.363873,-3.183229,-4.418993,2.234344,-14.477002,14.247124,0.545230,-7.977504,-2.735782,2.418150,1.010171,-3.327802,17.057241,-28.855225,68.118385,7.910984,-0.728004,2.711607,1.433129,-17.072460,29.323032,67.859375,-11.901814,9.470971,-17.993910
1036.000000,-989.814209,83.624153,79.477394,0.275684,-5.851226,-170.643642,-5.913033,7.936898,7.201378,32.007244,-15.444595,-3.251465,-3.260443,2.690892,-14.435693,12.227662,1.946330,-7.774811,-2.084943,2.209822,1.098333,-2.701334,17.560219,-28.859739,68.703781,7.809554,-0.676957,3.652711,0.746411,-17.094528,29.553688,67.135384,-12.162621,9.582427,-18.139111
1037.000000,-990.821960,82.972816,79.690849,0.010937,-5.671698,-172.144927,-6.277808,8.445488,7.301263,27.522041,-11.464954,-3.259123,-1.940157,3.184822,-14.249870,10.449814,2.991527,-7.453038,-1.216964,2.050992,1.141914,-1.887516,17.893499,-28.979309,69.756699,7.993538,-0.564192,4.808791,-0.085916,-17.125473,29.942741,66.391762,-12.335106,9.648799,-18.330427
1038.000000,-991.830322,82.236671,79.755363,-0.387165,-5.648693,-173.502015,-6.286154,8.708343,7.453770,23.523226,-7.569530,-3.172843,-0.791969,3.598147,-13.953359,9.561828,3.099692,-7.040382,-0.614319,2.148857,1.081842,-0.931824,17.854479,-29.448664,70.879768,8.363657,-0.299522,5.779105,-0.846182,-17.168777,30.286945,65.883293,-12.363983,9.663021,-18.509230
1039.000000,-992.823608,81.429604,79.680687,-0.934893,-5.690374,-174.545048,-6.184283,8.871740,7.742020,20.139431,-3.381507,-3.078711,0.196696,3.949927,-13.777924,9.383128,2.350622,-6.496118,-0.528080,2.554860,0.884219,0.239414,17.495031,-30.166748,71.775780,8.635601,0.133961,6.422252,-1.495123,-17.234163,30.545824,65.550415,-12.374635,9.668135,-18.632910
1040.000000,-993.803528,80.575539,79.489365,-1.513871,-5.908905,-175.479233,-5.941544,9.144018,8.483899,17.768177,1.705507,-3.498296,1.185434,4.261817,-13.510702,9.662003,0.830312,-5.813190,-0.557500,3.132355,0.739711,1.364865,16.884300,-30.926186,72.395859,8.691496,0.650121,6.668908,-1.902438,-17.429842,30.827053,65.125069,-12.377559,9.663703,-18.670948
1041.000000,-994.814880,79.836945,79.376472,-1.296939,-5.990339,-176.591305,-4.417577,8.905346,10.092848,17.350357,0.246290,-3.561922,2.147126,3.793652,-12.620432,9.982736,-1.209877,-5.069592,-0.192660,2.640366,0.402306,2.466103,16.433496,-31.515751,72.892662,8.692885,1.111603,6.696209,-1.974855,-17.234205,31.182951,64.885048,-12.362854,9.581714,-18.600132
1042.000000,-995.709534,79.202332,79.340187,-1.026753,-5.736409,-176.938196,-3.048961,8.135156,10.828918,16.175291,-1.517449,-3.299421,2.801967,3.087683,-12.189178,9.847490,-2.707492,-4.405847,-0.261820,1.839259,-0.207500,3.257257,16.057556,-32.006802,73.221031,8.644706,1.531483,6.642000,-1.895206,-16.897026,31.506401,64.755432,-12.245138,9.441604,-18.447737
1043.000000,-996.432800,78.630699,79.351181,-0.762073,-5.551838,-176.769208,-2.313311,7.472471,10.951253,15.433858,-2.209599,-3.097814,3.252056,2.504521,-12.119914,9.772247,-3.510376,-3.893989,-0.377011,1.220192,-0.262205,3.363361,15.835429,-32.372169,73.284485,8.583269,1.767457,6.538100,-1.909540,-16.665924,31.627165,64.695900,-12.075231,9.301520,-18.300379
1044.000000,-996.986511,78.143387,79.397835,-0.501285,-5.419901,-176.425801,-1.649254,6.577471,11.020083,14.711545,-2.484399,-2.768497,3.759164,1.667575,-12.158169,9.739832,-4.279025,-3.198411,-0.439038,0.411404,-0.018254,3.087838,15.590097,-32.798370,73.285301,8.517455,1.901490,6.355735,-1.993009,-16.395370,31.636681,64.682869,-11.815338,9.122547,-18.053463
1045.000000,-997.469421,77.683327,79.465889,-0.314152,-5.211444,-176.035502,-1.287135,5.819668,11.079936,14.234270,-2.451011,-2.377820,4.092279,0.908626,-12.262799,9.758991,-4.723873,-2.455285,-0.427762,-0.176991,0.307618,2.621239,15.340773,-33.170727,73.222282,8.488435,1.963957,6.155130,-2.137504,-16.220613,31.610449,64.686241,-11.602242,8.992915,-17.780567
1046.000000,-997.899719,77.265312,79.536217,-0.200737,-4.889925,-175.682143,-1.157725,5.221077,11.104420,13.840584,-2.343564,-1.993536,4.225843,0.285566,-12.366525,9.763738,-4.984470,-1.631258,-0.397902,-0.496332,0.473263,2.213300,15.121122,-33.500935,73.055511,8.474561,2.040752,5.956808,-2.277406,-16.114073,31.561398,64.714584,-11.447082,8.870684,-17.570929
1047.000000,-998.291016,76.901833,79.592880,-0.124159,-4.507134,-175.540687,-1.110482,4.767845,11.253602,13.442455,-2.288990,-1.675586,4.239647,-0.221705,-12.409816,9.639665,-5.146595,-0.837045,-0.239746,-0.615064,0.456494,1.922674,14.999866,-33.788742,72.918442,8.475970,2.333853,5.850141,-2.427222,-16.018181,31.543249,64.869888,-11.281891,8.667570,-17.449238
1048.000000,-998.659790,76.573929,79.632111,-0.070274,-4.125903,-175.394840,-1.133300,4.495859,11.343684,13.258202,-2.319632,-1.486479,4.309418,-0.542170,-12.562634,9.361561,-5.182720,-0.346206,-0.167408,-0.605240,0.421433,1.760304,15.005189,-34.007519,72.867241,8.470002,2.593565,5.745855,-2.570189,-15.932494,31.533520,65.084831,-11.202159,8.457248,-17.415197
1049.000000,-998.990417,76.289856,79.651627,0.011038,-3.768286,-175.204166,-1.252780,4.147699,11.312243,13.163427,-2.404125,-1.295261,4.444927,-0.918418,-12.829154,8.900426,-5.162906,0.063065,-0.165258,-0.530916,0.394547,1.539442,15.094495,-34.295700,72.725845,8.450406,2.902521,5.489947,-2.753562,-15.818797,31.534967,65.451134,-11.179535,8.137356,-17.410761
1050.000000,-999.265015,76.055824,79.653618,0.083140,-3.451837,-175.017136,-1.419500,3.799840,11.153735,13.143557,-2.530061,-1.156943,4.551085,-1.259041,-13.108525,8.484040,-5.133295,0.178867,-0.160858,-0.395397,0.393521,1.269884,15.246296,-34.535423,72.438698,8.438132,3.245821,5.180305,-2.883104,-15.736270,31.581734,65.851700,-11.171435,7.817003,-17.414114
1051.000000,-999.506653,75.844757,79.644928,0.137553,-3.202135,-174.883253,-1.485560,3.517760,10.985492,13.045645,-2.718020,-1.052596,4.620186,-1.539302,-13.486093,8.206683,-5.120889,0.150762,-0.094767,-0.132099,0.445685,0.908724,15.377781,-34.778194,72.084923,8.446344,3.624625,4.861181,-2.961710,-15.713578,31.736483,66.259453,-11.167128,7.543055,-17.418890
1052.000000,-999.728210,75.657562,79.629463,0.236149,-3.021351,-174.802621,-1.341288,3.213568,10.944121,12.692231,-2.843775,-0.955219,4.667468,-1.859578,-13.947201,8.111573,-5.268207,0.176557,0.026261,0.144185,0.517195,0.493387,15.433002,-34.971306,71.774338,8.463309,4.009328,4.595730,-2.952607,-15.707167,32.030907,66.645386,-11.173324,7.308851,-17.424202
1053.000000,-999.928406,75.506424,79.605064,0.359851,-2.931616,-174.734217,-1.031876,2.888137,10.919659,12.172441,-2.939489,-0.870587,4.758461,-2.182066,-14.307915,8.126278,-5.560794,0.257678,0.146165,0.396924,0.593862,0.054867,15.426521,-35.122082,71.562408,8.483956,4.336884,4.384867,-2.860603,-15.691521,32.511166,67.084450,-11.188657,7.084178,-17.429514
1054.000000,-1000.110229,75.390450,79.569099,0.480390,-2.888150,-174.692640,-0.638315,2.589014,10.928083,11.599237,-3.069023,-0.803327,4.844417,-2.481867,-14.602795,8.254093,-5.949389,0.321440,0.284530,0.610705,0.625676,-0.345698,15.382714,-35.256634,71.444923,8.511531,4.604223,4.229543,-2.663514,-15.642469,33.087814,67.585304,-11.210546,6.898180,-17.431845
1055.000000,-1000.273987,75.302094,79.519516,0.579163,-2.863058,-174.716217,-0.313131,2.403171,10.949067,11.159620,-3.221754,-0.772119,4.880021,-2.671787,-14.754963,8.422478,-6.299537,0.359504,0.423092,0.756690,0.628305,-0.612994,15.325377,-35.331680,71.401657,8.552522,4.783896,4.146954,-2.452951,-15.584505,33.540886,67.960159,-11.238391,6.822453,-17.425007
1056.000000,-1000.409790,75.237587,79.451927,0.638469,-2.794825,-174.761788,0.016190,2.232450,10.951705,10.685289,-3.531695,-0.751099,4.832102,-2.858083,-14.921217,8.699290,-6.808347,0.396737,0.634901,0.935295,0.596901,-0.913704,15.217780,-35.385487,71.362450,8.699028,5.007268,4.097549,-2.129000,-15.501836,34.140411,68.368736,-11.288949,6.800900,-17.360367
1057.000000,-1000.503357,75.196373,79.367134,0.662218,-2.705956,-174.797069,0.198862,2.136191,10.908983,10.379745,-3.974273,-0.736664,4.701961,-2.988336,-15.151360,9.018218,-7.369374,0.417982,0.804803,1.094783,0.582001,-1.154506,15.081260,-35.423798,71.300377,8.993472,5.211930,4.088608,-1.780795,-15.439131,34.676414,68.566933,-11.331441,6.801755,-17.192831
1058.000000,-1000.559326,75.176552,79.259171,0.677782,-2.591143,-174.846960,0.287671,2.079702,10.843428,10.154132,-4.527481,-0.730034,4.506567,-3.082951,-15.383228,9.350202,-8.014635,0.432627,0.946718,1.199896,0.580269,-1.334760,14.935688,-35.442310,71.235970,9.310708,5.379816,4.083150,-1.468141,-15.370618,35.143402,68.634323,-11.366487,6.805256,-16.939049
1059.000000,-1000.575623,75.173828,79.123100,0.687739,-2.439369,-174.935599,0.283604,2.048268,10.788353,9.986018,-5.229189,-0.731387,4.221599,-3.152748,-15.559217,9.699105,-8.802943,0.440750,1.098716,1.230376,0.566885,-1.479436,14.817873,-35.495731,71.168152,9.635473,5.522376,4.075683,-1.238400,-15.293665,35.591381,68.649994,-11.419601,6.808365,-16.591105
1060.000000,-1000.556824,75.181999,78.940735,0.682176,-2.266970,-174.963789,0.187150,2.028867,10.604147,9.900633,-6.169087,-0.738378,3.950933,-3.183696,-15.778154,9.947338,-9.773207,0.441247,1.193583,1.217730,0.563154,-1.630501,14.728098,-35.612602,71.108566,9.952996,5.646897,4.054436,-1.112871,-15.225245,36.043644,68.655785,-11.480190,6.810173,-16.188440
1061.000000,-1000.507080,75.197311,78.712425,0.706347,-2.096050,-174.928590,0.033468,1.964286,10.316542,9.864491,-7.293686,-0.744513,3.756201,-3.222354,-16.032763,10.036551,-10.952513,0.435131,1.239724,1.130308,0.563327,-1.767348,14.696869,-35.775204,70.950806,10.184459,5.796161,4.027122,-1.075425,-15.183903,36.485943,68.654083,-11.508220,6.809279,-15.782511
1062.000000,-1000.440674,75.211792,78.638252,0.742595,-2.122834,-174.758966,-0.137229,1.889138,10.087834,10.111413,-7.688412,-0.590780,3.676572,-3.320956,-16.255732,10.266959,-11.455820,0.299489,1.206433,1.004270,0.771462,-1.898735,14.632072,-36.009266,70.740303,10.305234,5.964030,4.011824,-1.045542,-15.126433,36.816917,68.653923,-11.507845,6.809647,-15.403536
1063.000000,-1000.406555,75.221527,78.655418,0.758150,-2.098517,-174.616994,-0.251710,1.858342,9.967437,10.221442,-7.631637,-0.563548,3.618382,-3.378024,-16.392143,10.380622,-11.455715,0.295273,1.216756,0.920544,0.800962,-1.938598,14.666889,-36.276131,70.566994,10.414154,6.140415,3.971755,-0.929424,-15.079069,37.031166,68.651863,-11.499596,6.809510,-15.157859
1064.000000,-1000.386230,75.220360,78.676262,0.761122,-1.989645,-174.574099,-0.416490,1.834885,9.904848,10.222585,-7.503768,-0.525315,3.475310,-3.413222,-16.482878,10.403972,-11.369009,0.296079,1.284275,0.821176,0.628718,-1.902915,14.800278,-36.630463,70.296547,10.455437,6.369572,3.871764,-0.738432,-15.040103,37.319992,68.645180,-11.486036,6.808693,-14.877454
1065.000000,-1000.354553,75.212708,78.689476,0.740439,-1.879338,-174.481780,-0.611855,1.828340,9.819895,10.249064,-7.435600,-0.494060,3.368367,-3.411870,-16.584551,10.310923,-11.272019,0.293939,1.328172,0.747927,0.436408,-1.841797,14.967653,-36.951359,69.928841,10.563007,6.609929,3.760937,-0.605087,-15.035640,37.672497,68.638985,-11.475867,6.811535,-14.609795
1066.000000,-1000.307068,75.199898,78.694290,0.705246,-1.828702,-174.293802,-0.816678,1.816137,9.630468,10.365034,-7.420611,-0.464383,3.359758,-3.407928,-16.788534,10.171770,-11.190122,0.292892,1.279382,0.694915,0.348608,-1.819581,15.147281,-37.191711,69.497551,10.691725,6.829966,3.671724,-0.542402,-15.032527,37.956207,68.632980,-11.463542,6.815856,-14.364891
1067.000000,-1000.256348,75.176834,78.695618,0.674015,-1.828164,-174.184077,-0.949042,1.807583,9.500339,10.483522,-7.432214,-0.429410,3.376369,-3.411799,-16.936010,10.086035,-11.132308,0.296695,1.262402,0.663630,0.327894,-1.818474,15.291574,-37.407181,69.077339,10.795646,7.027229,3.619006,-0.516151,-15.026917,38.107460,68.626732,-11.448004,6.820903,-14.146662
1068.000000,-1000.210266,75.144264,78.695992,0.646057,-1.851600,-174.143048,-1.021412,1.806420,9.454376,10.593805,-7.462218,-0.391198,3.397019,-3.418921,-17.001034,10.034169,-11.080592,0.308418,1.265795,0.656066,0.322392,-1.817755,15.376893,-37.617680,68.759933,10.869056,7.216350,3.584604,-0.511616,-15.022053,38.185757,68.619606,-11.434375,6.826231,-13.963778
1069.000000,-1000.167542,75.105301,78.695496,0.616044,-1.877639,-174.115665,-1.077563,1.807669,9.432477,10.698797,-7.499392,-0.362031,3.412730,-3.425799,-17.037374,10.000167,-11.042596,0.321934,1.264055,0.655787,0.308854,-1.816556,15.415628,-37.745781,68.584641,10.949623,7.365482,3.547260,-0.508280,-15.022042,38.206551,68.616028,-11.427998,6.843391,-13.902093
1070.000000,-1000.126160,75.066048,78.693527,0.577921,-1.907005,-174.027741,-1.182170,1.808068,9.354573,10.892174,-7.568015,-0.322932,3.456513,-3.434346,-17.133919,9.939170,-10.989759,0.346313,1.232435,0.653481,0.293902,-1.814052,15.463416,-37.827076,68.362213,11.093483,7.552293,3.462103,-0.504676,-15.024373,38.213829,68.612160,-11.420938,6.870846,-13.870342
1071.000000,-1000.089233,75.028816,78.691277,0.547892,-1.920513,-173.923639,-1.299935,1.794492,9.235995,11.075668,-7.627034,-0.284058,3.488653,-3.456177,-17.269499,9.906724,-10.958298,0.376101,1.204008,0.632273,0.268612,-1.789536,15.530399,-37.853363,68.083229,11.307257,7.717386,3.363094,-0.494472,-15.024240,38.221107,68.609306,-11.419007,6.901061,-13.828651
1072.000000,-1000.058472,74.991135,78.689705,0.529314,-1.912988,-173.840849,-1.400362,1.766254,9.148931,11.184228,-7.657242,-0.240484,3.470801,-3.495987,-17.376902,9.921615,-10.949431,0.410858,1.200488,0.595927,0.221530,-1.688840,15.621618,-37.854511,67.673172,11.661341,7.908116,3.282770,-0.474950,-15.009758,38.220577,68.609116,-11.426966,6.949896,-13.727401
1073.000000,-1000.030212,74.952026,78.688278,0.514792,-1.909732,-173.768139,-1.482974,1.732445,9.076495,11.271624,-7.680746,-0.195816,3.449394,-3.542433,-17.469833,9.949175,-10.946322,0.447525,1.199319,0.561731,0.192681,-1.561327,15.719444,-37.852837,67.228333,12.022942,8.083790,3.228595,-0.468517,-14.995138,38.217735,68.608482,-11.439773,7.025149,-13.624482
1074.000000,-1000.004578,74.910477,78.686417,0.497966,-1.913359,-173.701188,-1.557297,1.702399,9.013354,11.369747,-7.713253,-0.151290,3.439102,-3.586204,-17.554554,9.972917,-10.941854,0.486725,1.201387,0.535278,0.182943,-1.437737,15.814223,-37.849792,66.795929,12.342270,8.250676,3.189815,-0.466265,-14.976068,38.214054,68.607658,-11.452472,7.115375,-13.530202
1075.000000,-999.984070,74.868134,78.684219,0.480293,-1.919046,-173.648174,-1.625988,1.677662,8.963824,11.479123,-7.756656,-0.107691,3.435464,-3.626150,-17.626617,9.992505,-10.935452,0.527385,1.207496,0.516131,0.178650,-1.320373,15.902183,-37.845768,66.388451,12.618212,8.411160,3.163975,-0.467128,-14.956264,38.209702,68.606819,-11.464057,7.219886,-13.463162
1076.000000,-999.968750,74.825821,78.681976,0.463463,-1.923977,-173.605459,-1.672546,1.660177,8.933590,11.559628,-7.791564,-0.076474,3.433576,-3.655430,-17.673639,10.007533,-10.930971,0.557501,1.211098,0.504250,0.175446,-1.241206,15.961325,-37.842735,66.114189,12.800656,8.521143,3.145344,-0.468454,-14.943956,38.206390,68.605804,-11.472343,7.297298,-13.412922
1077.000000,-999.958130,74.782143,78.680023,0.450279,-1.930364,-173.582207,-1.717724,1.635862,8.908600,11.648212,-7.834873,-0.035603,3.430238,-3.695477,-17.719635,10.031734,-10.927381,0.597077,1.220101,0.488685,0.171674,-1.149103,16.030182,-37.838165,65.800880,12.994478,8.647390,3.126070,-0.469353,-14.929466,38.202030,68.604080,-11.485684,7.397079,-13.340105
1078.000000,-999.951355,74.737511,78.677696,0.433009,-1.936649,-173.579005,-1.753435,1.618767,8.904376,11.738952,-7.888119,0.002808,3.427849,-3.728419,-17.739172,10.051949,-10.921813,0.634816,1.237796,0.478709,0.168244,-1.075500,16.085869,-37.833439,65.562820,13.087025,8.744563,3.119911,-0.467406,-14.918953,38.198967,68.601402,-11.503826,7.486031,-13.270265
1079.000000,-999.944031,74.693451,78.673187,0.402105,-1.923707,-173.584875,-1.849382,1.628880,8.905184,11.922515,-7.986878,0.037806,3.407239,-3.739219,-17.747442,10.061898,-10.907344,0.667925,1.265304,0.479016,0.158764,-1.023845,16.136990,-37.832294,65.356552,13.107841,8.847779,3.098208,-0.463472,-14.912473,38.199764,68.596619,-11.520181,7.562461,-13.216969
1080.000000,-999.936218,74.650826,78.667900,0.367034,-1.903418,-173.593603,-1.976025,1.650439,8.905703,12.147424,-8.105016,0.072349,3.373244,-3.742162,-17.755671,10.073492,-10.891398,0.700119,1.296042,0.478907,0.157674,-0.982901,16.194353,-37.833370,65.140274,13.120827,8.959208,3.056705,-0.460847,-14.904699,38.202080,68.590637,-11.533713,7.635697,-13.192614
1081.000000,-999.930176,74.610031,78.663155,0.333429,-1.878156,-173.602250,-2.071190,1.666367,8.905598,12.306289,-8.189631,0.096759,3.343963,-3.743362,-17.762337,10.079840,-10.878592,0.723191,1.316182,0.478216,0.158288,-0.957932,16.235136,-37.834610,64.993439,13.129555,9.031640,3.022036,-0.458883,-14.898569,38.204174,68.586212,-11.542498,7.687020,-13.185850
1082.000000,-999.926208,74.567474,78.658882,0.301376,-1.849736,-173.611035,-2.188551,1.682909,8.905353,12.494208,-8.292363,0.128716,3.304818,-3.747102,-17.771551,10.085012,-10.861094,0.753772,1.338707,0.476987,0.159803,-0.932324,16.282061,-37.836235,64.828033,13.140932,9.110227,2.979392,-0.456094,-14.891289,38.207188,68.580429,-11.553347,7.749569,-13.180033
1083.000000,-999.925049,74.524269,78.654800,0.270375,-1.821665,-173.620241,-2.294504,1.695150,8.905208,12.662633,-8.387895,0.158523,3.268723,-3.752862,-17.778973,10.088246,-10.844524,0.785417,1.354978,0.478088,0.161368,-0.912512,16.317356,-37.835987,64.695984,13.153502,9.174161,2.950490,-0.448056,-14.882033,38.209148,68.567368,-11.565460,7.809015,-13.175795
1084.000000,-999.926880,74.480247,78.650589,0.240076,-1.797680,-173.633895,-2.388494,1.706885,8.907825,12.823781,-8.483646,0.185734,3.239937,-3.757512,-17.778980,10.089758,-10.829630,0.817445,1.360430,0.482768,0.161841,-0.893698,16.339401,-37.831894,64.590530,13.169268,9.237715,2.940218,-0.439275,-14.877927,38.207867,68.534851,-11.582458,7.878393,-13.173759
1085.000000,-999.931335,74.437508,78.646408,0.212141,-1.778051,-173.649059,-2.469902,1.716461,8.911694,12.975632,-8.577891,0.214376,3.218549,-3.763194,-17.776194,10.091164,-10.817347,0.850452,1.364090,0.488404,0.161304,-0.879908,16.352991,-37.826740,64.499626,13.188893,9.310330,2.933004,-0.428747,-14.876952,38.205605,68.491371,-11.602988,7.957253,-13.172874
1086.000000,-999.939087,74.396767,78.643890,0.191309,-1.763354,-173.666050,-2.515790,1.715818,8.918219,13.071139,-8.648668,0.243334,3.210460,-3.773102,-17.770346,10.081685,-10.803441,0.884899,1.363582,0.489896,0.160718,-0.874739,16.358322,-37.823341,64.443001,13.207216,9.371903,2.928653,-0.420365,-14.874425,38.204273,68.453560,-11.622361,8.027973,-13.173305
1087.000000,-999.949158,74.357475,78.642960,0.178509,-1.746577,-173.687208,-2.532372,1.703677,8.930028,13.106030,-8.689993,0.270082,3.202548,-3.790526,-17.761389,10.070814,-10.789627,0.917946,1.362291,0.484712,0.159578,-0.873292,16.359510,-37.819637,64.398849,13.256326,9.425425,2.925486,-0.416856,-14.866234,38.202709,68.431763,-11.673065,8.074461,-13.175080
1088.000000,-999.960999,74.320457,78.642715,0.169338,-1.727478,-173.706493,-2.541514,1.687049,8.940907,13.120737,-8.719933,0.297199,3.196307,-3.809637,-17.753271,10.053737,-10.774702,0.950284,1.361435,0.478894,0.158603,-0.873051,16.359894,-37.816101,64.363266,13.301955,9.466010,2.925408,-0.414633,-14.858338,38.201176,68.419922,-11.719541,8.102377,-13.178226
1089.000000,-999.974365,74.286163,78.642685,0.161668,-1.707506,-173.723572,-2.547631,1.674144,8.947515,13.129195,-8.740732,0.317554,3.195320,-3.822641,-17.747711,10.033360,-10.761558,0.974745,1.358513,0.477150,0.158121,-0.874128,16.359261,-37.814209,64.351791,13.313921,9.482615,2.928374,-0.412853,-14.855418,38.200352,68.413635,-11.734393,8.117200,-13.181512
1090.000000,-999.988464,74.255463,78.642693,0.155642,-1.687667,-173.738823,-2.554417,1.656562,8.955271,13.136816,-8.766361,0.342740,3.194633,-3.839824,-17.740992,10.005285,-10.744731,1.006495,1.354288,0.475856,0.158019,-0.876009,16.357870,-37.811951,64.343445,13.324228,9.495701,2.935638,-0.410190,-14.852790,38.199417,68.406647,-11.751027,8.131244,-13.187282
1091.000000,-1000.004395,74.225487,78.642632,0.150300,-1.667066,-173.753643,-2.559455,1.639508,8.961764,13.141948,-8.790332,0.365789,3.193636,-3.856690,-17.735291,9.980909,-10.730543,1.036608,1.350658,0.474841,0.158932,-0.877311,16.356009,-37.810207,64.336700,13.331616,9.505099,2.951718,-0.407451,-14.850951,38.198627,68.400475,-11.766777,8.140511,-13.194641
1092.000000,-1000.021362,74.197578,78.642418,0.145761,-1.646454,-173.767797,-2.563481,1.623274,8.967523,13.146293,-8.814162,0.387183,3.191805,-3.873201,-17.730158,9.960786,-10.719831,1.065004,1.347577,0.473827,0.160604,-0.877903,16.353424,-37.809029,64.330376,13.337458,9.513077,2.978054,-0.404894,-14.849404,38.197903,68.394478,-11.782144,8.148253,-13.203164
1093.000000,-1000.039307,74.171440,78.642075,0.141898,-1.625479,-173.781806,-2.566962,1.608104,8.972912,13.150041,-8.837791,0.406843,3.189016,-3.888999,-17.725256,9.943995,-10.712248,1.091341,1.344846,0.472754,0.162841,-0.878049,16.350222,-37.808311,64.324341,13.342023,9.520684,3.011469,-0.402494,-14.847842,38.197300,68.388496,-11.796974,8.155435,-13.214245
1094.000000,-1000.057129,74.148270,78.641663,0.138726,-1.605216,-173.795101,-2.569366,1.597422,8.976816,13.152565,-8.855554,0.420442,3.186467,-3.900299,-17.721640,9.932719,-10.708158,1.110013,1.342860,0.471895,0.164899,-0.877992,16.347527,-37.807987,64.319916,13.344774,9.526336,3.039768,-0.400697,-14.846520,38.196976,68.383957,-11.807721,8.160572,-13.225107
1095.000000,-1000.076477,74.125687,78.641151,0.135878,-1.583638,-173.809081,-2.572408,1.584136,8.981876,13.155602,-8.879272,0.437021,3.182579,-3.914553,-17.716896,9.918852,-10.704386,1.133704,1.340204,0.470645,0.168074,-0.877794,16.343702,-37.807724,64.314049,13.347981,9.533896,3.080026,-0.398269,-14.844517,38.196732,68.377808,-11.821644,8.167178,-13.242659
1096.000000,-1000.096130,74.104935,78.640587,0.133929,-1.560050,-173.826200,-2.575580,1.572386,8.988736,13.156961,-8.901612,0.450933,3.174493,-3.928523,-17.711533,9.910896,-10.703537,1.155489,1.339831,0.468980,0.170920,-0.877057,16.340574,-37.806198,64.305023,13.355846,9.541756,3.115821,-0.396115,-14.841930,38.196026,68.371742,-11.847050,8.173224,-13.258289
1097.000000,-1000.114929,74.086914,78.640022,0.133045,-1.535701,-173.845499,-2.579309,1.562010,9.000072,13.155087,-8.922595,0.462080,3.157981,-3.943596,-17.704567,9.912623,-10.706702,1.175859,1.344852,0.466226,0.173082,-0.875017,16.339458,-37.801331,64.283875,13.383794,9.553799,3.136861,-0.394548,-14.837513,38.193905,68.365410,-11.906550,8.178646,-13.267243
1098.000000,-1000.134277,74.070206,78.639442,0.132831,-1.510494,-173.866350,-2.582757,1.552831,9.012851,13.151745,-8.942532,0.471609,3.139826,-3.957865,-17.696960,9.915836,-10.711356,1.194707,1.349953,0.463222,0.175266,-0.872129,16.339128,-37.795521,64.251671,13.437067,9.572963,3.145258,-0.393551,-14.831741,38.190922,68.358673,-11.981643,8.183683,-13.274779
1099.000000,-1000.153748,74.055138,78.638847,0.132943,-1.485976,-173.887685,-2.585300,1.544831,9.025705,13.148132,-8.962017,0.480037,3.122436,-3.970874,-17.689392,9.918784,-10.716652,1.212228,1.353538,0.460683,0.177638,-0.868502,16.338705,-37.789562,64.212814,13.504971,9.597970,3.149494,-0.392666,-14.825935,38.187454,68.351944,-12.055300,8.188759,-13.281551
1100.000000,-1000.173645,74.041473,78.638222,0.133167,-1.461956,-173.909418,-2.587040,1.537939,9.038634,13.144760,-8.982121,0.487586,3.105770,-3.982836,-17.681950,9.921252,-10.722564,1.229004,1.356507,0.458306,0.180195,-0.864577,16.338472,-37.783295,64.169815,13.577021,9.627706,3.151480,-0.391419,-14.820513,38.183788,68.345299,-12.121808,8.194378,-13.287922
1101.000000,-1000.194153,74.029175,78.637566,0.133513,-1.438212,-173.931420,-2.588060,1.532443,9.050876,13.141774,-9.001844,0.493771,3.090536,-3.993263,-17.675220,9.923186,-10.728711,1.244395,1.359097,0.455675,0.182749,-0.860825,16.338671,-37.776962,64.126831,13.645750,9.658892,3.151667,-0.389830,-14.815540,38.180164,68.339035,-12.178481,8.200405,-13.293648
1102.000000,-1000.214172,74.018707,78.636917,0.133974,-1.415624,-173.952667,-2.588602,1.528153,9.062675,13.138962,-9.021358,0.498697,3.076157,-4.002446,-17.669098,9.924758,-10.735111,1.258690,1.361565,0.452503,0.185195,-0.857250,16.339399,-37.770435,64.084381,13.711456,9.690135,3.150455,-0.387963,-14.810631,38.176537,68.332947,-12.229448,8.206916,-13.298819
1103.000000,-1000.234619,74.009499,78.636261,0.134515,-1.393191,-173.973998,-2.588870,1.525024,9.074003,13.136402,-9.040659,0.502347,3.062483,-4.010427,-17.663576,9.926039,-10.741708,1.271813,1.363959,0.448855,0.187415,-0.853841,16.340666,-37.763767,64.043442,13.773564,9.719818,3.148187,-0.385900,-14.805717,38.172947,68.326942,-12.276152,8.213848,-13.303413
1104.000000,-1000.254700,74.001602,78.635590,0.135134,-1.371350,-173.994961,-2.588964,1.523363,9.082205,13.134653,-9.054996,0.504334,3.052594,-4.015695,-17.659794,9.926849,-10.746768,1.280819,1.365698,0.445836,0.188886,-0.851424,16.341959,-37.758690,64.014381,13.817183,9.740243,3.145985,-0.384256,-14.802037,38.170292,68.322479,-12.308434,8.219333,-13.306489
1105.000000,-1000.275024,73.994652,78.634903,0.135975,-1.349625,-174.015876,-2.589083,1.521666,9.092818,13.132607,-9.074375,0.506234,3.039526,-4.022226,-17.655146,9.927872,-10.753942,1.292033,1.367978,0.441397,0.190619,-0.848372,16.344162,-37.751705,63.977703,13.871358,9.764888,3.142545,-0.381897,-14.797083,38.166714,68.316429,-12.348922,8.227206,-13.310180
1106.000000,-1000.294312,73.988220,78.633568,0.135049,-1.329885,-174.033671,-2.596152,1.522263,9.100726,13.145834,-9.100127,0.508066,3.027346,-4.027173,-17.652245,9.929651,-10.762202,1.302262,1.370188,0.438586,0.192272,-0.845579,16.347202,-37.744625,63.944931,13.908201,9.785879,3.139103,-0.379137,-14.793527,38.163303,68.310028,-12.378635,8.237051,-13.313041
1107.000000,-1000.312622,73.981514,78.631241,0.131290,-1.314257,-174.047879,-2.615261,1.527613,9.104054,13.192916,-9.142531,0.510371,3.019266,-4.029574,-17.652445,9.934519,-10.773931,1.312074,1.372939,0.440004,0.194346,-0.842404,16.351267,-37.737244,63.914845,13.922506,9.803596,3.135932,-0.375260,-14.792503,38.160130,68.301643,-12.393566,8.254215,-13.314569
1108.000000,-1000.331482,73.973869,78.628059,0.124502,-1.298433,-174.061153,-2.643468,1.537180,9.104897,13.260235,-9.195624,0.511649,3.009985,-4.029891,-17.654680,9.944918,-10.788676,1.321305,1.375942,0.443498,0.195001,-0.838892,16.355721,-37.730976,63.882538,13.933148,9.824127,3.132094,-0.369741,-14.792458,38.157299,68.285019,-12.405600,8.286239,-13.314757
1109.000000,-1000.349915,73.965645,78.624733,0.116633,-1.283048,-174.074137,-2.665017,1.545006,9.105100,13.312030,-9.236808,0.512252,3.002215,-4.029857,-17.656570,9.955130,-10.800754,1.327985,1.378269,0.445905,0.194918,-0.836190,16.359118,-37.726601,63.856922,13.941099,9.842605,3.128816,-0.364434,-14.792648,38.155373,68.266403,-12.414550,8.319040,-13.314361
1110.000000,-1000.367554,73.957085,78.621582,0.108626,-1.267851,-174.086853,-2.693094,1.555235,9.105278,13.378830,-9.291041,0.512968,2.991151,-4.029835,-17.658995,9.969160,-10.816688,1.336771,1.381349,0.448378,0.194231,-0.832627,16.363682,-37.720993,63.821426,13.952269,9.870664,3.124010,-0.356521,-14.792966,38.152973,68.236816,-12.426908,8.368986,-13.313249
1111.000000,-1000.385498,73.947533,78.618500,0.100248,-1.251880,-174.100342,-2.720265,1.564835,9.105668,13.442700,-9.344254,0.513885,2.979895,-4.030002,-17.661118,9.981847,-10.831539,1.345735,1.384396,0.450676,0.192963,-0.829082,16.368172,-37.715466,63.785351,13.964241,9.900135,3.118877,-0.348476,-14.793317,38.150650,68.205994,-12.439995,8.420599,-13.311462
1112.000000,-1000.403198,73.937294,78.615608,0.091979,-1.236135,-174.114208,-2.744833,1.573253,9.106394,13.501158,-9.394454,0.515143,2.969802,-4.030448,-17.662785,9.991858,-10.844395,1.354731,1.387308,0.453469,0.191275,-0.825626,16.372276,-37.710083,63.751411,13.976411,9.926929,3.113828,-0.341177,-14.793691,38.148392,68.178368,-12.453278,8.468056,-13.309100
1113.000000,-1000.420471,73.926697,78.612968,0.084020,-1.221510,-174.128018,-2.764564,1.579951,9.107276,13.550275,-9.437910,0.516680,2.962143,-4.031132,-17.663965,9.998911,-10.854457,1.363134,1.389824,0.457245,0.189389,-0.822439,16.375437,-37.705254,63.722744,13.987647,9.948078,3.109404,-0.335378,-14.794115,38.146313,68.156845,-12.465590,8.507541,-13.306381
1114.000000,-1000.437622,73.915817,78.610558,0.076716,-1.208127,-174.142141,-2.785221,1.585999,9.108898,13.603827,-9.487516,0.519543,2.953289,-4.033461,-17.664700,10.007245,-10.866298,1.373863,1.392596,0.462340,0.186102,-0.818595,16.378736,-37.699425,63.691757,14.001439,9.968627,3.104247,-0.329194,-14.794719,38.143349,68.135933,-12.480474,8.548228,-13.302494
1115.000000,-1000.449951,73.896400,78.603203,0.099970,-1.115304,-174.148509,-2.924470,1.551587,9.116579,13.708068,-9.544776,0.565184,2.787223,-4.102681,-17.658205,10.169602,-10.960537,1.396359,1.379040,0.442564,0.117123,-0.818821,16.379906,-37.694668,63.684563,14.033520,10.012350,3.087689,-0.310537,-14.805420,38.103790,68.074547,-12.482859,8.607933,-13.276810
1116.000000,-1000.446228,73.853523,78.588760,0.121039,-0.923082,-174.147774,-3.172065,1.513960,9.124637,13.884683,-9.620893,0.624940,2.507264,-4.195938,-17.650499,10.429584,-11.087183,1.421637,1.361008,0.439513,0.026048,-0.843956,16.361448,-37.690941,63.739410,14.051160,10.033404,3.081626,-0.302984,-14.840902,38.054516,67.997139,-12.478645,8.654533,-13.244982
1117.000000,-1000.424683,73.776596,78.568359,0.104746,-0.694965,-174.157184,-3.630808,1.490378,9.144829,14.285578,-9.798488,0.725925,2.058745,-4.319369,-17.637478,10.822501,-11.253425,1.488882,1.410064,0.499502,-0.033459,-0.969891,16.271051,-37.647617,63.907658,14.056699,10.041425,3.080936,-0.314643,-14.928488,37.988747,67.802460,-12.469397,8.709721,-13.225055
1118.000000,-1000.400940,73.654068,78.543068,0.050176,-0.472104,-174.174076,-4.104137,1.493868,9.182394,14.789626,-10.043664,0.838245,1.687804,-4.414030,-17.622244,11.107927,-11.362551,1.594144,1.560554,0.628758,-0.022290,-1.087747,16.132597,-37.463036,64.015793,14.050152,10.071713,3.098364,-0.316745,-15.092270,37.931076,67.512978,-12.468204,8.834615,-13.213037
1119.000000,-1000.384338,73.492851,78.513557,0.000287,-0.305550,-174.290729,-4.642704,1.497138,9.316545,15.451413,-10.397364,0.999553,1.234531,-4.558838,-17.531059,11.521747,-11.513817,1.764742,1.849610,0.813213,0.068128,-1.187350,15.957478,-37.072350,64.040245,14.042082,10.123122,3.201772,-0.353325,-15.326321,37.807819,67.085129,-12.434680,8.951683,-13.208942
1120.000000,-1000.399048,73.287323,78.479538,-0.029466,-0.218069,-174.267565,-4.987622,1.417428,9.415756,16.038240,-10.763914,1.217101,0.963900,-4.777324,-17.488808,11.936250,-11.719304,2.007611,2.086021,0.950592,0.224507,-1.300717,15.821868,-36.824173,64.058922,14.034331,10.163108,3.327826,-0.510136,-15.500780,37.810688,66.905731,-12.414404,9.051175,-13.210731
1121.000000,-1000.475403,73.013924,78.442818,-0.024166,-0.135576,-174.059108,-5.229737,1.158233,9.329908,16.474501,-11.127551,1.558441,0.865813,-5.131732,-17.680721,12.272091,-12.006249,2.363061,2.088070,1.038640,0.278031,-1.363366,15.725789,-36.802898,64.090279,14.184519,10.261393,3.348237,-0.685011,-15.596131,37.651989,66.892754,-12.486742,9.129776,-13.215843
1122.000000,-1000.607666,72.665321,78.408119,0.043665,-0.077953,-173.912851,-5.303180,0.819132,9.476817,16.850590,-11.589529,1.999115,0.814241,-5.621164,-17.792191,12.676384,-12.348982,2.806758,2.108160,1.111495,0.289894,-1.352508,15.602207,-36.803543,64.114555,14.415945,10.401560,3.302260,-0.837621,-15.698939,37.330769,66.889877,-12.544607,9.162328,-13.250491
1123.000000,-1000.795837,72.251930,78.365616,0.236695,-0.045437,-173.998851,-5.063309,0.489002,10.343359,17.110643,-11.979238,2.456542,0.631296,-6.262423,-17.655828,13.397302,-12.840467,3.252819,2.296890,1.073443,0.283127,-1.363960,15.543768,-36.803078,64.169373,14.493546,10.578182,3.267677,-0.971427,-15.831879,37.162991,66.886314,-12.543173,9.195200,-13.303250
1124.000000,-1001.048462,71.785049,78.308899,0.472458,0.040100,-174.145334,-4.451112,-0.063734,11.650959,17.265461,-12.406450,2.938338,0.294273,-7.179516,-17.364059,14.505673,-13.566662,3.827019,2.561813,0.924703,0.159254,-1.266077,15.505198,-36.837124,64.245888,14.455689,10.763252,3.064361,-1.130559,-16.023148,37.133118,66.881409,-12.528026,9.276452,-13.332637
1125.000000,-1001.345459,71.269234,78.227081,0.775696,0.147936,-174.086415,-3.903607,-0.648400,12.431560,17.119303,-12.765692,3.268253,-0.001700,-7.983760,-17.272800,15.505303,-14.229026,4.288034,2.556525,0.713219,0.060630,-1.160911,15.556914,-36.901958,64.257790,14.402313,10.917304,2.944829,-1.314595,-16.133064,37.080441,66.865685,-12.521852,9.359576,-13.344955
1126.000000,-1001.698303,70.687149,78.084686,1.112318,0.214102,-173.932589,-2.962206,-1.584082,13.275959,16.611761,-13.203712,3.600755,-0.448886,-9.187047,-17.228380,17.183033,-15.309460,4.904157,2.387584,0.367856,-0.049352,-1.009556,15.691871,-37.002167,64.302948,14.277821,11.049732,2.668084,-1.577469,-16.287056,36.834435,66.795662,-12.546649,9.423210,-13.393582
1127.000000,-1002.069641,70.063980,77.837959,1.380950,0.279989,-173.728232,-1.944543,-2.615635,13.737550,15.807326,-13.927287,3.934590,-1.178862,-10.512907,-17.130169,19.649799,-16.780066,5.465223,2.178287,0.023189,-0.156446,-0.918803,15.833891,-37.016567,64.442780,14.118894,11.106923,2.257412,-1.878644,-16.486624,36.412476,66.714867,-12.598458,9.452709,-13.516607
1128.000000,-1002.429321,69.432144,77.468826,1.873799,0.339105,-173.686647,-1.243050,-3.658868,13.770135,15.077691,-15.075072,4.383527,-2.351015,-11.899211,-16.788713,22.851036,-18.549364,5.919592,2.085931,-0.405728,-0.223033,-0.863317,16.021944,-37.030605,64.501793,14.038712,11.127387,1.940281,-2.255580,-16.657167,35.947994,66.668518,-12.603905,9.498433,-13.655063
1129.000000,-1002.779846,68.832451,77.094109,2.866394,0.204391,-173.812216,-0.591187,-5.515362,14.050331,14.919137,-15.851002,5.047345,-4.311142,-14.476771,-16.021696,28.175337,-20.971214,6.182722,1.934539,-1.725121,0.095689,-0.740682,16.450867,-37.042953,64.501656,13.982841,11.132160,1.722440,-2.933563,-16.655588,35.102818,66.458977,-12.604006,9.636439,-13.790156
1130.000000,-1003.109436,68.155518,76.765129,3.323087,0.035719,-173.957591,-0.407434,-7.101624,13.488594,15.600727,-16.905802,5.781380,-7.399062,-16.694147,-15.075338,35.443069,-21.998981,4.778527,1.546932,-2.391423,0.483569,-0.520578,16.596352,-37.045712,64.497040,13.919080,11.184943,1.584260,-3.743331,-16.789448,34.104355,66.119736,-12.902273,9.784110,-13.875278
1131.000000,-1003.531921,67.472198,76.525459,3.194237,-0.208379,-174.070377,-0.127640,-8.202288,12.057560,16.511986,-17.984890,6.572710,-10.787372,-17.597017,-13.340096,42.740685,-21.183472,2.651131,0.904489,-2.220610,0.971249,-0.260294,16.536386,-37.064137,64.416420,13.826621,11.349389,1.274183,-4.542161,-16.983610,33.065083,65.889999,-13.193152,9.833650,-14.024417
1132.000000,-1004.100342,66.852356,76.345032,2.875757,-0.237727,-174.322435,0.213175,-8.949615,10.789321,17.112440,-19.019855,7.322837,-14.399384,-17.233793,-11.617686,48.176659,-21.250980,1.226731,0.333536,-1.969797,1.059528,-0.035426,16.576387,-37.183155,64.329247,13.755198,11.585105,0.843295,-5.047599,-17.020657,32.334614,65.811623,-13.236992,9.829497,-14.217714
1133.000000,-1004.726440,66.318741,76.205696,2.399845,-0.137320,-174.372037,0.458261,-9.288030,9.798275,17.600704,-19.737736,7.898347,-17.619703,-16.276358,-10.872764,51.244511,-21.832226,0.486759,-0.395048,-1.720724,0.990947,-0.058777,16.744759,-37.484802,64.250725,13.747069,11.808619,0.458545,-5.343427,-16.950628,31.763485,65.779251,-13.236379,9.823882,-14.342134
1134.000000,-1005.419373,65.846085,76.086258,1.946342,-0.136929,-174.282580,1.015145,-9.457415,8.905059,18.038006,-20.722038,8.412921,-21.219545,-14.791983,-10.680528,53.448063,-22.207842,-0.112986,-1.483726,-1.584423,1.122936,-0.461504,17.129732,-37.858490,64.098434,13.770053,12.011057,0.034669,-5.537237,-16.789667,31.035906,65.601624,-13.231955,9.863926,-14.466850
1135.000000,-1006.214050,65.409683,75.992928,1.465772,-0.110611,-173.993354,1.584274,-9.395694,8.451299,18.133560,-21.353500,8.517137,-23.415974,-13.607234,-11.051267,53.849693,-21.934177,-0.407875,-2.297909,-1.548426,1.231776,-0.992144,17.410002,-37.937008,64.000069,13.887833,12.138866,-0.235991,-5.423303,-16.681837,30.588228,65.302719,-13.236697,9.987230,-14.539851
1136.000000,-1007.107422,64.980255,75.931358,0.790674,-0.039196,-173.602232,2.407636,-9.040191,7.901570,18.180264,-22.173660,8.515018,-25.783096,-11.860693,-12.216989,53.017384,-21.184950,-0.700843,-3.448628,-1.351745,1.316477,-1.879485,17.712721,-37.983185,63.825554,14.102915,12.323936,-0.450233,-5.090728,-16.531401,30.058575,64.944984,-13.249307,10.185895,-14.648785
1137.000000,-1008.079163,64.542664,75.888771,-0.049602,0.140516,-173.310307,3.253298,-8.357697,7.435414,18.173759,-23.079767,8.490019,-27.616978,-9.634215,-13.761047,50.669689,-20.123964,-0.964779,-4.594127,-0.811851,1.297793,-2.856616,17.905098,-38.059772,63.599167,14.311551,12.480506,-0.540092,-4.671027,-16.432024,29.750202,64.744049,-13.258189,10.367528,-14.803452
1138.000000,-1009.211609,64.052544,75.853828,-1.092625,0.454688,-172.925764,4.015630,-7.569473,6.909469,18.089355,-23.921324,8.447653,-28.762854,-7.310326,-15.276580,47.389530,-18.858990,-1.147137,-5.651785,-0.015359,1.183429,-3.715663,18.001846,-38.029518,63.151760,14.669226,12.642520,-0.573577,-4.187254,-16.425167,29.697866,64.663261,-13.034737,10.529004,-14.958328
1139.000000,-1010.440369,63.539169,75.798218,-2.169071,0.658411,-172.510730,4.956243,-6.817648,6.356707,17.830841,-24.653837,8.429639,-29.399807,-5.009843,-16.448624,44.061008,-17.611408,-1.317204,-6.635960,0.836119,1.202237,-4.504097,18.054878,-37.939304,62.530209,14.908839,12.817349,-0.523724,-3.698335,-16.451555,29.689257,64.650177,-12.622790,10.690578,-15.037427
1140.000000,-1011.791321,62.995499,75.681999,-3.179413,0.854282,-172.124307,6.323261,-5.941605,5.736024,17.347506,-25.559891,8.380807,-29.777510,-2.272597,-17.640888,40.325703,-16.262928,-1.616228,-7.695022,1.953314,1.201570,-5.314354,18.061838,-37.825657,61.520687,15.015491,12.961069,-0.350671,-2.990874,-16.548662,29.701328,64.649727,-11.959332,10.930844,-15.046058
1141.000000,-1013.241028,62.431568,75.467407,-4.083628,1.122479,-171.519348,7.394349,-5.148717,5.107611,17.502996,-26.693403,7.876284,-29.888752,0.078135,-18.716152,37.126076,-15.582898,-2.025547,-8.772288,3.018298,1.067927,-6.011649,17.975382,-37.438732,60.402332,15.021165,13.008796,-0.146288,-2.265071,-16.665651,29.717329,64.716682,-11.108908,11.142819,-15.041416
1142.000000,-1014.684082,61.897362,75.183830,-4.410515,1.249000,-170.735097,7.504259,-4.579597,5.726135,19.825968,-27.819696,6.975773,-29.713900,1.611541,-19.294218,35.009342,-15.422627,-2.709883,-9.618184,3.556701,0.970312,-6.933544,17.784386,-36.813179,59.330524,15.042436,13.024190,0.048716,-1.537163,-16.733253,29.794622,64.946266,-9.961142,11.227392,-15.038981
1143.000000,-1016.187927,61.380768,74.898285,-4.151887,1.037687,-169.946904,6.613069,-4.241087,8.022605,24.649847,-27.973269,6.531462,-29.096409,2.436042,-18.658569,34.270061,-15.608624,-3.591684,-9.868817,3.397067,1.034925,-7.950294,17.490875,-36.301693,58.480343,15.069638,13.022028,0.284149,-0.771280,-16.739021,30.045345,65.194298,-8.696034,11.271738,-15.036078
1144.000000,-1017.824341,60.850819,74.655380,-3.600504,0.657978,-169.247410,5.019128,-3.784825,11.094651,32.231026,-26.433083,6.196963,-27.721132,3.032145,-17.191681,34.295971,-15.968589,-4.689822,-9.715427,2.971943,0.899408,-8.879025,16.865244,-35.754486,57.686565,15.089248,12.897593,0.626992,0.408260,-16.751148,30.408369,65.447945,-7.225168,11.315497,-14.993866
1145.000000,-1019.586365,60.263794,74.497215,-3.415131,0.118392,-168.665242,3.616415,-3.152065,12.340774,38.332714,-23.843737,5.989601,-26.635679,3.593565,-15.727645,35.032856,-15.668562,-6.412520,-9.409212,3.027680,0.756816,-9.323145,16.167528,-35.429222,57.600842,15.097116,12.552342,0.927953,1.209987,-16.837942,30.484755,65.609756,-6.215065,11.318748,-14.904570
1146.000000,-1021.444824,59.628235,74.449692,-3.627538,-0.524798,-168.369483,1.867481,-1.809775,13.216016,46.128056,-18.347157,5.312726,-24.770535,4.513657,-14.223645,36.024822,-15.882416,-7.803738,-8.739435,3.678550,0.710843,-9.589437,15.070996,-35.066925,57.980305,15.100113,11.920469,1.360706,2.004078,-17.069469,30.546732,65.857262,-5.165355,11.323863,-14.735710
1147.000000,-1023.391907,58.979816,74.477524,-3.933365,-1.147850,-168.541296,0.105678,-0.186214,13.801555,52.933159,-9.825937,3.744456,-22.535927,5.176288,-13.464795,36.733273,-16.950705,-7.807491,-7.560722,4.600973,0.611386,-9.403369,14.089435,-34.740284,58.583008,15.100513,11.247441,1.720806,2.447518,-17.402443,30.686306,66.032578,-4.726323,11.332142,-14.495022
1148.000000,-1025.336792,58.381969,74.436119,-4.466332,-1.469494,-168.666739,-1.739318,1.497013,13.639597,57.526596,0.751729,0.751046,-20.551178,5.784144,-13.206343,37.040047,-18.301992,-7.617971,-6.464786,5.542292,0.348465,-8.844065,13.628442,-34.265903,58.987934,15.101433,10.649413,1.952196,2.435888,-17.649710,30.719591,66.155159,-4.806697,11.330158,-14.347707
1149.000000,-1027.220825,57.873291,74.288673,-4.794598,-1.804544,-168.688497,-4.508218,3.278494,12.807668,63.602486,3.496325,-1.080254,-18.294832,6.238369,-13.106266,37.357456,-19.154774,-7.414956,-5.087226,6.223743,0.335755,-8.326838,13.700428,-33.652378,59.523369,15.123550,9.930256,2.261601,1.872962,-17.822264,30.717665,66.194061,-5.235837,11.254532,-14.306811
1150.000000,-1029.007568,57.460274,74.127708,-4.797392,-2.247216,-168.699294,-7.698781,4.626844,11.962045,69.297005,-1.549713,-0.756978,-16.276932,6.317780,-12.848195,37.845959,-19.858221,-7.337969,-3.897616,6.143433,0.766462,-8.054964,14.353006,-33.387367,60.512165,15.287029,9.312130,2.785285,0.822916,-17.797813,30.600199,66.255432,-6.015653,11.033490,-14.304614
1151.000000,-1030.813354,57.056091,74.067810,-4.790710,-2.520468,-168.696102,-10.495168,5.621856,11.265792,72.632507,-5.897852,-0.163186,-14.717184,6.451756,-12.536395,38.239738,-21.728113,-7.215733,-3.164640,5.996690,1.043197,-7.677547,15.001359,-33.347069,61.680511,15.697412,9.054527,3.265513,-0.147461,-17.762053,30.504662,66.310440,-6.772287,10.855169,-14.306898
1152.000000,-1032.789551,56.596870,74.149071,-4.602419,-2.720218,-168.830178,-14.294785,6.573325,10.457245,75.132065,-11.525782,0.728837,-12.421446,6.576198,-11.933323,37.976532,-23.788706,-6.941980,-2.183486,5.634507,1.198649,-6.881647,15.818511,-33.336746,63.491051,16.401293,9.040401,3.863838,-1.367213,-17.693157,30.408390,66.429893,-7.502279,10.652263,-14.330286
1153.000000,-1034.787598,56.094521,74.352974,-4.191480,-2.857801,-169.322661,-17.646959,7.179254,10.123157,75.579369,-16.142544,1.446502,-9.975128,6.573633,-11.001213,36.946178,-25.109537,-6.563470,-1.020810,5.095968,1.207212,-5.793677,16.429651,-33.319893,65.254616,16.704296,9.267532,4.328360,-2.359113,-17.575243,30.236835,66.561478,-7.684239,10.569550,-14.365224
1154.000000,-1036.857422,55.528347,74.636993,-3.566799,-2.869017,-170.034051,-21.475445,7.815146,10.269698,74.241531,-20.307112,2.064921,-6.850441,6.343384,-9.520722,35.044163,-26.173653,-5.985496,0.691685,4.272830,1.120285,-4.116355,16.968037,-33.285686,67.055779,16.820488,9.812717,4.584305,-3.401676,-17.431314,30.199188,66.470970,-7.723274,10.639385,-14.387728
1155.000000,-1038.990356,54.892529,74.959496,-2.867466,-2.821990,-170.654569,-24.787891,8.163030,10.408009,71.165955,-22.321440,2.387959,-3.690341,5.802985,-8.181029,32.561810,-26.696833,-5.314803,2.217362,3.427339,1.099561,-2.238833,17.258097,-33.211658,68.220512,16.807083,10.427422,4.597517,-4.269699,-17.213764,30.090584,65.989052,-7.719052,10.833546,-14.446225
1156.000000,-1041.151123,54.192619,75.289368,-2.142804,-2.679954,-171.158390,-27.507782,8.213581,10.426932,65.887062,-22.664236,2.415713,-0.217253,5.042069,-7.008924,29.291510,-26.764790,-4.504580,3.448051,2.636352,1.164718,-0.211818,17.339293,-33.181374,69.039169,16.432169,11.057116,4.411794,-5.136442,-16.880793,29.807829,65.186646,-7.508314,10.997529,-14.615040
1157.000000,-1043.258667,53.449665,75.532303,-1.445258,-2.358891,-171.830580,-29.776676,8.210549,10.509991,59.254635,-21.790480,2.187282,3.106148,4.154892,-5.784960,25.721287,-26.605181,-3.752814,4.693624,1.940802,1.123393,1.796301,17.314625,-33.199852,69.508453,15.682540,11.558443,3.902791,-6.012559,-16.565571,29.589123,64.055687,-7.010418,11.044087,-14.774332
1158.000000,-1045.421021,52.627014,75.651207,-0.756833,-1.972940,-172.594737,-31.385643,8.088252,10.399405,52.828327,-20.229481,1.743666,5.986367,3.205297,-4.787943,22.557299,-26.435249,-3.070656,5.841750,1.417102,1.158048,3.467294,17.276257,-33.245762,69.649673,14.938515,11.783406,3.276994,-6.832056,-16.383797,29.511869,62.684467,-6.619643,11.044168,-14.844551
1159.000000,-1047.593872,51.734978,75.640236,-0.299457,-1.636016,-173.372508,-32.505817,8.055845,10.279142,46.851307,-18.399286,1.192157,8.336048,2.267657,-4.242677,20.307997,-26.217865,-2.408633,6.884667,1.117225,1.251616,4.826327,17.225777,-33.302094,69.727013,14.298487,11.812053,2.657323,-7.590442,-16.284428,29.441000,61.265968,-6.370786,10.923237,-14.915165
1160.000000,-1049.781372,50.778656,75.557831,-0.334388,-1.505162,-173.715944,-33.296864,8.134048,9.860701,40.216442,-15.977813,0.556914,10.660608,1.438536,-4.297474,19.138905,-25.487421,-1.521047,7.755212,1.335172,1.373312,6.190570,17.037271,-33.310627,69.963165,13.518331,11.734367,1.944677,-8.411476,-16.167040,29.258507,59.859016,-6.155141,10.506907,-15.072621
1161.000000,-1051.991699,49.783958,75.457397,-0.673819,-1.481319,-173.785138,-33.550240,8.200200,9.371937,34.429901,-13.788765,-0.092196,12.334221,0.905869,-4.761799,19.831659,-24.191679,-0.556507,8.202420,1.951459,1.257191,7.459097,16.775763,-33.315201,70.429642,12.609441,11.543456,1.356959,-8.944835,-15.911020,28.965820,58.986706,-6.009467,9.991776,-15.279768
1162.000000,-1054.468018,48.660347,75.353470,-1.042927,-1.734031,-173.646942,-33.000389,7.949037,8.748483,29.555136,-11.951170,-0.609133,13.335413,0.293137,-5.233285,22.644526,-22.313332,0.564698,8.407406,2.535847,1.087392,8.715343,16.497633,-33.322548,71.116020,11.751332,11.311748,0.896989,-9.225776,-15.511001,28.603609,58.555344,-5.696754,9.541190,-15.426958
1163.000000,-1057.069336,47.483242,75.243835,-1.237319,-2.152616,-173.372149,-32.007786,7.373325,8.249724,26.443148,-10.464560,-0.760130,13.820941,-0.515084,-5.624352,26.485432,-19.753178,1.721442,8.396962,2.784909,0.893626,9.824548,16.344172,-33.379276,71.696030,11.057044,11.234014,0.460468,-9.199953,-15.106704,28.399313,58.475372,-5.513944,9.190598,-15.522497
1164.000000,-1059.759766,46.258480,75.106232,-1.309584,-2.579675,-173.090116,-30.501799,6.570420,8.101831,24.288824,-8.807558,-0.553263,13.884078,-1.747089,-5.897257,31.965389,-15.052409,3.160893,8.402111,2.785760,0.525788,11.058911,16.280392,-33.530968,72.237297,10.309736,11.216397,-0.086478,-8.788923,-14.732082,28.280910,58.468998,-5.313022,8.893496,-15.602924
1165.000000,-1062.487549,45.002876,74.913307,-0.894408,-3.063538,-173.008035,-29.006668,5.539332,8.579560,25.131067,-6.719057,1.077183,13.108575,-3.583478,-5.781110,38.081074,-8.226404,5.428534,8.491631,2.207536,0.358021,11.998561,16.330839,-33.657341,72.488899,9.683802,11.212958,-0.620975,-8.302810,-14.472294,28.113049,58.689163,-4.833722,8.511543,-15.716330
1166.000000,-1065.108643,43.835335,74.709763,0.153700,-3.331710,-173.041781,-28.140009,4.365799,9.185747,27.276712,-5.037401,2.530672,11.950328,-5.428221,-5.358096,42.823299,-1.718303,6.256136,8.434306,1.120029,0.275105,12.523875,16.468777,-33.736004,72.598732,9.425083,11.212158,-1.047011,-7.996297,-14.174006,27.942217,59.151695,-4.480795,8.172441,-15.830921
1167.000000,-1067.721680,42.647015,74.412224,1.366529,-3.435755,-173.358913,-27.227734,2.818157,10.442869,30.587337,-4.871674,3.464849,9.516745,-7.997113,-4.131956,48.949081,7.292587,4.208546,8.295453,-0.668214,0.304088,12.837777,16.641396,-33.936420,72.620682,9.336342,11.209889,-1.626820,-7.911790,-13.886363,27.839491,59.907497,-4.171082,7.803116,-16.005529
1168.000000,-1070.077637,41.489799,74.080368,2.062585,-3.645157,-173.541196,-26.571051,1.693741,11.133952,33.880505,-6.334316,4.068028,6.575778,-9.609817,-3.285451,55.137657,7.574268,2.664747,7.823844,-1.605547,0.625512,12.499179,16.548864,-34.151569,72.622032,9.241430,11.191141,-2.095132,-8.015879,-14.062832,27.728004,60.528587,-3.959063,7.508794,-16.282248
1169.000000,-1072.270142,40.368809,73.787468,2.260908,-4.147614,-173.398686,-25.490793,0.473630,11.245120,37.720783,-8.998918,4.693492,2.530893,-10.597559,-2.731756,63.070488,3.759986,1.357444,6.939470,-1.888874,1.456881,11.351081,16.236443,-34.294140,72.653091,9.287048,11.112350,-2.559790,-8.105816,-14.744921,27.480606,61.359898,-3.845289,7.212391,-16.684080
1170.000000,-1074.501343,39.313377,73.613411,2.683527,-4.420980,-172.843997,-24.144676,-1.007854,11.109799,40.115784,-11.954669,5.301325,-1.792760,-10.994560,-2.426626,69.764481,-1.762841,0.330297,5.698630,-2.190746,1.842233,9.878268,16.130068,-34.439735,72.855797,9.505137,10.896972,-2.877154,-7.863546,-15.422493,27.146164,62.709717,-4.106282,6.943598,-17.012459
1171.000000,-1076.735596,38.320686,73.594643,3.008158,-4.603476,-171.985009,-22.395075,-2.633980,10.841121,41.374622,-15.067905,5.908659,-6.222961,-10.983775,-2.368566,74.529015,-7.688128,-0.526133,4.159478,-2.545897,1.870352,8.128697,16.191072,-34.546783,73.212410,9.974312,10.720653,-3.046131,-7.292760,-16.103930,26.836353,64.713593,-4.794044,6.720691,-17.322474
1172.000000,-1078.999756,37.357262,73.705788,3.152150,-4.707599,-171.182523,-20.237665,-3.994045,10.433443,41.661812,-17.566492,6.447476,-10.715267,-10.548675,-2.633049,77.235840,-13.146868,-1.211255,2.757158,-2.620174,1.668581,6.259151,16.344707,-34.555336,73.370979,10.701040,10.678661,-3.091929,-6.336332,-16.904953,26.616079,66.875435,-5.558756,6.757301,-17.574736
1173.000000,-1081.275146,36.435284,73.917458,3.009778,-4.788745,-170.420643,-18.545288,-4.696355,10.027939,41.445141,-18.975721,6.659441,-13.691175,-10.064410,-3.177254,77.841888,-16.125021,-1.593834,1.803463,-2.466438,1.459236,4.995972,16.511091,-34.556225,73.298195,11.189053,10.678814,-3.093239,-5.445835,-17.457592,26.532658,68.143036,-5.862871,6.985288,-17.694448
1174.000000,-1083.540894,35.588120,74.211105,2.752723,-4.952177,-169.720759,-15.469223,-5.560276,9.179120,40.479015,-20.904665,6.892724,-18.011873,-9.125607,-4.551461,77.102646,-19.694408,-2.035194,0.329416,-2.044210,1.200897,3.100827,16.907333,-34.527203,72.668304,11.943862,10.758359,-3.085320,-3.726674,-18.143385,26.509079,69.667793,-5.998048,7.582974,-17.790800
1175.000000,-1085.890381,34.797943,74.573639,2.501998,-5.033700,-168.901657,-12.151738,-6.328801,8.155870,38.633568,-22.190920,6.987520,-21.541931,-8.261657,-6.239414,74.105339,-21.613340,-2.264534,-1.227092,-1.776100,0.937369,1.490178,17.457748,-34.491024,71.354050,12.897473,10.989699,-3.083578,-1.773684,-18.312330,26.428316,70.514442,-6.010531,8.275203,-17.793314
1176.000000,-1088.269897,34.052315,74.947716,2.242255,-5.017964,-168.012498,-8.713225,-6.977804,6.998784,36.164459,-23.058537,7.018420,-24.555632,-7.568911,-8.259416,69.163773,-22.409838,-2.338251,-3.021719,-1.593143,0.693019,-0.097104,17.960600,-34.484257,69.655159,13.788157,11.338495,-3.087001,0.241393,-18.145901,26.364464,70.862625,-6.001039,8.828405,-17.714924
1177.000000,-1090.650513,33.330658,75.275032,2.009363,-4.982339,-167.018219,-5.087394,-7.566541,5.693068,33.189426,-23.614441,7.107715,-26.997295,-7.105653,-10.504036,62.572105,-22.093140,-2.340985,-5.033356,-1.489930,0.683087,-1.968929,18.314074,-34.425045,67.728157,14.162140,11.687385,-3.117975,2.101513,-17.789463,26.280478,71.043106,-5.989614,9.061223,-17.523613
1178.000000,-1092.967285,32.628376,75.502487,1.766083,-4.932560,-166.042769,-1.811346,-7.971682,4.457501,30.382313,-23.983971,7.201621,-28.661865,-6.685427,-12.321156,55.891792,-21.024897,-2.269679,-6.868647,-1.383432,0.865601,-3.873204,18.407202,-34.342243,66.052818,14.184249,11.799510,-3.155572,3.498106,-17.452829,26.182560,71.266945,-5.983659,9.056203,-17.267443
1179.000000,-1095.369385,31.894552,75.617386,1.507701,-4.763197,-165.146599,1.193799,-8.211890,3.362612,27.761961,-24.307665,7.285932,-29.873835,-6.171028,-13.648861,49.424339,-19.613865,-2.064225,-8.483556,-1.234237,1.027783,-5.651183,18.326376,-34.321407,64.595329,14.182102,11.760557,-3.178743,4.623767,-17.192919,26.035965,71.599228,-5.984672,8.936792,-17.044262
1180.000000,-1097.730957,31.165731,75.596024,1.243110,-4.492685,-164.421619,4.748457,-8.319916,2.209241,24.562946,-24.725206,7.333198,-31.049530,-5.499262,-14.805486,41.743401,-17.621475,-1.709892,-10.253201,-0.972649,1.018643,-7.754196,17.984274,-34.316875,63.141243,14.026375,11.552427,-3.257649,5.854099,-17.003052,25.760941,72.209206,-5.990534,8.609545,-16.929935
1181.000000,-1100.213257,30.414328,75.435448,0.940965,-4.239006,-163.417832,8.006283,-8.131015,1.514852,21.904976,-25.277481,7.333920,-31.820631,-4.976556,-15.618207,35.229527,-15.676215,-1.326560,-11.871456,-0.643261,0.956851,-9.809343,17.472574,-34.311104,62.055798,13.491371,11.231115,-3.361549,6.995533,-16.987345,25.540737,72.927788,-5.983973,8.107943,-16.918411
1182.000000,-1102.728760,29.699003,75.210335,0.867019,-4.113235,-162.303723,10.722685,-7.971376,1.085902,20.750277,-25.531239,7.210927,-32.018448,-4.740734,-15.500624,30.195637,-13.942245,-1.064541,-13.508242,-0.624089,0.934687,-11.677844,16.909735,-34.308796,61.314045,12.738104,10.832568,-3.441552,8.112466,-16.986706,25.327555,73.729233,-5.968655,7.474981,-16.930422
1183.000000,-1105.314453,28.989378,74.986702,0.898389,-4.208811,-161.604622,12.599099,-7.726791,1.529211,21.434412,-25.323189,6.869180,-31.748001,-4.469417,-14.714426,27.079226,-12.413496,-1.022911,-14.361584,-0.740789,0.940049,-12.987478,16.352701,-34.318466,60.757179,11.921134,10.400988,-3.480816,9.233965,-17.032610,25.278557,74.315811,-5.861360,6.958549,-16.978825
1184.000000,-1107.984863,28.266779,74.809822,0.847188,-4.365493,-161.205882,14.177437,-7.146486,2.618906,24.060383,-24.327213,6.263582,-30.817118,-4.020455,-13.715530,24.759666,-10.776974,-1.291702,-14.862903,-0.653165,0.764267,-13.832476,15.537312,-34.337292,60.335018,11.014803,9.843286,-3.463883,10.642053,-17.198837,25.276003,74.812180,-5.614624,6.535708,-17.067038
1185.000000,-1110.855957,27.506634,74.701851,0.453286,-4.705610,-160.877311,14.648869,-5.985158,3.714623,28.937395,-22.231924,5.444280,-29.046661,-3.151590,-12.777349,23.995388,-9.294942,-2.284006,-14.996801,-0.076510,0.631398,-13.980523,14.580066,-34.340973,60.376991,10.575089,9.350035,-3.374330,11.977546,-17.417685,25.284870,74.899094,-5.147665,6.315019,-17.244858
1186.000000,-1113.748169,26.758436,74.647812,-0.208076,-4.958004,-160.681071,14.380908,-4.745785,4.501911,33.586124,-19.330235,4.799502,-27.349768,-2.212305,-12.080314,24.006735,-8.302411,-3.079546,-14.936033,0.685119,0.348238,-13.667556,13.808780,-34.343700,60.574192,10.478992,9.073980,-3.303001,12.957516,-17.604624,25.284985,74.902763,-4.717157,6.124504,-17.397591
1187.000000,-1116.652954,26.003302,74.635628,-1.263326,-5.321119,-160.919023,13.502213,-2.572458,5.488461,40.304771,-12.699044,4.510750,-25.162497,-0.260737,-11.545181,25.003216,-5.282206,-5.272514,-14.414995,2.262034,0.213545,-12.959342,12.864342,-34.345074,60.929588,10.463119,8.844793,-3.156800,13.884408,-17.945217,25.299969,74.870262,-4.281593,5.795527,-17.573055
1188.000000,-1119.538452,25.256512,74.618187,-2.578809,-5.828875,-161.116623,12.247675,-0.442974,5.502252,46.202606,-3.100670,3.068473,-22.958345,1.509608,-11.753703,26.059504,-3.176937,-5.839086,-13.912316,3.928483,0.555340,-12.313056,12.223935,-34.341511,61.427673,10.348567,8.660568,-2.946656,14.126774,-18.264332,25.322445,74.754089,-4.169754,5.488206,-17.685600
1189.000000,-1122.190918,24.603474,74.521431,-3.645019,-6.063471,-161.370051,10.485192,1.319887,5.184679,51.332932,4.211523,1.283198,-21.261683,2.923458,-12.092101,27.246546,-2.416161,-6.074772,-13.319137,5.302614,0.704500,-11.756919,11.873274,-34.349453,61.949539,10.135129,8.524847,-2.755588,14.072950,-18.483572,25.329063,74.524757,-4.142483,5.214742,-17.787849
1190.000000,-1124.758911,24.022522,74.401566,-4.252375,-6.603924,-161.794472,7.437960,2.721812,4.805549,58.714653,3.703530,0.128068,-19.472507,4.234338,-11.904283,29.363384,-3.248835,-6.200160,-12.375048,6.071954,1.274800,-11.420862,11.985482,-34.474968,62.778042,9.587957,8.296933,-2.339998,13.335555,-18.497702,25.365099,74.000000,-4.327800,5.012950,-17.875853
1191.000000,-1127.233643,23.457758,74.442673,-4.841511,-7.121459,-162.428706,3.733806,3.866101,4.459282,65.416656,0.789889,-0.324033,-17.422297,5.655874,-11.421428,31.441528,-6.948861,-6.402498,-11.389296,6.626327,2.058117,-10.932098,12.535919,-34.799870,63.932732,8.896135,7.924088,-1.833630,11.803953,-18.490938,25.449295,73.440987,-4.919330,4.838283,-17.895641
1192.000000,-1129.659302,22.937868,74.652489,-5.135432,-7.278557,-163.060316,-0.824860,4.618276,4.082340,70.283203,-3.543491,-0.297255,-15.143803,6.867695,-10.755372,32.013775,-10.090601,-6.546308,-10.596746,6.781434,2.107123,-10.041623,13.531439,-35.268131,65.355362,8.406976,7.522913,-1.465074,9.916793,-18.339184,25.472363,73.191917,-5.785672,4.550432,-17.905590
1193.000000,-1132.089478,22.452719,74.989548,-4.986501,-7.385034,-163.891819,-5.081024,5.044605,4.188916,72.859871,-7.627343,-0.124348,-12.756969,7.627301,-9.733314,31.626089,-12.189007,-6.593184,-9.695508,6.300995,1.823324,-9.082392,14.744520,-35.757290,66.964531,8.270676,7.270826,-1.142902,8.083014,-18.046366,25.468117,73.035439,-7.046723,4.377878,-17.931574
1194.000000,-1134.503784,21.964565,75.409424,-4.526808,-7.551723,-164.981655,-8.855798,5.373147,4.539641,73.825920,-11.175324,0.131036,-10.245663,8.140658,-8.462358,30.710369,-13.665753,-6.580576,-8.603668,5.560094,1.539898,-8.158465,15.895655,-36.188889,68.680832,8.402291,7.206827,-0.769813,6.367777,-17.767797,25.464487,72.772865,-8.520817,4.285388,-18.014086
1195.000000,-1136.888672,21.441525,75.865204,-3.868951,-7.744294,-166.218138,-13.059339,5.695359,5.084223,73.051140,-14.523765,0.475269,-6.910987,8.463539,-6.631533,28.933834,-14.882631,-6.502472,-7.075671,4.478038,1.240328,-6.834939,17.175566,-36.589020,70.651367,8.664806,7.385507,-0.273755,4.263050,-17.499014,25.390312,72.316315,-10.354882,4.174351,-18.186367
1196.000000,-1139.279053,20.839552,76.319580,-3.241055,-7.904954,-167.319547,-16.758238,6.060358,5.675779,69.972450,-16.639240,0.732442,-3.235777,8.480475,-4.862795,26.453217,-15.682677,-6.394753,-5.670817,3.480605,1.038685,-5.152493,18.146950,-36.847317,72.003273,8.356221,8.039040,0.152355,2.145318,-17.395092,25.292000,71.584595,-11.792689,4.111208,-18.462200
1197.000000,-1141.613525,20.168419,76.683968,-2.638324,-7.938669,-168.460519,-20.020393,6.510174,6.415215,64.972023,-17.794748,0.870028,0.353740,8.278686,-3.121305,23.754812,-16.307543,-6.226661,-4.125189,2.710225,0.887189,-3.389654,18.641712,-37.029938,72.828606,7.557419,8.838723,0.391312,0.112044,-17.469967,25.250109,70.440933,-12.733592,4.142877,-18.842241
1198.000000,-1143.874390,19.442795,76.911797,-2.099834,-7.985422,-169.803081,-21.799967,6.904903,7.014325,60.752529,-17.933704,0.907723,2.677827,8.068783,-1.858133,22.066864,-16.730211,-6.080233,-2.909675,2.318891,0.976257,-2.234031,18.737232,-37.092403,73.112305,6.949868,9.296932,0.427794,-1.245010,-17.610081,25.222878,69.330009,-13.023509,4.170610,-19.079405
1199.000000,-1146.175903,18.644230,76.985466,-1.696659,-7.925997,-171.347291,-24.199310,7.700349,7.864224,53.068577,-17.284735,0.912439,6.140087,7.724244,0.286502,19.626560,-17.512178,-5.747974,-0.734791,1.946492,1.192763,-0.364595,18.633575,-37.061298,73.208427,5.937704,9.793392,0.327796,-3.417396,-17.927034,25.216782,67.093185,-13.040474,4.183033,-19.365915
1200.000000,-1148.464478,17.795382,76.885521,-1.651802,-7.730254,-172.683332,-26.074257,8.541153,8.211452,45.408810,-15.760418,0.821334,9.022236,7.494314,2.026388,17.609623,-18.379831,-5.569250,1.092603,1.992108,1.316067,1.336791,18.256226,-36.883770,73.202812,4.725504,9.943520,-0.044745,-5.558455,-18.197975,25.214491,64.922943,-12.860332,4.146703,-19.570089
1201.000000,-1150.758789,16.911264,76.627525,-1.774663,-7.536141,-173.808644,-27.576078,9.144116,7.854008,38.013493,-13.754880,0.502548,11.675426,7.284547,3.217268,16.000061,-19.424374,-5.397181,2.547473,2.277574,1.402093,2.888566,17.694086,-36.563648,73.359657,3.572077,9.845108,-0.690767,-7.822026,-18.362904,25.168577,63.101860,-12.671121,3.984111,-19.708126
1202.000000,-1153.038940,16.008429,76.255020,-1.991838,-7.400393,-174.765174,-28.596077,9.406706,6.750152,31.086386,-11.857542,-0.097958,14.077592,7.016625,4.004086,15.122977,-20.712130,-5.138857,3.763210,2.666549,1.409792,4.288990,17.005890,-36.093292,73.933342,2.619778,9.528924,-1.498798,-10.153611,-18.458792,24.995745,61.665207,-12.442848,3.748327,-19.751379
1203.000000,-1155.411255,15.072934,75.812027,-2.175311,-7.367005,-175.610095,-29.029856,9.467810,5.679036,25.736458,-10.582414,-0.864938,16.042810,6.616174,4.385033,15.130764,-21.991133,-4.780752,4.672029,2.915430,1.375756,5.527560,16.473972,-35.612213,74.489258,1.688477,9.236806,-2.244890,-12.089956,-18.487408,24.848658,60.508293,-12.354002,3.606672,-19.909086
1204.000000,-1157.934326,14.089487,75.325043,-2.354606,-7.418575,-176.291154,-29.172012,9.510854,4.725972,20.997707,-9.500024,-1.695029,18.287693,6.007273,4.529958,15.750200,-23.318811,-4.266769,5.607236,3.072258,1.236541,6.962753,16.038605,-35.194756,75.015236,0.652297,8.949946,-3.094820,-14.025502,-18.521904,24.763165,59.208359,-12.327962,3.500572,-20.157360
1205.000000,-1160.577148,13.058222,74.838242,-2.426952,-7.709608,-176.961465,-28.617323,9.365711,3.900562,18.435429,-8.191607,-2.007177,20.073523,5.226578,4.517508,17.598055,-24.207264,-3.542298,6.393839,3.011320,1.213573,8.153692,15.841300,-35.088970,75.370003,-0.426336,8.734482,-3.878126,-15.310250,-18.552637,24.646366,57.977222,-12.056373,3.439732,-20.402559
1206.000000,-1163.265747,12.002972,74.362495,-2.295917,-8.017659,-177.265714,-27.837053,8.567187,2.723393,17.676416,-6.226519,-1.863560,21.411669,4.142303,4.053599,20.542532,-24.631580,-2.507279,6.823553,2.635599,1.064000,9.270463,15.808110,-35.011444,75.463814,-1.321978,8.636128,-4.653536,-15.977303,-18.556572,24.406696,56.906170,-11.500388,3.226026,-20.717754
1207.000000,-1165.881104,10.952808,73.879333,-1.867000,-8.243331,-177.340264,-27.358223,7.603457,2.347720,18.765141,-4.301477,-1.473426,22.005064,2.951314,3.341211,23.713335,-24.654230,-1.497747,6.995141,2.052223,0.794583,10.012193,15.807297,-34.961487,75.468071,-1.666063,8.606733,-5.180581,-16.092627,-18.536049,24.050076,56.262589,-11.101165,3.006316,-21.008266
1208.000000,-1168.649170,9.794825,73.302948,-1.197488,-8.298723,-177.551740,-26.850710,6.330121,3.089993,22.413240,-2.102758,-0.905659,22.073563,0.937850,2.367057,29.117815,-24.047594,-0.011731,7.227253,1.068107,0.252335,10.836934,15.741236,-34.951942,75.454300,-1.889338,8.588987,-5.729420,-15.939527,-18.495834,23.580187,55.704430,-10.781659,2.791818,-21.437141
1209.000000,-1171.331543,8.664580,72.704185,0.135026,-8.472040,-177.917592,-27.131403,4.781876,4.594431,27.556326,1.824659,-0.190839,21.214254,-1.889888,1.541002,36.021824,-22.145996,2.184158,7.494816,-0.628631,0.153937,10.993142,15.750006,-34.957233,75.434250,-2.146317,8.572907,-6.095274,-15.745234,-18.396320,23.328033,55.310898,-10.678256,2.724002,-21.912039
1210.000000,-1173.865479,7.597048,72.168648,1.536644,-8.665018,-178.432486,-27.343454,3.363490,6.415756,33.086334,2.414565,0.489569,19.910427,-4.902487,1.031111,43.136936,-18.193110,2.715912,7.771106,-2.435178,0.419516,10.652854,15.747897,-35.046810,75.424156,-2.462072,8.512947,-6.294537,-15.513531,-18.232338,23.296669,55.004299,-10.470907,2.716077,-22.254772
1211.000000,-1176.192261,6.636248,71.839714,2.744120,-8.749294,-178.977155,-27.326588,2.450884,7.674148,36.770824,0.323720,1.003305,18.399952,-6.935447,0.730997,48.160015,-16.445484,2.922988,7.971622,-3.629191,0.585999,10.024316,15.716941,-35.203201,75.519157,-2.615154,8.445117,-6.342210,-15.240007,-17.996996,23.297308,54.970665,-10.266161,2.695355,-22.459442
1212.000000,-1178.258301,5.783797,71.871880,3.237933,-8.852130,-179.251597,-26.653856,1.539968,8.714485,40.215950,-4.021078,1.640635,15.703132,-8.711171,-0.044723,54.416645,-17.213287,2.895180,8.104540,-4.554166,1.117847,8.445806,15.548018,-35.538525,75.753006,-2.633494,8.397603,-6.239930,-14.818117,-17.590986,23.412725,55.400150,-10.143764,2.655443,-22.649723
1213.000000,-1180.131104,4.997472,72.240601,2.892135,-8.902092,-179.247908,-25.366568,1.158043,8.836314,41.729015,-7.106758,2.151861,12.506283,-9.473894,-1.743759,59.710480,-19.499359,2.690762,8.070320,-4.336383,1.493069,6.500364,15.287103,-35.981361,75.771568,-2.591852,8.383636,-6.025632,-14.039915,-17.347195,23.906126,56.276760,-10.120104,2.629101,-22.706999
1214.000000,-1181.849976,4.285694,72.869263,2.244755,-8.738678,-179.433268,-23.659668,1.269844,8.804007,41.647953,-8.955525,2.535554,9.086070,-9.920585,-3.572823,63.265553,-22.252352,2.374964,8.294506,-3.514397,1.431538,4.588847,15.064343,-36.354443,75.578217,-2.170753,8.280069,-5.771225,-12.902792,-17.259306,24.959318,57.563316,-10.121270,2.577724,-22.708555
1215.000000,-1183.438354,3.664017,73.644730,1.637055,-8.470909,-179.674419,-21.495884,1.460886,8.836606,40.175514,-9.912584,2.823047,5.749443,-10.318825,-5.078689,64.885841,-24.317480,2.243333,8.494952,-2.616728,1.110820,2.846817,15.023149,-36.476864,75.252090,-1.304249,8.055427,-5.530963,-11.690745,-17.084991,26.308220,59.322643,-10.128000,2.531928,-22.583790
1216.000000,-1185.002441,3.100784,74.528603,1.078823,-8.182011,-179.893195,-19.650404,1.524431,8.840822,38.357567,-10.157632,2.977481,3.581860,-10.602940,-6.071024,64.635796,-25.603035,2.362310,8.419129,-2.002334,0.821115,1.675589,15.149884,-36.498188,74.954117,-0.558758,7.898067,-5.376230,-10.824971,-16.864922,27.260710,60.772629,-10.024240,2.510168,-22.424953
1217.000000,-1186.502563,2.613079,75.414185,0.512023,-7.802644,179.956946,-17.010944,1.636943,8.972664,35.342941,-10.080543,3.105681,1.073900,-10.877178,-7.136317,62.695683,-26.794027,2.656358,8.102049,-1.311675,0.418851,0.703451,15.540359,-37.393192,74.789413,1.505339,7.930495,-5.205515,-9.871828,-16.463259,28.530521,62.746239,-9.711166,2.492566,-22.178631
1218.000000,-1187.887329,2.191391,76.239990,-0.258756,-7.335353,-179.561897,-14.693008,1.642024,8.571217,32.101730,-9.648613,3.249749,-0.835293,-10.767111,-8.570128,59.215633,-27.048771,3.037257,7.232424,-0.540608,0.077984,-0.310330,16.051043,-37.319092,74.359589,2.873236,8.165589,-5.152349,-8.932952,-16.305616,29.689749,64.443710,-9.390524,2.469021,-22.021097
1219.000000,-1189.158691,1.843795,76.996819,-0.829305,-6.785858,-178.782186,-12.630280,1.513098,8.228566,28.673939,-8.745473,3.438874,-2.309776,-10.498431,-9.953295,54.487617,-26.422585,3.354895,6.250768,0.013493,-0.032412,-1.672559,16.744394,-37.104633,73.472504,4.296079,8.528489,-5.096346,-8.038013,-16.339251,30.667274,65.999306,-9.099196,2.456574,-21.968266
1220.000000,-1190.281006,1.565247,77.636108,-1.023171,-6.408103,-177.990802,-10.516312,1.070491,8.244452,25.110769,-7.318126,3.674766,-3.290648,-10.483232,-11.017645,49.031353,-24.642063,3.534515,5.436945,0.126294,0.244149,-3.217773,17.499424,-36.880764,72.236954,5.714131,8.804842,-4.839230,-7.261303,-16.509502,31.522758,67.563507,-8.976801,2.444071,-21.940430
1221.000000,-1191.371948,1.314224,78.179962,-1.084264,-6.063286,-177.062234,-8.504718,0.445044,8.198849,21.737677,-5.744976,3.925469,-3.937971,-10.509491,-11.927363,43.408894,-22.273701,3.600216,4.656789,0.081846,0.587556,-4.749907,18.099047,-36.619305,70.886032,7.042321,8.920307,-4.319181,-6.467907,-16.820278,32.326305,69.156509,-8.972959,2.443197,-21.935665
1222.000000,-1192.406738,1.087503,78.601318,-1.152039,-5.762823,-176.103013,-7.116335,0.029142,8.226276,19.494776,-4.714871,4.095367,-4.209196,-10.391694,-12.468730,39.222900,-20.185673,3.604296,4.016643,0.090447,0.780290,-5.831448,18.334679,-36.473148,69.989639,7.787570,8.936555,-3.782837,-5.778809,-17.127653,32.894928,70.237953,-9.056126,2.463237,-21.935883
1223.000000,-1193.477173,0.865636,78.931747,-1.209065,-5.530822,-175.006425,-5.480886,-0.447877,8.355756,17.078024,-3.657704,4.307806,-4.277592,-10.252539,-13.306518,33.845955,-17.173983,3.596986,3.166226,0.169101,0.895768,-7.104906,18.367014,-36.400440,68.899994,8.228017,8.933977,-2.994658,-4.643066,-17.572468,33.584957,71.474968,-9.207623,2.558164,-21.939194
1224.000000,-1194.580322,0.665405,79.169434,-1.187155,-5.360261,-173.927297,-4.053928,-0.919567,8.497733,15.304275,-2.972425,4.487630,-4.054328,-10.199445,-14.209396,29.006500,-14.058726,3.585943,2.362459,0.235390,0.850303,-8.029037,18.216303,-36.391216,67.660324,8.215532,8.848831,-2.209386,-3.239439,-17.914557,34.054047,72.412811,-9.209683,2.792407,-21.939974
1225.000000,-1195.676880,0.508097,79.320511,-1.115849,-5.394856,-173.023819,-2.585829,-1.313210,8.714011,14.011653,-2.723855,4.600849,-3.478302,-10.022026,-14.720915,24.636936,-10.957185,3.571768,1.820821,0.292150,0.835508,-8.635748,17.942556,-36.390747,66.335976,7.853927,8.497165,-1.428340,-1.712251,-18.078629,34.555664,73.116753,-8.962662,3.138474,-21.879271
1226.000000,-1196.781250,0.395197,79.400406,-0.937517,-5.475176,-172.419408,-1.162049,-1.636775,9.191933,13.048042,-2.801004,4.647420,-2.838595,-9.822350,-14.864644,21.092779,-8.299501,3.559208,1.611378,0.284142,0.748250,-8.961454,17.535852,-36.395630,65.222931,7.286841,7.898593,-0.689966,-0.218928,-18.033012,35.164825,73.682228,-8.566130,3.519922,-21.584242
1227.000000,-1197.789429,0.337886,79.420395,-0.718082,-5.532792,-172.124563,0.090055,-1.869312,9.841285,12.417102,-3.140375,4.642967,-2.295887,-9.638864,-14.889578,18.369814,-5.905223,3.550397,1.632737,0.251613,0.608841,-9.077675,17.001486,-36.429581,64.491280,6.713851,7.183568,0.024775,1.063935,-17.808945,35.802109,74.021347,-8.236729,3.950576,-21.001774
1228.000000,-1198.769531,0.341040,79.395409,-0.471215,-5.575499,-172.047127,0.915120,-1.977208,10.352410,12.149714,-3.551812,4.580016,-1.926595,-9.466726,-14.882275,16.701155,-3.848718,3.545343,1.719112,0.224987,0.542360,-9.085020,16.579983,-36.540859,64.174522,6.318243,6.647220,0.524146,1.791054,-17.525724,36.245102,74.161423,-8.062834,4.232409,-20.431152
1229.000000,-1199.688110,0.405554,79.333290,-0.200295,-5.596804,-172.118421,1.870134,-2.080048,10.977350,11.955298,-4.232039,4.390501,-1.479553,-9.199669,-14.816293,14.897577,-0.751364,3.540773,1.871202,0.161977,0.532317,-9.018951,16.100468,-36.826233,63.968311,5.875883,5.990139,1.110326,2.384396,-17.036636,36.774067,74.319572,-7.973546,4.447564,-19.606487
1230.000000,-1200.584595,0.451918,79.313316,-0.257432,-5.424967,-172.228059,2.660492,-1.909749,11.322408,11.802543,-5.036238,4.111331,-0.695342,-8.911856,-15.019978,14.192552,-1.172359,3.652109,1.894300,0.488918,0.417267,-8.692152,15.559175,-37.208862,63.938393,5.425086,5.418474,1.684444,2.665956,-16.586622,37.173489,74.550125,-7.959700,4.501432,-18.751625
1231.000000,-1201.376587,0.508339,79.341217,-0.341077,-5.005088,-172.561285,3.087504,-1.568968,11.605746,11.524898,-5.595154,3.791172,0.012140,-8.403145,-14.912990,13.110129,-1.808681,3.838203,1.953012,1.064701,0.035900,-8.127111,15.047801,-37.673531,63.938461,4.815578,4.972326,2.189557,2.689910,-16.214096,37.452911,74.772118,-7.954001,4.509498,-17.942095
1232.000000,-1202.087158,0.605951,79.404953,-0.316632,-4.675304,-173.056312,3.557848,-1.350446,11.847263,11.092619,-5.693709,3.429874,0.525572,-8.018348,-14.668237,12.235617,-2.107582,3.900659,2.038459,1.514101,0.035246,-7.632716,14.688664,-38.008148,63.942314,4.086630,4.591759,2.553752,2.364598,-15.879573,37.552769,74.898979,-8.028035,4.511460,-17.180958
1233.000000,-1202.720825,0.746981,79.493881,-0.256331,-4.358214,-173.497632,3.967193,-1.193246,11.853763,10.642838,-5.504655,3.057623,0.868267,-7.717927,-14.487628,11.596756,-2.146153,3.897973,2.050988,1.853728,0.244661,-7.206089,14.463977,-38.102764,63.977177,3.425653,4.247315,2.769065,1.861243,-15.582879,37.565006,75.002831,-8.251131,4.516357,-16.522282
1234.000000,-1203.299561,0.926588,79.593628,-0.214506,-4.012224,-173.693055,4.221599,-1.055618,11.530272,10.265434,-5.200475,2.703805,1.102449,-7.473396,-14.533859,11.137497,-2.053555,3.842817,1.843180,2.086089,0.479212,-6.868414,14.376681,-38.149212,64.121010,2.765384,3.942919,2.910324,1.332904,-15.337918,37.584572,75.035217,-8.461258,4.563977,-15.951995
1235.000000,-1203.828613,1.125748,79.690796,-0.217579,-3.645858,-173.656331,4.320242,-0.930424,11.129691,10.014215,-4.965449,2.438519,1.216155,-7.300359,-14.747936,10.906147,-1.939306,3.756072,1.516111,2.217441,0.601530,-6.667777,14.366664,-38.199276,64.337906,2.243032,3.761602,2.962934,0.955516,-15.184350,37.613243,75.034302,-8.528638,4.634800,-15.564402
1236.000000,-1204.360229,1.348827,79.786720,-0.259311,-3.269121,-173.531623,4.397949,-0.711860,10.597959,9.732745,-4.701391,2.090645,1.289844,-7.066256,-15.128665,10.781651,-1.788831,3.606116,1.037880,2.345310,0.691362,-6.482973,14.367813,-38.267506,64.721130,1.623107,3.617162,2.976502,0.560023,-15.030363,37.687500,75.006805,-8.556389,4.789787,-15.105681
1237.000000,-1204.869995,1.573089,79.875725,-0.310256,-2.958206,-173.539561,4.529186,-0.428300,10.316121,9.461350,-4.471033,1.743528,1.266336,-6.807897,-15.363379,10.877368,-1.661217,3.442697,0.706883,2.434521,0.757555,-6.368795,14.374106,-38.429203,65.115753,1.051966,3.547118,2.982213,0.287994,-14.963813,37.855957,74.912964,-8.570834,5.009874,-14.665647
1238.000000,-1205.364136,1.792884,79.960693,-0.356392,-2.712527,-173.654540,4.747719,-0.103380,10.350588,9.213468,-4.241407,1.403427,1.190396,-6.544279,-15.430945,11.138130,-1.549155,3.274341,0.541446,2.479501,0.824629,-6.277300,14.385684,-38.688290,65.487343,0.315968,3.471103,2.986440,0.124737,-14.969525,38.131191,74.756271,-8.573489,5.278062,-14.245857
1239.000000,-1205.842651,2.002602,80.041870,-0.404352,-2.497788,-173.785933,4.943610,0.224994,10.434387,9.086471,-4.029408,1.069880,1.115731,-6.293396,-15.449938,11.440000,-1.434004,3.110888,0.391451,2.483890,0.845291,-6.117722,14.397485,-38.919971,65.784615,-0.525830,3.335648,2.988749,0.082264,-15.017776,38.466824,74.504585,-8.575780,5.585986,-13.847292
1240.000000,-1206.286255,2.194632,80.117020,-0.447726,-2.276589,-173.936094,5.031447,0.558959,10.535551,9.140975,-3.862930,0.741079,0.973183,-6.068803,-15.472035,11.821411,-1.312373,2.949950,0.217539,2.469764,0.837887,-5.886318,14.400748,-39.070435,65.985023,-1.358230,3.139578,2.984838,0.080038,-15.110991,38.760681,74.082268,-8.582463,5.977309,-13.383718
1241.000000,-1206.692383,2.371229,80.186836,-0.473855,-2.079542,-174.042956,4.996363,0.857270,10.573542,9.408645,-3.733913,0.442551,0.829238,-5.899989,-15.525024,12.205868,-1.199939,2.804532,-0.009329,2.422899,0.871089,-5.636273,14.400803,-39.146122,66.057930,-2.009458,2.922971,2.960874,0.069391,-15.231550,38.929424,73.495338,-8.591511,6.356004,-12.932115
1242.000000,-1207.067383,2.533442,80.253433,-0.468814,-1.914154,-174.160292,4.898816,1.055474,10.581306,9.764167,-3.649704,0.223399,0.722480,-5.809719,-15.525001,12.506326,-1.129123,2.705428,-0.162079,2.353804,0.930839,-5.466339,14.397059,-39.171986,66.067886,-2.400121,2.739452,2.918885,0.036294,-15.311520,39.035801,73.023300,-8.626288,6.596278,-12.627117
1243.000000,-1207.411621,2.673376,80.319061,-0.441905,-1.777819,-174.303962,4.710654,1.290241,10.618833,10.389099,-3.533461,-0.056948,0.588481,-5.723192,-15.434130,12.895441,-1.023233,2.591086,-0.300972,2.232887,1.030355,-5.262965,14.377324,-39.180042,66.072281,-2.856679,2.484883,2.847073,-0.062335,-15.349422,39.147770,72.491150,-8.732580,6.840747,-12.286074
1244.000000,-1207.731445,2.785037,80.384155,-0.396295,-1.627588,-174.425713,4.397174,1.488214,10.657502,11.214308,-3.434227,-0.316341,0.431096,-5.683143,-15.248337,13.281567,-0.901486,2.508323,-0.407084,2.099643,1.107261,-5.079920,14.331781,-39.185188,66.074883,-3.280053,2.247336,2.773340,-0.197786,-15.348760,39.270653,72.060638,-8.841488,6.986906,-11.993413
1245.000000,-1208.027466,2.852840,80.431381,-0.354521,-1.399871,-174.429693,4.035149,1.673266,10.741381,11.872702,-3.633250,-0.772494,0.171685,-5.681820,-14.929212,13.710993,-0.799928,2.464618,-0.506449,1.998974,1.098653,-5.047431,14.401530,-39.186893,66.075325,-3.670873,1.996443,2.740778,-0.326644,-15.334923,39.437111,71.732605,-8.883247,7.063596,-11.749096
1246.000000,-1208.315796,2.867748,80.458549,-0.327248,-1.013545,-174.271396,4.101023,1.963817,11.056581,10.479171,-5.594332,-0.921412,-0.229456,-5.732084,-14.544918,14.171814,-0.772495,2.463159,-0.597734,1.911030,0.925252,-5.048223,14.467779,-39.188721,66.082680,-4.118845,1.740691,2.743150,-0.401158,-15.288054,39.687618,71.540619,-8.899928,7.126503,-11.510510
1247.000000,-1208.524048,2.831829,80.463875,-0.401891,-0.587258,-173.653565,3.942760,2.592167,10.877135,7.617254,-6.263126,-0.958908,-0.694095,-5.811042,-14.514858,14.692897,-0.750786,2.539522,-0.891528,1.908353,0.826202,-5.225594,14.466196,-39.228565,66.075378,-4.538116,1.431647,2.736493,-0.508386,-15.231709,39.910343,71.431641,-8.901205,7.183584,-11.233559
1248.000000,-1208.634521,2.740124,80.444473,-0.485163,-0.284586,-172.942544,3.320495,3.393846,10.352921,5.634987,-4.933611,-0.962838,-1.194665,-5.992496,-14.608484,15.519162,-0.850538,2.727079,-1.122262,1.916307,1.074910,-5.606968,14.454382,-39.352997,65.973404,-4.784704,1.146515,2.730307,-0.759887,-15.179581,39.980228,71.394737,-8.890844,7.229064,-10.925245
